"pcp-dstat 6.2.0 CSV Output"
"Author:","PCP team <pcp@groups.io> and Dag Wieers <dag@wieers.com>",,,,"URL:","https://pcp.io/ and http://dag.wieers.com/home-made/dstat/"
"Host:","np0000056305",,,,"User:","ubuntu"
"Cmdline:","dstat -tcmndrylpg --tcp --output /tmp/devstack_logs/dstat-csv.log",,,,"Date:","17 Feb 2026 18:05:06 UTC"
"system","total usage",,,,,"memory usage",,,,"net/total",,"dsk/total",,"io/total",,"system",,"load avg",,,"procs",,,"paging",,"tcp sockets",,,,
"time","total usage:usr","total usage:sys","total usage:idl","total usage:wai","total usage:stl","used","free","buf","cach","net/total:recv","net/total:send","dsk/total:read","dsk/total:writ","read","writ","int","csw","1m","5m","15m","run","blk","new","in","out","lis","act","syn","tim","clo"
17-02 18:05:06,,1050420,1453084,164368,5149676,,,,,,,1.590,1.190,0.770,2,0,,,,10,4,0,17,2
17-02 18:05:07,23.928,19.940,53.589,0.499,0,1056412,1446556,164464,5150080,22285.078,8723.803,0,1016.946,0,29.910,5147,3110,1.590,1.190,0.770,2,0,227.317,0,0,10,4,0,17,2
17-02 18:05:08,28.248,22.498,47.496,0.500,0,1046804,1434772,164556,5170092,170021.193,5245.543,0,1287.888,0,41.996,5137,2930,1.590,1.190,0.770,2,0,210.982,0,0,10,4,0,17,2
17-02 18:05:09,30.783,23.025,44.798,0.751,0,1052524,1408776,165580,5186272,4747.081,1459.562,0,3227.454,0,139.149,5043,2914,1.630,1.210,0.780,2,0,196.210,0,0,10,4,0,11,2
17-02 18:05:10,33.094,19.906,44.789,0.249,0,1061080,1386384,165908,5198412,10209.819,1451.152,0,736.524,0,22.892,4917,2697,1.630,1.210,0.780,3,0,175.173,0,0,10,4,0,11,2
17-02 18:05:11,39.359,18.050,40.863,1.253,0,1047300,1375468,166664,5219876,6729.658,1624.504,0,2342.495,0,105.292,5006,4344,1.630,1.210,0.780,4,0,150.417,0,0,10,4,0,11,2
17-02 18:05:12,44.625,21.059,33.845,0.501,0,1065500,1345180,167288,5232252,8554.911,1462.087,0,1833.124,0,68.191,5621,9983,1.630,1.210,0.780,6,0,175.490,0,0,10,4,0,11,2
17-02 18:05:13,36.216,12.488,48.953,0.999,0,1169036,1213112,168276,5379224,7513.855,1456.615,0,2273.838,0,77.926,5246,10669,1.630,1.210,0.780,1,0,75.928,0,0,11,4,0,11,2
17-02 18:05:14,32.245,10.748,55.492,0.500,0,1193268,1202784,168580,5364776,10674.432,4180.386,15.998,1119.836,1.000,37.994,3609,2283,1.580,1.200,0.780,4,0,85.987,0,0,11,4,0,11,0
17-02 18:05:15,39.463,11.240,48.205,0,0,1198984,1197020,168600,5364800,9225.432,1456.647,0,59.944,0,9.991,3623,1980,1.580,1.200,0.780,4,0,77.928,0,0,11,4,0,11,0
17-02 18:05:16,32.537,15.017,50.558,0.501,0,1202732,1189032,168648,5368800,12241.073,3568.102,0,684.787,0,18.021,4431,2888,1.580,1.200,0.780,3,0,157.181,0,0,11,5,0,13,0
17-02 18:05:17,43.497,6.250,48.496,2.000,0,1230280,1158188,168768,5371244,5485.603,2058.851,343.975,1463.894,14.999,25.998,3111,1800,1.580,1.200,0.780,3,0,18.999,0,0,11,5,0,13,0
17-02 18:05:18,41.245,4.499,52.493,0.250,0,1259260,1121156,169312,5377312,15503.027,4137.473,247.968,2867.635,7.999,19.997,4426,4795,1.580,1.200,0.780,4,0,5.999,0,0,11,4,0,13,0
17-02 18:05:19,34.475,10.742,42.470,8.744,0,1266476,1108540,169932,5381668,7544.613,1456.960,15.989,29850.687,0.999,1083.227,15364,27701,1.690,1.230,0.790,3,1,18.986,0,0,11,6,0,13,0
17-02 18:05:20,34.487,11.496,38.735,11.995,0,1267724,1102872,170588,5385284,9227.413,1457.433,0,24166.606,0,2206.142,20898,37481,1.690,1.230,0.790,5,0,54.979,0,0,11,6,0,13,0
17-02 18:05:21,33.074,10.196,39.290,13.180,0,1277200,1103328,170968,5376328,7491.026,1450.261,0,33119.266,0,2417.102,10995,19467,1.690,1.230,0.790,6,1,28.846,0,0,11,6,0,13,0
17-02 18:05:22,41.159,10.792,41.410,5.019,0,1221224,1158916,171180,5376560,9036.839,1710.595,0,19382.725,0,1288.969,7132,9835,1.690,1.230,0.790,2,0,77.298,0,0,11,4,0,13,0
17-02 18:05:23,31.820,9.771,56.875,0.251,0,1224164,1155968,171180,5376568,6917.201,1461.211,0,645.418,0,38.084,3369,2035,1.690,1.230,0.790,1,0,82.181,0,0,11,4,0,13,0
17-02 18:05:24,24.002,3.250,71.755,0.250,0,1269392,1110736,171184,5376568,5097.387,1458.111,0,20765.575,0,502.038,2063,1509,1.630,1.230,0.790,1,0,0,0,0,11,4,0,13,0
17-02 18:05:25,23.250,4.250,71.251,1.500,0,1246576,1133724,171228,5376576,4913.056,1458.017,0,6716.077,0,318.004,2602,2787,1.630,1.230,0.790,2,0,10.000,0,0,11,4,0,11,0
17-02 18:05:26,22.497,3.000,73.490,0,0,1293844,1086452,171228,5376580,9848.662,1457.802,0,95.987,0,9.999,1865,1356,1.630,1.230,0.790,1,0,0,0,0,11,4,0,11,0
17-02 18:05:27,20.011,6.503,72.539,0,0,1249676,1130600,171228,5376600,6939.718,1458.781,0,0,0,0,2540,1623,1.630,1.230,0.790,2,0,69.037,0,0,11,4,0,11,0
17-02 18:05:28,8.748,19.246,69.735,0,0,1201076,1179180,171228,5376620,10171.844,1457.691,0,0,0,0,4511,2791,1.630,1.230,0.790,3,0,198.958,0,0,11,4,0,11,0
17-02 18:05:29,10.497,20.993,66.729,0,0,1188148,1192064,171228,5376664,8965.162,1457.539,0,20149.622,0,102.967,4640,2912,1.500,1.210,0.790,1,0,170.946,0,0,11,4,0,11,0
17-02 18:05:30,9.005,20.762,67.538,0,0,1166288,1213780,171228,5376808,9353.206,1458.812,0,16.009,0,4.002,4755,2857,1.500,1.210,0.790,1,0,188.105,0,0,11,4,0,11,0
17-02 18:05:31,16.494,18.993,62.978,0,0,1159612,1220428,171228,5377252,41813.267,1619.429,0,751.735,0,16.994,5351,5563,1.500,1.210,0.790,1,0,154.945,0,0,11,4,0,11,0
17-02 18:05:32,23.004,13.002,63.012,0.250,0,1131544,1248492,171228,5376816,40503.537,1458.271,0,372.069,0,23.004,4801,5329,1.500,1.210,0.790,1,0,72.013,0,0,11,4,0,11,0
17-02 18:05:33,39.479,13.993,42.977,2.499,0,1168684,1203608,171236,5385004,11313.950,1457.221,7699.882,2358.739,77.958,17.990,3856,2274,1.500,1.210,0.790,2,0,122.934,0,0,11,5,0,11,0
17-02 18:05:34,46.530,4.003,48.781,0,0,1231680,1140608,171260,5384984,10204.545,1458.936,20.013,3946.531,4.003,9.006,2612,1194,1.540,1.220,0.790,2,0,0,0,0,11,5,0,11,0
17-02 18:05:35,45.747,4.750,48.746,0.250,0,1258772,1112428,171292,5386036,5219.605,1457.890,491.963,183.986,4.000,2.000,2550,1251,1.540,1.220,0.790,3,0,0,0,0,11,5,0,11,0
17-02 18:05:36,38.733,15.743,44.730,0,0,1289396,1079480,171408,5388188,9280.878,1619.281,0,871.613,0,104.953,4392,3665,1.540,1.220,0.790,6,0,112.950,0,0,11,4,0,12,0
17-02 18:05:37,20.269,5.755,73.318,0,0,1315992,1052544,171424,5388492,10070.339,1459.353,0,0,0,0,2356,2074,1.540,1.220,0.790,2,0,27.025,0,0,11,4,0,12,0
17-02 18:05:38,21.961,3.494,73.619,0,0,1347276,1021256,171428,5388496,10464.339,1455.405,0,926.348,0,1.996,1759,1258,1.540,1.220,0.790,1,0,0,0,0,11,4,0,12,0
17-02 18:05:39,24.002,2.000,73.756,0,0,1361964,1006388,171428,5388676,7312.551,1458.110,0,0,0,0,1667,1037,1.500,1.220,0.790,2,0,1.000,0,0,11,4,0,12,0
17-02 18:05:40,22.763,4.252,69.289,2.001,0.250,1373700,994544,171472,5388736,7307.136,1458.826,0,24798.037,0,358.203,4111,5534,1.500,1.220,0.790,2,0,1.001,0,0,11,10,0,12,0
17-02 18:05:41,19.272,7.759,71.582,0.501,0,1293024,1075184,171500,5388744,8293.465,1459.666,0,2594.962,0,156.178,2722,2426,1.500,1.220,0.790,1,0,42.048,0,0,11,4,0,14,0
17-02 18:05:42,22.494,1.999,73.480,1.500,0,1331876,1035620,171648,5389260,6494.192,1457.594,487.864,163.954,23.993,9.997,1661,1073,1.500,1.220,0.790,1,0,0,0,0,11,4,0,14,0
17-02 18:05:43,17.745,2.249,77.476,1.250,0,1344996,1022264,171680,5389336,10530.770,5607.280,79.975,2875.118,18.994,19.994,2264,2331,1.500,1.220,0.790,1,1,1.000,0,0,11,17,0,14,0
17-02 18:05:44,18.248,1.500,75.241,4.499,0,1352500,1014480,171688,5389524,12995.508,5576.360,191.978,979.887,47.994,15.998,1920,1493,1.460,1.210,0.800,1,0,2.000,0,0,11,28,0,15,0
17-02 18:05:45,18.500,11.250,69.002,0,0.250,1341372,1025584,171688,5389528,9615.217,1524.034,0,69453.565,0,307.007,2959,2116,1.460,1.210,0.800,1,0,43.001,0,0,11,28,0,15,0
17-02 18:05:46,18.750,2.250,77.998,0.250,0,1365512,1001432,171688,5389536,13541.699,5674.874,0,1311.971,0,5.000,1738,1206,1.460,1.210,0.800,1,0,0,0,0,11,29,0,15,0
17-02 18:05:47,17.502,13.002,68.010,0,0,1357424,1009500,171688,5389556,10374.480,4491.641,0,16.002,0,4.001,3621,2596,1.460,1.210,0.800,2,0,134.019,0,0,11,28,0,16,0
17-02 18:05:48,40.313,10.767,48.326,0,0,1434088,932836,171692,5389552,5327.368,1460.294,0,84.132,0,4.006,3055,1844,1.460,1.210,0.800,2,0,22.035,0,0,11,28,0,16,0
17-02 18:05:49,37.183,3.993,57.396,0.499,0,1463192,903692,171720,5389564,15069.687,8273.006,0,2695.115,0,140.745,3055,2454,1.500,1.230,0.800,1,0,0.998,0,0,11,30,0,16,0
17-02 18:05:50,39.301,5.757,52.819,0.501,0,1468272,898428,171740,5389728,19867.804,9429.246,0,3965.150,0,138.179,5817,6547,1.500,1.230,0.800,3,0,0,0,0,11,30,0,15,0
17-02 18:05:51,36.472,13.740,48.213,0,0,1357916,1008720,171740,5389792,17074.018,5459.849,0,503.617,0,14.989,4863,4052,1.500,1.230,0.800,3,0,96.926,0,0,11,28,0,16,0
17-02 18:05:52,58.831,34.047,7.010,0,0,1459776,906820,171744,5389828,8974.343,3818.251,0,236.325,0,21.029,5478,4262,1.500,1.230,0.800,7,0,481.662,0,0,11,29,0,16,0
17-02 18:05:53,87.598,12.514,0,0,0,1690856,675736,171744,5389832,15320.162,8306.305,0,200.224,0,10.011,5790,4232,1.500,1.230,0.800,5,0,0,0,0,11,30,0,16,0
17-02 18:05:54,79.496,10.499,9.749,0.250,0,1761748,604576,171760,5390076,38425.990,31021.377,0,315.983,0,28.998,7739,10281,1.620,1.260,0.810,5,0,49.997,0,0,11,32,0,14,0
17-02 18:05:55,50.121,12.967,35.160,0.249,0,1586024,780264,171760,5390112,12801.119,8045.335,0,5785.140,0,420.919,6173,7065,1.620,1.260,0.810,1,0,259.334,0,0,11,28,0,18,0
17-02 18:05:56,19.493,1.999,78.222,0.250,0,1561980,804372,171760,5390120,8819.896,5437.086,0,1871.341,0,88.969,2048,1721,1.620,1.260,0.810,1,0,0,0,0,11,29,0,18,0
17-02 18:05:57,19.255,3.001,76.518,0,0,1489584,876752,171764,5390132,11773.788,4500.065,0,280.066,0,24.006,2927,3000,1.620,1.260,0.810,1,0,16.004,0,0,11,28,0,19,0
17-02 18:05:58,17.503,9.001,72.510,0,0,1488496,877836,171768,5390132,6675.960,1458.210,0,192.028,0,10.001,2390,1686,1.620,1.260,0.810,1,0,52.007,0,0,11,28,0,19,0
17-02 18:05:59,18.496,2.000,77.983,0,0,1494288,871900,171776,5390268,12181.405,5437.842,0,147.968,0,10.998,1970,1656,1.490,1.240,0.810,1,0,1.000,0,0,11,29,0,19,0
17-02 18:06:00,18.247,3.499,76.239,0.750,0,1454940,911216,171792,5390284,11105.361,4516.333,0,723.893,0,59.991,2982,3049,1.490,1.240,0.810,1,0,11.998,0,0,11,28,0,20,0
17-02 18:06:01,8.502,22.506,66.516,0,0,1436324,929820,171800,5390288,44253.892,1458.359,0,176.043,0,9.002,5083,3019,1.490,1.240,0.810,1,0,264.065,0,0,11,28,0,20,0
17-02 18:06:02,8.748,23.995,65.488,0,0,1401688,964436,171808,5390300,42191.068,1619.695,0,191.964,0,11.998,5131,3019,1.490,1.240,0.810,3,0,275.948,0,0,11,28,0,17,0
17-02 18:06:03,41.091,38.586,19.543,0.251,0,1398496,967612,171808,5390316,5202.531,1461.239,0,741.644,0,50.111,5516,4222,1.490,1.240,0.810,5,0,454.006,0,0,11,28,0,17,0
17-02 18:06:04,84.884,14.730,0.250,0,0,1595520,770568,171812,5390332,10646.502,3807.815,0,143.804,0,9.986,5041,2636,1.770,1.300,0.830,5,0,32.955,0,0,11,29,0,17,0
17-02 18:06:05,76.663,8.518,14.280,0,0,1676060,689952,171812,5390408,43093.531,31849.649,0,100.213,0,13.028,7557,9612,1.770,1.300,0.830,5,0,0,0,0,11,32,0,17,0
17-02 18:06:06,73.992,15.998,8.499,0,0,1519144,846624,171824,5390624,22979.430,18369.945,0,427.952,0,55.994,8104,11069,1.770,1.300,0.830,7,0,266.970,0,0,11,28,0,18,0
17-02 18:06:07,84.999,15.250,0,0,0,1641304,724360,171828,5390692,13098.790,5614.910,0,219.996,0,10.000,5316,3377,1.770,1.300,0.830,5,0,48.999,0,0,11,29,1,18,0
17-02 18:06:08,83.625,9.985,6.490,0,0,1734380,631100,171828,5390876,41426.209,33224.443,0,183.726,0,9.985,7683,9078,1.770,1.300,0.830,5,0,34.948,0,0,11,33,0,19,0
17-02 18:06:09,69.858,11.017,18.028,0,0,1575864,789520,171832,5390968,41231.486,28386.708,0,472.728,0,39.060,9370,14276,1.710,1.290,0.830,4,0,197.304,0,0,11,28,0,23,0
17-02 18:06:10,42.363,9.469,47.347,0,0,1552064,813304,171832,5390984,8457.704,1856.010,0,267.138,0,14.952,3043,1803,1.710,1.290,0.830,2,0,66.784,0,0,11,28,1,23,0
17-02 18:06:11,33.506,3.501,62.262,0.500,0,1552420,812928,171832,5391004,15039.833,11419.151,0,732.138,0,53.010,3553,3050,1.710,1.290,0.830,3,0,0,0,0,11,30,0,23,0
17-02 18:06:12,35.583,19.295,42.850,0.501,0,1508024,857256,171848,5391056,14023.583,9922.053,0,1230.860,0,86.200,6470,6637,1.710,1.290,0.830,3,0,201.468,0,0,11,28,0,25,0
17-02 18:06:13,63.123,21.956,14.221,0,0,1476000,889256,171856,5391036,8858.247,1455.084,0,199.600,0,10.978,5132,11168,1.710,1.290,0.830,3,0,214.570,0,0,11,28,0,26,0
17-02 18:06:14,54.835,5.759,39.311,0,0,1547208,817964,171856,5391120,17599.336,12342.171,0,188.292,0,9.014,3887,2439,1.890,1.340,0.850,3,0,0,0,0,11,31,0,25,0
17-02 18:06:15,54.975,5.224,37.064,0,0,1546892,817964,171864,5391428,25907.257,17634.686,0,700.492,0,53.731,7269,8653,1.890,1.340,0.850,3,0,0,0,0,11,30,0,25,0
17-02 18:06:16,59.360,23.140,17.355,0,0,1455800,909000,171880,5391468,6999.451,3061.568,0,442.685,0,32.195,5558,4194,1.890,1.340,0.850,4,0,259.574,0,0,11,28,0,26,0
17-02 18:06:17,78.260,11.502,10.001,0,0,1561300,803492,171880,5391476,17680.332,9343.232,0,232.031,0,12.002,4870,2734,1.890,1.340,0.850,4,0,0,0,0,11,30,0,26,0
17-02 18:06:18,71.223,6.747,21.242,0,0,1577236,787496,171880,5391536,32736.549,24908.526,0,159.939,0,10.996,6405,8091,1.890,1.340,0.850,5,0,45.983,0,0,11,30,0,26,0
17-02 18:06:19,38.883,7.228,52.592,0.249,0,1544776,819780,171896,5391696,14940.223,10844.498,0,426.721,0,32.901,5832,6657,1.900,1.350,0.860,2,0,63.809,0,0,11,28,0,27,0
17-02 18:06:20,42.338,28.309,28.810,0.251,0,1498716,865820,171904,5391708,9233.220,1515.154,0,156.325,0,11.023,4852,2888,1.900,1.350,0.860,3,0,215.448,0,0,11,28,0,27,0
17-02 18:06:21,61.885,6.987,30.443,0,0,1559796,804732,171904,5391716,14856.352,7437.159,0,183.658,0,9.981,4022,1953,1.900,1.350,0.860,2,0,0,0,0,11,30,0,27,0
17-02 18:06:22,54.256,6.501,38.504,0.250,0,1567812,796680,171904,5391752,21721.488,15968.829,0,760.087,0,51.006,5823,6161,1.900,1.350,0.860,2,0,0,0,0,11,31,0,27,0
17-02 18:06:23,47.813,14.769,36.298,0,0,1433108,931332,171916,5391792,19153.083,10381.596,0,905.185,0,34.045,6660,6677,1.900,1.350,0.860,3,0,185.243,0,0,11,28,0,29,0
17-02 18:06:24,56.343,18.781,24.040,0.250,0,1496876,867556,171916,5391800,6685.038,1568.590,0,192.318,0,10.017,4105,2279,1.990,1.380,0.870,5,0,114.189,0,0,11,28,0,29,0
17-02 18:06:25,55.084,5.982,38.384,0,0,1546932,817488,171920,5391808,21256.992,13097.561,0,115.652,0,5.982,4039,2665,1.990,1.380,0.870,4,0,0,0,0,11,31,0,29,0
17-02 18:06:26,50.954,5.745,41.213,0.250,0,1546604,817488,171944,5392148,24117.318,15799.796,0,815.267,0,77.930,7369,8512,1.990,1.380,0.870,4,0,0,0,0,11,30,0,30,0
17-02 18:06:27,54.044,25.521,19.766,0,0,1484216,879868,171948,5392152,7227.843,3518.845,0,2730.207,0,100.081,5042,3588,1.990,1.380,0.870,3,0,287.232,0,0,11,28,0,32,0
17-02 18:06:28,56.771,6.002,36.763,0,0,1565700,798352,171952,5392180,16771.148,9701.556,0,192.070,0,9.003,3590,1786,1.990,1.380,0.870,3,0,0,0,0,11,31,0,32,0
17-02 18:06:29,52.452,5.495,40.713,0,0,1558376,805348,171952,5392508,25644.484,17048.366,0,115.894,0,8.992,6113,7218,1.990,1.390,0.880,3,0,0.999,0,0,11,31,0,32,0
17-02 18:06:30,55.456,18.067,26.097,0,0,1438136,925544,171964,5392540,7280.052,3684.692,0,337.253,0,34.127,4933,3843,1.990,1.390,0.880,3,0,112.418,0,0,11,28,0,34,0
17-02 18:06:31,58.570,6.978,33.397,0,0,1513612,850052,171964,5392556,49824.485,7704.262,0,159.509,0,8.972,3831,2005,1.990,1.390,0.880,3,0,0,0,0,11,30,0,34,0
17-02 18:06:32,52.527,5.726,40.578,0.498,0,1526404,837212,171968,5392596,58616.029,16696.084,0,262.883,0,22.903,6505,6904,1.990,1.390,0.880,5,0,0,0,0,11,30,0,35,0
17-02 18:06:33,52.221,29.123,17.072,0,0,1450900,912640,171984,5392624,14028.326,5824.632,0,393.665,0,33.140,6408,5815,1.990,1.390,0.880,7,0,408.729,0,0,11,28,0,36,0
17-02 18:06:34,76.728,23.570,0,0,0,1576472,786964,172036,5392676,8787.156,1462.353,0,2467.344,0,154.460,5883,5217,2.470,1.500,0.910,9,0,340.012,0,0,11,28,0,36,0
17-02 18:06:35,83.759,15.502,0.500,0,0,1734672,628764,172036,5392676,20884.122,17538.782,0,40.004,0,2.000,5916,5028,2.470,1.500,0.910,7,0,387.039,0,0,11,33,0,36,0
17-02 18:06:36,78.995,15.749,4.750,0,0,1742756,620336,172076,5392976,51892.468,42434.112,0,679.954,0,53.996,8863,11168,2.470,1.500,0.910,9,0,414.972,0,0,11,29,0,37,0
17-02 18:06:37,76.998,22.249,0.500,0,0,1612856,750040,172084,5393160,13816.622,8146.777,0,323.991,0,23.999,6025,5270,2.470,1.500,0.910,5,0,305.992,0,0,11,28,0,37,0
17-02 18:06:38,82.932,10.741,6.245,0,0,1673508,689372,172084,5393176,21895.020,14601.010,0,167.862,0,7.993,5100,2994,2.470,1.500,0.910,4,0,0,0,0,11,32,0,37,0
17-02 18:06:39,72.128,7.987,19.218,0,0,1688580,674088,172084,5393380,38314.359,30139.152,0,115.805,0,7.987,8845,11443,2.520,1.520,0.930,3,0,0.998,0,0,11,32,0,37,0
17-02 18:06:40,50.723,21.488,26.736,0,0,1517384,845208,172088,5393452,26685.630,16208.272,0,123.933,0,10.994,8079,9640,2.520,1.520,0.930,2,0,441.762,0,0,11,28,0,41,0
17-02 18:06:41,8.240,21.974,67.171,0,0,1469176,893412,172088,5393456,11637.334,1510.226,0,223.737,0,11.986,5025,2947,2.520,1.520,0.930,1,0,255.700,0,0,11,28,0,41,0
17-02 18:06:42,21.807,34.340,42.612,0,0,1432452,930104,172092,5393480,6937.229,1570.126,0,188.495,0,14.037,5462,3464,2.520,1.520,0.930,3,0,358.943,0,0,11,28,0,41,0
17-02 18:06:43,64.100,32.551,3.756,0,0,1508400,854156,172100,5393472,7537.747,1702.653,0,380.593,0,24.037,5316,4303,2.520,1.520,0.930,4,0,536.837,0,0,11,28,1,39,0
17-02 18:06:44,71.114,9.200,19.395,0,0,1585812,776680,172104,5393532,22088.012,15238.222,0,186.984,0,18.897,4969,4220,2.720,1.580,0.950,3,0,11.935,0,0,11,35,0,39,0
17-02 18:06:45,62.753,14.559,22.089,0.251,0,1593024,769248,172120,5393732,28392.610,19385.251,0,321.297,0,41.166,7022,9131,2.720,1.580,0.950,4,0,134.543,0,0,11,33,0,42,0
17-02 18:06:46,74.314,18.266,7.006,0,0,1566592,795668,172124,5393740,12127.462,4605.973,0,272.235,0,23.020,5279,3665,2.720,1.580,0.950,3,0,134.116,0,0,11,33,0,43,0
17-02 18:06:47,65.458,6.969,26.880,0,0,1615048,747160,172124,5393788,26612.360,20333.352,0,553.532,0,42.809,6103,6517,2.720,1.580,0.950,2,0,0,0,0,11,36,0,41,0
17-02 18:06:48,59.680,7.773,31.345,0,0.251,1616600,745396,172132,5393988,31629.363,23513.894,0,200.605,0,7.021,8318,10410,2.720,1.580,0.950,2,0,0,0,0,11,36,0,41,0
17-02 18:06:49,56.828,7.010,34.047,0.250,0,1593676,768224,172144,5394068,31741.758,21690.902,0,332.458,0,33.046,9392,12716,2.660,1.590,0.950,5,0,31.043,0,0,11,34,0,41,0
17-02 18:06:50,73.549,16.761,9.757,0,0,1470908,890812,172156,5394236,20558.697,12115.071,0,344.229,0,33.022,6236,7312,2.660,1.590,0.950,4,0,90.060,0,0,11,32,0,41,0
17-02 18:06:51,77.940,8.964,12.201,0,0,1585744,775948,172160,5394256,19108.990,11744.284,0,139.445,0,7.968,4966,3433,2.660,1.590,0.950,5,0,0,0,0,11,34,0,40,0
17-02 18:06:52,56.492,5.499,36.245,0,0,1595824,765656,172164,5394460,37529.354,29098.623,0,111.983,0,8.999,8497,11241,2.660,1.590,0.950,3,0,0,0,0,11,36,0,40,0
17-02 18:06:53,52.368,6.014,40.341,0,0,1595736,765656,172164,5394544,37093.798,24490.326,0,1090.463,0,12.027,9222,12064,2.660,1.590,0.950,4,0,0,0,0,11,35,0,41,0
17-02 18:06:54,66.121,18.284,14.777,0,0,1518976,842236,172168,5394712,28379.088,18069.165,0,140.257,0,8.015,7328,8982,2.930,1.660,0.980,4,0,205.377,0,0,11,32,0,44,0
17-02 18:06:55,78.976,13.746,7.248,0,0,1562168,798992,172172,5394760,16963.790,7448.712,0,199.939,0,17.994,4814,2636,2.930,1.660,0.980,4,0,54.983,0,0,11,34,0,38,0
17-02 18:06:56,65.324,7.480,26.179,0.249,0,1596712,764256,172172,5394948,34586.587,24921.690,0,115.688,0,8.976,6966,8721,2.930,1.660,0.980,3,0,0,0,0,11,36,0,38,0
17-02 18:06:57,64.989,11.748,22.246,0.250,0,1593392,767488,172180,5395028,31922.768,22441.322,0,3795.378,0,190.969,8820,11914,2.930,1.660,0.980,6,0,67.989,0,0,11,33,1,40,0
17-02 18:06:58,83.517,14.547,1.756,0,0,1507132,853728,172184,5395044,7474.912,3738.961,0,224.719,0,23.074,5251,3644,2.930,1.660,0.980,4,0,60.193,0,0,11,32,0,40,0
17-02 18:06:59,65.168,7.491,26.966,0.250,0,1592056,768632,172208,5395192,25217.382,17926.523,0,231.709,0,25.967,4930,4042,2.930,1.680,0.990,5,0,0.999,0,0,11,36,0,39,0
17-02 18:07:00,71.819,15.015,12.762,0.250,0,1614172,746456,172224,5395236,22391.644,15892.362,0,236.228,0,24.023,6778,8104,2.930,1.680,0.990,3,0,120.116,0,0,11,34,0,41,0
17-02 18:07:01,67.296,7.477,24.426,0,0,1655336,705076,172228,5395440,66378.412,26232.334,0,147.552,0,8.973,7627,9892,2.930,1.680,0.990,5,0,0,0,0,11,36,0,41,0
17-02 18:07:02,71.094,15.965,12.223,0,0,1506776,853600,172228,5395476,60211.193,15195.735,0,143.685,0,7.983,6883,7509,2.930,1.680,0.990,4,0,141.690,0,0,11,33,0,44,0
17-02 18:07:03,74.378,13.727,11.481,0,0,1548592,811732,172228,5395520,16419.000,8238.452,0,127.790,0,7.987,4917,3289,2.930,1.680,0.990,5,0,84.860,0,0,11,34,0,44,0
17-02 18:07:04,71.167,7.267,20.799,0,0,1596252,763904,172228,5395688,27770.345,19427.715,0,120.283,0,8.019,5672,5839,2.940,1.710,1,3,0,0,0,0,11,34,0,46,0
17-02 18:07:05,72.801,12.803,13.807,0,0,1594060,766044,172244,5395720,22944.728,14501.872,0,249.028,0,27.112,6327,7053,2.940,1.710,1,5,0,68.282,0,0,11,33,0,47,0
17-02 18:07:06,67.821,15.459,16.955,0,0,1578700,781224,172244,5395900,14349.205,10641.970,0,255.327,0,22.940,5269,4741,2.940,1.710,1,3,0,143.622,0,0,11,34,0,48,0
17-02 18:07:07,52.374,11.527,35.334,0,0,1480044,879852,172252,5395920,19271.756,11889.228,0,400.952,0,34.081,5210,4185,2.940,1.710,1,3,0,89.212,0,0,11,33,0,50,0
17-02 18:07:08,58.470,11.994,28.235,0.250,0,1507720,852120,172260,5395964,11943.812,4727.551,0,215.888,0,15.992,4808,4053,2.940,1.710,1,3,0,30.984,0,0,11,33,0,49,0
17-02 18:07:09,53.167,12.481,33.448,0,0,1503136,856684,172264,5395980,15531.853,11702.806,0,147.770,0,9.984,4959,3424,2.860,1.710,1.010,3,0,96.849,0,0,11,34,0,50,0
17-02 18:07:10,58.160,8.487,31.701,0,0.250,1514556,845092,172264,5396148,22398.248,14055.193,0,143.777,0,6.989,6857,7220,2.860,1.710,1.010,5,0,0,0,0,11,33,0,51,0
17-02 18:07:11,56.218,15.058,28.611,0,0,1533652,825964,172272,5396172,12141.074,6892.725,0,116.452,0,10.039,4576,2966,2.860,1.710,1.010,4,0,86.335,0,0,11,33,0,52,0
17-02 18:07:12,58.935,5.993,34.212,0,0,1575284,784272,172272,5396228,17429.672,9399.577,0,215.761,0,13.984,4550,3701,2.860,1.710,1.010,4,0,0,0,0,11,34,0,48,0
17-02 18:07:13,48.939,13.733,35.955,0,0.250,1511420,847984,172272,5396380,21228.387,12008.945,0,131.835,0,9.987,6233,11791,2.860,1.710,1.010,3,0,121.847,0,0,11,34,0,49,0
17-02 18:07:14,35.006,6.001,57.010,0.500,0,1452172,907184,172280,5396412,14981.727,10642.937,0,352.064,0,32.006,5593,6067,2.710,1.700,1.010,4,0,38.007,0,0,11,32,0,51,0
17-02 18:07:15,35.317,16.782,46.839,0,0,1465564,893776,172288,5396420,8754.700,1460.787,0,228.436,0,19.036,3882,2558,2.710,1.700,1.010,4,0,97.185,0,0,11,32,0,51,0
17-02 18:07:16,36.357,3.735,59.267,0.249,0,1531520,827812,172288,5396428,15138.552,6347.076,0,167.343,0,9.961,2723,1634,2.710,1.700,1.010,2,0,0,0,0,11,34,0,47,0
17-02 18:07:17,40.165,4.268,53.972,0,0.251,1524756,834508,172296,5396488,20293.611,12204.283,0,321.324,0,19.079,5212,5632,2.710,1.700,1.010,4,0,0,0,0,11,33,0,48,0
17-02 18:07:18,34.421,16.712,47.391,0,0,1442876,916244,172296,5396632,8973.433,3588.775,0,2909.332,0,147.662,4419,2879,2.710,1.700,1.010,2,0,137.684,0,0,11,32,0,49,0
17-02 18:07:19,40.009,5.751,53.513,0.250,0,1482232,876880,172296,5396636,14079.306,6246.467,0,196.046,0,10.002,3138,2115,2.660,1.700,1.010,3,0,1.000,0,0,11,33,0,49,0
17-02 18:07:20,34.321,8.768,56.116,0,0,1437272,921820,172304,5396648,15877.924,8191.986,0,196.407,0,19.039,3770,3043,2.660,1.700,1.010,5,0,60.125,0,0,11,33,0,47,0
17-02 18:07:21,39.925,5.490,52.402,0,0,1469008,890068,172304,5396660,10022.217,5648.414,0,115.783,0,6.987,3897,3292,2.660,1.700,1.010,1,0,0,0,0,11,33,0,47,0
17-02 18:07:22,36.724,6.495,56.210,0.250,0,1426884,932168,172308,5396680,13859.143,9539.216,0,207.852,0,19.986,3959,3714,2.660,1.700,1.010,3,0,4.996,0,0,11,33,0,48,0
17-02 18:07:23,40.747,5.250,52.746,0,0,1443444,915588,172308,5396700,15701.700,8390.306,0,115.990,0,7.999,4543,3781,2.660,1.700,1.010,2,0,14.999,0,0,11,33,0,49,0
17-02 18:07:24,39.714,7.743,51.454,0,0,1510340,848680,172308,5396712,10655.385,6081.512,0,1007.091,0,7.993,3828,3220,2.600,1.710,1.020,3,0,27.975,0,0,11,33,0,47,0
17-02 18:07:25,36.298,4.256,58.327,0,0,1453764,905224,172308,5396744,18703.666,11290.890,0,260.343,0,25.033,4160,4145,2.600,1.710,1.020,1,0,5.007,0,0,11,33,0,48,0
17-02 18:07:26,37.935,6.239,54.656,0.250,0,1477548,881284,172308,5396892,13954.943,7404.236,0,219.621,0,18.967,3885,3707,2.600,1.710,1.020,2,0,0,0,0,11,32,0,49,0
17-02 18:07:27,29.785,18.522,50.310,0,0,1463364,895456,172312,5396900,15009.853,7094.438,0,172.205,0,14.017,5165,3597,2.600,1.710,1.020,2,0,196.233,0,0,11,33,0,49,0
17-02 18:07:28,21.243,9.497,67.728,0,0,1450132,908600,172320,5396980,11087.421,6480.908,0,435.859,0,42.986,4138,4131,2.600,1.710,1.020,2,0,80.974,0,0,11,32,0,47,0
17-02 18:07:29,21.265,5.254,72.301,0.250,0,1433212,925484,172320,5397016,7702.455,1621.148,0,140.099,0,9.006,2024,1456,2.470,1.700,1.020,1,0,6.004,0,0,11,32,0,47,0
17-02 18:07:30,18.999,2.250,78.495,0,0,1430844,927848,172320,5397020,11320.254,7085.533,0,139.991,0,9.999,1925,1593,2.470,1.700,1.020,0,0,0,0,0,11,33,0,47,0
17-02 18:07:31,17.998,2.250,77.741,0.500,0,1429688,928980,172324,5397040,49737.175,6424.248,0,667.922,0,46.994,3725,4314,2.470,1.700,1.020,1,0,0,0,0,11,32,0,48,0
17-02 18:07:32,9.502,21.254,67.263,0.250,0,1405336,953324,172324,5397048,42447.071,1458.277,0,128.024,0,14.003,4641,2763,2.470,1.700,1.020,1,0,240.046,0,0,11,32,0,46,0
17-02 18:07:33,18.769,7.507,72.322,0,0,1398580,960076,172324,5397052,8756.709,1621.613,0,4.004,0,1.001,2378,1595,2.470,1.700,1.020,1,0,44.044,0,0,11,32,0,46,0
17-02 18:07:34,19.724,2.996,77.646,0,0,1398804,959836,172332,5397056,8829.177,3807.901,0,255.658,0,14.980,1817,1404,2.360,1.690,1.020,1,0,0,0,0,11,33,0,46,0
17-02 18:07:35,21.254,2.751,74.264,0,0,1398496,960128,172340,5397064,14121.642,5960.115,0,232.043,0,21.004,3041,3084,2.360,1.690,1.020,2,0,0,0,0,11,33,0,46,0
17-02 18:07:36,19.249,5.500,73.496,0,0,1353840,1004764,172344,5397076,11422.374,5494.699,0,143.992,0,11.999,3448,3097,2.360,1.690,1.020,2,0,45.997,0,0,11,32,0,45,0
17-02 18:07:37,21.005,5.751,72.266,0.500,0,1371292,987300,172352,5397076,5621.261,1458.327,0,1328.298,0,80.018,1971,1672,2.360,1.690,1.020,1,0,2.000,0,0,11,32,0,45,0
17-02 18:07:38,18.247,2.250,77.989,0,0,1399276,959328,172352,5397080,14943.903,6498.088,0,139.980,0,5.999,2007,1575,2.360,1.690,1.020,2,0,0,0,0,11,33,0,45,0
17-02 18:07:39,19.248,2.250,77.491,0,0,1399132,959328,172352,5397224,15012.193,7290.123,0,0,0,0,3556,3966,2.250,1.670,1.020,0,0,1.000,0,0,11,33,0,45,0
17-02 18:07:40,20.949,2.993,74.568,0,0,1351904,1006524,172356,5397252,9735.230,4917.992,0,115.717,0,11.971,3268,3445,2.250,1.670,1.020,1,0,6.983,0,0,11,32,0,39,0
17-02 18:07:41,9.025,22.563,65.935,0,0,1352128,1006184,172356,5397364,9382.375,1462.110,0,8.023,0,2.006,4944,2890,2.250,1.670,1.020,2,0,254.716,0,0,11,32,0,39,0
17-02 18:07:42,9.977,24.445,63.606,0,0,1345256,1013004,172364,5397408,8478.864,1616.352,0,11.973,0,2.993,4896,2931,2.250,1.670,1.020,2,0,251.433,0,0,11,32,0,39,0
17-02 18:07:43,34.389,17.069,46.940,0.753,0,1387900,970244,172392,5397496,10620.922,1463.916,36.146,461.867,1.004,29.118,4143,2650,2.250,1.670,1.020,2,0,113.459,0,0,11,32,0,41,0
17-02 18:07:44,44.269,6.253,48.771,0.500,0,1490240,866312,172516,5398788,6608.794,1458.617,304.129,2244.949,12.005,183.077,2944,1412,2.230,1.680,1.020,2,0,2.001,0,0,11,32,0,41,0
17-02 18:07:45,39.471,6.245,45.467,7.494,0,1515108,837624,173060,5401696,5569.909,1498.899,131.903,10652.176,4.996,970.287,7861,11756,2.230,1.680,1.020,1,1,56.958,0,0,11,36,0,41,0
17-02 18:07:46,36.050,8.702,38.785,12.431,0,1474668,874680,173748,5404288,9640.533,1611.065,0,18819.626,0,1788.083,10560,17320,2.230,1.680,1.020,2,1,48.730,0,0,11,36,0,41,0
17-02 18:07:47,37.590,8.771,37.089,13.282,0,1526308,821256,174400,5405368,9231.130,1555.730,0,32104.964,0,2459.897,11293,19706,2.230,1.680,1.020,3,0,35.084,0,0,11,36,0,41,0
17-02 18:07:48,36.305,9.449,40.284,10.693,0,1537260,808908,174656,5406480,4849.998,1450.225,0,20390.683,0,1734.700,10106,16450,2.230,1.680,1.020,4,0,24.867,0,0,11,36,0,41,0
17-02 18:07:49,42.061,7.304,43.824,6.045,0.252,1506308,840260,174728,5406000,8666.114,1632.075,0,14636.283,0,1357.040,7162,11594,2.210,1.690,1.030,2,0,14.104,0,0,11,32,0,37,0
17-02 18:07:50,47.242,5.749,43.243,2.750,0,1534956,811528,174800,5406012,10646.267,1457.763,0,12194.016,0,712.884,4405,4710,2.210,1.690,1.030,2,0,1.000,0,0,11,32,0,37,0
17-02 18:07:51,38.991,8.248,43.989,5.999,0,1545868,800388,174856,5406184,12439.002,1457.649,0,6006.552,0,1027.752,8731,12782,2.210,1.690,1.030,2,1,2.999,0,0,11,34,0,37,0
17-02 18:07:52,38.320,8.265,41.325,8.516,0,1532772,813000,175112,5406388,7819.264,1622.961,0,13957.461,0,1565.856,10713,16997,2.210,1.690,1.030,3,0,1.002,0,0,11,34,0,37,0
17-02 18:07:53,37.235,10.496,45.482,4.248,0,1493568,851952,175224,5406524,4920.011,1457.411,0,4346.243,0,614.752,6573,8745,2.210,1.690,1.030,2,0,56.977,0,0,11,32,0,37,0
17-02 18:07:54,24.014,6.754,68.541,0.250,0,1494628,850864,175236,5406536,8683.223,1458.878,0,708.426,0,37.022,2425,1585,2.270,1.710,1.040,1,0,44.026,0,0,11,32,0,37,0
17-02 18:07:55,21.962,3.744,73.123,0,0,1546836,798652,175240,5406536,7124.660,1455.479,0,682.817,0,41.927,1973,1618,2.270,1.710,1.040,1,0,0,0,0,11,32,0,37,0
17-02 18:07:56,22.744,3.499,71.480,1.500,0,1562072,783384,175276,5406532,8725.611,1619.557,0,6698.166,0,380.896,2358,2552,2.270,1.710,1.040,1,0,1.999,0,0,11,32,0,37,0
17-02 18:07:57,22.053,4.010,73.426,0,0,1511992,833340,175276,5406612,7032.815,1461.494,0,0,0,0,1840,1290,2.270,1.710,1.040,1,0,1.002,0,0,11,32,0,32,0
17-02 18:07:58,21.450,3.991,73.828,0,0,1508464,836868,175276,5406612,9909.962,1454.618,0,1600.280,0,154.640,1838,1146,2.270,1.710,1.040,1,0,1.995,0,0,11,32,0,32,0
17-02 18:07:59,23.048,3.006,73.404,0,0,1450828,894392,175284,5406712,9230.370,1461.066,0,8.017,0,2.004,1911,1303,2.170,1.700,1.040,1,0,2.004,0,0,11,32,0,32,0
17-02 18:08:00,22.418,3.487,73.232,0,0,1482064,863144,175284,5406724,4857.257,1614.104,0,231.156,0,52.807,1812,1320,2.170,1.700,1.040,2,0,0.996,0,0,11,32,0,32,0
17-02 18:08:01,21.790,4.007,73.637,0,0,1497960,847248,175284,5406724,40238.649,1460.710,0,0,0,0,1850,1183,2.170,1.700,1.040,1,0,2.004,0,0,11,32,0,29,0
17-02 18:08:02,22.993,2.999,72.727,0.250,0,1465668,879512,175292,5406752,43693.420,1457.547,0,519.838,0,29.991,2092,1713,2.170,1.700,1.040,1,0,1.000,0,0,11,32,0,29,0
17-02 18:08:03,22.497,3.500,73.742,0,0,1491104,854036,175300,5406784,6521.249,1619.814,0,0,0,0,1792,1237,2.170,1.700,1.040,1,0,1.000,0,0,11,32,0,29,0
17-02 18:08:04,22.008,3.751,73.525,0,0,1481664,863472,175304,5406784,11388.923,1620.558,0,184.063,0,10.003,1837,1336,2.080,1.680,1.040,3,0,0,0,0,11,32,0,29,0
17-02 18:08:05,23.251,2.750,73.504,0,0,1476236,868888,175304,5406796,7624.401,1620.085,0,4.000,0,1.000,1710,1022,2.080,1.680,1.040,2,0,3.000,0,0,11,32,0,23,0
17-02 18:08:06,8.970,21.429,67.277,0,0,1458988,885976,175312,5406928,8503.862,1453.192,0,175.420,0,1.993,4967,3193,2.080,1.680,1.040,1,0,251.169,0,0,11,32,0,23,0
17-02 18:08:07,9.017,22.542,67.375,0,0,1429244,915704,175312,5406940,9815.278,1623.022,0,440.821,0,5.009,4827,2974,2.080,1.680,1.040,1,0,240.448,0,0,11,32,0,23,0
17-02 18:08:08,9.258,20.016,68.556,0,0,1419424,925492,175316,5406968,5403.402,1459.189,0,368.300,0,8.007,4627,2869,2.080,1.680,1.040,4,0,208.170,0,0,11,32,0,23,0
17-02 18:08:09,8.502,22.004,67.763,0,0,1401196,943696,175316,5406988,4858.950,1512.296,0,176.034,0,2.000,4667,2986,2.070,1.690,1.040,1,0,218.043,0,0,11,32,0,18,0
17-02 18:08:10,8.986,21.217,67.394,0,0,1380016,964860,175320,5407000,8544.563,1563.541,0,203.680,0,2.995,4748,3000,2.070,1.690,1.040,1,0,225.645,0,0,11,32,0,18,0
17-02 18:08:11,9.266,20.285,69.370,0,0,1376540,968320,175320,5407016,8404.577,1460.533,0,4.007,0,1.002,4647,2908,2.070,1.690,1.040,1,0,222.386,0,0,11,32,0,18,0
17-02 18:08:12,20.810,5.014,72.961,0.251,0,1415716,929144,175320,5407016,8558.734,1462.226,0,349.009,0,25.072,2143,1837,2.070,1.690,1.040,1,0,9.026,0,0,11,32,0,18,0
17-02 18:08:13,28.444,5.988,64.374,0,0,1473852,871024,175320,5409548,7344.621,1616.835,0,99.805,0,9.980,2579,5077,2.070,1.690,1.040,6,0,35.930,0,0,11,32,0,15,0
17-02 18:08:14,25.485,5.497,68.209,0,0,1406536,938308,175320,5407016,8692.740,1457.118,0,383.768,0,4.997,2371,5538,1.980,1.680,1.040,1,0,2.998,0,0,11,32,0,16,0
17-02 18:08:15,22.747,3.250,73.741,0,0,1474776,870088,175320,5406996,7108.176,1457.831,0,0,0,0,1777,1189,1.980,1.680,1.040,3,0,2.000,0,0,11,32,0,16,0
17-02 18:08:16,22.241,3.249,73.720,0,0,1456404,888452,175320,5407004,5393.833,1619.349,0,19.992,0,1.000,1814,1216,1.980,1.680,1.040,3,0,1.000,0,0,11,32,0,16,0
17-02 18:08:17,22.259,3.251,73.781,0,0,1525996,818860,175320,5407004,11708.941,1500.633,0,4.002,0,1.000,1890,1216,1.980,1.680,1.040,2,0,2.001,0,0,11,32,0,13,0
17-02 18:08:18,23.250,3.500,73.251,0,0,1494496,850368,175320,5406996,10119.108,1458.016,0,12.000,0,1.000,1825,1211,1.980,1.680,1.040,2,0,1.000,0,0,11,32,0,13,0
17-02 18:08:19,22.003,3.500,73.259,0,0,1506676,838188,175320,5406996,7165.909,1620.205,0,2040.259,0,11.001,1909,1415,1.910,1.670,1.040,2,0,3.000,0,0,11,32,0,13,0
17-02 18:08:20,23.263,2.501,73.541,0,0,1491476,853376,175320,5407008,8788.883,1458.810,0,20.011,0,1.001,1755,1128,1.910,1.670,1.040,2,0,1.001,0,0,11,32,0,13,0
17-02 18:08:21,21.740,3.998,73.716,0,0,1490236,854616,175320,5407008,6891.805,1457.324,0,11.994,0,1.000,1903,1424,1.910,1.670,1.040,3,0,1.999,0,0,11,32,0,10,0
17-02 18:08:22,22.778,3.504,73.090,0.250,0,1491224,853596,175340,5407020,8563.578,1513.870,0,544.673,0,35.043,2095,1682,1.910,1.670,1.040,1,0,1.001,0,0,11,32,0,10,0
17-02 18:08:23,22.506,3.001,73.771,0,0,1503760,841064,175344,5407008,7931.227,1566.440,0,116.033,0,12.003,1915,1354,1.910,1.670,1.040,1,0,2.001,0,0,11,32,0,10,0
17-02 18:08:24,22.965,2.496,73.390,0,0,1493336,851552,175344,5406944,4717.899,1455.809,0,23.964,0,0.998,1809,1218,1.830,1.650,1.040,1,0,0.998,0,0,11,32,0,10,0
17-02 18:08:25,22.499,3.250,73.748,0,0,1485056,859832,175344,5406944,8871.784,1511.963,0,0,0,0,1858,1284,1.830,1.650,1.040,1,0,2.000,0,0,11,32,0,7,0
17-02 18:08:26,22.794,3.006,73.642,0,0,1452664,892136,175344,5407032,8377.101,1569.016,0,88.169,0,1.002,1844,1214,1.830,1.650,1.040,1,0,1.002,0,0,11,32,0,7,0
17-02 18:08:27,22.707,2.994,73.861,0,0,1436284,908516,175344,5407032,8292.340,1455.252,0,11.977,0,0.998,1867,1331,1.830,1.650,1.040,2,0,0.998,0,0,11,32,0,7,0
17-02 18:08:28,22.244,3.499,73.480,0,0,1487728,857072,175344,5407032,6735.149,1457.600,0,0,0,0,1859,1339,1.830,1.650,1.040,1,0,0,0,0,11,32,0,7,0
17-02 18:08:29,23.003,3.250,72.509,0,0,1519188,825568,175344,5407072,4856.583,1512.182,0,132.016,0,5.001,1926,1315,1.770,1.640,1.040,1,0,3.000,0,0,11,32,0,5,0
17-02 18:08:30,22.248,3.750,73.494,0,0,1488444,856312,175344,5407072,10690.177,1565.880,0,0,0,0,1883,1388,1.770,1.640,1.040,1,0,1.000,0,0,11,32,0,5,0
17-02 18:08:31,22.552,3.257,73.669,0,0,1490748,854008,175344,5407072,41658.430,1461.348,0,20.046,0,1.002,1845,1197,1.770,1.640,1.040,1,0,1.002,0,0,11,32,0,5,0
17-02 18:08:32,22.696,3.242,73.325,0.499,0,1482688,862072,175352,5407060,40935.557,1454.538,0,881.901,0,129.691,2019,1684,1.770,1.640,1.040,1,0,0,0,0,11,32,0,5,0
17-02 18:08:33,19.503,7.001,72.762,0,0,1452408,892312,175352,5407096,9996.608,1512.243,0,128.021,0,12.002,2526,1580,1.770,1.640,1.040,1,0,62.010,0,0,11,32,0,5,0
17-02 18:08:34,9.746,21.491,66.972,0,0,1415008,929696,175352,5407112,10178.703,1565.339,0,499.789,0,62.973,4856,3018,1.780,1.650,1.050,1,0,247.895,0,0,11,32,0,4,0
17-02 18:08:35,12.523,15.779,69.626,0,0,1423924,920772,175352,5407120,8703.767,1460.646,0,96.174,0,7.013,3859,2471,1.780,1.650,1.050,2,0,152.276,0,0,11,32,0,4,0
17-02 18:08:36,22.469,3.246,73.648,0,0,1473736,870960,175352,5407120,7129.153,1551.857,0,0,0,0,1745,1211,1.780,1.650,1.050,1,0,0,0,0,11,32,0,4,0
17-02 18:08:37,23.287,2.504,73.867,0,0,1469004,875416,175356,5407380,9010.272,1568.484,0,0,0,0,1821,1061,1.780,1.650,1.050,1,0,9.014,0,0,11,32,0,4,0
17-02 18:08:38,21.449,3.741,73.325,0,0,1502764,841648,175360,5407380,6431.653,1454.529,0,159.619,0,1.995,1791,1344,1.780,1.650,1.050,1,0,0,0,0,11,32,0,3,0
17-02 18:08:39,21.175,8.968,69.255,0,0,1487340,857036,175360,5407416,4944.479,1452.852,0,35.873,0,1.993,2626,1637,1.720,1.640,1.050,3,0,92.672,0,0,11,32,0,3,0
17-02 18:08:40,9.288,21.587,66.770,0,0,1466664,877584,175360,5407512,7900.972,1463.924,40.163,48.195,2.008,2.008,4679,2935,1.720,1.640,1.050,1,0,227.922,0,0,11,32,0,3,0
17-02 18:08:41,8.224,21.182,68.033,0,0,1464836,879392,175360,5407532,9554.526,1614.849,0,99.682,0,4.984,4615,2835,1.720,1.640,1.050,2,0,213.320,0,0,11,32,0,3,0
17-02 18:08:42,9.278,21.564,66.448,0.752,0,1422904,921296,175364,5407552,6765.138,1462.353,0,778.317,0,75.224,4973,3468,1.720,1.640,1.050,1,0,231.690,0,0,11,32,0,3,0
17-02 18:08:43,9.002,21.254,67.263,0.500,0,1417204,926940,175368,5407568,9132.822,1458.291,0,1192.238,0,60.012,4880,3239,1.720,1.640,1.050,1,0,233.047,0,0,11,32,0,3,0
17-02 18:08:44,7.993,22.481,65.943,0,0,1401044,943084,175372,5407580,8306.868,1510.703,0,935.197,0,46.960,4906,3165,1.740,1.640,1.050,1,0,239.794,0,0,11,32,0,3,0
17-02 18:08:45,9.010,21.524,67.325,0,0,1387580,956528,175372,5407596,9135.165,1567.745,0,352.392,0,4.004,4771,2930,1.740,1.640,1.050,1,0,230.256,0,0,11,32,0,3,0
17-02 18:08:46,8.248,22.244,67.233,0,0.250,1386292,957804,175372,5407604,7602.050,1499.615,0,615.842,0,6.998,4752,2919,1.740,1.640,1.050,1,0,235.939,0,0,11,32,0,1,0
17-02 18:08:47,8.502,21.756,67.517,0,0,1375988,968088,175372,5407620,7459.908,1552.397,0,556.142,0,7.002,4724,2954,1.740,1.640,1.050,1,0,235.060,0,0,11,32,0,1,0
17-02 18:08:48,8.750,22.500,66.751,0,0.250,1358840,985216,175372,5407640,8717.080,1512.014,0,668.006,0,32.000,4893,2964,1.740,1.640,1.050,1,0,243.002,0,0,11,32,0,1,0
17-02 18:08:49,9.000,22.250,67.751,0,0,1367404,976640,175376,5407648,5800.052,1566.014,0,744.007,0,9.000,5069,3320,1.600,1.620,1.050,1,0,285.003,0,0,11,32,0,1,0
17-02 18:08:50,8.499,20.997,68.491,0,0,1362364,981664,175376,5407664,11041.514,1457.804,0,551.926,0,5.999,4738,2903,1.600,1.620,1.050,1,0,220.970,0,0,11,32,0,1,0
17-02 18:08:51,8.501,19.501,69.254,0,0,1359072,984940,175376,5407680,14405.926,1458.094,0,48.003,0,2.000,4580,2855,1.600,1.620,1.050,1,0,210.013,0,0,11,32,0,1,0
17-02 18:08:52,8.498,21.245,68.484,0,0,1355204,988796,175376,5407692,7179.336,1565.637,0,103.976,0,4.999,4452,2812,1.600,1.620,1.050,2,0,198.954,0,0,11,32,0,1,0
17-02 18:08:53,9.244,20.987,68.207,0,0,1341980,1002000,175376,5407712,8986.340,1511.048,0,79.950,0,4.997,4721,2894,1.600,1.620,1.050,1,0,217.863,0,0,11,32,0,1,0
17-02 18:08:54,9.260,20.771,68.070,0,0,1339804,1004156,175376,5407732,8253.526,1459.508,0,324.335,0,7.007,4639,2868,1.560,1.610,1.050,2,0,207.214,0,0,11,32,0,1,0
17-02 18:08:55,8.501,22.252,67.507,0,0,1345116,998828,175376,5407748,5265.569,1458.157,0,24.003,0,6.001,4936,3037,1.560,1.610,1.050,2,0,257.028,0,0,11,32,0,1,0
17-02 18:08:56,8.499,21.998,66.993,0,0,1355120,988812,175376,5407760,8504.097,1619.828,0,27.997,0,6.999,4828,2979,1.560,1.610,1.050,1,0,244.974,0,0,11,32,0,1,0
17-02 18:08:57,9.000,19.750,69.500,0,0,1355660,988252,175376,5407776,7424.954,1457.991,0,12.000,0,3.000,4405,2767,1.560,1.610,1.050,1,0,198.999,0,0,11,32,0,1,0
17-02 18:08:58,11.749,23.998,61.995,0,0,1308796,1034956,175392,5407920,4426.678,1457.894,0,11.999,0,3.000,4877,3248,1.560,1.610,1.050,4,0,271.980,0,0,11,34,0,1,0
17-02 18:08:59,27.198,27.697,43.167,0.250,0,1346800,996928,175396,5407940,8934.843,1455.206,0,1097.892,0,144.722,5632,3600,1.590,1.610,1.050,4,0,265.490,0,0,11,32,0,3,0
17-02 18:09:00,47.447,29.623,22.092,0.251,0,1436064,907544,175440,5408012,8968.191,1626.746,0,823.415,0,56.233,5820,4540,1.590,1.610,1.050,4,0,386.603,0,0,11,32,0,7,0
17-02 18:09:01,65.781,8.721,24.170,0.498,0,1587948,752068,175768,5410576,44520.879,1453.165,0,1343.530,0,47.841,4069,2329,1.590,1.610,1.050,4,0,2.990,0,0,11,34,0,8,0
17-02 18:09:02,44.188,8.738,32.205,12.233,0,1636168,695620,176284,5417728,43979.236,1455.955,443.377,20738.874,9.986,1694.620,11041,17468,1.590,1.610,1.050,7,0,67.905,0,0,11,38,0,8,0
17-02 18:09:03,26.442,8.731,40.412,16.713,0,1633904,693352,176728,5421656,5309.381,1616.463,0,42487.026,0,2930.587,13365,24384,1.590,1.610,1.050,4,0,35.921,0,0,11,38,0,8,0
17-02 18:09:04,35.686,13.571,31.665,14.827,0,1575320,747280,176976,5425904,10529.760,1465.622,0,31149.994,0,2433.656,12504,20958,1.700,1.640,1.060,7,0,95.497,0,0,11,36,0,8,0
17-02 18:09:05,40.972,12.491,25.732,16.738,0,1602840,715052,177244,5430140,10757.572,1456.994,0,44885.008,0,3148.826,12862,24217,1.700,1.640,1.060,2,2,47.967,0,0,11,36,0,8,0
17-02 18:09:06,39.480,9.995,32.983,13.993,0,1622464,690144,177352,5435136,13565.064,6561.645,0,46524.212,0,3394.265,13731,24404,1.700,1.640,1.060,4,0,32.983,0,0,11,37,0,8,0
17-02 18:09:07,40.522,9.755,32.517,13.007,0,1621264,686616,177480,5439616,12294.525,5094.704,0,36639.446,0,2781.476,13181,22710,1.700,1.640,1.060,3,1,15.008,0,0,11,37,0,8,0
17-02 18:09:08,37.985,16.493,29.488,12.245,0,1605136,699292,177664,5442732,9236.342,2357.066,0,32195.248,0,2338.074,12519,20472,1.700,1.640,1.060,3,1,93.963,0,0,11,36,0,9,0
17-02 18:09:09,49.335,10.465,23.920,13.206,0,1650948,650312,177936,5445548,7032.526,1453.150,0,35812.463,0,2510.620,11199,18845,2.130,1.730,1.090,3,0,8.970,0,0,11,36,0,9,0
17-02 18:09:10,37.616,20.062,29.090,11.285,0,1589676,708772,178108,5448072,11747.214,8333.691,0,20053.821,0,1584.886,10836,16348,2.130,1.730,1.090,6,1,191.591,0,0,11,35,0,9,0
17-02 18:09:11,39.677,18.466,28.697,9.982,0.250,1592652,702036,178224,5451540,13589.927,9654.188,371.315,27525.216,5.989,2019.274,14087,23547,2.130,1.730,1.090,5,2,136.748,0,0,11,37,0,9,0
17-02 18:09:12,42.615,21.057,25.068,8.774,0,1518284,773732,178468,5453836,14079.992,6444.389,858.316,34373.751,17.046,2591.994,15013,27205,2.130,1.730,1.090,4,0,167.452,0,0,11,36,0,9,0
17-02 18:09:13,44.775,20.512,21.012,11.256,0,1583084,706988,178440,5455752,9715.471,1458.821,924.521,33843.056,14.008,2327.310,11911,19855,2.130,1.730,1.090,2,0,165.093,0,0,11,36,0,9,0
17-02 18:09:14,36.453,9.987,38.700,11.485,0,1601912,686428,178480,5457388,16872.113,9153.126,0,26641.439,0,2239.095,12557,26062,2.280,1.760,1.110,2,0,65.914,0,0,11,37,0,10,0
17-02 18:09:15,33.260,9.003,42.513,11.753,0,1602020,684664,178544,5458912,15725.649,7698.276,0,30673.067,0,2440.721,12304,20379,2.280,1.760,1.110,3,1,21.006,0,0,11,37,0,9,0
17-02 18:09:16,32.483,7.746,42.478,11.494,0,1596092,690636,178640,5458748,15043.317,6968.441,0,25067.198,0,2019.968,12412,20306,2.280,1.760,1.110,2,1,11.994,0,0,11,37,0,9,0
17-02 18:09:17,28.991,14.745,38.738,12.996,0,1514932,772368,178760,5458056,10272.850,2753.156,0,26699.812,0,2151.340,11004,18526,2.280,1.760,1.110,5,1,76.976,0,0,11,36,0,10,0
17-02 18:09:18,42.291,7.007,37.786,10.010,0,1566020,720272,178864,5458956,7494.189,1621.556,0,16976.286,0,1587.523,9026,14633,2.280,1.760,1.110,2,1,18.017,0,0,11,36,0,10,0
17-02 18:09:19,30.797,7.511,45.570,13.521,0,1566340,718972,178992,5459792,13870.176,8314.694,0,27518.013,0,2254.442,11635,19862,2.500,1.820,1.130,0,1,18.028,0,0,11,37,0,10,0
17-02 18:09:20,32.661,8.477,42.136,11.967,0,1561688,724016,179076,5459296,20611.996,6978.040,0,24513.395,0,2086.331,12414,20580,2.500,1.820,1.130,6,0,15.957,0,0,11,37,0,10,0
17-02 18:09:21,33.760,8.503,41.763,11.253,0,1560516,724352,179108,5460100,19660.959,6777.054,0,25123.615,0,1963.595,11803,19508,2.500,1.820,1.130,1,1,9.003,0,0,11,37,0,10,0
17-02 18:09:22,35.298,10.514,39.804,11.265,0,1488932,795116,179140,5460868,11271.210,3852.198,0,20760.014,0,1840.484,10532,17227,2.500,1.820,1.130,4,0,51.069,0,0,11,36,0,10,0
17-02 18:09:23,43.043,8.258,35.285,10.511,0,1534992,747992,179160,5461888,9624.631,1459.460,0,24648.665,0,2143.145,9111,16333,2.500,1.820,1.130,4,0,18.018,0,0,11,36,0,10,0
17-02 18:09:24,37.189,6.694,39.916,12.644,0,1550820,730884,179180,5463112,15235.525,6445.074,0,22495.779,0,2144.061,11210,19492,2.540,1.840,1.140,2,0,26.776,0,0,11,37,0,10,0
17-02 18:09:25,31.974,9.567,42.799,12.084,0.252,1550352,730128,179236,5464256,19029.052,6732.071,0,31024.928,0,2309.146,12348,20939,2.540,1.840,1.140,2,0,27.190,0,0,11,37,0,10,0
17-02 18:09:26,33.651,7.727,41.877,11.716,0,1550096,729120,179272,5465444,13918.148,7758.228,0,26183.148,0,2043.003,12050,20073,2.540,1.840,1.140,2,0,8.974,0,0,11,37,0,10,0
17-02 18:09:27,34.328,9.020,41.343,11.526,0,1476496,800944,179332,5467116,9224.846,5582.615,0,21484.550,0,1799.065,10993,18011,2.540,1.840,1.140,2,0,49.111,0,0,11,36,0,11,0
17-02 18:09:28,32.610,13.044,38.379,13.044,0,1520340,755864,179388,5468256,10158.252,1462.933,0,27733.514,0,2307.782,11089,19107,2.540,1.840,1.140,4,0,54.183,0,0,11,36,0,11,0
17-02 18:09:29,31.423,8.230,41.897,13.966,0,1541060,733952,179432,5469376,13503.935,6644.730,0,31215.568,0,2556.740,11939,21287,2.650,1.870,1.160,1,1,26.934,0,0,11,37,0,11,0
17-02 18:09:30,34.235,9.996,40.482,11.245,0,1506636,766544,179472,5471124,12456.508,5338.646,0,31482.121,0,2476.908,12324,20839,2.650,1.870,1.160,1,1,77.966,0,0,11,36,0,12,0
17-02 18:09:31,37.199,11.235,35.951,11.734,0,1551632,720532,179480,5472108,42859.634,1456.017,0,26128.419,0,2256.927,11522,19583,2.650,1.870,1.160,3,0,46.936,0,0,11,36,0,12,0
17-02 18:09:32,32.043,7.260,43.559,13.268,0,1573864,695664,179504,5474648,48967.057,6573.868,0,29259.471,0,2311.118,11378,19531,2.650,1.870,1.160,3,1,30.041,0,0,11,37,0,12,0
17-02 18:09:33,33.000,10.500,41.750,11.500,0,1547740,720840,179520,5475536,9150.978,3299.992,0,22919.946,0,1984.995,10636,17828,2.650,1.870,1.160,3,1,60.000,0,0,11,36,0,13,0
17-02 18:09:34,34.303,12.269,36.557,12.519,0,1575324,693896,179536,5474864,6239.708,1460.272,0,27122.197,0,2066.215,11358,18471,2.840,1.930,1.180,3,0,24.037,0,0,11,36,0,13,0
17-02 18:09:35,32.729,8.245,42.473,12.242,0,1600428,672440,179568,5471180,15318.322,6705.763,0,24720.381,0,2120.660,12268,20815,2.840,1.930,1.180,5,1,0,0,0,11,37,0,13,0
17-02 18:09:36,31.975,8.493,43.217,11.241,0,1594492,678692,179580,5470852,15039.413,6027.356,0,32642.852,0,2160.336,11911,20149,2.840,1.930,1.180,4,1,11.991,0,0,11,37,0,13,0
17-02 18:09:37,33.489,12.996,37.487,12.496,0,1566468,706056,179600,5471492,9395.829,2457.171,0,26327.116,0,2143.277,11013,18686,2.840,1.930,1.180,3,0,66.977,0,0,11,36,0,14,0
17-02 18:09:38,40.709,10.489,45.454,1.748,0,1467184,805552,179604,5471276,9508.326,1456.518,0,6021.873,0,420.572,4902,4674,2.840,1.930,1.180,2,0,75.923,0,0,11,32,0,16,0
17-02 18:09:39,22.282,13.770,62.339,0.501,0,1473384,799308,179604,5471320,13339.042,8297.845,0,1922.745,0,111.159,4447,3678,2.690,1.910,1.180,0,0,139.199,0,0,11,33,0,16,0
17-02 18:09:40,19.503,2.750,76.761,0.500,0,1438632,834044,179604,5471332,14259.099,5461.804,0,1208.178,0,76.011,3246,3586,2.690,1.910,1.180,1,0,6.001,0,0,11,32,0,17,0
17-02 18:09:41,8.746,22.239,66.467,0.500,0,1410588,861984,179604,5471436,9398.265,1619.184,0,1259.365,0,79.960,5035,3158,2.690,1.910,1.180,1,0,243.877,0,0,11,32,0,17,0
17-02 18:09:42,8.235,21.960,66.380,0,0,1407852,864664,179604,5471492,4484.903,1455.372,0,562.984,0,33.939,4720,3109,2.690,1.910,1.180,4,0,221.600,0,0,11,32,0,17,0
17-02 18:09:43,21.569,29.343,47.150,0.752,0,1387188,885124,179616,5471684,8490.050,1462.660,0,2981.499,0,176.563,5653,4241,2.690,1.910,1.180,4,0,306.978,0,0,11,36,0,19,0
17-02 18:09:44,65.319,9.510,24.526,0.250,0,1499892,772396,179628,5471696,7472.894,1621.713,0,716.757,0,51.054,4485,2777,2.720,1.930,1.190,3,0,22.023,0,0,11,32,0,23,0
17-02 18:09:45,67.615,7.984,23.703,0,0,1671500,597784,179736,5474392,9187.593,1455.085,0,2403.185,0,176.646,4094,1676,2.720,1.930,1.190,3,0,0.998,0,0,11,32,0,23,0
17-02 18:09:46,61.331,6.731,27.674,2.992,0,1789396,474260,179872,5479348,6813.215,1495.876,0,11225.052,0,592.367,6272,6482,2.720,1.930,1.190,4,2,29.918,0,0,11,38,0,23,0
17-02 18:09:47,31.569,8.017,38.584,16.787,0,1786368,470984,179900,5485464,7843.061,1555.383,0,38355.435,0,2703.882,13449,23537,2.720,1.930,1.190,7,0,93.203,0,0,11,38,0,23,0
17-02 18:09:48,27.452,9.483,40.678,16.720,0,1785640,467708,179928,5489272,8311.332,1617.146,0,38547.968,0,2834.997,13632,23832,2.720,1.930,1.190,4,1,95.831,0,0,11,38,0,23,0
17-02 18:09:49,28.478,9.992,41.718,16.238,0.500,1782496,465432,179972,5494444,8386.558,1456.881,0,43734.405,0,3173.562,14847,26277,2.820,1.960,1.200,1,1,101.922,0,0,11,38,0,23,0
17-02 18:09:50,26.845,9.197,40.516,16.405,0,1781584,462408,180020,5498220,8868.887,1449.645,0,40916.193,0,3098.145,14387,26058,2.820,1.960,1.200,2,2,99.427,0,0,11,38,0,23,0
17-02 18:09:51,24.705,8.319,46.385,16.638,0,1780508,459308,180040,5502252,13124.816,1470.189,0,24462.817,0,2348.471,12520,20759,2.820,1.960,1.200,0,1,60.502,0,0,11,38,0,23,0
17-02 18:09:52,30.208,9.986,38.945,15.728,0,1780332,456536,180064,5505080,9071.274,1617.731,0,41929.180,0,3135.601,13537,24269,2.820,1.960,1.200,4,0,65.908,0,0,11,38,0,23,0
17-02 18:09:53,44.048,13.014,26.279,14.015,0,1698056,532988,180092,5510676,8898.651,1459.583,0,39751.112,0,3028.284,14431,25378,2.820,1.960,1.200,6,0,162.176,0,0,11,36,0,23,0
17-02 18:09:54,46.071,9.014,28.544,13.521,0,1742824,483000,180124,5515720,6295.752,1460.262,0,26068.379,0,2301.565,12446,21219,3,2.020,1.220,8,1,73.113,0,0,11,36,0,23,0
17-02 18:09:55,46.519,11.755,25.510,12.505,0,1797472,426300,180144,5517652,8748.595,1458.599,0,59976.643,0,4038.659,15066,28401,3,2.020,1.220,5,0,47.019,0,0,11,36,0,23,0
17-02 18:09:56,37.406,12.469,35.161,11.720,0,1732276,485700,180160,5523180,7440.233,1615.924,0,37102.415,0,2472.763,12096,20577,3,2.020,1.220,2,1,74.811,0,0,11,36,0,23,0
17-02 18:09:57,18.762,7.755,49.283,18.012,0,1714480,497648,180176,5528808,5605.700,1621.070,0,36788.282,0,2560.690,11798,21208,3,2.020,1.220,1,2,0,0,0,11,36,0,23,0
17-02 18:09:58,18.755,9.503,46.763,19.005,0,1713660,494372,180192,5532744,4527.222,1620.437,0,41947.323,0,2825.763,12390,22468,3,2.020,1.220,2,0,12.003,0,0,11,36,0,23,0
17-02 18:09:59,16.003,9.252,51.761,18.254,0,1703104,503812,180192,5533760,9509.030,1620.346,0,42269.021,0,3022.645,12586,23137,3.480,2.130,1.260,2,1,33.007,0,0,11,36,0,23,0
17-02 18:10:00,23.501,7.000,48.003,16.251,0,1698036,507764,180192,5534844,7261.414,1620.092,0,33517.913,0,2532.145,11620,20936,3.480,2.130,1.260,6,0,28.002,0,0,11,36,0,21,0
17-02 18:10:01,24.747,6.999,48.995,14.249,0,1689128,514112,180200,5537328,43856.485,1619.833,0,16742.276,0,1782.816,10818,18151,3.480,2.130,1.260,3,0,59.994,0,0,11,36,0,21,0
17-02 18:10:02,38.017,13.756,40.268,5.252,0,1403748,799768,180200,5537044,43374.636,1458.660,0,22322.105,0,1362.617,7008,8810,3.480,2.130,1.260,2,0,130.059,0,0,11,32,0,21,0
17-02 18:10:03,14.493,13.993,69.966,0.500,0,1403512,799988,180200,5537056,9317.433,1619.206,0,1463.283,0,72.964,3566,2527,3.480,2.130,1.260,1,1,121.940,0,0,11,32,0,21,0
17-02 18:10:04,23.266,3.002,72.801,0.250,0,1439192,764308,180200,5537056,6628.618,1459.016,0,1112.775,0,75.052,1880,1429,3.280,2.110,1.260,3,1,1.001,0,0,11,32,0,16,0
17-02 18:10:05,22.994,2.999,72.731,0.500,0,1493548,709952,180200,5537056,5692.525,1457.622,0,2295.405,0,135.965,2057,1876,3.280,2.110,1.260,1,0,1.999,0,0,11,36,0,16,0
17-02 18:10:06,22.738,5.247,70.962,0.250,0,1457780,745700,180200,5537064,6226.697,1619.141,0,135.928,0,9.995,2584,1922,3.280,2.110,1.260,2,0,32.983,0,0,11,32,0,16,0
17-02 18:10:07,22.257,3.751,73.523,0,0,1498544,704936,180200,5537064,9049.846,1458.459,0,344.108,0,65.020,1885,1205,3.280,2.110,1.260,1,0,1.000,0,0,11,32,0,16,0
17-02 18:10:08,22.975,2.497,73.420,0.250,0,1554844,648636,180200,5537064,8662.574,1456.415,0,227.752,0,14.984,1988,1509,3.280,2.110,1.260,5,0,1.998,0,0,11,34,0,15,0
17-02 18:10:09,15.766,21.021,61.561,0,0,1486740,716720,180204,5537080,11772.621,1459.441,0,92.091,0,13.013,4077,2587,3.180,2.110,1.270,3,0,213.210,0,0,11,32,0,15,0
17-02 18:10:10,15.752,41.005,41.506,0.250,0,1455748,747680,180204,5537108,8483.129,1620.216,0,240.032,0,17.002,5990,4158,3.180,2.110,1.270,3,0,436.058,0,0,11,32,0,15,0
17-02 18:10:11,15.747,42.243,39.993,0,0.250,1459860,743536,180204,5537140,8745.466,1457.744,0,375.934,0,49.991,6018,4080,3.180,2.110,1.270,4,0,475.916,0,0,11,32,0,15,0
17-02 18:10:12,9.253,24.758,64.021,0,0,1443964,759424,180204,5537148,6576.128,1458.472,0,28.009,0,7.002,4933,2945,3.180,2.110,1.270,2,0,281.091,0,0,11,32,0,15,0
17-02 18:10:13,7.992,21.978,67.184,0,0,1421720,781620,180204,5537196,6423.667,1618.404,0,15.984,0,3.996,4709,2898,3.180,2.110,1.270,1,0,240.763,0,0,11,32,0,15,0
17-02 18:10:14,18.255,24.257,55.765,0,0,1406788,796528,180204,5537220,8943.484,1458.405,0,8.002,0,2.001,5413,11497,3.240,2.140,1.280,1,0,260.072,0,0,11,32,0,16,0
17-02 18:10:15,8.755,19.762,68.793,0,0,1412776,790512,180204,5537244,9274.777,1458.909,0,4.002,0,1.001,4583,2949,3.240,2.140,1.280,1,0,210.131,0,0,11,32,0,16,0
17-02 18:10:16,9.496,20.241,67.971,0,0,1414016,789264,180204,5537256,5704.525,1619.298,0,155.932,0,7.997,4456,2793,3.240,2.140,1.280,2,0,178.922,0,0,11,32,0,15,0
17-02 18:10:17,9.481,21.207,67.115,0,0,1416768,786496,180204,5537272,9658.603,1455.078,0,2650.677,0,26.946,4624,2790,3.240,2.140,1.280,1,0,186.625,0,0,11,32,0,15,0
17-02 18:10:18,20.319,15.553,63.465,0.251,0,1404936,798280,180204,5537284,6229.111,1462.958,0,405.374,0,26.088,5106,5912,3.240,2.140,1.280,3,1,114.388,0,0,11,32,0,15,0
17-02 18:10:19,28.395,18.183,49.317,0.996,0,1425764,777460,180208,5537640,9124.158,1614.013,0,7364.684,0,341.732,5657,6473,3.060,2.120,1.280,4,1,125.534,0,0,11,32,0,15,0
17-02 18:10:20,47.375,12.282,39.604,0.251,0,1521128,682076,180212,5537764,6924.256,1461.854,0,2073.467,0,109.288,3897,2324,3.060,2.120,1.280,3,0,69.182,0,0,11,33,0,14,0
17-02 18:10:21,45.230,5.747,47.979,0,0,1609972,592960,180216,5538024,5358.641,1457.358,0,335.852,0,19.991,3223,2165,3.060,2.120,1.280,2,0,10.995,0,0,11,45,0,14,0
17-02 18:10:22,45.524,5.503,48.526,0.250,0,1647300,553940,180288,5539416,9193.854,1620.856,104.055,152.080,1.001,14.007,3216,1884,3.060,2.120,1.280,3,0,8.004,0,0,11,49,0,14,0
17-02 18:10:23,20.712,16.969,59.891,0,0,1657232,541120,180292,5542072,8875.881,1455.357,0,4535.763,0,320.418,6194,7265,3.060,2.120,1.280,1,1,173.685,0,0,11,48,0,14,0
17-02 18:10:24,13.520,21.531,62.090,0,0,1675420,522844,180292,5542540,5329.742,1622.357,0,168.244,0,10.015,5734,5485,2.900,2.100,1.280,2,0,231.336,0,0,11,48,0,14,0
17-02 18:10:25,23.476,12.487,62.686,0,0,1676164,522104,180292,5542104,9801.951,1456.507,0,2345.595,0,9.990,4339,4637,2.900,2.100,1.280,2,0,76.921,0,0,11,48,0,14,0
17-02 18:10:26,1.752,1.252,96.620,0,0,1676372,521880,180292,5542104,7433.195,1459.806,0,0,0,0,937,1091,2.900,2.100,1.280,0,0,15.019,0,0,11,48,0,14,0
17-02 18:10:27,0.750,1.000,97.987,0,0,1676372,521880,180292,5542104,8913.857,1619.792,0,0,0,0,786,958,2.900,2.100,1.280,0,0,3.000,0,0,11,48,0,14,0
17-02 18:10:28,1.249,0.500,97.710,0,0,1676372,521880,180292,5542104,10094.880,1457.405,0,171.930,0,9.996,903,1250,2.900,2.100,1.280,1,0,2.999,0,0,11,48,0,13,0
17-02 18:10:29,1.000,0.500,97.522,0.250,0,1676340,521880,180292,5542136,6651.473,1620.359,0,352.078,0,23.005,844,1208,2.670,2.070,1.270,0,0,1.000,0,0,11,48,0,13,0
17-02 18:10:30,11.490,12.989,73.686,0,0,1647440,550784,180292,5542476,8190.836,1456.726,0,59.948,0,3.997,4273,3931,2.670,2.070,1.270,4,0,174.847,0,0,11,48,0,13,0
17-02 18:10:31,25.129,15.675,57.723,0,0,1694056,504132,180292,5542584,43355.578,1451.025,0,111.464,0,8.957,4638,5450,2.670,2.070,1.270,4,0,111.464,0,0,11,56,0,13,0
17-02 18:10:32,14.076,15.081,69.121,0.503,0,1679144,519032,180292,5542156,44577.461,1628.749,0,156.843,0,19.103,4550,3739,2.670,2.070,1.270,3,0,158.853,0,0,11,64,0,12,0
17-02 18:10:33,14.006,21.760,62.278,0,0.250,1678476,519644,180292,5542180,6976.191,1696.776,0,0,0,0,4858,3483,2.670,2.070,1.270,3,0,196.090,0,0,12,64,0,12,0
17-02 18:10:34,19.501,18.251,60.753,0,0,1676248,521800,180292,5542648,9025.432,1662.079,0,40.002,0,2.000,4954,5110,2.770,2.100,1.290,1,0,162.008,0,0,12,64,0,12,0
17-02 18:10:35,20.003,16.753,61.511,0,0,1669840,528092,180292,5542328,8769.498,1500.256,0,40.007,0,8.001,5034,5499,2.770,2.100,1.290,1,0,137.023,0,0,12,64,0,12,0
17-02 18:10:36,9.242,11.490,78.184,0,0,1679384,518568,180292,5542328,6857.175,1456.763,0,267.773,0,9.992,2805,2417,2.770,2.100,1.290,1,0,143.878,0,0,12,64,0,11,0
17-02 18:10:37,16.039,19.047,62.404,0,0,1681172,516736,180292,5542820,5925.592,1623.999,0,4.010,0,1.002,5105,4796,2.770,2.100,1.290,1,0,177.437,0,0,14,66,0,11,0
17-02 18:10:38,23.183,11.966,63.318,0,0,1688068,509824,180292,5542388,8942.285,1453.819,0,159.541,0,13.960,4443,5164,2.770,2.100,1.290,1,0,80.768,0,0,14,66,0,11,0
17-02 18:10:39,9.261,19.273,68.834,0,0,1669944,527948,180292,5542396,7687.350,1664.024,0,336.409,0,21.026,4764,3431,2.710,2.100,1.290,1,0,223.272,0,0,14,66,0,12,0
17-02 18:10:40,8.989,19.477,69.169,0,0,1670160,527584,180292,5542544,8765.686,1456.286,0,151.821,0,9.988,4696,3058,2.710,2.100,1.290,2,0,205.758,0,0,14,66,0,12,0
17-02 18:10:41,10.461,20.175,67.002,0,0,1667480,530252,180292,5542556,11651.906,1506.428,0,87.676,0,10.959,4619,2737,2.710,2.100,1.290,1,0,168.377,0,0,14,66,0,8,0
17-02 18:10:42,14.052,21.329,62.232,0,0,1678088,519628,180292,5543008,9258.493,1571.856,0,40.150,0,4.015,5653,5253,2.710,2.100,1.290,6,0,190.710,0,0,14,66,0,8,0
17-02 18:10:43,22.276,11.764,64.825,0,0,1672712,525004,180292,5543020,9079.549,1459.696,0,0,0,0,4296,5054,2.710,2.100,1.290,1,0,65.076,0,0,14,66,0,8,0
17-02 18:10:44,27.477,22.231,48.209,0,0,1699616,498088,180300,5542576,4922.827,1708.552,0,35.970,0,4.996,5019,3286,2.650,2.100,1.290,4,0,177.849,0,0,14,66,0,8,0
17-02 18:10:45,29.948,24.208,44.423,0,0,1790588,406932,180324,5542696,10202.352,1455.482,0,247.572,0,5.990,5235,3034,2.650,2.100,1.290,4,0,217.624,0,0,14,66,0,2,0
17-02 18:10:46,28.891,26.881,42.959,0.251,0,1885120,310928,180380,5544068,6659.454,1465.140,20.098,325.587,2.010,5.024,6235,5619,2.650,2.100,1.290,4,0,273.332,0,0,14,70,0,4,0
17-02 18:10:47,29.925,25.437,42.893,0,0,1951940,244088,180380,5544084,6921.747,1709.738,0,734.170,0,63.841,5178,3058,2.650,2.100,1.290,2,0,239.403,0,0,14,70,0,4,0
17-02 18:10:48,29.995,22.246,45.743,0,0,1972052,223944,180380,5544116,9280.516,1457.767,0,3.999,0,1.000,5340,3173,2.650,2.100,1.290,3,0,229.963,0,0,14,70,0,4,0
17-02 18:10:49,20.556,21.308,57.156,0,0,1986204,209580,180384,5544312,9400.646,1624.432,0,20.055,0,5.014,4804,2968,2.600,2.100,1.300,2,0,194.531,0,0,14,70,0,4,0
17-02 18:10:50,9.728,20.205,67.848,0,0.249,1984908,210804,180384,5544340,14572.318,1454.737,0,1257.180,0,8.980,4867,3128,2.600,2.100,1.300,1,0,221.503,0,0,14,70,0,4,0
17-02 18:10:51,23.491,18.243,57.977,0,0,1991568,204092,180384,5544792,11341.512,1565.381,0,379.850,0,7.997,5759,7533,2.600,2.100,1.300,1,0,139.945,0,0,14,70,0,4,0
17-02 18:10:52,36.512,17.506,44.765,0,0,2015372,180304,180384,5544812,4690.599,1512.516,0,0,0,0,4353,2810,2.600,2.100,1.300,3,0,117.040,0,0,14,70,0,4,0
17-02 18:10:53,51.852,27.304,20.040,0.501,0,2092372,183948,173848,5472208,8905.561,1514.987,56.111,32.063,6.012,8.016,5931,4420,2.600,2.100,1.300,3,0,402.794,0,0,14,70,0,4,0
17-02 18:10:54,62.627,18.963,17.466,0.499,0,2169128,155764,172064,5426692,35567.985,1652.747,95.811,5221.721,9.980,405.202,6517,8114,2.630,2.110,1.310,3,0,205.595,0,0,14,70,0,4,0
17-02 18:10:55,55.920,22.717,9.986,10.485,0,2248188,170948,173388,5333396,5155.609,1509.836,5516.092,1226.242,269.613,32.953,6154,5069,2.630,2.110,1.310,5,0,295.576,0,0,14,70,0,4,0
17-02 18:10:56,71.956,22.063,5.014,1.254,0,2414212,164260,172860,5178616,8991.748,1570.497,1412.043,4781.692,57.164,416.192,7884,10188,2.630,2.110,1.310,3,1,358.025,0,0,14,74,0,4,0
17-02 18:10:57,59.401,20.715,11.481,6.988,0,2444480,196720,172484,5117564,7426.573,1509.474,1209.975,27118.622,46.921,1841.918,14215,24922,2.630,2.110,1.310,5,1,260.564,0,0,14,74,0,4,0
17-02 18:10:58,70.693,25.319,3.008,1.253,0,2583632,129092,172560,5048016,8701.748,1570.286,92.252,8812.049,7.019,673.839,10094,16507,2.630,2.110,1.310,12,0,479.308,0,0,14,80,0,7,0
17-02 18:10:59,65.440,19.732,11.240,2.498,0,2655452,120356,172560,4985780,7186.372,1456.657,1318.784,1258.839,73.932,64.940,10030,15580,2.660,2.130,1.320,3,0,219.797,0,0,14,91,0,13,0
17-02 18:11:00,51.405,24.455,22.209,0.998,0,2785104,139240,172568,4840816,5077.580,1563.100,335.378,946.244,12.976,47.911,6070,4699,2.660,2.130,1.320,6,0,350.350,0,0,14,93,0,13,0
17-02 18:11:01,40.442,24.715,32.953,0.499,0,2837408,155588,172568,4773404,43720.732,1509.850,742.942,870.760,37.946,47.932,6546,6818,2.660,2.130,1.320,3,0,266.620,0,0,14,93,0,13,0
17-02 18:11:02,32.569,23.122,42.017,0.994,0,2879064,181860,172568,4706896,41242.309,1557.364,3.978,7355.215,0.994,276.467,5656,4425,2.660,2.130,1.320,2,0,192.930,0,0,14,95,0,13,0
17-02 18:11:03,31.753,15.121,51.914,0,0,2882200,177816,172568,4708276,10299.108,1524.151,0,0,0,0,6581,10184,2.660,2.130,1.320,1,0,135.077,0,0,14,93,0,14,0
17-02 18:11:04,37.962,15.235,45.454,0.999,0,2940420,186408,172576,4642768,8295.663,1654.337,767.229,15.984,30.969,2.997,4242,2932,2.770,2.160,1.330,2,0,126.872,0,0,14,94,0,14,0
17-02 18:11:05,46.763,6.002,46.763,0.250,0,3043220,150984,172592,4576684,8847.490,1512.426,60.017,308.087,6.002,26.007,3142,1948,2.770,2.160,1.330,2,0,0,0,0,14,94,0,14,0
17-02 18:11:06,10.748,19.496,66.987,0.250,0,3055564,138436,172592,4576892,6752.662,1511.701,7.998,659.869,2.000,46.991,5071,4027,2.770,2.160,1.330,3,0,212.958,0,0,14,97,0,14,0
17-02 18:11:07,9.000,19.250,69.001,0.500,0,3061000,132952,172596,4576920,5341.116,1512.033,8.000,772.017,2.000,45.001,4627,3294,2.770,2.160,1.330,1,0,195.004,0,0,14,97,0,14,0
17-02 18:11:08,9.248,18.746,69.735,0,0,3063748,130184,172596,4576940,6748.519,1565.656,0,135.970,0,12.997,4477,3005,2.770,2.160,1.330,1,0,197.957,0,0,14,99,0,14,0
17-02 18:11:09,9.501,18.501,69.254,0,0,3056720,137200,172596,4576952,10112.579,1512.087,0,72.004,0,9.001,4621,3011,2.630,2.140,1.330,1,0,200.011,0,0,14,101,0,14,0
17-02 18:11:10,9.015,19.281,69.613,0.250,0,3070992,122832,172596,4577032,8183.276,1514.457,48.078,0,1.002,0,4294,2843,2.630,2.140,1.330,1,1,194.315,0,0,14,101,0,14,0
17-02 18:11:11,21.462,5.241,71.374,1.497,0,3113852,146948,172596,4511432,11098.409,1563.241,459.189,143.746,17.968,16.970,2103,1545,2.630,2.140,1.330,1,0,2.995,0,0,14,107,0,14,0
17-02 18:11:12,19.003,2.250,77.511,0,0,3132312,128528,172596,4511484,12854.851,7183.034,40.006,44.006,3.000,3.000,2017,1668,2.630,2.140,1.330,1,0,1.000,0,0,14,110,0,14,0
17-02 18:11:13,22.983,2.998,73.197,0,0,3134316,126512,172600,4511492,25982.149,18497.579,7.994,191.861,1.999,23.983,2889,2806,2.630,2.140,1.330,1,0,0.999,0,0,14,111,0,15,0
17-02 18:11:14,23.270,12.261,63.054,0.250,0,3109484,151140,172736,4513684,6675.741,1459.255,156.134,312.269,5.004,27.023,3423,5254,2.500,2.120,1.330,2,0,98.084,0,0,14,111,0,15,0
17-02 18:11:15,24.472,4.745,69.670,0,0,3119996,140624,172736,4511552,7409.515,3894.540,3.995,251.712,0.999,18.978,2407,9124,2.500,2.120,1.330,1,0,1.998,0,0,14,112,0,16,0
17-02 18:11:16,20.753,2.500,75.511,0.250,0,3121744,138860,172736,4511568,12847.895,5665.836,4.001,172.025,1.000,27.004,2650,2551,2.500,2.120,1.330,1,0,1.000,0,0,14,116,0,16,0
17-02 18:11:17,23.784,4.506,69.600,1.502,0.250,3126036,134084,172752,4512020,9236.282,1460.100,176.253,1914.753,10.014,171.246,3677,4519,2.500,2.120,1.330,1,0,1.001,0,0,14,118,0,15,0
17-02 18:11:18,25.199,5.738,65.868,1.247,0,3133196,126324,172752,4512604,5296.370,1616.755,383.231,1896.194,7.984,163.672,4965,6784,2.500,2.120,1.330,1,0,2.994,0,0,14,121,0,15,0
17-02 18:11:19,24.279,6.007,66.579,1.251,0,3067956,191476,172752,4512692,10118.024,2604.095,32.038,1289.532,2.002,131.156,4744,5889,2.540,2.130,1.340,2,0,40.048,0,0,14,120,0,17,0
17-02 18:11:20,15.998,11.499,69.993,0.750,0,3099360,160032,172752,4512732,9810.016,1619.838,0,3031.696,0,184.981,3140,2944,2.540,2.130,1.340,2,1,71.993,0,0,14,120,0,17,0
17-02 18:11:21,18.758,2.751,77.283,0,0,3139132,120256,172752,4512736,11548.955,7117.053,0,8999.861,0,595.255,2472,1753,2.540,2.130,1.340,0,0,0,0,0,14,121,0,17,0
17-02 18:11:22,19.728,2.747,76.165,0.749,0,3141332,118044,172752,4512748,14553.833,4255.273,0,1766.038,0,93.896,2327,2308,2.540,2.130,1.340,1,0,0,0,0,14,121,0,17,0
17-02 18:11:23,22.770,5.004,70.562,0.250,0,3142192,183092,172752,4448532,5136.510,1621.424,36.032,2650.327,3.003,341.300,3714,4120,2.540,2.130,1.340,1,0,0,0,0,14,121,0,17,0
17-02 18:11:24,33.163,12.966,51.115,1.247,0,3124440,200788,172756,4448552,12367.431,2645.034,0,881.678,0,84.777,4839,4542,2.490,2.130,1.340,2,0,87.769,0,0,14,122,0,18,0
17-02 18:11:25,41.013,11.003,47.515,0,0,3190800,200192,172756,4384448,7005.226,1620.515,0,372.118,0,19.006,3095,1709,2.490,2.130,1.340,2,0,12.004,0,0,14,122,0,18,0
17-02 18:11:26,29.070,3.508,67.163,0,0,3246116,145268,172756,4384492,11649.194,7265.585,176.427,356.864,1.002,19.046,2266,1469,2.490,2.130,1.340,3,0,0,0,0,14,123,0,18,0
17-02 18:11:27,17.747,7.999,73.237,0,0,3221632,169724,172756,4384520,26593.399,18279.838,0,1051.818,0,55.990,2840,2151,2.490,2.130,1.340,2,0,54.990,0,0,14,122,0,19,0
17-02 18:11:28,23.255,2.751,73.016,0,0,3243252,148092,172756,4384532,5199.121,2308.498,12.003,180.039,3.001,22.005,2106,1789,2.490,2.130,1.340,1,0,1.000,0,0,14,123,0,19,0
17-02 18:11:29,18.750,3.500,76.249,0.250,0,3169660,221508,172756,4384708,31239.795,23318.847,8.000,2903.981,2.000,54.000,2626,2425,2.450,2.130,1.340,3,0,14.000,0,0,14,122,0,20,0
17-02 18:11:30,18.795,7.769,72.676,0,0,3218500,172648,172756,4384728,8608.831,1623.929,0,264.640,0,15.036,2368,1726,2.450,2.130,1.340,1,0,39.095,0,0,14,122,0,20,0
17-02 18:11:31,18.679,2.241,77.953,0,0,3246460,144688,172756,4384728,45410.009,7093.975,0,179.317,0,11.954,1815,1261,2.450,2.130,1.340,2,0,0,0,0,14,123,0,20,0
17-02 18:11:32,20.023,3.504,74.586,0.751,0,3250436,140668,172756,4384772,44330.322,2335.704,0,576.668,0,74.086,2774,2944,2.450,2.130,1.340,1,0,0,0,0,14,123,0,20,0
17-02 18:11:33,16.748,10.749,70.992,0.250,0,3210352,180740,172756,4384784,8337.118,2713.713,0,527.944,0,52.994,3369,2779,2.450,2.130,1.340,1,0,81.991,0,0,14,122,0,21,0
17-02 18:11:34,18.499,2.500,78.244,0,0,3261504,129584,172756,4384788,11873.123,3876.714,0,347.974,0,17.999,1686,1174,2.340,2.110,1.340,0,0,0,0,0,14,123,0,21,0
17-02 18:11:35,18.763,7.005,73.549,0.250,0,3199256,191828,172756,4384792,29858.945,21914.639,0,340.227,0,21.014,2806,1964,2.340,2.110,1.340,1,0,55.037,0,0,14,122,0,22,0
17-02 18:11:36,21.245,4.499,72.981,0.500,0,3244600,146468,172756,4384808,9432.581,1457.626,0,947.757,0,60.984,2129,1847,2.340,2.110,1.340,2,0,0,0,0,14,122,0,22,0
17-02 18:11:37,15.997,1.750,81.235,0,0,3262236,128828,172756,4384812,15996.133,8174.535,0,131.976,0,9.998,1701,1280,2.340,2.110,1.340,1,0,0,0,0,14,123,0,22,0
17-02 18:11:38,24.711,3.994,66.893,1.747,0,3262400,128576,172756,4384900,4981.039,1563.501,0,1421.728,0,214.657,4997,6883,2.340,2.110,1.340,1,0,0.998,0,0,14,124,0,22,0
17-02 18:11:39,28.556,5.260,62.874,1.252,0,3195576,195372,172756,4384928,6690.210,2757.445,32.063,1330.627,2.004,145.287,4924,6396,2.310,2.110,1.350,1,0,13.026,0,0,14,123,0,24,0
17-02 18:11:40,19.498,8.499,69.993,1.500,0,3251688,139176,172756,4385012,9217.048,1565.838,0,5283.454,0,307.968,2944,2900,2.310,2.110,1.350,1,0,40.996,0,0,14,123,0,24,0
17-02 18:11:41,19.243,1.749,78.221,0,0,3269188,121536,172756,4385152,15279.323,7915.059,0,2015.251,0,260.903,2282,1551,2.310,2.110,1.350,1,0,0,0,0,14,124,0,24,0
17-02 18:11:42,18.247,4.499,75.487,0.250,0,3269396,121312,172756,4385168,11843.890,5163.080,0,995.823,0,71.987,3221,3835,2.310,2.110,1.350,1,0,0,0,0,14,124,0,23,0
17-02 18:11:43,27.506,7.002,62.514,0.500,0,3269380,121312,172756,4385184,7115.579,1620.360,0,1032.229,0,115.026,5967,8082,2.310,2.110,1.350,1,0,1.000,0,0,14,124,0,23,0
17-02 18:11:44,40.236,8.997,48.233,1.250,0,3270048,182752,172760,4323976,9656.602,1457.487,3.999,1175.586,1.000,121.957,8227,11504,2.530,2.160,1.370,2,0,1.999,0,0,14,126,0,23,0
17-02 18:11:45,19.568,9.784,69.240,0,0,3227080,225940,172760,4323840,10455.189,2560.864,0,425.473,0,29.101,3043,2498,2.530,2.160,1.370,1,0,69.240,0,0,14,125,0,24,0
17-02 18:11:46,22.182,2.742,73.276,0,0,3270476,182536,172760,4323848,5394.537,2139.471,0,386.820,0,23.927,1951,1446,2.530,2.160,1.370,0,0,1.994,0,0,14,126,0,24,0
17-02 18:11:47,18.233,1.998,78.178,0.500,0,3272228,180772,172760,4323860,13133.946,9289.474,0,607.442,0,63.941,2582,2775,2.530,2.160,1.370,2,0,0,0,0,14,126,0,24,0
17-02 18:11:48,14.760,14.760,67.048,1.001,0,3232992,219972,172760,4323896,12782.074,2889.051,0,2870.037,0,189.134,4764,4463,2.530,2.160,1.370,2,0,146.104,0,0,14,125,0,25,0
17-02 18:11:49,21.646,5.225,72.401,0.249,0,3285104,167856,172760,4323900,4947.176,1451.012,0,505.565,0,15.923,1975,1482,2.400,2.140,1.360,2,0,0.995,0,0,14,125,0,25,0
17-02 18:11:50,28.135,3.014,68.329,0,0,3298404,154540,172760,4323916,19956.959,7924.101,0,470.261,0,44.213,3098,3025,2.400,2.140,1.360,1,0,1.005,0,0,14,126,0,23,0
17-02 18:11:51,18.506,1.751,77.774,0.500,0,3294784,158148,172760,4323928,18375.577,6697.033,0,1472.447,0,204.062,2810,2942,2.400,2.140,1.360,1,0,0,0,0,14,126,0,23,0
17-02 18:11:52,25.979,6.745,65.198,0.500,0,3295128,157624,172764,4324104,9682.223,1618.700,0,939.246,0,114.908,6348,9163,2.400,2.140,1.360,1,0,0,0,0,14,126,0,23,0
17-02 18:11:53,28.917,9.224,59.330,0.997,0,3300436,152092,172844,4324232,10023.342,1615.381,111.681,829.628,9.971,66.809,5382,6621,2.400,2.140,1.360,3,0,2.991,0,0,14,126,0,23,0
17-02 18:11:54,34.205,9.557,53.571,0,0,3254860,197656,172844,4324244,7303.708,3132.748,0,1179.056,0,99.596,9001,12980,2.370,2.130,1.370,4,0,67.403,0,0,14,125,0,24,0
17-02 18:11:55,32.172,21.947,43.145,0.998,0.249,3251992,200448,172848,4324316,13290.760,1835.547,0,1592.138,0,145.647,8004,9137,2.370,2.130,1.370,1,0,218.470,0,0,14,125,0,24,0
17-02 18:11:56,23.749,5.250,68.996,1.250,0,3298320,154080,172848,4324324,9938.494,2429.876,4.000,4883.752,1.000,291.985,2779,2952,2.370,2.130,1.370,2,0,0,0,0,14,126,0,24,0
17-02 18:11:57,18.505,2.501,77.520,0,0,3274688,177700,172848,4324336,12021.048,8284.100,0,80.020,0,7.002,2220,1762,2.370,2.130,1.370,1,0,10.003,0,0,14,125,0,25,0
17-02 18:11:58,9.499,19.997,68.991,0,0,3277880,174484,172848,4324360,8818.868,1511.806,0,167.978,0,15.998,4952,3690,2.370,2.130,1.370,1,0,225.971,0,0,14,125,0,23,0
17-02 18:11:59,10.500,19.750,67.499,0.250,0,3273608,178752,172848,4324364,7008.865,1565.970,0,299.994,0,24.000,4783,3393,2.180,2.100,1.360,1,0,191.996,0,0,14,125,0,23,0
17-02 18:12:00,10.001,20.501,67.255,0.250,0,3264052,188196,172848,4324524,11218.771,1512.104,0,208.014,0,17.001,4676,2985,2.180,2.100,1.360,2,0,193.013,0,0,14,125,0,23,0
17-02 18:12:01,21.795,17.536,58.870,0.251,0,3276188,176056,172848,4324968,44096.062,1585.238,0,180.368,0,11.023,5784,7889,2.180,2.100,1.360,15,0,153.313,0,0,14,125,0,23,0
17-02 18:12:02,26.196,16.466,55.636,0,0.249,3277316,174904,172848,4324556,39343.212,1508.902,0,127.738,0,9.980,4275,3217,2.180,2.100,1.360,2,0,107.779,0,0,14,125,0,16,0
17-02 18:12:03,31.270,21.764,45.029,0,0,3324288,127900,172848,4324588,8722.676,1512.985,16.010,452.294,1.001,29.019,5247,3234,2.180,2.100,1.360,6,0,215.140,0,0,14,125,0,16,0
17-02 18:12:04,23.986,23.236,51.469,0,0,3331212,184844,172864,4262264,9052.609,1565.068,99.940,271.838,7.995,20.988,5640,4598,2.250,2.110,1.370,2,0,205.877,0,0,14,131,0,16,0
17-02 18:12:05,20.281,24.287,53.831,0.250,0,3342764,171804,172864,4263792,4840.307,1550.341,0,244.369,0,18.027,6617,8372,2.250,2.110,1.370,6,0,204.308,0,0,14,131,0,16,0
17-02 18:12:06,28.931,20.950,47.886,0.249,0,3390840,122676,172872,4265192,8588.489,1508.398,0,307.266,0,21.948,6875,11315,2.250,2.110,1.370,2,0,185.557,0,0,14,137,0,16,0
17-02 18:12:07,39.523,15.509,43.025,0,0,3439040,137676,172876,4203500,9149.305,1458.846,12.007,7384.282,3.002,683.396,4911,3463,2.250,2.110,1.370,5,0,131.076,0,0,16,137,0,15,0
17-02 18:12:08,51.568,27.787,20.277,0,0,3535144,165316,172876,4082928,10003.200,1568.069,104.137,248.328,7.009,22.029,5857,4178,2.250,2.110,1.370,3,0,317.419,0,0,16,137,0,15,0
17-02 18:12:09,53.807,24.276,21.022,0.501,0,3620724,138656,172876,4025544,8240.709,1513.600,24.025,316.334,3.003,32.034,9043,11077,2.390,2.140,1.380,2,0,378.400,0,0,16,153,0,15,0
17-02 18:12:10,23.813,17.612,56.804,0,0,3622984,173432,172560,3989264,5260.657,1623.243,0,2341.597,0,18.852,6015,8211,2.390,2.140,1.380,3,0,189.511,0,0,16,153,0,15,0
17-02 18:12:11,38.054,21.925,39.062,0.252,0,3675984,174284,172432,3935920,11530.079,1469.737,8.064,245.964,2.016,26.209,6271,3660,2.390,2.140,1.380,4,0,216.731,0,0,16,153,0,15,0
17-02 18:12:12,27.675,23.436,47.122,0.249,0,3727380,168896,172436,3890180,10367.790,1507.897,7.978,446.784,1.995,24.932,5452,3591,2.390,2.140,1.380,1,0,238.351,0,0,17,153,0,15,0
17-02 18:12:13,8.503,20.007,69.275,0,0,3737632,158604,172436,3890220,8707.093,1566.556,12.004,256.091,3.001,22.008,4875,3457,2.390,2.140,1.380,1,0,213.076,0,0,17,153,0,15,0
17-02 18:12:14,10.995,20.990,65.717,0,0,3743112,153080,172436,3890248,8748.671,1457.279,3.998,607.699,1.000,46.977,4934,3640,2.360,2.140,1.390,1,0,192.905,0,0,17,159,0,15,0
17-02 18:12:15,20.447,24.187,53.861,0.249,0,3745600,150576,172436,3890724,9355.770,1508.094,0,207.463,0,13.964,5708,12228,2.360,2.140,1.390,4,0,211.452,0,0,17,159,0,14,0
17-02 18:12:16,23.315,16.045,59.166,0,0.251,3747956,148084,172440,3890856,8990.237,1660.662,0,264.743,0,18.051,5533,6974,2.360,2.140,1.390,1,0,138.388,0,0,17,159,0,14,0
17-02 18:12:17,27.429,19.200,51.616,0,0.249,3753720,184108,172440,3848784,6009.416,1454.229,0,402.955,0,22.941,4596,2969,2.360,2.140,1.390,6,0,143.628,0,0,17,159,0,14,0
17-02 18:12:18,29.825,23.559,45.363,0,0,3820580,128732,172440,3837704,4585.457,1461.652,0,4.010,0,1.003,5220,3390,2.360,2.140,1.390,3,0,218.546,0,0,17,159,0,14,0
17-02 18:12:19,36.472,25.730,36.222,0.250,0,3875680,170908,172204,3742308,9242.974,1510.852,15.988,583.556,2.998,43.967,5969,5726,2.330,2.140,1.390,6,0,208.841,0,0,17,186,0,13,0
17-02 18:12:20,24.266,18.762,54.285,0.250,0,3905228,140748,172204,3743352,9207.012,1567.023,128.084,424.277,1.001,22.014,7685,11373,2.330,2.140,1.390,1,0,236.154,0,0,17,187,0,13,0
17-02 18:12:21,28.434,16.960,53.126,0.748,0,3913556,186264,172204,3690472,8838.372,1454.605,39.907,271.367,3.991,28.932,4779,3520,2.330,2.140,1.390,2,0,120.718,0,0,17,191,0,13,0
17-02 18:12:22,31.089,25.323,42.121,0.251,0,3975020,178088,172204,3638388,8805.264,1462.195,4.012,385.105,1.003,17.049,5336,3506,2.330,2.140,1.390,2,0,257.740,0,0,17,191,0,13,0
17-02 18:12:23,27.489,26.489,45.232,0,0,4046936,204448,172212,3542448,9068.393,1511.399,27.989,379.849,3.998,34.986,7162,7770,2.330,2.140,1.390,1,0,289.885,0,0,17,197,0,12,0
17-02 18:12:24,11.001,20.752,66.007,0.250,0,4050912,200440,172212,3542464,9122.918,1566.158,0,460.046,0,26.003,5044,3568,2.220,2.120,1.390,2,0,237.024,0,0,17,197,0,12,0
17-02 18:12:25,9.998,19.747,66.989,0.250,0,4049632,201700,172212,3542484,4907.209,1457.765,3.999,1067.828,1.000,103.983,4956,3666,2.220,2.120,1.390,2,0,211.966,0,0,17,197,0,12,0
17-02 18:12:26,9.500,20.251,67.252,0,0,4052708,198600,172212,3542508,4999.168,1618.054,0,400.013,0,29.001,5041,3770,2.220,2.120,1.390,2,0,187.006,0,0,17,197,0,12,0
17-02 18:12:27,9.998,21.247,66.239,0,0,4046640,204652,172212,3542524,9182.534,1511.759,3.999,307.951,1.000,21.996,5044,3523,2.220,2.120,1.390,1,0,191.969,0,0,17,197,0,10,0
17-02 18:12:28,20.986,16.240,59.712,0.500,0,4051908,199372,172212,3542536,9162.094,1564.991,0,8662.416,0,809.478,6117,6622,2.220,2.120,1.390,2,0,131.915,0,0,17,197,0,10,0
17-02 18:12:29,27.464,18.226,52.431,0,0,4077108,174092,172216,3542616,9039.158,1456.092,31.958,715.063,1.997,53.929,5918,6719,2.360,2.150,1.400,2,0,144.810,0,0,17,203,0,10,0
17-02 18:12:30,42.589,9.770,46.347,0.251,0,4168064,129984,172216,3496656,6959.532,1461.051,0,925.933,0,12.025,3620,2180,2.360,2.150,1.400,2,0,45.094,0,0,17,203,0,10,0
17-02 18:12:31,43.861,8.772,46.618,0.501,0,4267104,148664,172220,3381804,43786.698,1515.832,44.112,192.487,4.010,13.033,3454,2181,2.360,2.150,1.400,2,0,4.010,0,0,17,206,0,9,0
17-02 18:12:32,31.666,4.737,62.584,0.249,0,4322520,183732,172224,3293052,43253.000,1561.847,31.915,183.512,2.992,5.984,3023,2276,2.360,2.150,1.400,1,0,4.987,0,0,17,209,0,9,0
17-02 18:12:33,30.009,21.506,47.514,0.750,0,4239168,265276,172228,3294856,5359.525,1458.415,308.088,124.035,7.002,6.002,6990,7766,2.360,2.150,1.400,3,0,260.074,0,0,17,209,0,9,0
17-02 18:12:34,38.550,31.791,27.035,0.501,0,4338392,163520,172240,3297368,7811.030,1744.240,1365.754,680.874,23.030,11.014,6424,5766,2.330,2.150,1.400,3,0,428.550,0,0,17,211,1,9,0
17-02 18:12:35,36.218,26.477,35.469,0.250,0,4353264,146908,172248,3299088,15428.563,9411.803,19.983,343.701,1.998,24.978,6303,5638,2.330,2.150,1.400,4,0,247.784,0,0,17,218,0,7,0
17-02 18:12:36,42.053,22.278,35.295,0.250,0,4293136,206400,172248,3300068,7930.000,2225.807,96.121,228.288,4.005,11.014,5607,5256,2.330,2.150,1.400,2,0,158.199,0,0,17,217,0,8,0
17-02 18:12:37,63.542,21.764,14.259,0.250,0,4371360,126372,172256,3301964,10943.256,3430.274,40.027,252.167,2.001,12.008,5661,6078,2.330,2.150,1.400,4,0,191.127,0,0,17,218,0,8,0
17-02 18:12:38,58.853,11.471,22.693,5.985,0,4420260,162204,172260,3219376,14202.543,9577.090,550.625,4540.664,15.960,449.877,5454,4714,2.330,2.150,1.400,2,0,34.913,0,0,17,219,0,8,0
17-02 18:12:39,66.853,14.468,11.225,6.236,0,4444912,168464,172288,3188960,11005.877,2485.552,1963.696,7655.221,66.853,69.847,5357,4709,2.630,2.210,1.430,4,0,33.926,0,0,17,224,0,7,0
17-02 18:12:40,67.725,13.043,11.538,6.773,0,4533984,143740,172356,3125380,7822.000,2930.742,5333.729,1079.588,288.960,95.317,6929,7515,2.630,2.210,1.430,4,0,46.153,0,0,17,224,0,11,0
17-02 18:12:41,32.940,24.206,41.175,0,0,4543020,133128,172356,3126964,13560.237,9847.018,39.927,842.462,3.993,33.938,6643,6160,2.630,2.210,1.430,3,0,278.491,0,0,17,224,0,11,0
17-02 18:12:42,37.618,27.838,32.352,0.502,0,4514772,159732,172356,3128608,10139.923,2562.066,32.101,2684.451,1.003,157.496,6806,6639,2.630,2.210,1.430,3,0,262.827,0,0,17,223,0,12,0
17-02 18:12:43,44.415,18.361,35.482,0.248,0,4538100,152736,172356,3113188,9423.873,3859.868,0,408.914,0,22.828,6470,9026,2.630,2.210,1.430,2,0,193.539,0,0,17,224,0,12,0
17-02 18:12:44,45.268,21.125,32.442,0,0,4552732,137076,172356,3113864,12379.200,9168.213,8.048,559.307,2.012,37.220,6068,6085,2.660,2.230,1.440,4,0,201.190,0,0,17,224,0,12,0
17-02 18:12:45,58.534,29.267,12.257,0.250,0,4607296,123952,172356,3074296,10594.109,2392.379,40.023,368.212,3.002,33.019,6299,6072,2.660,2.230,1.440,6,0,344.198,0,0,17,223,0,13,0
17-02 18:12:46,57.362,21.292,18.286,1.503,0,4649204,154572,172376,3003540,12266.049,7250.215,1346.640,1446.837,58.114,31.061,8601,12837,2.660,2.230,1.440,2,0,317.623,0,0,17,228,0,15,0
17-02 18:12:47,46.541,22.399,29.368,0.498,0,4654640,183980,172380,2969024,14936.817,6817.337,15.928,668.991,2.987,44.799,6566,6756,2.660,2.230,1.440,3,0,321.554,0,0,17,227,0,16,0
17-02 18:12:48,57.736,27.613,13.053,0.753,0.251,4712284,162920,172380,2933648,9764.889,1463.980,751.068,823.363,19.078,50.205,10619,22083,2.660,2.230,1.440,4,0,401.641,0,0,17,229,0,16,0
17-02 18:12:49,44.834,17.186,35.369,1.494,0,4740420,133036,172380,2935080,15712.925,11286.286,346.719,545.982,22.915,32.878,7906,12386,2.610,2.220,1.440,2,0,153.433,0,0,17,236,0,16,0
17-02 18:12:50,58.721,19.323,22.083,0,0,4783136,131532,172380,2895052,15386.013,2672.075,120.454,774.922,8.030,42.159,5364,4087,2.610,2.220,1.440,3,0,113.428,0,0,17,239,0,17,0
17-02 18:12:51,61.639,11.230,24.705,0.998,0,4909896,144356,172396,2758152,18680.305,9487.886,515.071,323.417,15.971,16.969,5341,5595,2.610,2.220,1.440,2,0,2.995,0,0,17,243,0,18,0
17-02 18:12:52,60.539,10.257,26.267,2.001,0,4867152,240732,172216,2705424,15133.750,10835.981,1464.944,760.490,80.052,55.035,6478,7542,2.610,2.220,1.440,3,0,14.009,0,0,17,244,0,21,0
17-02 18:12:53,62.496,12.249,24.249,0.500,0,4986864,120652,172248,2705744,10803.343,3132.810,715.956,427.974,20.999,34.998,4946,3559,2.610,2.220,1.440,4,0,8.999,0,0,17,250,0,21,0
17-02 18:12:54,47.672,23.961,24.460,2.746,0,4960348,176688,172512,2676532,18910.071,10613.640,4304.959,1664.278,80.868,102.832,8304,9122,2.720,2.250,1.460,5,0,381.376,0,0,17,256,0,22,0
17-02 18:12:55,48.866,27.566,21.551,0.251,0,4942548,193828,172512,2677184,14166.709,4181.951,1138.710,3636.653,29.069,340.811,7621,8439,2.720,2.250,1.460,4,0,394.940,0,0,17,254,0,24,0
17-02 18:12:56,56.549,18.684,23.666,0.249,0,4946584,189628,172512,2677344,14122.845,7156.585,769.268,593.891,6.975,38.862,6808,8217,2.720,2.250,1.460,7,0,189.328,0,0,17,257,0,23,0
17-02 18:12:57,72.907,17.287,9.270,1.253,0,4944564,222852,172520,2646860,10531.667,6853.751,1218.623,2946.341,58.125,60.129,5926,5050,2.720,2.250,1.460,4,0,169.365,0,0,18,259,0,24,0
17-02 18:12:58,77.841,13.015,2.503,5.506,0,5087164,144984,172520,2583356,9624.311,1567.843,2947.464,1513.779,162.191,169.199,5522,3989,2.720,2.250,1.460,4,0,9.011,0,0,18,259,0,24,0
17-02 18:12:59,74.260,11.001,13.002,1.250,0,5165924,135892,172552,2515856,16323.144,11334.489,1400.184,1720.226,51.007,121.016,7048,7583,2.820,2.280,1.470,6,0,42.006,0,0,18,263,0,26,0
17-02 18:13:00,43.482,15.743,38.484,1.499,0,5169764,131628,172564,2516236,11433.202,2984.747,583.755,12894.589,9.996,66.972,5335,4745,2.820,2.280,1.470,2,0,194.918,0,0,18,265,0,26,0
17-02 18:13:01,39.486,8.747,51.232,0.250,0,5200172,127372,172572,2490564,54049.417,8708.006,519.821,307.894,5.998,15.995,3578,2298,2.820,2.280,1.470,3,0,5.998,0,0,18,267,0,26,0
17-02 18:13:02,43.012,8.252,46.763,0.750,0,5110972,204096,172572,2503024,13013412.888,84876.729,304.081,596.160,5.001,54.014,8102,4860,2.820,2.280,1.470,3,0,11.003,0,0,18,270,0,27,0
17-02 18:13:03,49.469,25.734,21.986,1.499,0,5177260,131748,172572,2509068,3623982.936,15680.225,2802.253,14243.121,30.981,991.382,7222,4438,2.820,2.280,1.470,3,0,260.837,0,0,18,269,0,27,0
17-02 18:13:04,51.152,9.731,38.676,0.250,0,5239424,129548,172572,2450724,11919.137,9319.124,255.510,415.204,1.996,36.929,3981,2719,2.750,2.280,1.470,2,0,2.994,0,0,18,270,0,27,0
17-02 18:13:05,25.967,5.992,65.668,0.499,0,5179624,189140,172572,2450936,18246.130,13686.845,51.935,1897.621,3.995,144.818,4345,4604,2.750,2.280,1.470,2,1,36.954,0,0,18,275,0,29,0
17-02 18:13:06,26.266,3.752,67.541,0,0,5177836,190636,172572,2451232,9240.638,1566.956,48.029,200.122,3.002,13.008,4441,4679,2.750,2.280,1.470,3,0,6.004,0,0,18,274,0,29,0
17-02 18:13:07,7.226,3.737,85.711,0.997,0,5176348,191832,172572,2451524,409581.809,16331606.589,446.494,414.602,22.923,45.845,3445,3103,2.750,2.280,1.470,0,0,0.997,0,0,18,273,0,30,0
17-02 18:13:08,2.759,0.752,93.803,1.003,0,5173576,194428,172572,2451700,8835.563,1516.904,0,3001.704,0,177.574,1863,2861,2.750,2.280,1.470,0,0,0,0,0,18,273,0,30,0
17-02 18:13:09,2.747,0.999,95.660,0,0,5167848,200156,172572,2451700,10445.224,1564.536,0,239.776,0,16.984,1486,2061,2.530,2.240,1.460,0,0,0.999,0,0,18,275,0,30,0
17-02 18:13:10,21.012,3.002,74.042,0.250,0,5175488,192496,172572,2451720,7565305.151,28231.902,0,176.099,0,9.005,5106,3852,2.530,2.240,1.460,1,0,1.001,0,0,18,280,0,30,0
17-02 18:13:11,24.746,4.499,68.239,0.500,0,5155936,207040,172580,2456720,4029337.112,16503.318,63.990,831.865,3.000,61.990,5393,5089,2.530,2.240,1.460,1,0,1.000,0,0,18,280,0,30,0
17-02 18:13:12,16.250,13.000,68.251,0.500,0,5093964,257788,172580,2467916,4948143.710,24049.232,64.001,17088.165,4.000,67.001,5426,3713,2.530,2.240,1.460,1,0,117.001,0,0,18,277,0,33,0
17-02 18:13:13,10.011,20.272,66.571,0.501,0,5100204,251508,172580,2467956,8946.574,1567.678,12.013,752.806,1.001,26.028,5644,4467,2.530,2.240,1.460,1,0,276.296,0,0,18,277,0,33,0
17-02 18:13:14,21.991,9.496,67.972,0.250,0,5132800,218900,172580,2467968,6966.127,1457.399,0,407.832,0,39.984,3345,3108,2.730,2.280,1.480,1,0,75.969,0,0,18,281,0,33,0
17-02 18:13:15,28.511,11.255,57.773,1.251,0,5160132,191368,172584,2468148,5316.135,1458.586,176.071,360.145,10.004,36.014,4336,12428,2.730,2.280,1.480,2,0,114.046,0,0,18,281,0,34,0
17-02 18:13:16,9.001,19.252,69.259,0,0,5154756,196724,172584,2468168,10668.384,1512.196,0,172.022,0,10.001,4793,3494,2.730,2.280,1.480,0,0,199.026,0,0,18,281,0,33,0
17-02 18:13:17,9.246,18.493,68.972,0.250,0,5134688,216760,172584,2468200,7049.163,1565.370,3.998,539.783,1.000,37.985,4830,3642,2.730,2.280,1.480,1,0,184.926,0,0,18,281,0,33,0
17-02 18:13:18,11.000,19.250,67.502,0.250,0,5134752,216644,172584,2468248,9308.234,1458.037,16.000,272.007,1.000,31.001,4994,3946,2.730,2.280,1.480,1,0,208.005,0,0,18,283,0,33,0
17-02 18:13:19,3.250,1.500,94.492,0,0,5125972,225424,172584,2468248,7079.424,1457.881,0,187.985,0,11.999,1426,1877,2.510,2.250,1.470,1,0,8.999,0,0,18,283,0,33,0
17-02 18:13:20,22.496,4.749,71.736,0,0,5175940,175456,172584,2468248,7233.604,1619.687,0,55.989,0,3.999,2341,1945,2.510,2.250,1.470,1,0,1.000,0,0,18,283,0,33,0
17-02 18:13:21,19.750,2.750,76.249,0.250,0,5194212,157100,172584,2468332,16904.668,7181.859,79.998,131.997,3.000,17.000,2390,2159,2.510,2.250,1.470,1,0,0,0,0,18,284,0,33,0
17-02 18:13:22,16.254,10.503,70.268,0.250,0,5174032,177184,172584,2468428,11191.941,4761.251,64.017,452.119,4.001,34.009,4204,3594,2.510,2.250,1.470,1,0,103.027,0,0,18,289,0,34,0
17-02 18:13:23,12.241,16.238,68.448,0,0.250,5171560,179496,172588,2468568,5096.105,1498.854,11.991,99.924,2.998,10.992,4449,3185,2.510,2.250,1.470,1,0,98.924,0,0,18,289,0,34,0
17-02 18:13:24,15.266,16.768,66.571,0.501,0,5151528,199212,172588,2468884,9189.800,1621.729,4.004,148.158,1.001,15.016,4678,3493,2.390,2.230,1.470,2,0,102.109,0,0,18,291,0,34,0
17-02 18:13:25,11.994,16.742,68.216,0,0,5139968,210740,172588,2468916,9043.427,1457.263,0,3.998,0,0.999,4507,3195,2.390,2.230,1.470,1,0,109.944,0,0,18,291,0,34,0
17-02 18:13:26,13.256,16.257,68.782,0,0,5139000,211516,172588,2469092,8853.072,1458.671,0,976.449,0,89.041,4311,2996,2.390,2.230,1.470,1,0,95.044,0,0,18,291,0,34,0
17-02 18:13:27,16.002,13.252,69.261,0.250,0,5127664,222812,172588,2469116,8730.327,1512.230,4.001,0,1.000,0,3723,2712,2.390,2.230,1.470,1,0,94.014,0,0,18,291,0,34,0
17-02 18:13:28,24.496,2.999,70.988,0,0,5176124,174352,172588,2469116,4691.186,1565.728,0,279.951,0,29.995,2514,2418,2.390,2.230,1.470,3,0,2.000,0,0,18,291,0,34,0
17-02 18:13:29,24.495,3.749,69.986,1.000,0,5230632,152468,172588,2437724,8865.272,1457.716,307.940,371.927,6.999,28.994,2527,2225,2.280,2.200,1.470,1,0,2.999,0,0,18,291,0,34,0
17-02 18:13:30,24.258,3.251,71.272,0.250,0,5169176,213764,172588,2437884,8567.685,1458.457,136.043,308.097,9.003,34.011,2749,2678,2.280,2.200,1.470,1,0,8.003,0,0,18,291,0,34,0
17-02 18:13:31,25.353,2.761,70.786,0.502,0,5219540,163364,172588,2437920,47153.782,1518.142,40.162,313.267,5.020,26.106,2431,2284,2.280,2.200,1.470,1,0,0,0,0,18,291,0,34,0
17-02 18:13:32,28.127,7.716,62.727,0,0,5255784,126968,172588,2438056,41817.852,1559.208,0,234.977,0,17.922,4235,5001,2.280,2.200,1.470,2,0,3.983,0,0,18,291,0,34,0
17-02 18:13:33,16.250,2.500,80.498,0,0,5243724,138948,172588,2438136,25808.357,19184.522,47.999,147.996,3.000,10.000,3073,2926,2.280,2.200,1.470,0,0,0,0,0,18,294,0,35,0
17-02 18:13:34,25.707,4.243,67.887,0.250,0,5140392,242260,172588,2438156,10444.576,2779.363,0,3601.991,0,468.219,3442,2770,2.180,2.180,1.470,1,0,15.973,0,0,18,291,0,36,0
17-02 18:13:35,22.797,4.259,72.400,0.251,0,5188408,194244,172588,2438156,5267.885,1515.131,0,236.489,0,14.029,2141,1790,2.180,2.180,1.470,1,0,0,0,0,18,291,0,36,0
17-02 18:13:36,19.734,8.743,70.192,0.250,0,5155284,227224,172588,2438300,5576.408,1564.711,3.997,16066.769,0.999,31.974,3267,2388,2.180,2.180,1.470,2,0,83.931,0,0,18,291,0,36,0
17-02 18:13:37,9.994,19.238,68.207,0,0,5150720,231752,172596,2438328,9078.303,1457.086,395.752,543.659,5.996,20.987,4819,3595,2.180,2.180,1.470,1,0,178.888,0,0,18,291,0,35,0
17-02 18:13:38,12.758,19.013,65.043,1.501,0,5147808,234504,172596,2438552,7110.716,1458.968,104.069,284.188,8.005,29.019,5302,4048,2.180,2.180,1.470,1,1,231.153,0,0,18,291,0,35,0
17-02 18:13:39,19.525,9.262,69.089,0.501,0,5176608,205668,172600,2438584,10686.700,1513.941,36.046,324.416,3.004,22.028,3643,3027,2.080,2.160,1.460,1,0,89.114,0,0,18,291,0,35,0
17-02 18:13:40,23.548,4.008,71.896,0,0,5184424,197804,172640,2438592,9231.740,1811.678,12.024,172.350,3.006,10.020,2630,2012,2.080,2.160,1.460,0,0,34.069,0,0,18,291,1,35,0
17-02 18:13:41,21.162,2.241,72.697,2.739,0,5188088,189092,173060,2443124,14806.333,3443.658,127.469,760.831,5.975,21.909,2276,2035,2.080,2.160,1.460,2,0,0,0,0,18,291,0,30,1
17-02 18:13:42,24.283,2.503,71.598,0.250,0,5182564,193244,173124,2444432,6678.138,1568.146,164.225,604.828,2.003,23.032,2462,2056,2.080,2.160,1.460,1,0,3.004,0,0,18,291,0,30,0
17-02 18:13:43,20.251,3.000,75.505,0.500,0,5193476,176552,173644,2449516,12421.868,4801.335,4.000,1180.082,1.000,42.003,2449,2227,2.080,2.160,1.460,1,0,18.001,0,0,18,291,0,30,0
17-02 18:13:44,24.248,5.999,67.243,0.250,0,5183404,186048,173664,2450068,4431.564,1619.841,91.991,591.942,4.000,23.998,12074,22230,2,2.150,1.460,3,0,13.999,0,0,18,291,0,30,0
17-02 18:13:45,20.306,2.256,76.712,0.251,0,5172708,196172,173720,2450584,15918.021,4639.831,160.444,501.387,8.022,15.042,2176,1870,2,2.150,1.460,2,0,1.003,0,0,18,292,0,28,0
17-02 18:13:46,23.439,6.733,66.827,0,0,5176112,192668,173736,2450668,6397.437,1561.956,0,442.853,0,13.964,11016,19587,2,2.150,1.460,1,0,13.964,0,0,18,292,0,28,0
17-02 18:13:47,22.999,4.250,71.998,0,0,5171832,195520,173832,2451984,9234.680,1511.948,0,267.991,0,8.000,2450,1849,2,2.150,1.460,1,0,8.000,0,0,18,292,0,28,0
17-02 18:13:48,13.000,15.250,68.748,0.500,0,5109076,269488,173848,2440772,8557.754,1779.949,0,939.973,0,29.999,4739,3683,2,2.150,1.460,3,0,177.995,0,0,18,291,0,28,0
17-02 18:13:49,18.250,12.000,68.501,0,0,5136996,241416,173848,2440908,10208.134,1566.021,0,204.003,0,14.000,3287,2704,1.920,2.130,1.460,1,0,86.001,0,0,18,291,0,24,0
17-02 18:13:50,25.075,2.006,72.216,0,0,5180420,197820,173848,2441080,12821.313,1462.370,0,80.240,0,5.015,2160,1564,1.920,2.130,1.460,1,0,1.003,0,0,18,291,0,24,0
17-02 18:13:51,19.679,1.744,77.472,0.249,0,5186396,191728,173848,2441196,19173.183,11762.781,79.714,139.499,4.982,11.957,2563,2450,1.920,2.130,1.460,1,0,0,0,0,18,291,0,27,0
17-02 18:13:52,15.293,14.291,68.695,0,0,5172180,205912,173848,2441228,10487.811,1570.464,20.057,300.855,2.006,19.054,3817,2942,1.920,2.130,1.460,2,0,112.319,0,0,18,291,0,27,0
17-02 18:13:53,24.449,2.994,71.599,0,0,5220720,157372,173848,2441228,8778.526,1454.938,0,87.815,0,10.977,2202,1708,1.920,2.130,1.460,1,0,0,0,0,18,291,0,21,0
17-02 18:13:54,19.486,3.498,76.197,0,0,5188176,189776,173848,2441368,13710.384,10090.923,0,59.958,0,5.996,2650,2336,1.760,2.090,1.450,3,0,6.995,0,0,18,291,0,22,0
17-02 18:13:55,18.511,10.506,70.043,0,0,5192592,185360,173848,2441368,9555.871,1566.963,0,0,0,0,3034,2415,1.760,2.090,1.450,1,0,63.039,0,0,18,291,0,22,0
17-02 18:13:56,20.727,1.498,76.913,0,0,5200740,177208,173848,2441372,15917.010,7227.831,0,39.955,0,2.997,2174,1807,1.760,2.090,1.450,1,0,0,0,0,18,292,0,22,0
17-02 18:13:57,19.802,7.019,72.692,0,0,5177512,200404,173848,2441404,17169.339,8871.427,16.042,256.678,1.003,2.005,3114,2293,1.760,2.090,1.450,1,0,56.148,0,0,18,291,0,20,0
17-02 18:13:58,22.713,4.742,70.136,0.250,0.250,5179816,198096,173848,2441408,7899.194,1509.553,0,243.605,0,26.956,2726,2558,1.760,2.090,1.450,1,0,0.998,0,0,18,291,0,20,0
17-02 18:13:59,18.749,3.000,76.747,1.000,0,5191572,186308,173848,2441440,15327.497,11638.618,15.999,2319.924,1.000,141.995,2881,3038,1.700,2.070,1.450,1,0,1.000,0,0,18,291,0,22,1
17-02 18:14:00,21.003,6.751,71.010,0.250,0,5174188,203664,173848,2441468,9421.275,1632.221,12.002,116.016,1.000,8.001,2662,2055,1.700,2.070,1.450,2,0,33.004,0,0,18,291,0,23,0
17-02 18:14:01,19.996,2.250,76.735,0.250,0,5214956,162720,173848,2441644,48193.716,7304.593,207.960,123.976,8.998,10.998,2360,2204,1.700,2.070,1.450,1,0,0,0,0,18,292,0,19,0
17-02 18:14:02,18.006,2.251,78.777,0.250,0,5172456,205172,173848,2441724,47757.243,6770.303,32.011,1716.584,2.001,151.051,2834,2961,1.700,2.070,1.450,1,0,3.001,0,0,18,291,0,20,0
17-02 18:14:03,19.750,8.000,70.501,0,0,5172968,204656,173848,2441728,10858.213,1566.031,0,116.002,0,8.000,2777,2250,1.700,2.070,1.450,2,0,44.001,0,0,18,291,0,20,0
17-02 18:14:04,19.732,2.498,76.432,0,0,5194176,183444,173848,2441732,12952.444,7478.328,0,111.900,0,5.995,2176,1920,1.810,2.090,1.460,0,0,0,0,0,18,292,0,20,0
17-02 18:14:05,20.514,7.505,72.301,0.250,0,5173848,203756,173848,2441748,14384.162,5736.052,0,2429.717,0,401.284,3328,2725,1.810,2.090,1.460,1,0,34.024,0,0,18,291,0,20,0
17-02 18:14:06,20.755,3.251,74.269,0,0,5221964,155636,173848,2441752,9719.421,3955.985,0,96.024,0,10.002,2378,2011,1.810,2.090,1.460,2,0,6.001,0,0,18,292,0,20,0
17-02 18:14:07,18.243,1.749,79.220,0.250,0,5213200,164388,173848,2441764,13656.829,9981.220,0,383.855,0,29.989,2566,2710,1.810,2.090,1.460,2,0,0,0,0,18,291,0,21,0
17-02 18:14:08,18.502,11.001,68.008,0.250,0,5163156,214412,173848,2441784,8899.985,1512.167,0,364.040,0,38.004,3683,3135,1.810,2.090,1.460,1,0,88.010,0,0,18,291,0,21,0
17-02 18:14:09,20.496,2.749,75.985,0,0,5206180,171384,173848,2441788,9897.069,7156.603,0,151.970,0,11.998,2361,2157,1.740,2.070,1.450,1,0,0,0,0,18,292,0,20,0
17-02 18:14:10,21.245,5.999,72.234,0,0,5191644,185896,173848,2441812,30120.495,18477.009,0,231.950,0,30.993,3025,2366,1.740,2.070,1.450,2,0,47.990,0,0,18,291,0,22,0
17-02 18:14:11,22.511,5.002,70.533,0.250,0,5195344,182116,173848,2441892,8964.227,1512.713,80.038,264.125,4.002,28.013,2631,2559,1.740,2.070,1.450,1,0,0,0,0,18,291,0,22,0
17-02 18:14:12,18.258,2.501,78.283,0,0,5193520,183692,173848,2442140,18591.765,9160.826,112.047,152.064,7.003,12.005,2452,2178,1.740,2.070,1.450,1,0,0,0,0,18,292,0,23,0
17-02 18:14:13,21.994,5.499,71.481,0.250,0,5186132,191044,173848,2442176,10821.073,2733.261,31.991,247.933,1.999,20.994,2722,2547,1.740,2.070,1.450,1,0,14.996,0,0,18,291,0,24,0
17-02 18:14:14,20.242,2.999,75.968,0,0,5223928,153244,173848,2442180,11206.298,7232.965,0,223.906,0,21.991,2402,2321,1.600,2.040,1.440,2,0,1.000,0,0,18,292,0,21,0
17-02 18:14:15,26.017,6.254,63.791,1.501,0,5231284,144220,173848,2444860,9031.738,2405.528,1601.017,996.633,53.034,136.086,5024,8162,1.600,2.040,1.440,5,0,35.022,0,0,18,294,0,21,0
17-02 18:14:16,29.723,8.742,60.445,0.749,0.250,5220588,154848,173848,2443916,14209.996,2761.473,31.971,715.345,1.998,83.923,4880,10955,1.600,2.040,1.440,2,0,6.994,0,0,18,293,0,23,0
17-02 18:14:17,24.259,3.251,71.525,0.500,0,5212768,162660,173848,2443924,10515.749,1512.539,0,388.138,0,39.014,2438,2094,1.600,2.040,1.440,1,0,0,0,0,18,293,0,23,0
17-02 18:14:18,17.496,2.499,78.733,0,0,5203672,171744,173848,2443936,17384.186,10802.630,0,271.940,0,23.995,2704,2703,1.600,2.040,1.440,2,0,0,0,0,18,294,0,22,0
17-02 18:14:19,23.056,5.513,68.166,1.253,0,5204044,171268,173848,2444040,7771.981,1968.808,64.157,3520.598,3.007,249.610,5117,6765,1.550,2.020,1.440,1,0,0,0,0,18,294,0,22,0
17-02 18:14:20,15.945,14.450,66.519,0.498,0,5151028,224272,173848,2444052,10938.954,2728.510,0,510.225,0,56.802,4865,4253,1.550,2.020,1.440,2,0,170.407,0,0,18,293,0,23,0
17-02 18:14:21,10.514,22.781,64.588,0.250,0,5128764,246524,173848,2444064,7581.378,1568.147,0,2235.060,0,318.436,5423,3869,1.550,2.020,1.440,3,0,264.362,0,0,18,293,0,23,0
17-02 18:14:22,9.745,22.239,64.468,0,0,5129060,246212,173848,2444080,7963.098,1511.260,0,2023.009,0,28.986,5368,3866,1.550,2.020,1.440,1,0,261.872,0,0,18,293,0,23,0
17-02 18:14:23,10.500,22.499,64.498,0.500,0.250,5120092,255164,173848,2444096,14482.499,1511.948,0,1419.951,0,81.997,5629,4226,1.550,2.020,1.440,1,0,260.991,0,0,18,293,0,23,0
17-02 18:14:24,10.256,22.013,64.790,0,0,5118992,256244,173852,2444112,12746.773,1554.948,0,220.134,0,15.009,5421,3932,1.510,2,1.440,1,0,260.159,0,0,18,293,0,23,0
17-02 18:14:25,10.251,23.003,64.257,0,0,5120268,254952,173852,2444128,10667.205,1512.171,0,356.040,0,29.003,5535,4132,1.510,2,1.440,1,0,261.029,0,0,18,293,0,23,0
17-02 18:14:26,9.501,22.502,65.257,0.250,0,5113728,261480,173852,2444140,10723.126,1512.159,0,268.028,0,19.002,5314,3733,1.510,2,1.440,2,0,263.028,0,0,18,293,0,22,0
17-02 18:14:27,9.244,22.986,65.210,0,0,5112296,262892,173852,2444160,10241.667,1565.032,0,179.889,0,7.995,5253,3695,1.510,2,1.440,3,0,266.835,0,0,18,293,0,22,0
17-02 18:14:28,10.505,22.260,63.280,0.750,0,5115004,260156,173852,2444188,9191.304,1458.683,0,544.255,0,58.027,5721,4519,1.510,2,1.440,2,0,255.119,0,0,18,293,0,22,0
17-02 18:14:29,9.999,23.998,62.494,0.500,0,5116324,258768,173852,2444256,9085.128,1565.850,15.998,3307.683,1.000,162.984,5877,5021,1.470,1.980,1.440,1,0,264.975,0,0,18,293,0,22,0
17-02 18:14:30,8.997,22.242,65.976,0.500,0,5119832,255248,173852,2444268,4912.227,1511.454,0,319.885,0,20.992,5206,3764,1.470,1.980,1.440,1,0,254.908,0,0,18,293,0,22,0
17-02 18:14:31,9.998,21.746,65.988,0,0,5114444,260620,173852,2444284,43984.890,1457.731,0,23.996,0,5.999,5249,3633,1.470,1.980,1.440,1,0,247.954,0,0,18,293,0,22,0
17-02 18:14:32,10.001,21.502,65.256,0,0,5108816,266236,173852,2444296,40551.732,1566.144,0,464.043,0,20.002,5294,3740,1.470,1.980,1.440,3,0,253.023,0,0,18,293,0,22,0
17-02 18:14:33,9.503,22.756,65.518,0,0,5113632,261404,173852,2444312,6114.663,1512.411,0,276.075,0,48.013,5181,3694,1.470,1.980,1.440,1,0,252.069,0,0,18,293,0,22,0
17-02 18:14:34,15.000,14.750,68.001,1.000,0,5128608,246160,173852,2444580,8512.142,1500.025,240.004,20.000,18.000,3.000,4471,3352,1.510,1.980,1.440,1,0,155.003,0,0,18,293,0,20,0
17-02 18:14:35,22.824,12.290,61.450,1.505,0,5140012,343968,173876,2347156,7212.427,1571.103,300.978,236.769,49.160,14.046,4511,5606,1.510,1.980,1.440,1,0,41.134,0,0,18,293,0,20,0
17-02 18:14:36,28.126,6.969,58.990,4.480,0,5179476,293076,173876,2358576,10111.361,1505.354,4332.871,700.906,304.655,142.371,3348,2746,1.510,1.980,1.440,4,0,4.978,0,0,18,293,0,22,0
17-02 18:14:37,45.209,8.288,45.962,0.251,0,5215472,253664,173876,2361984,8601.714,1464.763,518.393,2833.080,5.023,14.065,3889,2702,1.510,1.980,1.440,6,0,22.102,0,0,18,293,0,22,0
17-02 18:14:38,36.372,6.477,54.060,1.993,0,5228432,239880,173876,2362788,17952.956,7622.234,1036.361,1383.143,28.899,50.822,3439,2633,1.510,1.980,1.440,3,0,3.986,0,0,18,294,0,22,0
17-02 18:14:39,20.756,2.001,75.020,1.500,0,5213916,253776,173916,2363364,20408.415,9558.536,424.113,1232.327,44.012,53.014,2555,2499,1.470,1.970,1.440,2,0,0,0,0,18,294,0,22,0
17-02 18:14:40,18.491,1.249,77.460,1.749,0,5220216,246592,173972,2364184,19288.152,10087.850,387.802,1155.410,37.981,37.981,2143,1941,1.470,1.970,1.440,1,0,0.999,0,0,18,294,0,22,0
17-02 18:14:41,19.510,1.751,76.540,1.251,0,5233956,231932,174020,2365056,14651.720,6394.369,812.428,780.411,36.019,30.016,2094,1815,1.470,1.970,1.440,1,0,0,0,0,18,294,0,22,0
17-02 18:14:42,18.985,1.499,76.689,1.998,0,5227988,237132,174028,2365812,19857.209,8598.163,567.549,1223.027,40.967,46.963,2148,1961,1.470,1.970,1.440,4,0,0,0,0,18,294,0,22,0
17-02 18:14:43,20.257,1.500,75.525,2.001,0,5246392,217892,174052,2366620,15081.990,7067.338,672.222,848.281,37.012,35.012,2245,2116,1.470,1.970,1.440,1,0,1.000,0,0,18,294,0,22,0
17-02 18:14:44,18.902,1.741,76.605,1.244,0,5243256,220112,174148,2367436,23976.302,11135.550,533.249,1436.588,54.718,58.697,2343,2319,1.430,1.950,1.440,1,0,0.995,0,0,18,294,0,22,0
17-02 18:14:45,19.094,2.764,72.104,5.527,0,5240820,189540,174200,2400388,7229.489,1465.193,15351.360,313.539,154.760,12.059,2278,1916,1.430,1.950,1.440,3,0,1.005,0,0,18,294,0,22,0
17-02 18:14:46,24.267,4.003,71.051,0.500,0,5241688,174712,175316,2413212,4462.181,1459.040,0,2878.051,0,216.154,2616,2331,1.430,1.950,1.440,2,0,2.001,0,0,18,294,0,22,0
17-02 18:14:47,24.248,2.250,71.995,0.500,0,5245952,154468,175696,2428484,9704.361,1619.893,0,1499.901,0,45.997,2471,2202,1.430,1.950,1.440,2,0,0,0,0,18,294,0,22,0
17-02 18:14:48,24.249,3.250,70.747,0.750,0,5246708,154916,176268,2427288,8829.644,1551.937,0,2227.910,0,90.996,2782,2732,1.430,1.950,1.440,2,0,0,0,0,18,294,0,22,0
17-02 18:14:49,24.753,2.500,71.508,1.250,0.250,5242456,144196,177080,2441268,10696.198,1458.163,0,2780.311,0,113.013,2849,2748,1.480,1.950,1.440,2,0,0,0,0,18,294,0,22,0
17-02 18:14:50,23.747,2.750,71.990,0.500,0,5235224,126464,178024,2464876,13193.248,1619.785,3.999,2195.708,1.000,76.990,2648,2418,1.480,1.950,1.440,1,0,1.000,0,0,18,294,0,22,0
17-02 18:14:51,24.513,2.501,72.538,0.250,0,5126684,249140,178308,2450456,13039.782,1632.849,4.002,720.375,1.001,25.013,2357,1886,1.480,1.950,1.440,1,0,1.001,0,0,18,293,0,22,0
17-02 18:14:52,23.244,3.999,71.231,0,0,5174792,201016,178328,2450384,8656.738,1457.619,0,3.999,0,1.000,2515,2095,1.480,1.950,1.440,1,0,17.995,0,0,18,293,0,22,0
17-02 18:14:53,19.741,3.248,76.214,0.250,0,5199792,170552,178396,2455780,12194.317,3682.284,0,523.756,0,11.994,2199,1842,1.480,1.950,1.440,1,0,15.993,0,0,18,294,0,22,0
17-02 18:14:54,25.265,3.002,70.792,0,0,5219736,150404,178432,2455948,5163.061,1741.032,0,1132.671,0,12.007,2543,2172,1.440,1.940,1.440,2,0,3.002,0,0,18,293,0,22,0
17-02 18:14:55,19.486,2.748,76.945,0.500,0,5225524,138512,178772,2461012,15635.816,4561.737,0,979.300,0,18.986,2301,1988,1.440,1.940,1.440,3,0,17.987,0,0,18,293,0,18,0
17-02 18:14:56,22.508,6.502,68.274,0,0,5212300,150988,178824,2461624,8600.973,1512.523,0,84.029,0,1.000,12768,23124,1.440,1.940,1.440,2,0,12.004,0,0,18,293,0,18,0
17-02 18:14:57,25.283,5.758,66.587,0,0,5215800,147452,178860,2461624,8428.068,1568.059,0,448.589,0,95.125,10317,18618,1.440,1.940,1.440,2,0,6.008,0,0,18,293,0,18,0
17-02 18:14:58,22.813,7.521,69.192,0.251,0,5198276,164704,178904,2461784,8504.655,1462.067,0,58342.275,0,568.581,3812,3659,1.440,1.940,1.440,1,0,15.042,0,0,18,293,0,18,0
17-02 18:14:59,21.888,4.975,70.887,0.249,0,5147292,227632,178904,2450500,10427.621,1504.300,0,1309.298,0,42.781,3141,2976,1.400,1.920,1.430,4,0,28.852,0,0,18,293,0,17,0
17-02 18:15:00,25.973,5.744,66.181,0,0,5145076,229864,178904,2450504,8759.829,1456.475,0,303.682,0,11.987,8928,15183,1.400,1.920,1.430,2,0,27.971,0,0,18,293,0,17,0
17-02 18:15:01,24.538,4.507,70.110,0.250,0,5178572,196352,178904,2450520,41555.911,1568.450,0,100.156,0,7.011,4710,6504,1.400,1.920,1.430,2,0,20.031,0,0,18,293,0,17,0
17-02 18:15:02,20.760,3.252,74.787,0,0,5189072,181292,178920,2455064,50378.828,3793.870,0,852.420,0,18.009,2596,2071,1.400,1.920,1.430,1,0,20.010,0,0,18,293,0,17,0
17-02 18:15:03,21.002,5.751,72.257,0.250,0,5188132,181040,178936,2456240,12752.155,2730.247,0,52976.798,0,400.036,2986,2706,1.400,1.920,1.430,0,0,18.002,0,0,18,294,0,13,0
17-02 18:15:04,23.006,4.251,70.019,0.500,0,5186708,176632,179088,2461308,7467.973,3401.899,0,2132.563,0,38.010,8795,15233,1.610,1.950,1.450,2,0,6.002,0,0,18,293,0,13,0
17-02 18:15:05,23.260,6.253,69.030,0,0,5187380,175412,179104,2461760,11061.867,1512.666,0,424.187,0,14.006,11979,21025,1.610,1.950,1.450,2,0,13.006,0,0,18,293,0,13,0
17-02 18:15:06,22.991,7.747,68.223,0.250,0,5180996,181640,179140,2461848,10246.010,1457.432,0,507.802,0,5.998,8504,13755,1.610,1.950,1.450,1,0,20.992,0,0,18,293,0,13,0
17-02 18:15:07,22.994,4.249,71.732,0,0,5179568,195032,179152,2450528,9026.682,1619.584,0,211.946,0,10.997,2481,2073,1.610,1.950,1.450,1,0,5.998,0,0,18,293,0,10,0
17-02 18:15:08,24.252,4.500,70.257,0.250,0,5164412,210172,179152,2450544,6949.650,1458.136,0,660.062,0,18.002,3005,2639,1.610,1.950,1.450,2,0,49.005,0,0,18,293,0,10,0
17-02 18:15:09,22.999,6.000,70.497,0,0,5165544,209028,179156,2450552,4543.775,1457.928,0,383.981,0,17.999,3184,2817,1.560,1.940,1.450,1,0,60.997,0,0,18,293,0,10,0
17-02 18:15:10,22.499,4.500,70.997,0,0,5171112,194704,179200,2459248,10284.630,1619.942,0,663.976,0,7.000,2451,2099,1.560,1.940,1.450,1,0,4.000,0,0,18,293,0,10,0
17-02 18:15:11,20.249,1.750,76.747,0,0,5176960,186828,179200,2461164,16779.404,4325.846,4.000,715.975,1.000,7.000,2288,1914,1.560,1.940,1.450,1,0,15.999,0,0,18,294,0,7,0
17-02 18:15:12,19.002,1.750,78.507,0.500,0,5188260,175320,179240,2461284,16833.557,9437.873,0,1012.094,0,36.003,2067,1853,1.560,1.940,1.450,1,0,0,0,0,18,294,0,7,0
17-02 18:15:13,15.932,1.743,80.157,0.747,0,5188192,174872,179240,2461736,53752.728,12941.559,0,1828.168,0,142.390,2307,2323,1.560,1.940,1.450,1,0,0.996,0,0,18,295,0,7,0
17-02 18:15:14,17.320,1.255,78.817,1.004,0,5189684,172948,179244,2462052,132773.399,14038.397,0,1738.986,0,86.347,2474,2589,1.600,1.940,1.450,1,0,1.004,0,0,18,295,0,7,0
17-02 18:15:15,23.017,1.751,74.555,0.500,0,5193824,168692,179280,2462100,15117.096,5527.057,0,572.420,0,18.013,2139,1712,1.600,1.940,1.450,1,0,0,0,0,18,295,0,5,0
17-02 18:15:16,28.479,4.996,64.952,0.250,0,5211316,150800,179352,2462332,20735.651,11781.279,0,1319.024,0,38.971,3272,8453,1.600,1.940,1.450,0,1,35.973,0,0,18,295,0,6,0
17-02 18:15:17,21.262,1.501,75.292,0.500,0,5217100,144500,179424,2462728,286662.674,10952.062,0,1132.627,0,46.025,2348,1978,1.600,1.940,1.450,0,0,0,0,0,18,295,0,6,0
17-02 18:15:18,12.491,1.999,82.442,1.999,0,5216712,144024,179768,2463056,122200.263,20729.456,27.980,2850.000,3.997,143.899,2628,2974,1.600,1.940,1.450,0,0,0,0,0,18,295,0,6,0
17-02 18:15:19,19.750,1.250,76.499,0.750,0,5225848,134448,179868,2463364,20428.821,9545.916,103.999,1463.987,6.000,101.999,2329,2128,1.550,1.920,1.450,0,0,0,0,0,18,295,0,4,0
17-02 18:15:20,13.957,3.988,78.758,0.997,0,5210492,147888,179980,2465832,9787246.900,69766.764,0,6551.881,0,52.838,5065,2874,1.550,1.920,1.450,2,0,4.985,0,0,18,295,0,4,0
17-02 18:15:21,17.544,3.509,75.440,2.005,0,5203684,130692,180124,2489612,8015376.004,49340.160,164.414,12976.655,4.010,69.174,4278,2528,1.550,1.920,1.450,1,0,1.003,0,0,18,295,0,4,0
17-02 18:15:22,23.772,4.004,70.064,1.251,0,5218552,145520,183208,2456264,8670.897,1567.427,0,4592.182,0,91.083,2774,2647,1.550,1.920,1.450,1,0,1.001,0,0,18,295,0,4,0
17-02 18:15:23,24.494,2.749,71.231,0.250,0,5227860,148456,184028,2442624,6925.193,1457.620,0,1567.591,0,48.987,2503,2271,1.550,1.920,1.450,1,0,0,0,0,18,295,0,3,0
17-02 18:15:24,25.499,2.250,70.997,0.500,0,5249324,150688,184268,2419044,4833.787,1499.934,0,995.956,0,99.996,2463,2238,1.500,1.910,1.440,1,0,0,0,0,18,295,0,3,0
17-02 18:15:25,23.259,3.001,72.027,1.501,0,5224632,148752,185128,2443516,6485.428,1566.587,0,2376.890,0,102.038,2669,2598,1.500,1.910,1.440,1,0,0,0,0,18,295,0,3,0
17-02 18:15:26,22.992,3.749,71.474,0.750,0,5221676,135492,186056,2457176,9006.752,1511.455,0,1995.280,0,65.976,2564,2347,1.500,1.910,1.440,1,0,0,0,0,18,295,0,3,0
17-02 18:15:27,24.510,2.751,71.530,0.250,0,5238016,125912,187368,2448484,9025.776,1458.610,0,684.286,0,33.014,2418,2075,1.500,1.910,1.440,1,0,0,0,0,18,295,0,3,0
17-02 18:15:28,24.997,3.250,70.241,0.750,0,5244160,126292,188128,2440968,9389.763,1565.794,0,3267.570,0,93.988,2975,2938,1.500,1.910,1.440,2,0,1.000,0,0,18,295,0,3,0
17-02 18:15:29,25.255,3.251,70.513,0.750,0,5243340,144908,188856,2422516,8991.715,1512.288,0,2208.421,0,98.019,2916,2934,1.460,1.890,1.440,1,0,1.000,0,0,18,295,0,3,0
17-02 18:15:30,19.753,2.500,75.763,0.250,0,5124740,296928,188964,2388644,14935.479,4049.672,4.001,796.132,1.000,75.012,2318,2017,1.460,1.890,1.440,1,0,3.000,0,0,18,293,0,3,0
17-02 18:15:31,24.000,3.750,72.000,0,0,5192488,229152,188984,2388652,43665.961,1457.999,0,0,0,0,2577,2006,1.460,1.890,1.440,2,0,32.000,0,0,18,293,0,3,0
17-02 18:15:32,20.497,2.250,75.487,0.500,0,5180004,235804,189048,2394200,46281.125,3899.337,0,1707.709,0,23.996,2356,2027,1.460,1.890,1.440,1,0,2.000,0,0,18,293,0,3,0
17-02 18:15:33,19.993,2.749,76.975,0.250,0,5184712,230792,189052,2394368,11755.159,4431.552,0,455.851,0,6.998,2232,1929,1.460,1.890,1.440,2,0,17.994,0,0,18,294,0,3,0
17-02 18:15:34,23.758,5.752,67.023,0.250,0,5182768,226372,189280,2399596,9544.299,1632.564,0,15069.209,0,275.095,12445,22232,1.430,1.880,1.440,1,0,7.002,0,0,18,293,0,3,0
17-02 18:15:35,22.984,5.496,71.200,0.500,0,5182796,226120,189312,2399888,6980.117,1510.943,0,3941.243,0,83.941,2545,2186,1.430,1.880,1.440,3,0,7.994,0,0,18,293,0,3,0
17-02 18:15:36,29.511,9.254,59.523,0,0,5201496,207484,189320,2399984,9104.452,1608.610,0,256.097,0,53.020,13319,23407,1.430,1.880,1.440,2,0,14.005,0,0,18,293,0,3,0
17-02 18:15:37,41.520,10.255,46.523,0,0,5235060,176872,189368,2396948,10548.113,1620.786,512.248,488.237,4.002,11.005,3855,2426,1.430,1.880,1.440,3,0,13.006,0,0,18,293,0,3,0
17-02 18:15:38,37.993,9.998,49.240,2.000,0,5198452,220964,189372,2390576,12326.594,1511.705,1415.724,1023.800,90.982,19.996,5068,5741,1.430,1.880,1.440,1,0,10.998,0,0,18,293,0,3,0
17-02 18:15:39,24.973,4.995,66.428,2.497,0,5217064,198816,189376,2394064,8965.347,1688.182,1782.081,2181.651,245.735,47.948,4288,4629,1.550,1.900,1.450,2,0,0,0,0,18,294,0,5,0
17-02 18:15:40,26.007,5.502,66.269,1.000,0,5210168,205312,189376,2394464,5627.573,1620.453,304.085,940.263,19.005,101.028,5555,6758,1.550,1.900,1.450,1,0,1.000,0,0,18,296,0,6,0
17-02 18:15:41,26.006,6.001,63.015,1.750,0,5197680,217052,189376,2395212,10837.567,1566.371,512.121,1612.382,29.007,222.053,6136,8211,1.550,1.900,1.450,1,0,1.000,0,0,18,296,0,7,0
17-02 18:15:42,15.496,12.996,67.231,2.999,0,5155764,258768,189376,2395412,5583.439,1619.547,143.960,3295.079,1.999,414.884,4874,4519,1.550,1.900,1.450,1,0,125.965,0,0,18,295,0,7,0
17-02 18:15:43,11.013,20.273,65.826,0,0,5147048,267456,189376,2395440,5119.928,1621.878,4.005,160.185,1.001,15.017,5158,3907,1.550,1.900,1.450,2,0,214.248,0,0,18,295,0,7,0
17-02 18:15:44,15.238,14.488,66.946,0.749,0,5140048,273568,189376,2396332,10200.803,1456.829,875.297,11179.017,10.991,85.931,4299,3463,1.590,1.900,1.450,1,0,99.920,0,0,18,295,0,9,0
17-02 18:15:45,14.000,5.000,70.499,8.750,0,5130156,259772,189396,2419992,6778.925,1511.983,23663.739,8.000,1057.988,1.000,3428,4078,1.590,1.900,1.450,1,0,10.000,0,0,18,295,0,9,0
17-02 18:15:46,9.754,5.252,72.031,11.505,0,5134736,248372,189784,2426416,9542.145,2119.921,6822.964,492.214,1433.623,7.003,3504,4876,1.590,1.900,1.450,1,0,8.003,0,0,18,296,0,9,0
17-02 18:15:47,2.748,0.999,93.685,0.999,0,5134948,248120,189800,2426440,11173.306,2592.215,35.975,4309.033,8.994,209.855,1771,2773,1.590,1.900,1.450,0,0,0,0,0,18,296,0,9,0
17-02 18:15:48,4.002,1.001,93.808,0.500,0,5132132,250804,189800,2426572,42631.232,4533.790,128.079,180.111,2.001,22.014,1575,2138,1.590,1.900,1.450,0,0,0,0,0,18,296,0,9,0
17-02 18:15:49,32.244,9.248,55.740,1.000,0,5117260,265388,189808,2426860,16360.939,2668.501,251.953,827.845,10.998,21.996,3645,2508,1.860,1.950,1.470,3,0,28.995,0,0,18,291,0,12,0
17-02 18:15:50,42.301,11.013,47.056,0,0,4891588,491076,189808,2426852,7932.479,1459.744,4.005,36.043,1.001,4.005,3218,1873,1.860,1.950,1.470,4,0,5.006,0,0,18,279,0,14,0
17-02 18:15:51,68.038,11.506,19.761,0.250,0.250,4990968,391692,189808,2426864,4564.570,1512.852,4.002,144.081,1.001,18.010,4179,2093,1.860,1.950,1.470,4,0,0,0,0,18,277,0,14,0
17-02 18:15:52,87.220,12.532,0,0.251,0,4880832,501304,189808,2427404,8341.018,1461.683,340.859,445.122,10.025,31.078,5212,3454,1.860,1.950,1.470,6,0,9.023,0,0,18,260,0,15,0
17-02 18:15:53,68.959,8.215,21.908,0,0,5009328,372544,189808,2427668,6722.661,1559.426,0,497.901,0,28.878,4995,6537,1.860,1.950,1.470,4,0,1.992,0,0,18,262,0,19,0
17-02 18:15:54,49.245,7.499,41.496,0.750,0,4927352,453360,189808,2428808,8469.108,1457.847,127.987,18134.091,8.999,124.987,6346,8584,1.870,1.950,1.470,3,0,5.999,0,0,18,254,0,24,0
17-02 18:15:55,23.760,4.252,71.280,0,0,4974532,406176,189808,2428808,7071.964,1512.634,0,20352.530,0,117.049,2374,2036,1.870,1.950,1.470,2,0,1.000,0,0,18,254,0,24,0
17-02 18:15:56,26.203,4.492,68.127,0,0,4980460,399212,189808,2429844,4864.201,1563.172,31.942,1209.812,1.996,18.966,4853,8167,1.870,1.950,1.470,2,0,0,0,0,18,258,0,25,0
17-02 18:15:57,1.502,0.751,96.374,0.250,0,4911556,468116,189808,2429844,8843.402,1459.882,0,8430.870,0,987.273,1649,1616,1.870,1.950,1.470,0,0,0,0,0,18,258,0,25,0
17-02 18:15:58,2.751,1.000,95.271,0,0,4911804,467864,189808,2429848,6461.417,1512.332,0,196.043,0,28.006,1512,2216,1.870,1.950,1.470,0,0,1.000,0,0,18,258,0,25,0
17-02 18:15:59,2.499,1.000,95.723,0.250,0,4911800,467864,189808,2429852,10571.072,1457.596,0,371.897,0,30.991,1435,1947,1.720,1.920,1.470,0,0,1.000,0,0,18,258,0,25,0
17-02 18:16:00,2.000,6.752,90.770,0,0,4907212,472424,189808,2429868,8442.898,1636.368,0,125212.146,0,1045.235,3199,3619,1.720,1.920,1.470,0,0,1.000,0,0,18,258,0,25,0
17-02 18:16:01,1.749,0.750,96.721,0,0,4907208,472424,189808,2429872,43542.109,1457.568,0,0,0,0,1134,1548,1.720,1.920,1.470,0,0,0,0,0,18,258,0,25,0
17-02 18:16:02,1.746,0.249,96.303,0.499,0,4907208,472424,189808,2429872,41427.097,1455.018,0,1840.229,0,20.957,1325,1834,1.720,1.920,1.470,0,0,0,0,0,18,258,0,25,0
17-02 18:16:03,1.754,1.253,96.729,0.251,0,4907208,472424,189808,2429872,5190.273,1461.456,0,308.730,0,23.055,1080,1509,1.720,1.920,1.470,1,0,0,0,0,18,258,0,25,0
17-02 18:16:04,1.500,0.250,96.760,0,0.250,4907208,472424,189808,2429872,6695.693,1458.151,0,0,0,0,1022,1456,1.590,1.890,1.460,0,0,0,0,0,18,258,0,25,0
17-02 18:16:05,1.991,1.244,96.554,0,0,4907460,472172,189808,2429872,11240.116,1505.053,0,5160.181,0,192.113,1180,1450,1.590,1.890,1.460,1,0,0,0,0,18,258,0,25,0
17-02 18:16:06,2.009,2.260,95.168,0,0,4908716,470916,189808,2429872,5641.784,1464.433,0,0,0,0,1214,1467,1.590,1.890,1.460,0,0,6.026,0,0,18,258,0,25,0
17-02 18:16:07,1.996,0.249,97.038,0,0,4908712,470916,189808,2429876,9175.925,1562.581,0,0,0,0,1062,1404,1.590,1.890,1.460,1,0,0,0,0,18,258,0,25,0
17-02 18:16:08,2.004,0.752,95.692,0.251,0,4908820,470916,189812,2429872,8304.624,1460.924,0,280.562,0,19.038,1340,1884,1.590,1.890,1.460,2,0,0,0,0,18,258,0,25,0
17-02 18:16:09,2.251,1.000,96.030,0.250,0,4908808,470916,189812,2429884,10476.326,1512.480,0,376.119,0,26.008,1241,1862,1.460,1.860,1.450,1,0,0,0,0,18,258,0,25,0
17-02 18:16:10,2.250,1.250,96.767,0,0,4909060,470664,189812,2429884,8919.580,1566.277,0,2684.476,0,21.004,1284,1658,1.460,1.860,1.450,0,0,1.000,0,0,18,258,0,25,0
17-02 18:16:11,1.750,0.750,95.987,0.250,0,4909056,470664,189812,2429888,6679.063,1457.795,0,339.952,0,12.998,1294,1888,1.460,1.860,1.450,0,0,0,0,0,18,258,0,25,0
17-02 18:16:12,1.500,1.250,96.010,0,0,4909000,470664,189812,2429944,4769.488,1512.155,48.005,316.032,2.000,31.003,1247,1857,1.460,1.860,1.450,0,0,0,0,0,18,258,0,25,0
17-02 18:16:13,2.500,0.250,95.497,0.750,0,4908996,470664,189812,2429948,9207.754,1457.961,0,1999.947,0,125.997,1555,2397,1.460,1.860,1.450,0,0,0,0,0,18,258,0,25,0
17-02 18:16:14,4.996,8.243,84.677,0.250,0,4914108,465372,189812,2430128,7096.867,1564.648,179.845,371.679,8.992,25.978,2865,2796,1.420,1.840,1.450,1,0,105.908,0,0,18,258,0,25,0
17-02 18:16:15,10.261,20.522,66.822,0,0,4919160,460296,189812,2430152,9359.150,1459.583,0,296.321,0,16.017,5358,3959,1.420,1.840,1.450,1,0,292.317,0,0,18,258,0,25,0
17-02 18:16:16,17.491,23.238,56.470,0.250,0,4927788,451644,189812,2430176,6813.435,1511.209,0,247.870,0,12.993,6080,10219,1.420,1.840,1.450,3,0,327.828,0,0,18,258,0,25,0
17-02 18:16:17,8.246,19.740,68.966,0.500,0,4931412,448000,189812,2430196,9079.549,1457.286,0,1467.281,0,74.963,5504,4303,1.420,1.840,1.450,1,0,277.864,0,0,18,258,0,25,0
17-02 18:16:18,10.000,19.749,67.247,0,0,4935280,444120,189812,2430208,9153.648,1565.940,0,827.968,0,160.994,5790,4537,1.420,1.840,1.450,2,0,297.989,0,0,18,258,0,25,0
17-02 18:16:19,9.008,21.269,66.811,0.500,0,4934492,444888,189812,2430228,4719.296,1459.328,0,180.164,0,11.010,5436,4094,1.310,1.810,1.440,1,0,295.269,0,0,18,258,0,25,0
17-02 18:16:20,9.251,21.753,66.260,0,0,4929524,449824,189812,2430260,9445.421,1512.228,16.002,40.006,1.000,4.001,5430,4041,1.310,1.810,1.440,1,0,306.046,0,0,18,258,0,25,0
17-02 18:16:21,9.501,19.252,68.006,0.250,0,4924540,454768,189812,2430300,8952.727,1458.118,20.002,156.013,1.000,14.001,5329,3970,1.310,1.810,1.440,1,0,268.022,0,0,18,258,0,25,0
17-02 18:16:22,18.798,6.767,71.432,2.005,0,4936280,442792,189956,2430392,6687.008,1569.993,332.847,144.367,31.079,15.038,3002,2538,1.310,1.810,1.440,1,0,61.156,0,0,18,258,0,25,0
17-02 18:16:23,15.698,3.488,77.991,0.498,0,4955324,423580,189960,2430556,9131.683,2126.939,51.828,526.253,6.977,37.874,2886,2735,1.310,1.810,1.440,0,0,26.911,0,0,18,259,0,25,0
17-02 18:16:24,2.001,1.250,96.535,0.250,0,4955220,423580,189960,2430660,106112.427,4087.480,0,72.026,0,6.002,1245,1574,1.200,1.780,1.430,0,0,0,0,0,18,259,0,25,0
17-02 18:16:25,3.000,1.250,94.009,0,0,4946956,431420,189960,2431084,462350.014,13357.272,0,228.022,0,21.002,2048,2237,1.200,1.780,1.430,1,0,0,0,0,18,259,0,25,0
17-02 18:16:26,3.250,2.000,94.259,0,0,4946656,430916,189960,2431888,859726.081,23636.174,0,0,0,0,2332,2082,1.200,1.780,1.430,0,0,0,0,0,18,259,0,25,0
17-02 18:16:27,2.000,1.500,93.985,0.500,0,4946268,430412,190092,2432648,802559.216,24349.184,131.979,2207.654,3.000,13.998,2086,2032,1.200,1.780,1.430,0,0,0,0,0,18,259,0,25,0
17-02 18:16:28,3.251,1.250,94.529,0,0,4946096,430412,190092,2432820,221782.088,6013.819,0,216.065,0,25.008,1844,2295,1.200,1.780,1.430,0,0,0,0,0,18,259,0,25,0
17-02 18:16:29,2.999,1.999,93.225,0.250,0,4945604,430160,190092,2433564,731136.992,17665.240,0,399.892,0,29.992,2385,2463,1.100,1.750,1.420,0,0,0,0,0,18,259,0,25,0
17-02 18:16:30,2.000,1.000,95.233,0,0,4945384,429908,190092,2434036,496323.383,13568.605,0,1351.761,0,3.999,1579,1876,1.100,1.750,1.420,0,0,1.000,0,0,18,259,0,25,0
17-02 18:16:31,2.250,1.000,96.264,0,0,4945172,429908,190092,2434248,262453.550,6785.997,0,240.035,0,5.001,1457,1655,1.100,1.750,1.420,2,0,0,0,0,18,259,0,25,0
17-02 18:16:32,1.993,0.996,94.407,0.498,0,4944772,429908,190092,2434648,444277.772,10922.266,0,725.361,0,26.902,1775,2222,1.100,1.750,1.420,0,0,0,0,0,18,259,0,25,0
17-02 18:16:33,5.030,1.509,92.809,0.252,0,4957368,417128,190100,2434824,304475.433,8481.126,8.049,708.270,2.012,27.164,1557,1723,1.100,1.750,1.420,2,0,0,0,0,18,258,0,26,0
17-02 18:16:34,15.213,7.482,70.580,4.988,0,4976864,389232,190552,2442772,6628.009,1454.491,658.412,8200.216,59.856,189.543,3138,2772,1.100,1.740,1.420,1,0,33.918,0,0,18,258,0,26,0
17-02 18:16:35,10.994,14.992,67.714,4.747,0,4978636,373456,190648,2455972,4858.411,1511.195,3.998,19097.824,0.999,1008.463,6473,8030,1.100,1.740,1.420,2,0,81.956,0,0,18,258,0,26,0
17-02 18:16:36,14.259,12.758,65.790,5.003,0,4989864,356404,191116,2460516,9014.462,1500.909,144.087,11542.994,4.002,1197.726,6447,7973,1.100,1.740,1.420,1,0,84.051,0,0,18,258,0,26,0
17-02 18:16:37,29.252,9.251,59.004,0.750,0,4988792,356656,191124,2461324,7350.482,1566.103,0,844.055,0,45.003,5030,5470,1.100,1.740,1.420,1,0,16.001,0,0,18,258,0,26,0
17-02 18:16:38,29.255,8.001,61.260,0.500,0,4989068,356032,191136,2461660,9009.480,1458.239,0,888.146,0,64.011,3841,3187,1.100,1.740,1.420,1,0,22.004,0,0,18,258,0,26,0
17-02 18:16:39,26.249,8.000,63.747,0.750,0,4988032,356360,191172,2462184,8855.566,1511.926,0,1087.947,0,63.997,3450,2880,1.170,1.740,1.420,2,0,17.999,0,0,18,258,0,26,0
17-02 18:16:40,25.751,7.000,64.752,0.500,0,4984124,359776,191188,2462576,9347.334,1458.052,0,848.030,0,52.002,3185,2454,1.170,1.740,1.420,2,0,19.001,0,0,18,258,0,26,0
17-02 18:16:41,25.510,6.503,66.526,0.750,0,4978024,364988,191256,2463244,7003.785,1566.623,0,2825.123,0,212.084,3142,2477,1.170,1.740,1.420,2,0,16.006,0,0,18,258,0,20,0
17-02 18:16:42,24.726,5.495,68.433,0.250,0,4978860,361368,191436,2465524,5111.975,1456.568,0,1142.877,0,50.950,2940,2682,1.170,1.740,1.420,1,0,9.990,0,0,18,258,0,20,0
17-02 18:16:43,23.764,4.753,69.289,1.001,0,4974216,363132,191520,2467944,4895.790,1512.862,32.018,440.251,7.004,22.013,2729,2561,1.170,1.740,1.420,1,0,6.003,0,0,18,258,0,20,0
17-02 18:16:44,22.747,3.999,70.241,1.500,0,4976832,359912,191520,2468164,8833.809,1565.789,123.983,263.964,12.998,23.997,2775,2996,1.240,1.750,1.430,1,0,8.999,0,0,18,258,0,20,0
17-02 18:16:45,17.974,8.488,69.650,3.245,0,5010644,270480,191524,2523460,10041.549,1455.905,163.764,6063.275,23.966,207.701,3578,3740,1.240,1.750,1.430,1,0,18.973,0,0,18,258,0,18,0
17-02 18:16:46,18.527,7.511,70.604,1.252,0,5022340,257916,191556,2523592,10648.679,1514.229,172.254,112.165,16.024,2.003,2955,2330,1.240,1.750,1.430,0,1,33.049,0,0,18,258,0,18,0
17-02 18:16:47,17.002,9.251,71.759,0.500,0,5006656,271256,191556,2523676,11062.360,1458.179,64.008,2856.351,4.000,20.002,2671,2010,1.240,1.750,1.430,1,0,22.003,0,0,18,258,0,18,0
17-02 18:16:48,25.076,3.761,70.713,0.502,0,5034180,243536,191560,2523852,9122.537,1665.026,172.521,188.569,8.024,20.061,2634,2052,1.240,1.750,1.430,1,0,12.036,0,0,18,258,0,18,0
17-02 18:16:49,13.956,3.738,79.999,0.997,0,4960908,379044,191592,2463092,8901.082,1453.441,47.850,322.987,8.972,15.950,2269,2046,1.140,1.720,1.420,0,0,17.944,0,0,18,258,0,15,0
17-02 18:16:50,1.750,0.500,96.997,0,0,4957920,382028,191592,2463096,6174.797,1511.950,0,0,0,0,1018,1427,1.140,1.720,1.420,0,0,1.000,0,0,18,258,0,15,0
17-02 18:16:51,1.749,0.750,97.209,0,0.500,4958144,381804,191592,2463096,5192.793,1457.381,0,627.733,0,125.946,1031,1450,1.140,1.720,1.420,1,0,0,0,0,18,258,0,15,0
17-02 18:16:52,1.498,0.499,96.593,0,0,4955216,384732,191592,2463096,9734.170,1563.457,0,3.994,0,0.998,1070,1453,1.140,1.720,1.420,0,0,0,0,0,18,258,0,15,0
17-02 18:16:53,2.254,0.751,96.680,0,0,4950416,389532,191592,2463096,9562.823,1460.723,0,76.142,0,8.015,1163,1494,1.140,1.720,1.420,0,0,0,0,0,18,258,0,8,0
17-02 18:16:54,1.745,0.748,96.736,0.249,0,4950412,389532,191592,2463100,11536.556,1507.890,0,63.826,0,5.984,1197,1510,1.050,1.690,1.410,0,0,0,0,0,18,258,0,8,0
17-02 18:16:55,1.754,0.251,97.245,0,0,4948452,391492,191592,2463100,11650.310,1461.677,0,0,0,0,1083,1408,1.050,1.690,1.410,0,0,0,0,0,18,258,0,8,0
17-02 18:16:56,1.750,1.000,96.770,0,0,4945232,394712,191592,2463100,10901.201,1566.316,0,12.002,0,1.000,1139,1507,1.050,1.690,1.410,0,0,0,0,0,18,258,0,8,0
17-02 18:16:57,1.750,0.500,97.004,0,0,4945232,394712,191592,2463100,7385.269,1512.055,0,0,0,0,1048,1421,1.050,1.690,1.410,0,0,0,0,0,18,258,0,2,0
17-02 18:16:58,2.250,0.500,95.760,0.250,0,4942756,397176,191592,2463112,5818.580,1458.145,0,196.020,0,27.003,1465,2188,1.050,1.690,1.410,0,0,0,0,0,18,258,0,2,0
17-02 18:16:59,1.999,0.750,95.962,0.250,0,4942756,397176,191592,2463112,8792.543,1565.385,0,367.855,0,28.989,1429,2008,0.960,1.660,1.400,0,0,0,0,0,18,258,0,2,0
17-02 18:17:00,2.751,0.750,95.278,0,0,4942536,397396,191592,2463112,8835.621,1458.433,0,84.025,0,12.004,1485,1942,0.960,1.660,1.400,0,0,1.000,0,0,18,258,0,2,0
17-02 18:17:01,2.000,0.750,96.512,0.250,0,4942536,397396,191592,2463112,41542.966,1512.181,0,292.035,0,63.008,1246,1560,0.960,1.660,1.400,0,0,0,0,0,18,258,0,2,0
17-02 18:17:02,1.749,0.749,96.169,0,0,4942532,397396,191596,2463112,43470.452,1456.775,3.997,35.970,0.999,0.999,1329,1604,0.960,1.660,1.400,0,0,2.997,0,0,18,258,0,2,0
17-02 18:17:03,1.251,0.750,96.799,0.250,0,4942532,397396,191596,2463112,6719.432,1566.800,0,344.176,0,23.012,1041,1513,0.960,1.660,1.400,1,0,0,0,0,18,258,0,2,0
17-02 18:17:04,2.501,1.250,96.536,0,0,4942532,397396,191596,2463112,9116.398,1458.544,0,84.031,0,12.004,1282,1830,0.880,1.630,1.400,0,0,0,0,0,18,258,0,2,0
17-02 18:17:05,1.750,0,96.485,0.250,0,4942532,397396,191596,2463112,9008.630,1511.770,0,275.958,0,19.997,1085,1513,0.880,1.630,1.400,0,0,0,0,0,18,258,0,2,0
17-02 18:17:06,2.250,2.000,94.985,0,0,4934936,404988,191596,2463116,4994.207,1457.769,0,0,0,0,1223,1552,0.880,1.630,1.400,0,0,5.999,0,0,18,258,0,2,0
17-02 18:17:07,1.500,1.000,96.522,0,0,4934936,404988,191596,2463116,8982.028,1566.354,0,404.091,0,82.019,1094,1465,0.880,1.630,1.400,0,0,0,0,0,18,258,0,2,0
17-02 18:17:08,2.500,0.250,95.739,0.250,0,4934936,404988,191596,2463116,9353.915,1457.831,0,211.975,0,22.997,1408,1974,0.880,1.630,1.400,1,0,0,0,0,18,258,0,2,0
17-02 18:17:09,2.000,0.750,96.271,0,0,4935172,404748,191596,2463120,8793.916,1512.330,0,236.051,0,21.005,1152,1593,0.810,1.600,1.390,0,0,0,0,0,18,258,0,2,0
17-02 18:17:10,1.500,0.750,97.004,0,0,4935172,404748,191596,2463120,8352.376,1458.066,0,0,0,0,1089,1469,0.810,1.600,1.390,0,0,1.000,0,0,18,258,0,2,0
17-02 18:17:11,1.750,0.750,96.980,0,0,4935172,404748,191596,2463120,9085.121,1565.676,0,3.999,0,1.000,1098,1477,0.810,1.600,1.390,0,0,0,0,0,18,258,0,2,0
17-02 18:17:12,1.750,0.750,96.520,0,0,4935416,404496,191596,2463120,7465.568,1512.318,0,4408.926,0,139.029,1263,1575,0.810,1.600,1.390,0,0,0,0,0,18,258,0,2,0
17-02 18:17:13,2.000,1.000,95.734,0.250,0,4935416,404496,191596,2463120,7032.845,1457.761,0,247.959,0,17.997,1220,1819,0.810,1.600,1.390,0,0,0,0,0,18,258,0,2,0
17-02 18:17:14,2.250,1.000,94.749,0.500,0,4935300,404496,191596,2463252,7397.953,1457.991,0,2047.987,0,112.999,1739,2719,0.750,1.580,1.380,0,0,0,0,0,18,258,0,2,0
17-02 18:17:15,1.993,0.498,96.400,0.249,0,4935300,404496,191596,2463252,9083.976,1560.328,0,346.739,0,23.913,1149,1574,0.750,1.580,1.380,0,0,0,0,0,18,258,0,2,0
17-02 18:17:16,3.263,2.008,94.374,0,0,4935548,404244,191596,2463600,8836.034,1518.019,0,0,0,0,1378,1594,0.750,1.580,1.380,1,0,14.056,0,0,18,258,0,2,0
17-02 18:17:17,10.497,4.999,83.977,0.250,0,4934792,405000,191596,2463256,10644.142,1457.609,0,58732.228,0,188.949,2722,7735,0.750,1.580,1.380,0,0,21.994,0,0,18,258,0,3,0
17-02 18:17:18,2.500,0.500,95.748,0,0,4934784,405008,191596,2463256,7232.851,1565.968,0,151.997,0,18.000,1316,1865,0.750,1.580,1.380,0,0,0,0,0,18,258,0,2,0
17-02 18:17:19,6.750,1.750,89.006,1.250,0,4930384,409060,191600,2463600,9368.601,1458.094,352.023,208.013,25.002,15.001,1482,1728,0.770,1.570,1.380,1,0,5.000,0,0,18,258,0,2,0
17-02 18:17:20,13.247,4.749,71.986,9.498,0,4950356,384392,192012,2465984,9049.249,1511.708,2771.464,0,532.897,0,2409,2623,0.770,1.570,1.380,2,0,1.000,0,0,18,258,0,2,0
17-02 18:17:21,17.241,3.248,78.460,0,0,4950492,384140,192012,2466104,14167.712,9600.062,31.984,0,1.999,0,3418,4227,0.770,1.570,1.380,1,0,0,0,0,18,263,0,2,0
17-02 18:17:22,23.280,3.254,72.092,0.250,0,4951792,382628,192012,2466320,6061.715,2437.102,128.163,909.157,6.008,13.017,2450,2129,0.770,1.570,1.380,1,0,5.006,0,0,18,264,0,3,0
17-02 18:17:23,15.993,1.999,79.464,1.000,0,4953892,380136,192012,2466712,18677.568,11093.992,79.964,1067.518,4.998,169.923,2536,2474,0.770,1.570,1.380,1,0,0,0,0,18,267,0,3,0
17-02 18:17:24,24.030,4.005,71.338,0.250,0,4957392,376612,192012,2466736,5622.911,2292.818,16.020,248.305,1.001,34.042,2694,2687,0.790,1.560,1.380,2,0,5.006,0,0,18,268,0,4,0
17-02 18:17:25,15.472,2.745,80.354,0.250,0,4950660,383196,192012,2466884,20850.060,11942.269,0,187.659,0,19.964,2768,2725,0.790,1.560,1.380,3,0,4.991,0,0,18,268,0,5,0
17-02 18:17:26,15.257,3.001,79.787,0,0,4971548,362308,192012,2466884,16106.407,9651.439,0,120.055,0,9.004,2112,1984,0.790,1.560,1.380,0,0,0,0,0,18,269,0,5,0
17-02 18:17:27,20.037,4.759,74.387,0,0,4969204,364604,192012,2466932,12049.237,4356.039,16.030,148.274,1.002,15.028,2622,2391,0.790,1.560,1.380,0,0,5.009,0,0,18,269,0,6,0
17-02 18:17:28,17.465,4.241,76.596,0.499,0,4962232,371436,192012,2467072,18102.682,9913.112,0,275.447,0,40.918,3104,3311,0.790,1.560,1.380,3,0,4.990,0,0,18,268,0,7,0
17-02 18:17:29,16.251,2.250,80.007,0.250,0,4970284,363372,192012,2467084,17558.610,12097.109,0,192.018,0,25.002,2722,2830,0.800,1.550,1.370,1,0,0,0,0,18,268,0,8,0
17-02 18:17:30,50.730,6.497,42.483,0,0,4757068,576548,192012,2467128,9439.242,1565.377,0,0,0,0,3739,2160,0.800,1.550,1.370,1,0,20.992,0,0,18,260,0,10,0
17-02 18:17:31,61.793,8.506,29.270,0,0,4857208,476244,192012,2467412,42969.849,1513.051,0,116.081,0,7.005,4110,2336,0.800,1.550,1.370,4,0,5.003,0,0,18,258,0,10,0
17-02 18:17:32,91.654,8.264,0.250,0,0,4857928,475420,192012,2467500,39416.294,1460.456,0,1506.534,0,87.147,5422,3342,0.800,1.550,1.370,4,0,5.008,0,0,18,256,0,12,0
17-02 18:17:33,69.023,8.721,21.679,0,0,4973468,358880,192012,2468496,9026.338,1560.871,0,458.493,0,16.944,5125,6808,0.800,1.550,1.370,3,0,3.987,0,0,18,260,0,15,0
17-02 18:17:34,31.037,4.505,63.575,0,0,4893272,438456,192012,2469196,8447.992,1621.918,0,76.090,0,6.007,3573,6290,0.820,1.540,1.370,2,0,7.008,0,0,18,256,0,17,0
17-02 18:17:35,23.010,3.251,72.781,0,0,4951860,379864,192012,2469200,9029.900,1512.653,0,44.019,0,2.001,2189,1795,0.820,1.540,1.370,1,0,1.000,0,0,18,256,0,17,0
17-02 18:17:36,22.993,4.249,71.227,0.250,0,4959852,371048,192012,2470024,6715.857,1499.522,0,355.886,0,15.995,5030,7760,0.820,1.540,1.370,2,0,0,0,0,18,260,0,20,0
17-02 18:17:37,8.000,4.250,85.500,0,0,4962168,368604,192012,2470152,5709.993,1619.998,0,324.000,0,23.000,3707,5098,0.820,1.540,1.370,0,0,1.000,0,0,18,260,0,20,0
17-02 18:17:38,5.749,1.750,90.734,0.750,0,4930116,400644,192012,2470164,9046.356,1457.735,0,8486.458,0,1028.813,2769,2722,0.820,1.540,1.370,0,0,0,0,0,18,260,0,22,0
17-02 18:17:39,3.992,1.497,93.301,0.249,0,4930360,400392,192012,2470172,6953.194,1508.787,0,431.082,0,32.930,1808,2484,0.750,1.510,1.360,0,0,0,0,0,18,260,0,22,0
17-02 18:17:40,1.500,0.750,96.530,0,0,4930856,399892,192012,2470176,8674.725,1566.492,0,0,0,0,1120,1483,0.750,1.510,1.360,0,0,1.000,0,0,18,260,0,22,0
17-02 18:17:41,1.753,0.751,96.940,0,0,4930852,399892,192012,2470180,7457.581,1460.856,0,12.024,0,3.006,1141,1523,0.750,1.510,1.360,0,0,0,0,0,18,260,0,22,0
17-02 18:17:42,1.750,0.750,95.997,0.250,0,4930852,399892,192012,2470180,8656.752,1619.954,0,587.983,0,41.999,1264,1728,0.750,1.510,1.360,0,0,0,0,0,18,260,0,22,0
17-02 18:17:43,1.750,0.750,96.497,0,0,4930852,399892,192012,2470180,10340.689,1457.956,0,963.971,0,14.000,1335,1915,0.750,1.510,1.360,0,0,0,0,0,18,260,0,22,0
17-02 18:17:44,2.501,0.750,95.772,0.250,0,4930852,399892,192012,2470180,4836.135,1458.342,0,252.059,0,23.005,1336,1953,0.690,1.490,1.360,1,0,0,0,0,18,260,0,22,0
17-02 18:17:45,1.500,0.750,96.725,0,0,4930852,399892,192012,2470180,4755.774,1619.582,0,0,0,0,1066,1473,0.690,1.490,1.360,0,0,0,0,0,18,260,0,22,0
17-02 18:17:46,1.750,0.500,97.003,0,0,4930848,399892,192012,2470184,9056.243,1458.039,0,0,0,0,1138,1523,0.690,1.490,1.360,0,0,2.000,0,0,18,260,0,22,0
17-02 18:17:47,1.992,0.996,96.135,0,0,4930864,399892,192012,2470184,6982.467,1452.481,0,203.228,0,15.939,1152,1543,0.690,1.490,1.360,0,0,0,0,0,18,260,0,22,0
17-02 18:17:48,2.259,1.004,95.862,0.753,0,4930864,399892,192012,2470184,8921.676,1720.494,0,1164.395,0,114.432,1410,1892,0.690,1.490,1.360,0,0,0,0,0,18,260,0,22,0
17-02 18:17:49,1.499,0.500,96.465,0.250,0,4930860,399892,192012,2470188,6664.583,1457.471,0,195.929,0,14.995,1070,1487,0.640,1.460,1.350,0,0,0,0,0,18,260,0,22,0
17-02 18:17:50,1.500,0.750,97.017,0,0,4930860,399892,192012,2470188,8620.525,1458.258,0,0,0,0,1101,1453,0.640,1.460,1.350,0,0,1.000,0,0,18,260,0,22,0
17-02 18:17:51,1.494,0.498,96.881,0,0,4930860,399892,192012,2470188,10069.642,1506.262,0,0,0,0,1048,1440,0.640,1.460,1.350,0,0,0,0,0,18,260,0,22,0
17-02 18:17:52,1.506,0.753,97.140,0,0,4930860,399892,192012,2470188,4898.677,1572.316,0,0,0,0,1034,1472,0.640,1.460,1.350,0,0,0,0,0,18,260,0,22,0
17-02 18:17:53,2.000,0.750,96.756,0,0,4930856,399892,192012,2470192,4604.296,1458.094,0,104.007,0,10.001,1049,1515,0.640,1.460,1.350,0,0,0,0,0,18,260,0,22,0
17-02 18:17:54,9.995,10.744,75.211,1.999,0,4940032,390364,192024,2470468,9144.270,1695.123,263.864,667.655,23.988,128.933,3193,2717,0.750,1.470,1.350,1,0,65.966,0,0,18,260,0,22,0
17-02 18:17:55,39.781,6.505,52.041,0.751,0,4561276,769180,192024,2470564,6731.317,1865.473,112.089,4.003,6.005,1.001,3210,1950,0.750,1.470,1.350,1,0,13.010,0,0,18,256,0,24,0
17-02 18:17:56,22.763,4.253,72.293,0.250,0,4598356,732148,192024,2470564,8559.054,1887.114,72.043,0,5.003,0,2242,1814,0.750,1.470,1.350,1,0,0,0,0,18,256,0,24,0
17-02 18:17:57,22.147,3.981,72.163,0.747,0,4663872,666404,192024,2470792,6845.028,1630.385,155.275,0,18.912,0,2183,1840,0.750,1.470,1.350,1,0,1.991,0,0,18,256,0,24,0
17-02 18:17:58,26.110,5.774,66.781,0.251,0,4700468,628884,192028,2471720,8570.027,1464.155,172.726,277.165,12.051,21.089,3631,4680,0.750,1.470,1.350,1,0,15.063,0,0,18,260,0,26,0
17-02 18:17:59,23.250,5.000,70.249,0.250,0,4760372,568808,192032,2471900,8971.924,1619.986,8.000,735.994,2.000,40.000,2641,2405,1.090,1.530,1.370,1,0,6.000,0,0,18,260,0,26,0
17-02 18:18:00,24.495,2.999,72.235,0,0,4788632,540364,192032,2472084,7006.592,1597.679,0,0,0,0,2049,1618,1.090,1.530,1.370,1,0,1.000,0,0,18,260,0,26,0
17-02 18:18:01,5.250,1.750,92.497,0,0,4788572,540420,192032,2472088,41793.615,1457.952,0,0,0,0,1323,1573,1.090,1.530,1.370,0,0,1.000,0,0,18,260,0,26,0
17-02 18:18:02,1.750,0.750,96.480,0.250,0,4788572,540420,192032,2472088,43589.153,1457.704,0,271.945,0,14.997,1206,1583,1.090,1.530,1.370,0,0,0,0,0,18,260,0,26,0
17-02 18:18:03,1.500,0.250,97.248,0,0,4786200,542792,192032,2472088,8821.801,1619.963,0,183.996,0,1.000,1025,1406,1.090,1.530,1.370,0,0,0,0,0,18,260,0,26,0
17-02 18:18:04,2.000,0.750,96.492,0,0.250,4786196,542792,192032,2472092,9324.188,1547.865,0,19.998,0,2.000,1109,1492,1,1.510,1.360,0,0,0,0,0,18,260,0,26,0
17-02 18:18:05,2.000,0.500,96.758,0,0,4786196,542792,192032,2472092,8524.686,1458.117,0,4.000,0,1.000,1055,1479,1,1.510,1.360,0,0,0,0,0,18,260,0,26,0
17-02 18:18:06,1.249,1.499,96.436,0,0,4786196,542792,192032,2472092,10049.341,1618.927,0,0,0,0,1162,1508,1,1.510,1.360,1,0,2.998,0,0,18,260,0,26,0
17-02 18:18:07,2.502,1.501,94.813,0,0,4786192,542792,192032,2472096,9931.559,1458.964,0,0,0,0,1231,1529,1,1.510,1.360,0,0,3.002,0,0,18,260,0,26,0
17-02 18:18:08,3.001,1.000,95.517,0.500,0,4786184,542792,192036,2472100,4780.854,1458.260,0,444.079,0,41.007,1373,1965,1,1.510,1.360,1,0,0,0,0,18,260,0,26,0
17-02 18:18:09,1.996,0.998,95.817,0.499,0,4786184,542792,192036,2472100,8686.421,1455.222,0,1964.251,0,100.808,1317,1881,0.920,1.480,1.360,0,0,0,0,0,18,260,0,26,0
17-02 18:18:10,1.753,0.751,96.159,0,0,4775524,553452,192036,2472100,8597.188,1600.641,0,4419.293,0,564.932,1404,1497,0.920,1.480,1.360,1,0,1.002,0,0,18,260,0,26,0
17-02 18:18:11,2.000,0.750,96.014,0.250,0,4775776,553200,192036,2472100,5629.805,1620.232,0,132.019,0,14.002,1267,1911,0.920,1.480,1.360,0,0,0,0,0,18,260,0,26,0
17-02 18:18:12,2.000,0.750,96.235,0,0,4775772,553200,192036,2472104,8164.766,1457.780,0,275.958,0,18.997,1174,1604,0.920,1.480,1.360,0,0,0,0,0,18,260,0,26,0
17-02 18:18:13,2.500,0.750,96.003,0.250,0,4775772,553200,192036,2472104,8971.305,1458.050,0,88.003,0,12.000,1332,1898,0.920,1.480,1.360,0,0,0,0,0,18,260,0,26,0
17-02 18:18:14,2.000,0.250,96.008,0,0,4775772,553200,192036,2472104,9192.746,1620.131,0,252.020,0,23.002,1310,1922,0.930,1.470,1.350,0,0,0,0,0,18,260,0,26,0
17-02 18:18:15,1.499,1.000,97.211,0,0,4775772,553200,192036,2472104,7199.108,1547.378,0,0,0,0,1023,1516,0.930,1.470,1.350,0,0,0,0,0,18,260,0,26,0
17-02 18:18:16,1.750,0.750,96.986,0,0,4775772,553200,192036,2472104,4889.284,1457.787,0,7.999,0,1.000,1012,1421,0.930,1.470,1.350,0,0,0,0,0,18,260,0,26,0
17-02 18:18:17,11.753,5.752,81.023,0,0,4768316,560652,192036,2472224,10562.059,1458.422,0,220.064,0,16.005,2632,6353,0.930,1.470,1.350,0,0,36.010,0,0,18,260,0,27,0
17-02 18:18:18,2.249,1.249,95.950,0.500,0,4768204,560764,192036,2472108,7266.179,1619.149,0,311.836,0,58.969,1366,1884,0.930,1.470,1.350,1,0,0,0,0,18,260,0,27,0
17-02 18:18:19,1.751,0.500,96.829,0,0,4768204,560764,192036,2472108,4727.846,1459.187,0,196.160,0,15.012,1068,1571,0.850,1.450,1.350,1,0,0,0,0,18,260,0,26,0
17-02 18:18:20,1.250,1.000,96.724,0,0,4768204,560764,192036,2472108,9065.532,1499.592,0,0,0,0,1118,1527,0.850,1.450,1.350,0,0,1.000,0,0,18,260,0,26,0
17-02 18:18:21,2.250,0.750,96.498,0,0,4768204,560764,192036,2472108,7442.883,1619.974,0,79.999,0,9.000,1123,1543,0.850,1.450,1.350,0,0,0,0,0,18,260,0,26,0
17-02 18:18:22,1.000,0.750,97.011,0,0,4768200,560764,192036,2472112,10638.200,1500.169,0,8.001,0,1.000,1161,1529,0.850,1.450,1.350,0,0,0,0,0,18,260,0,26,0
17-02 18:18:23,1.750,0.750,96.506,0.250,0,4768200,560764,192036,2472112,10545.633,1458.088,0,64.004,0,7.000,1181,1567,0.850,1.450,1.350,0,0,0,0,0,18,260,0,25,0
17-02 18:18:24,2.250,0.750,96.511,0,0,4768200,560764,192036,2472112,4742.516,1458.159,0,48.005,0,6.001,1069,1520,0.780,1.420,1.340,0,0,0,0,0,18,260,0,25,0
17-02 18:18:25,4.000,7.001,87.508,0.250,0,4770968,557996,192036,2472112,9209.792,1710.147,0,252.022,0,23.002,2625,2575,0.780,1.420,1.340,1,0,81.007,0,0,18,260,0,25,0
17-02 18:18:26,9.750,18.250,69.751,0,0.250,4782524,546408,192036,2472144,6865.054,1458.012,0,40.000,0,4.000,4884,3582,0.780,1.420,1.340,1,0,230.002,0,0,18,260,0,25,0
17-02 18:18:27,22.255,4.251,72.265,0,0,4833148,495784,192036,2472144,8920.818,1458.297,0,0,0,0,2147,1822,0.780,1.420,1.340,1,0,0,0,0,18,260,0,25,0
17-02 18:18:28,19.994,3.249,75.229,0.250,0,4850464,478464,192036,2472148,14083.003,9274.368,0,363.897,0,39.989,2961,3167,0.780,1.420,1.340,0,0,0,0,0,18,261,0,23,0
17-02 18:18:29,22.500,5.500,69.001,0.750,0,4845356,483016,192036,2472704,11713.094,3847.031,336.003,940.008,20.000,99.001,4889,6249,0.880,1.430,1.340,2,1,1.000,0,0,18,261,0,24,0
17-02 18:18:30,36.243,8.498,53.490,0.750,0,4822476,505896,192036,2472704,9823.226,2661.519,19.996,543.902,2.000,65.988,4553,4778,0.880,1.430,1.340,3,0,25.995,0,0,18,260,0,25,0
17-02 18:18:31,40.273,6.754,50.779,1.751,0,4926176,401996,192036,2472904,41211.340,3685.087,140.079,1412.800,6.003,251.142,3308,2065,0.880,1.430,1.340,1,0,5.003,0,0,18,261,0,25,0
17-02 18:18:32,33.493,4.749,60.737,0,0,4975004,353076,192044,2472956,67267.169,27952.837,0,147.967,0,7.998,3896,3630,0.880,1.430,1.340,3,0,0,0,0,18,264,0,27,0
17-02 18:18:33,11.751,15.501,70.756,0,0,4969388,358676,192044,2472972,19293.654,10497.900,0,156.013,0,9.001,4661,3483,0.880,1.430,1.340,1,0,203.017,0,0,18,260,0,31,0
17-02 18:18:34,8.496,18.492,70.219,0,0,4970716,357328,192044,2472992,10714.340,2021.121,0,215.906,0,9.996,5004,3764,0.890,1.430,1.340,0,0,230.900,0,0,18,261,0,31,0
17-02 18:18:35,17.001,7.500,72.754,0.750,0,4962392,365632,192044,2473012,20823.282,2708.167,4.000,2760.170,1.000,162.010,3184,3045,0.890,1.430,1.340,1,0,39.002,0,0,18,260,0,33,0
17-02 18:18:36,23.015,4.753,71.047,0.500,0,4985752,341644,192052,2473632,8401.521,1500.986,604.397,468.308,46.030,10.007,2392,2027,0.890,1.430,1.340,1,0,2.001,0,0,18,260,0,25,0
17-02 18:18:37,28.808,6.263,63.379,0.501,0,5010024,316496,192076,2474444,8574.398,1460.964,256.520,0,16.033,0,4421,5260,0.890,1.430,1.340,1,0,1.002,0,0,18,260,0,25,0
17-02 18:18:38,28.769,3.252,64.794,2.502,0,5021656,297928,192272,2480628,7440.011,1458.983,2809.893,824.555,296.200,13.009,3786,4929,0.890,1.430,1.340,3,0,0,0,0,18,261,0,25,0
17-02 18:18:39,29.663,5.235,63.315,0,0,5020604,298728,192272,2480880,5371.302,1507.594,159.534,291.149,9.971,22.933,3350,2978,0.900,1.420,1.340,2,0,2.991,0,0,18,260,0,26,0
17-02 18:18:40,26.492,3.249,68.479,0.250,0,5052016,267004,192272,2481192,5375.332,1565.514,43.986,719.777,2.999,63.980,4172,4950,0.900,1.420,1.340,2,0,1.999,0,0,18,261,0,21,0
17-02 18:18:41,24.252,5.000,68.755,1.000,0,5047528,271364,192272,2481320,9116.644,1458.103,48.003,704.050,2.000,84.006,5176,6445,0.900,1.420,1.340,1,0,0,0,0,18,261,0,21,0
17-02 18:18:42,24.235,3.498,69.706,0.750,0,5039920,278648,192272,2481648,5137.729,1457.072,227.855,139.911,29.981,10.993,4003,4429,0.900,1.420,1.340,6,0,0,0,0,18,264,0,22,0
17-02 18:18:43,25.269,3.753,65.801,3.002,0,5047240,270212,192276,2482760,9255.125,1621.248,912.703,1309.008,58.045,197.152,4464,5997,0.900,1.420,1.340,1,0,1.001,0,0,18,269,0,23,0
17-02 18:18:44,14.987,2.248,79.933,0.999,0,5047588,269708,192276,2482920,6628.410,1456.771,31.973,3397.135,1.998,212.821,2926,3632,0.910,1.410,1.340,0,0,0,0,0,18,269,0,24,0
17-02 18:18:45,12.757,2.501,82.799,1.251,0,5046960,270184,192276,2483072,9215.413,1458.857,96.056,1604.943,6.004,119.070,2898,3702,0.910,1.410,1.340,1,0,1.001,0,0,18,270,0,24,0
17-02 18:18:46,23.510,5.252,65.778,2.001,0,5035520,281516,192276,2483180,9625.125,1512.648,16.007,5918.537,1.000,745.319,6392,8537,0.910,1.410,1.340,1,0,0,0,0,18,272,0,24,0
17-02 18:18:47,25.986,4.747,65.965,1.249,0,5028280,288380,192276,2483556,6521.503,1565.161,0,2178.832,0,220.882,5759,7510,0.910,1.410,1.340,2,0,0,0,0,18,272,0,24,0
17-02 18:18:48,25.247,5.249,66.743,1.000,0,5024816,291636,192276,2483760,9194.984,1551.829,0,1647.818,0,146.984,5466,6833,0.910,1.410,1.340,2,0,0,0,0,18,272,0,24,0
17-02 18:18:49,26.006,6.001,65.016,1.750,0,5023736,292616,192276,2483860,9476.282,1512.364,16.004,2780.670,1.000,305.073,5535,6918,0.840,1.390,1.330,2,0,0,0,0,18,273,0,25,0
17-02 18:18:50,3.998,1.749,89.966,1.999,0,5021500,294832,192276,2483880,5261.023,1457.452,0,6145.691,0,397.851,2487,4105,0.840,1.390,1.330,0,0,1.000,0,0,18,271,0,25,0
17-02 18:18:51,23.055,4.010,68.915,1.754,0,5021548,294580,192276,2484084,10378.831,1569.756,0,1279.060,0,164.393,5412,6896,0.840,1.390,1.330,1,0,0,0,0,18,273,0,25,0
17-02 18:18:52,25.420,4.984,64.547,1.994,0.249,5018468,297520,192276,2484224,10464.086,1453.428,47.849,3221.866,1.994,318.000,6257,8596,0.840,1.390,1.330,1,0,0,0,0,18,272,0,25,0
17-02 18:18:53,25.018,5.004,68.549,0.500,0,5018384,297520,192276,2484308,8878.354,1513.083,0,1060.759,0,89.064,5165,6260,0.840,1.390,1.330,1,0,0,0,0,18,272,0,25,0
17-02 18:18:54,23.262,5.253,68.787,1.001,0,5018848,297016,192276,2484348,6515.499,1458.784,0,1120.602,0,126.068,5021,6237,0.930,1.400,1.330,1,0,0,0,0,18,272,0,26,0
17-02 18:18:55,6.500,1.250,90.006,0.750,0,5018924,296764,192276,2484524,4680.288,1566.096,0,1388.085,0,144.009,2349,3585,0.930,1.400,1.330,0,0,0,0,0,18,271,0,27,0
17-02 18:18:56,21.746,3.499,72.485,1.000,0,5019396,296260,192276,2484556,8675.219,1457.701,0,1683.654,0,165.966,4801,6404,0.930,1.400,1.330,1,0,0,0,0,18,272,0,25,0
17-02 18:18:57,24.753,4.751,66.008,1.750,0.250,5019676,295756,192276,2484780,6873.866,1512.190,0,2020.254,0,228.029,5652,7575,0.930,1.400,1.330,1,0,0,0,0,18,272,0,25,0
17-02 18:18:58,25.494,4.749,66.484,1.000,0,5020824,294500,192276,2484888,4954.819,1457.653,0,1859.557,0,172.959,5783,7406,0.930,1.400,1.330,1,0,2.000,0,0,18,272,0,27,0
17-02 18:18:59,24.753,5.501,65.257,1.750,0,5021784,293492,192276,2484936,8734.902,1566.162,0,6096.630,0,397.041,5980,8012,1.170,1.440,1.350,2,0,0,0,0,18,272,0,27,0
17-02 18:19:00,25.244,4.749,66.984,1.250,0,5021552,293492,192276,2485168,7566.248,1511.650,0,931.784,0,116.973,5607,6870,1.170,1.440,1.350,1,0,1.000,0,0,18,272,0,25,0
17-02 18:19:01,25.820,5.014,64.676,2.256,0,5021488,293492,192276,2485232,44608.606,1461.985,0,2903.916,0,289.790,6058,8191,1.170,1.440,1.350,2,0,1.003,0,0,18,272,0,25,0
17-02 18:19:02,23.443,4.489,68.335,0.499,0,5021264,293508,192276,2485436,43175.738,1562.228,0,5658.336,0,649.432,5654,6591,1.170,1.440,1.350,3,0,0,0,0,18,272,0,25,0
17-02 18:19:03,22.994,4.749,69.732,1.000,0,5022464,292252,192276,2485492,4985.738,1457.631,0,771.805,0,69.982,5190,6410,1.170,1.440,1.350,0,0,1.000,0,0,18,273,0,25,0
17-02 18:19:04,4.500,0.750,92.754,0.250,0,5022684,292000,192276,2485524,9079.347,1652.063,0,556.021,0,37.001,1803,2375,1.080,1.420,1.340,2,0,2.000,0,0,18,275,0,25,0
17-02 18:19:05,24.296,5.511,65.876,1.503,0,5022892,291776,192280,2485536,12320.578,1460.796,0,2725.215,0,422.809,6279,8143,1.080,1.420,1.340,1,1,2.004,0,0,18,275,0,25,0
17-02 18:19:06,25.974,5.495,63.687,2.498,0,5022620,291776,192284,2485804,8699.364,1564.447,0,2329.687,0,300.701,6467,8939,1.080,1.420,1.340,1,0,0,0,0,18,275,0,25,0
17-02 18:19:07,25.973,5.245,65.682,0.749,0,5023344,291020,192284,2485836,8372.309,1510.432,0,1538.403,0,163.830,5574,6900,1.080,1.420,1.340,1,0,5.994,0,0,18,274,0,25,0
17-02 18:19:08,24.758,5.002,67.022,1.000,0,5023968,290264,192284,2485968,8430.764,1458.478,0,1436.471,0,138.045,5459,7009,1.080,1.420,1.340,1,0,0,0,0,18,275,0,25,0
17-02 18:19:09,25.023,5.255,66.061,2.502,0,5023956,290012,192284,2486228,6627.120,1567.447,64.059,9648.910,4.004,455.421,5816,7790,1.070,1.410,1.340,3,0,0,0,0,18,276,0,25,0
17-02 18:19:10,8.993,1.998,86.929,0.500,0,5023940,289788,192284,2486468,4957.942,1456.808,223.817,2418.021,11.990,79.935,2536,3317,1.070,1.410,1.340,0,0,0.999,0,0,18,274,0,25,0
17-02 18:19:11,18.242,2.999,76.218,1.499,0,5025676,288024,192284,2486496,4832.948,1511.358,99.958,1623.311,5.997,149.936,3649,4496,1.070,1.410,1.340,1,0,0,0,0,18,275,0,25,0
17-02 18:19:12,6.000,1.500,90.495,0.500,0,5025748,287772,192284,2486676,9055.496,1457.919,0,659.963,0,73.996,2159,3051,1.070,1.410,1.340,0,0,0,0,0,18,274,0,25,0
17-02 18:19:13,20.505,3.751,72.516,1.250,0,5027008,286512,192288,2486672,6721.480,1566.345,0,1368.301,0,180.040,4484,5648,1.070,1.410,1.340,1,0,0,0,0,18,274,0,25,0
17-02 18:19:14,3.498,0.500,94.434,0.500,0,5026904,286512,192288,2486776,9105.593,1510.937,0,315.778,0,23.983,1642,2223,1.070,1.400,1.340,1,0,0,0,0,18,275,0,25,0
17-02 18:19:15,24.262,5.002,67.783,1.000,0,5026988,286260,192288,2486944,9277.526,1458.712,0,1348.658,0,170.083,5534,7090,1.070,1.400,1.340,2,0,0,0,0,18,276,0,25,0
17-02 18:19:16,26.249,5.250,64.997,1.750,0,5027136,286008,192288,2487044,10885.530,1565.932,0,1879.919,0,233.990,5661,7480,1.070,1.400,1.340,2,0,0,0,0,18,275,0,25,0
17-02 18:19:17,33.764,10.504,49.770,3.001,0,5041648,271352,192288,2487188,10917.396,1458.587,0,7034.832,0,561.226,7618,17782,1.070,1.400,1.340,7,0,36.015,0,0,18,275,0,26,0
17-02 18:19:18,25.007,5.001,67.519,1.000,0,5038088,274740,192288,2487360,5495.550,1512.426,0,1576.445,0,137.039,5297,6782,1.070,1.400,1.340,1,0,0,0,0,18,275,0,26,0
17-02 18:19:19,23.433,5.235,68.056,0.748,0,5037076,275644,192288,2487468,10906.852,1453.848,0,1084.902,0,109.687,5312,6665,1.380,1.460,1.360,1,0,0,0,0,18,276,0,26,0
17-02 18:19:20,16.037,2.756,78.684,1.253,0,5035796,276892,192288,2487500,11345.505,1569.667,0,1090.548,0,141.330,3843,4778,1.380,1.460,1.360,1,0,1.002,0,0,18,274,0,26,0
17-02 18:19:21,11.253,2.001,84.521,0.750,0,5034456,278200,192288,2487532,6007.526,1512.384,0,1148.292,0,100.025,2733,3480,1.380,1.460,1.360,1,0,0,0,0,18,275,0,25,0
17-02 18:19:22,23.492,5.498,67.228,1.000,0,5032896,279540,192288,2487752,10251.670,1457.527,0,5542.200,0,679.779,5862,7455,1.380,1.460,1.360,2,0,0,0,0,18,275,0,26,0
17-02 18:19:23,26.502,5.250,64.255,2.500,0,5032548,279792,192292,2487844,9127.720,1608.127,0,2904.229,0,332.026,6527,9099,1.380,1.460,1.360,2,0,0,0,0,18,275,0,26,0
17-02 18:19:24,25.158,4.982,66.258,1.495,0,5032776,279540,192292,2487868,13576.367,1452.689,0,2124.234,0,199.272,5241,6668,1.350,1.450,1.360,1,0,0,0,0,18,275,0,26,0
17-02 18:19:25,24.092,4.768,68.262,0.753,0,5033544,278532,192292,2488108,12933.584,1626.235,0,1309.018,0,113.435,5405,6810,1.350,1.450,1.360,1,0,0,0,0,18,275,0,27,0
17-02 18:19:26,24.491,4.498,67.475,1.000,0,5033984,278028,192292,2488172,7887.103,1619.405,0,1435.473,0,147.946,5368,6791,1.350,1.450,1.360,3,1,0,0,0,18,275,0,28,0
17-02 18:19:27,24.727,4.496,65.190,3.247,0,5034544,277272,192292,2488368,9884.863,1618.504,0,7325.229,0,500.537,6376,8916,1.350,1.450,1.360,2,0,0,0,0,18,276,0,28,0
17-02 18:19:28,26.775,5.755,64.060,1.501,0,5034420,277272,192292,2488492,7113.667,1513.418,0,2105.974,0,236.221,6025,8053,1.350,1.450,1.360,1,0,0,0,0,18,275,0,28,0
17-02 18:19:29,25.535,5.508,64.088,2.003,0,5034652,277008,192292,2488524,6697.167,1568.146,16.022,2587.542,1.001,285.391,6166,8407,1.480,1.480,1.370,1,0,0,0,0,18,275,0,26,0
17-02 18:19:30,23.977,4.745,68.184,0.999,0,5035300,276056,192292,2488828,9025.275,1510.540,0,1266.775,0,101.901,5080,6295,1.480,1.480,1.370,1,0,0.999,0,0,18,275,0,27,0
17-02 18:19:31,23.733,4.747,68.450,0.749,0,5036012,275300,192292,2488872,41961.394,1456.937,0,1239.096,0,110.919,5537,6923,1.480,1.480,1.370,1,0,0,0,0,18,275,0,27,0
17-02 18:19:32,24.758,4.501,67.772,1.500,0,5035760,275300,192292,2489124,43808.396,1566.515,0,2560.842,0,153.050,5395,6583,1.480,1.480,1.370,1,0,0,0,0,18,275,0,28,0
17-02 18:19:33,24.255,5.501,66.764,1.250,0.500,5035704,275300,192292,2489180,7171.525,1512.321,0,1640.349,0,188.040,5512,7222,1.480,1.480,1.370,1,0,0,0,0,18,275,0,17,0
17-02 18:19:34,26.756,5.501,60.264,4.751,0,5035028,275932,192292,2489224,7130.660,1458.339,0,7649.780,0,616.143,7065,10528,1.690,1.520,1.380,1,0,1.000,0,0,18,275,0,17,0
17-02 18:19:35,24.462,3.994,68.643,0.499,0,5035044,275680,192296,2489456,9437.232,1617.469,0,1725.300,0,122.808,5144,6479,1.690,1.520,1.380,2,0,0,0,0,18,275,0,17,0
17-02 18:19:36,25.537,5.007,66.846,1.001,0,5034656,275940,192296,2489584,11013.877,1502.165,32.046,1089.571,1.001,116.167,5748,7304,1.690,1.520,1.380,2,0,0,0,0,18,275,0,17,0
17-02 18:19:37,23.485,7.495,66.957,0.750,0,5037484,272920,192296,2489776,6767.689,1457.072,15.990,1111.292,0.999,114.927,6320,8851,1.690,1.520,1.380,1,0,0.999,0,0,18,274,0,15,0
17-02 18:19:38,14.256,2.251,80.032,1.251,0,5038336,272008,192296,2489836,10688.323,1620.655,16.006,6150.487,1.000,717.290,3892,4232,1.690,1.520,1.380,2,0,0,0,0,18,275,0,16,0
17-02 18:19:39,12.501,2.500,82.757,1.000,0,5038176,272008,192296,2489996,7358.609,1458.121,0,1520.126,0,151.012,3456,4486,1.630,1.510,1.380,0,0,0,0,0,18,274,0,18,0
17-02 18:19:40,17.252,3.000,76.508,1.250,0,5038336,271784,192296,2490060,9544.015,1620.172,0,1868.199,0,141.015,3874,4713,1.630,1.510,1.380,1,0,1.000,0,0,18,275,0,18,0
17-02 18:19:41,23.745,4.999,66.485,1.750,0,5038228,271784,192296,2490168,6979.429,1457.672,0,1911.570,0,218.951,5819,7851,1.630,1.510,1.380,3,0,0,0,0,18,275,0,17,0
17-02 18:19:42,25.002,5.750,63.005,3.750,0,5038204,271784,192296,2490192,5307.392,1512.112,0,7400.547,0,563.042,6222,8899,1.630,1.510,1.380,1,0,0,0,0,18,275,0,17,0
17-02 18:19:43,24.742,5.248,66.728,1.250,0,5037552,272208,192296,2490420,8442.230,1565.486,0,1467.519,0,162.947,5411,7068,1.630,1.510,1.380,1,0,0,0,0,18,275,0,18,0
17-02 18:19:44,23.992,4.249,67.728,0.750,0,5037680,271984,192296,2490516,8771.156,1511.510,0,1103.642,0,106.965,5587,7105,1.660,1.520,1.380,3,0,0,0,0,18,275,0,19,0
17-02 18:19:45,24.012,4.252,68.786,1.501,0,5037932,271732,192296,2490516,8461.380,1458.755,0,1412.731,0,148.077,5249,6752,1.660,1.520,1.380,0,0,0,0,0,18,274,0,16,0
17-02 18:19:46,3.736,0.747,93.651,0.249,0,5037720,271732,192296,2490728,8911.772,1560.183,0,804.998,0,49.814,1633,2273,1.660,1.520,1.380,1,0,0,0,0,18,275,0,16,0
17-02 18:19:47,24.341,4.768,68.005,1.255,0,5037708,271732,192296,2490740,8969.635,1517.691,0,1674.278,0,177.666,5695,7196,1.660,1.520,1.380,1,0,0,0,0,18,276,0,17,0
17-02 18:19:48,25.752,5.750,63.505,2.250,0,5037516,271732,192296,2490932,6869.556,1552.126,0,2324.188,0,281.023,5987,8351,1.660,1.520,1.380,4,0,0,0,0,18,275,0,17,0
17-02 18:19:49,26.003,6.501,62.757,3.000,0,5037548,271480,192296,2491148,5091.582,1458.167,0,7176.820,0,556.064,6557,9333,1.610,1.510,1.380,1,0,0,0,0,18,275,0,16,0
17-02 18:19:50,24.493,4.499,67.980,1.250,0,5037728,271228,192296,2491220,5198.448,1619.516,0,2375.291,0,191.943,5348,6620,1.610,1.510,1.380,2,0,1.000,0,0,18,275,0,16,0
17-02 18:19:51,23.508,4.251,68.773,0.500,0,5037720,271228,192296,2491228,8926.969,1458.485,0,972.323,0,94.031,5337,6561,1.610,1.510,1.380,3,0,0,0,0,18,275,0,16,0
17-02 18:19:52,14.996,3.249,79.477,0.750,0,5037452,271228,192296,2491496,7606.760,1457.571,31.991,1087.680,1.000,113.966,3855,5090,1.610,1.510,1.380,0,0,0,0,0,18,274,0,16,0
17-02 18:19:53,12.744,1.749,83.712,0.500,0,5037448,271228,192296,2491500,9028.932,1619.270,0,1099.505,0,101.954,2813,3365,1.610,1.510,1.380,1,0,0,0,0,18,275,0,17,0
17-02 18:19:54,24.497,5.499,65.741,1.750,0,5031996,276568,192296,2491612,8356.812,1457.793,0,6007.146,0,771.890,6237,8070,1.560,1.500,1.380,4,0,0,0,0,18,275,0,17,0
17-02 18:19:55,25.955,3.993,66.386,1.747,0,5031976,276568,192296,2491632,8696.047,1617.219,0,2292.059,0,261.550,5611,7772,1.560,1.500,1.380,1,0,0,0,0,18,275,0,17,0
17-02 18:19:56,25.315,4.762,66.421,1.504,0,5031880,276568,192296,2491728,8431.658,1461.755,0,2113.429,0,231.595,5625,7396,1.560,1.500,1.380,1,0,0,0,0,18,275,0,18,0
17-02 18:19:57,23.288,5.509,68.361,1.002,0,5032376,275812,192296,2491988,5295.620,1460.377,0,1430.328,0,127.207,5428,6943,1.560,1.500,1.380,1,0,0,0,0,18,275,0,18,0
17-02 18:19:58,25.442,5.238,64.853,2.494,0,5033604,274552,192296,2492020,9116.316,1578.419,0,6700.797,0,428.029,5915,7929,1.560,1.500,1.380,1,0,1.995,0,0,18,275,0,16,0
17-02 18:19:59,12.439,2.737,81.600,1.244,0,5033680,274300,192296,2492196,7045.498,1558.369,0,1572.300,0,198.030,3496,5169,1.510,1.500,1.370,0,0,0,0,0,18,274,0,17,0
17-02 18:20:00,17.591,3.518,76.646,1.256,0,5033484,274300,192296,2492392,6915.697,1519.845,0,1411.285,0,148.768,4045,5281,1.510,1.500,1.370,1,0,1.005,0,0,18,275,0,18,0
17-02 18:20:01,23.508,5.002,66.772,1.751,0,5034044,273544,192296,2492588,44105.775,1458.489,0,1884.631,0,203.068,5729,7601,1.510,1.500,1.370,1,0,0,0,0,18,275,0,18,0
17-02 18:20:02,26.502,5.750,62.755,2.250,0.500,5035916,271532,192296,2492728,41879.412,1566.128,60.005,3248.265,8.001,262.021,6199,8494,1.510,1.500,1.370,1,0,2.000,0,0,18,275,0,17,0
17-02 18:20:03,25.255,4.501,66.764,1.250,0,5036104,271280,192296,2492792,9143.946,1512.322,0,2124.452,0,204.043,5582,7330,1.510,1.500,1.370,1,0,0,0,0,18,275,0,17,0
17-02 18:20:04,23.515,5.503,66.291,2.251,0,5036800,270524,192296,2492852,6793.235,1566.977,0,5567.471,0,361.225,5964,8042,1.470,1.490,1.370,2,0,0,0,0,18,275,0,17,0
17-02 18:20:05,24.459,3.993,68.886,1.248,0,5036724,270272,192296,2493180,5115.527,1509.500,95.841,1154.089,4.992,115.808,4855,5926,1.470,1.490,1.370,1,0,0,0,0,18,275,0,19,0
17-02 18:20:06,25.505,3.251,67.513,1.000,0,5037012,269768,192296,2493396,8489.688,1458.290,0,1292.257,0,144.029,5355,6556,1.470,1.490,1.370,1,0,0,0,0,18,275,0,20,0
17-02 18:20:07,24.519,6.255,65.300,1.001,0,5038360,268268,192296,2493532,7977.048,1567.188,0,1417.074,0,147.112,5577,7095,1.470,1.490,1.370,2,0,6.005,0,0,18,275,0,21,0
17-02 18:20:08,24.997,5.749,64.991,1.500,0,5038280,268268,192296,2493612,5710.232,1511.797,0,2143.712,0,210.972,5742,7660,1.470,1.490,1.370,1,0,0,0,0,18,275,0,21,0
17-02 18:20:09,25.759,6.002,63.023,3.001,0,5037468,268880,192296,2493812,9198.300,1566.562,0,7662.749,0,980.352,6868,9045,1.430,1.480,1.370,1,0,0,0,0,18,275,0,22,0
17-02 18:20:10,22.729,4.746,66.437,1.748,0,5037968,268268,192296,2493924,6421.948,1510.576,0,6010.336,0,387.635,5806,7941,1.430,1.480,1.370,1,0,0.999,0,0,18,275,0,22,0
17-02 18:20:11,24.476,4.745,68.433,0.999,0,5038676,267260,192296,2494224,10895.357,1456.577,0,1402.630,0,107.895,5498,7046,1.430,1.480,1.370,3,0,0,0,0,18,275,0,22,0
17-02 18:20:12,18.529,4.757,73.364,1.502,0,5038832,266756,192296,2494572,5100.922,1568.436,0,1394.165,0,174.271,4553,6096,1.430,1.480,1.370,0,0,0,0,0,18,274,0,23,0
17-02 18:20:13,9.497,1.250,87.218,0.500,0,5038800,266756,192296,2494604,7319.305,1511.443,0,875.678,0,73.973,2254,2849,1.430,1.480,1.370,2,1,0,0,0,18,275,0,24,0
17-02 18:20:14,24.177,4.985,66.550,1.496,0,5038608,266756,192296,2494796,10593.205,1453.637,0,1651.044,0,203.390,5880,7910,1.400,1.470,1.370,1,0,0,0,0,18,275,0,24,0
17-02 18:20:15,26.837,5.518,63.204,2.257,0,5038508,266756,192296,2494896,7090.923,1571.079,0,2596.393,0,301.976,6422,8894,1.400,1.470,1.370,2,0,0,0,0,18,275,0,24,0
17-02 18:20:16,25.472,5.494,65.428,1.998,0,5038624,266504,192296,2495032,8924.180,1510.338,0,2489.261,0,253.721,5893,7810,1.400,1.470,1.370,1,0,0,0,0,18,275,0,24,0
17-02 18:20:17,23.979,5.245,65.192,1.748,0,5041504,263480,192296,2495176,7049.698,1564.601,0,5762.849,0,376.663,5772,7721,1.400,1.470,1.370,3,0,10.990,0,0,18,275,0,25,0
17-02 18:20:18,32.010,8.503,56.519,0.750,0,5037392,267472,192296,2495296,8934.926,1652.541,0,1184.388,0,112.037,6356,14271,1.400,1.470,1.370,1,0,25.008,0,0,18,275,0,25,0
17-02 18:20:19,12.273,2.755,82.152,1.503,0,5037580,267220,192296,2495360,6682.340,1460.697,0,1450.679,0,180.333,3366,4892,1.290,1.450,1.360,0,0,0,0,0,18,274,0,26,0
17-02 18:20:20,16.250,3.500,78.748,0.750,0,5037392,267220,192296,2495548,5195.847,1565.954,0,1195.965,0,120.996,3461,4256,1.290,1.450,1.360,2,1,1.000,0,0,18,275,0,27,0
17-02 18:20:21,12.752,3.750,79.260,1.750,0,5038008,266464,192296,2495688,5656.744,1512.199,0,1916.252,0,247.032,3731,5252,1.290,1.450,1.360,0,0,0,0,0,18,274,0,28,0
17-02 18:20:22,14.734,2.248,80.414,0.999,0,5038212,266240,192300,2495704,8917.437,1456.438,0,1130.787,0,116.875,3305,4048,1.290,1.450,1.360,1,0,0,0,0,18,275,0,27,0
17-02 18:20:23,22.994,5.998,67.233,1.500,0,5038080,265988,192300,2496088,8919.722,1499.617,0,1619.586,0,171.956,5497,7279,1.290,1.450,1.360,3,0,0,0,0,18,275,0,27,0
17-02 18:20:24,25.004,6.001,64.760,2.250,0,5037980,265988,192300,2496188,9808.497,1620.247,0,2668.407,0,299.046,6460,8962,1.260,1.440,1.360,1,0,0,0,0,18,275,0,28,0
17-02 18:20:25,26.522,4.003,65.556,1.501,0,5038396,265512,192300,2496248,7379.255,1459.237,0,6297.338,0,778.660,6150,7373,1.260,1.440,1.360,2,0,0,0,0,18,275,0,28,0
17-02 18:20:26,24.255,5.251,65.514,2.250,0,5039180,264504,192300,2496472,9181.903,1512.313,0,5697.181,0,382.079,6126,8120,1.260,1.440,1.360,1,0,0,0,0,18,275,0,27,0
17-02 18:20:27,25.482,3.747,68.450,0.500,0,5040156,263496,192300,2496504,8175.088,1564.868,0,843.390,0,78.943,5110,6253,1.260,1.440,1.360,1,0,0,0,0,18,275,0,28,0
17-02 18:20:28,25.504,5.001,65.511,1.750,0,5040012,263496,192300,2496648,4994.840,1512.254,32.005,1796.302,1.000,213.036,5697,7882,1.260,1.440,1.360,3,0,0,0,0,18,275,0,28,0
17-02 18:20:29,25.258,5.252,64.520,2.251,0,5039764,263496,192300,2496896,9655.039,1458.459,0,2004.631,0,249.078,6148,8259,1.320,1.450,1.360,3,0,0,0,0,18,275,0,28,0
17-02 18:20:30,24.723,4.745,66.428,1.249,0,5040500,262740,192300,2496916,7350.016,1564.301,0,2557.222,0,216.765,5668,7360,1.320,1.450,1.360,2,0,0.999,0,0,18,275,0,26,0
17-02 18:20:31,24.281,5.006,68.588,1.252,0,5040504,262488,192300,2497164,41500.457,1513.950,0,1337.723,0,105.135,5280,6621,1.320,1.450,1.360,2,0,0,0,0,18,275,0,26,0
17-02 18:20:32,13.245,2.499,81.467,0.500,0,5040716,262236,192300,2497204,43962.031,1565.360,0,1127.539,0,79.967,3320,4105,1.320,1.450,1.360,2,0,0,0,0,18,274,0,26,0
17-02 18:20:33,13.503,2.751,80.767,0.750,0,5040880,261984,192300,2497292,10301.219,1458.314,60.013,2156.464,3.001,99.021,3673,4801,1.320,1.450,1.360,3,0,0,0,0,18,275,0,26,0
17-02 18:20:34,25.224,5.245,66.431,1.498,0,5041056,261732,192300,2497368,10079.600,1510.442,0,1654.293,0,193.800,5491,7208,1.300,1.440,1.360,5,0,0,0,0,18,275,0,25,0
17-02 18:20:35,26.523,6.756,60.302,3.503,0,5041272,261480,192300,2497404,9611.303,1567.354,0,7662.619,0,585.506,6787,9781,1.300,1.440,1.360,1,0,1.001,0,0,18,275,0,26,0
17-02 18:20:36,24.506,4.001,67.515,1.250,0.250,5041652,260976,192300,2497528,5401.214,1512.340,0,1224.275,0,129.029,5641,7315,1.300,1.440,1.360,2,0,0,0,0,18,274,0,26,0
17-02 18:20:37,23.749,4.500,68.747,0.500,0,5041936,260472,192300,2497748,9090.570,1565.926,0,1083.949,0,97.995,5242,6511,1.300,1.440,1.360,2,0,0,0,0,18,275,0,26,0
17-02 18:20:38,25.009,4.752,67.023,1.751,0,5041992,260220,192300,2497944,9383.196,1554.529,0,1568.534,0,185.063,5696,7126,1.300,1.440,1.360,2,0,0,0,0,18,275,0,27,0
17-02 18:20:39,28.717,7.242,60.181,1.249,0,5045824,256192,192300,2498140,7231.732,1456.335,0,1498.287,0,177.797,7256,10559,1.510,1.480,1.370,3,0,0.999,0,0,18,275,0,25,0
17-02 18:20:40,27.265,6.003,62.784,1.751,0,5045968,255940,192300,2498248,12481.708,1566.842,0,1985.067,0,211.113,6003,7510,1.510,1.480,1.370,1,1,1.001,0,0,18,275,0,27,0
17-02 18:20:41,26.509,5.252,63.273,2.251,0,5045784,255940,192300,2498432,10338.696,1512.541,0,2901.037,0,344.123,6736,9259,1.510,1.480,1.370,2,0,0,0,0,18,275,0,27,0
17-02 18:20:42,24.709,5.491,66.141,2.246,0,5046668,254932,192300,2498556,9135.994,1455.609,0,6541.256,0,399.344,5981,7928,1.510,1.480,1.370,1,0,0,0,0,18,275,0,27,0
17-02 18:20:43,24.295,5.009,67.626,0.751,0,5046632,254932,192300,2498592,9892.500,1568.934,0,1017.904,0,101.189,5370,6770,1.510,1.480,1.370,1,0,0,0,0,18,275,0,26,0
17-02 18:20:44,25.242,3.999,67.978,1.000,0,5046428,254932,192300,2498796,5181.304,1511.505,0,1039.660,0,103.966,5342,6699,1.790,1.540,1.390,1,0,0,0,0,18,275,0,28,0
17-02 18:20:45,23.998,4.500,68.995,1.250,0,5046336,254932,192300,2498888,9297.298,1565.882,0,6859.482,0,894.932,5261,5569,1.790,1.540,1.390,1,0,0,0,0,18,275,0,28,0
17-02 18:20:46,10.251,2.500,84.011,1.250,0,5046552,254680,192300,2498924,8471.154,1458.199,0,1632.222,0,194.026,3242,4774,1.790,1.540,1.390,0,0,0,0,0,18,274,0,29,0
17-02 18:20:47,19.507,3.501,73.027,2.001,0,5046864,254176,192300,2499116,8729.277,1512.568,0,1748.657,0,213.080,4389,5754,1.790,1.540,1.390,0,0,0,0,0,18,274,0,28,0
17-02 18:20:48,3.499,1.250,93.714,0.250,0,5046788,254176,192300,2499192,8882.588,1551.404,0,907.651,0,65.975,1796,2477,1.790,1.540,1.390,3,0,0,0,0,18,274,0,28,0
17-02 18:20:49,24.035,4.256,68.098,1.753,0,5046704,254176,192300,2499276,9043.010,1622.334,0,1882.709,0,248.357,5486,7087,1.890,1.570,1.400,1,0,0,0,0,18,275,0,30,0
17-02 18:20:50,24.468,4.993,65.913,1.997,0,5047016,253672,192300,2499468,7532.115,1456.089,0,2061.295,0,213.720,6061,8142,1.890,1.570,1.400,1,0,0.999,0,0,18,275,0,30,0
17-02 18:20:51,25.753,7.001,61.507,4.000,0,5046948,253672,192300,2499536,5609.677,1566.189,0,8309.003,0,651.079,7185,10528,1.890,1.570,1.400,1,0,0,0,0,18,275,0,30,0
17-02 18:20:52,25.226,5.495,65.188,1.998,0.250,5046904,253672,192300,2499580,6574.762,1510.567,0,2329.789,0,312.703,6111,8415,1.890,1.570,1.400,2,0,0,0,0,18,275,0,30,0
17-02 18:20:53,26.022,4.254,66.055,1.001,0,5047156,253168,192300,2499832,9045.559,1459.219,0,1609.345,0,171.143,5526,6884,1.890,1.570,1.400,1,0,0,0,0,18,275,0,30,0
17-02 18:20:54,24.485,4.247,68.209,1.249,0,5047644,252664,192300,2499848,7030.755,1619.022,0,1415.146,0,113.931,5349,6712,1.820,1.560,1.400,1,0,0,0,0,18,275,0,30,0
17-02 18:20:55,24.270,5.004,69.556,0.500,0,5047772,252412,192300,2499972,8428.785,1459.175,0,1160.935,0,103.083,5315,6656,1.820,1.560,1.400,4,0,0,0,0,18,275,0,29,0
17-02 18:20:56,7.499,1.750,87.485,1.000,0,5048360,251656,192300,2500140,6616.834,1457.743,0,2067.636,0,200.965,2842,4365,1.820,1.560,1.400,1,0,0,0,0,18,274,0,31,0
17-02 18:20:57,20.247,3.499,72.989,1.500,0,5048612,251404,192300,2500140,9060.610,1619.752,0,1859.715,0,212.967,4663,6219,1.820,1.560,1.400,1,0,0,0,0,18,275,0,32,0
17-02 18:20:58,25.226,5.495,65.188,1.998,0,5048464,251404,192300,2500288,8326.081,1456.615,0,2169.936,0,232.779,5967,7890,1.820,1.560,1.400,2,0,1.998,0,0,18,275,0,32,0
17-02 18:20:59,26.267,5.754,62.291,2.752,0,5048436,251404,192300,2500316,4847.210,1567.038,0,8113.373,0,596.395,6892,9931,1.750,1.550,1.400,1,0,0,0,0,18,275,0,29,0
17-02 18:21:00,26.514,4.753,65.035,1.751,0,5048424,251152,192300,2500580,5512.973,1512.816,0,2397.293,0,212.114,5802,7554,1.750,1.550,1.400,2,0,1.001,0,0,18,275,0,29,0
17-02 18:21:01,22.985,4.997,68.205,0.750,0,5049104,250396,192300,2500656,44601.454,1510.999,0,1650.906,0,127.915,5369,6695,1.750,1.550,1.400,1,0,0,0,0,18,274,0,30,0
17-02 18:21:02,23.509,5.252,68.527,1.501,0,5050048,249388,192300,2500720,44170.597,1566.624,0,1412.563,0,148.059,5212,6559,1.750,1.550,1.400,2,0,0,0,0,18,275,0,29,0
17-02 18:21:03,7.500,1.500,87.748,1.000,0,5050268,249136,192300,2500752,8921.776,1457.963,0,2007.950,0,180.995,2606,3804,1.750,1.550,1.400,0,0,0,0,0,18,274,0,30,0
17-02 18:21:04,20.989,3.748,71.464,1.499,0,5050048,249136,192300,2500972,8517.726,1619.188,0,2662.664,0,167.916,4677,5910,1.690,1.540,1.390,2,0,0,0,0,18,275,0,30,0
17-02 18:21:05,24.837,5.770,65.980,1.505,0,5050048,249136,192300,2500972,9140.860,1463.100,16.056,2091.289,1.003,229.801,6104,8146,1.690,1.540,1.390,1,0,0,0,0,18,275,0,30,0
17-02 18:21:06,27.423,5.235,61.825,2.493,0.249,5049588,249268,192300,2501300,6659.199,1453.895,0,7933.601,0,978.238,6961,9174,1.690,1.540,1.390,3,0,0,0,0,18,275,0,31,0
17-02 18:21:07,24.460,6.489,63.645,2.995,0,5050340,248516,192300,2501300,5090.635,1617.342,0,7196.175,0,460.244,6132,8437,1.690,1.540,1.390,1,0,5.990,0,0,18,275,0,28,0
17-02 18:21:08,23.782,5.257,68.592,0.501,0,5050956,247760,192300,2501440,8879.941,1459.963,0,1065.433,0,93.125,5257,6564,1.690,1.540,1.390,2,0,0,0,0,18,274,0,28,0
17-02 18:21:09,24.756,5.001,66.015,1.500,0,5050684,247760,192300,2501712,10408.364,1620.368,16.004,2132.484,1.000,221.050,5318,6829,1.640,1.530,1.390,2,0,0,0,0,18,274,0,30,0
17-02 18:21:10,3.750,1.000,94.497,0.250,0,5050932,247508,192300,2501716,7324.789,1457.958,0,543.984,0,31.999,1471,1993,1.640,1.530,1.390,2,0,1.000,0,0,18,274,0,30,0
17-02 18:21:11,24.005,4.501,67.514,1.750,0,5051124,247256,192300,2501776,9465.964,1458.302,0,1652.343,0,198.041,5536,7120,1.640,1.530,1.390,1,0,0,0,0,18,275,0,29,0
17-02 18:21:12,24.746,5.499,65.989,1.500,0.250,5050996,247256,192300,2501904,10682.219,1619.730,0,1851.691,0,176.970,5499,7030,1.640,1.530,1.390,2,0,0,0,0,18,275,0,29,0
17-02 18:21:13,26.255,4.751,63.763,2.250,0,5050988,247256,192300,2501912,9270.829,1458.288,0,2580.509,0,321.063,6674,9320,1.640,1.530,1.390,2,0,0,0,0,18,275,0,29,0
17-02 18:21:14,23.969,5.243,67.662,0.999,0,5050700,247256,192300,2502200,5932.253,1563.958,0,2013.371,0,153.799,5463,6894,1.580,1.520,1.390,2,0,0,0,0,18,274,0,30,0
17-02 18:21:15,24.522,5.505,66.310,2.252,0,5051684,246248,192300,2502224,5010.527,1513.367,0,5565.028,0,373.337,5848,7852,1.580,1.520,1.390,1,0,0,0,0,18,275,0,27,0
17-02 18:21:16,24.014,5.503,67.788,1.001,0,5050368,247332,192300,2502456,8283.664,1458.821,0,4934.779,0,629.354,5281,6010,1.580,1.520,1.390,1,0,0,0,0,18,275,0,27,0
17-02 18:21:17,7.499,1.000,89.486,0.750,0,5050664,246964,192300,2502528,8469.664,1619.744,0,1035.837,0,96.985,2130,3122,1.580,1.520,1.390,0,0,0,0,0,18,274,0,28,0
17-02 18:21:18,30.238,7.997,58.477,1.250,0,5063380,234076,192300,2502528,4824.096,1457.425,0,1515.402,0,174.931,5952,15704,1.580,1.520,1.390,2,0,35.986,0,0,18,275,0,30,0
17-02 18:21:19,24.932,5.236,66.070,1.496,0,5063340,234144,192300,2502672,9275.709,1615.595,0,1460.019,0,168.540,5395,6939,1.620,1.530,1.390,2,1,0,0,0,18,275,0,30,0
17-02 18:21:20,26.829,5.265,63.185,2.507,0,5063116,234144,192300,2502896,10706.407,1624.766,0,2800.214,0,322.947,6398,9021,1.620,1.530,1.390,3,0,1.003,0,0,18,275,0,28,0
17-02 18:21:21,23.507,3.751,68.521,1.000,0,5063064,234144,192300,2502948,9097.802,1620.499,32.010,1820.561,1.000,136.042,5366,6781,1.620,1.530,1.390,1,0,0,0,0,18,274,0,29,0
17-02 18:21:22,24.243,4.499,68.731,0.500,0,5063580,233388,192300,2503188,6924.130,1661.551,0,1419.617,0,113.969,5277,6578,1.620,1.530,1.390,1,0,0,0,0,18,275,0,29,0
17-02 18:21:23,25.218,5.243,66.666,1.248,0,5063776,233136,192300,2503244,4486.368,1617.969,0,1657.919,0,179.774,5363,6606,1.620,1.530,1.390,1,0,0,0,0,18,275,0,29,0
17-02 18:21:24,25.252,5.250,65.256,1.750,0,5063728,233136,192300,2503292,10117.893,1458.129,0,2060.182,0,228.020,5689,7438,1.570,1.520,1.390,4,0,0,0,0,18,275,0,27,0
17-02 18:21:25,25.522,6.255,61.553,3.753,0,5063456,233140,192300,2503560,8109.038,1621.407,0,7414.435,0,566.492,6829,9781,1.570,1.520,1.390,1,0,0,0,0,18,275,0,27,0
17-02 18:21:26,24.621,4.228,68.142,0.746,0,5063644,232888,192300,2503624,8854.540,1450.390,0,1034.572,0,93.509,5334,6581,1.570,1.520,1.390,3,0,0,0,0,18,274,0,27,0
17-02 18:21:27,24.137,5.029,68.640,0.754,0,5063612,232888,192300,2503656,7828.486,1629.258,0,1070.081,0,87.497,5210,6477,1.570,1.520,1.390,2,0,0,0,0,18,274,0,27,0
17-02 18:21:28,23.494,5.749,66.983,1.750,0,5064168,232132,192300,2503856,8571.771,1457.621,0,1619.579,0,200.948,5453,7027,1.570,1.520,1.390,2,0,0,0,0,18,275,0,26,0
17-02 18:21:29,7.750,2.000,87.998,0.500,0,5064124,232132,192300,2503900,7380.816,1457.964,0,1575.961,0,141.996,2593,3822,1.440,1.490,1.380,0,0,0,0,0,18,274,0,28,0
17-02 18:21:30,21.459,3.493,71.114,1.996,0,5064012,232132,192300,2504012,5311.848,1658.830,0,1948.277,0,200.617,4873,6470,1.440,1.490,1.380,1,0,0.998,0,0,18,275,0,28,0
17-02 18:21:31,23.239,6.497,66.720,1.249,0,5063992,232132,192300,2504032,39489.969,1457.335,0,2027.074,0,224.897,5712,7607,1.440,1.490,1.380,2,0,0,0,0,18,275,0,28,0
17-02 18:21:32,26.312,4.761,63.651,2.005,0,5063800,232132,192300,2504224,43592.145,1461.458,0,2582.110,0,282.669,6024,8165,1.440,1.490,1.380,1,0,0,0,0,18,275,0,28,0
17-02 18:21:33,25.748,5.499,64.994,2.500,0,5063616,232164,192300,2504376,8757.171,1619.847,0,5987.433,0,419.960,6441,8893,1.440,1.490,1.380,4,0,0,0,0,18,275,0,28,0
17-02 18:21:34,22.503,5.751,68.009,1.250,0,5063824,231912,192300,2504420,8251.104,1458.195,0,2712.363,0,123.016,5408,6864,1.410,1.490,1.380,1,0,0,0,0,18,275,0,29,0
17-02 18:21:35,24.222,4.245,68.671,0.250,0,5063848,231688,192300,2504620,10698.679,1510.261,0,1050.790,0,92.893,5430,6652,1.410,1.490,1.380,1,0,0,0,0,18,276,0,29,0
17-02 18:21:36,19.775,5.006,71.342,2.253,0,5062468,232960,192300,2504728,9237.865,1568.014,16.021,7277.347,1.001,940.208,5425,6761,1.410,1.490,1.380,0,0,0,0,0,18,274,0,29,0
17-02 18:21:37,8.505,1.501,88.050,0.750,0,5062940,232484,192300,2504732,7266.147,1458.833,0,1416.809,0,99.057,2251,2873,1.410,1.490,1.380,2,0,0,0,0,18,275,0,29,0
17-02 18:21:38,25.476,4.995,65.688,1.499,0,5063032,232232,192300,2504892,5636.691,1552.538,0,2034.084,0,226.786,6140,8128,1.410,1.490,1.380,2,0,0,0,0,18,275,0,29,0
17-02 18:21:39,29.763,9.004,57.026,1.501,0,5067452,227700,192300,2505004,5108.289,1566.702,0,2257.011,0,220.099,7893,11027,1.620,1.530,1.390,1,0,1.000,0,0,18,275,0,29,0
17-02 18:21:40,30.751,6.000,57.502,3.500,0,5067280,227700,192300,2505176,9094.240,1458.038,0,8184.216,0,635.017,7429,10427,1.620,1.530,1.390,1,0,2.000,0,0,18,275,0,30,0
17-02 18:21:41,26.235,5.247,64.714,1.499,0,5067220,227460,192300,2505460,8858.015,1511.150,0,1918.920,0,212.880,5890,7586,1.620,1.530,1.390,1,0,0,0,0,18,275,0,31,0
17-02 18:21:42,23.757,4.501,68.771,1.250,0.250,5067192,227460,192300,2505488,9278.805,1566.474,0,1020.308,0,90.027,5041,6131,1.620,1.530,1.390,2,0,0,0,0,18,275,0,31,0
17-02 18:21:43,24.756,4.501,67.766,0.750,0,5066944,227460,192300,2505736,8243.896,1458.335,0,1740.400,0,129.030,5613,7173,1.620,1.530,1.390,2,0,0,0,0,18,275,0,31,0
17-02 18:21:44,24.211,4.243,67.141,0.998,0,5066856,227460,192300,2505824,8676.951,1617.381,0,1461.633,0,149.758,5349,6531,1.810,1.570,1.410,1,0,0,0,0,18,274,0,29,0
17-02 18:21:45,24.041,4.257,68.366,1.002,0,5066936,227208,192300,2505996,7590.923,1460.486,0,1498.551,0,149.254,5394,6896,1.810,1.570,1.410,1,0,0,0,0,18,276,0,30,0
17-02 18:21:46,24.467,5.493,65.161,1.997,0,5066816,227208,192300,2506116,4945.272,1456.019,0,2173.044,0,269.633,5995,8256,1.810,1.570,1.410,1,0,0,0,0,18,275,0,31,0
17-02 18:21:47,24.024,6.256,64.065,3.504,0,5066744,227208,192300,2506188,8830.919,1621.638,0,7867.946,0,595.602,6759,9651,1.810,1.570,1.410,1,0,0,0,0,18,275,0,32,0
17-02 18:21:48,25.027,4.505,68.325,0.751,0,5066544,227208,192300,2506388,10661.670,1553.701,0,1121.227,0,103.113,5296,6736,1.810,1.570,1.410,1,0,0,0,0,18,275,0,29,0
17-02 18:21:49,23.508,4.502,68.524,0.750,0,5067232,226452,192300,2506456,8556.059,1458.521,0,1244.445,0,108.039,5221,6437,1.740,1.560,1.410,1,0,0,0,0,18,275,0,29,0
17-02 18:21:50,24.710,4.742,66.642,1.248,0,5067144,226452,192300,2506544,9526.496,1617.368,0,1573.439,0,169.724,5463,6795,1.740,1.560,1.410,1,0,0.998,0,0,18,275,0,31,0
17-02 18:21:51,24.009,6.002,66.774,1.250,0,5066988,226452,192300,2506728,6713.418,1458.525,0,1732.624,0,191.069,5623,7553,1.740,1.560,1.410,1,0,2.001,0,0,18,275,0,31,0
17-02 18:21:52,27.310,5.011,62.637,2.255,0,5066724,226452,192300,2506992,11878.994,1461.197,0,2814.158,0,339.743,6709,9241,1.740,1.560,1.410,6,0,0,0,0,18,275,0,28,0
17-02 18:21:53,27.280,8.432,61.007,1.736,0,5062468,223384,192300,2514300,9870.247,1607.015,0,7447.821,0,919.570,6445,7323,1.740,1.560,1.410,3,0,1.984,0,0,18,274,0,29,0
17-02 18:21:54,24.337,5.771,66.488,1.505,0.251,5063188,222376,192300,2514588,5793.749,1463.240,0,6174.112,0,394.413,5790,7922,1.600,1.530,1.400,2,0,0,0,0,18,275,0,29,0
17-02 18:21:55,25.862,4.520,68.044,0.502,0,5063740,221620,192300,2514792,12538.265,1518.572,0,839.634,0,81.352,5010,5779,1.600,1.530,1.400,1,0,0,0,0,18,275,0,31,0
17-02 18:21:56,24.745,5.249,66.237,1.750,0,5063700,221620,192300,2514832,9622.172,1565.703,0,1675.682,0,211.960,5819,7829,1.600,1.530,1.400,1,1,0,0,0,18,275,0,29,0
17-02 18:21:57,26.489,5.248,63.723,2.499,0,5063448,221620,192300,2515084,5661.604,1457.383,0,2275.037,0,289.877,6232,8533,1.600,1.530,1.400,1,0,0,0,0,18,275,0,29,0
17-02 18:21:58,25.458,4.742,65.890,0.998,0,5063392,221620,192304,2515136,8990.058,1509.491,0,1984.701,0,193.678,5717,7367,1.600,1.530,1.400,1,0,1.997,0,0,18,275,0,29,0
17-02 18:21:59,24.011,4.752,67.782,1.501,0,5063936,220864,192304,2515348,6816.194,1566.734,0,1560.731,0,136.064,5449,6836,1.710,1.560,1.410,1,0,0,0,0,18,275,0,29,0
17-02 18:22:00,24.470,4.994,68.417,0.749,0,5064852,219860,192304,2515436,9391.617,1510.170,0,1178.572,0,95.884,5104,6291,1.710,1.560,1.410,1,0,1.998,0,0,18,275,0,29,0
17-02 18:22:01,25.022,4.754,67.308,0.500,0,5065100,219608,192304,2515440,40458.100,1567.360,0,1345.167,0,140.122,5687,7214,1.710,1.560,1.410,2,0,0,0,0,18,275,0,29,0
17-02 18:22:02,24.992,5.498,65.230,2.499,0.250,5065068,219356,192304,2515724,38986.943,1457.549,0,2499.227,0,291.910,6061,8286,1.710,1.560,1.410,4,1,0,0,0,18,275,0,29,0
17-02 18:22:03,26.013,5.503,61.780,3.252,0,5065068,219356,192304,2515724,10352.058,1458.713,0,7867.845,0,592.289,6684,9583,1.710,1.560,1.410,2,0,0,0,0,18,275,0,29,0
17-02 18:22:04,24.254,4.501,68.261,0.750,0,5065888,218360,192304,2515884,7116.128,1620.257,0,1236.196,0,90.014,5112,6239,1.660,1.550,1.400,1,0,0,0,0,18,275,0,30,0
17-02 18:22:05,24.493,4.499,68.480,0.750,0.250,5066448,217604,192304,2516080,9108.379,1457.581,0,2283.343,0,99.971,5181,6444,1.660,1.550,1.400,1,0,0,0,0,18,276,0,28,0
17-02 18:22:06,17.746,3.999,75.234,1.500,0,5066904,217100,192304,2516128,6956.518,1457.689,0,1439.693,0,177.962,4206,5605,1.660,1.550,1.400,0,0,0,0,0,18,274,0,30,0
17-02 18:22:07,11.253,3.751,83.025,0.750,0,5068136,215844,192304,2516152,10459.167,1620.491,0,9218.792,0,119.036,2735,3287,1.660,1.550,1.400,3,0,6.002,0,0,18,275,0,31,0
17-02 18:22:08,24.619,5.222,65.402,1.741,0,5067992,215844,192304,2516296,8404.314,1450.289,0,1905.866,0,227.789,6150,8249,1.660,1.550,1.400,2,0,0,0,0,18,275,0,31,0
17-02 18:22:09,26.143,5.279,63.849,2.262,0,5068240,215592,192304,2516300,6527.645,1466.005,0,2851.571,0,318.741,6322,8781,1.680,1.560,1.410,2,0,0,0,0,18,275,0,29,0
17-02 18:22:10,25.238,3.998,67.219,1.499,0,5067828,215592,192304,2516712,5189.577,1619.244,0,2146.997,0,191.910,5383,7022,1.680,1.560,1.410,2,0,1.000,0,0,18,275,0,29,0
17-02 18:22:11,25.012,4.752,67.031,0.500,0,5067824,215592,192304,2516716,10595.977,1458.685,0,1648.774,0,140.066,5421,6902,1.680,1.560,1.410,2,0,0,0,0,18,275,0,29,0
17-02 18:22:12,25.028,5.506,63.822,3.754,0,5067716,215592,192304,2516824,8143.249,1459.658,0,7596.628,0,500.569,6048,8430,1.680,1.560,1.410,2,0,0,0,0,18,275,0,29,0
17-02 18:22:13,25.655,4.483,66.503,1.245,0,5067980,215088,192304,2517064,9083.331,1614.017,0,1402.800,0,160.405,5541,7056,1.680,1.560,1.410,1,0,0,0,0,18,275,0,27,0
17-02 18:22:14,23.998,5.250,67.994,0.750,0,5068452,214584,192304,2517096,7285.328,1457.865,0,1491.862,0,91.992,5189,6313,1.630,1.550,1.410,1,0,0,0,0,18,276,0,28,0
17-02 18:22:15,26.219,5.244,64.924,1.998,0,5068368,214584,192304,2517180,10091.134,1564.161,0,1949.707,0,234.724,5988,8076,1.630,1.550,1.410,1,0,0,0,0,18,275,0,28,0
17-02 18:22:16,25.313,4.511,68.170,0.501,0,5069164,213576,192304,2517392,8309.694,1515.775,0,1162.896,0,96.240,5275,6404,1.630,1.550,1.410,2,0,0,0,0,18,276,0,28,0
17-02 18:22:17,14.514,4.254,78.324,1.752,0,5069352,213324,192304,2517456,5531.244,1459.384,16.015,1653.568,1.001,187.177,3717,5128,1.630,1.550,1.410,0,0,0,0,0,18,274,0,29,0
17-02 18:22:18,21.957,6.238,68.367,1.248,0,5100404,182076,192304,2521192,4672.904,1455.167,0,2403.322,0,212.586,4344,12317,1.630,1.550,1.410,3,0,35.930,0,0,19,276,0,29,0
17-02 18:22:19,26.575,5.766,63.931,2.256,0,5084448,197980,192304,2517704,9278.320,1624.609,0,2442.930,0,266.757,6244,8843,1.660,1.550,1.410,1,0,0,0,0,18,275,0,30,0
17-02 18:22:20,24.489,5.248,64.471,2.999,0,5084832,197476,192308,2517820,9027.941,1457.345,0,6437.106,0,406.817,5878,7878,1.660,1.550,1.410,1,0,1.000,0,0,18,275,0,30,0
17-02 18:22:21,23.741,4.998,68.475,0.500,0,5083244,198884,192308,2518000,9236.569,1619.398,0,927.655,0,85.968,5027,6037,1.660,1.550,1.410,1,1,0,0,0,18,275,0,28,0
17-02 18:22:22,25.255,5.501,65.012,2.000,0,5083408,198632,192308,2518088,9433.696,1458.262,0,2364.425,0,288.052,6065,8353,1.660,1.550,1.410,1,0,0,0,0,18,275,0,28,0
17-02 18:22:23,24.191,4.738,67.585,0.998,0,5080924,201096,192308,2518108,8976.059,1604.079,0,1336.732,0,123.698,5369,6673,1.660,1.550,1.410,5,0,0,0,0,18,275,0,28,0
17-02 18:22:24,24.287,5.508,68.105,0.751,0,5081436,200340,192308,2518352,6833.500,1514.327,0,1249.921,0,124.191,5075,6255,1.610,1.550,1.410,2,0,0,0,0,18,276,0,28,0
17-02 18:22:25,13.982,3.246,78.901,1.498,0,5080708,201044,192308,2518376,5277.351,1456.165,0,1745.800,0,204.742,3819,5560,1.610,1.550,1.410,0,0,0,0,0,18,274,0,29,0
17-02 18:22:26,15.226,2.746,78.624,1.498,0,5080984,200692,192308,2518452,9203.214,1563.488,0,1701.267,0,162.739,3731,4786,1.610,1.550,1.410,2,0,0,0,0,18,275,0,29,0
17-02 18:22:27,25.088,5.519,67.235,1.505,0,5079596,201908,192308,2518624,7385.818,1517.304,0,2119.409,0,225.789,5683,7727,1.610,1.550,1.410,3,0,0,0,0,18,275,0,29,0
17-02 18:22:28,26.824,5.216,62.589,2.235,0,5079364,202036,192308,2518728,5185.940,1448.487,0,6707.944,0,478.855,6332,8438,1.610,1.550,1.410,1,0,0,0,0,18,275,0,29,0
17-02 18:22:29,28.423,5.282,62.379,2.012,0,5079256,202036,192308,2518836,9347.749,1629.895,0,7167.513,0,470.859,5955,7928,1.720,1.570,1.410,2,0,0,0,0,18,275,0,26,0
17-02 18:22:30,24.270,4.504,69.307,0.751,0,5079452,201812,192308,2518864,7097.876,1459.208,0,1124.931,0,81.067,4625,5532,1.720,1.570,1.410,1,0,1.001,0,0,18,275,0,27,0
17-02 18:22:31,8.997,2.999,85.219,1.499,0,5080280,200832,192308,2519016,44219.830,1457.467,0,2199.196,0,220.919,3198,4458,1.720,1.570,1.410,1,0,0,0,0,18,274,0,28,0
17-02 18:22:32,21.472,3.995,70.908,1.748,0,5080156,200832,192308,2519140,41495.408,1563.980,0,1673.838,0,190.754,4343,5320,1.720,1.570,1.410,1,0,0,0,0,18,274,0,30,0
17-02 18:22:33,2.755,1.252,94.923,0.250,0,5080116,200832,192308,2519180,5454.918,1514.754,0,749.363,0,56.102,1508,2195,1.720,1.570,1.410,1,0,0,0,0,18,275,0,30,0
17-02 18:22:34,24.491,4.498,68.226,1.000,0,5080044,200832,192308,2519252,9858.560,1565.454,0,1279.554,0,139.951,4954,6070,1.660,1.560,1.410,1,0,0,0,0,18,275,0,31,0
17-02 18:22:35,26.260,5.502,63.273,2.001,0,5080512,200076,192308,2519540,8090.988,1458.539,0,2524.933,0,281.104,6216,8324,1.660,1.560,1.410,1,0,0,0,0,18,275,0,31,0
17-02 18:22:36,24.497,4.999,67.743,1.000,0,5080492,199824,192308,2519812,5557.421,1511.843,0,2751.713,0,141.985,5202,6521,1.660,1.560,1.410,1,0,0,0,0,18,275,0,31,0
17-02 18:22:37,12.250,3.000,81.750,1.750,0,5080328,199824,192308,2519976,9097.966,1565.994,0,1995.993,0,212.999,3390,4815,1.660,1.560,1.410,3,0,0,0,0,18,274,0,31,0
17-02 18:22:38,15.771,3.505,77.104,1.252,0,5080324,199824,192308,2519980,7161.643,1502.023,0,1866.513,0,180.243,3946,5074,1.660,1.560,1.410,1,0,0,0,0,18,275,0,32,0
17-02 18:22:39,25.960,5.741,62.903,3.495,0,5080348,199572,192308,2520208,9765.961,1617.509,0,7013.200,0,514.208,6572,9017,1.610,1.550,1.410,1,0,0,0,0,18,275,0,32,0
17-02 18:22:40,25.482,4.997,65.954,0.749,0,5081228,198568,192308,2520332,6836.223,1456.982,0,1267.115,0,109.923,5544,6853,1.610,1.550,1.410,2,0,0.999,0,0,18,275,0,32,0
17-02 18:22:41,30.278,7.757,58.804,1.001,0,5081468,198044,192308,2520616,5428.986,1653.518,0,1249.147,0,106.097,7484,10269,1.610,1.550,1.410,1,0,1.001,0,0,18,275,0,29,0
17-02 18:22:42,27.494,5.249,64.735,0.500,0,5081364,198044,192308,2520720,8627.014,1565.640,0,1035.762,0,85.980,5608,6612,1.610,1.550,1.410,1,0,0,0,0,18,275,0,31,0
17-02 18:22:43,11.246,2.749,82.718,1.499,0,5081444,197792,192308,2520892,7226.183,1457.432,0,1711.333,0,200.922,3463,5034,1.610,1.550,1.410,0,0,0,0,0,18,274,0,32,0
17-02 18:22:44,18.976,3.995,73.657,1.748,0,5081652,197540,192308,2520936,8777.969,1564.035,0,1785.756,0,213.731,4267,5514,1.480,1.520,1.400,4,0,0,0,0,18,273,0,34,0
17-02 18:22:45,5.010,1.252,92.932,0.751,0,5081592,197540,192312,2520992,6931.588,1514.970,0,1334.616,0,80.157,1753,2514,1.480,1.520,1.400,1,0,0,0,0,18,274,0,34,0
17-02 18:22:46,22.248,4.500,68.243,2.000,0.250,5081592,197540,192312,2520992,9259.117,1457.861,0,1763.832,0,205.980,5443,7346,1.480,1.520,1.400,1,0,0,0,0,18,275,0,33,0
17-02 18:22:47,24.998,5.249,65.994,1.750,0,5081320,197540,192312,2521264,6970.332,1619.845,0,2319.778,0,255.975,5901,7971,1.480,1.520,1.400,3,0,0,0,0,18,275,0,33,0
17-02 18:22:48,26.497,5.999,60.744,3.500,0,5081688,197064,192312,2521372,5231.489,1551.848,0,11930.835,0,831.919,7077,10116,1.480,1.520,1.400,1,0,1.000,0,0,18,275,0,33,0
17-02 18:22:49,24.506,5.001,66.016,2.000,0,5081940,196812,192312,2521372,5157.270,1458.359,0,2120.522,0,241.059,5949,8050,1.440,1.520,1.400,1,0,0,0,0,18,275,0,33,0
17-02 18:22:50,24.742,4.499,67.979,1.000,0,5082400,196052,192312,2521672,10943.635,1619.502,0,1147.647,0,104.968,5386,6666,1.440,1.520,1.400,2,0,1.000,0,0,18,275,0,30,0
17-02 18:22:51,23.247,4.749,68.991,0.500,0,5083156,195296,192312,2521672,10104.628,1457.802,0,1527.793,0,88.988,5303,6635,1.440,1.520,1.400,2,0,0,0,0,18,275,0,30,0
17-02 18:22:52,23.510,5.002,68.528,0.750,0,5082900,195296,192312,2521928,8980.650,1458.593,0,1048.426,0,97.039,5199,6487,1.440,1.520,1.400,1,0,0,0,0,18,276,0,30,0
17-02 18:22:53,13.240,2.998,81.688,0.999,0,5082872,195296,192312,2521956,10563.012,1618.776,0,1550.827,0,184.860,3447,4854,1.440,1.520,1.400,0,0,0,0,0,18,274,0,32,0
17-02 18:22:54,15.752,3.250,78.010,1.250,0,5082800,195296,192312,2522028,10084.293,1458.187,0,1820.233,0,201.026,3796,4923,1.480,1.520,1.400,2,0,0,0,0,18,274,0,31,0
17-02 18:22:55,6.001,1.500,90.266,0.750,0,5082752,195296,192312,2522076,10530.820,1458.252,0,1476.255,0,154.027,2145,2987,1.480,1.520,1.400,0,0,0,0,0,18,274,0,33,0
17-02 18:22:56,22.993,3.749,70.230,1.500,0,5082952,195044,192312,2522128,6296.171,1619.529,0,1671.514,0,201.941,5028,6637,1.480,1.520,1.400,1,0,0,0,0,18,275,0,33,0
17-02 18:22:57,23.953,5.739,65.122,2.495,0,5082876,195044,192312,2522204,5151.893,1455.145,0,6415.414,0,462.093,5935,8527,1.480,1.520,1.400,1,0,0,0,0,18,275,0,33,0
17-02 18:22:58,26.526,5.255,63.313,2.002,0,5082896,194792,192312,2522436,9425.410,1459.457,0,2206.203,0,255.255,5995,8160,1.480,1.520,1.400,1,0,2.002,0,0,18,275,0,30,0
17-02 18:22:59,26.533,5.507,64.079,1.752,0,5083108,194540,192312,2522476,6951.578,1622.001,0,2046.525,0,216.267,5682,7480,1.450,1.520,1.400,3,0,0,0,0,18,275,0,30,0
17-02 18:23:00,26.764,5.003,65.033,1.751,0.250,5083124,194288,192312,2522712,9244.714,1458.744,0,2073.057,0,221.113,5844,7576,1.450,1.520,1.400,1,0,1.001,0,0,18,275,0,30,0
17-02 18:23:01,24.243,4.499,68.731,0.750,0,5083812,193532,192312,2522780,41560.223,1511.572,0,1631.538,0,115.967,5143,6214,1.450,1.520,1.400,1,0,0,0,0,18,275,0,30,0
17-02 18:23:02,23.983,3.997,68.701,0.500,0,5084396,192776,192312,2522952,45177.924,1564.889,0,1375.024,0,112.920,5237,6426,1.450,1.520,1.400,2,0,0,0,0,18,275,0,29,0
17-02 18:23:03,24.506,4.751,68.517,1.000,0,5084860,192272,192312,2522992,7221.809,1458.365,0,1168.293,0,94.024,4978,6046,1.450,1.520,1.400,2,0,0,0,0,18,275,0,30,0
17-02 18:23:04,13.499,4.000,80.245,1.000,0,5084768,192272,192312,2523084,5201.677,1619.899,0,1863.884,0,203.987,3533,4895,1.330,1.490,1.390,0,0,0,0,0,18,274,0,31,0
17-02 18:23:05,15.001,3.500,77.253,2.500,0,5084768,192272,192312,2523084,8883.402,1458.066,0,6460.292,0,401.018,3612,4889,1.330,1.490,1.390,1,0,0,0,0,18,275,0,31,0
17-02 18:23:06,10.503,3.251,83.023,1.250,0,5084792,192020,192312,2523312,8679.420,1458.407,0,1448.404,0,171.048,3158,4455,1.330,1.490,1.390,0,0,0,0,0,18,274,0,30,0
17-02 18:23:07,19.761,4.252,73.793,1.001,0,5085296,191516,192312,2523312,5128.982,1620.942,0,1264.735,0,128.074,4131,5290,1.330,1.490,1.390,2,1,6.003,0,0,18,275,0,30,0
17-02 18:23:08,24.730,5.246,66.197,1.749,0,5085164,191516,192312,2523444,8468.198,1456.830,0,1990.401,0,247.801,6020,8069,1.330,1.490,1.390,1,0,0,0,0,18,275,0,30,0
17-02 18:23:09,25.519,6.004,63.547,2.502,0.250,5085080,191516,192312,2523528,4796.518,1459.070,0,6736.942,0,570.418,6241,8524,1.540,1.530,1.410,1,0,0,0,0,18,275,0,30,0
17-02 18:23:10,25.235,6.246,64.211,1.749,0,5084892,191516,192312,2523716,10656.592,1619.026,0,2566.457,0,285.828,6172,8253,1.540,1.530,1.410,1,0,0.999,0,0,18,275,0,29,0
17-02 18:23:11,25.745,4.749,67.488,1.250,0,5084816,191516,192312,2523792,9960.257,1457.745,0,1999.650,0,185.967,5202,6528,1.540,1.530,1.410,1,0,0,0,0,18,275,0,30,0
17-02 18:23:12,23.254,5.251,68.262,0.750,0,5084728,191516,192312,2523880,6732.217,1512.273,0,1628.294,0,146.026,5180,6482,1.540,1.530,1.410,3,0,0,0,0,18,275,0,31,0
17-02 18:23:13,8.501,2.000,87.255,1.250,0,5084724,191516,192312,2523884,9652.586,1566.095,0,2128.129,0,201.012,2826,4116,1.540,1.530,1.410,0,0,0,0,0,18,274,0,33,0
17-02 18:23:14,20.752,5.001,70.008,2.500,0,5084752,191264,192312,2524108,6965.834,1458.175,0,6188.741,0,405.049,5101,6934,1.580,1.540,1.410,1,0,0,0,0,18,276,0,32,0
17-02 18:23:15,25.249,5.500,63.997,2.250,0.250,5084712,191264,192316,2524144,9597.487,1619.913,0,3295.824,0,294.984,6213,8489,1.580,1.540,1.410,2,0,0,0,0,18,275,0,32,0
17-02 18:23:16,24.504,5.001,68.011,0.750,0,5085008,190760,192316,2524352,9062.478,1620.264,0,1504.245,0,117.019,5262,6313,1.580,1.540,1.410,2,0,0,0,0,18,276,0,33,0
17-02 18:23:17,13.499,2.500,81.493,1.250,0,5085208,190508,192316,2524404,9255.253,1457.882,0,1599.871,0,183.985,3509,4898,1.580,1.540,1.410,1,0,0,0,0,18,274,0,34,0
17-02 18:23:18,16.007,2.751,78.282,1.251,0,5085112,190508,192316,2524500,7298.996,1566.643,0,1740.715,0,163.067,3876,5024,1.580,1.540,1.410,1,0,0,0,0,18,275,0,32,0
17-02 18:23:19,33.952,9.487,52.925,1.748,0,5092948,182628,192316,2524548,5214.618,1509.863,0,2248.817,0,250.645,6831,16121,1.530,1.530,1.410,2,0,35.949,0,0,18,275,0,33,0
17-02 18:23:20,24.779,4.255,68.080,1.251,0,5092548,182696,192316,2524860,5269.184,1459.713,0,2006.355,0,148.174,5256,6709,1.530,1.530,1.410,2,0,1.001,0,0,18,275,0,33,0
17-02 18:23:21,17.493,4.498,74.218,1.499,0,5092476,182696,192316,2524932,9061.122,1457.376,0,2107.098,0,226.903,4513,6214,1.530,1.530,1.410,0,0,0,0,0,18,274,0,35,0
17-02 18:23:22,10.505,2.251,85.038,1.000,0,5092424,182696,192316,2524984,8906.976,1620.724,0,2200.983,0,136.061,2697,3477,1.530,1.530,1.410,4,0,0,0,0,18,275,0,33,0
17-02 18:23:23,12.494,3.498,80.458,2.249,0,5092384,182696,192316,2525024,8280.728,1457.248,0,6344.727,0,423.781,3849,5706,1.530,1.530,1.410,0,0,0,0,0,18,274,0,34,0
17-02 18:23:24,17.490,2.748,76.204,0.999,0,5092820,182220,192316,2525064,8892.662,1457.125,0,4705.176,0,444.733,4184,5001,1.570,1.540,1.410,1,0,0,0,0,18,275,0,34,0
17-02 18:23:25,25.343,5.218,66.091,1.491,0,5092660,182220,192316,2525224,10400.584,1610.028,0,1554.373,0,174.917,5316,6828,1.570,1.540,1.410,2,0,0,0,0,18,275,0,34,0
17-02 18:23:26,24.974,5.297,67.353,1.009,0,5092340,182220,192316,2525544,7163.110,1471.167,0,1921.195,0,179.607,5711,7378,1.570,1.540,1.410,1,0,0,0,0,18,275,0,34,0
17-02 18:23:27,23.493,4.249,68.979,0.750,0,5093036,181464,192316,2525604,4794.512,1457.548,0,1135.648,0,104.967,5122,6386,1.570,1.540,1.410,1,0,0,0,0,18,275,0,32,0
17-02 18:23:28,26.203,4.991,63.885,2.246,0,5092928,181464,192316,2525712,4870.257,1455.387,0,2615.305,0,300.461,6300,8779,1.570,1.540,1.410,1,0,0,0,0,18,275,0,33,0
17-02 18:23:29,24.766,5.504,66.794,0.500,0,5093684,180708,192316,2525712,9100.949,1621.060,0,1464.958,0,113.074,5319,6548,1.520,1.530,1.410,2,0,0,0,0,18,275,0,33,0
17-02 18:23:30,12.245,3.249,81.718,1.999,0,5093384,180708,192316,2526012,8892.549,1457.434,0,1931.251,0,205.920,3455,4906,1.520,1.530,1.410,0,0,1.000,0,0,18,274,0,35,0
17-02 18:23:31,16.004,2.751,78.770,1.000,0,5093384,180708,192316,2526012,43526.056,1458.370,0,2128.541,0,216.055,3650,4736,1.520,1.530,1.410,3,0,0,0,0,18,275,0,34,0
17-02 18:23:32,25.233,5.246,62.958,3.248,0,5093272,180708,192316,2526124,44510.035,1457.019,0,6947.323,0,507.658,6236,8659,1.520,1.530,1.410,4,0,0,0,0,18,275,0,34,0
17-02 18:23:33,24.991,4.249,67.976,1.000,0,5093048,180708,192316,2526348,9655.605,1661.416,0,1567.449,0,103.963,5308,6442,1.520,1.530,1.410,1,0,0,0,0,18,275,0,34,0
17-02 18:23:34,19.766,4.504,72.058,1.501,0,5092996,180708,192316,2526400,6691.389,1459.175,0,1801.451,0,209.168,4688,6359,1.560,1.540,1.410,0,0,0,0,0,18,274,0,35,0
17-02 18:23:35,8.002,1.000,89.267,0.500,0,5092988,180708,192316,2526408,4782.932,1458.284,0,968.189,0,79.015,1929,2511,1.560,1.540,1.410,1,0,0,0,0,18,275,0,31,0
17-02 18:23:36,25.312,5.764,65.410,1.754,0,5092856,180708,192316,2526540,8844.588,1461.567,0,2153.256,0,260.636,5963,8203,1.560,1.540,1.410,1,0,0,0,0,18,274,0,31,0
17-02 18:23:37,24.933,5.236,66.571,1.496,0,5092664,180708,192316,2526732,9594.141,1615.645,0,2166.162,0,211.430,5922,7829,1.560,1.540,1.410,3,0,0,0,0,18,275,0,31,0
17-02 18:23:38,21.754,4.251,70.264,1.500,0,5092548,180708,192316,2526848,5608.149,1500.307,0,2760.566,0,269.055,5178,7207,1.560,1.540,1.410,0,0,0,0,0,18,274,0,33,0
17-02 18:23:39,7.499,1.500,89.486,0.750,0,5092540,180708,192316,2526856,9113.557,1457.769,0,1115.823,0,73.988,1928,2322,1.520,1.530,1.410,2,0,0,0,0,18,275,0,30,0
17-02 18:23:40,25.009,6.753,62.273,3.251,0,5092356,180708,192316,2527040,14201.261,1458.540,0,7538.793,0,567.210,6689,9468,1.520,1.530,1.410,1,0,1.000,0,0,18,275,0,30,0
17-02 18:23:41,30.998,7.999,57.246,1.250,0,5093104,179700,192316,2527300,13398.105,1619.892,0,2039.864,0,193.987,7483,10512,1.520,1.530,1.410,1,0,1.000,0,0,18,275,0,31,0
17-02 18:23:42,29.469,4.995,62.933,0.749,0,5093656,178944,192316,2527504,8458.992,1456.449,15.983,946.992,0.999,73.921,5373,6079,1.520,1.530,1.410,3,1,0,0,0,18,277,0,33,0
17-02 18:23:43,18.268,3.754,74.825,1.001,0,5093860,178692,192316,2527552,5508.540,1459.468,0,2746.762,0,254.256,4327,6342,1.520,1.530,1.410,1,0,0,0,0,18,274,0,33,0
17-02 18:23:44,19.771,3.754,73.578,1.001,0,5093980,178468,192316,2527656,9219.818,1621.727,0,5581.944,0,386.411,4353,5408,1.480,1.520,1.410,2,0,0,0,0,18,276,0,33,0
17-02 18:23:45,24.718,4.494,65.665,2.247,0,5094036,178216,192316,2527852,9082.176,1456.104,0,2508.734,0,264.655,5760,7676,1.480,1.520,1.410,0,1,0,0,0,18,275,0,33,0
17-02 18:23:46,25.245,2.749,70.737,0.500,0,4922604,348864,192320,2528632,6100.882,16199.032,11.998,1783.673,1.000,94.983,2630,2621,1.480,1.520,1.410,2,0,0,0,0,18,274,0,33,0
17-02 18:23:47,2.250,0.750,95.757,0.500,0,4906400,365156,192320,2528548,19498.456,250320.691,0,756.056,0,52.004,1268,1771,1.480,1.520,1.410,0,0,0,0,0,18,274,0,30,0
17-02 18:23:48,1.751,1.250,95.782,0.250,0,4906384,365188,192320,2528548,8926.008,1620.546,0,692.233,0,48.016,1387,2020,1.480,1.520,1.410,0,0,0,0,0,18,274,0,30,0
17-02 18:23:49,1.250,1.000,95.725,0.750,0,4906352,365220,192320,2528548,9093.665,1457.626,0,2587.336,0,144.963,1420,2165,1.360,1.490,1.400,0,0,0,0,0,18,274,0,30,0
17-02 18:23:50,1.500,1.000,96.528,0,0.250,4906352,365220,192320,2528548,9412.692,1458.417,0,56.016,0,4.001,1155,1572,1.360,1.490,1.400,0,0,1.000,0,0,18,274,0,30,0
17-02 18:23:51,1.750,0.500,97.000,0,0,4906352,365220,192320,2528548,5160.978,1619.993,0,371.998,0,2.000,995,1459,1.360,1.490,1.400,0,0,0,0,0,18,274,0,30,0
17-02 18:23:52,1.500,1.000,96.980,0,0,4906080,365492,192320,2528548,8836.221,1457.707,0,0,0,0,1028,1461,1.360,1.490,1.400,2,0,0,0,0,18,274,0,30,0
17-02 18:23:53,2.500,1.500,93.741,1.250,0,4906320,365252,192320,2528548,9393.066,1457.855,0,4243.578,0,213.979,1908,2901,1.360,1.490,1.400,0,0,0,0,0,18,274,0,30,0
17-02 18:23:54,2.251,1.000,96.536,0,0,4906304,365252,192320,2528564,8680.198,1458.537,0,104.038,0,10.004,1131,1560,1.250,1.470,1.390,0,0,0,0,0,18,274,0,30,0
17-02 18:23:55,1.500,0.750,96.012,0.250,0,4906304,365252,192320,2528564,7040.854,1620.196,0,212.026,0,30.004,1223,1738,1.250,1.470,1.390,1,0,0,0,0,18,274,0,26,0
17-02 18:23:56,1.750,1.000,95.985,0.250,0,4906300,365252,192320,2528568,10971.325,1457.777,0,167.974,0,23.996,1345,1895,1.250,1.470,1.390,0,0,0,0,0,18,274,0,26,0
17-02 18:23:57,1.999,1.000,96.963,0.250,0,4906300,365252,192320,2528568,6607.468,1457.442,0,195.925,0,14.994,1056,1552,1.250,1.470,1.390,0,0,0,0,0,18,274,0,26,0
17-02 18:23:58,2.501,0.750,95.054,0,0,4906292,365252,192320,2528576,4978.819,1458.826,0,224.127,0,30.017,1412,2113,1.250,1.470,1.390,0,0,2.001,0,0,18,274,0,26,0
17-02 18:23:59,2.250,1.000,95.484,0.250,0,4906288,365252,192320,2528580,4736.214,1619.731,0,391.935,0,30.995,1379,2009,1.230,1.460,1.390,0,0,0,0,0,18,274,0,26,0
17-02 18:24:00,1.250,0.500,96.996,0,0,4906512,365028,192320,2528580,9130.577,1457.932,0,1091.949,0,172.992,1259,1642,1.230,1.460,1.390,0,0,1.000,0,0,18,274,0,26,0
17-02 18:24:01,1.250,0.750,97.231,0,0,4906512,365028,192320,2528580,41872.784,1457.714,0,243.952,0,46.991,1069,1434,1.230,1.460,1.390,0,0,0,0,0,18,274,0,26,0
17-02 18:24:02,1.000,1.000,97.739,0,0,4906512,365028,192320,2528580,43603.237,1499.836,0,0,0,0,1095,1464,1.230,1.460,1.390,0,0,0,0,0,18,274,0,26,0
17-02 18:24:03,1.750,0.250,95.989,0.500,0,4906512,365028,192320,2528580,8779.975,1619.811,0,803.906,0,28.997,1246,1898,1.230,1.460,1.390,0,0,0,0,0,18,274,0,25,0
17-02 18:24:04,1.500,0.750,97.009,0,0,4906512,365028,192320,2528580,10057.981,1458.142,0,44.004,0,4.000,1092,1540,1.130,1.440,1.380,0,0,0,0,0,18,274,0,25,0
17-02 18:24:05,1.500,0.500,96.984,0.250,0,4906512,365028,192320,2528580,7390.779,1457.759,0,175.971,0,33.994,1118,1548,1.130,1.440,1.380,2,0,2.000,0,0,18,274,0,25,0
17-02 18:24:06,1.500,1.000,96.496,0.250,0,4906504,365028,192320,2528588,5284.764,1457.935,0,119.995,0,17.999,1292,1905,1.130,1.440,1.380,1,0,0,0,0,18,274,0,25,0
17-02 18:24:07,2.750,2.000,94.510,0,0,4906504,365028,192320,2528588,6312.685,1620.176,0,196.021,0,15.002,1326,1667,1.130,1.440,1.380,0,0,6.001,0,0,18,274,0,22,0
17-02 18:24:08,2.251,1.000,95.772,0.250,0,4906500,365028,192320,2528592,9098.133,1458.342,0,196.046,0,27.006,1405,2010,1.130,1.440,1.380,0,0,0,0,0,18,274,0,22,0
17-02 18:24:09,1.751,0.750,97.033,0.250,0,4906500,365028,192320,2528592,8464.855,1458.492,0,232.078,0,21.007,1116,1591,1.040,1.410,1.370,0,0,0,0,0,18,274,0,22,0
17-02 18:24:10,1.499,0.750,96.965,0,0,4906496,365028,192320,2528596,9011.760,1457.476,0,0,0,0,1116,1514,1.040,1.410,1.370,0,0,1.000,0,0,18,274,0,22,0
17-02 18:24:11,2.501,0.750,96.020,0,0,4906496,365028,192320,2528596,6706.375,1620.332,0,272.056,0,24.005,1226,1833,1.040,1.410,1.370,0,0,0,0,0,18,274,0,22,0
17-02 18:24:12,1.250,0.500,96.736,0,0,4906496,365028,192320,2528596,10324.475,1457.785,0,35.995,0,4.999,1056,1498,1.040,1.410,1.370,0,0,0,0,0,18,274,0,21,0
17-02 18:24:13,2.000,1.250,95.485,0.500,0,4906496,365028,192320,2528596,8543.669,1457.773,0,439.931,0,41.993,1529,2293,1.040,1.410,1.370,1,0,0,0,0,18,274,0,21,0
17-02 18:24:14,1.750,0.750,96.265,0,0,4906492,365028,192320,2528600,5070.784,1458.225,0,284.044,0,25.004,1263,1945,0.960,1.390,1.370,1,0,0,0,0,18,274,0,21,0
17-02 18:24:15,1.750,0.500,96.741,0.250,0,4906492,365028,192320,2528600,9625.103,1619.849,0,203.981,0,13.999,1180,1598,0.960,1.390,1.370,0,0,0,0,0,18,274,0,21,0
17-02 18:24:16,1.250,1.250,96.521,0,0,4906484,365028,192320,2528608,7397.629,1458.321,0,368.081,0,70.015,1271,1847,0.960,1.390,1.370,0,0,0,0,0,18,274,0,18,0
17-02 18:24:17,2.753,1.001,95.120,0,0,4907240,364272,192320,2528608,139080.158,3089.914,0,632.802,0,16.020,1311,1670,0.960,1.390,1.370,3,0,3.004,0,0,18,274,0,18,0
17-02 18:24:18,16.440,3.238,78.961,0.249,0,4906400,365060,192340,2528608,153021.545,6613.776,0,195.285,0,16.938,2767,2415,0.960,1.390,1.370,2,0,16.938,0,0,18,274,0,18,0
17-02 18:24:19,26.384,8.795,63.573,0.251,0,4921016,350268,192352,2528416,294933.379,11735.582,108.551,233.184,5.026,14.071,3929,8525,0.960,1.380,1.360,1,0,55.281,0,0,18,274,0,19,0
17-02 18:24:20,17.193,4.485,76.745,0,0,4923568,344988,192352,2531484,153784.019,4483.075,15.947,95.681,0.997,3.987,2581,2043,0.960,1.380,1.360,2,0,16.944,0,0,18,274,0,16,0
17-02 18:24:21,21.016,6.755,71.303,0,0,4927988,334428,192352,2537608,5151.848,486.363,0,188.141,0,13.010,2498,1876,0.960,1.380,1.360,4,0,12.009,0,0,18,274,0,16,0
