"pcp-dstat 6.2.0 CSV Output"
"Author:","PCP team <pcp@groups.io> and Dag Wieers <dag@wieers.com>",,,,"URL:","https://pcp.io/ and http://dag.wieers.com/home-made/dstat/"
"Host:","np0000056350",,,,"User:","ubuntu"
"Cmdline:","dstat -tcmndrylpg --tcp --output /tmp/devstack_logs/dstat-csv.log",,,,"Date:","18 Feb 2026 23:55:27 UTC"
"system","total usage",,,,,"memory usage",,,,"net/total",,"dsk/total",,"io/total",,"system",,"load avg",,,"procs",,,"paging",,"tcp sockets",,,,
"time","total usage:usr","total usage:sys","total usage:idl","total usage:wai","total usage:stl","used","free","buf","cach","net/total:recv","net/total:send","dsk/total:read","dsk/total:writ","read","writ","int","csw","1m","5m","15m","run","blk","new","in","out","lis","act","syn","tim","clo"
18-02 23:55:27,,1103052,1388812,164076,5161308,,,,,,,1.830,1.250,0.760,3,0,,,,10,4,0,15,2
18-02 23:55:28,29.645,21.673,45.838,0.747,0,1079988,1395020,164976,5174184,42737.515,1452.850,0,2104.540,0,59.788,5477,3308,1.830,1.250,0.760,2,0,244.135,0,0,10,4,0,15,2
18-02 23:55:29,30.982,22.487,44.974,0.250,0,1078768,1378504,165332,5189668,7051.846,1619.046,0,1359.199,0,31.981,5120,2802,1.830,1.250,0.760,2,0,204.879,0,0,10,4,0,15,2
18-02 23:55:30,32.041,21.277,44.556,0.751,0,1089856,1345428,165680,5209472,5252.649,1459.848,0,1758.226,0,58.074,4805,2679,1.830,1.250,0.760,3,0,166.210,0,0,10,4,0,15,2
18-02 23:55:31,32.239,22.242,43.485,1.250,0,1075408,1343180,166604,5223060,8834.949,1619.441,0,3030.953,0,119.959,5393,3960,1.830,1.250,0.760,5,0,193.933,0,0,10,4,0,15,2
18-02 23:55:32,37.287,17.267,43.043,1.001,0.250,1060920,1328764,167620,5247900,6554.498,1621.608,0,2434.414,0,80.079,4791,3771,1.840,1.270,0.770,4,0,130.129,0,0,10,4,0,11,2
18-02 23:55:33,35.941,16.723,45.676,0.499,0,1031928,1370428,167956,5234568,14643.131,4335.932,0,1170.093,0,39.935,4766,4082,1.840,1.270,0.770,7,0,128.790,0,0,10,2,0,11,0
18-02 23:55:34,35.800,11.516,52.573,0,0,1098520,1303596,167976,5359540,10026.953,1460.032,0,4.006,0,1.001,4869,5547,1.840,1.270,0.770,1,0,95.132,0,0,11,2,0,11,0
18-02 23:55:35,27.252,10.251,60.755,0.250,0,1121284,1275652,168036,5364112,10914.959,3900.343,16.001,2740.241,1.000,89.008,3309,2050,1.840,1.270,0.770,3,0,92.008,0,0,11,4,0,11,0
18-02 23:55:36,41.212,10.240,47.955,0,0,1163628,1231808,168060,5365428,8807.785,1688.425,0,10554.156,0,575.463,3862,1872,1.840,1.270,0.770,2,0,65.939,0,0,11,4,0,11,0
18-02 23:55:37,30.518,16.509,51.029,0.250,0.250,1159132,1236448,168076,5365452,13746.889,4555.614,0,656.377,0,21.012,4626,2984,1.940,1.290,0.780,2,0,162.093,0,0,11,5,0,13,0
18-02 23:55:38,44.279,7.505,44.529,1.751,0,1164288,1223976,168488,5371068,8740.707,1633.066,344.225,1440.941,15.010,31.020,12513,21180,1.940,1.290,0.780,3,0,6.004,0,0,11,4,0,13,0
18-02 23:55:39,42.806,7.510,48.563,0,0,1205868,1180152,168652,5372660,9138.938,1664.174,248.324,88.115,8.010,2.003,4424,4268,1.940,1.290,0.780,3,0,13.017,0,0,11,4,0,13,0
18-02 23:55:40,39.651,9.975,43.392,3.741,0,1221872,1161036,168968,5375200,8304.269,1454.369,15.960,9596.044,0.998,492.770,14499,25051,1.940,1.290,0.780,1,1,25.935,0,0,11,6,0,13,0
18-02 23:55:41,33.521,9.506,42.277,12.258,0,1194988,1196276,169508,5367576,8591.503,1458.934,0,40253.784,0,2015.291,10966,18377,1.940,1.290,0.780,4,0,40.026,0,0,11,6,0,13,0
18-02 23:55:42,31.496,7.499,43.495,13.248,0,1214780,1172840,169856,5370872,10047.817,3603.576,0,28160.683,0,2101.752,10581,18476,1.940,1.310,0.780,3,0,30.996,0,0,11,7,0,13,0
18-02 23:55:43,29.512,9.504,49.021,8.253,0,1201692,1185024,170312,5371420,5630.368,1794.755,0,24498.305,0,1655.696,8521,13895,1.940,1.310,0.780,1,0,77.032,0,0,11,4,0,13,0
18-02 23:55:44,17.248,9.499,70.493,1.500,0.250,1143544,1243140,170344,5371428,8759.134,1457.856,0,5139.492,0,266.974,3311,3065,1.940,1.310,0.780,2,0,74.993,0,0,11,4,0,12,0
18-02 23:55:45,22.753,3.000,73.010,0.250,0,1198672,1188000,170356,5371428,6939.950,1458.200,0,612.084,0,31.004,1826,1360,1.940,1.310,0.780,2,0,0,0,0,11,4,0,12,0
18-02 23:55:46,24.000,4.500,69.750,1.250,0,1157940,1228656,170412,5371440,8117.942,1457.990,0,21703.845,0,551.996,2791,2996,1.940,1.310,0.780,2,0,10.000,0,0,11,4,0,12,0
18-02 23:55:47,23.252,2.500,73.507,0,0,1227860,1158728,170412,5371448,8410.807,1458.140,0,784.075,0,10.001,1897,1434,1.870,1.300,0.790,2,0,0,0,0,11,4,0,12,0
18-02 23:55:48,21.248,5.249,72.742,0,0,1188604,1197968,170412,5371464,8646.056,1457.841,0,0,0,0,2305,1486,1.870,1.300,0.790,1,0,51.994,0,0,11,4,0,11,0
18-02 23:55:49,8.998,19.745,69.483,0.250,0.250,1185024,1201620,170412,5371468,6700.355,1457.642,0,271.933,0,11.997,4823,3346,1.870,1.300,0.790,2,0,214.947,0,0,11,4,0,11,0
18-02 23:55:50,9.751,20.001,66.754,0,0.750,1168540,1218088,170412,5371484,6385.396,1458.090,0,608.038,0,89.006,4665,2881,1.870,1.300,0.790,1,0,199.012,0,0,11,4,0,11,0
18-02 23:55:51,9.997,20.494,66.981,0,0.500,1153672,1232808,170412,5371628,5326.450,1457.576,0,4050.821,0,30.991,4643,2884,1.870,1.300,0.790,1,0,190.944,0,0,11,4,0,11,0
18-02 23:55:52,16.713,16.464,64.858,0,0.249,1142656,1243808,170412,5371636,8344.695,1454.809,0,15270.502,0,65.856,4630,4686,1.800,1.300,0.790,3,0,123.729,0,0,11,4,0,11,0
18-02 23:55:53,21.569,13.042,59.943,3.762,0,1127328,1251652,170420,5379544,6939.288,1462.698,7459.961,666.140,75.242,11.035,4512,5120,1.800,1.300,0.790,2,1,85.274,0,0,11,4,0,11,0
18-02 23:55:54,49.222,15.491,33.981,0,0,1220852,1157836,170424,5379832,8688.082,1457.175,267.848,2718.461,2.998,38.978,4138,2441,1.800,1.300,0.790,2,0,108.938,0,0,11,5,0,11,0
18-02 23:55:55,47.365,3.241,48.362,0,0,1271700,1105896,170456,5380872,8239.483,1453.850,510.543,199.431,7.977,3.989,2637,1200,1.800,1.300,0.790,3,0,0,0,0,11,5,0,11,0
18-02 23:55:56,45.424,9.983,44.176,0,0,1292692,1082380,170576,5383180,10503.435,1455.566,0,335.439,0,28.952,4245,4627,1.800,1.300,0.790,1,0,5.990,0,0,11,4,0,11,0
18-02 23:55:57,4.518,9.790,84.093,0,0,1301532,1073528,170576,5383188,45674.555,1463.980,0,2237.137,0,8.033,2805,2020,1.650,1.270,0.780,0,0,112.459,0,0,11,4,0,11,0
18-02 23:55:58,20.253,5.501,73.760,0,0,1332528,1042512,170596,5383188,38828.234,1458.197,0,0,0,0,2187,1670,1.650,1.270,0.780,1,0,22.003,0,0,11,4,0,11,0
18-02 23:55:59,23.755,2.250,73.515,0,0,1372976,1002040,170596,5383192,9389.920,1458.298,0,908.186,0,2.000,1810,1249,1.650,1.270,0.780,2,0,0,0,0,11,4,0,11,0
18-02 23:56:00,23.987,4.248,69.712,0.999,0,1392288,982464,170620,5383428,6570.403,1457.202,0,1123.385,0,150.917,3379,3876,1.650,1.270,0.780,0,1,7.996,0,0,11,10,0,11,0
18-02 23:56:01,19.009,7.003,71.783,1.000,0,1327856,1046860,170644,5383436,7172.249,1458.661,0,4850.197,0,235.107,3078,3053,1.650,1.270,0.780,1,0,42.019,0,0,11,4,0,13,0
18-02 23:56:02,18.981,7.492,68.181,4.246,0.250,1356444,1017716,170792,5383780,8294.552,1618.352,487.503,80873.634,23.976,370.623,2747,2099,1.760,1.300,0.800,1,0,0,0,0,11,4,0,13,0
18-02 23:56:03,20.025,1.502,78.098,0.501,0,1372672,1001228,170800,5383972,11531.421,3853.819,4.005,2202.755,1.001,11.014,1777,1228,1.760,1.300,0.800,1,0,1.001,0,0,11,11,0,13,0
18-02 23:56:04,17.470,2.745,73.622,5.241,0,1379500,993944,170848,5384204,11074.763,3840.329,267.535,2204.171,65.886,33.941,2302,2294,1.760,1.300,0.800,1,0,0.998,0,0,11,27,0,13,0
18-02 23:56:05,19.024,6.258,74.092,0,0,1384592,988812,170848,5384224,11874.681,5235.473,0,1029.273,0,7.009,2622,1993,1.760,1.300,0.800,1,0,44.054,0,0,11,28,0,14,0
18-02 23:56:06,22.507,3.251,73.274,0,0,1440260,933144,170848,5384224,6843.257,1808.596,0,124.041,0,7.002,1708,1109,1.760,1.300,0.800,0,0,0,0,0,11,28,1,14,0
18-02 23:56:07,17.491,2.999,76.962,0.750,0,1429824,943560,170848,5384240,15871.227,8132.017,0,15444.436,0,469.770,2566,2095,1.620,1.280,0.790,2,0,0,0,0,11,28,0,15,0
18-02 23:56:08,23.266,18.763,56.289,0,0.500,1429900,943604,170848,5384256,5573.818,1525.045,0,320.219,0,10.007,3950,2501,1.620,1.280,0.790,2,0,156.107,0,0,11,28,0,15,0
18-02 23:56:09,42.235,4.498,52.231,0.250,0,1473480,900024,170848,5384256,6602.646,3428.777,0,83.970,0,4.998,2687,1292,1.620,1.280,0.790,1,0,0,0,0,11,29,0,15,0
18-02 23:56:10,38.824,3.757,56.859,0,0,1474532,898948,170852,5384276,18714.794,11512.018,0,80.153,0,9.017,3872,3504,1.620,1.280,0.790,1,0,1.002,0,0,11,30,0,15,0
18-02 23:56:11,41.374,4.237,51.593,0,0,1408824,964236,170864,5384668,15621.377,8425.315,0,586.213,0,45.860,6116,6983,1.620,1.280,0.790,3,0,11.964,0,0,11,28,0,16,0
18-02 23:56:12,44.148,36.121,18.813,0,0,1425164,947868,170864,5384696,8099.172,1462.908,0,1697.696,0,32.108,5474,3912,1.650,1.290,0.800,5,0,433.454,0,0,11,28,0,11,0
18-02 23:56:13,82.043,17.759,0.250,0,0,1638116,734896,170864,5384716,10616.592,4121.171,0,268.141,0,11.006,5016,2993,1.650,1.290,0.800,4,0,134.071,0,0,11,30,0,11,0
18-02 23:56:14,81.360,9.484,9.234,0,0,1741964,630988,170868,5384764,32592.803,28109.533,0,415.284,0,24.957,7414,7816,1.650,1.290,0.800,5,0,0,0,0,11,34,0,11,0
18-02 23:56:15,67.924,13.235,17.980,0,0,1518908,853920,170884,5384872,26434.611,17871.131,0,743.174,0,84.906,8017,11105,1.650,1.290,0.800,1,0,254.717,0,0,11,28,0,17,0
18-02 23:56:16,18.255,9.002,70.768,1.250,0,1504576,868192,170940,5384876,6579.642,1458.364,0,5657.412,0,346.086,3020,2799,1.650,1.290,0.800,1,0,55.014,0,0,11,28,0,17,0
18-02 23:56:17,19.496,2.250,77.483,0,0.250,1501344,871416,170944,5384880,12374.329,5373.840,0,375.919,0,18.996,2036,1713,1.600,1.290,0.800,1,0,0,0,0,11,29,0,17,0
18-02 23:56:18,17.252,4.001,75.761,0.750,0,1455512,917204,170980,5384888,9755.409,4788.692,0,3432.496,0,133.019,3389,3570,1.600,1.290,0.800,1,0,25.004,0,0,11,28,0,18,0
18-02 23:56:19,18.229,8.490,71.917,0,0,1457768,914936,170984,5384896,8800.893,1456.328,0,119.862,0,7.991,2410,1758,1.600,1.290,0.800,1,0,42.951,0,0,11,28,0,18,0
18-02 23:56:20,19.769,2.252,77.827,0,0,1479524,893168,170988,5384904,10627.475,5380.303,0,112.111,0,6.006,2021,1682,1.600,1.290,0.800,1,0,1.001,0,0,11,29,0,18,0
18-02 23:56:21,18.005,3.501,76.521,0,0,1431412,941260,170992,5384920,7954.202,4586.270,0,224.062,0,25.007,2827,2927,1.600,1.290,0.800,2,0,14.004,0,0,11,28,0,16,0
18-02 23:56:22,8.249,22.748,66.494,0.500,0.750,1412524,960140,170996,5384924,5358.556,1511.875,0,159.987,0,7.999,4950,3018,1.550,1.280,0.800,1,0,266.978,0,0,11,28,0,16,0
18-02 23:56:23,17.491,27.736,51.473,0.250,0.250,1395956,976700,170996,5384932,9834.865,1565.183,0,299.843,0,14.992,5790,13819,1.550,1.280,0.800,4,0,349.817,0,0,11,28,0,17,0
18-02 23:56:24,52.554,35.536,11.762,0,0,1437708,934876,171004,5384964,8188.397,1459.497,0,776.797,0,48.049,5673,4224,1.550,1.280,0.800,6,0,443.455,0,0,11,28,0,17,0
18-02 23:56:25,86.680,12.526,0.752,0,0,1641092,731476,171008,5384972,15993.227,7362.295,0,132.275,0,10.021,5149,2724,1.550,1.280,0.800,4,0,0,0,0,11,30,0,16,0
18-02 23:56:26,77.482,7.748,13.747,0,0,1678216,693928,171008,5385392,39368.677,32350.339,0,95.977,0,11.997,7524,10440,1.550,1.280,0.800,3,0,0,0,0,11,32,0,16,0
18-02 23:56:27,74.023,18.506,7.002,0,0,1552320,819604,171036,5385584,57701.726,14352.409,0,560.172,0,63.019,8014,10424,1.830,1.350,0.820,6,0,307.094,0,0,11,28,0,17,0
18-02 23:56:28,87.503,12.500,0,0,0,1656840,715060,171036,5385600,48701.418,7455.217,0,284.008,0,12.000,5198,3069,1.830,1.350,0.820,5,0,3.000,0,0,11,30,0,17,0
18-02 23:56:29,82.962,9.246,7.746,0,0.250,1736860,634980,171040,5385648,33325.548,29491.326,0,331.846,0,9.995,6928,7633,1.830,1.350,0.820,4,0,0,0,0,11,34,0,17,0
18-02 23:56:30,74.281,10.504,14.506,0.250,0,1633916,737668,171064,5385880,37858.970,30675.940,0,404.170,0,38.016,10109,14846,1.830,1.350,0.820,4,0,174.073,0,0,11,28,0,22,0
18-02 23:56:31,40.752,11.500,46.752,0,0,1552548,819020,171068,5385892,8685.326,1566.059,0,220.008,0,12.000,3301,2272,1.830,1.350,0.820,2,0,125.005,0,0,11,28,0,22,0
18-02 23:56:32,35.156,4.239,59.091,0,0,1559920,811512,171068,5386028,15213.159,12925.301,0,2018.581,0,105.716,3564,3176,1.760,1.340,0.820,0,0,0,0,0,11,30,0,22,0
18-02 23:56:33,34.778,12.010,52.042,0,0,1430124,941244,171088,5386072,16722.350,8345.663,0,1269.013,0,71.057,5662,5768,1.760,1.340,0.820,2,0,100.080,0,0,11,28,0,24,0
18-02 23:56:34,33.710,33.461,30.714,0,0.250,1458024,913320,171088,5386096,6705.094,1552.170,0,431.491,0,17.979,5078,3150,1.760,1.340,0.820,3,0,277.673,0,0,11,28,0,24,0
18-02 23:56:35,63.575,7.759,28.534,0,0,1533864,837468,171088,5386072,11330.447,3873.597,0,184.219,0,9.011,3762,1842,1.760,1.340,0.820,5,0,2.002,0,0,11,29,0,24,0
18-02 23:56:36,52.012,5.226,41.560,0.498,0,1546864,824416,171104,5386108,24153.603,19293.815,0,625.143,0,33.845,4539,5683,1.760,1.340,0.820,2,0,0,0,0,11,31,0,24,0
18-02 23:56:37,51.012,20.354,27.642,0.251,0,1503676,867408,171120,5386288,14272.254,9611.332,0,385.981,0,43.222,6653,6971,1.860,1.370,0.840,7,0,217.114,0,0,11,28,0,25,0
18-02 23:56:38,81.855,18.023,0,0,0,1545004,826064,171124,5386300,9790.560,1459.873,0,652.837,0,46.059,4998,2305,1.860,1.370,0.840,4,0,42.054,0,0,11,28,0,25,0
18-02 23:56:39,67.177,6.243,25.223,0,0,1602668,768408,171124,5386336,29458.055,23714.284,0,171.814,0,11.987,5857,5836,1.860,1.370,0.840,3,0,0,0,0,11,32,0,25,0
18-02 23:56:40,57.812,14.766,27.279,0,0,1421132,949692,171144,5386560,24965.576,19861.143,0,808.861,0,56.060,8063,10743,1.860,1.370,0.840,4,0,232.247,0,0,11,28,0,28,0
18-02 23:56:41,60.894,13.477,24.457,0,0,1524344,846464,171144,5386576,10862.067,3477.938,0,195.659,0,10.981,3844,1847,1.860,1.370,0.840,2,0,92.838,0,0,11,29,0,26,0
18-02 23:56:42,52.435,4.994,42.198,0,0,1553612,817168,171144,5386604,21737.067,14448.098,0,175.782,0,6.991,4284,4269,1.790,1.360,0.840,2,0,0,0,0,11,31,0,26,0
18-02 23:56:43,49.616,10.525,37.588,0.251,0,1512264,858444,171176,5386644,23585.053,15704.659,0,785.834,0,64.150,7441,8535,1.790,1.360,0.840,6,0,92.215,0,0,11,28,0,28,0
18-02 23:56:44,58.520,21.507,20.007,0,0,1466564,904108,171176,5386676,6890.315,1458.490,0,220.074,0,10.003,4137,2401,1.790,1.360,0.840,3,0,207.070,0,0,11,28,0,28,0
18-02 23:56:45,54.999,5.250,38.750,0,0.250,1541812,828720,171176,5386816,21006.770,14996.836,0,187.998,0,9.000,4220,3292,1.790,1.360,0.840,3,0,0,0,0,11,31,0,28,0
18-02 23:56:46,52.810,6.477,38.611,0.498,0.249,1507456,862764,171180,5387124,23151.884,15170.537,0,709.453,0,46.832,6410,7207,1.790,1.360,0.840,4,0,7.971,0,0,11,29,0,30,0
18-02 23:56:47,43.551,28.533,26.781,0,0,1419636,950548,171180,5387144,9441.063,2264.654,0,2310.708,0,155.182,5166,3448,1.730,1.350,0.840,4,0,279.327,0,0,11,28,0,31,0
18-02 23:56:48,58.589,6.732,33.907,0.249,0,1537552,832624,171180,5387152,13836.068,6908.061,0,155.573,0,6.981,3697,1788,1.730,1.350,0.840,2,0,0,0,0,11,31,0,31,0
18-02 23:56:49,55.896,5.514,37.598,0,0,1539144,830860,171188,5387312,22275.007,18020.929,0,332.867,0,20.052,5920,6272,1.730,1.350,0.840,2,0,0,0,0,11,31,0,31,0
18-02 23:56:50,56.232,16.245,27.741,0,0,1466008,903960,171192,5387344,11962.109,5414.239,0,303.901,0,37.988,5304,4425,1.730,1.350,0.840,6,0,112.963,0,0,11,28,0,33,0
18-02 23:56:51,60.647,5.513,32.579,0.251,0,1536672,833280,171200,5387352,17310.094,7915.248,0,160.390,0,11.027,3922,1928,1.730,1.350,0.840,1,0,0,0,0,11,31,0,33,0
18-02 23:56:52,55.823,4.984,37.880,0,0,1539656,830260,171200,5387388,23888.169,16752.820,0,107.658,0,7.975,5978,6390,1.830,1.380,0.850,2,0,0,0,0,11,31,0,33,0
18-02 23:56:53,51.561,25.030,22.276,0.250,0,1470752,899108,171212,5387432,10903.960,5549.596,0,428.509,0,47.056,6309,5766,1.830,1.380,0.850,5,0,333.396,0,0,11,28,0,35,0
18-02 23:56:54,75.963,24.067,0.251,0,0,1588600,781204,171216,5387476,12717.614,1462.094,0,244.685,0,19.053,5429,4445,1.830,1.380,0.850,8,0,399.118,0,0,11,28,0,35,0
18-02 23:56:55,84.747,15.000,0.500,0,0,1730920,638844,171216,5387516,21159.304,16799.447,0,203.993,0,10.000,6232,6246,1.830,1.380,0.850,7,0,356.988,0,0,11,31,0,35,0
18-02 23:56:56,75.247,20.749,3.500,0,0,1747596,621916,171236,5387748,41485.198,34352.508,0,847.963,0,56.998,8067,9865,1.830,1.380,0.850,5,0,547.976,0,0,11,31,0,36,0
18-02 23:56:57,78.508,18.752,2.250,0,0,1599936,769324,171268,5387964,57658.162,16933.810,0,512.055,0,50.005,6809,6640,2.160,1.460,0.880,5,0,218.023,0,0,11,28,0,36,0
18-02 23:56:58,86.397,9.489,3.995,0,0,1656276,712956,171268,5387992,56459.755,15876.091,0,151.819,0,9.988,6038,4293,2.160,1.460,0.880,2,0,0,0,0,11,32,0,36,0
18-02 23:56:59,70.706,8.745,19.738,0,0,1567320,801700,171268,5388204,43393.783,34838.149,0,207.870,0,12.992,8649,13252,2.160,1.460,0.880,2,0,70.955,0,0,11,31,0,38,0
18-02 23:57:00,31.208,23.967,42.692,0,0.250,1475984,892976,171268,5388256,15693.704,10154.221,0,211.713,0,10.985,7558,8221,2.160,1.460,0.880,3,0,609.173,0,0,11,28,0,41,0
18-02 23:57:01,18.764,32.775,47.036,0,0,1465076,903864,171268,5388272,4633.572,1459.125,0,188.145,0,14.011,5391,3555,2.160,1.460,0.880,5,0,356.275,0,0,11,28,0,41,0
18-02 23:57:02,63.099,32.802,4.006,0,0,1484576,884284,171276,5388312,8354.127,1460.295,0,184.290,0,14.022,5433,4314,2.390,1.520,0.900,6,0,568.894,0,0,11,28,0,39,0
18-02 23:57:03,72.591,9.230,17.212,0,0,1586556,782272,171284,5388336,22349.964,14963.171,0,239.475,0,14.967,4980,3867,2.390,1.520,0.900,4,0,3.991,0,0,11,31,0,39,0
18-02 23:57:04,66.901,11.526,21.799,0,0,1626796,741828,171300,5388524,27216.236,19415.685,0,565.272,0,58.131,6867,9032,2.390,1.520,0.900,4,0,68.153,0,0,11,31,0,42,0
18-02 23:57:05,74.550,20.764,4.003,0,0,1558336,810248,171304,5388560,11265.583,3795.555,0,400.269,0,33.022,5587,4191,2.390,1.520,0.900,4,0,202.136,0,0,11,33,0,43,0
18-02 23:57:06,69.992,7.446,20.849,0.496,0,1613356,755156,171344,5388588,26497.808,20177.649,0,2303.294,0,146.934,5566,5626,2.390,1.520,0.900,4,0,0,0,0,11,36,0,42,0
18-02 23:57:07,58.365,6.541,33.711,0,0,1616140,752132,171344,5388816,38374.947,29565.867,0,0,0,0,10045,14226,2.280,1.510,0.900,2,0,0,0,0,11,36,0,42,0
18-02 23:57:08,59.206,9.993,29.978,0,0,1582888,785176,171352,5389016,26457.181,20453.678,0,187.859,0,20.984,9259,11700,2.280,1.510,0.900,4,0,29.978,0,0,11,34,0,42,0
18-02 23:57:09,78.382,14.775,7.012,0.250,0,1472260,895752,171364,5389052,12797.506,9253.551,0,496.835,0,69.116,6041,6323,2.280,1.510,0.900,3,0,90.151,0,0,11,32,1,42,0
18-02 23:57:10,71.665,8.740,17.979,0,0,1596888,771092,171368,5389076,24976.506,17513.319,0,1122.674,0,17.979,5427,5130,2.280,1.510,0.900,5,0,0.999,0,0,11,35,0,41,0
18-02 23:57:11,63.410,6.990,28.709,0,0,1604968,762788,171372,5389296,36367.439,29980.494,0,135.807,0,7.989,8544,12476,2.280,1.510,0.900,3,0,0,0,0,11,36,0,41,0
18-02 23:57:12,60.123,11.023,27.557,0,0,1599684,767828,171372,5389532,37973.892,29408.322,0,116.238,0,8.016,9273,13554,2.340,1.530,0.910,5,0,71.146,0,0,11,33,0,43,1
18-02 23:57:13,72.796,18.512,8.255,0,0,1534400,833084,171372,5389560,13263.455,7934.058,0,3178.026,0,114.073,5344,4400,2.340,1.530,0.910,4,0,189.121,0,0,11,33,0,45,0
18-02 23:57:14,73.761,7.227,18.191,0,0,1597040,770400,171376,5389600,27990.314,19882.582,0,115.625,0,9.968,5371,5629,2.340,1.530,0.910,2,0,0,0,0,11,36,0,44,0
18-02 23:57:15,60.049,6.505,32.276,0,0,1562548,804676,171376,5389808,34914.549,23158.936,0,124.101,0,12.010,8794,11143,2.340,1.530,0.910,3,0,8.007,0,0,11,35,0,45,0
18-02 23:57:16,73.009,17.752,8.751,0,0,1554580,812584,171392,5389848,26799.429,9345.196,0,212.027,0,20.003,6541,7020,2.340,1.530,0.910,4,0,90.012,0,0,11,33,0,46,0
18-02 23:57:17,75.314,10.259,14.012,0,0,1566412,800604,171400,5389988,19754.907,13305.387,0,224.192,0,24.021,4824,3377,2.470,1.580,0.930,3,0,30.026,0,0,11,35,0,46,0
18-02 23:57:18,69.102,10.727,18.959,0.499,0,1561780,805172,171408,5390040,27757.429,18177.988,0,347.255,0,40.912,6011,8007,2.470,1.580,0.930,5,0,117.747,0,0,11,34,0,42,0
18-02 23:57:19,69.947,12.034,18.552,0,0,1595732,771032,171408,5390224,26893.701,22188.457,0,164.463,0,11.031,5523,8333,2.470,1.580,0.930,4,0,61.172,0,0,11,34,0,43,0
18-02 23:57:20,70.155,9.987,18.475,0,0,1636280,730404,171412,5390296,29041.839,21061.600,0,163.779,0,9.987,6521,9045,2.470,1.580,0.930,3,0,52.929,0,0,11,34,0,44,0
18-02 23:57:21,73.029,14.256,12.255,0,0,1556848,809656,171416,5390472,18498.235,13656.341,0,160.063,0,10.004,5761,5993,2.470,1.580,0.930,3,0,116.045,0,0,11,33,0,46,0
18-02 23:57:22,75.626,9.734,14.227,0,0,1630852,735636,171416,5390488,20110.060,13333.160,0,119.804,0,6.989,4773,3347,2.510,1.600,0.940,3,0,33.944,0,0,11,35,0,45,0
18-02 23:57:23,69.590,11.014,19.525,0,0,1652080,714204,171416,5391512,31363.428,23250.971,0,244.315,0,23.030,7117,10529,2.510,1.600,0.940,9,0,68.088,0,0,11,34,0,47,0
18-02 23:57:24,68.979,15.995,14.496,0.250,0,1542424,823828,171424,5390708,10263.915,5912.223,0,439.868,0,33.990,5423,9682,2.510,1.600,0.940,2,0,199.940,0,0,11,33,0,50,0
18-02 23:57:25,54.721,5.497,38.480,0,0,1585288,780944,171424,5390728,22278.202,13952.611,0,199.894,0,9.995,4222,3251,2.510,1.600,0.940,4,0,0,0,0,11,35,0,50,0
18-02 23:57:26,54.656,11.730,32.195,0.250,0,1548400,817764,171428,5390792,16941.891,10263.366,0,279.520,0,25.955,5869,6025,2.510,1.600,0.940,4,0,59.897,0,0,11,34,0,50,0
18-02 23:57:27,55.991,17.827,25.610,0,0,1526796,839348,171428,5390812,48349.981,6156.483,0,120.518,0,11.048,5104,3298,2.550,1.620,0.950,2,0,139.601,0,0,11,33,0,52,0
18-02 23:57:28,61.908,7.239,30.455,0,0,1574376,791620,171428,5390956,50163.627,7812.417,0,0,0,0,4014,3087,2.550,1.620,0.950,4,0,0,0,0,11,33,0,52,0
18-02 23:57:29,54.031,7.004,38.272,0,0,1554792,811164,171428,5390992,20385.579,16262.237,0,56.032,0,2.001,5416,4772,2.550,1.620,0.950,3,0,43.024,0,0,11,34,0,53,0
18-02 23:57:30,56.523,9.004,33.013,0,0,1544296,821564,171440,5391068,19599.923,10890.402,0,224.091,0,19.008,6689,7294,2.550,1.620,0.950,3,0,21.008,0,0,11,32,0,50,0
18-02 23:57:31,37.423,12.724,47.902,0,0,1491236,874612,171444,5391076,11206.973,6215.230,0,155.680,0,10.977,3677,2648,2.550,1.620,0.950,2,0,132.727,0,0,11,33,0,50,0
18-02 23:57:32,35.499,4.500,58.998,0,0,1504416,861272,171448,5391228,16662.399,12356.554,0,207.992,0,10.000,4643,4748,2.510,1.630,0.960,2,0,0,0,0,11,34,0,50,0
18-02 23:57:33,37.754,11.001,50.006,0,0,1451720,913948,171452,5391244,13291.498,6112.689,0,296.033,0,36.004,4714,4326,2.510,1.630,0.960,3,0,75.008,0,0,11,32,0,52,0
18-02 23:57:34,42.364,9.275,47.629,0,0,1472476,893188,171452,5391248,8594.206,1504.061,0,264.715,0,13.035,3118,1732,2.510,1.630,0.960,3,0,27.073,0,0,11,32,0,49,0
18-02 23:57:35,34.375,3.736,59.782,0,0,1483152,882468,171456,5391288,20357.877,12550.304,0,203.260,0,10.960,3640,3248,2.510,1.630,0.960,4,0,0,0,0,11,34,0,49,0
18-02 23:57:36,36.725,11.242,50.466,0.250,0,1374072,991488,171476,5391324,13143.094,5898.003,0,859.418,0,61.958,5110,4637,2.510,1.630,0.960,3,0,93.936,0,0,11,32,0,51,0
18-02 23:57:37,36.640,15.057,48.184,0,0.251,1456964,908592,171476,5391328,9707.991,1463.577,0,4.015,0,1.004,3443,1904,2.470,1.640,0.960,2,0,70.268,0,0,11,32,0,51,0
18-02 23:57:38,37.666,3.742,57.372,0,0,1474188,891360,171476,5391336,18387.978,11364.646,0,0,0,0,3258,2237,2.470,1.640,0.960,1,0,0,0,0,11,34,0,50,0
18-02 23:57:39,38.240,4.749,54.485,0,0,1468592,896784,171488,5391496,17593.188,11630.819,0,3299.098,0,160.956,5785,6129,2.470,1.640,0.960,2,0,0,0,0,11,34,0,50,0
18-02 23:57:40,39.011,11.003,48.514,0.250,0.250,1399508,965812,171496,5391540,8076.295,3509.997,0,284.081,0,44.013,4169,3255,2.470,1.640,0.960,2,0,49.014,0,0,11,32,0,52,0
18-02 23:57:41,42.488,4.249,52.734,0.250,0,1464976,900340,171500,5391540,12428.345,5400.412,0,1191.650,0,10.997,2747,1273,2.470,1.640,0.960,1,0,0,0,0,11,34,0,52,0
18-02 23:57:42,37.253,4.250,57.254,0,0,1466872,898408,171500,5391572,21304.565,13616.000,0,0,0,0,5001,5444,2.430,1.640,0.970,3,0,0,0,0,11,34,0,52,0
18-02 23:57:43,34.707,7.990,54.932,0.250,0.250,1360244,1004988,171516,5391604,15112.345,8029.089,0,419.482,0,36.954,4900,4704,2.430,1.640,0.970,2,0,41.948,0,0,11,32,0,51,0
18-02 23:57:44,30.543,22.782,44.312,0,0,1421084,944088,171516,5391664,7149.029,1460.048,0,1085.523,0,145.204,5163,2889,2.430,1.640,0.970,2,0,240.337,0,0,11,32,0,51,0
18-02 23:57:45,17.764,2.502,78.810,0,0,1422112,943048,171516,5391676,14917.360,8324.339,0,192.146,0,10.008,2687,2747,2.430,1.640,0.970,2,0,0,0,0,11,33,0,51,0
18-02 23:57:46,18.931,2.740,76.222,0.249,0,1406952,958172,171536,5391688,10628.167,5356.429,0,649.626,0,52.807,2946,3129,2.430,1.640,0.970,2,0,4.982,0,0,11,32,0,52,0
18-02 23:57:47,21.812,4.513,73.460,0,0,1403288,961832,171540,5391688,5033.384,1516.333,0,116.332,0,9.026,1776,1293,2.310,1.630,0.970,1,0,0,0,0,11,32,0,47,0
18-02 23:57:48,18.752,2.250,77.757,0,0,1399972,965144,171540,5391692,11818.108,6609.620,0,0,0,0,1917,1526,2.310,1.630,0.970,1,0,0,0,0,11,33,0,47,0
18-02 23:57:49,21.495,2.249,74.983,0,0,1396660,968444,171540,5391704,11812.284,4639.933,0,183.958,0,7.998,2663,2462,2.310,1.630,0.970,0,0,0,0,0,11,33,0,47,0
18-02 23:57:50,17.250,6.250,74.750,0.250,0.250,1352956,1012132,171544,5391716,11555.031,3952.011,0,120.000,0,14.000,3320,3170,2.310,1.630,0.970,2,0,50.000,0,0,11,32,0,48,0
18-02 23:57:51,8.498,20.995,66.984,0,0.750,1353000,1012080,171544,5391724,8722.929,1511.641,0,27.993,0,6.998,4629,2756,2.310,1.630,0.970,1,0,234.944,0,0,11,32,0,46,0
18-02 23:57:52,22.006,5.752,72.771,0.250,0,1390904,974168,171548,5391720,7059.037,1566.452,0,96.028,0,7.002,2095,1690,2.290,1.640,0.980,1,0,1.000,0,0,11,32,0,46,0
18-02 23:57:53,19.251,2.000,77.254,0,0,1404828,960220,171552,5391740,13621.636,6501.303,0,376.018,0,32.001,2159,1955,2.290,1.640,0.980,1,0,0,0,0,11,33,0,46,0
18-02 23:57:54,19.995,2.499,75.731,0,0,1399596,965428,171556,5391760,12239.943,7204.201,0,407.898,0,22.994,3569,3804,2.290,1.640,0.980,1,0,0,0,0,11,32,0,47,0
18-02 23:57:55,18.749,7.500,72.248,0,0,1341348,1023676,171556,5391760,7229.751,1565.946,0,31.999,0,2.000,2404,1590,2.290,1.640,0.980,1,0,45.998,0,0,11,32,0,45,0
18-02 23:57:56,19.007,2.251,77.778,0.250,0,1386524,978496,171556,5391764,12148.414,3816.387,0,92.033,0,4.001,1896,1448,2.290,1.640,0.980,1,0,0,0,0,11,33,0,45,0
18-02 23:57:57,20.245,2.749,76.230,0,0,1384104,980836,171556,5391844,51981.234,8675.702,0,135.964,0,2.999,3249,3337,2.190,1.630,0.980,1,0,0,0,0,11,33,0,45,0
18-02 23:57:58,22.004,2.000,74.764,0,0,1382036,982880,171556,5391864,45485.461,6063.128,0,108.020,0,12.002,3696,3983,2.190,1.630,0.980,1,0,0,0,0,11,32,0,45,0
18-02 23:57:59,9.751,22.003,66.009,0,0,1325864,1038904,171556,5392012,8970.200,1566.210,0,8.001,0,2.000,5094,3184,2.190,1.630,0.980,2,0,293.039,0,0,11,32,0,43,0
18-02 23:58:00,12.516,27.534,57.571,0.250,0.250,1329336,1035408,171564,5392028,8363.361,1459.808,0,1397.732,0,182.226,5299,3294,2.190,1.630,0.980,2,0,290.360,0,0,11,34,0,44,0
18-02 23:58:01,39.795,10.512,48.555,0.751,0,1433808,930692,171620,5392212,8711.823,1555.754,36.041,300.339,1.001,22.025,3429,2096,2.190,1.630,0.980,2,0,50.056,0,0,11,32,0,45,0
18-02 23:58:02,42.326,6.224,45.314,4.233,0,1528556,832088,172064,5395284,5131.910,1452.033,434.216,6696.481,16.930,519.864,5498,7004,2.170,1.630,0.980,1,1,22.906,0,0,11,36,0,45,0
18-02 23:58:03,38.022,8.255,39.023,11.507,0,1505624,850836,172820,5398368,5723.315,1566.908,0,15292.859,0,1750.014,11041,18028,2.170,1.630,0.980,2,1,67.039,0,0,11,36,0,41,0
18-02 23:58:04,37.471,9.493,36.971,12.490,0,1557144,796980,173288,5400176,8324.450,1456.854,0,29828.529,0,2477.051,12551,20980,2.170,1.630,0.980,3,1,49.961,0,0,11,36,0,41,0
18-02 23:58:05,36.474,8.684,37.219,12.902,0,1520608,832292,173508,5401152,6333.141,1500.660,0,28548.264,0,2390.932,12013,20398,2.170,1.630,0.980,4,0,27.790,0,0,11,36,0,41,0
18-02 23:58:06,41.885,8.327,40.371,7.317,0,1521972,831248,173616,5400708,9626.446,1471.520,0,15966.700,0,1452.344,9004,14395,2.170,1.630,0.980,2,0,6.056,0,0,11,32,0,41,0
18-02 23:58:07,44.370,8.272,44.621,2.005,0,1467156,885980,173684,5400724,8250.282,1570.241,0,9790.442,0,537.452,3924,3707,2.160,1.640,0.990,2,0,8.022,0,0,11,32,0,37,0
18-02 23:58:08,42.409,6.237,45.652,3.493,0,1503716,849240,173788,5400800,9281.138,1454.886,0,4023.390,0,659.588,5928,8138,2.160,1.640,0.990,1,1,0.998,0,0,11,34,0,37,0
18-02 23:58:09,37.971,7.244,42.967,8.993,0,1551720,800632,174096,5401088,6813.763,1510.839,0,16535.291,0,2006.458,10318,19419,2.160,1.640,0.990,3,0,1.998,0,0,11,34,0,37,0
18-02 23:58:10,34.019,12.757,49.778,2.501,0.250,1466068,886004,174220,5401236,5038.788,1660.919,0,5234.896,0,612.339,5623,6433,2.160,1.640,0.990,1,0,100.055,0,0,11,32,0,37,0
18-02 23:58:11,22.250,3.750,73.001,0.250,0,1494724,857356,174228,5401236,5450.075,1458.020,0,1216.017,0,63.001,1970,1668,2.160,1.640,0.990,1,0,2.000,0,0,11,32,0,37,0
18-02 23:58:12,22.251,3.500,73.503,0.250,0,1449976,902084,174232,5401252,9597.345,1512.054,0,728.026,0,42.002,1843,1379,2.060,1.630,0.990,1,0,1.000,0,0,11,32,0,37,0
18-02 23:58:13,22.994,3.499,70.731,1.500,0,1481824,870192,174284,5401244,8714.700,1457.615,0,7506.019,0,394.896,2425,2762,2.060,1.630,0.990,2,0,1.999,0,0,11,32,0,37,0
18-02 23:58:14,22.811,3.008,73.446,0,0,1461416,890516,174284,5401324,7753.648,1570.181,0,280.748,0,14.037,1772,1166,2.060,1.630,0.990,1,0,1.003,0,0,11,32,0,37,0
18-02 23:58:15,23.442,2.494,73.569,0,0,1474136,877796,174284,5401324,7303.021,1454.420,0,3.990,0,0.998,1695,1077,2.060,1.630,0.990,1,0,0,0,0,11,32,0,32,0
18-02 23:58:16,23.250,2.500,73.751,0,0,1493704,858140,174284,5401412,7830.141,1512.027,0,364.007,0,77.001,1765,1122,2.060,1.630,0.990,1,0,2.000,0,0,11,32,0,32,0
18-02 23:58:17,21.751,4.000,73.504,0,0,1438564,913252,174292,5401428,6802.387,1458.083,0,0,0,0,1834,1341,1.980,1.620,0.990,1,0,1.000,0,0,11,32,0,32,0
18-02 23:58:18,21.804,4.010,73.682,0,0,1469916,881888,174292,5401440,5080.562,1569.882,0,0,0,0,1746,1211,1.980,1.620,0.990,1,0,1.002,0,0,11,32,0,32,0
18-02 23:58:19,22.692,2.992,73.563,0.249,0,1518544,833256,174292,5401440,6405.685,1454.296,0,179.543,0,10.972,1825,1581,1.980,1.620,0.990,2,0,1.995,0,0,11,32,0,28,0
18-02 23:58:20,22.999,3.250,73.497,0,0,1469652,882120,174300,5401460,8808.685,1511.946,0,363.987,0,24.999,1888,1235,1.980,1.620,0.990,2,0,2.000,0,0,11,32,0,28,0
18-02 23:58:21,23.001,3.000,73.502,0,0,1470928,880832,174304,5401468,8684.268,1458.045,0,88.003,0,6.000,1843,1313,1.980,1.620,0.990,2,0,0,0,0,11,32,0,28,0
18-02 23:58:22,22.488,3.748,73.460,0,0,1458872,892868,174304,5401488,10743.214,1565.157,0,0,0,0,1845,1242,1.900,1.610,0.990,1,0,0.999,0,0,11,32,0,28,0
18-02 23:58:23,22.482,2.748,73.441,0,0,1502208,849532,174304,5401488,8515.189,1456.835,0,0,0,0,1832,1202,1.900,1.610,0.990,1,0,1.998,0,0,11,32,0,28,0
18-02 23:58:24,29.793,12.518,56.581,0,0,1449992,901624,174312,5401600,8359.016,1514.177,0,0,0,0,4110,10254,1.900,1.610,0.990,1,0,110.158,0,0,11,32,0,23,0
18-02 23:58:25,8.749,21.248,66.492,0,0.250,1444272,907300,174312,5401636,6873.216,1565.821,0,355.959,0,4.999,4735,2998,1.900,1.610,0.990,2,0,235.973,0,0,11,32,0,23,0
18-02 23:58:26,8.247,21.993,67.479,0,0.250,1426696,924852,174316,5401652,4534.571,1457.541,0,551.826,0,7.997,4681,2931,1.900,1.610,0.990,1,0,226.929,0,0,11,32,0,23,0
18-02 23:58:27,8.752,19.505,68.518,0,0.500,1418756,932716,174324,5401684,43311.342,1458.382,0,348.091,0,39.010,4696,2926,1.750,1.580,0.980,1,0,198.052,0,0,11,32,0,23,0
18-02 23:58:28,9.001,21.252,67.508,0,0.500,1404620,946832,174324,5401704,41331.736,1512.173,0,272.031,0,3.000,4663,2859,1.750,1.580,0.980,1,0,223.026,0,0,11,32,0,17,0
18-02 23:58:29,8.746,20.990,67.719,0,0.250,1395032,956404,174324,5401720,5493.487,1565.284,0,163.925,0,10.995,4775,3349,1.750,1.580,0.980,1,0,224.897,0,0,11,32,0,17,0
18-02 23:58:30,11.003,18.255,68.769,0.500,0.500,1393808,957612,174328,5401732,8023.264,1458.412,0,368.104,0,23.006,4191,2784,1.750,1.580,0.980,1,0,187.053,0,0,11,32,0,17,0
18-02 23:58:31,22.004,3.751,73.764,0,0,1446048,905388,174328,5401716,9126.748,1620.310,0,156.030,0,5.001,1833,1318,1.750,1.580,0.980,2,0,0,0,0,11,32,0,17,0
18-02 23:58:32,22.245,3.499,73.485,0,0,1482536,868900,174328,5401716,9988.968,1457.704,0,463.906,0,90.981,1977,1255,1.690,1.570,0.980,2,0,2.000,0,0,11,32,0,14,0
18-02 23:58:33,21.757,3.751,73.524,0,0,1425836,925604,174328,5401712,7019.273,1458.472,0,4.001,0,1.000,1853,1307,1.690,1.570,0.980,2,0,1.000,0,0,11,32,0,14,0
18-02 23:58:34,21.998,3.750,73.493,0,0,1485592,865848,174328,5401712,6544.348,1457.855,0,0,0,0,1782,1154,1.690,1.570,0.980,2,0,2.000,0,0,11,32,0,14,0
18-02 23:58:35,22.752,3.000,73.507,0,0,1470504,880928,174328,5401720,8691.784,1662.150,0,104.009,0,3.000,1872,1207,1.690,1.570,0.980,2,0,1.000,0,0,11,32,0,14,0
18-02 23:58:36,22.502,3.750,73.258,0,0,1520416,831016,174328,5401720,10704.139,1458.155,0,2036.217,0,11.001,1890,1213,1.690,1.570,0.980,3,0,2.000,0,0,11,32,0,12,0
18-02 23:58:37,22.495,2.749,73.483,0,0,1497756,853664,174328,5401732,6559.455,1457.657,0,15.996,0,2.000,1779,1176,1.630,1.560,0.990,2,0,1.000,0,0,11,32,0,12,0
18-02 23:58:38,21.748,3.750,73.493,0,0,1520456,830984,174328,5401712,7946.232,1457.859,0,127.988,0,26.997,1835,1248,1.630,1.560,0.990,3,0,2.000,0,0,11,32,0,12,0
18-02 23:58:39,23.506,3.001,73.267,0,0,1510432,840976,174332,5401740,8011.893,1620.383,0,196.046,0,11.003,1988,1560,1.630,1.560,0.990,2,0,1.000,0,0,11,32,0,12,0
18-02 23:58:40,22.747,3.500,72.491,0.250,0,1500608,850768,174336,5401768,8292.916,1457.809,0,315.959,0,21.997,1961,1445,1.630,1.560,0.990,2,0,1.000,0,0,11,32,0,8,0
18-02 23:58:41,22.490,3.249,73.718,0,0,1495328,856036,174336,5401780,6611.129,1499.349,0,455.802,0,58.974,1800,1139,1.630,1.560,0.990,1,0,2.999,0,0,11,32,0,8,0
18-02 23:58:42,22.010,4.002,73.534,0,0,1532472,818916,174336,5401756,4957.326,1620.760,0,4.002,0,1.000,1770,1272,1.580,1.550,0.990,1,0,0,0,0,11,32,0,8,0
18-02 23:58:43,22.037,3.756,73.874,0,0,1561584,789800,174336,5401760,9958.740,1460.455,0,24.040,0,1.002,1733,1056,1.580,1.550,0.990,1,0,2.003,0,0,11,32,0,8,0
18-02 23:58:44,22.503,2.500,73.758,0,0,1514088,837360,174336,5401696,8052.901,1458.163,0,124.014,0,27.003,1750,1125,1.580,1.550,0.990,1,0,1.000,0,0,11,32,0,6,0
18-02 23:58:45,22.997,3.250,73.740,0,0,1532428,819016,174336,5401700,8199.927,1457.809,0,95.987,0,3.000,1812,1179,1.580,1.550,0.990,1,0,2.000,0,0,11,32,0,6,0
18-02 23:58:46,22.224,3.496,73.414,0,0,1487836,863524,174344,5401776,6615.207,1618.094,0,115.864,0,2.996,1812,1291,1.580,1.550,0.990,1,0,0.999,0,0,11,32,0,6,0
18-02 23:58:47,22.493,2.749,73.728,0,0,1431976,919372,174344,5401788,8018.598,1457.563,0,11.996,0,1.000,1768,1249,1.530,1.540,0.990,1,0,1.000,0,0,11,32,0,6,0
18-02 23:58:48,21.745,4.499,73.484,0,0,1464076,887292,174344,5401768,6580.548,1457.678,0,0,0,0,1891,1449,1.530,1.540,0.990,1,0,2.000,0,0,11,32,0,5,0
18-02 23:58:49,23.002,2.500,73.256,0.250,0,1446160,905180,174344,5401796,5645.442,1458.114,0,276.022,0,38.003,1961,1607,1.530,1.540,0.990,1,0,1.000,0,0,11,32,0,5,0
18-02 23:58:50,22.791,3.256,73.131,0,0,1455544,895816,174344,5401776,5447.758,1622.907,0,428.768,0,30.054,1932,1453,1.530,1.540,0.990,1,0,1.002,0,0,11,32,0,5,0
18-02 23:58:51,21.465,4.493,73.629,0,0,1477864,873488,174344,5401784,8542.987,1455.612,0,23.961,0,1.997,1816,1239,1.530,1.540,0.990,1,0,0.998,0,0,11,32,0,5,0
18-02 23:58:52,22.498,3.250,73.244,0,0,1532352,818996,174344,5401784,7088.418,1457.880,0,63.995,0,4.000,1889,1345,1.490,1.530,0.990,1,0,2.000,0,0,11,32,0,4,0
18-02 23:58:53,12.498,16.997,68.237,0.250,0,1486048,865244,174352,5401832,9002.288,1619.692,0,1747.668,0,78.985,4299,2873,1.490,1.530,0.990,1,0,195.963,0,0,11,32,0,4,0
18-02 23:58:54,8.748,22.244,66.733,0,0.750,1479224,872060,174352,5401840,6282.354,1457.618,0,119.969,0,5.998,4734,2980,1.490,1.530,0.990,2,0,240.937,0,0,11,32,0,4,0
18-02 23:58:55,19.753,5.751,72.762,0,0,1474364,876916,174352,5401844,7259.239,1458.249,0,128.022,0,27.005,2182,1529,1.490,1.530,0.990,1,0,23.004,0,0,11,32,0,4,0
18-02 23:58:56,23.502,2.500,73.506,0,0,1518380,832704,174352,5402040,9672.824,1458.124,0,28.002,0,1.000,1796,1230,1.490,1.530,0.990,1,0,0,0,0,11,32,0,3,0
18-02 23:58:57,21.799,4.009,73.917,0,0,1508988,842028,174352,5402096,39889.055,1623.666,0,4.009,0,1.002,1946,1298,1.530,1.540,0.990,1,0,9.020,0,0,11,32,0,3,0
18-02 23:58:58,22.947,3.242,73.081,0,0,1502500,848512,174352,5402096,39706.097,1454.633,0,147.658,0,1.995,1859,1240,1.530,1.540,0.990,1,0,0,0,0,11,32,0,3,0
18-02 23:58:59,16.753,16.003,65.262,0,0,1441712,909160,174356,5402228,9092.669,1458.268,40.007,88.016,2.000,9.002,3861,2787,1.530,1.540,0.990,2,0,186.034,0,0,11,32,0,3,0
18-02 23:59:00,9.251,21.752,67.257,0.750,0,1430004,920836,174360,5402240,7766.864,1662.185,0,456.051,0,26.003,4871,3095,1.530,1.540,0.990,1,0,233.026,0,0,11,32,0,3,0
18-02 23:59:01,8.748,20.746,67.737,0,0.500,1419252,931572,174360,5402256,8877.352,1457.729,0,207.961,0,32.994,4704,2997,1.530,1.540,0.990,1,0,229.957,0,0,11,32,0,3,0
18-02 23:59:02,9.251,21.753,66.259,0,0.500,1407556,943256,174360,5402268,6309.838,1458.194,0,116.015,0,2.000,4824,3119,1.490,1.530,0.990,1,0,246.033,0,0,11,32,0,3,0
18-02 23:59:03,9.247,21.743,66.480,0,0.500,1397256,953536,174360,5402288,8641.409,1457.563,0,99.970,0,2.999,4850,3018,1.490,1.530,0.990,2,0,246.926,0,0,11,32,0,3,0
18-02 23:59:04,8.753,20.756,67.270,0,0.500,1393244,957524,174360,5402308,6909.066,1620.485,0,184.055,0,2.001,4720,3016,1.490,1.530,0.990,1,0,228.068,0,0,11,32,0,3,0
18-02 23:59:05,8.736,21.966,66.895,0,0.250,1383988,966772,174360,5402316,5101.991,1455.715,0,571.103,0,6.989,4688,2988,1.490,1.530,0.990,1,0,235.630,0,0,11,32,0,1,0
18-02 23:59:06,8.513,21.782,66.598,0,0.751,1378224,972504,174360,5402328,8162.000,1460.147,0,644.948,0,7.010,4779,2938,1.490,1.530,0.990,3,0,244.359,0,0,11,32,0,1,0
18-02 23:59:07,9.001,21.002,67.508,0,0,1364128,986584,174360,5402340,6888.772,1512.169,0,840.094,0,68.008,4700,2886,1.450,1.520,0.990,1,0,220.025,0,0,11,32,0,1,0
18-02 23:59:08,9.497,21.743,66.728,0,0.750,1356884,993812,174360,5402356,7006.644,1565.474,0,459.845,0,4.998,4650,2925,1.450,1.520,0.990,1,0,228.923,0,0,11,32,0,1,0
18-02 23:59:09,8.753,22.007,66.272,0,0.250,1351168,999508,174360,5402376,8250.741,1458.485,0,808.269,0,19.006,4905,3336,1.450,1.520,0.990,1,0,237.079,0,0,11,32,0,1,0
18-02 23:59:10,8.982,19.461,69.110,0.249,0.499,1353364,997300,174360,5402388,6874.116,1548.872,0,618.750,0,31.935,4631,3109,1.450,1.520,0.990,1,0,213.569,0,0,11,32,0,1,0
18-02 23:59:11,9.007,19.764,69.050,0,0.500,1348728,1001912,174360,5402412,8657.321,1621.184,0,96.070,0,4.003,5116,3395,1.450,1.520,0.990,1,0,281.205,0,0,11,32,0,1,0
18-02 23:59:12,9.011,20.025,69.088,0,0.250,1354612,996012,174360,5402428,6795.614,1459.850,0,212.269,0,29.037,4656,2888,1.410,1.510,0.990,2,0,218.277,0,0,11,32,0,1,0
18-02 23:59:13,8.751,20.751,67.504,0,0.250,1357756,992840,174360,5402444,5236.346,1458.096,0,216.014,0,5.000,4647,2909,1.410,1.510,0.990,1,0,216.014,0,0,11,32,0,1,0
18-02 23:59:14,9.500,22.500,66.001,0,0.500,1356476,994104,174360,5402460,9351.117,1512.019,0,28.000,0,7.000,4821,2979,1.410,1.510,0.990,1,0,238.003,0,0,11,32,0,1,0
18-02 23:59:15,8.248,21.994,66.232,0,0.500,1355696,994876,174360,5402468,6427.285,1565.582,0,503.866,0,72.981,4831,3057,1.410,1.510,0.990,2,0,241.935,0,0,11,32,0,1,0
18-02 23:59:16,10.232,18.467,68.627,0,0.499,1356516,994036,174360,5402488,8387.926,1455.385,0,11.978,0,2.995,4427,2800,1.410,1.510,0.990,1,1,191.656,0,0,11,32,0,1,0
18-02 23:59:17,14.762,25.021,58.299,0,0.500,1310260,1040248,174376,5402512,6300.280,1513.268,0,840.704,0,54.045,5178,3471,1.300,1.490,0.990,2,0,299.251,0,0,11,34,0,2,0
18-02 23:59:18,28.833,27.078,42.371,0,0,1362636,987844,174384,5402532,8450.194,1570.497,0,429.229,0,27.078,5611,3702,1.300,1.490,0.990,3,0,288.827,0,0,11,32,0,3,0
18-02 23:59:19,56.044,24.769,18.514,0.250,0,1480032,870212,174428,5402656,7386.771,1459.140,0,528.413,0,34.027,5334,3948,1.300,1.490,0.990,3,0,325.254,0,0,11,32,0,7,0
18-02 23:59:20,65.940,8.211,24.385,0.995,0,1620880,724668,174816,5406096,7489.811,1612.424,15.925,3368.175,0.995,139.345,4412,3371,1.300,1.490,0.990,3,1,5.972,0,0,11,34,0,8,0
18-02 23:59:21,36.273,8.756,37.274,13.759,0,1629100,707812,175480,5413656,7966.114,1621.041,428.275,23707.218,9.006,1959.258,12183,20329,1.300,1.490,0.990,4,0,78.050,0,0,11,38,0,8,0
18-02 23:59:22,26.504,11.252,39.757,16.253,0,1630268,702044,175932,5417608,9321.537,1512.249,0,49460.153,0,3404.561,14572,26402,2,1.630,1.040,1,1,30.005,0,0,11,38,0,8,0
18-02 23:59:23,34.978,13.492,33.229,13.492,0,1598528,729188,176108,5421880,11726.762,1565.034,0,28790.229,0,2354.547,12550,20594,2,1.630,1.040,6,0,98.939,0,0,11,36,0,8,0
18-02 23:59:24,48.436,15.560,19.826,12.548,0,1664560,658152,176288,5430164,10040.653,1517.843,0,50514.464,0,3544.646,15200,34727,2,1.630,1.040,6,1,81.313,0,0,11,36,0,8,1
18-02 23:59:25,40.670,9.731,32.436,13.973,0.250,1669228,647068,176472,5432560,11855.682,6488.239,0,43853.749,0,3400.312,13816,24729,2,1.630,1.040,7,1,29.941,0,0,11,37,0,8,0
18-02 23:59:26,42.021,9.505,31.766,13.257,0,1669508,642796,176724,5436120,12990.605,5944.022,0,44930.844,0,3358.708,14077,25676,2,1.630,1.040,6,0,18.009,0,0,11,36,0,9,0
18-02 23:59:27,42.307,15.020,27.787,11.265,0,1685896,621732,177056,5440272,41567.677,1514.028,0,25538.207,0,2072.776,12333,19955,2.160,1.670,1.050,4,0,88.118,0,0,11,36,0,9,0
18-02 23:59:28,43.843,16.441,26.655,11.210,0,1609996,693356,177320,5444160,41585.477,3855.231,0,39375.370,0,2810.961,12741,21977,2.160,1.670,1.050,6,0,140.498,0,0,11,35,0,9,0
18-02 23:59:29,36.875,23.078,27.844,9.031,0,1597080,703132,177492,5447464,11484.843,7534.483,373.262,25847.420,6.020,1853.268,12397,20649,2.160,1.670,1.050,2,1,198.672,0,0,11,35,0,9,0
18-02 23:59:30,43.274,17.510,27.015,9.505,0,1582464,714112,177724,5450208,17025.462,9341.191,520.289,37407.790,6.003,2609.450,15062,27213,2.160,1.670,1.050,2,2,129.072,0,0,11,37,0,9,0
18-02 23:59:31,41.723,18.738,23.485,13.991,0,1497164,798904,177672,5450748,12706.866,5016.789,1123.281,25957.383,20.987,1969.739,12172,19564,2.160,1.670,1.050,5,0,165.894,0,0,11,36,0,9,0
18-02 23:59:32,35.193,12.480,36.941,12.230,0,1553336,740696,177716,5452660,8772.910,1563.489,0,30934.317,0,2412.126,11219,19673,2.230,1.690,1.060,5,0,56.909,0,0,11,36,0,9,0
18-02 23:59:33,34.517,7.754,42.771,12.256,0,1571200,721316,177764,5454088,12762.190,6504.155,0,26096.657,0,2156.046,11065,18658,2.230,1.690,1.060,3,0,24.012,0,0,11,37,0,9,0
18-02 23:59:34,32.442,8.235,43.423,11.979,0,1570296,722724,177888,5453456,16825.055,8632.636,0,30645.458,0,2519.516,12944,22065,2.230,1.690,1.060,5,1,8.984,0,0,11,37,0,9,0
18-02 23:59:35,36.298,7.009,41.054,11.014,0,1566916,726428,178012,5453012,12691.673,6896.059,0,26402.685,0,2032.670,11728,19517,2.230,1.690,1.060,2,0,6.008,0,0,11,37,0,9,0
18-02 23:59:36,32.184,12.474,41.166,10.229,0,1498928,793452,178092,5453896,9208.164,4291.222,0,18090.993,0,1732.456,10811,17261,2.230,1.690,1.060,3,0,91.812,0,0,11,36,0,10,0
18-02 23:59:37,36.589,10.275,36.339,13.282,0,1542844,748764,178188,5454548,10742.257,1515.705,0,28666.068,0,2389.841,10651,18855,2.370,1.730,1.080,2,0,18.044,0,0,11,36,0,10,0
18-02 23:59:38,33.259,8.252,43.012,12.503,0,1556152,735600,178216,5454364,13911.824,6610.817,0,26963.412,0,2356.648,11448,20174,2.370,1.730,1.080,2,0,12.003,0,0,11,37,0,10,0
18-02 23:59:39,32.471,8.492,41.213,12.739,0,1553936,736660,178244,5455472,11647.494,7125.573,0,34452.923,0,2593.661,12727,22152,2.370,1.730,1.080,2,0,17.984,0,0,11,37,0,10,0
18-02 23:59:40,39.440,6.989,40.189,9.486,0.250,1552152,737816,178252,5456068,15782.162,6894.586,0,15336.835,0,1457.798,10351,16582,2.370,1.730,1.080,2,1,15.976,0,0,11,37,0,10,0
18-02 23:59:41,38.827,10.020,37.575,10.270,0,1490680,798292,178276,5457016,11428.735,4955.859,0,20464.711,0,1789.560,10552,17045,2.370,1.730,1.080,2,1,48.096,0,0,11,36,0,10,0
18-02 23:59:42,38.510,9.502,37.009,11.753,0.250,1540836,747048,178288,5458064,9342.342,1512.379,0,22501.640,0,2044.512,10151,18148,2.900,1.850,1.120,2,0,27.007,0,0,11,36,0,10,0
18-02 23:59:43,33.604,8.214,42.566,12.695,0,1557176,729408,178348,5459256,12252.929,6526.731,0,24884.219,0,2134.754,10769,18767,2.900,1.850,1.120,2,0,20.909,0,0,11,37,0,10,0
18-02 23:59:44,32.063,8.016,41.582,12.525,0,1558052,726944,178420,5460728,10829.412,7200.236,0,26544.483,0,2065.083,11907,19903,2.900,1.850,1.120,2,0,15.030,0,0,11,37,0,10,0
18-02 23:59:45,32.244,8.249,43.742,11.498,0,1557092,726720,178468,5461828,13878.599,6319.907,0,21984.197,0,1817.686,11670,19000,2.900,1.850,1.120,2,0,26.995,0,0,11,37,0,10,0
18-02 23:59:46,34.209,8.739,42.199,11.236,0,1477316,803976,178496,5464264,11817.729,6268.430,0,25788.857,0,1949.646,11401,18612,2.900,1.850,1.120,3,0,19.976,0,0,11,36,0,11,0
18-02 23:59:47,30.610,14.302,36.632,14.051,0,1513544,766816,178544,5465120,6527.545,1571.669,0,32914.722,0,2444.818,12037,20162,2.910,1.870,1.130,5,0,77.279,0,0,11,36,0,11,0
18-02 23:59:48,35.228,9.244,40.974,12.242,0,1546756,732040,178560,5466624,10616.232,3812.569,0,25403.805,0,2279.547,11667,19785,2.910,1.870,1.130,4,0,50.968,0,0,11,37,0,11,0
18-02 23:59:49,35.280,7.506,40.034,11.260,0,1549564,728008,178584,5467792,12941.017,7958.775,0,29585.186,0,2468.101,13228,22457,2.910,1.870,1.130,2,0,36.031,0,0,11,36,0,12,0
18-02 23:59:50,33.722,11.990,38.219,12.740,0,1558532,717680,178600,5469092,10475.376,1606.677,0,22501.476,0,1960.386,10333,17722,2.910,1.870,1.130,2,1,67.944,0,0,11,36,0,12,0
18-02 23:59:51,36.238,8.247,39.737,11.496,0,1595996,679272,178608,5470016,8605.138,3428.860,0,25727.444,0,2194.270,10175,17847,2.910,1.870,1.130,1,0,8.997,0,0,11,37,0,12,0
18-02 23:59:52,33.730,7.995,43.474,10.993,0,1591324,683844,178628,5470072,10212.873,6314.212,0,23126.125,0,2012.792,10839,18248,2.920,1.890,1.140,5,0,14.991,0,0,11,36,0,13,0
18-02 23:59:53,29.985,15.492,38.231,12.244,0,1547412,731176,178644,5466632,8760.673,1511.254,0,31336.522,0,2185.920,11424,19450,2.920,1.890,1.140,2,0,59.970,0,0,11,36,0,13,0
18-02 23:59:54,34.811,7.764,41.573,11.270,0,1588448,691620,178652,5465148,8045.207,3436.068,0,24126.604,0,2034.593,10840,18576,2.920,1.890,1.140,1,0,6.011,0,0,11,37,0,13,0
18-02 23:59:55,35.296,7.260,42.055,11.515,0,1584292,695096,178680,5465804,14343.777,7447.750,0,23218.395,0,2064.703,11877,19747,2.920,1.890,1.140,3,0,28.037,0,0,11,37,0,13,0
18-02 23:59:56,37.452,12.234,43.444,4.494,0.250,1386444,893084,178680,5465664,9686.577,4290.497,0,14141.863,0,951.779,6877,8669,2.920,1.890,1.140,4,0,95.877,0,0,11,32,0,15,0
18-02 23:59:57,27.251,19.001,53.002,0,0,1430784,848708,178680,5465700,46270.388,1458.044,0,572.017,0,34.001,4308,2491,2.840,1.890,1.150,2,0,165.005,0,0,11,32,0,15,0
18-02 23:59:58,17.497,2.250,77.736,0.500,0,1431036,848444,178680,5465712,48248.548,8536.505,0,3027.470,0,155.973,2789,3003,2.840,1.890,1.150,1,0,0,0,0,11,33,0,15,0
18-02 23:59:59,17.248,4.750,76.742,0,0,1395724,883744,178680,5465724,11067.891,5376.461,0,99.990,0,11.999,3447,3490,2.840,1.890,1.150,1,0,29.997,0,0,11,32,0,16,0
19-02 00:00:00,9.246,23.489,64.970,0,0,1391184,888176,178680,5465824,4764.805,1499.309,0,207.904,0,10.995,4887,2948,2.840,1.890,1.150,1,0,243.888,0,0,11,32,0,16,0
19-02 00:00:01,9.003,21.508,66.524,0,0.750,1383000,896304,178680,5465880,9656.532,1566.573,0,260.095,0,17.006,4815,3103,2.840,1.890,1.150,2,0,234.086,0,0,11,32,0,16,0
19-02 00:00:02,29.286,28.786,40.300,0.751,0.250,1383528,895716,178696,5465924,8250.185,1513.869,0,680.841,0,49.061,5602,3972,2.770,1.890,1.150,3,0,287.355,0,0,11,34,0,21,0
19-02 00:00:03,66.209,8.745,23.985,0.250,0,1507612,771468,178700,5466084,10815.377,1457.108,0,703.569,0,51.968,4145,2205,2.770,1.890,1.150,3,0,10.993,0,0,11,32,0,22,0
19-02 00:00:04,67.248,8.250,23.999,0.250,0,1680256,596176,178792,5468516,7049.774,1565.950,0,2199.929,0,154.995,3868,1705,2.770,1.890,1.150,3,0,1.000,0,0,11,32,0,22,0
19-02 00:00:05,65.122,7.264,25.798,1.503,0,1802648,468756,178940,5472868,9901.479,1514.827,0,8567.990,0,346.647,5087,3943,2.770,1.890,1.150,4,1,9.017,0,0,11,38,0,22,0
19-02 00:00:06,34.004,7.198,37.976,14.892,0,1795096,468984,178980,5479912,8067.694,1501.151,0,28704.551,0,2317.253,13892,22988,2.770,1.890,1.150,1,1,125.096,0,0,11,38,0,22,0
19-02 00:00:07,28.467,10.738,39.705,16.231,0,1792056,468432,179000,5483376,4722.608,1510.276,0,48556.565,0,3448.063,14161,26063,2.790,1.910,1.160,0,1,74.914,0,0,11,38,0,22,0
19-02 00:00:08,29.322,9.774,40.349,16.040,0,1788640,466636,179024,5488332,4686.543,1515.733,0,32383.759,0,2563.313,13044,22384,2.790,1.910,1.160,0,1,93.230,0,0,11,38,0,22,0
19-02 00:00:09,31.616,9.033,38.892,14.804,0,1786320,465276,179072,5491840,11194.994,1517.557,0,38713.764,0,2903.633,14098,24826,2.790,1.910,1.160,2,1,96.353,0,0,11,38,0,22,0
19-02 00:00:10,23.737,10.744,43.227,15.991,0,1784460,464208,179092,5494660,8566.435,1659.116,0,43396.875,0,3209.290,13872,24372,2.790,1.910,1.160,1,1,51.972,0,0,11,38,0,22,0
19-02 00:00:11,28.779,7.257,43.043,15.516,0,1782852,461892,179116,5498444,9779.771,1459.458,0,26606.584,0,2405.403,12560,21700,2.790,1.910,1.160,6,0,75.075,0,0,11,38,0,22,0
19-02 00:00:12,40.938,12.481,29.206,13.480,0.499,1691136,547708,179156,5504152,4738.804,1509.707,0,40889.906,0,3030.398,14258,25685,3.050,1.980,1.190,1,2,161.754,0,0,11,36,0,22,0
19-02 00:00:13,44.656,9.730,26.195,16.216,0,1731736,502780,179188,5508304,8908.290,1562.718,0,48941.211,0,3709.210,14208,27114,3.050,1.980,1.190,3,1,72.847,0,0,11,36,0,22,0
19-02 00:00:14,48.985,9.295,26.376,13.314,0,1784016,446160,179224,5512400,7724.012,1465.020,0,37371.074,0,3086.791,13315,23668,3.050,1.980,1.190,3,0,66.318,0,0,11,36,0,22,0
19-02 00:00:15,42.964,12.240,29.975,11.740,0,1749348,475216,179244,5517800,5280.570,1510.733,0,51536.762,0,3350.189,13200,23692,3.050,1.980,1.190,6,1,62.947,0,0,11,36,0,22,0
19-02 00:00:16,19.735,8.993,47.963,17.986,0.250,1728960,488992,179256,5524128,9996.186,1564.777,0,44281.384,0,3024.636,13136,23725,3.050,1.980,1.190,1,1,13.989,0,0,11,36,0,22,0
19-02 00:00:17,18.236,9.743,48.713,17.487,0,1714636,498596,179272,5528636,8325.612,1510.841,0,42375.486,0,2891.781,13035,23412,3.130,2.010,1.210,1,1,17.986,0,0,11,36,0,22,0
19-02 00:00:18,17.012,8.506,52.038,16.762,0,1706540,505768,179280,5529520,5780.241,1459.071,0,40309.577,0,2968.178,12588,23022,3.130,2.010,1.210,1,2,39.029,0,0,11,36,0,20,0
19-02 00:00:19,26.496,7.749,44.744,16.248,0,1702356,508248,179280,5531176,8364.813,1565.778,0,30923.612,0,2462.651,11957,20848,3.130,2.010,1.210,4,0,32.995,0,0,11,36,0,20,0
19-02 00:00:20,23.503,8.501,46.505,16.252,0,1695652,513464,179284,5532616,6652.762,1512.173,0,38144.371,0,2755.316,12703,22766,3.130,2.010,1.210,2,0,43.005,0,0,11,36,0,20,0
19-02 00:00:21,29.995,14.248,53.491,0.500,0,1391256,817844,179284,5532632,9709.321,1457.748,0,1659.713,0,95.983,4108,2618,3.130,2.010,1.210,1,0,160.972,0,0,11,32,0,20,0
19-02 00:00:22,18.008,10.005,70.532,0.250,0.250,1412264,796820,179284,5532644,7060.230,1566.717,0,1432.656,0,85.039,3093,2243,2.960,2,1.200,1,0,88.040,0,0,11,32,0,15,0
19-02 00:00:23,22.247,3.749,71.989,1.000,0,1471796,737288,179284,5532644,7715.813,1511.767,0,3651.438,0,211.967,2227,2068,2.960,2,1.200,1,0,1.000,0,0,11,32,0,15,0
19-02 00:00:24,23.749,2.250,72.996,0,0,1521056,688020,179284,5532652,7832.568,1457.920,0,115.994,0,9.999,2221,1803,2.960,2,1.200,2,0,2.000,0,0,11,38,0,15,0
19-02 00:00:25,32.255,11.752,54.759,0.250,0,1461348,746260,179312,5533972,7992.242,1566.243,220.034,316.049,22.003,10.002,3844,11819,2.960,2,1.200,2,0,123.019,0,0,11,32,0,16,0
19-02 00:00:26,22.750,3.250,73.251,0,0,1466420,741188,179312,5533972,5936.061,1512.016,0,428.004,0,82.001,1774,1139,2.960,2,1.200,2,0,1.000,0,0,11,32,0,14,0
19-02 00:00:27,23.985,2.498,73.204,0.250,0,1505648,701960,179312,5533972,43236.896,1457.087,0,123.922,0,16.989,2103,1601,2.800,1.980,1.200,3,0,1.999,0,0,11,34,0,14,0
19-02 00:00:28,15.248,24.497,58.242,0.500,0,1442348,765240,179312,5533992,42187.373,1565.791,0,787.895,0,35.995,4570,2883,2.800,1.980,1.200,2,0,251.966,0,0,11,32,0,14,0
19-02 00:00:29,16.251,41.002,41.002,0,0,1432076,775488,179312,5534016,9483.377,1512.060,0,160.006,0,14.001,5957,3988,2.800,1.980,1.200,2,0,436.017,0,0,11,32,0,14,0
19-02 00:00:30,15.517,42.297,40.045,0.250,0.250,1422052,785484,179312,5534044,6847.611,1459.622,0,1317.464,0,18.020,6001,4165,2.800,1.980,1.200,1,0,500.556,0,0,11,32,0,14,0
19-02 00:00:31,7.986,21.712,67.383,0,0.749,1424056,783472,179312,5534052,5361.656,1563.276,0,27.951,0,6.988,4570,2721,2.800,1.980,1.200,1,0,229.600,0,0,11,32,0,14,0
19-02 00:00:32,8.509,22.273,67.070,0,0,1417312,790164,179312,5534104,8278.599,1513.572,0,256.266,0,54.056,4611,2681,2.650,1.960,1.200,1,0,223.232,0,0,11,32,0,14,0
19-02 00:00:33,9.001,21.751,67.754,0,0.500,1420360,787104,179312,5534116,8437.513,1458.089,0,8.000,0,2.000,4567,2842,2.650,1.960,1.200,1,0,208.013,0,0,11,32,0,14,0
19-02 00:00:34,8.501,18.501,70.004,0,0.500,1413508,793928,179312,5534144,8772.558,1620.103,0,356.023,0,5.000,4528,2887,2.650,1.960,1.200,1,0,205.013,0,0,11,32,0,14,0
19-02 00:00:35,9.000,20.750,67.251,0,0.250,1408208,799204,179312,5534164,6585.132,1458.029,0,188.004,0,6.000,4530,2841,2.650,1.960,1.200,2,0,189.004,0,0,11,32,0,14,0
19-02 00:00:36,9.249,20.998,67.242,0,0.500,1405228,802172,179312,5534176,8340.048,1457.834,0,35.996,0,5.999,4489,2749,2.650,1.960,1.200,1,0,179.979,0,0,11,32,0,14,0
19-02 00:00:37,15.279,19.287,63.372,0,0.501,1403044,804344,179312,5534628,7497.411,1569.016,0,1174.257,0,161.310,5426,5126,2.520,1.950,1.200,1,0,170.327,0,0,11,32,0,14,0
19-02 00:00:38,22.185,12.463,63.812,0,0,1396216,811156,179312,5534188,5546.640,1507.553,0,470.612,0,28.915,4164,4754,2.520,1.950,1.200,1,0,68.797,0,0,11,32,0,14,0
19-02 00:00:39,46.052,16.518,36.541,0,0,1465548,741804,179316,5534664,5285.912,1459.633,0,2150.405,0,16.018,4292,2353,2.520,1.950,1.200,2,0,124.139,0,0,11,33,0,13,0
19-02 00:00:40,43.971,7.245,47.969,0,0,1579036,628180,179316,5534796,8616.379,1618.944,0,0,0,0,2805,1458,2.520,1.950,1.200,2,0,0.999,0,0,11,33,0,13,0
19-02 00:00:41,46.527,4.753,47.778,0.250,0,1632728,574000,179328,5535196,8474.980,1458.857,104.061,376.221,1.001,12.007,3785,2914,2.520,1.950,1.200,2,0,19.011,0,0,11,49,0,13,0
19-02 00:00:42,43.853,8.019,47.361,0,0,1665080,537460,179384,5538976,7801.238,1461.416,0,1431.346,0,130.305,5967,7712,2.480,1.950,1.200,1,0,69.162,0,0,11,48,0,13,0
19-02 00:00:43,8.975,20.443,69.057,0.249,0.249,1661976,540516,179388,5539012,7227.818,1561.639,0,111.688,0,6.981,4856,3227,2.480,1.950,1.200,2,0,216.396,0,0,11,48,0,13,0
19-02 00:00:44,18.853,16.869,61.273,0,0.248,1676252,526200,179388,5539460,8592.106,1500.319,0,146.857,0,11.907,5075,5375,2.480,1.950,1.200,4,0,152.810,0,0,11,48,0,13,0
19-02 00:00:45,15.625,8.821,75.354,0,0,1676920,525492,179388,5539032,8858.059,1469.791,0,0,0,0,2967,3424,2.480,1.950,1.200,1,0,56.453,0,0,11,48,0,13,0
19-02 00:00:46,0.250,0.750,97.996,0,0.250,1676920,525492,179388,5539032,5766.772,1619.936,0,0,0,0,711,924,2.480,1.950,1.200,0,0,3.000,0,0,11,48,0,13,0
19-02 00:00:47,1.250,0.500,97.012,0.250,0,1676904,525492,179388,5539048,5706.722,1458.184,0,212.027,0,30.004,1032,1537,2.280,1.920,1.200,0,0,2.000,0,0,11,48,0,12,0
19-02 00:00:48,0.500,1.000,95.249,1.750,0.250,1676904,525492,179388,5539048,9851.872,1457.981,0,7235.906,0,337.996,1506,2348,2.280,1.920,1.200,0,0,2.000,0,0,11,48,0,12,0
19-02 00:00:49,2.499,3.749,92.981,0.250,0,1669372,533052,179388,5539040,7002.552,1619.665,0,1783.631,0,156.968,1751,1693,2.280,1.920,1.200,0,0,26.994,0,0,11,48,0,12,0
19-02 00:00:50,17.257,15.256,65.277,0,0.250,1670812,531596,179388,5539144,9805.127,1500.632,0,4.002,0,1.000,4446,4351,2.280,1.920,1.200,2,0,175.074,0,0,11,48,0,12,0
19-02 00:00:51,19.991,17.242,61.472,0,0,1672904,529492,179392,5539044,6589.017,1553.297,0,291.868,0,28.987,4629,6224,2.280,1.920,1.200,2,0,169.923,0,0,11,64,0,11,0
19-02 00:00:52,13.756,21.259,62.775,0,0.250,1715132,487236,179392,5539088,8947.604,1566.631,0,0,0,0,4857,3363,2.260,1.920,1.200,1,0,222.089,0,0,12,64,0,11,0
19-02 00:00:53,15.532,22.046,59.373,0.251,0.251,1705108,497180,179392,5539456,7710.033,1699.534,0,4749.877,0,355.740,5712,5050,2.260,1.920,1.200,6,0,214.446,0,0,12,64,0,11,0
19-02 00:00:54,22.463,12.230,64.394,0,0,1703360,498748,179392,5539240,5657.723,1509.525,0,0,0,0,3834,4393,2.260,1.920,1.200,5,0,66.890,0,0,12,64,0,11,0
19-02 00:00:55,11.991,14.739,71.199,0,0.500,1703376,498748,179392,5539236,8129.155,1564.875,0,299.784,0,16.988,3620,3170,2.260,1.920,1.200,0,0,184.867,0,0,12,64,0,10,0
19-02 00:00:56,8.000,15.750,73.000,0,0.500,1697276,504788,179392,5539280,6522.038,1458.009,0,4.000,0,1.000,3828,2613,2.260,1.920,1.200,1,0,147.001,0,0,14,66,0,10,0
19-02 00:00:57,23.765,16.510,58.036,0,0,1678044,524016,179392,5539724,41550.486,1512.928,0,16.010,0,4.002,5053,5881,2.160,1.900,1.200,1,0,120.074,0,0,14,66,0,10,0
19-02 00:00:58,14.746,14.496,69.982,0,0,1668100,533944,179392,5539296,42951.719,1607.578,0,27.993,0,3.999,4064,2975,2.160,1.900,1.200,1,0,143.962,0,0,14,66,0,11,0
19-02 00:00:59,8.497,20.242,68.722,0,0,1666696,535328,179392,5539316,8618.535,1457.414,0,279.887,0,2.999,4694,2909,2.160,1.900,1.200,1,0,207.916,0,0,14,66,0,8,0
19-02 00:01:00,10.253,20.505,66.518,0.250,0.750,1671176,530696,179392,5539464,8624.274,1620.427,0,168.044,0,11.003,4672,2975,2.160,1.900,1.200,3,0,202.053,0,0,14,66,0,8,0
19-02 00:01:01,8.748,20.496,67.488,0,0.250,1671484,530376,179392,5539476,6854.790,1457.743,0,15.997,0,3.999,4615,2888,2.160,1.900,1.200,1,0,187.967,0,0,14,66,0,8,0
19-02 00:01:02,22.998,16.498,59.494,0,0.250,1653860,547996,179392,5539924,5510.483,1511.858,0,55.995,0,3.000,5031,6513,2.060,1.890,1.200,3,0,129.988,0,0,14,66,0,8,0
19-02 00:01:03,25.932,17.704,54.357,0,0.249,1678476,523368,179396,5539492,8461.805,1543.950,0,15.958,0,3.990,4409,2760,2.060,1.890,1.200,2,0,127.665,0,0,14,66,0,2,0
19-02 00:01:04,30.715,23.973,43.451,0,0.250,1718736,483068,179400,5539528,8478.456,1564.239,0,107.879,0,4.994,5100,3012,2.060,1.890,1.200,2,0,218.754,0,0,14,66,0,2,0
19-02 00:01:05,30.372,24.097,44.428,0.251,0,1794068,407236,179456,5539928,5092.432,1463.873,0,542.175,0,5.020,5126,3004,2.060,1.890,1.200,3,0,225.906,0,0,14,66,0,2,0
19-02 00:01:06,29.281,27.029,42.295,0,0,1879220,320924,179476,5540984,10300.905,1567.660,20.021,0,2.002,0,5764,5305,2.060,1.890,1.200,2,0,262.278,0,0,14,70,0,4,0
19-02 00:01:07,29.958,24.216,44.438,0,0.250,1948996,251124,179476,5541008,7769.201,1509.901,0,1150.401,0,1.997,5240,3205,2.060,1.890,1.200,3,0,234.674,0,0,14,70,0,4,0
19-02 00:01:08,31.263,24.010,43.268,0,0.250,1994564,205528,179476,5541032,9118.838,1458.614,0,20.008,0,5.002,5112,3007,2.060,1.890,1.200,2,0,202.085,0,0,14,70,0,4,0
19-02 00:01:09,19.497,19.997,58.242,0,0,1998612,201264,179480,5541236,7337.053,1511.805,0,827.893,0,17.998,4856,3036,2.060,1.890,1.200,1,0,194.975,0,0,14,70,0,4,0
19-02 00:01:10,15.749,17.999,62.996,0,0.500,1993240,206588,179480,5541696,6989.562,1605.899,0,479.970,0,10.999,5040,4786,2.060,1.890,1.200,1,0,161.990,0,0,14,70,0,4,0
19-02 00:01:11,23.759,14.505,61.523,0,0,2004440,195360,179480,5541604,8685.252,1512.566,0,0,0,0,4372,4678,2.060,1.890,1.200,3,0,83.031,0,0,14,70,0,4,0
19-02 00:01:12,52.074,25.787,21.531,0,0,2059304,140316,179496,5541884,6787.702,1568.242,0,8.011,0,2.003,5851,4141,2.210,1.920,1.220,3,0,361.517,0,0,14,70,0,4,0
19-02 00:01:13,58.243,22.650,17.423,0.747,0,2150168,143556,165532,5464028,8745.411,1702.488,123.455,250.893,10.952,13.938,6098,7577,2.210,1.920,1.220,6,0,309.634,0,0,14,70,0,4,0
19-02 00:01:14,63.237,23.087,10.038,3.764,0,2217680,142532,165160,5399412,6833.626,1571.895,3380.678,1734.504,156.587,128.482,6188,6159,2.210,1.920,1.220,4,0,310.163,0,0,14,70,0,4,0
19-02 00:01:15,67.106,23.949,5.987,3.493,0,2381108,124384,166952,5256020,11768.777,1616.535,3700.070,3388.737,180.613,169.636,6954,8470,2.210,1.920,1.220,6,0,373.200,0,0,14,74,0,4,0
19-02 00:01:16,58.722,17.817,12.798,9.285,0,2414196,156304,166980,5192512,8809.247,1626.137,963.637,26612.437,41.155,1845.967,13001,22408,2.210,1.920,1.220,4,1,194.735,0,0,14,74,0,4,0
19-02 00:01:17,69.079,25.936,2.743,1.496,0,2498316,143284,167084,5123260,5570.198,1615.996,55.862,14093.080,3.990,1142.170,11251,20116,2.440,1.970,1.240,6,0,505.747,0,0,14,78,0,5,0
19-02 00:01:18,74.180,20.049,4.010,1.002,0,2630320,151628,167084,4985660,6115.870,1569.817,637.550,7578.426,32.078,549.336,10350,15739,2.440,1.970,1.240,6,0,227.553,0,0,14,88,0,12,0
19-02 00:01:19,52.215,25.610,19.394,1.492,0,2747216,181952,167092,4841956,8511.534,1611.204,1304.876,958.766,43.761,50.723,6954,7301,2.440,1.970,1.240,3,0,460.486,0,0,14,95,0,13,0
19-02 00:01:20,43.119,25.069,30.584,0.251,0,2799736,198752,167092,4773936,8640.803,1516.177,569.569,982.707,30.083,55.152,6718,7690,2.440,1.970,1.240,3,0,368.014,0,0,14,95,0,13,0
19-02 00:01:21,44.744,18.497,34.495,2.000,0,2868092,196124,167160,4709968,8024.873,1565.780,2351.670,4499.368,49.993,235.967,5919,6564,2.440,1.970,1.240,3,0,146.979,0,0,14,97,0,13,0
19-02 00:01:22,57.757,15.752,19.002,6.501,0,2949652,176880,167516,4648568,6732.862,1458.187,3960.507,2696.345,88.011,25.003,5295,5299,2.480,1.990,1.250,2,1,131.017,0,0,14,96,0,14,0
19-02 00:01:23,48.401,8.732,41.166,1.746,0,3047804,143992,167684,4584556,8842.976,1872.184,2131.655,7121.485,39.919,525.928,4340,3342,2.480,1.990,1.250,3,0,21.955,0,0,14,97,1,14,0
19-02 00:01:24,9.518,19.787,67.879,0,0,3058448,133248,167684,4584656,9138.310,1589.010,0,701.328,0,41.078,4834,3305,2.480,1.990,1.250,1,0,205.389,0,0,14,99,1,14,0
19-02 00:01:25,17.250,23.250,56.999,0.500,0.500,3066632,192756,167684,4518428,4682.951,1531.984,28.000,2231.976,3.000,279.997,5538,13445,2.480,1.990,1.250,1,0,247.997,0,0,14,99,1,15,0
19-02 00:01:26,8.999,18.748,70.491,0.250,0,3066068,193300,167684,4518448,7188.118,1693.792,4.000,107.987,1.000,10.999,4551,2973,2.480,1.990,1.250,1,0,198.976,0,0,14,99,1,15,0
19-02 00:01:27,8.502,19.005,69.767,0,0,3068820,190536,167684,4518460,44555.924,1532.376,0,576.141,0,5.001,4587,2948,2.360,1.970,1.250,1,0,198.049,0,0,14,99,1,15,0
19-02 00:01:28,10.989,16.734,69.183,0.500,0,3072972,186032,167688,4518808,40553.966,1584.475,331.681,59.942,7.992,2.997,4269,2716,2.360,1.970,1.250,1,1,163.842,0,0,14,103,1,14,0
19-02 00:01:29,22.268,4.003,72.560,0.250,0.250,3121012,137900,167688,4518900,10500.630,1567.288,156.128,100.082,7.006,12.010,1989,1511,2.360,1.970,1.250,1,0,1.001,0,0,14,105,1,14,0
19-02 00:01:30,19.243,2.999,76.721,0.250,0,3136292,122528,167688,4518992,12611.171,7255.222,15.994,655.749,1.999,25.990,2351,2154,2.360,1.970,1.250,1,0,2.999,0,0,14,110,1,14,0
19-02 00:01:31,21.699,2.993,73.078,0,0,3136280,122528,167692,4519004,27103.223,18414.668,3.991,347.183,0.998,28.932,2619,2317,2.360,1.970,1.250,3,0,0.998,0,0,14,113,1,15,0
19-02 00:01:32,18.285,9.518,71.387,0,0.250,3076848,181820,167692,4519144,6739.908,1514.901,0,1242.379,0,13.025,2833,1949,2.250,1.960,1.250,2,0,64.123,0,0,14,113,1,15,0
19-02 00:01:33,20.516,3.002,75.310,0.500,0,3123700,134960,167692,4519152,7474.919,3850.049,0,556.441,0,53.042,2458,2481,2.250,1.960,1.250,1,0,2.002,0,0,14,116,1,15,0
19-02 00:01:34,21.244,2.499,75.230,0.250,0.250,3124412,134204,167692,4519180,12799.671,5804.490,0,403.895,0,32.991,2690,2557,2.250,1.960,1.250,1,0,1.000,0,0,14,120,1,15,0
19-02 00:01:35,25.264,5.503,68.037,0.250,0,3125804,132216,167708,4519728,6539.539,1512.819,0,396.214,0,26.014,3752,5143,2.250,1.960,1.250,1,0,0,0,0,14,120,1,15,0
19-02 00:01:36,25.982,4.997,65.704,1.999,0,3133312,123900,167712,4520532,8211.300,1456.989,655.545,1834.726,33.976,224.844,5624,7972,2.250,1.960,1.250,5,0,1.999,0,0,14,121,1,15,0
19-02 00:01:37,25.502,4.500,66.504,0.750,0,3133260,190000,167712,4456156,11909.727,2829.173,36.002,1404.086,2.000,138.008,5189,6984,2.150,1.940,1.240,2,0,1.000,0,0,14,122,1,17,0
19-02 00:01:38,13.545,13.044,70.988,0.251,0.251,3089076,234172,167712,4456168,8687.069,1462.895,0,589.974,0,32.107,3390,2433,2.150,1.940,1.240,1,0,111.373,0,0,14,122,1,17,0
19-02 00:01:39,22.479,2.248,74.929,0,0,3133164,190084,167712,4456168,10411.137,3480.702,0,519.508,0,29.972,1913,1267,2.150,1.940,1.240,0,0,0,0,0,14,123,1,17,0
19-02 00:01:40,21.251,4.500,72.754,0.750,0,3135272,187844,167712,4456308,11896.711,6004.359,44.003,2104.126,5.000,133.008,3637,4751,2.150,1.940,1.240,1,0,1.000,0,0,14,123,1,17,0
19-02 00:01:41,21.463,3.494,72.375,0.998,0,3137808,184820,167716,4456792,6854.145,3438.053,7.986,650.874,1.997,70.877,3640,4845,2.150,1.940,1.240,1,0,0,0,0,14,123,1,17,0
19-02 00:01:42,28.497,6.749,63.244,0.500,0,3167312,155124,167720,4456948,9815.039,2833.723,0,871.915,0,93.991,4351,5031,1.980,1.910,1.240,2,0,3.000,0,0,14,122,1,18,0
19-02 00:01:43,37.236,15.994,44.983,0.750,0,3190956,131468,167720,4456960,8148.922,1511.429,0,2806.940,0,154.941,4121,2846,1.980,1.910,1.240,2,0,95.964,0,0,14,122,1,18,0
19-02 00:01:44,40.756,6.501,51.258,0.250,0,3241420,147168,167720,4392884,10814.719,3783.601,176.028,3596.572,1.000,369.059,2960,1463,1.980,1.910,1.240,2,0,0,0,0,14,123,1,18,0
19-02 00:01:45,24.477,7.493,67.438,0,0,3193940,194628,167720,4392904,27441.630,21730.910,0,1190.899,0,59.945,3088,2201,1.980,1.910,1.240,2,0,54.949,0,0,14,122,1,19,0
19-02 00:01:46,21.012,4.753,73.543,0,0,3247608,140952,167720,4392912,8278.896,1566.927,8.005,68.040,2.001,8.005,2062,1631,1.980,1.910,1.240,1,0,0,0,0,14,122,1,19,0
19-02 00:01:47,19.981,1.998,76.927,0.250,0,3268376,120048,167720,4393048,14218.454,7231.111,7.992,243.768,1.998,26.974,2127,1803,1.900,1.890,1.240,5,0,0.999,0,0,14,123,1,19,0
19-02 00:01:48,18.274,7.760,72.345,0.250,0,3198756,189636,167720,4393080,23895.258,18307.949,0,628.823,0,50.065,3032,2696,1.900,1.890,1.240,1,0,52.068,0,0,14,122,1,20,0
19-02 00:01:49,19.496,2.499,76.734,0,0,3253148,135244,167720,4393080,6807.618,3888.211,0,175.964,0,10.998,1636,1264,1.900,1.890,1.240,1,0,0,0,0,14,123,1,20,0
19-02 00:01:50,20.738,3.248,74.207,0.500,0,3257648,130708,167720,4393116,13602.071,5756.644,0,715.583,0,68.960,2963,3218,1.900,1.890,1.240,2,0,0.999,0,0,14,123,1,20,0
19-02 00:01:51,15.758,11.756,71.037,0.250,0,3248524,139812,167720,4393136,10688.493,2607.340,0,488.251,0,47.024,3368,2726,1.900,1.890,1.240,2,0,82.042,0,0,14,122,1,21,0
19-02 00:01:52,21.752,3.750,73.508,0.250,0,3255528,195220,167720,4331704,11510.253,3054.333,8.001,332.036,2.000,24.003,2038,1497,1.830,1.880,1.230,3,0,0,0,0,14,123,1,21,0
19-02 00:01:53,19.263,3.502,77.304,0.250,0,3202584,248144,167720,4331724,31112.624,22603.710,0,1569.091,0,45.031,2273,1792,1.830,1.880,1.230,1,0,20.014,0,0,14,122,1,22,0
19-02 00:01:54,18.739,7.995,71.957,0,0,3257744,192984,167720,4331724,9619.219,1511.092,0,0,0,0,2337,1680,1.830,1.880,1.230,1,0,34.979,0,0,14,122,1,22,0
19-02 00:01:55,19.502,1.750,78.258,0,0,3278616,172108,167720,4331728,13369.395,7184.750,0,64.007,0,4.000,1828,1308,1.830,1.880,1.230,2,0,0,0,0,14,123,1,22,0
19-02 00:01:56,21.244,4.499,70.480,1.999,0,3277692,172948,167720,4331812,5951.307,2398.318,7.998,2435.307,1.999,283.919,4564,6454,1.830,1.880,1.230,2,0,1.000,0,0,14,124,1,22,0
19-02 00:01:57,29.251,5.000,61.752,1.250,0,3278072,172444,167724,4331932,40491.506,2806.104,32.001,1572.058,2.000,185.007,5570,7552,1.760,1.860,1.230,1,0,0,0,0,14,123,1,24,0
19-02 00:01:58,17.752,9.001,71.756,0.250,0,3273640,176876,167724,4331932,43694.781,1512.131,0,968.084,0,55.005,2840,2158,1.760,1.860,1.230,1,0,53.005,0,0,14,123,1,24,0
19-02 00:01:59,18.993,2.999,77.973,0,0,3308584,141920,167724,4331944,13699.220,7253.469,0,523.817,0,30.989,1849,1398,1.760,1.860,1.230,1,0,0,0,0,14,124,1,24,0
19-02 00:02:00,20.000,3.750,74.249,1.250,0,3305604,144736,167724,4332108,12662.791,5838.904,31.999,2491.959,2.000,145.998,2588,2378,1.760,1.860,1.230,1,0,7.000,0,0,14,124,1,24,0
19-02 00:02:01,23.003,6.751,67.008,1.000,0,3304716,145576,167728,4332152,6813.763,1512.169,0,1144.128,0,130.015,5478,7807,1.760,1.860,1.230,1,0,0,0,0,14,124,1,23,0
19-02 00:02:02,21.244,7.748,68.482,0.750,0.250,3303436,146836,167728,4332172,8201.800,1511.595,0,735.803,0,81.978,5055,6902,1.700,1.850,1.230,2,0,1.000,0,0,14,124,1,23,0
19-02 00:02:03,33.688,8.734,53.402,1.497,0,3265392,184836,167728,4332216,7894.469,2385.609,0,3868.879,0,263.515,7607,10766,1.700,1.850,1.230,3,0,41.923,0,0,14,125,1,24,0
19-02 00:02:04,20.349,7.285,71.849,0,0,3274148,176064,167728,4332232,5749.961,1573.652,0,430.091,0,22.108,2377,1935,1.700,1.850,1.230,1,0,29.142,0,0,14,125,1,24,0
19-02 00:02:05,19.450,1.745,77.051,0.499,0.249,3300716,149488,167728,4332240,12514.684,7219.358,0,2102.571,0,223.423,1943,1364,1.700,1.850,1.230,1,0,0,0,0,14,126,1,24,0
19-02 00:02:06,20.998,3.500,72.992,0.750,0,3302408,147752,167728,4332284,12671.540,5238.396,0,2387.725,0,192.978,3658,4585,1.700,1.850,1.230,1,0,2.000,0,0,14,125,1,24,1
19-02 00:02:07,14.749,14.749,68.993,0.500,0,3252348,197796,167728,4332300,7465.274,1589.845,0,487.953,0,31.997,3797,2801,1.640,1.840,1.230,1,0,146.986,0,0,14,125,1,25,0
19-02 00:02:08,22.248,3.000,73.243,0.250,0,3293460,156684,167728,4332300,8352.196,1565.849,0,407.961,0,24.998,1889,1308,1.640,1.840,1.230,1,0,0,0,0,14,125,1,25,0
19-02 00:02:09,25.004,3.751,69.512,0.500,0,3295112,155008,167728,4332324,16090.802,9491.653,0,2344.408,0,157.027,3309,3363,1.640,1.840,1.230,0,0,0,0,0,14,126,1,23,0
19-02 00:02:10,19.741,1.499,77.213,0,0.250,3295108,155008,167728,4332328,13890.432,5278.504,0,91.957,0,12.994,2531,2280,1.640,1.840,1.230,1,0,1.000,0,0,14,126,1,23,0
19-02 00:02:11,27.769,6.254,63.793,0.751,0,3296068,154000,167732,4332372,6170.191,1513.028,0,1040.707,0,121.082,6176,8859,1.640,1.840,1.230,1,0,0,0,0,14,126,1,23,0
19-02 00:02:12,29.746,9.999,58.243,0.250,0,3300348,149400,167808,4332600,5028.401,1511.820,107.987,771.908,8.999,61.993,7621,10841,1.590,1.820,1.230,1,0,3.000,0,0,14,126,1,23,0
19-02 00:02:13,35.975,16.239,44.469,0.749,0,3226172,223496,167808,4332664,10282.904,3163.817,0,1179.186,0,120.917,8646,10809,1.590,1.820,1.230,3,0,150.896,0,0,14,125,1,24,0
19-02 00:02:14,30.707,17.476,49.431,0.250,0,3247924,201684,167808,4332708,8932.615,1959.283,0,1110.460,0,92.871,5925,6501,1.590,1.820,1.230,1,0,134.813,0,0,14,125,1,24,0
19-02 00:02:15,24.978,2.997,71.187,0.500,0,3296296,153312,167808,4332708,6735.069,1814.402,0,455.599,0,29.974,2099,1495,1.590,1.820,1.230,2,0,0,0,0,14,125,1,24,0
19-02 00:02:16,17.807,3.511,78.250,0,0.251,3259492,190104,167808,4332720,15666.974,8870.294,0,409.306,0,25.080,2332,1821,1.590,1.820,1.230,1,0,18.058,0,0,14,125,1,25,0
19-02 00:02:17,8.493,19.734,68.443,0,0.250,3264252,185328,167808,4332736,8042.291,1456.785,0,399.667,0,19.983,4564,2921,1.550,1.810,1.230,1,0,196.836,0,0,14,125,1,25,0
19-02 00:02:18,10.246,20.242,66.972,0.500,0.500,3256220,193336,167808,4332764,8631.401,1511.370,0,583.757,0,48.980,4908,3629,1.550,1.810,1.230,3,0,193.919,0,0,14,125,1,25,0
19-02 00:02:19,9.494,19.987,67.457,0,0.500,3245112,204428,167808,4332780,8541.594,1580.999,0,339.785,0,21.986,4582,2908,1.550,1.810,1.230,3,0,172.891,0,0,14,125,1,25,0
19-02 00:02:20,16.981,16.731,64.428,0,0,3241256,208280,167808,4332896,6706.531,1510.318,0,363.595,0,19.978,4471,4559,1.550,1.810,1.230,1,0,123.862,0,0,14,125,1,25,0
19-02 00:02:21,24.565,17.547,55.648,0.501,0,3243844,205680,167808,4332800,10282.301,1461.882,0,3032.051,0,320.852,4931,4909,1.550,1.810,1.230,2,0,127.338,0,0,14,125,1,16,0
19-02 00:02:22,31.514,21.760,44.520,1.000,0.250,3308752,140752,167808,4332820,6529.952,1566.708,0,4181.890,0,199.090,5429,3728,1.580,1.810,1.230,3,0,200.090,0,0,14,125,1,16,0
19-02 00:02:23,29.486,23.489,44.479,0.750,0,3322092,191276,167624,4270764,5970.234,1511.300,235.891,491.772,10.995,30.986,5818,5037,1.580,1.810,1.230,2,0,210.902,0,0,14,131,0,16,0
19-02 00:02:24,12.478,22.460,63.138,0,0,3324864,188140,167624,4271128,8385.081,1545.251,0,814.551,0,34.938,5151,4494,1.580,1.810,1.230,3,0,189.663,0,0,14,131,0,16,0
19-02 00:02:25,39.742,22.745,35.743,0.500,0,3407468,167684,167628,4213272,6795.576,1511.683,0,815.829,0,65.986,8292,15474,1.580,1.810,1.230,6,0,219.954,0,0,14,137,0,14,0
19-02 00:02:26,37.287,19.019,41.792,0,0.250,3428220,146896,167628,4211040,8861.861,1567.567,16.016,572.572,4.004,80.080,5895,9495,1.580,1.810,1.230,5,0,160.160,0,0,16,137,0,15,0
19-02 00:02:27,54.006,25.253,20.002,0,0,3508976,189700,167628,4090540,43545.068,1528.178,92.011,424.049,6.001,12.001,5542,3252,1.780,1.850,1.250,3,0,244.028,0,0,16,137,0,15,0
19-02 00:02:28,53.679,24.582,21.070,0.251,0,3596288,162552,167628,4031844,40459.548,1462.865,8.027,240.801,2.007,28.093,5942,4391,1.780,1.850,1.250,4,0,289.964,0,0,16,149,0,15,0
19-02 00:02:29,29.177,21.945,46.882,0.249,0,3619200,137828,167628,4034164,10339.031,1562.076,3.990,498.747,0.997,32.917,7879,10838,1.780,1.850,1.250,1,0,283.288,0,0,16,153,0,15,0
19-02 00:02:30,22.999,11.499,63.747,0,0,3620740,136268,167628,4033704,8864.597,1511.931,0,151.993,0,11.999,3938,4864,1.780,1.850,1.250,2,0,72.997,0,0,16,153,0,15,0
19-02 00:02:31,29.759,22.006,45.763,0,0.750,3648012,160408,167316,3983188,10120.936,1458.423,8.002,272.079,2.001,18.005,5335,3511,1.780,1.850,1.250,2,0,182.053,0,0,16,153,0,15,0
19-02 00:02:32,38.247,21.749,39.497,0,0,3705096,143128,167240,3943692,6418.563,1511.897,4.000,231.984,1.000,10.999,6106,3392,1.790,1.850,1.250,2,0,239.984,0,0,16,153,0,15,0
19-02 00:02:33,13.493,21.240,61.720,0.750,0,3723756,124392,167248,3943760,9003.651,1565.244,7.996,567.726,1.999,52.974,5381,4245,1.790,1.850,1.250,1,0,231.888,0,0,17,159,0,14,0
19-02 00:02:34,10.252,19.504,67.764,0,0.250,3717108,176624,167248,3898472,10044.077,1548.320,0,1960.405,0,17.004,4597,3081,1.790,1.850,1.250,2,0,192.040,0,0,17,159,0,14,0
19-02 00:02:35,10.002,20.004,67.263,0.250,0.250,3724880,168832,167248,3898492,6489.288,1458.289,8.002,356.071,2.000,24.005,4654,3189,1.790,1.850,1.250,1,0,171.034,0,0,17,159,0,14,0
19-02 00:02:36,18.737,17.488,62.208,0,0.500,3719640,174060,167248,3898504,5392.349,1510.977,3.997,9065.863,0.999,742.497,5238,5411,1.790,1.850,1.250,1,0,128.913,0,0,17,159,0,14,0
19-02 00:02:37,24.271,17.765,56.798,0,0,3747708,145988,167248,3898512,8297.083,1567.338,0,0,0,0,5160,5435,1.730,1.840,1.250,2,0,138.118,0,0,17,159,0,12,0
19-02 00:02:38,30.672,23.191,44.387,0,0,3793760,154324,167248,3844776,6716.877,1454.293,3.990,139.644,0.997,6.982,5194,3217,1.730,1.840,1.250,2,0,207.471,0,0,17,163,0,12,0
19-02 00:02:39,37.997,24.998,35.497,0.250,0,3888360,156760,167132,3749388,10271.109,1511.869,11.999,431.963,3.000,41.996,6744,6937,1.730,1.840,1.250,5,1,211.982,0,0,17,187,0,12,0
19-02 00:02:40,15.566,22.847,59.503,0.251,0,3909568,135304,167132,3750216,7547.120,1518.462,132.564,586.496,2.009,45.192,6410,6897,1.730,1.840,1.250,1,0,245.043,0,0,17,191,0,12,0
19-02 00:02:41,22.829,11.166,65.013,0,0,3899672,145192,167132,3749772,8417.982,1500.765,3.970,95.287,0.993,6.948,4104,4712,1.730,1.840,1.250,3,0,73.450,0,0,17,191,0,12,0
19-02 00:02:42,29.647,23.114,44.470,0.251,0.502,3927156,171576,167132,3697348,7019.730,1535.597,32.159,466.307,2.010,14.070,5311,3569,1.750,1.840,1.250,2,0,199.989,0,0,17,191,0,12,0
19-02 00:02:43,30.538,26.032,42.303,0.250,0,3986160,166040,167132,3645160,5762.182,1513.887,8.010,400.499,2.002,21.026,5444,3539,1.750,1.840,1.250,3,0,244.305,0,0,17,191,0,12,0
19-02 00:02:44,25.936,25.687,46.386,0.249,0,4037120,140140,167140,3620704,8350.494,1651.943,31.922,311.236,4.988,26.934,7592,8637,1.750,1.840,1.250,1,0,309.241,0,0,17,197,0,12,0
19-02 00:02:45,11.268,22.035,64.353,0,0,4043352,133872,167140,3620740,8653.916,1460.348,4.006,568.915,1.002,41.066,5404,4250,1.750,1.840,1.250,1,0,225.362,0,0,17,197,0,12,0
19-02 00:02:46,9.001,18.753,68.760,0.250,0.250,4050356,126836,167140,3620756,5330.761,1458.208,0,216.031,0,12.002,4728,3365,1.750,1.840,1.250,2,0,199.028,0,0,17,197,0,10,0
19-02 00:02:47,9.996,20.742,66.226,0,0.500,4053384,123788,167140,3620776,9029.678,1565.424,3.999,431.841,1.000,28.989,5038,3634,1.690,1.830,1.250,1,0,187.931,0,0,17,197,0,10,0
19-02 00:02:48,10.747,19.995,64.984,0.250,0.500,4053592,123504,167140,3620852,7457.163,1511.628,0,587.855,0,42.989,5132,3962,1.690,1.830,1.250,1,0,177.956,0,0,17,197,0,10,0
19-02 00:02:49,25.444,18.958,53.631,0,0,4044052,171260,167140,3583876,8927.207,1454.775,7.982,331.266,1.996,29.934,5706,7063,1.690,1.830,1.250,1,0,154.657,0,0,17,203,0,10,0
19-02 00:02:50,28.201,16.721,53.406,0,0.250,4074880,140420,167140,3583428,7179.408,1551.279,0,994.256,0,11.979,4499,3260,1.690,1.830,1.250,2,0,116.795,0,0,17,203,0,9,0
19-02 00:02:51,44.980,7.790,46.739,0.251,0,4168028,134988,167140,3497668,5490.131,1519.787,0,144.742,0,8.041,3169,1918,1.690,1.830,1.250,2,0,1.005,0,0,17,203,0,9,0
19-02 00:02:52,44.479,7.996,45.979,0.250,0,4261300,156800,167140,3385344,9115.763,1553.278,43.980,119.944,3.998,10.995,3287,1733,1.720,1.830,1.260,3,0,2.999,0,0,17,203,0,9,0
19-02 00:02:53,34.492,5.499,58.486,0.750,0,4313748,123024,167148,3367384,7097.284,1457.648,175.957,115.972,5.999,2.999,3353,2722,1.720,1.830,1.260,4,0,5.999,0,0,17,209,0,10,0
19-02 00:02:54,30.003,21.502,46.505,0.250,0,4230908,204428,167152,3368816,5197.545,1566.164,88.009,148.016,5.001,9.001,6935,7608,1.720,1.830,1.260,3,0,303.032,0,0,17,209,0,8,0
19-02 00:02:55,36.597,32.586,28.325,1.253,0.251,4305764,164672,167156,3333996,10770.571,3913.381,1355.596,1126.990,28.074,47.125,6655,6111,1.720,1.830,1.260,4,0,364.968,0,0,17,216,0,8,0
19-02 00:02:56,38.653,27.182,32.668,0.998,0,4327332,141904,167164,3335296,10976.512,7750.591,151.620,458.851,3.990,21.945,6336,5536,1.720,1.830,1.260,3,0,267.331,0,0,17,217,0,9,0
19-02 00:02:57,43.396,22.074,33.613,0,0,4287296,181428,167164,3336140,43263.245,1517.093,0,8452.377,0,925.106,6528,6228,2.220,1.930,1.290,5,0,195.657,0,0,17,217,0,9,0
19-02 00:02:58,53.545,18.180,26.648,0.249,0,4366480,133928,167164,3304884,47113.215,7264.126,51.801,422.379,4.981,23.908,5489,5637,2.220,1.930,1.290,5,0,126.515,0,0,17,218,0,7,0
19-02 00:02:59,66.234,13.799,18.315,1.505,0,4449380,142936,167168,3215276,10016.387,6678.595,1172.141,465.645,24.085,32.113,5222,4618,2.220,1.930,1.290,2,1,56.199,0,0,17,220,0,8,0
19-02 00:03:00,60.785,13.951,13.951,10.214,0,4472184,139108,167204,3196720,8147.205,1452.865,4456.250,6277.812,186.341,21.923,5193,4241,2.220,1.930,1.290,1,2,30.891,0,0,17,224,0,8,0
19-02 00:03:01,60.411,14.229,23.216,1.498,0,4507216,148796,167276,3152672,16641.349,9750.557,1977.071,1138.314,127.811,39.941,6165,7289,2.220,1.930,1.290,4,0,82.877,0,0,17,225,0,13,0
19-02 00:03:02,35.171,28.685,33.924,0.998,0,4466872,214952,167280,3126872,11870.307,4220.509,183.587,1289.101,10.975,87.803,6718,6523,2.200,1.930,1.300,3,0,264.405,0,0,17,223,0,14,0
19-02 00:03:03,42.563,26.039,29.794,0,0,4520400,159588,167280,3128728,6869.213,1460.171,0,588.876,0,39.058,6393,5838,2.200,1.930,1.300,2,0,245.365,0,0,17,223,0,14,0
19-02 00:03:04,36.583,20.905,41.809,0,0,4545264,133992,167280,3129804,19284.979,11583.132,0,418.092,0,24.886,6310,7377,2.200,1.930,1.300,9,0,196.105,0,0,17,224,0,14,0
19-02 00:03:05,54.185,22.934,22.682,0,0,4515312,183644,167284,3110180,7790.501,2390.176,8.065,1133.090,2.016,26.210,5841,6032,2.200,1.930,1.300,3,0,220.771,0,0,17,223,0,15,0
19-02 00:03:06,55.628,25.809,17.791,0,0,4596776,141828,167288,3072144,10741.762,7254.724,0,308.712,0,19.044,6396,6583,2.200,1.930,1.300,4,0,464.070,0,0,17,224,0,14,0
19-02 00:03:07,56.688,19.229,19.978,2.747,0,4600288,178664,167296,3033312,9641.536,6641.791,1302.586,867.059,70.923,44.951,7394,9510,2.270,1.950,1.310,7,0,228.752,0,0,17,225,0,15,0
19-02 00:03:08,65.077,25.781,8.760,0.501,0,4688000,159912,167296,2965508,8897.561,1567.861,368.437,2895.437,17.020,171.203,8097,12447,2.270,1.950,1.310,4,0,432.513,0,0,17,227,0,17,0
19-02 00:03:09,56.450,23.521,15.598,2.971,0,4738892,145420,167300,2930608,16425.946,9617.289,1224.073,693.245,46.546,46.546,12402,27526,2.270,1.950,1.310,19,0,322.854,0,0,17,236,0,18,0
19-02 00:03:10,47.603,18.386,34.254,0.252,0,4744196,139908,167300,2930476,14122.750,4465.118,8.060,467.467,1.007,41.306,5932,5527,2.270,1.950,1.310,3,0,187.390,0,0,17,235,0,18,0
19-02 00:03:11,64.206,10.743,23.734,0,0,4889148,112732,167300,2815688,14875.770,8819.934,251.827,667.541,3.997,32.977,4602,2862,2.270,1.950,1.310,5,0,2.998,0,0,17,241,0,18,0
19-02 00:03:12,58.794,9.965,26.656,3.488,0,4865676,203576,167316,2749516,19171.689,11704.905,1247.620,853.005,97.657,31.888,6253,7088,2.240,1.950,1.310,3,0,8.969,0,0,17,244,0,22,0
19-02 00:03:13,63.165,11.781,22.308,1.755,0,4970708,131364,167340,2717124,11180.292,5804.207,930.438,938.459,33.087,79.208,6654,7538,2.240,1.950,1.310,4,0,11.029,0,0,17,250,0,24,0
19-02 00:03:14,43.598,25.056,29.065,1.754,0,4931220,170080,167492,2717656,14851.257,10651.853,1318.954,2227.989,25.056,76.171,7227,7249,2.240,1.950,1.310,5,1,384.862,0,0,17,249,0,24,0
19-02 00:03:15,52.207,27.477,17.735,1.249,0,4958076,139640,167608,2721080,4999.851,1456.791,4224.495,1206.998,65.945,57.952,7194,7776,2.240,1.950,1.310,3,0,398.669,0,0,17,253,0,25,0
19-02 00:03:16,58.371,19.207,21.951,0,0,4949696,147424,167608,2722096,16041.478,9362.269,830.162,3743.710,22.949,195.567,7259,10065,2.240,1.950,1.310,2,0,181.598,0,0,17,255,0,25,0
19-02 00:03:17,69.318,18.083,9.795,2.009,0,4949468,147128,167612,2722612,12107.576,4702.586,948.353,11950.856,42.194,801.680,6820,5361,2.540,2.020,1.340,3,1,167.770,0,0,18,257,0,26,0
19-02 00:03:18,71.003,12.501,5.500,11.501,0,5053376,132320,166552,2635828,11360.556,3849.188,3132.153,2852.139,168.008,361.018,5670,3915,2.540,2.020,1.340,5,0,15.001,0,0,18,260,0,25,0
19-02 00:03:19,76.701,10.459,9.214,2.988,0,5071412,211476,166572,2540360,16968.900,10057.821,1398.552,968.228,48.810,70.725,5690,4233,2.540,2.020,1.340,6,0,16.934,0,0,18,261,0,26,0
19-02 00:03:20,63.445,15.986,19.233,0.500,0,5161480,154988,166592,2507608,9159.098,1996.278,623.462,951.179,13.988,68.941,6507,7640,2.540,2.020,1.340,3,0,220.810,0,0,18,265,0,27,0
19-02 00:03:21,35.028,7.256,55.794,0,0,5171188,145440,166600,2507596,22232.704,13465.723,520.414,9291.399,6.005,63.050,3855,3133,2.540,2.020,1.340,1,0,6.005,0,0,18,267,0,27,0
19-02 00:03:22,48.014,10.503,41.262,0.250,0,5156056,147908,166600,2520244,14115639.520,77613.645,304.089,496.145,5.001,34.010,8462,4702,2.740,2.070,1.360,6,0,9.003,0,0,18,268,0,28,0
19-02 00:03:23,46.509,25.005,26.005,0.750,0.250,5168576,156704,166604,2499456,2480877.698,16271.225,3048.604,560.111,33.007,39.008,6472,4527,2.740,2.070,1.360,4,0,258.051,0,0,18,270,0,28,0
19-02 00:03:24,40.736,11.496,46.984,0.250,0,5127452,230988,166604,2467120,14493.166,6829.722,275.908,543.819,3.999,53.982,4358,3576,2.740,2.070,1.360,1,0,45.985,0,0,18,269,0,29,0
19-02 00:03:25,16.465,1.996,80.082,0,0.249,5140416,218016,166604,2467128,17430.432,10643.670,0,335.297,0,17.962,2128,1960,2.740,2.070,1.360,1,0,0,0,0,18,275,0,30,0
19-02 00:03:26,33.311,7.514,54.850,2.004,0,5140848,217300,166604,2467416,8833.096,1514.760,216.394,4760.675,12.022,42.077,5553,13301,2.740,2.070,1.360,1,0,36.066,0,0,18,275,0,31,0
19-02 00:03:27,10.500,2.750,83.498,0.500,0,5144680,212988,166604,2467896,443460.117,16393035.665,431.990,559.988,25.999,52.999,3977,3466,2.520,2.030,1.350,0,0,1.000,0,0,18,273,0,31,0
19-02 00:03:28,2.000,0.750,90.753,4.250,0,5144688,212988,166604,2467900,46045.533,1458.049,0,6380.212,0,730.024,1908,1953,2.520,2.030,1.350,0,0,0,0,0,18,273,0,31,0
19-02 00:03:29,2.000,1.000,94.756,1.000,0,5144668,212988,166604,2467920,6442.425,1458.096,0,1576.104,0,100.007,1558,2437,2.520,2.030,1.350,1,0,0,0,0,18,273,0,31,0
19-02 00:03:30,18.998,2.750,75.990,0.250,0.250,5150992,206644,166604,2467940,7576638.355,31965.829,3.999,315.959,1.000,30.996,4935,4264,2.520,2.030,1.350,1,0,3.000,0,0,18,282,0,31,0
19-02 00:03:31,25.246,3.499,68.739,0.250,0,5151176,206392,166612,2468000,7951.693,1457.760,15.997,1015.833,1.000,41.993,4577,5202,2.520,2.030,1.350,1,0,1.000,0,0,18,282,0,31,0
19-02 00:03:32,18.755,14.254,62.017,2.751,0.250,5071520,269840,166612,2484176,8973366.695,82680.065,64.017,18953.058,4.001,191.051,7262,5164,2.400,2.020,1.350,2,0,84.022,0,0,18,279,0,34,0
19-02 00:03:33,9.953,21.150,64.942,0.746,0,5073372,267908,166612,2484256,8695.699,1451.108,11.943,577.258,0.995,38.816,5425,4403,2.400,2.020,1.350,1,0,238.865,0,0,18,279,0,34,0
19-02 00:03:34,18.073,13.052,67.270,0.251,0,5105240,236024,166612,2484272,8838.506,1463.881,0,457.839,0,42.169,3865,3278,2.400,2.020,1.350,1,0,143.577,0,0,18,279,0,34,0
19-02 00:03:35,24.758,2.251,71.773,0,0,5148824,192440,166612,2484272,6198.989,1458.468,0,220.071,0,16.005,2195,1600,2.400,2.020,1.350,5,0,0,0,0,18,279,0,34,0
19-02 00:03:36,9.750,18.250,69.251,0.250,0.500,5113664,227576,166612,2484296,8625.129,1458.022,0,916.014,0,53.001,4999,3773,2.400,2.020,1.350,1,0,195.003,0,0,18,279,0,34,0
19-02 00:03:37,9.003,19.756,68.770,0.250,0.750,5104760,236460,166612,2484316,7712.291,1458.433,0,116.034,0,10.003,4820,3489,2.290,2,1.340,1,0,196.058,0,0,18,279,0,34,0
19-02 00:03:38,8.748,18.496,67.234,2.249,0,5086812,254364,166612,2484360,5298.766,1457.661,15.996,3.999,1.000,1.000,4562,3280,2.290,2,1.340,2,0,189.956,0,0,18,279,0,34,0
19-02 00:03:39,6.000,9.250,81.501,0.250,0.500,5086956,254196,166612,2484384,8019.138,1500.026,16.000,228.004,1.000,33.001,3292,3178,2.290,2,1.340,0,0,90.002,0,0,18,283,0,34,0
19-02 00:03:40,13.004,5.252,80.774,0,0,5116876,224232,166612,2484428,7943.397,1458.440,0,212.064,0,16.005,2085,2086,2.290,2,1.340,1,0,10.003,0,0,18,283,0,34,0
19-02 00:03:41,20.494,2.749,75.729,0.250,0,5156492,184548,166612,2484480,11967.683,7050.046,47.987,223.938,1.999,23.993,2336,2217,2.290,2,1.340,0,0,0,0,0,18,284,0,34,0
19-02 00:03:42,20.500,7.000,71.751,0.250,0,5141884,199096,166612,2484540,14065.129,4936.045,32.000,224.002,2.000,23.000,3494,2963,2.100,1.970,1.340,1,0,64.001,0,0,18,289,0,35,0
19-02 00:03:43,11.503,16.754,68.017,0.500,0.500,5116336,224576,166616,2484588,7799.972,1458.369,12.003,248.063,3.001,20.005,4502,3318,2.100,1.970,1.340,1,0,116.029,0,0,18,289,0,35,0
19-02 00:03:44,13.494,15.494,67.972,0,0.500,5093244,247480,166616,2484776,8154.660,1457.403,3.998,115.953,1.000,10.995,4431,3111,2.100,1.970,1.340,2,0,101.958,0,0,18,289,0,35,0
19-02 00:03:45,12.502,16.503,68.011,0.250,0.500,5095392,245276,166620,2484812,4750.748,1458.230,4.001,56.009,1.000,4.001,4447,3331,2.100,1.970,1.340,1,0,112.018,0,0,18,289,0,35,0
19-02 00:03:46,11.749,16.249,68.995,0,0.500,5094632,245964,166620,2484868,4814.664,1457.898,0,0,0,0,4290,2992,2.100,1.970,1.340,3,0,100.993,0,0,18,289,0,35,0
19-02 00:03:47,14.757,14.507,68.283,0.250,0.250,5100876,239688,166620,2484900,8222.924,1458.696,4.002,8.004,1.000,1.000,4029,2891,2.100,1.970,1.340,1,0,107.051,0,0,18,289,0,35,0
19-02 00:03:48,24.244,3.749,70.733,0.250,0.250,5149428,191132,166620,2484904,8144.987,1457.640,0,883.782,0,37.991,2709,2631,2.100,1.970,1.340,3,0,2.999,0,0,18,289,0,35,0
19-02 00:03:49,24.219,2.996,70.908,0.749,0,5212876,127404,166620,2485184,8345.154,1456.107,291.621,191.751,5.992,19.974,2558,2378,2.100,1.970,1.340,1,0,1.997,0,0,18,289,0,35,0
19-02 00:03:50,25.029,3.004,70.833,0.751,0,5103572,236532,166620,2485360,8153.523,1501.754,144.168,344.402,8.009,38.044,2899,2742,2.100,1.970,1.340,1,0,8.009,0,0,18,289,0,35,0
19-02 00:03:51,24.009,3.251,71.777,0.250,0,5164208,175808,166620,2485448,8024.046,1500.570,72.027,316.120,6.002,26.010,2414,2177,2.100,1.970,1.340,1,0,0,0,0,18,289,0,35,0
19-02 00:03:52,22.237,3.998,72.458,0,0,5213728,126280,166620,2485456,7985.324,3412.002,0,331.806,0,19.988,2466,2113,2.010,1.950,1.340,0,0,2.998,0,0,18,292,0,35,0
19-02 00:03:53,20.759,4.002,72.783,1.501,0,5104488,235424,166624,2485548,10675.861,6670.037,84.038,16467.498,6.003,50.023,2780,2447,2.010,1.950,1.340,1,0,16.007,0,0,18,289,0,36,0
19-02 00:03:54,23.740,3.499,70.471,0.750,0,5148532,191364,166624,2485548,5186.856,1457.398,0,2858.818,0,403.833,2446,2009,2.010,1.950,1.340,3,0,0,0,0,18,289,0,36,0
19-02 00:03:55,22.508,5.252,71.526,0,0,5119512,220104,166624,2485812,9969.593,1512.545,0,92.033,0,10.004,2748,2034,2.010,1.950,1.340,1,0,48.017,0,0,18,289,0,35,0
19-02 00:03:56,9.247,18.994,68.980,0,0.250,5120480,219104,166632,2485836,6665.023,1457.568,391.884,239.929,4.999,4.999,4530,3251,2.010,1.950,1.340,1,0,177.947,0,0,18,289,0,35,0
19-02 00:03:57,10.003,20.256,66.771,0,0.250,5125152,214304,166632,2485964,42699.185,1458.450,24.007,24.007,2.001,3.001,5062,3472,1.930,1.930,1.340,2,0,232.072,0,0,18,289,0,35,0
19-02 00:03:58,16.752,11.752,69.760,0,0.250,5149440,190004,166632,2485976,43117.327,1458.214,0,564.083,0,73.011,3948,3038,1.930,1.930,1.340,1,0,125.018,0,0,18,289,0,35,0
19-02 00:03:59,23.733,3.497,71.199,0.250,0,5185336,154072,166664,2485984,7880.334,1456.952,7.994,219.842,1.999,20.985,2572,2221,1.930,1.930,1.340,1,0,16.988,0,0,18,289,0,33,0
19-02 00:04:00,21.758,4.252,73.778,0.250,0,5194720,143796,166684,2486856,12234.599,3635.367,0,352.132,0,18.007,2553,2137,1.930,1.930,1.340,2,0,23.009,0,0,18,290,0,33,0
19-02 00:04:01,23.499,2.500,71.246,0.750,0,5188024,144848,167160,2491896,5892.645,1631.902,195.988,887.947,3.000,24.998,2485,2247,1.930,1.930,1.340,2,0,3.000,0,0,18,289,0,33,0
19-02 00:04:02,19.253,2.750,77.013,0.250,0,5200140,127960,167500,2496328,11411.973,4465.772,0,476.082,0,16.003,2153,1786,1.770,1.900,1.330,2,0,17.003,0,0,18,290,0,33,0
19-02 00:04:03,25.065,6.768,65.421,0.251,0.251,5197440,129408,167704,2497232,9587.046,1636.275,0,1544.034,0,63.165,11385,20234,1.770,1.900,1.330,1,0,12.031,0,0,18,289,0,33,0
19-02 00:04:04,18.699,3.989,76.291,0,0,5161728,164848,167716,2497492,11673.095,3620.106,51.858,410.877,5.984,11.967,2177,1896,1.770,1.900,1.330,1,0,2.992,0,0,18,290,0,27,0
19-02 00:04:05,23.756,5.501,67.767,0.250,0,5184692,141532,167768,2497792,9760.474,2293.581,124.031,388.098,3.001,15.004,10829,19942,1.770,1.900,1.330,1,0,10.003,0,0,18,290,0,27,0
19-02 00:04:06,21.992,4.748,71.723,0,0.250,5182872,143200,167804,2497892,6265.660,1565.415,0,167.937,0,1.999,2408,1921,1.770,1.900,1.330,1,0,11.996,0,0,18,290,0,27,0
19-02 00:04:07,16.758,10.755,70.533,0.250,0,5147700,188208,167888,2487988,9937.604,1632.756,4.002,628.291,1.000,21.010,3718,2857,1.710,1.890,1.330,2,0,112.052,0,0,18,289,0,27,0
19-02 00:04:08,12.501,17.002,68.757,0,0,5143792,192104,167888,2488000,6639.630,1458.138,0,16.002,0,2.000,3910,3041,1.710,1.890,1.330,1,0,153.015,0,0,18,289,0,25,0
19-02 00:04:09,25.500,3.000,71.001,0.250,0,5178388,157520,167888,2488000,6611.077,1458.017,0,524.006,0,19.000,2475,2215,1.710,1.890,1.330,1,0,0,0,0,18,289,0,25,0
19-02 00:04:10,18.991,2.249,77.212,0,0,5191148,144564,167892,2488192,16650.715,10175.936,0,211.895,0,10.995,2397,2051,1.710,1.890,1.330,0,0,1.000,0,0,18,290,0,26,0
19-02 00:04:11,16.998,11.748,69.741,0.250,0,5162996,172572,167892,2488336,10225.681,3125.597,47.994,227.971,3.000,16.998,3985,3326,1.710,1.890,1.330,1,0,111.986,0,0,18,289,0,28,0
19-02 00:04:12,23.027,4.756,70.583,0.501,0,5168724,166844,167892,2488336,6227.361,1529.808,0,112.133,0,8.009,2508,2089,1.730,1.890,1.330,1,0,0,0,0,18,289,0,24,0
19-02 00:04:13,24.466,4.494,68.904,0,0,5178688,156804,167892,2488412,14399.885,7227.903,15.978,335.531,0.999,26.962,3597,4520,1.730,1.890,1.330,3,0,0,0,0,18,290,0,24,0
19-02 00:04:14,23.263,9.755,65.037,0,0,5133148,202128,167892,2488628,10860.112,4445.502,0,48.027,0,3.002,3947,3575,1.730,1.890,1.330,3,0,71.040,0,0,18,289,0,25,0
19-02 00:04:15,28.249,5.000,65.748,0.250,0,5163060,172140,167892,2488704,8461.694,1457.947,63.998,339.988,4.000,50.998,3252,2923,1.730,1.890,1.330,2,0,2.000,0,0,18,289,0,25,0
19-02 00:04:16,18.746,2.999,77.235,0,0,5178420,156768,167892,2488716,20047.194,14519.243,0,115.978,0,7.998,2512,2256,1.730,1.890,1.330,2,0,0,0,0,18,289,0,18,0
19-02 00:04:17,19.754,8.002,70.765,0,0,5175896,159284,167892,2488724,5535.212,1458.319,0,124.027,0,8.002,2984,2447,1.670,1.870,1.330,1,0,56.012,0,0,18,289,0,18,0
19-02 00:04:18,20.752,3.250,75.009,0.250,0,5191080,177824,167892,2455960,14279.632,7184.821,0,260.030,0,32.004,2671,2699,1.670,1.870,1.330,2,0,2.000,0,0,18,290,0,18,0
19-02 00:04:19,22.498,4.999,71.743,0.250,0,5118332,250412,167892,2456120,11175.833,5982.375,11.999,227.976,1.000,20.998,3173,2761,1.670,1.870,1.330,1,0,31.997,0,0,18,289,0,21,0
19-02 00:04:20,22.258,4.752,71.275,0,0,5155844,212900,167892,2456120,8100.793,1458.503,0,1788.617,0,291.100,2356,1910,1.670,1.870,1.330,1,0,1.000,0,0,18,289,0,18,0
19-02 00:04:21,16.991,2.249,80.206,0,0,5142988,225744,167892,2456132,17310.492,9718.662,0,115.936,0,8.995,2204,1996,1.670,1.870,1.330,2,0,0,0,0,18,291,0,18,0
19-02 00:04:22,17.000,7.750,73.752,0.250,0.250,5116032,252648,167896,2456180,8142.196,4177.101,32.001,324.008,2.000,32.001,3217,3135,1.620,1.860,1.330,1,0,47.001,0,0,18,289,0,19,0
19-02 00:04:23,23.756,3.001,71.768,0,0.500,5167224,201456,167896,2456180,12066.019,1566.392,0,116.029,0,8.002,2242,1696,1.620,1.860,1.330,1,0,0,0,0,18,289,0,19,0
19-02 00:04:24,18.480,2.248,77.915,0.250,0,5169400,199268,167896,2456192,19062.289,11762.220,0,639.305,0,25.972,2578,2488,1.620,1.860,1.330,2,0,0,0,0,18,289,0,21,0
19-02 00:04:25,21.277,6.008,71.092,0,0,5153852,214812,167896,2456196,5986.710,1459.880,0,144.186,0,12.015,2672,2264,1.620,1.860,1.330,2,0,32.041,0,0,18,289,0,21,0
19-02 00:04:26,27.500,6.750,65.000,0,0,5188012,180644,167896,2456204,16372.078,9275.044,0,8.000,0,2.000,3324,9000,1.620,1.860,1.330,0,0,36.000,0,0,18,290,0,22,0
19-02 00:04:27,15.747,7.499,73.986,0.750,0,5154756,213872,167900,2456228,46830.969,4627.108,0,2303.556,0,124.976,3915,3775,1.570,1.850,1.330,1,0,87.983,0,0,18,289,0,23,0
19-02 00:04:28,22.501,5.000,71.503,0.250,0,5176976,191648,167900,2456232,42658.515,1458.052,0,172.006,0,19.001,2534,2136,1.570,1.850,1.330,1,0,0,0,0,18,289,0,19,0
19-02 00:04:29,20.253,2.250,76.512,0.250,0,5188088,180524,167900,2456244,30095.806,23947.824,0,1224.195,0,106.017,2655,2456,1.570,1.850,1.330,3,0,0,0,0,18,290,0,20,0
19-02 00:04:30,21.498,7.249,69.494,0.250,0,5176276,192324,167900,2456260,8526.253,1589.861,0,391.966,0,29.997,3181,2839,1.570,1.850,1.330,3,0,47.996,0,0,18,289,0,21,0
19-02 00:04:31,20.241,2.749,76.715,0,0,5176044,192548,167900,2456268,12535.289,7234.704,0,39.982,0,3.998,2171,1797,1.570,1.850,1.330,2,0,0,0,0,18,290,0,21,0
19-02 00:04:32,21.505,3.251,73.018,0,0,5100900,267384,167900,2456576,10273.501,4670.137,304.074,12.003,18.004,2.000,2709,2227,1.440,1.810,1.320,3,0,14.003,0,0,18,289,0,20,0
19-02 00:04:33,22.744,5.499,70.482,0.250,0,5149088,219192,167900,2456580,7983.906,1457.618,0,307.919,0,31.992,2585,2576,1.440,1.810,1.320,1,0,1.999,0,0,18,289,0,20,0
19-02 00:04:34,19.205,1.995,77.320,0.249,0,5172732,195544,167900,2456584,14739.598,7727.963,0,143.665,0,10.974,2140,1899,1.440,1.810,1.320,0,0,0,0,0,18,290,0,20,0
19-02 00:04:35,23.804,6.014,66.651,1.754,0,5169180,196956,167900,2458724,6185.035,1738.946,1940.403,1118.538,77.175,146.332,5257,7291,1.440,1.810,1.320,2,0,1.002,0,0,18,292,0,20,0
19-02 00:04:36,23.760,5.502,68.528,0.500,0,5122684,243420,167900,2458756,9189.721,2765.120,16.006,632.256,1.000,66.027,3057,3157,1.440,1.810,1.320,1,0,5.002,0,0,18,291,0,21,0
19-02 00:04:37,19.985,2.748,75.694,0.250,0,5156932,209164,167900,2458764,9587.959,3846.175,0,407.701,0,39.971,2215,2025,1.410,1.800,1.320,1,0,0,0,0,18,292,0,21,0
19-02 00:04:38,20.247,3.250,74.989,0.750,0,5155768,210320,167900,2458772,17394.429,8683.717,31.995,2675.605,2.000,183.973,3479,3966,1.410,1.800,1.320,2,0,0,0,0,18,292,0,21,0
19-02 00:04:39,24.754,5.501,66.511,1.250,0.250,5154424,211560,167900,2458876,9648.667,2684.464,32.006,2552.441,2.000,122.021,5118,6367,1.410,1.800,1.320,2,0,0,0,0,18,291,0,22,0
19-02 00:04:40,12.255,19.508,65.528,0.250,0,5096104,269832,167904,2458920,4735.057,1458.634,0,440.191,0,32.014,5052,3913,1.410,1.800,1.320,2,0,229.100,0,0,18,291,0,22,0
19-02 00:04:41,10.002,22.504,64.761,0,0.500,5099380,266544,167904,2458932,5324.905,1458.248,0,344.058,0,24.004,5293,3764,1.410,1.800,1.320,1,0,267.045,0,0,18,291,0,22,0
19-02 00:04:42,9.992,22.981,64.197,0.500,0.250,5094580,271332,167904,2458944,8833.653,1456.788,0,1618.654,0,98.918,5496,4230,1.380,1.790,1.310,1,0,260.783,0,0,18,291,0,22,0
19-02 00:04:43,21.324,25.840,50.927,0,0.251,5120620,245164,167904,2459072,7101.709,1571.468,369.285,309.075,3.010,17.059,5572,4010,1.380,1.790,1.310,2,0,268.936,0,0,18,291,0,22,0
19-02 00:04:44,29.429,25.688,42.397,0,0,5122160,243608,167904,2459092,10822.711,1454.467,510.759,223.457,3.990,10.973,5739,3993,1.380,1.790,1.310,4,0,290.295,0,0,18,291,0,21,0
19-02 00:04:45,17.988,24.234,55.462,0.250,0,5130700,235044,167904,2459116,4747.789,1457.015,255.827,523.646,1.999,33.977,5732,4460,1.380,1.790,1.310,2,0,277.812,0,0,18,291,0,21,0
19-02 00:04:46,8.754,23.260,65.278,0,0.500,5130144,235584,167904,2459132,8230.592,1512.660,0,92.040,0,11.005,5224,3649,1.380,1.790,1.310,1,0,258.113,0,0,18,291,0,21,0
19-02 00:04:47,9.002,22.255,65.766,0,0.250,5127376,238340,167904,2459144,6520.543,1458.345,0,20.005,0,5.001,5283,3674,1.430,1.790,1.320,1,0,264.063,0,0,18,291,0,21,0
19-02 00:04:48,11.489,22.230,63.442,0.500,0.250,5113716,251972,167904,2459172,4814.564,1456.658,0,695.359,0,56.948,5533,4528,1.430,1.790,1.320,2,0,253.766,0,0,18,291,0,21,0
19-02 00:04:49,10.258,22.518,64.051,0.250,0.500,5112836,252812,167904,2459212,8644.860,1459.158,16.013,356.283,1.001,32.025,5446,4386,1.430,1.790,1.320,2,0,241.191,0,0,18,291,0,21,0
19-02 00:04:50,9.237,21.470,65.908,0.250,0,5116156,249476,167904,2459228,8829.664,1497.907,0,371.481,0,16.976,5159,3830,1.430,1.790,1.320,2,0,247.654,0,0,18,291,0,21,0
19-02 00:04:51,10.015,21.533,64.097,1.753,0.250,5087812,277808,167904,2459240,5647.571,1460.216,0,2475.757,0,355.540,5397,3762,1.430,1.790,1.320,1,0,254.386,0,0,18,291,0,21,0
19-02 00:04:52,9.748,22.746,65.238,0.250,0.500,5088548,277056,167904,2459256,10228.112,1457.731,0,571.894,0,35.993,5256,3743,1.390,1.780,1.320,3,0,250.954,0,0,18,291,0,21,0
19-02 00:04:53,9.497,21.243,65.729,0,0,5089028,276564,167904,2459268,7077.724,1457.531,0,15.995,0,3.999,5101,3610,1.390,1.780,1.320,3,0,241.922,0,0,18,291,0,21,0
19-02 00:04:54,15.002,11.252,70.511,1.500,0.500,5103428,261872,167904,2459560,8029.278,1458.232,268.043,16.003,22.004,2.000,3753,2792,1.390,1.780,1.320,2,0,113.018,0,0,18,291,0,21,0
19-02 00:04:55,16.487,11.741,67.699,1.998,0,5114316,326908,167976,2394868,6440.108,1498.861,683.481,411.687,96.926,15.988,2948,2724,1.390,1.780,1.320,1,0,24.981,0,0,18,291,0,21,0
19-02 00:04:56,22.989,4.748,70.465,0.250,0.250,5139104,293224,167988,2403740,4947.570,1565.231,755.629,11.994,78.961,2.999,2576,2248,1.390,1.780,1.320,2,0,2.999,0,0,18,291,0,21,0
19-02 00:04:57,29.795,6.009,63.595,0,0,5151008,278896,167996,2406152,42890.311,1460.189,16.024,152.228,3.005,31.047,4562,5622,1.360,1.760,1.310,1,0,17.026,0,0,18,291,0,20,0
19-02 00:04:58,20.250,3.000,74.249,1.750,0,5147824,281296,167996,2406936,49518.076,7606.858,507.991,3647.932,20.000,37.999,2870,2596,1.360,1.760,1.310,4,0,0,0,0,18,292,0,20,0
19-02 00:04:59,20.238,1.749,74.956,1.749,0,5147304,281296,168032,2407416,20630.963,8688.930,387.774,1243.275,38.977,62.963,2784,3072,1.360,1.760,1.310,2,0,0,0,0,18,292,0,20,0
19-02 00:05:00,18.006,3.251,74.775,2.751,0,5154552,273260,168080,2408208,19608.638,9505.218,352.119,4509.527,37.013,196.066,2517,2281,1.360,1.760,1.310,0,1,7.002,0,0,18,292,0,20,0
19-02 00:05:01,20.490,1.499,74.715,1.749,0,5177764,249068,168088,2409180,15404.754,7064.677,835.607,687.677,37.982,26.987,2163,1838,1.360,1.760,1.310,0,0,0,0,0,18,292,0,20,0
19-02 00:05:02,17.501,1.500,77.004,2.500,0,5177848,248312,168088,2409852,20741.086,9579.502,504.026,1400.073,41.002,60.003,2227,2055,1.250,1.740,1.310,0,0,3.000,0,0,18,292,0,20,0
19-02 00:05:03,22.009,2.251,73.031,2.001,0,5180980,244532,168112,2410476,14143.922,6442.697,472.198,4237.774,33.014,200.084,2926,3217,1.250,1.740,1.310,1,0,2.001,0,0,18,292,0,20,0
19-02 00:05:04,21.747,1.250,74.489,1.000,0,5190252,234744,168128,2410976,14180.883,6265.065,423.937,611.909,24.996,25.996,2189,2031,1.250,1.740,1.310,2,0,0,0,0,18,292,0,20,0
19-02 00:05:05,17.006,1.501,76.527,4.001,0,5191912,216096,168156,2427936,18363.567,7078.531,8559.061,672.240,90.032,21.008,2105,1939,1.250,1.740,1.310,1,0,0,0,0,18,292,0,20,0
19-02 00:05:06,21.496,2.250,71.237,3.749,0,5194564,196692,168200,2444644,6659.756,1457.728,7258.644,447.916,100.981,25.995,2314,2043,1.250,1.740,1.310,1,0,2.999,0,0,18,292,0,20,0
19-02 00:05:07,23.755,3.251,71.516,0.500,0,5197292,180844,169248,2456692,8124.873,1620.374,0,2184.504,0,211.049,2633,2361,1.230,1.720,1.310,1,0,0,0,0,18,292,0,20,0
19-02 00:05:08,24.003,2.500,72.009,0.500,0,5202340,160696,169644,2471304,7680.911,1458.173,0,1384.164,0,38.005,2516,2311,1.230,1.720,1.310,1,0,0,0,0,18,292,0,20,0
19-02 00:05:09,25.224,2.747,71.177,0.499,0,5213600,132468,169936,2487848,8201.572,1456.503,0,911.064,0,40.958,2718,2657,1.230,1.720,1.310,2,0,0,0,0,18,292,0,20,0
19-02 00:05:10,23.272,3.003,71.066,1.001,0,5216772,145440,170516,2471784,7470.918,1715.589,4.004,2366.191,1.001,111.103,2793,2761,1.230,1.720,1.310,1,0,1.001,0,0,18,292,0,20,0
19-02 00:05:11,23.492,2.749,71.475,1.000,0,5211264,137136,171244,2484692,6813.631,1457.493,0,1819.368,0,70.975,2454,2359,1.230,1.720,1.310,0,1,0,0,0,18,292,0,20,0
19-02 00:05:12,23.750,2.750,71.501,0.750,0,5216808,128272,172188,2487556,6281.129,1458.030,0,2028.042,0,75.002,2547,2403,1.210,1.710,1.300,2,0,0,0,0,18,292,0,20,0
19-02 00:05:13,23.763,3.752,71.289,0.500,0,5160132,201056,172296,2471236,12087.634,1794.985,4.002,836.459,1.001,27.015,2544,2226,1.210,1.710,1.300,1,0,2.001,0,0,18,291,0,17,0
19-02 00:05:14,22.554,4.010,72.926,0,0,5175996,185184,172296,2471244,7173.320,1955.722,0,4.010,0,1.002,2406,2072,1.210,1.710,1.300,1,0,33.080,0,0,18,292,0,17,0
19-02 00:05:15,21.755,2.000,75.768,0,0,5169520,185884,172380,2476920,13491.249,3245.782,0,1104.266,0,9.002,2275,2054,1.210,1.710,1.300,1,0,2.000,0,0,18,291,0,17,0
19-02 00:05:16,19.247,2.500,76.990,0,0,5178176,177164,172380,2476964,13625.151,4552.382,0,427.942,0,5.999,2178,1998,1.210,1.710,1.300,1,0,16.998,0,0,18,292,0,17,0
19-02 00:05:17,22.945,5.736,68.835,0.249,0,5170788,178064,172792,2482320,8505.563,1628.088,0,766.159,0,11.971,12085,21772,1.190,1.700,1.300,1,0,13.966,0,0,18,291,0,15,0
19-02 00:05:18,24.246,5.499,67.739,0.250,0,5174012,174564,172812,2482508,8153.655,1457.760,27.995,2375.608,2.000,45.992,9497,16426,1.190,1.700,1.300,2,0,6.999,0,0,18,291,0,15,0
19-02 00:05:19,23.498,5.750,68.994,0,0,5166476,181912,172856,2482604,5316.575,1619.870,0,435.965,0,14.999,6256,9327,1.190,1.700,1.300,1,0,14.999,0,0,18,291,0,15,0
19-02 00:05:20,22.748,4.500,71.242,0.500,0,5138388,221616,172860,2471608,5295.429,1457.843,223.976,211.977,16.998,11.999,2525,2184,1.190,1.700,1.300,1,0,10.999,0,0,18,291,0,15,0
19-02 00:05:21,24.322,4.513,69.706,0,0.251,5107268,252804,172860,2471608,10059.772,1462.328,0,686.030,0,12.036,4986,6389,1.190,1.700,1.300,2,0,45.134,0,0,18,291,0,12,0
19-02 00:05:22,24.433,5.734,67.067,0.249,0,5132424,227632,172860,2471624,6536.179,1615.595,0,394.923,0,24.932,9402,16148,1.180,1.690,1.300,1,0,19.946,0,0,18,291,0,12,0
19-02 00:05:23,20.992,3.249,74.971,0.500,0,5158108,201928,172860,2471644,13937.599,3628.594,15.994,835.676,1.000,132.948,2580,2337,1.180,1.690,1.300,1,0,15.994,0,0,18,292,0,12,0
19-02 00:05:24,24.216,2.996,71.151,0.499,0,5161176,193100,172908,2477356,7865.036,1629.728,0,711.009,0,17.975,2562,2309,1.180,1.690,1.300,1,0,0.999,0,0,18,291,0,12,0
19-02 00:05:25,19.783,3.255,76.127,0,0,5196536,157600,172908,2477492,15233.319,4560.580,0,456.759,0,13.022,2470,2161,1.180,1.690,1.300,2,0,18.030,0,0,18,292,0,8,0
19-02 00:05:26,25.752,6.750,64.254,0.250,0,5201956,146456,173008,2483236,7444.509,1632.112,0,1184.081,0,33.002,13464,25796,1.180,1.690,1.300,3,0,42.003,0,0,18,291,0,8,0
19-02 00:05:27,29.004,7.001,64.258,0,0,5178092,169756,173008,2483000,41285.205,1458.184,0,208.026,0,2.000,4559,12353,1.160,1.670,1.300,1,0,14.002,0,0,18,291,0,9,0
19-02 00:05:28,23.702,6.986,66.865,0,0,5178340,169308,173012,2483164,45149.735,1616.732,0,582.822,0,12.974,10746,18302,1.160,1.670,1.300,3,0,14.970,0,0,18,291,0,9,0
19-02 00:05:29,22.537,7.512,69.114,0.250,0,5168224,191420,173016,2471772,11335.649,1460.403,0,993.635,0,34.056,2904,2500,1.160,1.670,1.300,1,0,1.002,0,0,18,291,0,9,0
19-02 00:05:30,24.749,3.000,70.497,0.250,0.250,5141388,218248,173016,2471780,5407.800,1511.944,12.000,335.988,1.000,19.999,2762,2345,1.160,1.670,1.300,2,0,21.999,0,0,18,291,0,6,0
19-02 00:05:31,16.502,7.001,74.007,0.750,0,5145928,213720,173016,2471888,13777.294,3910.367,92.009,16341.535,5.000,210.020,3097,2514,1.160,1.670,1.300,1,0,54.005,0,0,18,291,0,6,0
19-02 00:05:32,22.743,3.999,71.728,0,0.250,5168772,184516,173080,2478184,6663.948,1457.551,0,11.996,0,2.999,2828,2508,1.150,1.660,1.300,1,0,41.987,0,0,18,291,0,6,0
19-02 00:05:33,25.261,3.502,69.782,0.250,0,5180732,168892,173108,2481820,11752.345,1554.707,0,1748.795,0,40.018,2998,2953,1.150,1.660,1.300,3,0,3.001,0,0,18,291,0,6,0
19-02 00:05:34,18.650,1.989,77.834,0.497,0,5184932,163880,173148,2482568,20011.114,6740.994,39.787,803.707,3.979,20.888,2306,2088,1.150,1.660,1.300,2,0,15.915,0,0,18,294,0,3,0
19-02 00:05:35,18.729,2.247,76.414,0.999,0,5197956,150204,173188,2483112,19215.458,9489.362,379.574,946.938,7.991,29.966,2181,1924,1.150,1.660,1.300,2,0,0,0,0,18,294,0,3,0
19-02 00:05:36,14.250,1.500,82.001,0.750,0,5194320,153232,173276,2483544,76282.562,13260.098,0,1504.011,0,63.000,2088,2035,1.150,1.660,1.300,1,0,0,0,0,18,295,0,3,0
19-02 00:05:37,19.345,2.010,77.631,0.502,0,5216808,130344,173344,2483808,106473.525,11444.163,0,1197.879,0,46.227,2179,1906,1.140,1.650,1.290,1,0,0,0,0,18,295,0,3,0
19-02 00:05:38,21.777,1.001,75.595,0.250,0,5214852,132112,173372,2483916,14213.896,6992.804,0,660.832,0,22.028,2081,1743,1.140,1.650,1.290,1,0,0,0,0,18,295,0,2,0
19-02 00:05:39,19.495,1.500,76.731,0.750,0.250,5224340,122252,173420,2484164,23251.325,11059.301,0,1291.685,0,47.988,2473,2449,1.140,1.650,1.290,3,0,0,0,0,18,295,0,2,0
19-02 00:05:40,17.252,2.000,77.760,0.750,0,5221524,124324,173576,2484632,325724.848,16870.064,0,2076.254,0,87.011,2546,2350,1.140,1.650,1.290,0,0,1.000,0,0,18,295,0,2,0
19-02 00:05:41,14.997,5.499,76.983,1.750,0,5222808,122364,173824,2484916,93385.184,16051.422,123.972,61698.247,7.998,368.918,2946,2845,1.140,1.650,1.290,1,0,0,0,0,18,295,0,2,0
19-02 00:05:42,19.996,1.750,76.484,0.250,0.250,5201080,157408,173916,2472352,354384.171,14149.132,7.998,751.848,2.000,23.995,2345,1933,1.130,1.640,1.290,1,0,1.000,0,0,18,295,0,1,0
19-02 00:05:43,26.266,8.255,61.038,1.501,0,5216452,172848,174036,2443652,16943986.617,114741.758,420.263,17919.207,6.004,78.049,8864,3746,1.130,1.640,1.290,2,0,7.004,0,0,18,295,0,1,0
19-02 00:05:44,39.735,7.747,49.982,0.750,0,5266388,151180,174200,2416224,614011.872,7051.403,255.906,2519.072,1.999,196.927,3650,2235,1.130,1.640,1.290,2,0,5.998,0,0,18,295,0,1,0
19-02 00:05:45,37.023,9.006,52.033,1.251,0,5249620,146932,177680,2431652,7954.990,1512.949,512.321,4554.857,4.003,91.057,3777,2884,1.130,1.640,1.290,1,0,4.003,0,0,18,295,0,1,0
19-02 00:05:46,24.500,4.250,70.249,0.500,0,5238720,172892,178144,2415996,8214.904,1511.982,0,31991.625,0,141.998,2622,2333,1.130,1.640,1.290,1,0,0,0,0,18,295,0,1,0
19-02 00:05:47,23.985,2.998,71.456,0.750,0,5239772,183880,178588,2403828,8495.783,1511.072,0,1798.895,0,53.967,2616,2287,1.120,1.630,1.290,1,0,0,0,0,18,295,0,1,0
19-02 00:05:48,23.510,4.002,70.030,1.000,0,5245628,165196,179440,2414124,9612.081,1512.642,0,2465.047,0,99.042,2958,3058,1.120,1.630,1.290,1,0,2.001,0,0,18,295,0,1,0
19-02 00:05:49,25.195,2.744,70.346,1.247,0,5238084,157548,180136,2427444,8189.050,1508.693,0,2219.136,0,97.786,3058,3219,1.120,1.630,1.290,1,0,0,0,0,18,295,0,1,0
19-02 00:05:50,25.311,2.506,70.922,0,0,5236396,168728,181456,2416228,6672.197,1585.850,0,541.314,0,25.061,2549,2302,1.120,1.630,1.290,1,0,1.002,0,0,18,295,0,1,0
19-02 00:05:51,23.234,3.248,71.201,0.999,0,5231676,177520,182360,2411024,4489.934,1564.931,0,3313.737,0,78.946,2601,2496,1.120,1.630,1.290,1,0,0,0,0,18,295,0,1,0
19-02 00:05:52,19.750,2.750,75.749,0.750,0,5252176,179288,182984,2386856,14836.745,4048.930,4.000,2083.964,1.000,84.999,2400,2372,1.110,1.620,1.290,1,0,0,0,0,18,293,0,1,0
19-02 00:05:53,24.502,2.750,71.757,0,0,5194192,237320,182984,2386856,6957.648,1512.141,0,28.003,0,2.000,2310,1811,1.110,1.620,1.290,1,0,2.000,0,0,18,293,0,1,0
19-02 00:05:54,20.007,4.001,75.027,0,0,5208116,223360,183012,2386864,13049.648,2851.015,0,8.003,0,1.000,2560,2076,1.110,1.620,1.290,0,0,33.012,0,0,18,294,0,1,0
19-02 00:05:55,23.583,3.011,72.756,0,0,5204620,220956,183080,2392544,7953.969,2571.041,0,1493.251,0,9.032,2370,1972,1.110,1.620,1.290,1,0,2.007,0,0,18,293,0,1,0
19-02 00:05:56,20.180,2.990,75.490,0,0,5196564,228840,183080,2392580,12458.013,3574.665,0,7.972,0,1.993,2290,1936,1.110,1.620,1.290,0,0,16.942,0,0,18,294,0,1,0
19-02 00:05:57,22.503,4.251,71.011,0.500,0,5192780,226420,183300,2397648,45842.981,2640.402,0,1212.185,0,18.003,8508,14580,1.100,1.610,1.290,1,0,6.001,0,0,18,293,0,1,0
19-02 00:05:58,22.427,6.230,69.275,0,0,5180696,237932,183312,2398108,37646.695,1507.104,0,2388.241,0,14.951,6650,10504,1.100,1.610,1.290,1,0,7.974,0,0,18,293,0,1,0
19-02 00:05:59,25.221,6.243,65.674,0,0,5178164,240336,183344,2398204,7262.597,1456.315,0,191.778,0,12.985,12724,22763,1.100,1.610,1.290,1,0,12.985,0,0,18,293,0,1,0
19-02 00:06:00,28.339,12.790,57.681,0,0,5180920,237312,183380,2398400,10020.463,1570.933,0,501.575,0,17.054,5219,5870,1.100,1.610,1.290,4,0,15.047,0,0,18,293,0,1,0
19-02 00:06:01,26.271,4.754,67.303,0.500,0,5132180,298460,183384,2387104,8739.938,1513.201,0,904.718,0,23.018,2936,2550,1.100,1.610,1.290,2,0,5.004,0,0,18,293,0,3,0
19-02 00:06:02,20.248,5.750,68.494,5.000,0,5147704,281344,183388,2388692,8930.268,1511.876,227.981,14094.844,3.000,318.974,2903,2268,1.170,1.620,1.290,1,0,1.000,0,0,18,293,0,3,0
19-02 00:06:03,24.244,5.249,67.733,1.000,0,5157848,269752,183400,2390292,6969.268,1511.624,443.890,2591.356,13.997,82.979,4777,6270,1.170,1.620,1.290,1,0,2.000,0,0,18,295,0,4,0
19-02 00:06:04,25.533,5.757,64.334,2.003,0.250,5158056,268996,183400,2390848,8532.086,1513.967,560.729,3816.960,33.043,282.367,5656,7287,1.170,1.620,1.290,5,0,0,0,0,18,298,0,7,0
19-02 00:06:05,25.735,5.247,64.962,1.749,0,5094544,331840,183400,2391516,6540.182,1511.118,495.711,3278.086,23.986,480.719,5340,6839,1.170,1.620,1.290,1,0,4.997,0,0,18,297,0,7,0
19-02 00:06:06,10.249,21.748,64.744,0,0.250,5101952,324236,183400,2391712,8933.215,1581.861,0,191.983,0,10.999,5181,3767,1.170,1.620,1.290,1,0,230.980,0,0,18,297,0,7,0
19-02 00:06:07,9.997,20.245,68.481,0,0.250,5103032,323140,183400,2391728,8275.754,1511.590,3.999,10601.123,1.000,70.981,4765,3444,1.160,1.610,1.290,4,0,176.952,0,0,18,297,0,7,0
19-02 00:06:08,18.273,7.509,66.834,5.757,0,5101568,322556,183420,2393788,8743.967,1513.899,2230.798,3820.792,78.098,208.261,3532,3452,1.160,1.610,1.290,1,0,39.049,0,0,18,297,0,9,0
19-02 00:06:09,8.477,4.737,70.558,12.715,0,5085212,316924,183420,2415776,4715.139,1507.887,21772.614,474.705,1648.504,20.943,4102,5633,1.160,1.610,1.290,0,1,0,0,0,18,297,0,9,0
19-02 00:06:10,9.258,3.503,77.069,7.757,0,5094056,304076,183824,2419376,9581.636,2623.364,3999.605,1117.007,727.656,19.017,2806,3440,1.160,1.610,1.290,0,0,7.006,0,0,18,298,0,9,0
19-02 00:06:11,1.751,0.500,96.290,0,0,5094056,304076,183824,2419376,6145.541,1512.625,0,56.023,0,6.002,1252,1758,1.160,1.610,1.290,0,0,0,0,0,18,298,0,9,0
19-02 00:06:12,3.500,1.000,94.501,0.250,0,5094016,303932,183824,2419560,51530.789,5117.078,184.003,0,5.000,0,1409,1727,1.060,1.580,1.280,1,0,0,0,0,18,298,0,9,0
19-02 00:06:13,6.748,5.998,85.476,1.250,0,5083000,314224,183852,2420252,49848.130,2944.181,387.892,479.866,18.995,4.999,2367,2225,1.060,1.580,1.280,1,0,25.993,0,0,18,297,0,10,0
19-02 00:06:14,46.548,8.759,44.296,0,0,4851936,545284,183852,2420256,5302.512,1513.573,0,284.296,0,10.010,3486,1972,1.060,1.580,1.280,1,0,3.003,0,0,18,281,0,14,0
19-02 00:06:15,78.036,14.302,6.775,0.502,0,4846688,550560,183852,2420272,7616.869,1517.552,8.029,393.440,2.007,52.191,5395,3680,1.060,1.580,1.280,4,0,9.033,0,0,18,271,0,15,0
19-02 00:06:16,86.248,13.461,0.249,0,0,4992136,404932,183852,2420452,7075.353,1507.600,15.953,729.870,0.997,40.881,5365,3334,1.060,1.580,1.280,5,0,2.991,0,0,18,273,0,16,0
19-02 00:06:17,84.156,14.527,1.503,0.501,0,4892456,502976,183856,2422080,8394.522,1514.801,376.697,38827.794,11.020,225.417,8062,13438,1.380,1.640,1.300,4,0,7.013,0,0,18,258,0,20,0
19-02 00:06:18,47.636,6.484,44.643,0.249,0,4978212,416988,183856,2422312,5212.480,1508.377,3.990,1400.636,0.998,31.923,3903,3671,1.380,1.640,1.300,2,0,3.990,0,0,18,256,0,22,0
19-02 00:06:19,44.993,5.499,46.493,1.250,0,5013932,379316,183860,2424256,6584.970,1565.755,1099.828,579.909,49.992,48.992,5702,7753,1.380,1.640,1.300,0,0,1.000,0,0,18,260,0,26,0
19-02 00:06:20,1.749,1.000,94.705,1.000,0,5008848,384396,183860,2424260,9049.712,1457.310,0,8236.098,0,997.527,1672,1739,1.380,1.640,1.300,0,0,1.000,0,0,18,260,0,26,0
19-02 00:06:21,1.000,1.000,96.980,0.500,0.250,5007764,385480,183860,2424260,8129.333,1511.690,0,119.975,0,7.998,1046,1471,1.380,1.640,1.300,1,0,0,0,0,18,260,0,26,0
19-02 00:06:22,1.748,5.243,90.382,0,0,5000448,392788,183864,2424260,6084.043,1563.955,0,124109.679,0,1076.592,3294,3984,1.270,1.610,1.290,0,0,0,0,0,18,260,0,26,0
19-02 00:06:23,1.503,0.501,97.168,0,0,4992608,400628,183864,2424260,8744.117,1514.618,0,0,0,0,1082,1471,1.270,1.610,1.290,0,0,0,0,0,18,260,0,26,0
19-02 00:06:24,1.000,0.750,96.747,0,0,4984784,408452,183864,2424260,6614.827,1457.962,0,4.000,0,1.000,1029,1459,1.270,1.610,1.290,0,0,0,0,0,18,260,0,26,0
19-02 00:06:25,1.250,0.750,96.240,0,0.250,4976688,416516,183864,2424292,8717.062,1457.843,31.997,2587.721,1.000,11.999,1277,1857,1.270,1.610,1.290,0,0,0,0,0,18,260,0,26,0
19-02 00:06:26,1.500,0.250,96.996,0.250,0,4968624,424580,183864,2424292,7276.663,1619.925,0,303.986,0,18.999,1066,1578,1.270,1.610,1.290,0,0,0,0,0,18,260,0,26,0
19-02 00:06:27,12.503,5.501,81.018,0,0.250,4962640,430564,183864,2424292,42718.395,1458.321,0,32.007,0,4.001,2659,8449,1.170,1.580,1.290,0,0,36.008,0,0,18,260,0,26,0
19-02 00:06:28,2.000,1.000,96.514,0.250,0,4958244,434960,183864,2424292,43455.172,1512.215,0,92.013,0,12.002,1196,1558,1.170,1.580,1.290,0,0,0,0,0,18,260,0,26,0
19-02 00:06:29,2.249,0.500,95.966,0.250,0,4952568,440632,183864,2424296,6895.525,1565.438,0,119.957,0,16.994,1361,1889,1.170,1.580,1.290,1,0,0,0,0,18,260,0,26,0
19-02 00:06:30,2.000,1.000,95.000,0.250,0,4947848,445348,183864,2424300,5392.974,1457.993,0,367.998,0,31.000,1450,2107,1.170,1.580,1.290,0,0,1.000,0,0,18,260,0,26,0
19-02 00:06:31,1.750,0.750,97.027,0,0,4943256,449940,183864,2424300,9872.728,1512.418,0,36.010,0,4.001,1033,1482,1.170,1.580,1.290,0,0,0,0,0,18,260,0,26,0
19-02 00:06:32,1.500,0.500,97.247,0,0,4939648,453548,183864,2424300,4792.858,1565.953,0,4.000,0,1.000,1026,1477,1.070,1.560,1.280,0,0,0,0,0,18,260,0,26,0
19-02 00:06:33,2.250,1.500,94.002,0.250,0,4936508,456788,183864,2424312,8006.186,1500.035,0,8056.187,0,229.005,1715,2338,1.070,1.560,1.280,0,0,1.000,0,0,18,260,0,26,0
19-02 00:06:34,1.500,3.500,93.752,0,0,4915368,477928,183864,2424312,7443.120,1566.025,0,0,0,0,1214,1628,1.070,1.560,1.280,0,0,0,0,0,18,260,0,26,0
19-02 00:06:35,1.250,0.500,96.515,0,0,4915592,477704,183864,2424312,8704.324,1512.230,0,80.012,0,11.002,1173,1813,1.070,1.560,1.280,1,0,0,0,0,18,260,0,26,0
19-02 00:06:36,1.500,0.750,96.736,0.250,0,4915592,477704,183864,2424312,7728.918,1457.796,0,403.943,0,26.996,1048,1552,1.070,1.560,1.280,0,0,0,0,0,18,260,0,26,0
19-02 00:06:37,2.500,2.250,93.482,0.500,0,4915840,477456,183864,2424312,5349.997,1565.707,135.975,51.990,6.999,4.999,1499,1777,0.990,1.530,1.270,4,0,27.995,0,0,18,260,0,26,0
19-02 00:06:38,9.485,21.966,65.647,0.250,0.250,4921624,471472,183864,2424512,5036.102,1509.632,43.931,7.987,1.997,1.997,5326,3709,0.990,1.530,1.270,1,0,289.546,0,0,18,260,0,26,0
19-02 00:06:39,10.017,19.534,67.617,0,0,4932940,460140,183864,2424528,10160.611,1460.531,0,108.188,0,14.024,5496,4305,0.990,1.530,1.270,1,0,268.465,0,0,18,260,0,26,0
19-02 00:06:40,9.499,20.247,66.990,1.000,0.500,4933784,459232,183864,2424592,8215.761,1619.756,0,3563.463,0,174.974,5621,4650,0.990,1.530,1.270,1,0,271.959,0,0,18,260,0,26,0
19-02 00:06:41,9.498,19.746,68.987,0,0.250,4932448,460552,183864,2424608,7868.469,1457.716,0,0,0,0,5400,4002,0.990,1.530,1.270,1,0,281.945,0,0,18,260,0,26,0
19-02 00:06:42,8.251,21.001,67.755,0,0,4939088,453896,183864,2424624,7834.550,1458.102,0,0,0,0,5406,3911,0.990,1.520,1.270,2,0,286.020,0,0,18,260,0,26,0
19-02 00:06:43,10.002,22.253,64.510,0.250,0.250,4936424,456528,183868,2424652,8511.287,1620.245,24.004,584.088,3.000,20.003,5453,3960,0.990,1.520,1.270,1,0,287.043,0,0,18,260,0,26,0
19-02 00:06:44,9.002,20.755,68.518,0,0.250,4936244,456680,183868,2424680,7623.957,1458.374,4.001,4.001,1.000,1.000,5298,3876,0.990,1.520,1.270,1,0,279.072,0,0,18,260,0,26,0
19-02 00:06:45,9.246,17.242,68.469,2.749,0,4953372,439192,184016,2424892,7886.486,1511.327,315.859,479.786,32.985,39.982,4954,4237,0.990,1.520,1.270,2,0,203.909,0,0,18,260,0,26,0
19-02 00:06:46,23.742,2.499,72.227,0.750,0,4967904,424576,184028,2424964,12386.005,1565.495,83.973,0,5.998,0,2582,2104,0.990,1.520,1.270,3,0,16.995,0,0,18,260,0,26,0
19-02 00:06:47,5.501,2.251,91.272,0,0,4971892,420544,184028,2425008,52602.595,3586.859,0,0,0,0,1897,2034,0.990,1.510,1.270,0,0,10.002,0,0,18,261,0,26,0
19-02 00:06:48,2.500,1.000,94.006,0.250,0,4971524,420544,184028,2425376,394524.606,13116.785,0,748.045,0,63.004,2036,2558,0.990,1.510,1.270,1,0,0,0,0,18,261,0,26,0
19-02 00:06:49,2.247,1.498,93.609,0.250,0,4970736,420544,184028,2426164,839251.291,25036.301,0,115.826,0,14.977,2619,2636,0.990,1.510,1.270,0,0,0,0,0,18,261,0,26,0
19-02 00:06:50,3.255,1.252,94.654,0,0,4969848,420544,184028,2427052,947128.557,31081.490,0,2091.397,0,5.008,2141,2205,0.990,1.510,1.270,0,0,1.002,0,0,18,261,0,26,0
19-02 00:06:51,1.750,1.000,96.004,0.250,0,4969696,420544,184028,2427204,176654.061,4986.228,0,656.030,0,138.006,1319,1568,0.990,1.510,1.270,0,0,0,0,0,18,261,0,26,0
19-02 00:06:52,1.750,0.500,95.505,0,0.250,4968264,421464,184028,2427716,547053.028,13668.750,0,368.020,0,23.001,1612,1982,0.910,1.490,1.260,0,0,0,0,0,18,261,0,26,0
19-02 00:06:53,2.000,1.750,94.738,0,0.250,4967644,421464,184028,2428336,678288.713,17210.734,0,1299.829,0,3.999,2012,1981,0.910,1.490,1.260,1,0,0,0,0,18,261,0,26,0
19-02 00:06:54,1.497,0.748,96.293,0,0,4967376,421464,184028,2428604,261772.017,6830.310,0,103.777,0,3.991,1374,1634,0.910,1.490,1.260,0,0,0,0,0,18,261,0,26,0
19-02 00:06:55,2.506,1.253,95.210,0.251,0,4967280,421464,184028,2428700,254429.163,6229.716,0,557.227,0,28.062,1670,2110,0.910,1.490,1.260,0,0,0,0,0,18,261,0,26,0
19-02 00:06:56,9.499,4.250,83.495,0.500,0.250,4958688,429304,184036,2429444,472780.023,10727.365,11.999,1091.935,3.000,33.998,3993,5310,0.910,1.490,1.260,1,0,1.000,0,0,18,260,0,27,0
19-02 00:06:57,17.001,7.000,69.755,4.250,0,4978424,408840,184500,2429712,43161.011,1500.105,520.036,532.037,55.004,26.002,2882,2297,0.920,1.480,1.260,1,1,34.002,0,0,18,261,0,27,0
19-02 00:06:58,15.504,13.504,63.767,5.251,0,4986088,381260,184532,2449132,38518.472,1620.441,148.040,24074.545,5.001,777.211,6365,7606,0.920,1.480,1.260,0,1,64.017,0,0,18,260,0,27,0
19-02 00:06:59,9.251,15.001,68.506,4.250,0,4983512,376468,184956,2455048,10789.912,1620.137,0,12141.026,0,1329.112,7651,9878,0.920,1.480,1.260,2,1,90.008,0,0,18,260,0,27,0
19-02 00:07:00,24.193,8.480,64.348,1.746,0,4982944,376188,185096,2455684,7164.060,1616.178,147.651,2350.442,4.988,173.590,3361,3047,0.920,1.480,1.260,2,0,25.939,0,0,18,260,0,27,0
19-02 00:07:01,25.266,7.505,65.791,0.500,0,4978096,380636,185108,2456056,4581.868,1458.913,0,876.549,0,46.029,3117,2419,0.920,1.480,1.260,2,0,22.014,0,0,18,260,0,27,0
19-02 00:07:02,25.538,6.760,65.097,1.001,0,4993556,364608,185140,2456468,10825.200,1622.428,0,1802.698,0,221.331,3317,2547,0.920,1.470,1.260,1,0,20.030,0,0,18,260,0,27,0
19-02 00:07:03,25.523,7.507,64.308,1.001,0,4989736,367932,185156,2456848,6561.928,1459.318,0,1117.009,0,81.073,3433,3148,0.920,1.470,1.260,1,0,18.016,0,0,18,260,0,27,0
19-02 00:07:04,24.664,6.477,66.519,0.249,0,4977900,379168,185204,2457380,8632.970,1452.946,0,2678.682,0,195.321,3187,2442,0.920,1.470,1.260,2,0,15.945,0,0,18,260,0,22,0
19-02 00:07:05,25.571,5.265,68.440,0.752,0.251,4976136,378480,185384,2459348,7803.663,1624.510,0,834.316,0,30.084,2924,2512,0.920,1.470,1.260,1,0,10.028,0,0,18,260,0,22,0
19-02 00:07:06,24.995,4.999,67.487,0.500,0,4983888,368456,185488,2461272,9681.150,1457.721,3.999,875.833,1.000,39.992,2949,2557,0.920,1.470,1.260,3,0,13.997,0,0,18,260,0,22,0
19-02 00:07:07,21.555,6.015,69.426,2.757,0.251,4982736,367520,185620,2462636,6780.225,1461.714,368.937,0,33.084,0,2320,1680,0.930,1.460,1.260,3,0,11.028,0,0,18,260,0,22,0
19-02 00:07:08,21.186,5.234,68.045,3.240,0,4970536,380336,185620,2461780,5409.738,1615.145,215.353,4418.717,24.925,98.703,3798,4675,0.930,1.460,1.260,2,0,15.952,0,0,18,260,0,20,0
19-02 00:07:09,15.259,11.257,69.792,2.001,0.500,5029220,264660,185644,2518236,5215.160,1458.884,204.124,1424.863,18.011,32.019,3274,2951,0.930,1.460,1.260,2,0,39.024,0,0,18,260,0,20,0
19-02 00:07:10,18.253,8.501,71.760,0.250,0,5037228,254436,185652,2518300,8983.261,1606.225,68.010,312.044,5.001,19.003,2291,1869,0.930,1.460,1.260,2,0,8.001,0,0,18,260,0,20,0
19-02 00:07:11,17.986,7.994,71.446,0.500,0,5052656,238236,185656,2518468,7145.595,1564.816,171.870,2558.065,7.994,5.995,2717,2059,0.930,1.460,1.260,1,0,29.977,0,0,18,260,0,20,0
19-02 00:07:12,23.266,2.502,72.550,1.001,0,5033412,262808,185688,2513144,9151.275,1459.000,48.033,16.011,9.006,2.001,2275,1710,0.940,1.450,1.260,1,0,13.009,0,0,18,260,0,19,0
19-02 00:07:13,2.499,1.999,94.198,0,0,4997728,355488,185692,2457652,6714.328,1457.203,3.998,223.878,0.999,11.993,1424,1771,0.940,1.450,1.260,0,0,5.997,0,0,18,260,0,19,0
19-02 00:07:14,1.499,0.749,96.919,0,0,4995308,357908,185692,2457652,8653.750,1564.689,0,47.960,0,2.997,1033,1445,0.940,1.450,1.260,1,0,0,0,0,18,260,0,19,0
19-02 00:07:15,1.252,0.501,97.122,0,0,4987864,365352,185692,2457652,9819.326,1513.900,0,0,0,0,1009,1454,0.940,1.450,1.260,0,0,0,0,0,18,260,0,19,0
19-02 00:07:16,1.250,0.250,97.005,0,0,4982020,371196,185692,2457652,4962.272,1458.080,0,0,0,0,995,1473,0.940,1.450,1.260,0,0,0,0,0,18,260,0,13,0
19-02 00:07:17,1.998,0.749,96.915,0.250,0,4977664,375548,185692,2457656,5045.588,1456.726,0,899.214,0,181.841,1103,1557,0.860,1.430,1.250,0,0,0,0,0,18,260,0,13,0
19-02 00:07:18,2.247,0.999,94.632,0.499,0,4973840,379360,185692,2457668,8762.085,1617.985,0,407.492,0,38.951,1551,2278,0.860,1.430,1.250,0,0,0,0,0,18,260,0,13,0
19-02 00:07:19,1.751,0.250,95.788,0,0,4970508,382692,185692,2457668,7989.207,1458.585,0,112.045,0,13.005,1345,1939,0.860,1.430,1.250,0,0,0,0,0,18,260,0,13,0
19-02 00:07:20,1.992,0.996,96.121,0,0,4968296,384904,185692,2457668,8572.242,1452.281,0,3.984,0,0.996,1110,1474,0.860,1.430,1.250,0,0,0.996,0,0,18,260,0,2,0
19-02 00:07:21,2.510,0.502,95.884,0.251,0,4966636,386564,185692,2457668,7764.110,1572.300,0,80.322,0,12.048,1407,1896,0.860,1.430,1.250,0,0,0,0,0,18,260,0,2,0
19-02 00:07:22,1.750,1.000,96.495,0,0.250,4965184,388016,185692,2457668,8303.605,1511.928,0,519.975,0,32.998,1141,1608,0.790,1.410,1.240,0,0,0,0,0,18,260,0,2,0
19-02 00:07:23,1.749,0.500,96.943,0,0.250,4963912,389288,185692,2457668,6714.042,1457.141,0,31.981,0,3.998,1081,1514,0.790,1.410,1.240,0,0,0,0,0,18,260,0,2,0
19-02 00:07:24,1.251,0.500,97.042,0,0,4962844,390356,185692,2457668,5351.329,1566.682,0,0,0,0,1017,1451,0.790,1.410,1.240,0,0,0,0,0,18,260,0,2,0
19-02 00:07:25,1.502,1.002,96.651,0,0,4962844,390356,185692,2457668,8735.615,1514.360,0,0,0,0,1075,1464,0.790,1.410,1.240,0,0,0,0,0,18,260,0,2,0
19-02 00:07:26,1.243,0.497,96.476,0,0,4962840,390356,185692,2457672,8461.086,1450.131,0,3.978,0,0.995,1075,1481,0.790,1.410,1.240,0,0,0,0,0,18,260,0,2,0
19-02 00:07:27,12.500,6.250,80.250,0,0,4946460,406736,185692,2457672,41400.939,1565.998,0,28.000,0,1.000,3097,10235,0.730,1.380,1.240,0,0,36.000,0,0,18,260,0,3,0
19-02 00:07:28,2.011,0.754,97.025,0.251,0,4946684,406512,185692,2457672,40928.361,1465.928,0,406.197,0,78.424,1153,1529,0.730,1.380,1.240,0,0,0,0,0,18,260,0,2,0
19-02 00:07:29,1.748,0.999,95.164,0,0,4946684,406512,185692,2457672,10971.070,1510.633,0,243.779,0,26.976,1460,2071,0.730,1.380,1.240,0,0,0,0,0,18,260,0,2,0
19-02 00:07:30,1.493,0.747,95.827,0.249,0,4946680,406512,185692,2457676,8993.317,1559.120,0,302.664,0,19.912,1313,1785,0.730,1.380,1.240,0,0,0.996,0,0,18,260,0,2,0
19-02 00:07:31,1.500,0.750,96.502,0,0,4946680,406512,185692,2457676,8175.144,1512.027,0,0,0,0,1117,1497,0.730,1.380,1.240,0,0,0,0,0,18,260,0,2,0
19-02 00:07:32,1.758,0.502,97.430,0,0,4946680,406512,185692,2457676,6721.660,1464.462,0,4.018,0,1.004,1048,1478,0.670,1.360,1.230,0,0,0,0,0,18,260,0,2,0
19-02 00:07:33,1.998,0.749,95.176,0.250,0,4946676,406512,185692,2457680,10402.895,1606.748,0,335.738,0,34.973,1520,2185,0.670,1.360,1.230,1,0,0,0,0,18,260,0,2,0
19-02 00:07:34,2.002,1.251,95.827,0,0,4946676,406512,185692,2457680,7159.782,1513.222,0,3362.715,0,129.104,1325,1666,0.670,1.360,1.230,0,0,0,0,0,18,260,0,2,0
19-02 00:07:35,1.493,0.249,96.328,0,0,4946672,406512,185692,2457684,4761.165,1451.647,0,0,0,0,1077,1493,0.670,1.360,1.230,1,0,0,0,0,18,260,0,2,0
19-02 00:07:36,1.257,1.006,97.541,0.251,0,4946688,406512,185692,2457684,8450.847,1574.729,0,277.539,0,15.084,1097,1526,0.670,1.360,1.230,0,0,0,0,0,18,260,0,2,0
19-02 00:07:37,1.247,0.748,96.243,0,0,4946688,406512,185692,2457684,10698.395,1454.112,0,0,0,0,1046,1469,0.620,1.340,1.220,0,0,0,0,0,18,260,0,2,0
19-02 00:07:38,1.248,0.499,97.062,0,0,4946688,406512,185692,2457684,8823.915,1509.078,0,7.985,0,1.996,1012,1438,0.620,1.340,1.220,0,0,0,0,0,18,260,0,2,0
19-02 00:07:39,2.752,0.751,94.576,0.250,0,4946688,406512,185692,2457684,8234.615,1567.259,0,596.479,0,112.090,1603,2211,0.620,1.340,1.220,0,0,0,0,0,18,260,0,2,0
19-02 00:07:40,1.756,2.760,94.842,0,0,4946644,406512,185700,2457720,6662.032,1463.279,4.014,59984.386,1.004,90.326,1495,1852,0.620,1.340,1.220,1,0,1.004,0,0,18,260,0,2,0
19-02 00:07:41,1.744,0.747,96.409,0.249,0,4946644,406512,185700,2457720,10582.525,1506.665,0,31.887,0,3.986,1113,1466,0.620,1.340,1.220,0,0,0,0,0,18,260,0,2,0
19-02 00:07:42,1.996,0.749,96.324,0,0,4946644,406512,185700,2457720,8633.246,1563.147,0,0,0,0,1095,1440,0.570,1.310,1.210,0,0,0,0,0,18,260,0,2,0
19-02 00:07:43,12.817,4.021,74.391,6.786,0,4962412,388680,185816,2459404,8632.371,1465.704,1801.468,394.071,282.485,12.063,2294,2338,0.570,1.310,1.210,0,1,5.026,0,0,18,260,0,2,0
19-02 00:07:44,12.682,3.233,78.082,4.227,0,4965048,383108,186020,2460528,15735.834,9304.235,1229.424,3.979,275.526,0.995,2573,2989,0.570,1.310,1.210,0,0,0,0,0,18,261,0,2,0
19-02 00:07:45,24.137,3.269,71.404,0.251,0.251,4954128,393736,186020,2460828,9984.537,2700.290,80.456,808.579,5.028,13.074,3240,3330,0.570,1.310,1.210,2,0,5.028,0,0,18,264,0,3,0
19-02 00:07:46,17.249,3.750,77.244,0.500,0,4971460,376376,186020,2460856,15361.745,10960.105,15.999,2143.825,1.000,126.990,2551,2705,0.570,1.310,1.210,0,0,0,0,0,18,265,0,3,0
19-02 00:07:47,21.270,2.753,74.570,0.250,0,4981756,366048,186020,2460888,7150.718,2640.481,16.015,128.120,1.001,17.016,2399,2156,0.600,1.310,1.210,1,0,5.005,0,0,18,268,0,4,0
19-02 00:07:48,18.196,3.988,76.026,0,0.249,4996636,350988,186020,2461068,15170.271,9496.002,0,434.718,0,31.906,2892,3169,0.600,1.310,1.210,1,0,0,0,0,18,270,0,4,0
19-02 00:07:49,19.539,5.010,73.899,0.501,0,4987740,359740,186020,2461212,11031.169,4014.067,0,276.556,0,34.068,2875,2873,0.600,1.310,1.210,1,0,5.010,0,0,18,268,0,5,0
19-02 00:07:50,15.496,3.499,79.228,0.500,0,4966496,380804,186020,2461392,17309.099,10655.983,31.991,163.954,1.000,22.993,2779,2900,0.600,1.310,1.210,2,0,5.998,0,0,18,268,0,6,0
19-02 00:07:51,14.504,3.001,80.771,0,0,4978072,369212,186020,2461408,19372.990,11101.859,0,0,0,0,2271,2097,0.600,1.310,1.210,1,0,0,0,0,18,269,0,6,0
19-02 00:07:52,19.002,4.000,76.256,0,0,4975016,372268,186020,2461408,11882.956,4677.376,0,100.008,0,12.001,2444,2238,0.630,1.300,1.210,3,0,5.000,0,0,18,269,0,7,0
19-02 00:07:53,37.291,5.256,55.561,0,0.250,4989948,357192,186020,2461556,16425.152,9587.595,0,152.168,0,14.015,3870,2972,0.630,1.300,1.210,5,0,20.022,0,0,18,268,0,8,0
19-02 00:07:54,49.734,6.998,42.487,0,0,4825976,521240,186020,2461552,6597.917,1457.540,0,67.979,0,3.999,3548,2473,0.630,1.300,1.210,4,0,4.998,0,0,18,260,0,10,0
19-02 00:07:55,69.506,7.251,23.252,0,0,4959848,387176,186020,2461744,5006.454,1608.146,0,0,0,0,4262,2331,0.630,1.300,1.210,3,0,1.000,0,0,18,262,0,12,0
19-02 00:07:56,56.624,5.737,36.170,0.249,0.249,4914792,432032,186020,2461940,8528.067,1508.651,0,1580.491,0,89.801,3849,2466,0.630,1.300,1.210,3,0,4.989,0,0,18,260,0,12,0
19-02 00:07:57,50.125,9.227,39.152,0.249,0,4910388,435948,186020,2462476,41884.403,1496.263,0,147.631,0,14.963,5589,7800,0.740,1.310,1.220,4,0,3.990,0,0,18,254,0,15,0
19-02 00:07:58,47.556,6.758,44.552,0,0,4879656,466728,186020,2462492,37121.692,1459.718,0,116.137,0,12.014,3631,2418,0.740,1.310,1.220,4,0,7.008,0,0,18,253,0,16,0
19-02 00:07:59,48.138,8.023,42.873,0.251,0,4968272,376788,186020,2463816,11166.015,1570.503,0,256.736,0,30.086,7165,8581,0.740,1.310,1.220,2,0,2.006,0,0,18,258,0,18,0
19-02 00:08:00,14.744,3.499,79.218,0.500,0,4967708,376528,186020,2464636,6805.240,1511.387,0,7181.088,0,849.655,5278,7711,0.740,1.310,1.220,1,0,1.000,0,0,18,262,0,20,0
19-02 00:08:01,2.750,2.250,94.491,0,0,4957036,387196,186020,2464640,8564.188,1457.862,0,107.990,0,7.999,1387,1649,0.740,1.310,1.220,0,0,5.999,0,0,18,262,0,20,0
19-02 00:08:02,1.000,0.500,96.260,0.250,0,4950852,393372,186020,2464648,7048.708,1566.157,0,928.093,0,59.006,1241,1970,0.680,1.290,1.210,0,0,0,0,0,18,262,0,20,0
19-02 00:08:03,2.501,1.000,95.025,0.250,0,4948288,395928,186020,2464656,5286.367,1512.391,0,232.060,0,30.008,1553,2304,0.680,1.290,1.210,0,0,0,0,0,18,262,0,20,0
19-02 00:08:04,1.750,0.250,96.985,0,0,4946144,398072,186020,2464656,8302.739,1457.779,0,7.999,0,1.000,1110,1539,0.680,1.290,1.210,0,0,0,0,0,18,262,0,20,0
19-02 00:08:05,1.750,0.500,96.732,0,0,4944212,400004,186020,2464656,7064.684,1565.708,0,0,0,0,1108,1500,0.680,1.290,1.210,0,0,0,0,0,18,262,0,20,0
19-02 00:08:06,1.000,1.000,96.493,0.250,0,4942516,401696,186020,2464660,5185.609,1457.890,0,359.973,0,22.998,1080,1585,0.680,1.290,1.210,0,0,2.000,0,0,18,262,0,20,0
19-02 00:08:07,1.750,0.500,97.028,0,0,4942376,401836,186020,2464660,8615.457,1512.431,0,0,0,0,1047,1445,0.630,1.270,1.200,0,0,0,0,0,18,262,0,20,0
19-02 00:08:08,1.250,0.500,97.233,0,0,4942124,402088,186020,2464660,7637.661,1565.725,0,3.999,0,1.000,951,1424,0.630,1.270,1.200,0,0,0,0,0,18,262,0,20,0
19-02 00:08:09,2.250,0.750,95.768,0,0.250,4942092,402120,186020,2464660,8442.601,1458.277,0,1048.199,0,23.004,1377,1971,0.630,1.270,1.200,0,0,0,0,0,18,262,0,20,0
19-02 00:08:10,1.749,0.250,96.458,0.500,0,4942060,402152,186020,2464660,8633.228,1605.299,0,1303.431,0,110.952,1200,1608,0.630,1.270,1.200,0,0,1.000,0,0,18,262,0,20,0
19-02 00:08:11,1.000,1.000,97.249,0,0,4942060,402152,186020,2464660,5100.929,1457.980,0,0,0,0,1001,1407,0.630,1.270,1.200,0,0,0,0,0,18,262,0,20,0
19-02 00:08:12,1.250,0.500,97.515,0,0,4942060,402152,186020,2464660,8760.357,1566.243,0,0,0,0,1027,1425,0.580,1.250,1.200,0,0,0,0,0,18,262,0,20,0
19-02 00:08:13,1.499,0.500,96.407,0,0.250,4942084,402152,186020,2464660,9372.950,1456.594,0,95.907,0,12.987,1144,1559,0.580,1.250,1.200,0,0,0,0,0,18,262,0,20,0
19-02 00:08:14,1.751,1.001,96.826,0,0,4942084,402152,186020,2464660,5169.040,1513.183,0,4.003,0,1.001,1022,1458,0.580,1.250,1.200,1,0,0,0,0,18,262,0,20,0
19-02 00:08:15,1.500,0.750,96.780,0,0,4942084,402152,186020,2464660,8429.600,1566.483,0,24.007,0,3.001,1114,1472,0.580,1.250,1.200,0,0,0,0,0,18,262,0,20,0
19-02 00:08:16,1.250,0.250,97.252,0,0,4942080,402152,186020,2464664,8260.147,1512.027,0,0,0,0,1100,1484,0.580,1.250,1.200,0,0,0,0,0,18,262,0,20,0
19-02 00:08:17,1.999,0.500,96.963,0,0,4942080,402152,186020,2464664,8333.818,1457.443,0,0,0,0,1070,1446,0.530,1.230,1.190,0,0,0,0,0,18,262,0,20,0
19-02 00:08:18,26.248,14.499,55.245,1.750,0,4864612,479164,186032,2465060,6692.366,1749.834,379.964,455.957,29.997,37.996,4308,3481,0.530,1.230,1.190,5,0,70.993,0,0,18,258,0,22,0
19-02 00:08:19,31.018,4.753,63.036,0.500,0,4564432,779532,186032,2465044,6567.720,1919.087,72.041,120.068,5.003,12.007,2959,2437,0.530,1.230,1.190,1,0,9.005,0,0,18,258,0,22,0
19-02 00:08:20,23.257,4.001,72.023,0,0,4615756,728136,186032,2465116,8682.726,2012.632,0,4.001,0,1.000,2243,1827,0.530,1.230,1.190,2,0,1.000,0,0,18,258,0,22,0
19-02 00:08:21,23.489,5.997,68.219,0.750,0,4669004,673716,186036,2466304,6764.936,1511.316,327.852,0,30.986,0,3742,4983,0.530,1.230,1.190,4,0,16.992,0,0,18,262,0,24,0
19-02 00:08:22,22.253,5.251,71.509,0,0,4744308,598400,186036,2466316,10807.295,1458.175,8.001,404.048,2.000,23.003,2441,1886,0.570,1.220,1.190,2,0,6.001,0,0,18,262,0,24,0
19-02 00:08:23,23.254,3.251,72.013,0,0,4786868,555840,186036,2466316,7077.244,1566.275,0,20.004,0,5.001,2224,1748,0.570,1.220,1.190,3,0,0,0,0,18,262,0,24,0
19-02 00:08:24,11.249,1.750,86.989,0,0,4799240,543280,186036,2466504,9217.861,1597.803,0,0,0,0,1559,1616,0.570,1.220,1.190,0,0,1.000,0,0,18,262,0,24,0
19-02 00:08:25,1.500,0.250,97.258,0,0,4795120,547400,186036,2466504,8258.710,1512.130,0,0,0,0,1022,1441,0.570,1.220,1.190,0,0,0,0,0,18,262,0,24,0
19-02 00:08:26,0.750,1.250,97.002,0,0,4791824,550692,186036,2466508,5604.134,1566.037,0,8.000,0,2.000,1049,1479,0.570,1.220,1.190,0,0,0,0,0,18,262,0,24,0
19-02 00:08:27,2.250,2.000,94.737,0,0,4798332,544184,186036,2466508,39830.448,1457.797,0,263.963,0,3.000,1352,1625,0.520,1.200,1.180,1,0,13.998,0,0,18,262,0,24,0
19-02 00:08:28,11.751,3.500,83.254,0,0,4811780,530736,186036,2466508,43093.013,1602.075,0,88.004,0,12.001,2464,7155,0.520,1.200,1.180,1,0,22.001,0,0,18,262,0,25,0
19-02 00:08:29,2.500,1.250,94.990,0.250,0,4803152,539360,186036,2466512,8787.096,1565.839,0,119.988,0,19.998,1430,1963,0.520,1.200,1.180,0,0,0,0,0,18,262,0,25,0
19-02 00:08:30,1.750,1.000,94.736,0.500,0.250,4799736,542772,186036,2466516,8761.734,1457.789,0,6551.054,0,804.884,1674,2134,0.520,1.200,1.180,0,0,1.000,0,0,18,262,0,24,0
19-02 00:08:31,1.500,0.750,97.007,0,0.250,4779804,562704,186036,2466516,9810.745,1458.111,0,0,0,0,1059,1440,0.520,1.200,1.180,0,0,0,0,0,18,262,0,24,0
19-02 00:08:32,1.250,0.500,96.974,0,0,4776856,565652,186036,2466516,8266.779,1619.565,0,3.999,0,1.000,1030,1391,0.480,1.180,1.170,0,0,0,0,0,18,262,0,24,0
19-02 00:08:33,2.000,1.000,95.247,0.250,0,4773876,568632,186036,2466516,9310.703,1639.948,0,315.990,0,31.999,1419,2091,0.480,1.180,1.170,1,0,0,0,0,18,262,0,24,0
19-02 00:08:34,2.001,0.750,96.786,0,0,4771700,570804,186036,2466520,4846.813,1458.546,0,24.009,0,3.001,1126,1651,0.480,1.180,1.170,0,0,0,0,0,18,262,0,24,0
19-02 00:08:35,1.499,0.750,96.692,0,0,4769548,572956,186036,2466520,5013.972,1619.022,0,0,0,0,1037,1465,0.480,1.180,1.170,0,0,0,0,0,18,262,0,24,0
19-02 00:08:36,0.999,0.500,96.448,0.250,0,4761488,581020,186036,2466520,8599.403,1457.221,0,403.784,0,53.971,1124,1537,0.480,1.180,1.170,0,0,0,0,0,18,262,0,24,0
19-02 00:08:37,1.752,0.751,96.833,0,0,4761488,581020,186036,2466520,7432.385,1459.254,0,0,0,0,1063,1463,0.440,1.160,1.170,0,0,0,0,0,18,262,0,24,0
19-02 00:08:38,1.500,0.750,96.494,0,0,4761488,581020,186036,2466520,8540.430,1709.886,0,4.000,0,1.000,1099,1478,0.440,1.160,1.170,0,0,0,0,0,18,262,0,24,0
19-02 00:08:39,1.750,1.000,95.977,0.250,0,4761488,581020,186036,2466520,6493.426,1457.647,0,127.969,0,17.996,1389,1973,0.440,1.160,1.170,0,0,0,0,0,18,262,0,24,0
19-02 00:08:40,2.500,1.500,94.267,0,0,4761940,580520,186036,2466568,11094.045,1458.269,0,680.125,0,29.005,1377,1737,0.440,1.160,1.170,0,0,1.000,0,0,18,262,0,24,0
19-02 00:08:41,1.501,0.500,97.035,0,0,4761940,580520,186036,2466568,6208.209,1566.557,0,0,0,0,1022,1437,0.440,1.160,1.170,0,0,0,0,0,18,262,0,24,0
19-02 00:08:42,0.750,0.500,97.209,0,0,4761940,580520,186036,2466568,5305.753,1457.383,0,0,0,0,989,1457,0.410,1.140,1.160,0,0,0,0,0,18,262,0,24,0
19-02 00:08:43,2.246,0.998,95.849,0.250,0,4761928,580520,186036,2466580,8295.928,1509.621,0,119.811,0,14.976,1240,1729,0.410,1.140,1.160,0,0,0,0,0,18,262,0,24,0
19-02 00:08:44,1.754,0.752,96.198,0.501,0,4761924,580520,186040,2466580,8545.581,1611.315,0,1855.818,0,89.183,1243,1855,0.410,1.140,1.160,0,0,0,0,0,18,262,0,24,0
19-02 00:08:45,2.000,0.750,95.743,0.500,0,4761924,580520,186040,2466580,5694.606,1457.899,0,315.978,0,26.998,1261,1844,0.410,1.140,1.160,1,0,0,0,0,18,262,0,24,0
19-02 00:08:46,1.000,0.500,97.015,0,0,4761924,580520,186040,2466580,8980.368,1512.230,0,32.005,0,4.001,1086,1498,0.410,1.140,1.160,0,0,0,0,0,18,262,0,23,0
19-02 00:08:47,1.749,0.500,96.955,0,0,4761924,580520,186040,2466580,7866.319,1565.268,0,0,0,0,1022,1441,0.370,1.130,1.160,0,0,0,0,0,18,262,0,23,0
19-02 00:08:48,2.000,1.000,95.502,0.250,0,4761924,580520,186040,2466580,8520.204,1548.037,0,332.008,0,35.001,1428,2156,0.370,1.130,1.160,0,0,0,0,0,18,262,0,23,0
19-02 00:08:49,6.752,14.004,77.770,0.250,0,4772976,569448,186040,2466600,6626.726,1512.394,0,144.038,0,16.004,4002,3454,0.370,1.130,1.160,1,0,175.046,0,0,18,262,0,23,0
19-02 00:08:50,14.499,13.249,70.495,0,0.250,4802592,539824,186040,2466608,5540.632,1457.903,0,23.998,0,3.000,3877,2981,0.370,1.130,1.160,1,0,136.991,0,0,18,262,0,20,0
19-02 00:08:51,21.753,2.250,75.009,0,0,4842112,500304,186040,2466608,10254.264,3592.443,0,1004.124,0,191.024,2175,1572,0.370,1.130,1.160,0,0,0,0,0,18,263,0,20,0
19-02 00:08:52,17.753,2.250,78.264,0,0,4838040,504364,186040,2466620,17173.124,9502.729,0,396.072,0,19.003,2647,2518,0.420,1.120,1.150,1,0,0,0,0,18,263,0,22,0
19-02 00:08:53,25.497,5.499,66.241,1.000,0.500,4839108,502880,186040,2467036,5895.240,1457.812,367.953,759.902,21.997,101.987,5125,6620,0.420,1.120,1.150,1,0,1.000,0,0,18,263,0,22,0
19-02 00:08:54,42.000,8.000,49.251,0.500,0,4848036,493804,186040,2467152,9476.108,2770.032,96.001,372.004,4.000,46.001,4315,4056,0.420,1.120,1.150,2,0,25.000,0,0,18,262,0,19,0
19-02 00:08:55,38.936,6.739,52.664,0,0,4958500,383204,186044,2467284,17449.508,10343.111,111.817,83.863,4.992,8.985,3724,3094,0.420,1.120,1.150,3,0,4.992,0,0,18,266,0,21,0
19-02 00:08:56,26.546,6.010,66.365,0.250,0,4985712,355916,186048,2467356,37979.987,30457.918,0,2945.117,0,174.303,3799,3544,0.420,1.120,1.150,1,0,41.071,0,0,18,262,0,31,0
19-02 00:08:57,8.750,19.500,68.999,0,0,4984984,356628,186048,2467372,43651.314,1511.976,0,4.000,0,1.000,5322,3883,0.630,1.150,1.160,4,0,254.996,0,0,18,262,0,31,0
19-02 00:08:58,8.249,15.998,73.993,0,0,4956008,385572,186048,2467404,52498.721,3217.676,0,31.997,0,5.999,4551,3350,0.630,1.150,1.160,1,0,175.982,0,0,18,262,0,27,0
19-02 00:08:59,28.504,8.001,61.508,0,0,4955984,385456,186048,2467544,8306.078,1458.189,56.007,284.037,2.000,18.002,4425,6008,0.630,1.150,1.160,1,0,1.000,0,0,18,262,0,27,0
19-02 00:09:00,24.712,4.493,69.642,0.250,0,4977312,364036,186052,2467632,8079.501,1509.665,19.969,515.203,1.997,10.983,2537,1980,0.630,1.150,1.160,4,0,2.995,0,0,18,264,0,28,0
19-02 00:09:01,35.292,6.257,56.568,1.251,0,5007620,329076,186204,2471748,8439.081,1567.873,1762.105,52.062,191.228,2.002,3936,3707,0.630,1.150,1.160,5,0,6.007,0,0,18,262,0,31,0
19-02 00:09:02,25.327,3.761,69.962,0.251,0,5012960,321780,186272,2473344,7090.516,1516.602,52.158,2836.608,6.018,383.163,2857,2349,0.660,1.150,1.160,1,0,3.009,0,0,18,262,0,31,0
19-02 00:09:03,25.761,3.501,69.279,0.500,0,5049052,285592,186272,2473440,8616.593,1458.608,28.012,640.267,2.001,37.015,3111,3254,0.660,1.150,1.160,2,0,0,0,0,18,263,0,26,0
19-02 00:09:04,24.419,4.236,68.024,0.498,0,5043548,291000,186272,2473536,8353.299,1614.646,0,669.779,0,68.772,5257,6433,0.660,1.150,1.160,2,0,0.997,0,0,18,263,0,27,0
19-02 00:09:05,24.000,4.250,68.751,0.500,0.250,5038268,295768,186272,2474052,5338.083,1458.023,228.004,324.005,30.000,45.001,4528,5634,0.660,1.150,1.160,1,0,0,0,0,18,267,0,28,0
19-02 00:09:06,23.505,3.251,70.264,1.750,0.500,5034172,298920,186272,2474984,4364.884,1458.295,896.181,736.149,55.011,68.014,3317,3742,0.660,1.150,1.160,1,0,0,0,0,18,268,0,28,0
19-02 00:09:07,24.738,3.248,69.465,1.000,0,5034552,298164,186272,2475360,8644.692,1457.274,111.944,1911.048,6.997,228.886,4042,4784,0.690,1.150,1.160,0,0,1.000,0,0,18,271,0,31,0
19-02 00:09:08,5.000,0.750,92.507,0.250,0,5034536,298164,186272,2475376,7805.573,1566.115,0,48.004,0,4.000,1479,1796,0.690,1.150,1.160,1,0,0,0,0,18,273,0,31,0
19-02 00:09:09,23.747,5.749,65.241,2.500,0,5031888,300652,186272,2475536,8362.811,1511.785,79.989,5499.218,4.999,411.941,5843,7814,0.690,1.150,1.160,1,0,0,0,0,18,275,0,31,0
19-02 00:09:10,26.491,5.498,64.229,1.999,0,5029560,302824,186272,2475692,8224.353,1551.501,0,2815.094,0,262.915,5897,7939,0.690,1.150,1.160,1,1,1.999,0,0,18,274,0,31,0
19-02 00:09:11,24.510,4.752,68.527,0.750,0,5027812,304364,186272,2475896,9753.818,1512.592,0,1128.442,0,86.034,5169,6222,0.690,1.150,1.160,2,0,0,0,0,18,274,0,31,0
19-02 00:09:12,23.003,5.001,68.759,0.500,0,5026616,305364,186272,2476092,8191.111,1512.205,0,804.109,0,74.010,5148,6442,0.710,1.150,1.160,1,0,0,0,0,18,275,0,31,0
19-02 00:09:13,16.785,3.758,75.659,1.503,0,5025136,306756,186272,2476180,6409.505,1515.193,16.034,2340.932,1.002,230.486,3965,5292,0.710,1.150,1.160,0,0,0,0,0,18,273,0,33,0
19-02 00:09:14,11.715,1.246,84.997,0.748,0,5023780,308076,186272,2476216,4829.624,1453.673,0,765.721,0,77.769,2499,3083,0.710,1.150,1.160,1,0,0,0,0,18,274,0,33,0
19-02 00:09:15,23.728,6.244,66.437,1.499,0,5022420,309368,186272,2476284,8374.105,1564.525,0,6158.194,0,702.338,5891,7265,0.710,1.150,1.160,3,0,1.998,0,0,18,274,0,33,0
19-02 00:09:16,25.049,5.761,62.122,3.507,0.250,5021440,310112,186272,2476520,9686.054,1514.980,0,8252.233,0,615.210,6720,9624,0.710,1.150,1.160,1,0,0,0,0,18,274,0,33,0
19-02 00:09:17,23.716,3.994,67.901,0.749,0,5021408,310060,186272,2476604,8977.971,1455.887,31.954,1162.313,0.999,101.852,5104,6415,0.740,1.140,1.160,3,0,0,0,0,18,274,0,36,0
19-02 00:09:18,26.193,5.737,64.110,1.497,0,5020484,310748,186272,2476840,7553.446,1562.576,0,1536.632,0,208.543,5573,7276,0.740,1.140,1.160,2,0,0,0,0,18,273,0,37,0
19-02 00:09:19,3.502,1.501,92.811,1.001,0.250,5020188,311036,186276,2476844,8897.831,1458.956,0,1156.758,0,88.058,2202,3211,0.740,1.140,1.160,2,0,0,0,0,18,274,0,35,0
19-02 00:09:20,23.564,5.014,67.182,1.504,0,5020120,311036,186276,2476912,8442.829,1516.099,0,1893.119,0,202.548,5479,7037,0.740,1.140,1.160,2,0,1.003,0,0,18,275,0,36,0
19-02 00:09:21,26.222,5.494,63.683,1.998,0,5020552,310532,186280,2476980,9909.514,1456.459,0,2473.383,0,281.702,6319,8662,0.740,1.140,1.160,1,0,1.998,0,0,18,274,0,36,0
19-02 00:09:22,24.024,4.505,68.069,0.751,0,5020332,310532,186280,2477200,8213.350,1567.594,0,1869.901,0,134.136,5266,6529,0.760,1.140,1.160,1,0,0,0,0,18,274,0,36,0
19-02 00:09:23,25.000,5.000,67.500,0.750,0,5020500,310280,186280,2477284,11579.023,1512.003,0,932.002,0,79.000,5305,6151,0.760,1.140,1.160,2,0,0,0,0,18,275,0,35,0
19-02 00:09:24,23.708,4.492,67.881,0.749,0,5020556,310028,186280,2477480,6459.644,1455.441,0,1245.810,0,140.753,5298,6775,0.760,1.140,1.160,4,0,0,0,0,18,274,0,35,0
19-02 00:09:25,25.780,5.506,63.325,2.503,0.250,5020448,310028,186284,2477584,10633.533,1567.848,0,5975.042,0,446.526,6253,8878,0.760,1.140,1.160,1,0,0,0,0,18,273,0,36,0
19-02 00:09:26,23.769,4.754,68.554,0.751,0,5021248,309020,186284,2477792,6734.304,1459.149,0,1264.996,0,114.090,5347,6904,0.760,1.140,1.160,2,0,0,0,0,18,274,0,36,0
19-02 00:09:27,19.247,3.999,73.238,0.500,0,5021436,308768,186284,2477856,44395.782,1511.754,0,607.901,0,58.990,4746,5800,0.700,1.120,1.150,0,0,1.000,0,0,18,275,0,36,0
19-02 00:09:28,17.748,5.999,75.741,0,0,5031404,298756,186284,2477868,33859.948,1565.813,0,243.971,0,14.998,3561,9941,0.700,1.120,1.150,1,0,37.995,0,0,18,277,0,37,0
19-02 00:09:29,24.247,5.499,65.742,1.500,0.500,5031336,298756,186288,2477932,14832.234,1457.826,0,1499.821,0,214.974,5998,8311,0.700,1.120,1.150,1,0,0,0,0,18,277,0,38,0
19-02 00:09:30,26.748,5.500,63.996,2.000,0,5030276,299728,186288,2478020,8556.434,1457.904,0,1951.871,0,253.983,6057,8153,0.700,1.120,1.150,2,0,1.000,0,0,18,277,0,38,0
19-02 00:09:31,24.265,4.753,66.290,1.501,0.250,5023876,305892,186288,2478256,6669.017,1652.996,0,1989.198,0,199.120,6180,8513,0.700,1.120,1.150,4,0,0,0,0,18,277,0,37,0
19-02 00:09:32,24.171,4.485,68.028,0.748,0.249,5022668,307032,186288,2478324,5451.243,1560.915,0,5390.441,0,110.640,5052,6219,0.720,1.120,1.150,3,0,0,0,0,18,277,0,37,0
19-02 00:09:33,24.817,5.264,65.426,2.256,0,5020408,308820,186288,2478796,8336.419,1504.045,288.777,6296.934,17.046,775.084,5768,6937,0.720,1.120,1.150,2,0,0,0,0,18,277,0,38,0
19-02 00:09:34,2.500,1.750,91.268,2.500,0,5019360,309856,186288,2478808,7385.441,1512.295,0,7333.430,0,443.086,2241,3796,0.720,1.120,1.150,1,0,0,0,0,18,276,0,38,0
19-02 00:09:35,23.005,3.751,69.514,1.750,0,5020440,308540,186288,2479044,8064.631,1458.295,132.027,1836.371,7.001,191.039,4781,6215,0.720,1.120,1.150,0,0,0,0,0,18,276,0,38,0
19-02 00:09:36,3.499,0.750,93.978,0,0,5013972,314992,186288,2479060,8341.024,1565.629,0,179.957,0,9.998,1406,1780,0.720,1.120,1.150,1,0,0,0,0,18,277,0,38,0
19-02 00:09:37,17.254,3.251,76.017,1.000,0,5014396,314488,186288,2479140,6037.351,1458.326,0,1560.349,0,190.043,3961,5024,0.820,1.130,1.160,0,0,0,0,0,18,276,0,38,0
19-02 00:09:38,9.216,1.744,86.179,0.747,0,5015112,313760,186288,2479152,8785.318,1506.396,0,589.806,0,66.752,2437,3071,0.820,1.130,1.160,1,0,0,0,0,18,277,0,38,0
19-02 00:09:39,24.086,5.269,66.737,1.254,0,5015248,313412,186288,2479364,6910.533,1571.579,0,1509.358,0,178.634,5794,7597,0.820,1.130,1.160,1,1,0,0,0,18,277,0,38,0
19-02 00:09:40,26.978,5.246,63.199,1.998,0,5015336,313188,186288,2479500,9213.581,1456.827,0,2270.172,0,285.770,6183,8486,0.820,1.130,1.160,2,0,0.999,0,0,18,277,0,38,0
19-02 00:09:41,26.021,5.504,62.550,3.002,0,5015264,313188,186288,2479572,8671.969,1459.173,0,6621.321,0,508.409,6486,9172,0.820,1.130,1.160,2,0,0,0,0,18,277,0,38,0
19-02 00:09:42,23.742,4.249,68.477,0.750,0,5016052,312180,186288,2479792,8263.203,1511.488,0,2175.264,0,97.967,5155,6401,0.920,1.150,1.160,3,0,0,0,0,18,277,0,38,0
19-02 00:09:43,24.524,4.254,68.568,0.751,0,5016248,311928,186288,2479848,7761.704,1567.556,0,944.938,0,99.098,5401,6752,0.920,1.150,1.160,1,0,0,0,0,18,278,0,39,0
19-02 00:09:44,11.995,2.249,81.964,1.000,0.250,5016676,311452,186288,2479896,6287.205,1457.352,0,1219.458,0,119.947,3397,4476,0.920,1.150,1.160,0,0,0,0,0,18,276,0,39,0
19-02 00:09:45,13.487,2.997,80.922,0.749,0,5017144,310948,186288,2479932,5719.519,1456.604,0,759.272,0,88.915,3248,4154,0.920,1.150,1.160,1,1,0,0,0,18,277,0,39,0
19-02 00:09:46,24.775,5.255,66.066,2.002,0,5016924,310948,186288,2480152,8327.345,1513.517,0,1953.958,0,244.245,6084,8334,0.920,1.150,1.160,1,0,0,0,0,18,277,0,39,0
19-02 00:09:47,24.748,5.500,64.495,2.250,0,5016872,310916,186288,2480236,8737.368,1565.887,0,2959.786,0,309.978,6020,8523,0.930,1.150,1.160,1,0,0,0,0,18,277,0,39,0
19-02 00:09:48,26.246,5.749,62.490,3.000,0.250,5017192,310384,186288,2480448,8535.657,1457.771,0,10214.393,0,911.857,6734,9156,0.930,1.150,1.160,2,0,0,0,0,18,277,0,40,0
19-02 00:09:49,24.426,4.985,67.047,0.498,0,5018120,309376,186288,2480528,7551.099,1507.428,0,921.206,0,97.704,5380,6788,0.930,1.150,1.160,2,0,0,0,0,18,277,0,42,0
19-02 00:09:50,24.076,4.514,67.715,1.003,0,5018996,308396,186288,2480632,9086.851,1570.988,0,1015.223,0,121.385,5539,6743,0.930,1.150,1.160,4,0,1.003,0,0,18,277,0,42,0
19-02 00:09:51,23.970,4.494,67.415,1.248,0.250,5018800,308396,186288,2480828,9617.924,1456.172,0,1753.798,0,174.781,5549,7275,0.930,1.150,1.160,1,0,0,0,0,18,277,0,42,0
19-02 00:09:52,25.517,5.003,64.292,2.251,0,5018660,308396,186288,2480968,5593.662,1458.955,32.021,2765.811,1.001,282.185,6041,8330,0.930,1.140,1.160,5,0,0,0,0,18,277,0,43,0
19-02 00:09:53,26.005,6.751,63.511,2.250,0,5019092,307892,186288,2481040,5237.945,1512.273,0,2608.470,0,281.051,6541,9048,0.930,1.140,1.160,5,0,1.000,0,0,18,277,0,43,0
19-02 00:09:54,24.001,4.250,68.252,0.500,0,5019632,307136,186288,2481256,9044.304,1566.053,0,1740.059,0,137.005,5287,6571,0.930,1.140,1.160,1,0,0,0,0,18,277,0,43,0
19-02 00:09:55,24.254,4.751,65.510,2.250,0,5020068,306632,186288,2481324,8618.252,1458.212,0,5660.822,0,376.055,5882,7903,0.930,1.140,1.160,3,0,0,0,0,18,277,0,44,0
19-02 00:09:56,23.968,4.993,67.659,1.748,0,5020204,306380,186288,2481440,8292.871,1509.974,15.979,1921.421,0.999,198.733,5526,7080,0.930,1.140,1.160,1,0,0,0,0,18,277,0,35,0
19-02 00:09:57,24.035,6.259,66.096,1.001,0,5020508,305876,186288,2481640,43213.746,1568.277,0,1638.379,0,181.263,5534,7170,0.940,1.140,1.160,1,0,0,0,0,18,277,0,35,0
19-02 00:09:58,24.731,4.996,65.950,2.248,0,5020668,305624,186288,2481732,40477.143,1540.825,0,2318.233,0,271.793,6252,8474,0.940,1.140,1.160,1,0,0,0,0,18,277,0,35,0
19-02 00:09:59,24.515,4.002,68.041,0.750,0,5021124,305120,186288,2481780,11987.211,1512.910,0,1172.705,0,101.061,4903,5920,0.940,1.140,1.160,1,0,0,0,0,18,277,0,35,0
19-02 00:10:00,24.509,4.502,68.025,0.750,0.250,5021920,304112,186288,2481992,5323.976,1566.581,0,1296.481,0,119.044,5655,7307,0.940,1.140,1.160,1,0,1.000,0,0,18,278,0,28,0
19-02 00:10:01,20.002,7.501,69.256,0.750,0,5026248,299576,186288,2482184,7807.711,1458.133,32.003,1392.127,1.000,139.013,6437,8812,0.940,1.140,1.160,0,0,7.001,0,0,18,276,0,30,0
19-02 00:10:02,16.445,2.243,78.987,0.997,0,5026436,299324,186288,2482248,8403.975,1453.154,0,1259.799,0,121.595,3609,4355,0.940,1.140,1.160,2,0,0,0,0,18,278,0,32,0
19-02 00:10:03,8.776,2.507,84.252,2.257,0.251,5026592,299100,186288,2482316,5323.894,1516.528,0,11016.891,0,1028.069,3852,5509,0.940,1.140,1.160,0,0,0,0,0,18,276,0,32,0
19-02 00:10:04,21.997,3.750,70.992,1.250,0,5026384,299100,186288,2482524,9821.831,1635.805,0,1931.770,0,188.978,4916,6420,0.940,1.140,1.160,1,0,0,0,0,18,277,0,28,0
19-02 00:10:05,24.503,4.751,67.008,1.250,0,5026316,299100,186288,2482592,7589.934,1458.179,0,2016.248,0,207.025,5846,7787,0.940,1.140,1.160,2,0,0,0,0,18,277,0,28,0
19-02 00:10:06,24.002,5.750,66.004,2.250,0,5026208,299100,186288,2482700,10242.661,1512.098,0,2532.163,0,287.019,6484,8987,0.940,1.140,1.160,1,0,0,0,0,18,277,0,28,0
19-02 00:10:07,23.751,5.250,68.753,0.750,0,5026264,298848,186288,2482896,7948.382,1566.075,0,1228.059,0,108.005,5420,6627,0.950,1.140,1.160,1,0,0,0,0,18,277,0,28,0
19-02 00:10:08,23.748,4.250,68.493,0.750,0.250,5026396,298596,186288,2483016,5015.473,1457.847,31.997,2119.777,1.000,159.983,5646,7348,0.950,1.140,1.160,1,0,0,0,0,18,278,0,24,0
19-02 00:10:09,8.253,2.001,86.777,0.750,0,5026376,298596,186288,2483036,7732.374,1458.448,0,1220.375,0,119.037,2959,4037,0.950,1.140,1.160,0,0,0,0,0,18,276,0,24,0
19-02 00:10:10,18.751,3.250,75.505,1.250,0,5026540,298344,186288,2483124,8675.577,1606.107,0,1828.122,0,182.012,4484,5948,0.950,1.140,1.160,1,0,1.000,0,0,18,277,0,24,0
19-02 00:10:11,25.783,6.694,62.474,2.727,0,5026472,298344,186288,2483192,8327.931,1552.934,0,6207.770,0,463.104,6398,9008,0.950,1.140,1.160,4,0,0,0,0,18,277,0,24,0
19-02 00:10:12,26.693,5.036,62.956,2.518,0,5026284,298344,186288,2483380,8090.618,1468.641,0,3364.375,0,368.671,6518,9432,1.190,1.180,1.170,1,0,0,0,0,18,277,0,24,0
19-02 00:10:13,24.760,4.002,68.528,1.000,0.250,5026108,298344,186288,2483556,6944.856,1512.622,0,1364.561,0,107.044,5122,6243,1.190,1.180,1.170,1,0,0,0,0,18,276,0,24,0
19-02 00:10:14,22.758,5.252,68.526,0.500,0.250,5026340,297852,186288,2483800,10683.982,1458.544,0,1368.510,0,130.048,5826,7586,1.190,1.180,1.170,1,0,0,0,0,18,278,0,24,0
19-02 00:10:15,15.235,2.747,78.921,1.249,0,5026548,297600,186288,2483844,11578.366,1564.428,0,1542.450,0,137.861,3710,4821,1.190,1.180,1.170,0,0,0,0,0,18,276,0,24,0
19-02 00:10:16,11.513,2.503,84.342,0.751,0,5027140,296592,186288,2484260,5679.183,1459.589,0,1105.203,0,108.118,2908,3726,1.190,1.180,1.170,3,0,0,0,0,18,277,0,22,0
19-02 00:10:17,23.754,4.751,67.260,1.500,0,5026976,296592,186288,2484424,9966.474,1512.224,0,1828.270,0,207.031,5813,7769,1.180,1.180,1.170,1,0,0,0,0,18,277,0,22,0
19-02 00:10:18,25.250,6.250,62.500,2.250,0,5026720,296592,186292,2484676,7060.989,1457.998,0,3307.995,0,358.999,6594,9373,1.180,1.180,1.170,2,0,0,0,0,18,277,0,22,0
19-02 00:10:19,25.747,5.249,63.494,3.000,0,5026592,296680,186292,2484716,8721.122,1565.842,0,10982.894,0,1037.895,6537,8526,1.180,1.180,1.170,1,0,0,0,0,18,277,0,22,0
19-02 00:10:20,24.000,5.000,67.249,1.000,0,5027632,295420,186292,2484936,8205.836,1511.970,0,2067.959,0,159.997,5506,7110,1.180,1.180,1.170,1,0,1.000,0,0,18,277,0,17,0
19-02 00:10:21,24.254,4.001,69.012,0.500,0.250,5028584,294412,186292,2484992,11198.931,1458.251,0,940.162,0,77.013,5056,6200,1.180,1.180,1.170,1,0,2.000,0,0,18,277,0,17,0
19-02 00:10:22,12.492,3.748,81.201,1.999,0,5029520,293404,186292,2485064,7454.510,1565.057,0,2258.639,0,235.858,3702,5352,1.240,1.190,1.180,0,0,0,0,0,18,276,0,18,0
19-02 00:10:23,15.000,2.750,79.251,0.750,0,5029688,293180,186292,2485120,6422.106,1458.024,0,1216.020,0,124.002,3466,4452,1.240,1.190,1.180,2,0,0,0,0,18,277,0,18,0
19-02 00:10:24,23.759,5.252,66.275,1.751,0,5029516,293180,186292,2485292,5340.017,1512.571,0,2124.803,0,234.088,6030,8449,1.240,1.190,1.180,3,0,0,0,0,18,277,0,17,0
19-02 00:10:25,25.754,4.751,63.010,4.001,0.250,5029408,293180,186292,2485400,9131.479,1458.236,0,7229.171,0,568.092,6689,9843,1.240,1.190,1.180,1,0,0,0,0,18,277,0,17,0
19-02 00:10:26,24.745,5.749,65.738,1.250,0,5030596,291920,186292,2485472,8828.360,1565.709,0,2043.620,0,212.960,6424,8500,1.240,1.190,1.180,4,0,0,0,0,18,277,0,18,0
19-02 00:10:27,24.755,3.751,68.263,0.750,0.250,5031380,290912,186292,2485696,43377.963,1458.268,0,1116.205,0,108.020,5519,6983,1.220,1.190,1.180,1,0,0,0,0,18,277,0,20,0
19-02 00:10:28,33.552,11.518,50.579,2.504,0,5049520,272312,186308,2486112,44453.191,1514.357,292.455,1702.650,21.033,158.246,6733,17192,1.220,1.190,1.180,2,0,162.253,0,0,18,277,0,22,0
19-02 00:10:29,45.795,18.018,30.780,3.754,0,5060396,259308,186312,2488120,8710.619,1567.551,1593.577,2542.516,84.083,208.206,11002,20750,1.220,1.190,1.180,2,0,277.274,0,0,18,277,0,25,0
19-02 00:10:30,45.848,15.449,34.386,1.744,0,5089140,230076,186312,2488608,5302.418,1453.181,0,3388.763,0,375.754,13098,31152,1.220,1.190,1.180,5,0,39.868,0,0,18,277,0,27,0
19-02 00:10:31,43.032,10.508,43.032,1.251,0,5094708,224400,186312,2488716,4593.423,1513.128,0,2417.802,0,260.194,7024,8953,1.220,1.190,1.180,4,0,36.027,0,0,18,277,0,27,0
19-02 00:10:32,42.227,11.244,42.227,1.749,0,5106476,212556,186312,2488792,4909.351,1565.155,0,7324.047,0,458.752,6951,8866,1.290,1.200,1.180,3,0,34.981,0,0,18,277,0,27,0
19-02 00:10:33,41.400,11.722,44.143,1.247,0,5108532,210288,186312,2489004,8410.619,1454.475,0,1516.326,0,185.550,6679,7740,1.290,1.200,1.180,6,0,31.923,0,0,18,277,0,27,0
19-02 00:10:34,25.824,7.772,64.936,0.501,0,5101032,218624,186316,2488164,6774.370,1516.336,16.046,1416.049,3.009,87.249,3927,4013,1.290,1.200,1.180,1,0,63.181,0,0,18,276,0,28,0
19-02 00:10:35,21.250,4.750,70.001,1.250,0,5097268,222560,186316,2487988,8558.143,1458.024,0,1596.027,0,174.003,5250,6882,1.290,1.200,1.180,2,0,6.000,0,0,18,278,0,29,0
19-02 00:10:36,25.243,5.498,65.232,1.500,0,5094776,224976,186316,2488064,6713.111,1565.560,0,2195.382,0,236.933,5684,7696,1.290,1.200,1.180,1,0,0,0,0,18,277,0,29,0
19-02 00:10:37,25.475,5.744,63.438,2.498,0,5086844,232628,186320,2488340,9089.046,1456.565,0,2885.158,0,311.693,6368,8801,1.260,1.200,1.180,3,0,0,0,0,18,277,0,28,0
19-02 00:10:38,24.243,4.499,68.480,1.250,0.250,5080800,238464,186320,2488548,6903.971,1511.556,0,2595.237,0,122.964,5032,6374,1.260,1.200,1.180,1,0,0,0,0,18,277,0,28,0
19-02 00:10:39,25.332,4.515,66.715,0.752,0,5075456,243736,186320,2488620,4900.807,1462.718,0,8142.263,0,1026.310,5946,7067,1.260,1.200,1.180,5,0,0,0,0,18,276,0,29,0
19-02 00:10:40,20.631,4.723,68.854,2.486,0,5070184,248924,186320,2488704,8734.822,1449.672,0,6554.348,0,475.270,5290,7497,1.260,1.200,1.180,0,0,0.994,0,0,18,276,0,31,0
19-02 00:10:41,7.996,1.499,89.209,0.250,0,5065952,253008,186320,2488852,8583.070,1565.283,0,535.755,0,32.985,1951,2304,1.260,1.200,1.180,1,0,0,0,0,18,276,0,31,0
19-02 00:10:42,22.097,5.022,69.052,2.511,0,5063076,255776,186320,2488960,4980.753,1518.633,0,2036.896,0,272.189,5053,6830,1.240,1.200,1.180,1,0,0,0,0,18,276,0,32,0
19-02 00:10:43,5.991,0.999,91.364,0,0,5061352,257480,186320,2488980,8641.117,1617.588,0,439.345,0,25.961,1644,1946,1.240,1.200,1.180,2,0,0,0,0,18,276,0,32,0
19-02 00:10:44,24.278,4.255,66.827,1.752,0,5060900,257832,186320,2489080,6619.628,1567.807,0,1750.017,0,211.243,5659,7404,1.240,1.200,1.180,1,0,0,0,0,18,277,0,32,0
19-02 00:10:45,25.512,6.003,64.029,2.001,0,5060672,257864,186320,2489276,8976.068,1652.749,0,2569.164,0,293.133,6242,8549,1.240,1.200,1.180,3,0,0,0,0,18,277,0,31,0
19-02 00:10:46,25.219,5.743,63.922,2.996,0,5060532,257892,186320,2489388,8200.972,1456.219,0,2944.400,0,334.591,6580,9202,1.240,1.200,1.180,1,0,0,0,0,18,277,0,31,0
19-02 00:10:47,24.283,4.506,66.841,1.502,0.501,5060352,257892,186320,2489568,6426.710,1568.125,0,4454.037,0,287.390,5526,7067,1.300,1.210,1.180,2,0,0,0,0,18,277,0,31,0
19-02 00:10:48,24.489,4.498,67.469,0.750,0,5060260,257892,186320,2489660,8938.922,1511.311,0,1359.380,0,128.941,5761,7408,1.300,1.210,1.180,1,0,0,0,0,18,278,0,33,0
19-02 00:10:49,23.757,5.001,67.769,1.000,0,5060200,257892,186320,2489720,10928.043,1458.406,0,1560.434,0,125.035,5317,6699,1.300,1.210,1.180,1,0,0,0,0,18,277,0,30,0
19-02 00:10:50,25.967,5.743,63.418,2.497,0,5059908,257952,186320,2489952,5982.285,1563.983,0,5904.385,0,754.028,6567,8761,1.300,1.210,1.180,3,0,0.999,0,0,18,277,0,30,0
19-02 00:10:51,24.521,4.504,66.308,2.002,0,5059708,257952,186320,2490152,10098.829,1513.323,0,2490.177,0,236.207,5634,7614,1.300,1.210,1.180,1,0,0,0,0,18,277,0,30,0
19-02 00:10:52,24.011,4.002,68.532,0.500,0,5059640,257952,186320,2490220,6409.023,1458.688,0,1388.655,0,108.051,5267,6611,1.280,1.210,1.180,1,0,0,0,0,18,277,0,31,0
19-02 00:10:53,21.751,4.000,71.255,0.750,0.250,5059576,257952,186320,2490284,9119.606,1566.104,0,1292.086,0,99.007,4980,6284,1.280,1.210,1.180,1,0,0,0,0,18,277,0,30,0
19-02 00:10:54,4.498,1.499,91.969,0.500,0,5059504,257952,186320,2490356,6472.823,1511.492,59.980,567.809,2.999,28.990,1704,2100,1.280,1.210,1.180,2,0,0,0,0,18,277,0,30,0
19-02 00:10:55,24.017,6.004,66.298,1.751,0,5059316,257952,186320,2490544,4952.553,1459.047,0,1857.333,0,218.157,5920,8006,1.280,1.210,1.180,2,0,0,0,0,18,277,0,30,0
19-02 00:10:56,25.741,4.498,64.978,1.999,0,5059468,257700,186320,2490644,8779.067,1565.477,0,2239.252,0,248.917,5949,7981,1.280,1.210,1.180,1,0,1.000,0,0,18,277,0,30,0
19-02 00:10:57,25.245,4.749,66.486,1.250,0,5059396,257700,186320,2490716,41025.170,1553.666,0,1759.621,0,166.964,5514,6953,1.340,1.220,1.190,4,0,0,0,0,18,277,0,28,0
19-02 00:10:58,25.239,5.498,65.472,1.999,0,5059180,257700,186320,2490932,42590.005,1499.366,0,7256.934,0,460.805,6326,8449,1.340,1.220,1.190,1,0,0,0,0,18,277,0,28,0
19-02 00:10:59,26.232,4.497,66.705,0.999,0,5059052,257700,186320,2491060,10748.733,1564.942,31.978,1534.962,0.999,184.875,5746,7325,1.340,1.220,1.190,3,0,0,0,0,18,277,0,28,0
19-02 00:11:00,24.428,4.487,66.802,1.246,0,5058992,257700,186320,2491120,8488.824,1507.529,0,1375.919,0,162.518,5514,7002,1.340,1.220,1.190,1,0,0.997,0,0,18,277,0,28,0
19-02 00:11:01,24.602,6.276,65.521,1.757,0.251,5058788,257700,186320,2491308,7694.771,1572.493,0,1703.032,0,192.796,5856,7624,1.340,1.220,1.190,2,0,6.025,0,0,18,277,0,26,0
19-02 00:11:02,29.660,7.477,56.328,2.243,0,5059148,256944,186320,2491704,5084.513,1453.572,0,2799.473,0,286.128,7804,11155,1.310,1.220,1.180,4,0,0.997,0,0,18,277,0,26,0
19-02 00:11:03,27.326,5.766,64.429,1.003,0.251,5058564,257308,186320,2491924,5499.277,1516.212,0,1957.438,0,188.524,5795,7427,1.310,1.220,1.180,1,0,0,0,0,18,277,0,26,0
19-02 00:11:04,27.748,5.000,63.746,1.250,0,5058464,257308,186320,2492024,10228.330,1565.897,0,1751.885,0,132.991,5809,7083,1.310,1.220,1.180,3,0,0,0,0,18,276,0,28,0
19-02 00:11:05,24.260,4.752,68.278,0.750,0,5058276,257308,186320,2492212,7283.012,1458.603,0,1300.538,0,103.043,5340,6731,1.310,1.220,1.180,1,0,0,0,0,18,277,0,25,0
19-02 00:11:06,24.243,4.749,68.229,1.000,0.250,5058204,257308,186320,2492284,9748.990,1511.533,0,1207.627,0,141.956,5283,6272,1.310,1.220,1.180,2,0,0,0,0,18,276,0,25,0
19-02 00:11:07,15.253,4.251,76.013,2.250,0,5058128,257308,186320,2492360,8421.419,1566.264,0,5912.997,0,442.075,4365,6418,1.440,1.250,1.190,0,0,0,0,0,18,276,0,26,0
19-02 00:11:08,11.997,1.999,82.976,0.750,0.250,5058080,257308,186320,2492408,9618.267,1457.586,0,1079.693,0,103.970,2825,3513,1.440,1.250,1.190,2,0,0,0,0,18,277,0,27,0
19-02 00:11:09,10.249,2.750,83.244,2.000,0,5057296,257892,186320,2492608,9968.263,1511.888,0,3523.740,0,218.984,3441,4963,1.440,1.250,1.190,2,0,0,0,0,18,276,0,28,0
19-02 00:11:10,18.757,2.501,76.028,1.000,0,5055704,259424,186320,2492668,5193.899,1660.607,0,7526.752,0,936.342,4225,4756,1.440,1.250,1.190,2,0,1.000,0,0,18,277,0,28,0
19-02 00:11:11,22.763,4.503,67.539,2.001,0.250,5055628,259424,186320,2492744,6339.667,1458.844,0,2085.206,0,234.135,5910,8091,1.440,1.250,1.190,3,0,0,0,0,18,278,0,28,0
19-02 00:11:12,25.946,5.738,64.117,1.996,0,5055548,259428,186320,2492820,8205.980,1508.870,0,2506.801,0,278.423,5885,7944,1.410,1.240,1.190,1,0,0,0,0,18,277,0,28,0
19-02 00:11:13,26.287,6.259,60.585,4.256,0,5055520,259204,186320,2493072,7544.600,1568.203,32.045,8291.650,1.001,642.903,6855,9962,1.410,1.240,1.190,2,0,0,0,0,18,277,0,28,0
19-02 00:11:14,25.754,5.001,65.009,1.750,0,5055420,259204,186320,2493172,9733.333,1458.200,0,3516.482,0,338.046,6750,9630,1.410,1.240,1.190,1,0,0,0,0,18,277,0,28,0
19-02 00:11:15,23.756,4.501,68.517,0.750,0,5055220,259204,186320,2493372,8162.049,1512.380,0,996.250,0,89.022,5180,6444,1.410,1.240,1.190,1,0,0,0,0,18,277,0,29,0
19-02 00:11:16,23.748,4.000,68.996,0.500,0,5055152,259204,186320,2493440,10255.344,1565.900,0,955.939,0,84.995,4946,6082,1.410,1.240,1.190,1,0,0,0,0,18,278,0,30,0
19-02 00:11:17,16.244,3.999,75.973,1.499,0,5055340,258952,186320,2493504,7949.133,1457.474,0,1619.416,0,188.932,4032,5508,1.540,1.270,1.200,0,0,0,0,0,18,276,0,31,0
19-02 00:11:18,11.748,2.250,84.484,0.750,0,5055316,258952,186320,2493528,5688.907,1511.709,0,1083.792,0,105.980,2797,3610,1.540,1.270,1.200,3,0,0,0,0,18,277,0,31,0
19-02 00:11:19,23.507,3.751,66.770,1.751,0,5055120,258952,186320,2493724,8410.500,1566.466,0,2076.617,0,229.068,5821,7857,1.540,1.270,1.200,1,0,0,0,0,18,277,0,31,0
19-02 00:11:20,25.543,7.262,63.105,2.254,0.250,5054988,258952,186320,2493856,9057.091,1460.433,32.053,2968.947,1.002,348.581,6638,9435,1.540,1.270,1.200,1,0,1.002,0,0,18,277,0,31,0
19-02 00:11:21,25.457,5.740,62.145,3.245,0.250,5054936,258952,186320,2493916,5525.664,1509.450,0,7483.357,0,550.071,6630,9378,1.540,1.270,1.200,1,0,1.997,0,0,18,277,0,31,0
19-02 00:11:22,24.000,4.750,68.251,1.250,0,5055464,258196,186320,2494144,8241.112,1566.021,0,1344.018,0,109.001,5228,6691,1.650,1.300,1.210,1,0,0,0,0,18,277,0,31,0
19-02 00:11:23,24.002,4.750,68.506,0.750,0,5055652,257944,186320,2494208,6472.558,1458.126,0,1064.092,0,96.008,5273,6653,1.650,1.300,1.210,1,0,0,0,0,18,277,0,31,0
19-02 00:11:24,10.002,2.500,84.015,1.500,0,5055588,257944,186320,2494272,8967.586,1512.268,0,2044.362,0,197.035,3214,4706,1.650,1.300,1.210,1,0,0,0,0,18,276,0,32,0
19-02 00:11:25,17.502,3.250,76.007,1.000,0,5055392,257944,186320,2494468,6956.667,1458.140,0,1456.140,0,145.014,4008,5097,1.650,1.300,1.210,1,0,0,0,0,18,277,0,32,0
19-02 00:11:26,24.740,4.248,67.222,1.499,0,5055320,257944,186320,2494548,5365.785,1619.331,0,1735.284,0,194.920,5675,7765,1.650,1.300,1.210,2,0,0,0,0,18,277,0,31,0
19-02 00:11:27,24.507,5.502,64.769,2.251,0,5055508,257692,186320,2494612,43183.409,1458.419,0,2592.745,0,278.080,5929,8119,1.600,1.290,1.210,1,0,0,0,0,18,277,0,31,0
19-02 00:11:28,25.240,4.748,65.724,0.750,0,5055296,257692,186320,2494824,39237.253,1457.415,0,1887.243,0,181.927,5795,7359,1.600,1.290,1.210,2,0,0,0,0,18,277,0,31,0
19-02 00:11:29,36.221,9.242,52.208,1.249,0,5057644,255220,186320,2494948,7447.951,1564.729,0,1674.640,0,152.876,6920,15183,1.600,1.290,1.210,3,0,35.971,0,0,18,277,0,33,0
19-02 00:11:30,23.793,6.762,65.868,2.004,0.250,5057588,255220,186320,2495004,11354.286,1514.706,0,9424.839,0,645.153,5741,7227,1.600,1.290,1.210,2,2,1.002,0,0,18,277,0,22,0
19-02 00:11:31,7.745,1.749,87.189,0.999,0,5057108,255476,186320,2495228,7644.671,1456.984,15.989,3497.562,0.999,596.584,3049,4075,1.600,1.290,1.210,0,0,0,0,0,18,276,0,24,0
19-02 00:11:32,19.999,3.500,73.248,1.000,0,5057004,255476,186320,2495332,8362.764,1457.959,0,1351.962,0,144.996,4596,5729,1.710,1.320,1.220,3,0,0,0,0,18,277,0,25,0
19-02 00:11:33,24.643,5.476,65.714,1.991,0,5056944,255476,186320,2495392,8310.831,1559.214,0,1947.524,0,235.973,5638,7895,1.710,1.320,1.220,2,0,0,0,0,18,277,0,25,0
19-02 00:11:34,24.842,6.022,64.489,2.258,0,5056860,255476,186320,2495476,4971.398,1517.616,0,2589.584,0,286.059,5991,8279,1.710,1.320,1.220,1,0,0,0,0,18,277,0,23,0
19-02 00:11:35,25.264,4.753,66.536,1.001,0,5056664,255476,186320,2495672,8180.378,1458.781,0,1828.979,0,189.101,5519,7227,1.710,1.320,1.220,3,0,0,0,0,18,277,0,23,0
19-02 00:11:36,23.502,4.750,68.257,0.750,0.250,5057340,254720,186320,2495752,8082.834,1458.151,0,1276.132,0,98.010,5240,6524,1.710,1.320,1.220,2,0,0,0,0,18,277,0,23,0
19-02 00:11:37,24.002,4.250,68.506,0.750,0,5057116,254720,186320,2495976,8071.689,1458.124,0,1488.127,0,121.010,4900,5983,1.660,1.320,1.220,1,0,0,0,0,18,277,0,23,0
19-02 00:11:38,8.998,2.999,82.982,2.749,0.250,5057076,254720,186320,2496016,8682.103,1619.646,0,5978.693,0,410.910,3221,5010,1.660,1.320,1.220,0,0,0,0,0,18,276,0,24,0
19-02 00:11:39,19.733,3.497,73.687,1.249,0,5057008,254720,186320,2496084,8358.886,1456.760,0,1466.752,0,166.858,4504,5832,1.660,1.320,1.220,1,1,0,0,0,18,277,0,24,0
19-02 00:11:40,25.269,5.504,65.048,1.251,0,5056940,254720,186320,2496152,6872.035,1459.069,0,3838.813,0,264.194,5748,7719,1.660,1.320,1.220,2,1,1.001,0,0,18,277,0,24,0
19-02 00:11:41,26.009,5.502,63.271,2.501,0,5056724,254720,186320,2496368,4819.597,1458.483,0,2704.896,0,314.104,6369,8989,1.660,1.320,1.220,2,0,0,0,0,18,277,0,24,0
19-02 00:11:42,23.754,4.501,68.261,0.750,0,5057644,253712,186320,2496456,5735.931,1620.263,0,1256.204,0,115.019,5480,7037,1.600,1.310,1.220,1,0,0,0,0,18,277,0,22,0
19-02 00:11:43,23.250,4.000,68.499,1.000,0,5057836,253460,186320,2496516,8542.827,1457.971,0,1475.970,0,119.998,5198,6706,1.600,1.310,1.220,3,0,0,0,0,18,277,0,22,0
19-02 00:11:44,24.492,5.248,66.979,1.500,0,5057876,253208,186320,2496728,6535.926,1457.537,0,1347.572,0,147.953,5357,6809,1.600,1.310,1.220,1,0,0,0,0,18,277,0,23,0
19-02 00:11:45,25.757,4.501,65.268,1.500,0.250,5058076,252956,186320,2496780,8061.191,1458.396,0,2216.603,0,247.067,5994,8210,1.600,1.310,1.220,2,0,0,0,0,18,277,0,24,0
19-02 00:11:46,25.242,6.998,61.480,3.999,0.250,5057264,253652,186320,2496896,8071.381,1457.527,0,12931.804,0,1221.604,7654,10599,1.600,1.310,1.220,1,0,0,0,0,18,277,0,24,0
19-02 00:11:47,23.493,4.249,68.730,0.500,0,5057060,253652,186320,2497100,12074.499,1619.530,0,995.711,0,84.975,5195,6402,1.560,1.310,1.220,2,0,0,0,0,18,276,1,25,0
19-02 00:11:48,25.017,5.003,66.796,1.251,0,5056976,253652,186320,2497184,10408.202,1459.010,0,1336.925,0,139.096,5694,7321,1.560,1.310,1.220,1,0,0,0,0,18,277,0,26,0
19-02 00:11:49,18.249,4.000,73.995,1.500,0.250,5057080,253400,186320,2497332,4770.681,1457.902,0,1823.878,0,213.986,4589,6306,1.560,1.310,1.220,0,0,0,0,0,18,276,0,27,0
19-02 00:11:50,9.983,1.497,85.602,0.749,0,5057300,253148,186320,2497364,8701.006,1455.492,0,1138.039,0,111.807,2597,3409,1.560,1.310,1.220,1,0,0.998,0,0,18,277,0,25,0
19-02 00:11:51,23.533,4.506,67.344,2.003,0.250,5057500,252896,186320,2497416,10171.161,1622.259,0,2291.190,0,266.371,6123,8556,1.560,1.310,1.220,3,0,0,0,0,18,277,0,26,0
19-02 00:11:52,25.264,6.003,62.535,3.002,0.250,5057608,252644,186320,2497560,7240.075,1458.821,0,3622.039,0,401.226,6589,9448,1.510,1.300,1.220,3,0,0,0,0,18,277,0,27,0
19-02 00:11:53,25.492,4.499,64.730,2.749,0,5057548,252644,186320,2497620,10075.902,1457.552,0,6813.905,0,474.854,5986,8267,1.510,1.300,1.220,2,0,0,0,0,18,277,0,27,0
19-02 00:11:54,23.506,4.501,68.767,0.500,0,5058240,251888,186320,2497684,8644.075,1662.399,0,1072.257,0,91.022,4993,6344,1.510,1.300,1.220,1,0,0,0,0,18,277,0,29,0
19-02 00:11:55,24.730,3.997,68.695,0.749,0,5058728,251132,186320,2497952,7895.636,1456.826,0,1139.082,0,112.909,5144,6501,1.510,1.300,1.220,1,0,0,0,0,18,277,0,28,0
19-02 00:11:56,23.263,4.503,68.790,1.001,0,5059192,250376,186320,2498244,7775.484,1458.841,16.009,1076.621,1.001,84.048,5099,6317,1.510,1.300,1.220,2,0,0,0,0,18,277,0,29,0
19-02 00:11:57,10.243,2.498,84.439,1.249,0,5059128,250376,186320,2498308,39569.502,1498.920,0,1590.854,0,180.870,3150,4485,1.390,1.280,1.210,1,0,0,0,0,18,276,0,30,0
19-02 00:11:58,18.511,3.252,75.296,1.001,0.250,5059516,249872,186320,2498424,20860.669,1663.010,0,1584.963,0,167.101,4330,5474,1.390,1.280,1.210,1,0,0,0,0,18,277,0,32,0
19-02 00:11:59,23.490,5.997,67.221,1.499,0,5059464,249872,186320,2498476,29241.398,1457.372,0,2083.102,0,216.907,6092,8163,1.390,1.280,1.210,1,0,0,0,0,18,277,0,32,0
19-02 00:12:00,27.203,5.990,62.143,2.246,0,5059732,249372,186320,2498708,5466.576,1455.491,0,2631.464,0,280.516,6375,8872,1.390,1.280,1.210,3,1,1.997,0,0,18,277,0,32,0
19-02 00:12:01,25.051,8.016,61.123,3.758,0,5057916,251124,186320,2498772,8213.584,1460.950,0,11054.320,0,1159.341,7261,9618,1.390,1.280,1.210,2,0,6.012,0,0,18,277,0,33,0
19-02 00:12:02,24.505,4.501,66.264,2.000,0,5057364,251444,186320,2499004,7302.591,1512.329,0,3164.689,0,265.058,5976,7893,1.360,1.270,1.210,1,0,0,0,0,18,277,0,34,0
19-02 00:12:03,23.740,4.498,67.473,1.000,0,5055272,253388,186320,2499152,8644.525,1565.371,0,1375.447,0,140.943,5611,7090,1.360,1.270,1.210,3,0,0,0,0,18,277,0,34,0
19-02 00:12:04,29.827,8.021,58.903,0.752,0,5057952,250484,186320,2499376,6774.597,1461.797,0,1295.365,0,112.292,7291,9991,1.360,1.270,1.210,3,0,1.003,0,0,18,277,0,34,0
19-02 00:12:05,26.184,3.741,66.583,0.998,0,5059248,248972,186320,2499592,4405.958,1454.355,0,1380.540,0,135.660,5081,6183,1.360,1.270,1.210,2,0,0,0,0,18,278,0,38,0
19-02 00:12:06,27.001,6.250,63.503,2.000,0.250,5059388,248748,186320,2499676,11249.611,1512.082,0,2020.110,0,233.013,6533,8604,1.360,1.270,1.210,1,0,0,0,0,18,277,0,39,0
19-02 00:12:07,23.485,4.997,65.709,1.499,0.250,5058440,249636,186320,2499736,6159.125,1565.015,0,2290.559,0,247.844,5749,7878,1.330,1.270,1.210,5,0,0,0,0,18,277,0,37,0
19-02 00:12:08,24.266,6.254,64.542,2.752,0,5058440,249412,186320,2499960,9407.185,1458.959,0,6216.087,0,436.287,6193,8598,1.330,1.270,1.210,1,0,0,0,0,18,277,0,38,0
19-02 00:12:09,24.760,4.252,68.277,1.000,0,5058856,248936,186320,2500020,10180.007,1458.574,0,1092.430,0,88.035,5248,6616,1.330,1.270,1.210,2,0,0,0,0,18,277,0,38,0
19-02 00:12:10,24.741,4.248,66.725,1.000,0,5059656,247928,186320,2500228,9891.272,1511.430,0,1295.512,0,136.948,5144,6416,1.330,1.270,1.210,2,0,1.000,0,0,18,277,0,38,0
19-02 00:12:11,23.241,4.748,68.224,1.250,0.250,5059408,248100,186320,2500304,8375.809,1659.368,0,3202.780,0,184.930,5614,7368,1.330,1.270,1.210,1,0,0,0,0,18,278,0,35,0
19-02 00:12:12,25.003,5.751,64.258,2.750,0,5059784,247624,186320,2500404,5207.656,1458.184,0,2916.367,0,343.043,6474,9286,1.300,1.270,1.200,6,0,0,0,0,18,277,0,35,0
19-02 00:12:13,23.760,5.002,65.528,1.501,0,5060088,247120,186320,2500604,4640.964,1458.617,0,2557.082,0,244.103,5973,8279,1.300,1.270,1.200,1,0,0,0,0,18,277,0,35,0
19-02 00:12:14,24.715,4.743,67.655,1.248,0,5057452,245864,186324,2504520,8804.649,1509.882,3.994,1745.551,0.999,144.797,5533,7312,1.300,1.270,1.200,2,1,3.994,0,0,18,277,0,35,0
19-02 00:12:15,27.535,8.511,58.325,2.003,0,5057384,242156,186324,2508280,9194.786,1568.010,0,10897.969,0,1062.362,6717,7995,1.300,1.270,1.200,1,0,1.001,0,0,18,277,0,35,0
19-02 00:12:16,24.232,5.746,66.700,1.999,0.250,5053600,245856,186324,2508364,12869.417,1456.915,0,1810.652,0,231.827,6122,8405,1.300,1.270,1.200,2,0,0.999,0,0,18,277,0,35,0
19-02 00:12:17,25.515,5.253,64.788,2.001,0,5053764,245612,186324,2508444,24557.472,1458.860,0,2109.243,0,262.154,6202,8322,1.360,1.280,1.210,1,0,0,0,0,18,277,0,35,0
19-02 00:12:18,25.685,4.489,65.584,0.997,0.249,5053544,245632,186324,2508644,8208.239,1508.185,0,1587.983,0,166.579,5841,7627,1.360,1.280,1.210,1,0,0,0,0,18,277,0,36,0
19-02 00:12:19,25.307,5.011,67.150,1.253,0,5054088,244876,186324,2508856,7983.865,1569.512,0,1302.915,0,120.269,5289,6471,1.360,1.280,1.210,2,0,0,0,0,18,277,0,35,0
19-02 00:12:20,24.188,4.738,67.826,0.499,0,5055292,243620,186324,2508908,5592.633,1454.264,0,1093.192,0,93.759,5037,6131,1.360,1.280,1.210,2,0,0.997,0,0,18,277,0,35,0
19-02 00:12:21,24.568,4.512,67.437,1.003,0,5055200,243620,186324,2509000,4561.627,1462.047,0,1448.008,0,150.416,5154,6477,1.360,1.280,1.210,1,0,2.006,0,0,18,277,0,35,0
19-02 00:12:22,25.732,4.997,64.956,1.749,0,5055232,243396,186324,2509192,8648.114,1510.972,0,2218.490,0,236.839,5633,7329,1.250,1.260,1.200,1,0,0,0,0,18,277,0,35,0
19-02 00:12:23,26.168,5.234,63.551,2.492,0.249,5053884,244668,186324,2509268,8110.558,1561.103,0,2719.469,0,319.996,6396,9054,1.250,1.260,1.200,1,0,0.997,0,0,18,277,0,36,0
19-02 00:12:24,25.108,4.771,65.281,2.511,0,5056176,242160,186324,2509480,8661.230,1464.294,0,6845.425,0,435.874,5827,7670,1.250,1.260,1.200,1,0,0,0,0,18,277,0,37,0
19-02 00:12:25,23.741,3.999,68.725,0.500,0,5056848,241404,186324,2509564,6640.590,1457.471,0,983.643,0,90.967,5213,6512,1.250,1.260,1.200,2,0,0,0,0,18,277,0,38,0
19-02 00:12:26,21.254,5.001,70.513,1.250,0.250,5056536,241660,186324,2509620,8979.619,1512.273,0,2068.373,0,182.033,4814,6286,1.250,1.260,1.200,1,0,0,0,0,18,276,0,40,0
19-02 00:12:27,7.251,1.250,90.759,0.250,0,5056864,241184,186324,2509768,43276.478,1566.162,0,592.061,0,34.004,1660,1916,1.150,1.230,1.190,2,0,0,0,0,18,277,0,39,0
19-02 00:12:28,22.642,4.727,67.180,1.493,0,5057032,240960,186324,2509824,30338.332,1451.081,0,1616.293,0,187.108,5629,7257,1.150,1.230,1.190,1,0,0,0,0,18,277,0,39,0
19-02 00:12:29,35.413,10.297,50.734,2.009,0,5065360,232452,186324,2509988,18860.844,1464.744,16.074,2917.433,1.005,345.591,7535,15476,1.150,1.230,1.190,1,0,36.167,0,0,18,277,0,40,0
19-02 00:12:30,26.248,5.750,62.995,2.000,0,5065276,232452,186324,2510072,8318.332,1511.879,0,2715.782,0,304.976,6205,8516,1.150,1.230,1.190,2,0,1.000,0,0,18,277,0,40,0
19-02 00:12:31,23.760,4.252,69.778,0.750,0,5065628,231976,186324,2510196,6549.623,1458.584,0,1556.623,0,108.043,4633,5777,1.150,1.230,1.190,1,0,0,0,0,18,278,0,37,0
19-02 00:12:32,23.230,5.495,66.443,1.249,0,5065300,231976,186324,2510524,8404.793,1564.658,0,10179.272,0,219.812,5589,7160,1.140,1.230,1.190,3,0,0,0,0,18,277,0,37,0
19-02 00:12:33,25.768,5.504,63.544,2.752,0.250,5065968,231248,186324,2510584,6476.518,1459.018,0,7657.342,0,515.360,6007,8349,1.140,1.230,1.190,1,0,0,0,0,18,277,0,37,0
19-02 00:12:34,23.243,4.749,68.229,0.750,0.250,5065144,231980,186324,2510676,8688.387,1619.513,0,1211.636,0,109.967,5255,6637,1.140,1.230,1.190,1,0,0,0,0,18,277,0,38,0
19-02 00:12:35,24.004,5.501,67.761,1.750,0,5065204,231728,186324,2510864,8154.266,1512.235,0,1840.286,0,188.029,5246,6788,1.140,1.230,1.190,1,0,0,0,0,18,277,0,38,0
19-02 00:12:36,24.745,4.999,66.487,1.500,0,5065376,231476,186324,2510944,6890.678,1619.689,0,1791.656,0,193.963,5683,7504,1.140,1.230,1.190,1,0,0,0,0,18,277,0,36,0
19-02 00:12:37,23.012,5.253,67.285,1.751,0,5066168,230468,186324,2511160,8050.218,1620.849,0,1880.986,0,218.114,5254,6955,1.210,1.240,1.200,1,0,0,0,0,18,276,0,37,0
19-02 00:12:38,3.998,0.999,93.201,0.500,0,5066164,230468,186324,2511164,7237.209,1619.152,0,1431.250,0,83.956,1523,2109,1.210,1.240,1.200,1,0,0,0,0,18,277,0,37,0
19-02 00:12:39,24.471,5.244,65.922,1.498,0,5066092,230468,186324,2511236,5269.783,1618.091,0,2105.516,0,223.736,5660,7348,1.210,1.240,1.200,4,0,0,0,0,18,277,0,37,0
19-02 00:12:40,26.293,4.507,64.606,2.003,0,5066764,229716,186324,2511316,8692.264,1568.574,0,2576.227,0,272.447,5897,7921,1.210,1.240,1.200,2,0,1.002,0,0,18,276,1,36,0
19-02 00:12:41,24.999,4.500,67.997,0.750,0.250,5068312,227952,186324,2511532,6325.697,1619.922,0,1563.925,0,125.994,4996,6130,1.210,1.240,1.200,1,0,0,0,0,18,277,0,36,0
19-02 00:12:42,23.995,5.249,64.487,2.749,0,5068292,227952,186324,2511552,8522.229,1511.686,0,7198.504,0,488.898,6186,8474,1.350,1.270,1.210,2,0,0,0,0,18,277,0,37,0
19-02 00:12:43,25.000,4.500,66.750,1.250,0.250,5068296,227700,186324,2511800,8591.031,1566.006,0,2400.009,0,204.001,5353,7050,1.350,1.270,1.210,4,0,0,0,0,18,277,0,37,0
19-02 00:12:44,23.743,4.749,67.730,1.250,0,5069260,226692,186324,2511844,6891.959,1511.552,0,1267.625,0,123.963,5247,6688,1.350,1.270,1.210,2,0,0,0,0,18,277,0,35,0
19-02 00:12:45,23.226,5.245,65.933,1.249,0,5069416,226440,186324,2511940,8453.389,1564.406,0,1718.250,0,193.803,5503,7248,1.350,1.270,1.210,3,0,0,0,0,18,277,0,37,0
19-02 00:12:46,4.257,1.252,93.152,1.002,0,5069512,226188,186324,2512096,6991.398,1460.381,0,1298.116,0,97.158,1819,2743,1.350,1.270,1.210,0,0,0,0,0,18,276,0,37,0
19-02 00:12:47,22.284,4.006,69.855,1.002,0,5069452,226188,186324,2512156,8227.384,1514.279,0,4931.423,0,414.624,5188,6470,1.320,1.270,1.210,1,0,0,0,0,18,278,0,37,0
19-02 00:12:48,26.451,5.739,64.131,1.996,0,5069396,226188,186324,2512212,8826.588,1563.094,0,2291.739,0,255.525,5748,7769,1.320,1.270,1.210,2,0,0,0,0,18,277,0,34,0
19-02 00:12:49,26.254,4.501,64.261,2.000,0.250,5069288,226188,186324,2512320,8120.376,1512.256,0,2552.433,0,288.049,6179,8459,1.320,1.270,1.210,2,0,0,0,0,18,277,0,34,0
19-02 00:12:50,24.979,4.246,67.193,0.999,0,5070348,224928,186324,2512520,8586.745,1456.769,0,1582.663,0,141.880,5477,6950,1.320,1.270,1.210,3,0,0.999,0,0,18,277,0,34,0
19-02 00:12:51,17.014,5.004,73.812,2.752,0,5070272,224928,186324,2512596,5873.945,1567.319,0,7774.545,0,543.458,4934,7367,1.320,1.270,1.210,0,0,0,0,0,18,276,0,35,0
19-02 00:12:52,10.747,1.500,84.979,1.000,0.250,5070216,224928,186324,2512652,5846.551,1511.625,0,1195.704,0,82.979,2583,3272,1.220,1.250,1.200,4,0,0,0,0,18,277,0,32,0
19-02 00:12:53,9.001,2.750,85.258,1.000,0,5070024,224928,186324,2512844,8728.822,1458.137,0,1268.119,0,138.013,2756,3939,1.220,1.250,1.200,1,0,0,0,0,18,276,0,33,0
19-02 00:12:54,18.250,3.500,75.748,0.750,0,5070212,224676,186324,2512908,8669.775,1565.959,0,1107.971,0,113.997,4004,5028,1.220,1.250,1.200,2,0,0,0,0,18,278,0,33,0
19-02 00:12:55,26.242,5.748,62.981,1.999,0,5070408,224424,186324,2512964,8735.402,1511.550,0,2531.247,0,280.916,6067,8034,1.220,1.250,1.200,1,0,0,0,0,18,277,0,33,0
19-02 00:12:56,24.017,4.753,68.300,0.500,0,5070440,224172,186324,2513184,6607.804,1459.061,0,1248.908,0,106.077,5301,6692,1.220,1.250,1.200,2,0,0,0,0,18,277,0,32,0
19-02 00:12:57,15.742,3.998,76.213,1.999,0,5070972,223428,186324,2513380,42841.471,1661.204,0,2063.011,0,209.899,4171,5439,1.360,1.280,1.210,0,0,0,0,0,18,276,0,34,0
19-02 00:12:58,12.786,2.256,82.982,0.752,0,5071312,222924,186324,2513540,30710.839,1504.204,0,1335.733,0,137.384,3446,4540,1.360,1.280,1.210,1,0,0,0,0,18,277,0,34,0
19-02 00:12:59,25.931,4.987,64.328,1.995,0,5071592,222420,186324,2513764,17536.088,1454.110,0,2740.668,0,309.173,6639,9223,1.360,1.280,1.210,1,0,0,0,0,18,277,0,34,0
19-02 00:13:00,24.504,5.001,68.012,1.000,0,5072384,221412,186324,2513980,5631.030,1620.296,0,1748.320,0,135.025,5262,6565,1.360,1.280,1.210,1,0,1.000,0,0,18,277,0,30,0
19-02 00:13:01,25.252,5.750,64.255,1.750,0.500,5072580,221160,186324,2514036,8299.679,1458.119,0,6052.495,0,382.031,5714,7609,1.360,1.280,1.210,2,0,6.000,0,0,18,277,0,30,0
19-02 00:13:02,22.722,4.994,68.416,1.248,0,5073264,220404,186324,2514108,6577.876,1510.135,0,1074.673,0,87.891,5171,6343,1.330,1.270,1.210,2,0,0,0,0,18,278,0,30,0
19-02 00:13:03,14.768,3.004,78.847,1.252,0,5073084,220404,186324,2514288,9574.743,1567.923,0,1762.161,0,203.249,3922,5500,1.330,1.270,1.210,2,0,0,0,0,18,276,0,32,0
19-02 00:13:04,13.266,2.753,80.600,1.252,0,5073044,220404,186324,2514336,6601.186,1459.810,0,1177.460,0,120.149,3181,4017,1.330,1.270,1.210,3,0,0,0,0,18,277,0,30,0
19-02 00:13:05,8.235,1.747,86.342,0.749,0,5072996,220404,186324,2514384,9254.029,1617.034,0,1325.569,0,139.744,2705,3854,1.330,1.270,1.210,0,0,0,0,0,18,276,0,31,0
19-02 00:13:06,21.741,3.499,71.970,1.249,0,5073184,220152,186324,2514448,7838.762,1457.398,0,1487.386,0,169.930,4996,6518,1.330,1.270,1.210,3,0,0,0,0,18,277,0,31,0
19-02 00:13:07,29.464,8.739,57.430,1.248,0,5074856,218136,186324,2514792,4904.997,1456.218,0,1861.721,0,198.757,7563,10696,1.380,1.280,1.210,1,0,0.999,0,0,18,277,0,31,0
19-02 00:13:08,29.957,6.241,59.664,2.247,0,5074776,218136,186324,2514872,8563.646,1617.666,0,7165.663,0,551.205,6986,9378,1.380,1.280,1.210,3,0,0.999,0,0,18,276,0,27,1
19-02 00:13:09,27.564,5.513,61.392,3.007,0,5075016,217660,186324,2515104,8030.525,1461.371,0,6286.502,0,512.182,6615,9273,1.380,1.280,1.210,1,0,0,0,0,18,276,1,27,0
19-02 00:13:10,25.031,5.006,66.833,1.001,0.250,5074940,217660,186324,2515180,4998.200,1459.811,0,1449.798,0,123.153,5753,7435,1.380,1.280,1.210,1,0,1.001,0,0,18,277,0,29,0
19-02 00:13:11,23.248,4.500,68.993,0.500,0,5075004,217408,186324,2515368,10141.917,1551.834,0,1171.875,0,81.991,5067,6366,1.380,1.280,1.210,2,0,0,0,0,18,277,0,30,0
19-02 00:13:12,23.495,5.249,68.487,0.750,0,5074928,217408,186324,2515444,9301.216,1759.662,0,1739.666,0,140.973,5403,6769,1.350,1.280,1.210,1,0,0,0,0,18,278,0,30,0
19-02 00:13:13,13.751,2.750,80.006,1.250,0,5074880,217408,186324,2515492,10020.788,1458.115,0,1592.125,0,178.014,3607,4979,1.350,1.280,1.210,0,0,0,0,0,18,276,0,32,0
19-02 00:13:14,13.528,2.756,81.418,1.002,0,5074816,217408,186324,2515556,7660.818,1461.017,0,1122.317,0,101.209,2921,3680,1.350,1.280,1.210,1,1,0,0,0,18,277,0,32,0
19-02 00:13:15,6.970,1.992,87.877,0.747,0.498,5074652,217408,186324,2515720,5938.808,1451.841,0,1338.323,0,148.371,2499,3927,1.350,1.280,1.210,0,0,0,0,0,18,276,0,34,0
19-02 00:13:16,20.293,3.758,73.154,1.503,0.251,5075080,216904,186324,2515796,8157.202,1623.423,0,1418.992,0,155.328,4659,6035,1.350,1.280,1.210,1,0,0,0,0,18,277,0,33,0
19-02 00:13:17,24.255,5.251,66.513,1.500,0,5075008,216904,186324,2515868,7130.376,1458.281,0,2112.408,0,215.041,5667,7608,1.240,1.260,1.200,1,0,0,0,0,18,277,0,33,0
19-02 00:13:18,25.762,6.003,61.780,3.752,0,5074792,216904,186324,2516084,4844.343,1458.706,0,9628.658,0,833.403,6878,9765,1.240,1.260,1.200,3,0,0,0,0,18,277,0,33,0
19-02 00:13:19,26.732,4.997,62.708,2.248,0,5074704,216904,186324,2516172,8087.526,1457.014,0,2734.150,0,340.769,6758,9375,1.240,1.260,1.200,1,0,0,0,0,18,277,0,33,0
19-02 00:13:20,24.504,4.501,67.760,1.000,0,5075004,216400,186324,2516376,6539.974,1620.241,0,1296.193,0,111.017,5333,6733,1.240,1.260,1.200,1,0,1.000,0,0,18,277,0,34,0
19-02 00:13:21,24.506,4.751,67.266,1.000,0,5075708,215644,186324,2516428,8422.987,1458.344,0,1304.308,0,116.027,5474,6899,1.240,1.260,1.200,2,1,2.000,0,0,18,277,0,33,0
19-02 00:13:22,24.501,4.250,69.002,0.500,0.500,5075872,215392,186324,2516516,7574.200,1458.039,0,1076.028,0,94.002,5028,6083,1.310,1.270,1.210,2,0,0,0,0,18,277,0,34,0
19-02 00:13:23,17.997,4.749,72.740,1.500,0,5075660,215400,186324,2516720,4948.298,1457.793,0,2659.623,0,177.975,4591,6253,1.310,1.270,1.210,0,0,0,0,0,18,276,0,36,0
19-02 00:13:24,8.500,1.500,88.250,0.750,0.250,5075644,215400,186324,2516736,8642.035,1620.007,0,992.004,0,91.000,2278,2937,1.310,1.270,1.210,3,0,0,0,0,18,276,0,36,0
19-02 00:13:25,12.499,3.000,81.243,1.500,0,5075564,215400,186324,2516816,6689.457,1457.882,0,1675.864,0,164.987,3194,4527,1.310,1.270,1.210,1,0,0,0,0,18,276,0,35,0
19-02 00:13:26,16.010,2.502,78.801,1.001,0,5075512,215400,186324,2516868,8387.441,1458.946,0,1352.878,0,146.095,3476,4479,1.310,1.270,1.210,3,0,0,0,0,18,276,0,35,0
19-02 00:13:27,23.750,6.000,64.750,2.750,0,5075464,215400,186324,2516916,43281.092,1620.003,0,5924.013,0,427.001,6243,8510,1.440,1.300,1.220,7,0,0,0,0,18,277,0,35,0
19-02 00:13:28,25.738,4.998,64.219,1.999,0,5075216,215400,186324,2517164,27495.665,1457.293,0,2890.598,0,325.842,6693,9482,1.440,1.300,1.220,4,1,0,0,0,18,277,0,35,0
19-02 00:13:29,32.209,7.241,55.928,2.247,0,5108436,181884,186324,2519908,22224.423,1456.128,0,2464.831,0,280.639,6644,11878,1.440,1.300,1.220,7,0,33.956,0,0,18,277,0,32,0
19-02 00:13:30,28.781,7.258,60.816,1.251,0,5077744,212540,186324,2517496,4988.386,1621.751,0,1950.106,0,203.219,6207,12172,1.440,1.300,1.220,1,0,3.003,0,0,18,277,0,33,0
19-02 00:13:31,23.811,4.010,68.676,1.253,0,5078168,212036,186324,2517576,8841.721,1461.756,0,1616.153,0,153.394,4779,5960,1.440,1.300,1.220,1,0,0,0,0,18,277,0,34,0
19-02 00:13:32,7.481,2.244,87.522,1.496,0.249,5078384,211784,186324,2517612,10020.883,1454.210,0,1958.895,0,175.542,2544,3690,1.330,1.280,1.210,0,0,0,0,0,18,276,0,35,0
19-02 00:13:33,20.250,3.750,71.999,1.250,0,5078664,211308,186324,2517808,8873.865,1619.975,0,5243.920,0,466.993,4734,6042,1.330,1.280,1.210,1,0,0,0,0,18,278,0,34,0
19-02 00:13:34,25.251,6.000,61.253,3.750,0,5078576,211308,186324,2517896,9962.441,1458.065,0,8328.369,0,616.027,6487,9826,1.330,1.280,1.210,1,0,0,0,0,18,277,0,34,0
19-02 00:13:35,23.538,3.756,68.361,0.751,0,5078508,211308,186324,2517964,6466.523,1460.376,0,1923.130,0,126.205,5095,6393,1.330,1.280,1.210,1,0,0,0,0,18,278,0,34,0
19-02 00:13:36,14.476,3.993,78.621,1.248,0,5078320,211308,186324,2518152,9331.651,1455.606,0,2715.533,0,239.606,3863,5410,1.330,1.280,1.210,0,0,0,0,0,18,276,0,35,0
19-02 00:13:37,14.002,2.500,81.263,1.500,0.250,5078536,211056,186324,2518188,6869.077,1620.254,0,1168.183,0,111.017,3065,3954,1.300,1.270,1.210,2,0,0,0,0,18,277,0,34,0
19-02 00:13:38,23.991,4.998,67.474,1.000,0.250,5078448,211056,186324,2518276,4867.141,1457.443,0,1727.340,0,172.934,5061,6747,1.300,1.270,1.210,1,0,0,0,0,18,277,0,34,0
19-02 00:13:39,24.993,4.749,65.732,1.999,0,5078360,211056,186324,2518364,4828.667,1457.598,0,2251.378,0,227.937,5757,7534,1.300,1.270,1.210,1,0,0,0,0,18,277,0,34,0
19-02 00:13:40,23.492,5.248,66.978,1.250,0,5078468,210804,186324,2518508,9413.966,1619.478,0,2179.298,0,251.919,5278,7189,1.300,1.270,1.210,0,0,1.000,0,0,18,276,0,35,0
19-02 00:13:41,4.253,1.501,93.071,0.751,0,5078068,211204,186324,2518508,13802.575,1459.118,0,1112.853,0,56.043,1529,1971,1.300,1.270,1.210,1,0,0,0,0,18,277,0,33,0
19-02 00:13:42,19.002,3.750,74.008,1.500,0,5078104,210952,186324,2518724,9843.067,1458.158,0,2184.237,0,229.025,4267,5634,1.270,1.270,1.210,0,0,0,0,0,18,276,0,35,0
19-02 00:13:43,9.746,1.250,86.466,0.750,0,5078348,210700,186324,2518732,6839.279,1457.420,0,1535.389,0,132.947,2310,2962,1.270,1.270,1.210,1,0,0,0,0,18,277,0,35,0
19-02 00:13:44,24.762,6.253,62.781,3.002,0,5078248,210700,186324,2518832,12942.491,1458.732,0,7235.629,0,539.270,6697,9318,1.270,1.270,1.210,2,0,0,0,0,18,277,0,35,0
19-02 00:13:45,26.498,4.250,65.995,1.500,0,5078160,210700,186324,2518920,6391.555,1619.887,0,1895.868,0,188.987,5456,7010,1.270,1.270,1.210,1,0,0,0,0,18,277,0,35,0
19-02 00:13:46,23.005,4.251,68.264,0.750,0,5078512,210196,186324,2519072,4727.964,1458.297,0,1104.225,0,101.021,4956,6275,1.270,1.270,1.210,1,0,0,0,0,18,277,0,35,0
19-02 00:13:47,25.990,5.248,64.975,1.749,0.250,5078572,209944,186324,2519264,9142.449,1457.434,0,2315.101,0,246.904,5849,7908,1.250,1.260,1.210,1,0,0,0,0,18,277,0,35,0
19-02 00:13:48,24.503,4.251,67.509,1.000,0,5078864,209440,186324,2519476,7130.958,1620.218,0,1656.222,0,148.020,5499,6909,1.250,1.260,1.210,1,1,0,0,0,18,277,0,35,0
19-02 00:13:49,19.000,4.750,71.998,1.750,0,5079240,208964,186324,2519576,5295.885,1457.968,0,6331.863,0,555.988,5019,6706,1.250,1.260,1.210,0,0,0,0,0,18,276,0,34,0
19-02 00:13:50,9.252,1.500,86.768,1.000,0,5079472,208712,186324,2519596,8534.809,1458.309,0,1376.292,0,125.026,2540,3425,1.250,1.260,1.210,1,0,1.000,0,0,18,277,0,34,0
19-02 00:13:51,23.997,5.749,65.992,1.250,0,5079508,208460,186324,2519812,7833.055,1457.824,0,2183.736,0,241.971,5973,8128,1.250,1.260,1.210,1,0,0,0,0,18,277,0,34,0
19-02 00:13:52,24.995,5.499,62.738,3.499,0,5079420,208460,186324,2519900,8576.362,1619.691,0,7982.475,0,546.896,6691,9279,1.230,1.260,1.200,2,0,0,0,0,18,277,0,34,0
19-02 00:13:53,22.251,4.250,69.503,1.750,0.250,5080104,207704,186324,2519972,6707.299,1458.065,0,1860.083,0,198.009,4998,6575,1.230,1.260,1.200,1,0,0,0,0,18,276,0,33,0
19-02 00:13:54,5.500,1.250,91.995,0.250,0,5079952,207704,186324,2520124,4923.713,1457.915,0,2099.878,0,57.997,1570,2170,1.230,1.260,1.200,2,0,0,0,0,18,277,0,33,0
19-02 00:13:55,24.260,4.502,66.029,2.001,0.250,5079884,207704,186324,2520192,8325.596,1458.630,0,2184.944,0,254.110,5741,7884,1.230,1.260,1.200,2,0,0,0,0,18,277,0,33,0
19-02 00:13:56,24.999,4.500,66.496,1.500,0,5079788,207704,186324,2520288,10302.427,1619.910,0,2067.885,0,199.989,5413,6909,1.230,1.260,1.200,1,0,0,0,0,18,277,0,34,0
19-02 00:13:57,23.743,4.998,67.479,0.750,0,5080332,206948,186324,2520500,39749.851,1499.542,0,1827.441,0,166.949,5361,6913,1.210,1.250,1.200,1,0,0,0,0,18,277,0,30,0
19-02 00:13:58,7.252,2.001,88.523,1.500,0,5080544,206696,186324,2520540,20613.337,1500.388,0,1844.478,0,171.044,2605,3929,1.210,1.250,1.200,0,0,0,0,0,18,276,0,32,0
19-02 00:13:59,22.001,4.500,70.004,1.250,0,5080480,206696,186324,2520604,30424.595,1620.085,0,2264.119,0,246.013,5604,7716,1.210,1.250,1.200,2,0,0,0,0,18,277,0,32,0
19-02 00:14:00,25.999,5.750,62.748,3.250,0,5080640,206444,186324,2520696,8984.657,1457.944,0,7927.697,0,538.979,6469,9088,1.210,1.250,1.200,1,0,1.000,0,0,18,277,0,33,0
19-02 00:14:01,25.474,5.994,66.931,0.499,0,5082184,204680,186324,2520916,6738.090,1456.506,15.984,1034.939,0.999,80.917,4887,5762,1.210,1.250,1.200,1,0,5.994,0,0,18,277,0,33,0
19-02 00:14:02,9.755,2.751,83.041,1.751,0,5082364,204428,186324,2520988,5566.739,1458.718,0,2601.280,0,232.114,3180,4783,1.120,1.230,1.200,0,0,0,0,0,18,276,0,34,0
19-02 00:14:03,17.007,3.752,76.033,1.000,0,5082312,204428,186324,2521040,8693.764,1620.702,0,1372.594,0,155.067,4149,5420,1.120,1.230,1.200,1,0,0,0,0,18,277,0,34,0
19-02 00:14:04,25.244,5.499,64.985,2.000,0.250,5082632,203924,186324,2521224,8564.073,1457.672,0,2503.437,0,256.942,5726,7782,1.120,1.230,1.200,4,0,0,0,0,18,277,0,34,0
19-02 00:14:05,24.470,2.497,70.664,0.749,0,4941916,343968,186324,2521880,7704.672,1456.237,0,1326.394,0,67.918,2727,2614,1.120,1.230,1.200,2,0,0,0,0,18,276,0,34,0
19-02 00:14:06,9.506,5.253,83.302,0.500,0,4894436,391288,186340,2522040,17054.706,267231.756,16.010,816.513,3.002,51.032,4022,5532,1.120,1.230,1.200,2,0,1.001,0,0,18,276,0,31,0
19-02 00:14:07,3.252,0.751,93.563,0.500,0,4894424,391288,186340,2522052,9407.356,1458.986,0,2517.701,0,143.097,1761,2385,1.030,1.210,1.190,0,0,0,0,0,18,276,0,31,0
19-02 00:14:08,15.004,2.751,81.270,0,0,4894632,391064,186340,2522072,6558.578,1458.351,0,4.001,0,1.000,3244,3646,1.030,1.210,1.190,0,0,0,0,0,18,276,0,31,0
19-02 00:14:09,3.749,1.000,93.235,0.250,0,4894620,391064,186340,2522084,6195.014,1457.768,0,759.879,0,36.994,1824,2506,1.030,1.210,1.190,0,0,0,0,0,18,276,0,31,0
19-02 00:14:10,2.250,1.000,95.995,0.250,0,4894620,391064,186340,2522084,5263.734,1619.918,0,267.986,0,23.999,1324,1959,1.030,1.210,1.190,1,0,1.000,0,0,18,276,0,29,0
19-02 00:14:11,1.250,0.750,95.787,0.250,0.250,4894612,391064,186340,2522092,8034.109,1458.564,0,448.173,0,38.015,1324,2047,1.030,1.210,1.190,0,0,0,0,0,18,276,0,29,0
19-02 00:14:12,2.000,0.750,97.241,0.250,0,4894608,391064,186340,2522096,6947.338,1457.861,0,95.991,0,9.999,1049,1518,0.940,1.190,1.180,0,0,0,0,0,18,276,0,29,0
19-02 00:14:13,1.500,0.500,96.752,0,0,4894608,391064,186340,2522096,8697.148,1620.027,0,0,0,0,1039,1498,0.940,1.190,1.180,0,0,0,0,0,18,276,0,29,0
19-02 00:14:14,1.500,0.500,96.249,0.250,0,4894848,390824,186340,2522096,8725.915,1457.986,0,623.994,0,60.999,1186,1677,0.940,1.190,1.180,1,0,0,0,0,18,276,0,24,0
19-02 00:14:15,1.749,1.250,96.217,0.500,0,4894812,390856,186340,2522100,7718.347,1457.499,0,3122.926,0,296.898,1308,1622,0.940,1.190,1.180,1,1,1.999,0,0,18,276,0,24,0
19-02 00:14:16,2.500,1.000,95.507,0.250,0,4894808,390856,186340,2522104,9947.682,1620.111,0,836.057,0,30.002,1302,1661,0.940,1.190,1.180,0,0,0,0,0,18,276,0,24,0
19-02 00:14:17,1.250,0.250,97.002,0,0,4894808,390856,186340,2522104,4216.088,1458.031,0,0,0,0,973,1436,0.870,1.170,1.180,0,0,0,0,0,18,276,0,24,0
19-02 00:14:18,2.750,1.000,94.751,0.250,0,4894804,390856,186340,2522108,5325.053,1458.015,0,456.005,0,50.000,1484,2227,0.870,1.170,1.180,0,0,0,0,0,18,276,0,22,0
19-02 00:14:19,2.250,1.000,95.734,0.250,0,4894804,390856,186340,2522108,8186.609,1457.752,0,519.912,0,79.986,1536,2172,0.870,1.170,1.180,0,0,0,0,0,18,276,0,22,0
19-02 00:14:20,2.001,0.750,96.031,0,0,4894800,390856,186340,2522112,7301.332,1620.518,0,252.081,0,24.008,1340,1939,0.870,1.170,1.180,0,0,1.000,0,0,18,276,0,22,0
19-02 00:14:21,1.250,0.750,96.486,0.250,0,4894792,390856,186340,2522120,9807.565,1457.787,0,355.948,0,29.996,1325,1990,0.870,1.170,1.180,1,0,2.000,0,0,18,276,0,22,0
19-02 00:14:22,1.750,0.250,96.496,0,0,4894792,390856,186340,2522120,6565.724,1457.939,0,159.993,0,11.999,1082,1555,0.800,1.150,1.170,0,0,0,0,0,18,276,0,19,0
19-02 00:14:23,1.751,1.751,95.289,1.000,0,4894792,390856,186340,2522120,12705.258,1620.671,0,3649.510,0,169.070,1499,2201,0.800,1.150,1.170,0,0,0,0,0,18,276,0,19,0
19-02 00:14:24,1.500,0.500,96.978,0,0,4894792,390856,186340,2522120,8019.191,1457.671,0,0,0,0,1087,1521,0.800,1.150,1.170,0,0,0,0,0,18,276,0,19,0
19-02 00:14:25,1.500,0.750,96.980,0,0,4894792,390856,186340,2522120,5015.970,1457.701,0,0,0,0,974,1452,0.800,1.150,1.170,0,0,0,0,0,18,276,0,19,0
19-02 00:14:26,1.501,0.250,96.787,0,0,4894788,390856,186340,2522124,8346.151,1458.551,0,4.002,0,1.000,1049,1485,0.800,1.150,1.170,0,0,0,0,0,18,276,0,16,0
19-02 00:14:27,1.250,0.750,97.247,0,0,4894788,390856,186340,2522124,41078.827,1619.954,0,0,0,0,1096,1467,0.730,1.130,1.160,0,0,0,0,0,18,276,0,16,0
19-02 00:14:28,1.250,1.000,96.735,0,0,4894788,390856,186340,2522124,14765.720,1457.775,0,91.986,0,11.998,1084,1555,0.730,1.130,1.160,0,0,0,0,0,18,276,0,16,0
19-02 00:14:29,2.250,1.000,94.987,0.500,0,4894784,390856,186340,2522128,33185.577,1457.806,0,119.984,0,16.998,1475,1931,0.730,1.130,1.160,0,0,0,0,0,18,276,0,16,0
19-02 00:14:30,13.000,5.750,79.748,0.250,0,4905180,380424,186340,2522164,7955.828,1457.968,0,435.991,0,41.999,3499,10730,0.730,1.130,1.160,0,0,36.999,0,0,18,276,0,16,0
19-02 00:14:31,1.750,1.000,96.269,0.250,0.250,4905172,380424,186340,2522172,8449.675,1620.321,0,520.103,0,44.009,1332,2084,0.730,1.130,1.160,0,0,0,0,0,18,276,0,16,0
19-02 00:14:32,1.250,0.750,97.002,0,0,4905172,380424,186340,2522172,7728.167,1458.032,0,4.000,0,1.000,1043,1439,0.680,1.110,1.160,0,0,0,0,0,18,276,0,16,0
19-02 00:14:33,2.249,0.500,95.722,0.250,0.250,4905168,380424,186340,2522176,5116.490,1619.522,0,331.902,0,34.990,1396,2111,0.680,1.110,1.160,0,0,0,0,0,18,276,0,16,0
19-02 00:14:34,1.500,1.000,96.271,0,0,4905168,380424,186340,2522176,11736.511,1620.347,0,260.056,0,17.004,1178,1640,0.680,1.110,1.160,0,0,0,0,0,18,276,0,13,0
19-02 00:14:35,1.500,0.750,96.996,0,0.250,4905168,380424,186340,2522176,6650.704,1457.935,0,351.984,0,64.997,1055,1447,0.680,1.110,1.160,0,0,0,0,0,18,276,0,13,0
19-02 00:14:36,5.499,1.750,92.225,0,0,4919784,365808,186344,2522172,136960.918,3085.165,3.999,127.965,1.000,1.000,1497,1686,0.680,1.110,1.160,1,0,2.999,0,0,18,276,0,13,0
19-02 00:14:37,14.508,3.502,79.545,0,0,4924620,360780,186364,2522344,291572.876,9871.616,0,0,0,0,2737,2101,0.700,1.110,1.160,1,0,22.013,0,0,18,276,0,13,0
19-02 00:14:38,14.493,4.498,79.962,0.750,0,4929532,355784,186372,2522420,155744.371,9045.724,107.949,11.994,4.998,2.999,2654,2065,0.700,1.110,1.160,0,0,18.991,0,0,18,276,0,12,0
19-02 00:14:39,19.751,6.500,71.754,0.250,0,4940256,342024,186380,2525416,156481.597,3608.198,16.001,756.042,1.000,23.001,3047,2496,0.700,1.110,1.160,3,0,19.001,0,0,18,276,0,12,0
19-02 00:14:40,22.081,5.520,71.263,0.251,0,4936980,336520,186384,2534144,5477.178,487.797,0,405.494,0,37.137,2617,2222,0.700,1.110,1.160,1,0,9.033,0,0,18,276,0,12,0
