"pcp-dstat 6.2.0 CSV Output"
"Author:","PCP team <pcp@groups.io> and Dag Wieers <dag@wieers.com>",,,,"URL:","https://pcp.io/ and http://dag.wieers.com/home-made/dstat/"
"Host:","np0000094272",,,,"User:","ubuntu"
"Cmdline:","dstat -tcmndrylpg --tcp --output /tmp/devstack_logs/dstat-csv.log",,,,"Date:","08 Jun 2026 13:28:03 UTC"
"system","total usage",,,,,"memory usage",,,,"net/total",,"dsk/total",,"io/total",,"system",,"load avg",,,"procs",,,"paging",,"tcp sockets",,,,
"time","total usage:usr","total usage:sys","total usage:idl","total usage:wai","total usage:stl","used","free","buf","cach","net/total:recv","net/total:send","dsk/total:read","dsk/total:writ","read","writ","int","csw","1m","5m","15m","run","blk","new","in","out","lis","act","syn","tim","clo"
08-06 13:28:03,,998028,1646156,163500,5015112,,,,,,,1.650,1.120,0.660,2,0,,,,10,6,0,17,0
08-06 13:28:04,27.686,20.453,50.384,0.249,0,1012512,1631228,163596,5015368,23323.153,9528.002,0,997.697,0,29.931,5331,3346,1.680,1.130,0.670,4,0,266.385,0,0,10,6,0,17,0
08-06 13:28:05,24.756,21.005,52.762,0.750,0,1022852,1620408,163760,5015592,50075.304,12544.832,0,1396.315,0,45.010,5152,2979,1.680,1.130,0.670,4,0,221.050,0,0,10,5,0,17,1
08-06 13:28:06,28.195,20.959,48.406,0.499,0.250,1030124,1612664,163852,5015908,25318.928,9746.110,0,1201.671,0,38.925,4965,2701,1.680,1.130,0.670,4,0,186.638,0,0,10,4,0,13,2
08-06 13:28:07,32.864,20.823,43.903,0.502,0,1022368,1601068,164032,5034804,183326.395,8417.311,0,1517.284,0,44.154,5502,4921,1.680,1.130,0.670,2,0,172.601,0,0,10,4,0,13,2
08-06 13:28:08,35.909,18.204,44.388,0.997,0,1010968,1594844,164916,5048700,8454.674,1615.924,0,1584.004,0,69.824,4963,3160,1.680,1.130,0.670,2,0,138.650,0,0,10,4,0,13,2
08-06 13:28:09,42.358,18.297,37.847,0.251,0,1006348,1581768,165368,5064420,12677.467,1624.159,0,1307.348,0,31.080,5161,5750,1.710,1.150,0.670,2,0,155.398,0,0,10,4,0,13,2
08-06 13:28:10,30.200,7.488,59.651,1.248,0,1133096,1430512,166096,5210276,12323.466,1455.575,0,2583.695,0,105.824,3625,3552,1.710,1.150,0.670,1,0,14.975,0,0,11,4,0,11,2
08-06 13:28:11,35.279,11.009,51.042,2.252,0,1143820,1404036,166972,5222684,8954.421,1621.344,16.013,3062.538,1.001,155.129,3871,2418,1.710,1.150,0.670,2,0,80.066,0,0,11,6,0,11,2
08-06 13:28:12,41.657,7.982,48.142,0.998,0,1143728,1374108,168080,5248832,12438.217,1616.389,0,2474.473,0,90.797,3609,2129,1.710,1.150,0.670,2,0,37.915,0,0,11,6,0,11,2
08-06 13:28:13,34.310,17.280,46.582,0.501,0,1164420,1368684,168260,5233244,12301.585,1941.407,0,1214.130,0,41.072,4942,3152,1.710,1.150,0.670,2,0,166.292,0,0,11,4,0,13,0
08-06 13:28:14,36.224,6.495,53.711,2.498,0,1194064,1337220,168284,5235032,17847.956,3720.281,1726.738,1187.132,110.919,19.985,3136,1990,1.730,1.160,0.680,1,0,30.977,0,0,11,5,0,13,0
08-06 13:28:15,43.285,6.255,50.040,0.751,0,1221496,1300484,168544,5242624,14444.526,2794.230,284.227,1645.313,17.014,18.014,2977,1509,1.730,1.160,0.680,2,0,3.002,0,0,11,4,0,13,0
08-06 13:28:16,42.153,7.982,44.398,1.995,0,1274800,1244824,168676,5244480,15636.023,1454.653,15.963,5902.419,0.998,384.116,14686,25820,1.730,1.160,0.680,3,0,16.961,0,0,11,6,0,13,0
08-06 13:28:17,33.309,10.268,40.823,12.272,0.250,1288860,1224956,169340,5249444,13313.731,1622.893,0,26158.626,0,1898.384,11534,21914,1.730,1.160,0.680,2,0,29.052,0,0,11,6,0,13,0
08-06 13:28:18,31.751,13.750,37.751,12.500,0,1290352,1220364,169732,5251968,9937.222,1458.033,0,45861.023,0,2221.050,14049,25605,1.730,1.160,0.680,3,0,43.001,0,0,11,6,0,13,0
08-06 13:28:19,35.563,9.517,39.570,11.771,0,1223432,1293440,170200,5246360,8758.446,1622.862,0,30137.149,0,2346.138,10529,17966,1.750,1.180,0.690,2,0,37.065,0,0,11,6,0,13,0
08-06 13:28:20,37.255,14.002,47.506,0,0,1166748,1350100,170212,5246372,12161.552,1620.207,0,1220.156,0,76.010,4357,2850,1.750,1.180,0.690,1,0,141.018,0,0,11,4,0,13,0
08-06 13:28:21,22.192,3.740,73.559,0,0,1217340,1299488,170232,5246372,10104.774,1454.226,0,634.354,0,38.899,1909,1406,1.750,1.180,0.690,1,0,0,0,0,11,4,0,13,0
08-06 13:28:22,24.517,1.501,71.049,1.501,0,1224284,1292452,170316,5246380,13177.096,1621.119,0,6396.416,0,379.262,2538,2675,1.750,1.180,0.690,1,0,0,0,0,11,4,0,12,0
08-06 13:28:23,21.303,5.514,72.431,0,0,1208916,1307808,170324,5246384,11768.343,1624.049,0,10518.226,0,70.175,2240,1609,1.750,1.180,0.690,1,0,10.025,0,0,11,4,0,12,0
08-06 13:28:24,22.749,2.500,73.997,0,0,1238020,1278704,170324,5246384,8640.658,1619.936,0,0,0,0,1769,1166,1.690,1.170,0.690,1,0,0,0,0,11,4,0,12,0
08-06 13:28:25,15.951,10.218,72.277,0,0,1199524,1317168,170328,5246412,12335.895,1615.011,0,0,0,0,3422,2176,1.690,1.170,0.690,1,0,135.581,0,0,11,4,0,12,0
08-06 13:28:26,9.007,20.767,68.805,0,0,1180984,1335552,170328,5246560,12311.826,1459.165,0,20.016,0,5.004,4727,2967,1.690,1.170,0.690,1,0,204.163,0,0,11,4,0,11,0
08-06 13:28:27,9.502,20.254,68.512,0,0,1162988,1353532,170328,5246576,7672.365,1620.288,0,552.098,0,83.015,4743,2912,1.690,1.170,0.690,1,0,194.035,0,0,11,4,0,11,0
08-06 13:28:28,13.479,22.464,62.151,0,0,1139800,1376580,170328,5247136,13111.220,1617.436,0,40431.918,0,436.308,6042,5530,1.690,1.170,0.690,10,0,202.679,0,0,11,4,0,11,0
08-06 13:28:29,22.285,13.772,62.599,0,0,1105068,1411392,170348,5246716,11071.497,1622.564,0,2728.312,0,47.074,4250,4909,1.720,1.190,0.700,2,0,74.117,0,0,11,4,0,11,0
08-06 13:28:30,39.286,16.265,41.788,3.003,0,1152208,1356492,170356,5254908,12593.563,1621.489,7711.080,184.169,78.072,10.009,4250,2736,1.720,1.190,0.700,3,0,126.116,0,0,11,5,0,11,0
08-06 13:28:31,44.953,4.246,48.699,0.250,0,1234676,1273904,170364,5255020,12200.170,1660.254,19.979,0,3.996,0,2725,1368,1.720,1.190,0.700,2,0,0,0,0,11,5,0,11,0
08-06 13:28:32,44.499,5.750,48.749,0.500,0,1261676,1245960,170368,5255952,9246.783,1457.966,491.988,187.996,4.000,2.000,2783,1431,1.720,1.190,0.700,2,0,0,0,0,11,5,0,11,0
08-06 13:28:33,35.220,12.739,50.956,0,0,1282040,1223084,170412,5258272,13132.779,1618.617,0,2246.081,0,9.991,4257,3872,1.720,1.190,0.700,1,0,92.921,0,0,11,4,0,12,0
08-06 13:28:34,2.491,3.986,92.666,0,0,1280276,1224864,170424,5258260,9187.843,1614.175,0,0,0,0,1392,1402,1.580,1.170,0.690,6,0,28.896,0,0,10,4,0,12,0
08-06 13:28:35,21.853,5.777,71.588,0,0,1333848,1171292,170424,5258276,13791.199,1507.125,0,1261.966,0,6.029,2178,1586,1.580,1.170,0.690,1,0,18.086,0,0,11,4,0,12,0
08-06 13:28:36,22.994,2.749,73.731,0,0,1374420,1130720,170424,5258276,14848.274,1619.594,0,0,0,0,1821,1230,1.580,1.170,0.690,1,0,0,0,0,11,4,0,12,0
08-06 13:28:37,23.240,2.749,71.470,1.499,0,1405904,1098968,170456,5258512,23079.384,1079.550,0,3758.434,0,285.881,3464,4179,1.580,1.170,0.690,1,0,1.000,0,0,11,10,0,12,0
08-06 13:28:38,20.512,5.753,71.293,0.750,0,1325444,1179384,170484,5258524,11380.896,1026.622,0,14905.031,0,251.152,3302,3337,1.580,1.170,0.690,1,0,43.026,0,0,11,4,0,14,0
08-06 13:28:39,22.723,2.747,73.412,0.499,0,1373608,1130748,170492,5258940,8809.396,1618.052,231.721,619.255,4.994,9.988,1774,1109,1.530,1.160,0.700,1,0,0,0,0,11,4,0,14,0
08-06 13:28:40,18.762,2.001,78.050,0.250,0,1384876,1119448,170496,5258948,13109.411,5656.629,0,2277.461,0,22.014,2540,2519,1.530,1.160,0.700,1,0,1.001,0,0,11,17,0,14,0
08-06 13:28:41,16.015,3.253,71.818,8.258,0,1408520,1095284,170536,5259180,14741.869,2231.099,268.252,1217.145,66.062,15.014,1838,1373,1.530,1.160,0.700,2,0,14.013,0,0,11,25,0,14,0
08-06 13:28:42,30.145,6.477,62.034,0,0,1383280,1120508,170536,5259192,16655.963,5007.551,0,0,0,0,3520,14422,1.530,1.160,0.700,2,0,46.837,0,0,11,28,0,16,0
08-06 13:28:43,20.806,9.526,68.435,0.251,0,1384256,1119516,170536,5259200,12176.905,1082.926,0,80834.434,0,357.967,3038,2204,1.530,1.160,0.700,1,0,20.054,0,0,11,28,0,15,0
08-06 13:28:44,19.261,2.251,77.793,0,0,1419036,1084732,170536,5259204,14069.787,5776.197,0,4.002,0,1.001,1829,1263,1.490,1.160,0.700,1,0,0,0,0,11,29,0,15,0
08-06 13:28:45,17.953,10.971,69.818,0,0,1389068,1114680,170536,5259224,15883.602,4465.362,0,11.969,0,2.992,3472,2429,1.490,1.160,0.700,2,0,117.693,0,0,11,28,0,16,0
08-06 13:28:46,40.397,10.789,48.175,0,0,1428084,1075660,170536,5259228,12747.261,1625.901,0,0,0,0,3275,1751,1.490,1.160,0.700,2,0,38.138,0,0,11,28,0,16,0
08-06 13:28:47,37.230,4.498,57.469,0.250,0,1497836,1005884,170536,5259248,16714.010,9448.918,0,1347.275,0,11.994,3405,2587,1.490,1.160,0.700,2,0,0,0,0,11,30,0,15,0
08-06 13:28:48,39.699,4.494,53.931,0,0,1497076,1006380,170544,5259504,20498.829,9854.419,0,487.378,0,29.962,5160,5595,1.490,1.160,0.700,2,0,0.999,0,0,11,30,0,15,0
08-06 13:28:49,40.812,20.531,36.555,1.002,0,1440512,1062848,170604,5259540,13232.045,4442.730,0,5271.986,0,220.334,6222,5970,1.610,1.190,0.710,5,0,259.393,0,0,11,28,0,16,0
08-06 13:28:50,73.336,25.780,0.250,0,0,1563792,939524,170616,5259568,7326.631,1621.911,0,356.420,0,23.027,5389,3938,1.610,1.190,0.710,6,0,319.376,0,0,11,28,0,16,0
08-06 13:28:51,89.044,10.755,0.250,0,0,1771160,732000,170624,5259708,18641.145,9326.575,0,1600.785,0,77.038,5668,3651,1.610,1.190,0.710,5,0,0,0,0,11,30,0,12,0
08-06 13:28:52,81.246,8.972,8.723,0,0.249,1857684,645380,170636,5259792,40554.191,28381.254,0,203.364,0,22.928,7792,9316,1.610,1.190,0.710,5,0,0,0,0,11,33,0,13,0
08-06 13:28:53,64.703,15.738,18.736,0,0,1561532,941336,170648,5259976,23613.712,12900.555,0,2218.376,0,152.888,7799,9533,1.610,1.190,0.710,1,0,309.773,0,0,11,28,0,18,0
08-06 13:28:54,22.768,3.002,73.809,0.250,0,1558488,944380,170648,5259976,14569.656,1513.211,0,208.167,0,7.006,1923,1301,1.560,1.190,0.710,1,0,0,0,0,11,28,0,18,0
08-06 13:28:55,15.749,3.250,79.995,0,0,1545728,957108,170648,5259988,19602.681,7199.516,0,139.991,0,8.999,2456,2310,1.560,1.190,0.710,0,0,6.000,0,0,11,29,0,18,0
08-06 13:28:56,17.743,7.997,73.222,0.250,0,1504412,998416,170648,5259996,20294.173,2482.043,0,231.911,0,22.991,3460,2704,1.560,1.190,0.710,1,0,67.974,0,0,11,28,0,19,0
08-06 13:28:57,22.012,3.502,73.290,0,0,1517232,985588,170656,5259996,11870.399,1566.845,0,152.082,0,10.005,1871,1225,1.560,1.190,0.710,1,0,0,0,0,11,28,0,19,0
08-06 13:28:58,17.749,2.250,78.497,0.500,0,1520616,982192,170664,5260000,12783.493,6167.755,0,471.981,0,28.999,2076,1708,1.560,1.190,0.710,0,0,1.000,0,0,11,29,0,19,0
08-06 13:28:59,18.246,5.249,75.234,0.250,0,1472232,1030536,170684,5260020,15546.702,4007.150,0,5034.932,0,399.915,3729,3400,1.520,1.180,0.720,3,0,43.991,0,0,11,28,0,17,0
08-06 13:29:00,8.244,22.733,66.949,0,0,1450608,1052248,170688,5260020,11292.431,1564.813,0,183.860,0,8.993,5159,2967,1.520,1.180,0.720,2,0,271.794,0,0,11,28,0,17,0
08-06 13:29:01,9.748,26.244,62.236,0.250,0,1421464,1081372,170700,5260032,12526.241,1619.643,0,671.852,0,37.992,5414,3460,1.520,1.180,0.720,4,0,301.933,0,0,11,28,0,17,0
08-06 13:29:02,51.212,35.396,12.803,0,0,1454004,1048792,170704,5260068,13622.329,1626.727,0,212.880,0,20.083,5407,3768,1.520,1.180,0.720,5,0,421.744,0,0,11,28,0,17,0
08-06 13:29:03,87.492,12.249,0.250,0,0,1693376,809416,170704,5260072,15107.618,7454.318,0,0,0,0,5223,2588,1.520,1.180,0.720,4,0,0,0,0,11,30,0,17,0
08-06 13:29:04,77.444,8.965,13.198,0,0,1767044,735568,170708,5260244,41733.226,30349.173,0,286.867,0,14.941,7645,9986,1.640,1.220,0.730,4,0,0,0,0,11,32,0,17,0
08-06 13:29:05,78.073,13.305,7.782,0.251,0,1576276,925952,170736,5260580,29928.637,16256.155,0,570.356,0,67.278,8664,11238,1.640,1.220,0.730,5,0,183.759,0,0,11,28,0,18,0
08-06 13:29:06,85.801,14.716,0,0,0,1703932,798284,170736,5260592,14468.427,1562.375,0,618.565,0,12.970,5052,2863,1.640,1.220,0.730,6,0,126.706,0,0,11,28,0,18,0
08-06 13:29:07,84.074,9.508,5.755,0,0,1852768,649416,170736,5260624,40043.191,28892.391,0,148.130,0,10.009,6564,6282,1.640,1.220,0.730,7,0,0,0,0,11,34,0,18,0
08-06 13:29:08,74.852,9.513,14.770,0,0,1799088,702840,170740,5260868,51694.509,36715.077,0,288.393,0,28.038,10148,15987,1.640,1.220,0.730,5,0,101.138,0,0,11,29,0,22,1
08-06 13:29:09,52.496,11.999,34.997,0,0,1552304,949588,170752,5260892,11376.087,2216.822,0,807.935,0,29.998,4229,3198,1.660,1.230,0.730,2,0,197.984,0,0,11,28,0,23,0
08-06 13:29:10,35.912,4.240,58.108,0,0,1586904,914844,170756,5261032,17292.607,9430.880,0,203.501,0,7.980,3214,2241,1.660,1.230,0.730,2,0,0,0,0,11,30,0,23,0
08-06 13:29:11,39.711,4.745,54.446,0.500,0,1487316,1014388,170772,5261060,16807.386,9462.646,0,295.708,0,27.972,4814,4712,1.660,1.230,0.730,3,0,15.984,0,0,11,29,0,24,0
08-06 13:29:12,43.481,30.487,24.989,0,0,1417912,1083708,170776,5261068,15744.205,4327.133,0,303.869,0,20.991,5645,4583,1.660,1.230,0.730,3,0,363.843,0,0,11,28,0,25,0
08-06 13:29:13,66.795,7.005,25.517,0,0,1594804,906816,170776,5261068,11746.896,3540.380,0,224.151,0,8.005,3688,1386,1.660,1.230,0.730,3,0,0,0,0,11,29,0,25,0
08-06 13:29:14,47.749,5.250,45.749,0,0,1595196,906352,170804,5261108,31694.571,18831.745,0,3263.956,0,186.997,5851,6283,1.770,1.260,0.750,2,0,0,0,0,11,31,0,25,0
08-06 13:29:15,57.823,20.526,20.275,0,0,1476148,1025176,170824,5261308,23828.886,10832.586,0,656.824,0,62.078,7128,7763,1.770,1.260,0.750,4,0,258.324,0,0,11,28,0,26,0
08-06 13:29:16,88.189,11.775,0,0,0,1620156,881164,170828,5261308,19379.597,1866.005,0,184.396,0,9.019,4993,1830,1.770,1.260,0.750,3,0,0,0,0,11,28,1,24,0
08-06 13:29:17,63.191,6.993,29.472,0,0,1667196,834080,170832,5261348,33322.801,24076.458,0,927.132,0,57.946,5220,6139,1.770,1.260,0.750,4,0,0,0,0,11,32,0,24,0
08-06 13:29:18,63.674,14.982,20.725,0.250,0,1576516,924500,170852,5261552,28439.088,19204.100,0,343.590,0,35.957,7238,9997,1.770,1.260,0.750,5,0,274.672,0,0,11,28,0,27,0
08-06 13:29:19,70.386,10.270,19.788,0,0,1588392,912620,170852,5261552,10038.358,1689.258,0,156.301,0,8.015,4003,1766,1.870,1.290,0.760,3,0,50.097,0,0,11,28,0,27,0
08-06 13:29:20,49.101,4.486,44.615,0,0,1616556,884436,170852,5261572,27616.153,16226.733,0,135.588,0,7.976,4483,3785,1.870,1.290,0.760,2,0,0,0,0,11,31,0,27,0
08-06 13:29:21,49.660,12.290,36.618,0,0,1589748,911172,170860,5261632,28088.422,16013.551,0,345.111,0,33.107,7350,8576,1.870,1.290,0.760,6,0,173.559,0,0,11,28,0,29,0
08-06 13:29:22,65.308,14.457,20.191,0,0,1535324,965580,170868,5261640,24432.020,1681.047,0,151.554,0,8.974,4076,2079,1.870,1.290,0.760,4,0,125.630,0,0,11,28,0,29,0
08-06 13:29:23,51.715,5.496,41.472,0.250,0,1617160,883596,170868,5261788,23686.745,15246.537,0,111.923,0,7.995,4554,3672,1.870,1.290,0.760,5,0,0,0,0,11,31,0,29,0
08-06 13:29:24,56.207,6.995,34.973,0,0,1564296,936136,170880,5262096,39949.727,13231.973,0,203.846,0,20.984,6944,7003,1.880,1.300,0.770,4,0,30.977,0,0,11,29,0,31,0
08-06 13:29:25,61.508,23.097,14.812,0,0,1549408,950992,170884,5262120,13612.180,4351.278,0,285.198,0,22.093,5147,3961,1.880,1.300,0.770,3,0,257.080,0,0,11,28,0,32,0
08-06 13:29:26,52.347,5.983,40.631,0,0,1641476,858908,170888,5262132,18206.829,10793.479,0,183.464,0,8.974,4056,2669,1.880,1.300,0.770,2,0,0,0,0,11,31,0,32,0
08-06 13:29:27,57.051,7.507,34.030,0.250,0,1610016,890176,170892,5262320,43286.477,16202.402,0,296.263,0,25.022,7445,7451,1.880,1.300,0.770,2,0,30.027,0,0,11,30,0,32,0
08-06 13:29:28,61.712,12.742,24.985,0,0,1527552,972616,170908,5262328,14745.979,3373.936,0,251.846,0,19.988,5089,3607,1.880,1.300,0.770,3,0,82.949,0,0,11,28,0,34,0
08-06 13:29:29,57.520,6.502,35.513,0,0,1614268,885888,170912,5262336,17903.306,10357.648,0,2208.778,0,114.040,3785,1948,1.890,1.310,0.770,1,0,0,0,0,11,31,0,34,0
08-06 13:29:30,51.070,6.975,39.361,0,0,1577304,922812,170912,5262376,37321.423,15675.735,0,139.508,0,7.972,6944,7157,1.890,1.310,0.770,4,0,14.947,0,0,11,30,0,35,0
08-06 13:29:31,38.196,23.119,38.196,0.251,0,1455204,1044860,170920,5262416,13424.863,4507.119,0,458.351,0,47.242,5986,5277,1.890,1.310,0.770,3,0,215.103,0,0,11,28,0,36,0
08-06 13:29:32,72.468,25.739,1.749,0,0,1541952,958072,170920,5262452,12841.378,1619.291,0,231.898,0,21.990,5447,3868,1.890,1.310,0.770,7,0,355.844,0,0,11,28,0,36,0
08-06 13:29:33,83.349,15.971,0.250,0,0,1728860,771132,170924,5262480,22431.449,6219.756,0,810.535,0,47.913,5776,4539,1.890,1.310,0.770,4,0,365.340,0,0,11,31,0,36,0
08-06 13:29:34,78.443,18.295,3.258,0,0,1831564,668208,170924,5262696,38735.529,30750.837,0,252.623,0,16.040,7551,7918,2.220,1.390,0.800,8,0,449.108,0,0,11,33,1,36,0
08-06 13:29:35,78.800,17.261,3.252,0.250,0,1719564,779940,170956,5262932,45167.609,31310.832,0,852.540,0,79.050,8424,10071,2.220,1.390,0.800,6,0,334.212,0,0,11,29,0,37,0
08-06 13:29:36,85.502,12.750,1.750,0,0,1686224,813272,170956,5262940,25372.609,6017.144,0,252.006,0,20.000,5538,3345,2.220,1.390,0.800,3,0,121.003,0,0,11,30,0,36,0
08-06 13:29:37,78.016,9.222,13.210,0,0,1789076,710364,170956,5262992,36081.765,24073.786,0,0,0,0,6244,7738,2.220,1.390,0.800,2,0,0,0,0,11,33,0,36,0
08-06 13:29:38,63.359,16.278,19.033,0,0,1635228,864008,170956,5263192,33697.011,23686.778,0,845.455,0,6.010,8094,10879,2.220,1.390,0.800,7,0,352.607,0,0,11,30,0,39,0
08-06 13:29:39,33.945,11.981,52.914,0,0,1485296,1013908,170956,5263228,22299.813,9749.179,0,7.987,0,1.997,5482,5166,2.120,1.380,0.800,2,0,170.723,0,0,11,28,0,41,0
08-06 13:29:40,8.239,24.968,65.416,0,0,1463332,1035860,170956,5263240,10276.811,1617.924,0,111.856,0,4.994,5019,3087,2.120,1.380,0.800,2,0,271.651,0,0,11,28,0,39,0
08-06 13:29:41,33.628,38.647,26.351,0,0,1466732,1032400,170976,5263276,9834.521,1517.791,0,2521.621,0,143.548,6076,4869,2.120,1.380,0.800,4,0,463.769,0,0,11,28,0,39,0
08-06 13:29:42,71.578,23.693,4.739,0,0,1556096,943016,170976,5263296,16049.358,3847.736,0,11.971,0,2.993,5764,9599,2.120,1.380,0.800,3,0,381.082,0,0,11,29,0,40,0
08-06 13:29:43,71.507,8.251,19.002,0.500,0.250,1669144,829920,170984,5263332,28342.887,16980.730,0,328.033,0,32.003,5900,5034,2.120,1.380,0.800,3,0,2.000,0,0,11,36,0,40,0
08-06 13:29:44,70.104,8.513,20.531,0,0.250,1654724,844156,170992,5263504,25420.819,14471.530,0,2467.671,0,144.215,6474,7239,2.270,1.430,0.820,3,0,67.100,0,0,11,33,0,41,0
08-06 13:29:45,73.391,17.474,8.987,0,0,1567748,931096,170996,5263532,17987.287,6017.064,0,327.514,0,27.958,5686,4384,2.270,1.430,0.820,3,0,200.702,0,0,11,33,0,42,0
08-06 13:29:46,73.408,8.769,17.538,0,0,1661652,837156,171000,5263564,24865.629,15070.503,0,156.337,0,7.015,5408,5040,2.270,1.430,0.820,5,0,0,0,0,11,35,0,42,0
08-06 13:29:47,63.701,6.995,27.229,0,0,1676316,822312,171000,5263744,32365.073,21104.746,0,147.886,0,7.994,7525,8658,2.270,1.430,0.820,2,0,0,0,0,11,36,0,42,0
08-06 13:29:48,54.666,5.741,38.441,0,0,1676232,822312,171012,5263812,33520.314,17618.833,0,207.680,0,19.969,8250,10079,2.270,1.430,0.820,3,0,0.998,0,0,11,35,0,41,0
08-06 13:29:49,66.218,10.206,21.658,0,0.249,1703992,794332,171024,5264016,50218.921,21185.687,0,318.642,0,32.860,9701,11906,2.170,1.420,0.820,4,0,29.873,0,0,11,33,0,41,0
08-06 13:29:50,80.198,13.073,7.542,0,0,1558112,940176,171036,5264040,18241.989,7742.286,0,257.439,0,23.129,5452,4248,2.170,1.420,0.820,5,0,90.506,0,0,11,33,0,41,0
08-06 13:29:51,74.991,7.999,15.998,0,0,1691736,806512,171036,5264080,31146.288,18424.804,0,151.982,0,7.999,6311,7021,2.170,1.420,0.820,4,0,0,0,0,11,36,0,41,0
08-06 13:29:52,65.445,8.958,24.137,0,0,1667312,830720,171040,5264284,38029.482,26057.367,0,139.350,0,9.954,8612,10776,2.170,1.420,0.820,5,0,27.870,0,0,11,35,0,40,0
08-06 13:29:53,62.167,10.486,24.967,0,0,1697344,800464,171044,5264496,35514.689,23275.993,0,119.840,0,7.989,9197,11713,2.170,1.420,0.820,4,0,42.943,0,0,11,35,0,40,0
08-06 13:29:54,74.010,13.342,12.335,0,0,1551208,946548,171044,5264544,27461.271,15502.850,0,120.833,0,8.056,6776,6623,2.320,1.460,0.840,4,0,139.965,0,0,11,33,0,43,0
08-06 13:29:55,80.296,12.007,7.504,0,0,1656608,841104,171044,5264576,28849.396,12602.162,0,136.077,0,9.005,5674,5548,2.320,1.460,0.840,1,0,56.032,0,0,11,35,0,43,0
08-06 13:29:56,64.107,6.486,27.688,0,0,1685120,812404,171052,5264756,38115.014,23340.956,0,215.519,0,19.956,7013,8989,2.320,1.460,0.840,3,0,0,0,0,11,35,0,43,0
08-06 13:29:57,74.906,12.276,12.777,0,0,1586308,911144,171056,5264820,24608.198,15491.230,0,128.267,0,8.017,6864,8934,2.320,1.460,0.840,4,0,98.204,0,0,11,33,0,39,0
08-06 13:29:58,79.747,10.000,10.750,0,0,1616024,881264,171076,5264964,23230.205,11333.612,0,199.993,0,20.999,5154,3827,2.320,1.460,0.840,4,0,30.999,0,0,11,34,0,39,0
08-06 13:29:59,63.378,9.482,25.201,0.250,0,1648716,848504,171092,5265016,32246.788,19910.587,0,375.276,0,36.929,5986,7969,2.290,1.470,0.840,4,0,59.884,0,0,11,34,0,41,0
08-06 13:30:00,75.241,11.999,12.749,0,0,1616540,880624,171092,5265068,23829.301,15420.254,0,2843.678,0,112.987,5744,7614,2.290,1.470,0.840,4,0,60.993,0,0,11,33,0,42,0
08-06 13:30:01,68.732,10.247,20.495,0,0,1727996,769004,171092,5265232,30538.871,18728.015,0,0,0,0,5814,6244,2.290,1.470,0.840,5,0,57.985,0,0,11,35,0,41,0
08-06 13:30:02,70.001,11.500,17.500,0,0,1627068,869868,171092,5265292,31153.419,19251.259,0,4.000,0,1.000,6225,7530,2.290,1.470,0.840,3,0,88.001,0,0,11,34,0,43,0
08-06 13:30:03,81.211,14.538,4.010,0,0,1596772,900128,171092,5265324,18118.094,5455.180,0,0,0,0,5506,4028,2.290,1.470,0.840,4,0,114.297,0,0,11,32,0,45,0
08-06 13:30:04,72.000,8.250,19.250,0,0,1663300,833412,171092,5265512,29184.067,16939.039,0,0,0,0,4989,3988,2.350,1.500,0.860,3,0,0,0,0,11,35,0,45,0
08-06 13:30:05,62.986,9.248,27.244,0,0,1679540,817100,171092,5265580,26686.976,19382.625,0,171.961,0,18.996,6334,8358,2.350,1.500,0.860,4,0,35.992,0,0,11,34,0,47,0
08-06 13:30:06,66.839,14.216,18.206,0.499,0,1594304,902296,171112,5265600,20033.861,6605.129,0,642.456,0,63.847,5280,4312,2.350,1.500,0.860,4,0,197.525,0,0,11,33,0,49,0
08-06 13:30:07,57.685,5.494,36.709,0,0,1657860,838720,171116,5265616,34510.217,12074.431,0,271.695,0,21.975,4270,3284,2.350,1.500,0.860,2,0,0,0,0,11,34,0,50,0
08-06 13:30:08,53.670,12.232,32.701,0,0,1612028,884356,171116,5265808,20241.850,11484.894,0,1373.954,0,18.972,5710,6150,2.350,1.500,0.860,3,0,60.909,0,0,11,33,0,50,1
08-06 13:30:09,53.490,14.314,30.638,0,0,1544444,951916,171116,5265828,18921.990,7641.322,0,249.119,0,13.059,5530,4413,2.400,1.520,0.870,4,0,139.627,0,0,11,33,0,46,0
08-06 13:30:10,63.613,7.983,28.189,0,0,1570304,925900,171116,5265980,19838.213,9514.479,0,171.630,0,10.976,4259,3909,2.400,1.520,0.870,2,0,0,0,0,11,33,0,46,0
08-06 13:30:11,55.783,9.756,34.020,0,0,1591900,904284,171120,5265996,25067.785,12520.384,0,188.111,0,10.006,4431,3290,2.400,1.520,0.870,4,0,43.025,0,0,11,34,0,47,0
08-06 13:30:12,53.984,5.498,38.739,0,0,1638060,857896,171136,5266208,25184.527,14470.706,0,287.915,0,27.992,6084,6897,2.400,1.520,0.870,3,0,0,0,0,11,33,0,48,1
08-06 13:30:13,40.859,15.198,42.852,0,0,1579552,916380,171140,5266224,16387.394,8464.761,0,215.256,0,11.959,5317,4516,2.400,1.520,0.870,2,0,152.473,0,0,11,33,0,47,0
08-06 13:30:14,39.292,8.759,50.805,0.250,0,1510400,985516,171140,5266240,14594.748,4042.362,0,224.242,0,22.024,4339,3239,2.370,1.530,0.870,4,0,56.060,0,0,11,32,0,48,0
08-06 13:30:15,39.591,6.264,53.623,0,0,1563224,932676,171148,5266248,18418.361,7151.448,0,228.526,0,22.051,3616,2805,2.370,1.530,0.870,4,0,12.028,0,0,11,33,0,48,0
08-06 13:30:16,38.249,7.000,54.248,0,0,1494844,1001032,171152,5266264,27397.226,10078.715,0,231.993,0,10.000,4192,3467,2.370,1.530,0.870,1,0,33.999,0,0,11,33,0,49,0
08-06 13:30:17,41.701,6.492,50.940,0.250,0,1458288,1037404,171152,5266448,14719.703,5444.602,0,219.742,0,16.980,4075,3964,2.370,1.530,0.870,2,0,9.988,0,0,11,32,0,49,0
08-06 13:30:18,31.736,11.745,54.976,0,0,1508084,987588,171152,5266464,18956.731,7253.836,0,155.932,0,9.996,3984,2644,2.370,1.530,0.870,2,0,94.959,0,0,11,33,0,49,0
08-06 13:30:19,37.032,9.508,52.795,0,0,1540612,955036,171168,5266472,13065.210,4611.957,0,196.168,0,19.016,3726,2577,2.340,1.540,0.880,1,0,60.052,0,0,11,33,0,50,0
08-06 13:30:20,42.181,4.243,52.415,0,0,1569300,926324,171176,5266484,17224.996,6850.862,0,119.805,0,8.985,3650,3011,2.340,1.540,0.880,2,0,0,0,0,11,33,0,50,0
08-06 13:30:21,36.176,4.740,57.383,0.249,0,1537352,958252,171180,5266500,19951.333,10181.247,0,207.577,0,20.957,4020,3748,2.340,1.540,0.880,2,0,4.990,0,0,11,33,0,47,0
08-06 13:30:22,40.662,5.773,52.710,0.251,0,1545208,950372,171184,5266520,20769.909,7576.243,0,112.449,0,8.032,3999,3734,2.340,1.540,0.880,2,0,0,0,0,11,32,0,48,0
08-06 13:30:23,36.758,9.252,53.011,0,0,1516104,979464,171188,5266528,16021.403,6398.359,0,116.025,0,8.002,3461,2165,2.340,1.540,0.880,3,0,43.009,0,0,11,33,0,48,0
08-06 13:30:24,34.757,4.501,60.262,0,0,1548460,947060,171200,5266560,19697.870,9397.847,0,224.044,0,23.005,4132,4098,2.470,1.580,0.900,6,0,0,0,0,11,34,0,48,0
08-06 13:30:25,42.446,5.493,50.186,0,0,1515700,979676,171204,5266700,14412.586,6050.270,0,147.811,0,9.987,4020,3186,2.470,1.580,0.900,2,0,4.994,0,0,11,33,0,45,0
08-06 13:30:26,37.022,4.002,58.034,0.250,0.250,1559020,936340,171204,5266716,20656.102,8947.242,0,236.138,0,21.012,4224,3876,2.470,1.580,0.900,1,0,0,0,0,11,33,0,46,0
08-06 13:30:27,30.259,21.006,46.764,0,0,1508404,986928,171212,5266736,18740.704,6685.035,0,176.054,0,12.004,5888,4679,2.470,1.580,0.900,2,0,216.066,0,0,11,33,0,46,0
08-06 13:30:28,20.495,8.248,69.733,0.250,0,1454604,1040680,171220,5266800,11351.299,3963.057,0,251.940,0,19.995,3519,3334,2.470,1.580,0.900,1,0,67.984,0,0,11,32,0,47,0
08-06 13:30:29,22.502,3.500,73.256,0,0,1452036,1043244,171220,5266804,7966.603,1566.119,0,140.011,0,9.001,1835,1289,2.350,1.570,0.900,2,0,0,0,0,11,32,0,45,0
08-06 13:30:30,18.000,2.500,78.499,0.500,0,1460616,1034644,171236,5266808,19061.873,7293.952,0,3475.977,0,175.999,2361,2094,2.350,1.570,0.900,1,0,0,0,0,11,33,0,45,0
08-06 13:30:31,18.244,2.999,76.976,0,0,1450720,1044512,171240,5266832,17679.533,6663.939,0,83.974,0,8.997,3423,3680,2.350,1.570,0.900,1,0,0,0,0,11,32,0,46,0
08-06 13:30:32,11.256,17.760,68.539,0.250,0,1416760,1078436,171240,5266836,13271.610,1620.929,0,220.126,0,19.011,4276,2630,2.350,1.570,0.900,1,0,201.115,0,0,11,32,0,46,0
08-06 13:30:33,17.746,9.998,71.985,0,0,1416504,1078688,171240,5266840,16488.547,1511.683,0,7.998,0,2.000,2838,1763,2.350,1.570,0.900,1,0,82.983,0,0,11,32,0,44,0
08-06 13:30:34,19.252,2.250,77.760,0,0,1459984,1035200,171244,5266844,16863.090,3977.493,0,272.034,0,18.002,1830,1374,2.250,1.560,0.900,2,0,0,0,0,11,33,0,44,0
08-06 13:30:35,20.243,2.249,75.225,0,0,1451712,1043444,171248,5266868,24264.797,7643.416,0,603.796,0,69.976,3331,3353,2.250,1.560,0.900,1,0,0,0,0,11,33,0,44,0
08-06 13:30:36,20.242,5.998,73.222,0,0,1410292,1084856,171248,5266876,18292.033,4080.446,0,171.935,0,24.990,3199,2502,2.250,1.560,0.900,2,0,45.982,0,0,11,32,0,45,0
08-06 13:30:37,21.263,4.002,73.294,0,0,1452212,1042932,171248,5266876,12654.677,1566.951,0,104.063,0,4.002,1848,1214,2.250,1.560,0.900,1,0,0,0,0,11,32,0,44,0
08-06 13:30:38,19.034,2.254,77.889,0,0,1469344,1025796,171248,5266880,17711.549,6674.890,0,4.007,0,1.002,2100,1615,2.250,1.560,0.900,1,0,1.002,0,0,11,33,0,44,0
08-06 13:30:39,20.466,2.745,75.375,0,0,1459508,1035488,171248,5267024,13646.306,6023.982,0,431.283,0,0.998,3289,3311,2.060,1.530,0.890,1,0,0,0,0,11,33,0,44,0
08-06 13:30:40,21.249,3.250,73.497,0,0,1451744,1043228,171256,5267040,17623.311,6223.757,0,111.996,0,12.999,3719,3918,2.060,1.530,0.890,2,0,0,0,0,11,32,0,44,0
08-06 13:30:41,11.491,19.735,67.448,0,0,1386676,1108184,171256,5267148,11911.841,1684.705,0,3.997,0,0.999,4565,2670,2.060,1.530,0.890,1,0,222.829,0,0,11,32,0,44,0
08-06 13:30:42,17.293,26.064,54.134,0,0,1352608,1142212,171256,5267204,13122.423,1515.745,0,12.030,0,3.007,5662,13011,2.060,1.530,0.890,3,0,293.726,0,0,11,32,0,40,0
08-06 13:30:43,34.683,16.967,47.409,0.749,0,1395376,1099332,171268,5267284,9841.112,1563.000,35.931,590.866,0.998,30.941,4217,2881,2.060,1.530,0.890,2,0,145.720,0,0,11,32,0,42,0
08-06 13:30:44,45.491,4.999,48.990,0,0,1504104,989964,171272,5267872,9340.099,1511.692,0,511.896,0,7.998,2761,1548,2.060,1.540,0.900,2,0,0,0,0,11,32,0,42,0
08-06 13:30:45,39.138,7.728,42.628,7.229,0,1544516,944896,171736,5271460,13260.168,1561.545,434.760,16772.148,16.952,1280.347,8951,13538,2.060,1.540,0.900,4,0,49.858,0,0,11,36,0,42,0
08-06 13:30:46,36.726,9.494,37.226,12.242,0,1502920,983452,172324,5273836,10809.037,1403.096,0,23376.942,0,2023.696,11204,18681,2.060,1.540,0.900,3,1,51.967,0,0,11,36,0,37,0
08-06 13:30:47,38.020,9.005,35.519,13.007,0,1535124,949432,172752,5275168,7792.187,1242.668,0,28499.312,0,2231.199,11144,18951,2.060,1.540,0.900,2,0,41.022,0,0,11,36,0,37,0
08-06 13:30:48,39.138,7.025,40.643,10.035,0,1532192,951056,172916,5276276,12200.969,1571.535,0,19769.623,0,1804.354,9676,16305,2.060,1.540,0.900,3,0,26.092,0,0,11,36,0,37,0
08-06 13:30:49,42.254,8.251,37.504,9.251,0.250,1482876,1000724,173096,5275736,9627.923,1512.145,0,20397.955,0,1657.159,7829,13377,2.460,1.630,0.930,2,0,11.001,0,0,11,32,0,37,0
08-06 13:30:50,44.238,5.998,48.487,0.250,0,1581596,901980,173104,5275748,12496.707,1619.573,0,683.820,0,42.989,2981,1669,2.460,1.630,0.930,2,0,1.999,0,0,11,32,0,37,0
08-06 13:30:51,42.574,7.220,43.321,5.228,0,1519688,963632,173224,5275880,12976.462,1559.566,39.836,10970.737,2.988,1077.554,7557,11059,2.460,1.630,0.930,2,0,3.984,0,0,11,34,0,37,0
08-06 13:30:52,37.594,7.519,42.355,8.271,0,1578796,903940,173532,5276144,21289.014,1557.879,0,7518.723,0,1262.143,8957,15606,2.460,1.630,0.930,2,0,0,0,0,11,34,0,37,0
08-06 13:30:53,41.311,7.010,44.065,5.758,0,1539132,943260,173708,5276304,11681.229,1622.393,0,6032.898,0,1008.487,7324,11500,2.460,1.630,0.930,2,0,1.001,0,0,11,32,0,37,0
08-06 13:30:54,25.659,11.958,60.287,0.249,0,1475620,1006752,173720,5276312,12226.851,1614.303,0,852.990,0,44.842,3480,2308,2.340,1.620,0.930,3,0,97.655,0,0,11,32,0,34,0
08-06 13:30:55,23.838,4.768,71.513,0.251,0,1494936,987408,173724,5276324,14378.925,1625.985,0,1075.960,0,115.425,2127,1410,2.340,1.620,0.930,2,0,8.030,0,0,11,32,0,34,0
08-06 13:30:56,22.507,4.001,70.520,1.500,0,1486148,996120,173800,5276324,16120.686,1662.483,0,7818.273,0,468.136,2499,2816,2.340,1.620,0.930,2,0,1.000,0,0,11,32,0,34,0
08-06 13:30:57,22.236,3.248,73.453,0.250,0,1532144,950124,173800,5276324,12389.015,1564.991,0,335.784,0,21.986,1952,1259,2.340,1.620,0.930,2,0,1.999,0,0,11,32,0,34,0
08-06 13:30:58,22.995,2.999,73.234,0,0,1489040,993124,173808,5276404,13368.046,1619.642,0,0,0,0,1869,1202,2.340,1.620,0.930,2,0,2.000,0,0,11,32,0,31,0
08-06 13:30:59,22.522,3.253,73.571,0,0,1502808,979356,173808,5276404,8635.318,1621.562,0,48.046,0,2.002,1790,1155,2.230,1.610,0.940,1,0,2.002,0,0,11,32,0,31,0
08-06 13:31:00,23.738,1.999,73.712,0,0,1521020,961056,173808,5276492,8580.526,1511.212,0,0,0,0,1703,982,2.230,1.610,0.940,1,0,0,0,0,11,32,0,31,0
08-06 13:31:01,22.511,3.502,73.284,0,0,1472960,1009092,173816,5276504,13289.251,1620.762,0,1068.503,0,155.073,1968,1382,2.230,1.610,0.940,1,0,1.000,0,0,11,32,0,31,0
08-06 13:31:02,22.252,4.000,73.006,0.250,0,1467180,1014824,173836,5276524,10212.838,1620.133,0,584.048,0,32.003,2076,1763,2.230,1.610,0.940,1,0,1.000,0,0,11,32,0,27,0
08-06 13:31:03,22.248,3.250,73.495,0,0,1505848,976152,173840,5276524,11594.172,1619.884,0,31.998,0,4.000,1830,1244,2.230,1.610,0.940,3,0,2.000,0,0,11,32,0,27,0
08-06 13:31:04,22.741,3.499,72.722,0,0,1442952,1038980,173840,5276584,12130.320,1565.396,0,0,0,0,1866,1184,2.130,1.600,0.940,4,0,1.000,0,0,11,32,0,27,0
08-06 13:31:05,23.259,2.751,73.529,0,0,1443860,1038032,173844,5276616,12160.771,1512.593,0,0,0,0,1776,1107,2.130,1.600,0.940,1,0,1.000,0,0,11,32,0,27,0
08-06 13:31:06,22.501,3.750,73.502,0,0,1457000,1024892,173844,5276616,11276.382,1620.055,0,0,0,0,1887,1316,2.130,1.600,0.940,2,0,0,0,0,11,32,0,20,0
08-06 13:31:07,22.998,2.500,72.993,0,0,1484260,997620,173844,5276628,8552.124,1457.851,0,103.989,0,1.000,1818,1137,2.130,1.600,0.940,2,0,2.000,0,0,11,32,0,20,0
08-06 13:31:08,9.745,19.491,68.217,1.000,0,1440164,1041552,173868,5276764,9054.628,1619.218,0,3850.141,0,193.906,5042,3888,2.130,1.600,0.940,2,0,238.885,0,0,11,32,0,20,0
08-06 13:31:09,8.504,21.761,68.284,0,0,1431068,1050628,173868,5276784,12670.276,1620.803,0,440.218,0,5.002,4962,3047,2.120,1.610,0.940,1,0,248.123,0,0,11,32,0,20,0
08-06 13:31:10,9.459,19.167,68.701,0,0,1428104,1053560,173872,5276808,12031.655,1451.684,0,426.146,0,10.952,4739,2874,2.120,1.610,0.940,1,0,208.095,0,0,11,32,0,17,0
08-06 13:31:11,8.502,21.505,69.017,0,0,1426256,1055392,173872,5276824,12830.115,1620.393,0,276.067,0,3.001,4794,2940,2.120,1.610,0.940,1,0,224.054,0,0,11,32,0,17,0
08-06 13:31:12,8.785,21.838,67.773,0.251,0,1416764,1064868,173872,5276840,10562.624,1626.564,0,1401.656,0,169.685,5061,3424,2.120,1.610,0.940,1,0,231.936,0,0,11,32,0,17,0
08-06 13:31:13,10.249,18.999,69.245,0,0,1408848,1072768,173872,5276856,13053.122,1457.902,0,47.997,0,5.000,4654,2949,2.120,1.610,0.940,1,0,218.985,0,0,11,32,0,17,0
08-06 13:31:14,21.746,3.999,73.238,0,0,1454740,1026892,173872,5276840,13772.761,1619.737,0,3.999,0,1.000,1814,1292,2.030,1.600,0.940,1,0,0,0,0,11,32,0,13,0
08-06 13:31:15,22.249,3.250,73.746,0,0,1513216,968412,173872,5276844,9245.497,1713.907,0,0,0,0,1777,1184,2.030,1.600,0.940,2,0,2.000,0,0,11,32,0,13,0
08-06 13:31:16,22.506,3.001,73.521,0,0,1491888,989744,173872,5276840,18332.144,1620.455,0,16.004,0,1.000,1865,1237,2.030,1.600,0.940,1,0,1.000,0,0,11,32,0,13,0
08-06 13:31:17,22.500,3.500,73.249,0,0,1535004,946628,173872,5276840,11489.880,1619.983,0,2499.974,0,101.999,1970,1359,2.030,1.600,0.940,2,0,2.000,0,0,11,32,0,13,0
08-06 13:31:18,23.167,2.989,73.237,0,0,1502932,978676,173876,5276860,9313.543,1614.201,0,175.370,0,2.989,1806,1211,2.030,1.600,0.940,3,0,1.993,0,0,11,32,0,11,0
08-06 13:31:19,22.585,3.011,73.526,0,0,1552616,929000,173876,5276852,11746.024,1463.485,0,0,0,0,1750,1241,1.950,1.590,0.940,2,0,0,0,0,11,32,0,11,0
08-06 13:31:20,23.173,2.990,73.755,0,0,1539300,942304,173876,5276864,12916.036,1614.629,0,19.934,0,2.990,1773,1135,1.950,1.590,0.940,3,0,1.993,0,0,11,32,0,11,0
08-06 13:31:21,21.317,4.514,73.480,0,0,1535148,946476,173876,5276844,14498.456,1625.095,0,0,0,0,1846,1229,1.950,1.590,0.940,1,0,3.009,0,0,11,32,0,11,0
08-06 13:31:22,22.501,3.000,73.005,0.250,0,1580840,900772,173880,5276852,13181.859,1620.106,0,520.034,0,39.003,2070,1789,1.950,1.590,0.940,1,0,0,0,0,11,32,0,11,0
08-06 13:31:23,22.467,3.245,73.393,0,0,1534208,947392,173880,5276864,10404.842,1617.643,0,67.901,0,1.997,1835,1278,1.950,1.590,0.940,1,0,0.999,0,0,11,32,0,8,0
08-06 13:31:24,22.278,3.755,73.593,0,0,1568856,912744,173880,5276864,11656.727,1459.844,0,0,0,0,1872,1195,1.870,1.580,0.940,1,0,2.003,0,0,11,32,0,8,0
08-06 13:31:25,23.257,2.751,73.523,0,0,1543216,938372,173880,5276876,12572.872,1620.499,0,12.004,0,1.000,1866,1207,1.870,1.580,0.940,1,0,1.000,0,0,11,32,0,8,0
08-06 13:31:26,23.250,3.000,73.499,0,0,1543216,938400,173880,5276848,12646.909,1619.988,0,4.000,0,1.000,1830,1213,1.870,1.580,0.940,1,0,0,0,0,11,32,0,8,0
08-06 13:31:27,22.742,2.749,73.473,0,0,1564104,917484,173880,5276876,11593.705,1457.460,0,79.970,0,2.999,1791,1106,1.870,1.580,0.940,1,0,1.999,0,0,11,32,0,6,0
08-06 13:31:28,22.002,4.000,73.506,0,0,1507744,973932,173880,5276788,11786.930,1620.128,0,156.012,0,33.003,1934,1226,1.870,1.580,0.940,1,0,4.000,0,0,11,32,0,6,0
08-06 13:31:29,22.508,3.251,73.525,0,0,1555876,925800,173880,5276788,12469.303,1620.559,0,0,0,0,1872,1250,1.800,1.570,0.940,1,0,0,0,0,11,32,0,6,0
08-06 13:31:30,23.246,2.000,73.486,0,0,1505652,975948,173880,5276864,8546.357,1457.720,0,87.983,0,1.000,1805,1129,1.800,1.570,0.940,1,0,1.000,0,0,11,32,0,6,0
08-06 13:31:31,22.496,3.499,73.488,0,0,1498816,982772,173880,5276876,9493.414,1619.729,0,19.997,0,2.000,1846,1276,1.800,1.570,0.940,1,0,1.000,0,0,11,32,0,5,0
08-06 13:31:32,21.749,4.000,72.747,0.250,0,1495268,986328,173880,5276868,16170.414,1619.941,0,431.984,0,34.999,2154,1859,1.800,1.570,0.940,1,0,0,0,0,11,32,0,5,0
08-06 13:31:33,22.754,3.001,73.514,0,0,1531228,950368,173880,5276868,11543.270,1458.287,0,204.040,0,28.006,1825,1225,1.800,1.570,0.940,1,0,2.000,0,0,11,32,0,5,0
08-06 13:31:34,23.003,3.000,73.509,0,0,1475504,1006096,173880,5276864,12512.553,1620.201,0,0,0,0,1882,1280,1.740,1.560,0.940,1,0,1.000,0,0,11,32,0,5,0
08-06 13:31:35,23.750,2.750,73.500,0,0,1475572,1006004,173880,5276888,12854.018,1620.002,0,24.000,0,1.000,1891,1228,1.740,1.560,0.940,1,0,1.000,0,0,11,32,0,4,0
08-06 13:31:36,22.501,3.000,73.502,0,0,1509716,971872,173880,5276876,16985.451,1662.044,0,0,0,0,1836,1216,1.740,1.560,0.940,1,0,0,0,0,11,32,0,4,0
08-06 13:31:37,22.999,2.500,73.746,0,0,1537928,943648,173880,5276888,23225.678,1619.908,0,71.996,0,3.000,1792,1106,1.740,1.560,0.940,1,0,2.000,0,0,11,32,0,4,0
08-06 13:31:38,8.743,22.481,67.193,0,0,1470132,1011408,173880,5276924,9408.979,1456.758,0,223.809,0,9.991,4952,3167,1.740,1.560,0.940,2,0,260.778,0,0,11,32,0,4,0
08-06 13:31:39,13.010,14.761,70.553,0,0,1471184,1010344,173880,5276936,8624.434,1621.209,0,216.161,0,30.022,3929,2745,1.600,1.530,0.940,2,0,200.149,0,0,11,32,0,3,0
08-06 13:31:40,23.256,3.001,73.518,0,0,1524592,956924,173880,5276948,12239.059,1620.405,0,0,0,0,1791,1160,1.600,1.530,0.940,2,0,0,0,0,11,32,0,3,0
08-06 13:31:41,22.744,2.749,73.479,0,0,1510312,970928,173880,5277192,10302.121,1619.547,0,3.999,0,1.000,1813,1061,1.600,1.530,0.940,1,0,8.997,0,0,11,32,0,3,0
08-06 13:31:42,22.158,4.979,71.702,0.249,0,1516584,964644,173892,5277192,12004.178,1613.304,0,489.966,0,32.864,2182,1915,1.600,1.530,0.940,3,0,10.955,0,0,11,32,0,3,0
08-06 13:31:43,31.621,7.780,60.231,0,0,1505372,975832,173892,5277200,11987.023,1626.244,0,36.139,0,2.008,3217,12763,1.600,1.530,0.940,1,0,61.235,0,0,11,32,0,1,0
08-06 13:31:44,9.246,23.740,64.723,0.250,0,1487120,993936,173892,5277328,12186.960,1619.330,39.983,59.975,1.999,2.999,4908,3081,1.550,1.520,0.940,1,0,254.895,0,0,11,32,0,1,0
08-06 13:31:45,8.987,21.220,67.655,0,0,1470468,1010564,173892,5277352,10436.309,1455.951,0,207.708,0,28.959,4712,2924,1.550,1.520,0.940,3,0,223.685,0,0,11,32,0,1,0
08-06 13:31:46,9.017,21.290,68.630,0,0,1452440,1028572,173892,5277364,7982.147,1623.080,0,56.106,0,2.004,4680,2982,1.550,1.520,0.940,2,0,233.443,0,0,11,32,0,1,0
08-06 13:31:47,8.500,22.499,67.247,0,0,1432164,1048824,173892,5277380,13465.311,1457.925,0,295.985,0,5.000,4971,3056,1.550,1.520,0.940,1,0,241.988,0,0,11,32,0,1,0
08-06 13:31:48,8.752,21.754,67.264,0,0,1411552,1069420,173892,5277392,12443.517,1620.328,0,240.049,0,39.008,4906,3110,1.550,1.520,0.940,1,0,244.049,0,0,11,32,0,1,0
08-06 13:31:49,9.503,20.506,67.521,0,0,1396280,1084668,173892,5277412,8523.620,1620.498,0,368.113,0,4.001,4725,2941,1.510,1.510,0.940,1,0,231.071,0,0,11,32,0,1,0
08-06 13:31:50,9.250,21.001,68.002,0,0,1395280,1085620,173892,5277428,14506.521,1458.052,0,588.021,0,33.001,4875,3003,1.510,1.510,0.940,1,0,236.008,0,0,11,32,0,1,0
08-06 13:31:51,8.749,22.247,67.992,0,0,1386496,1094392,173892,5277436,10995.719,1619.811,0,643.925,0,6.999,4859,2959,1.510,1.510,0.940,2,0,234.973,0,0,11,32,0,1,0
08-06 13:31:52,8.719,21.424,67.262,0,0,1387784,1093092,173892,5277448,12379.210,1494.713,0,641.730,0,7.972,4824,2957,1.510,1.510,0.940,2,0,227.196,0,0,11,32,0,1,0
08-06 13:31:53,8.529,21.072,67.730,0,0.251,1380872,1099988,173892,5277460,11828.158,1625.519,0,553.880,0,6.020,4778,2899,1.510,1.510,0.940,1,0,230.784,0,0,11,32,0,1,0
08-06 13:31:54,9.251,20.753,68.261,0,0,1377728,1103120,173892,5277472,9808.582,1134.183,0,460.074,0,5.001,4733,2850,1.470,1.500,0.940,1,0,225.036,0,0,11,32,0,1,0
08-06 13:31:55,9.000,21.750,66.999,0,0,1380728,1100092,173892,5277488,12617.803,485.992,0,83.999,0,3.000,4820,2988,1.470,1.500,0.940,1,0,224.996,0,0,11,32,0,1,0
08-06 13:31:56,8.750,20.500,69.250,0,0,1378020,1102788,173892,5277500,18716.948,1619.995,0,88.000,0,4.000,4817,2919,1.470,1.500,0.940,2,0,224.999,0,0,11,32,0,1,0
08-06 13:31:57,9.000,19.500,69.499,0,0,1375192,1105596,173892,5277520,9301.877,1619.979,0,191.997,0,6.000,4627,2870,1.470,1.500,0.940,1,0,211.997,0,0,11,32,0,1,0
08-06 13:31:58,9.501,21.003,68.009,0,0,1373524,1107244,173892,5277536,11804.636,1620.225,0,344.048,0,5.001,4723,2878,1.470,1.500,0.940,1,0,206.029,0,0,11,32,0,1,0
08-06 13:31:59,8.498,22.745,66.986,0,0,1371612,1109144,173892,5277548,10108.818,1619.650,0,27.994,0,6.998,4790,2955,1.350,1.480,0.930,1,0,246.947,0,0,11,32,0,1,0
08-06 13:32:00,8.752,21.254,68.012,0,0,1370548,1110196,173892,5277560,12012.134,1620.288,0,28.005,0,7.001,4941,3032,1.350,1.480,0.930,1,0,241.043,0,0,11,32,0,1,0
08-06 13:32:01,10.225,18.455,69.580,0,0,1371328,1109396,173892,5277580,11000.195,1616.062,0,323.212,0,65.840,4604,2850,1.350,1.480,0.930,1,0,189.538,0,0,11,32,0,1,0
08-06 13:32:02,14.521,25.037,58.836,0.250,0,1331296,1149400,173908,5277600,7846.463,1622.370,0,344.503,0,17.025,5354,3792,1.350,1.480,0.930,3,0,313.458,0,0,11,32,0,3,0
08-06 13:32:03,29.252,26.502,42.503,0.500,0,1392424,1088252,173908,5277620,11700.937,1620.130,0,472.038,0,28.002,5586,3640,1.350,1.480,0.930,7,0,267.021,0,0,11,32,0,3,0
08-06 13:32:04,54.067,26.533,19.775,0,0,1492000,988448,173944,5277776,11397.170,1501.867,0,528.657,0,41.051,5433,3983,1.640,1.540,0.960,4,0,329.410,0,0,11,32,0,7,0
08-06 13:32:05,64.979,9.247,24.242,0.250,0,1637900,838948,174152,5280452,13343.757,1619.485,15.995,1395.556,1.000,45.985,4240,2275,1.640,1.540,0.960,3,0,2.999,0,0,11,34,0,7,0
08-06 13:32:06,39.482,8.746,34.485,13.494,0,1665540,803456,174756,5287164,10172.485,1619.281,427.810,35096.423,8.996,2492.894,12134,20841,1.640,1.540,0.960,2,1,58.974,0,0,11,38,0,8,0
08-06 13:32:07,27.976,8.243,43.213,14.737,0,1662340,801188,175148,5292092,12200.443,1456.739,0,33311.176,0,2461.870,12285,21446,1.640,1.540,0.960,1,1,50.956,0,0,11,38,0,8,0
08-06 13:32:08,31.756,12.502,37.757,13.502,0,1648584,810780,175448,5295836,9423.709,324.059,0,45712.290,0,3071.557,13131,23943,1.640,1.540,0.960,4,0,88.016,0,0,11,36,0,8,0
08-06 13:32:09,39.735,11.496,32.987,12.495,0,1683620,771192,175544,5300124,8454.785,1457.446,0,30288.484,0,2221.155,11206,19829,1.830,1.580,0.970,6,0,47.982,0,0,11,36,0,8,0
08-06 13:32:10,39.770,10.005,33.267,13.507,0,1712368,737940,175640,5304312,13654.970,6666.403,0,50081.562,0,3625.851,13686,24682,1.830,1.580,0.970,4,1,24.012,0,0,11,37,0,8,0
08-06 13:32:11,39.807,9.454,32.592,14.181,0,1706572,738244,175864,5309416,15872.095,4974.895,0,41693.980,0,2974.587,13552,23948,1.830,1.580,0.970,6,1,17.913,0,0,11,37,0,8,0
08-06 13:32:12,42.157,14.052,29.108,11.543,0,1690068,750280,176244,5313376,11028.104,2529.428,0,23997.444,0,2025.550,11144,18895,1.830,1.580,0.970,3,2,94.352,0,0,11,36,0,9,0
08-06 13:32:13,50.328,10.016,23.787,12.770,0.250,1728372,708648,176504,5316304,12114.752,1622.511,0,39320.864,0,2697.175,11443,20390,1.830,1.580,0.970,3,1,9.014,0,0,11,36,0,9,0
08-06 13:32:14,35.027,21.516,30.773,9.257,0,1638624,794928,176664,5319456,16407.465,8384.370,0,30703.325,0,2205.676,12191,19709,2.160,1.650,1,5,0,196.149,0,0,11,35,0,9,0
08-06 13:32:15,36.523,18.762,26.767,14.259,0,1637004,792104,176776,5324056,19954.689,8591.463,372.237,28594.183,6.004,2020.285,13069,22460,2.160,1.650,1,7,0,145.092,0,0,11,35,0,9,0
08-06 13:32:16,48.805,18.771,23.026,6.507,0,1641888,784496,177876,5325144,25835.924,7654.570,0,23426.226,0,1880.105,13531,23222,2.160,1.650,1,6,0,107.120,0,0,11,36,0,9,0
08-06 13:32:17,38.494,20.247,21.497,17.747,0,1563128,863476,176856,5325928,8701.641,1619.747,1131.823,29800.345,22.996,2351.633,10958,18572,2.160,1.650,1,4,0,122.981,0,0,11,36,0,9,0
08-06 13:32:18,40.403,14.964,30.676,10.225,0,1596892,827696,176928,5327816,8836.743,1616.112,666.397,23196.200,11.971,1946.318,10854,17947,2.160,1.650,1,7,1,125.698,0,0,11,36,0,9,0
08-06 13:32:19,32.015,8.504,44.021,11.756,0,1598292,824952,177064,5328956,17660.426,7361.512,0,33976.211,0,2424.157,11102,19597,2.230,1.670,1.010,8,0,21.010,0,0,11,37,0,9,0
08-06 13:32:20,32.482,8.495,44.226,10.244,0,1599232,824224,177172,5328620,19799.236,6943.225,0,19237.541,0,1744.052,11425,19371,2.230,1.670,1.010,4,1,8.995,0,0,11,37,0,9,0
08-06 13:32:21,35.512,8.503,41.764,10.504,0,1600536,823748,177272,5327692,20418.944,8015.726,0,27629.396,0,2001.681,11601,19202,2.230,1.670,1.010,0,1,6.002,0,0,11,37,0,9,0
08-06 13:32:22,34.158,9.474,41.388,10.721,0,1533300,889816,177384,5328748,26115.642,4485.915,0,22367.739,0,1839.045,10318,16901,2.230,1.670,1.010,2,1,60.836,0,0,11,36,0,10,0
08-06 13:32:23,35.532,10.509,38.034,12.261,0,1565860,856544,177440,5329392,12162.791,1621.439,0,18912.779,0,1823.618,10738,17155,2.230,1.670,1.010,3,0,43.038,0,0,11,36,0,10,0
08-06 13:32:24,33.548,8.512,42.561,11.767,0,1609760,813024,177500,5328936,14366.639,3982.721,0,23710.061,0,2164.109,11251,18754,2.370,1.710,1.030,3,1,15.022,0,0,11,37,0,10,0
08-06 13:32:25,35.947,7.739,40.191,11.733,0,1605876,816120,177516,5329704,13831.617,6887.850,0,31893.000,0,2416.439,11540,20132,2.370,1.710,1.030,4,0,8.987,0,0,11,37,0,10,0
08-06 13:32:26,34.273,8.005,43.028,10.257,0,1599452,821700,177548,5330500,18745.325,7640.023,0,23727.601,0,1923.265,11364,19195,2.370,1.710,1.030,5,0,24.016,0,0,11,37,0,10,0
08-06 13:32:27,38.539,7.257,40.291,9.760,0.250,1596716,823576,177560,5331328,24298.904,7122.300,0,23480.065,0,1903.951,10614,16793,2.370,1.710,1.030,5,0,12.012,0,0,11,37,0,10,0
08-06 13:32:28,38.982,9.746,37.483,10.745,0,1526296,893056,177592,5332212,12747.247,2150.030,0,17843.947,0,1671.246,9728,16197,2.370,1.710,1.030,3,1,51.977,0,0,11,36,0,10,0
08-06 13:32:29,38.765,9.003,37.014,11.504,0,1571384,847080,177668,5333000,12198.565,1458.546,0,27794.402,0,2061.772,10193,17760,2.340,1.720,1.030,2,1,21.008,0,0,11,36,0,10,0
08-06 13:32:30,31.257,7.252,45.760,11.502,0,1582520,834372,177752,5334448,15700.304,7291.534,0,29030.109,0,2370.499,11680,20372,2.340,1.720,1.030,3,1,23.005,0,0,11,37,0,10,0
08-06 13:32:31,33.214,7.742,44.701,10.239,0,1579764,835660,177812,5335816,21007.019,8002.246,0,25028.619,0,2035.773,11696,19983,2.340,1.720,1.030,2,1,26.970,0,0,11,37,0,10,0
08-06 13:32:32,32.478,8.494,43.970,11.742,0,1577280,836388,177844,5337504,17785.733,8523.122,0,31350.378,0,2312.405,12287,21228,2.340,1.720,1.030,4,0,20.986,0,0,11,37,0,10,0
08-06 13:32:33,32.367,12.796,40.646,11.291,0,1528740,883656,177880,5338692,9761.166,2818.153,0,24464.136,0,2161.788,10976,18845,2.340,1.720,1.030,2,1,76.275,0,0,11,36,0,11,0
08-06 13:32:34,38.281,7.506,39.782,12.260,0,1551160,859716,177896,5340164,11202.997,1459.172,0,28799.128,0,2550.048,10469,19702,2.480,1.760,1.050,2,0,57.046,0,0,11,36,0,11,0
08-06 13:32:35,33.158,8.726,41.385,12.216,0,1576536,833048,177904,5341412,15779.984,6710.282,0,26821.186,0,2292.605,11064,19530,2.480,1.760,1.050,2,0,38.892,0,0,11,37,0,11,0
08-06 13:32:36,32.429,7.733,41.908,11.724,0,1575792,832796,177928,5342352,20307.513,5362.253,0,27116.596,0,2139.313,11290,19280,2.480,1.760,1.050,4,0,26.941,0,0,11,36,0,12,0
08-06 13:32:37,33.895,12.051,37.661,13.307,0,1526612,881072,177964,5343184,13038.692,1626.949,0,27529.586,0,2175.291,11316,18505,2.480,1.760,1.050,2,0,49.210,0,0,11,36,0,12,0
08-06 13:32:38,36.382,7.974,41.117,11.463,0,1577524,829664,178028,5343588,13828.225,3824.616,0,22315.742,0,1951.681,10777,17919,2.480,1.760,1.050,1,1,15.948,0,0,11,37,0,12,0
08-06 13:32:39,33.064,8.266,42.833,12.274,0.250,1581472,830316,178044,5338972,17322.635,5145.992,0,37508.830,0,2807.451,13218,24417,2.520,1.780,1.060,4,0,0,0,0,11,37,0,12,0
08-06 13:32:40,32.722,12.489,38.467,12.239,0,1569108,842868,178064,5338760,18427.174,2446.899,0,37355.917,0,2538.820,11849,20594,2.520,1.780,1.060,2,1,74.936,0,0,11,36,0,13,0
08-06 13:32:41,39.496,6.499,39.246,10.999,0,1610864,799596,178076,5340264,8126.178,1661.832,0,17914.188,0,1579.840,9009,14696,2.520,1.780,1.060,2,1,11.999,0,0,11,36,0,13,0
08-06 13:32:42,35.274,6.254,45.280,9.006,0,1618176,792276,178080,5340260,19407.018,8597.767,0,26681.898,0,1962.316,9548,15590,2.520,1.780,1.060,3,0,15.010,0,0,11,35,0,14,0
08-06 13:32:43,35.495,19.497,43.744,0.250,0,1463072,947192,178080,5340448,15250.817,5143.264,0,1243.822,0,67.990,6028,15225,2.520,1.780,1.060,1,0,290.958,0,0,11,32,0,16,0
08-06 13:32:44,22.248,4.000,72.742,0.500,0,1480824,929440,178080,5340448,12169.640,1619.819,0,1071.880,0,66.993,2025,1634,2.400,1.760,1.060,1,0,0,0,0,11,32,0,15,0
08-06 13:32:45,19.004,2.250,77.015,0,0,1498240,912016,178080,5340456,16572.278,6767.338,0,568.112,0,33.007,2133,1855,2.400,1.760,1.060,1,0,0,0,0,11,33,0,15,0
08-06 13:32:46,19.219,2.746,76.126,0.749,0,1489668,920576,178080,5340468,18233.215,6384.571,0,2531.864,0,140.770,3737,4125,2.400,1.760,1.060,3,0,0,0,0,11,33,0,15,0
08-06 13:32:47,14.269,14.269,70.095,0.250,0,1435812,974388,178080,5340512,12457.929,2377.230,0,320.435,0,28.038,3969,2724,2.400,1.760,1.060,2,0,148.201,0,0,11,32,0,16,0
08-06 13:32:48,9.248,22.245,66.234,0,0,1427892,982184,178080,5340636,9879.612,1619.609,0,159.961,0,13.997,5054,3251,2.400,1.760,1.060,2,0,246.940,0,0,11,32,0,16,0
08-06 13:32:49,12.248,25.246,60.740,0,0,1420984,989072,178080,5340656,8448.663,1619.744,0,435.931,0,28.995,5019,3220,2.360,1.770,1.060,4,0,258.959,0,0,11,32,0,17,0
08-06 13:32:50,51.038,20.015,27.770,0.500,0,1488812,921036,178100,5340844,13087.642,1621.194,0,828.610,0,58.043,5214,3479,2.360,1.770,1.060,4,0,144.106,0,0,11,32,0,22,0
08-06 13:32:51,66.963,8.495,23.987,0.250,0,1607440,801524,178120,5341664,10061.499,1457.203,0,439.760,0,20.989,3819,1681,2.360,1.770,1.060,3,0,2.998,0,0,11,32,0,22,0
08-06 13:32:52,68.726,6.998,23.742,0.250,0,1740976,665060,178232,5344124,11869.840,1619.432,0,4230.517,0,135.952,3940,1767,2.360,1.770,1.060,3,0,0,0,0,11,32,0,22,0
08-06 13:32:53,58.510,6.001,29.755,3.501,0,1836216,564480,178356,5348948,9669.645,1500.255,0,12470.121,0,890.151,6846,8027,2.360,1.770,1.060,2,1,45.008,0,0,11,38,0,22,0
08-06 13:32:54,35.011,9.753,36.011,14.755,0,1831560,562396,178380,5355492,12203.797,1620.504,0,48054.951,0,3284.022,14503,25974,2.900,1.890,1.110,2,1,78.024,0,0,11,38,0,22,0
08-06 13:32:55,29.238,10.496,41.733,12.995,0,1829224,560352,178412,5359636,9193.287,1619.346,0,37732.762,0,2805.867,13138,23500,2.900,1.890,1.110,4,2,104.958,0,0,11,38,0,22,0
08-06 13:32:56,27.478,10.492,41.967,14.988,0,1827544,557564,178448,5363936,15390.934,1618.731,0,44049.465,0,3025.628,13253,23497,2.900,1.890,1.110,7,0,71.944,0,0,11,38,0,22,0
08-06 13:32:57,29.781,9.259,41.793,14.765,0,1825764,555740,178476,5367384,11213.496,1621.662,0,35468.361,0,2701.770,12867,22554,2.900,1.890,1.110,2,1,102.105,0,0,11,38,0,22,0
08-06 13:32:58,25.927,9.723,45.123,13.961,0,1824488,553660,178492,5370572,12143.687,1615.435,0,24965.458,0,2090.094,11879,19970,2.900,1.890,1.110,1,0,60.828,0,0,11,38,0,22,0
08-06 13:32:59,27.280,10.261,41.795,14.516,0,1821680,553048,178504,5373864,7743.388,1459.581,0,47891.879,0,3186.452,13339,23800,2.980,1.920,1.120,1,2,45.049,0,0,11,38,0,22,0
08-06 13:33:00,44.780,13.759,27.518,10.507,0.250,1691760,678756,178524,5377904,12794.473,1621.073,0,19144.678,0,1736.150,11710,18217,2.980,1.920,1.120,3,1,147.097,0,0,11,36,0,22,0
08-06 13:33:01,44.331,11.955,26.151,13.947,0,1719892,646752,178548,5381648,13468.791,1613.864,0,48025.406,0,3291.486,13959,24842,2.980,1.920,1.120,7,1,78.701,0,0,11,36,0,22,0
08-06 13:33:02,44.220,9.548,27.889,15.829,0,1780016,581484,178592,5386556,12853.041,1628.112,0,43585.166,0,3389.890,13646,25667,2.980,1.920,1.120,3,2,66.330,0,0,11,36,0,22,0
08-06 13:33:03,50.529,7.004,30.768,9.005,0,1806716,551524,178604,5389688,14788.526,1620.934,0,26535.298,0,2063.189,11640,18864,2.980,1.920,1.120,4,0,35.020,0,0,11,38,0,22,0
08-06 13:33:04,20.242,11.995,46.731,16.993,0,1735308,615812,178624,5396516,8854.441,1619.349,0,50327.771,0,3337.658,12749,25297,3.230,1.990,1.150,3,0,74.970,0,0,11,36,0,22,0
08-06 13:33:05,19.231,8.242,49.951,15.984,0,1726260,619988,178632,5401252,18534.942,1618.423,0,43569.551,0,2963.113,12486,22991,3.230,1.990,1.150,3,0,5.994,0,0,11,36,0,16,0
08-06 13:33:06,17.994,9.747,50.982,16.494,0,1719196,624648,178644,5403512,26694.715,1619.437,0,44832.406,0,3037.943,12573,23393,3.230,1.990,1.150,4,0,26.991,0,0,11,36,0,16,0
08-06 13:33:07,19.243,7.997,53.479,14.744,0,1714540,628032,178652,5404732,8180.816,1619.370,0,34522.565,0,2602.987,11558,20334,3.230,1.990,1.150,2,1,26.989,0,0,11,36,0,16,0
08-06 13:33:08,25.658,6.975,47.829,15.196,0,1710556,629304,178656,5407384,12342.821,1452.800,0,23675.258,0,2133.364,11560,19629,3.230,1.990,1.150,2,2,51.815,0,0,11,36,0,16,0
08-06 13:33:09,33.673,10.052,38.197,13.821,0,1565748,772992,178664,5408464,11783.661,1670.600,0,36419.483,0,2667.733,11451,19611,3.290,2.030,1.170,1,1,70.362,0,0,11,34,0,15,0
08-06 13:33:10,16.004,14.504,65.768,2.501,0,1409196,929524,178668,5408476,12087.341,1620.448,0,9518.631,0,546.151,5000,4763,3.290,2.030,1.170,1,0,160.044,0,0,11,32,0,15,0
08-06 13:33:11,18.995,6.998,71.981,0.250,0,1437496,901204,178668,5408496,11620.008,1133.708,0,759.804,0,39.990,2647,1857,3.290,2.030,1.170,1,0,51.987,0,0,11,32,0,15,0
08-06 13:33:12,22.257,3.501,73.024,0.500,0,1489972,848728,178668,5408496,8534.848,1458.487,0,2336.780,0,135.045,2125,1742,3.290,2.030,1.170,1,0,1.000,0,0,11,32,0,15,0
08-06 13:33:13,23.248,2.750,73.244,0,0,1530876,807824,178668,5408496,12398.028,1619.873,0,0,0,0,1909,1207,3.290,2.030,1.170,1,0,2.000,0,0,11,34,0,14,0
08-06 13:33:14,24.503,1.500,73.258,0,0,1396516,942180,178668,5408500,11442.183,1512.156,0,320.033,0,42.004,2320,1913,3.100,2.010,1.160,1,0,2.000,0,0,11,32,0,14,0
08-06 13:33:15,20.493,4.748,73.475,0,0,1453892,884800,178668,5408504,11712.004,1659.434,0,375.872,0,7.997,2244,1545,3.100,2.010,1.160,2,0,25.991,0,0,11,32,0,14,0
08-06 13:33:16,23.008,3.001,73.774,0,0,1513112,825580,178668,5408504,20661.850,1620.537,0,0,0,0,1931,1195,3.100,2.010,1.160,2,0,0,0,0,11,32,0,14,0
08-06 13:33:17,19.499,7.250,71.497,0.250,0,1462200,876476,178668,5408520,11855.525,1457.942,0,763.969,0,50.998,3063,2257,3.100,2.010,1.160,1,0,68.997,0,0,11,32,0,14,0
08-06 13:33:18,15.257,38.517,44.020,0,0,1459628,879028,178668,5408540,11498.155,1620.727,0,136.061,0,14.006,5964,4005,3.100,2.010,1.160,4,0,432.194,0,0,11,32,0,14,0
08-06 13:33:19,15.481,40.450,41.948,0.250,0,1453692,884928,178668,5408576,8565.350,1617.988,0,231.712,0,15.980,6043,4159,3.020,2.010,1.170,2,0,441.451,0,0,11,32,0,14,0
08-06 13:33:20,12.010,32.776,53.543,0,0,1446944,891668,178668,5408584,9883.895,1621.295,0,460.368,0,62.050,5460,3471,3.020,2.010,1.170,5,0,357.285,0,0,11,32,0,14,0
08-06 13:33:21,8.243,22.232,67.444,0,0,1441820,896780,178668,5408592,12648.490,1618.655,0,23.980,0,5.995,4789,2798,3.020,2.010,1.170,4,0,247.794,0,0,11,32,0,14,0
08-06 13:33:22,8.503,21.758,67.775,0,0,1435212,903324,178668,5408656,13149.758,1620.586,0,16.006,0,4.001,4836,2893,3.020,2.010,1.170,1,0,237.086,0,0,11,32,0,14,0
08-06 13:33:23,7.997,19.742,70.721,0,0,1435340,903172,178668,5408680,13676.468,1619.345,0,0,0,0,4692,2975,3.020,2.010,1.170,1,0,202.918,0,0,11,32,0,14,0
08-06 13:33:24,10.010,19.770,68.569,0,0,1442784,895700,178672,5408700,11034.066,1567.572,0,168.169,0,6.006,4725,2876,2.930,2.010,1.170,2,0,188.189,0,0,11,32,0,14,0
08-06 13:33:25,10.243,19.487,68.205,0,0,1425936,912536,178672,5408712,14561.443,1564.973,0,1786.827,0,60.960,4799,2950,2.930,2.010,1.170,2,0,183.879,0,0,11,32,0,13,0
08-06 13:33:26,13.276,21.041,63.124,0,0,1426744,911716,178672,5409152,12791.085,1623.183,0,212.417,0,10.020,5624,4967,2.930,2.010,1.170,1,0,190.373,0,0,11,32,0,13,0
08-06 13:33:27,22.439,12.716,63.828,0.249,0,1421892,916536,178672,5408724,11559.777,1561.782,0,490.675,0,33.908,4413,5281,2.930,2.010,1.170,1,0,69.811,0,0,11,32,0,13,0
08-06 13:33:28,46.547,17.268,35.536,0,0.250,1487020,851168,178680,5409424,8194.352,1621.653,0,24.024,0,1.001,4387,2589,2.930,2.010,1.170,2,0,124.127,0,0,11,33,0,13,0
08-06 13:33:29,45.260,5.251,48.761,0,0,1599136,739028,178680,5409448,12295.671,1620.352,0,0,0,0,2833,1379,2.860,2.010,1.180,2,0,0,0,0,11,33,0,13,0
08-06 13:33:30,50.992,4.999,42.993,0.250,0,1656180,681096,178728,5410240,10510.397,1619.753,103.984,535.918,1.000,27.996,4247,3387,2.860,2.010,1.180,2,0,18.997,0,0,11,49,0,13,0
08-06 13:33:31,34.257,12.503,52.011,0,0,1689368,644144,178756,5413552,12126.579,1620.345,0,804.171,0,57.012,5224,6196,2.860,2.010,1.180,1,0,107.023,0,0,11,48,0,13,0
08-06 13:33:32,7.998,21.243,69.479,0.500,0,1690816,642672,178760,5413568,12593.142,1619.504,0,147.955,0,10.997,4842,3121,2.860,2.010,1.180,1,0,214.934,0,0,11,48,0,13,0
08-06 13:33:33,23.524,15.766,59.312,0,0,1681320,652128,178760,5414012,11856.316,1459.516,0,0,0,0,5295,6364,2.860,2.010,1.180,1,0,146.152,0,0,11,48,0,13,0
08-06 13:33:34,8.987,4.993,85.378,0,0,1681300,652128,178760,5413576,11832.058,1617.684,0,0,0,0,2121,1847,2.630,1.970,1.170,0,0,27.960,0,0,11,48,0,12,0
08-06 13:33:35,0.750,0.500,97.776,0,0,1680412,653016,178760,5413576,10290.738,1566.417,0,800.213,0,2.001,803,1027,2.630,1.970,1.170,0,0,3.001,0,0,11,48,0,12,0
08-06 13:33:36,0.500,0.500,98.272,0,0,1679336,654092,178760,5413576,16386.745,1512.346,0,4.001,0,1.000,856,1001,2.630,1.970,1.170,0,0,3.001,0,0,11,48,0,12,0
08-06 13:33:37,0.750,0.500,97.747,0,0,1679136,654284,178760,5413584,9491.712,1619.951,0,411.987,0,28.999,946,1408,2.630,1.970,1.170,0,0,1.000,0,0,11,48,0,12,0
08-06 13:33:38,3.498,5.496,89.688,0,0,1663328,669964,178760,5413700,9062.762,1456.997,0,1151.208,0,7.994,2123,1925,2.630,1.970,1.170,1,0,51.964,0,0,11,48,0,11,0
08-06 13:33:39,23.790,16.778,57.848,0,0,1668248,665020,178760,5414060,12886.840,1622.750,0,0,0,0,5140,5390,2.500,1.960,1.170,2,0,175.297,0,0,11,48,0,11,0
08-06 13:33:40,38.452,13.982,45.942,0.250,0,1665088,668164,178760,5413720,10167.240,1564.037,0,259.674,0,27.965,5646,6206,2.500,1.960,1.170,0,0,130.836,0,0,11,64,0,11,0
08-06 13:33:41,13.979,19.721,65.154,0,0,1688780,644440,178760,5413748,14898.067,1509.777,0,0,0,0,4842,3581,2.500,1.960,1.170,1,0,211.688,0,0,12,64,0,11,0
08-06 13:33:42,11.514,20.275,66.082,0,0,1690492,642668,178760,5413784,12015.846,1902.350,0,4.005,0,1.001,4805,3129,2.500,1.960,1.170,1,0,181.224,0,0,12,64,0,10,0
08-06 13:33:43,32.256,17.753,48.509,0,0,1708972,624168,178760,5414228,9229.806,1566.306,0,16.003,0,3.001,5845,17227,2.500,1.960,1.170,1,0,155.030,0,0,12,64,0,11,0
08-06 13:33:44,15.002,15.753,67.761,0.250,0,1695464,637680,178760,5413784,11412.817,1512.241,0,296.047,0,16.003,4228,3648,2.460,1.960,1.180,0,0,189.030,0,0,12,64,0,11,0
08-06 13:33:45,6.999,12.498,79.237,0,0,1700636,632468,178760,5413804,10374.347,1619.742,0,59.990,0,2.000,3225,2224,2.460,1.960,1.180,2,0,115.982,0,0,14,64,0,11,0
08-06 13:33:46,22.782,18.276,57.580,0,0,1693352,639744,178760,5414256,8796.278,1622.264,0,160.224,0,5.007,5773,6914,2.460,1.960,1.180,1,0,152.212,0,0,14,64,0,8,0
08-06 13:33:47,14.468,12.972,70.846,0,0,1686168,646884,178760,5413840,11763.380,1658.388,0,3.991,0,0.998,3690,2614,2.460,1.960,1.180,1,0,107.765,0,0,14,66,0,8,0
08-06 13:33:48,8.505,20.013,69.043,0,0,1691988,641048,178760,5413856,11469.212,1621.019,0,0,0,0,4864,3024,2.460,1.960,1.180,1,0,226.142,0,0,14,66,0,8,0
08-06 13:33:49,9.504,20.009,69.031,0,0,1703352,629536,178760,5414004,12751.692,1620.723,0,160.071,0,10.004,4660,2936,2.340,1.940,1.180,1,0,197.088,0,0,14,66,0,8,0
08-06 13:33:50,9.741,20.232,68.688,0,0,1710536,622340,178760,5414016,10384.701,1618.551,0,1546.615,0,41.962,4663,2862,2.340,1.940,1.180,2,1,174.843,0,0,14,66,0,4,0
08-06 13:33:51,20.767,15.763,61.551,0,0,1694020,638856,178760,5414472,23172.365,1567.310,0,3074.569,0,274.229,5293,5766,2.340,1.940,1.180,2,0,111.093,0,0,14,66,0,4,0
08-06 13:33:52,24.475,18.231,55.443,0,0,1695104,637756,178760,5414040,13865.763,1708.246,0,0,0,0,4433,4386,2.340,1.940,1.180,2,0,135.861,0,0,14,66,0,4,0
08-06 13:33:53,30.287,25.281,44.304,0,0,1760880,571924,178768,5414072,13441.274,1555.884,0,152.184,0,10.012,5463,3493,2.340,1.940,1.180,2,0,260.315,0,0,14,66,0,4,0
08-06 13:33:54,30.241,23.243,44.987,0,0,1810680,522016,178792,5414156,12098.549,1619.538,0,475.864,0,4.999,5332,3211,2.470,1.980,1.190,2,0,238.932,0,0,14,66,0,1,0
08-06 13:33:55,32.234,25.487,41.479,0.250,0,1872276,458844,178848,5415540,14514.715,1619.187,7.996,0,0.999,0,5920,5070,2.470,1.980,1.190,3,0,337.830,0,0,14,70,0,3,0
08-06 13:33:56,30.009,24.257,44.263,0,0,1942260,388816,178848,5415576,17958.367,1458.436,0,348.104,0,5.001,5311,3197,2.470,1.980,1.190,2,0,204.061,0,0,14,70,0,3,0
08-06 13:33:57,30.575,23.117,43.749,0,0,1989068,341992,178848,5415592,11979.269,1610.758,0,15.909,0,3.977,5071,2924,2.470,1.980,1.190,2,0,186.927,0,0,14,70,0,3,0
08-06 13:33:58,27.583,22.317,49.900,0,0,2010204,320648,178852,5415788,8891.745,1570.724,0,798.401,0,12.036,5049,3132,2.470,1.980,1.190,1,0,193.582,0,0,14,70,0,3,0
08-06 13:33:59,21.589,17.321,58.993,0,0,2004292,326524,178852,5416240,9956.997,1518.251,0,477.968,0,3.012,5557,6617,2.360,1.960,1.190,10,0,146.604,0,0,14,70,0,3,0
08-06 13:34:00,33.734,15.742,49.976,0,0,2028316,302336,178852,5416400,12363.018,1619.216,0,19.990,0,4.998,3940,2700,2.360,1.960,1.190,3,0,101.951,0,0,14,70,0,3,0
08-06 13:34:01,53.559,25.027,21.273,0,0.250,2135464,195108,178860,5416440,11448.572,1459.603,0,1537.689,0,130.143,5536,3301,2.360,1.960,1.190,6,0,246.270,0,0,14,70,0,3,0
08-06 13:34:02,55.499,24.750,18.500,0,0,2192300,137384,178892,5417696,11989.891,1709.984,0,28.000,0,7.000,6652,7227,2.360,1.960,1.190,7,0,290.997,0,0,14,70,0,3,0
08-06 13:34:03,60.645,17.895,18.144,2.734,0,2204916,190644,173832,5357044,10017.369,1556.888,588.555,1511.155,63.628,91.465,6556,6692,2.360,1.960,1.190,8,0,115.325,0,0,14,70,0,3,0
08-06 13:34:04,66.122,25.644,6.788,1.006,0,2342012,163164,171212,5253380,11638.424,1520.548,80.452,6218.959,10.057,484.725,7888,9551,2.570,2.010,1.210,3,1,525.957,0,0,14,74,0,3,0
08-06 13:34:05,59.957,17.737,13.490,7.245,0,2392744,158844,170824,5208576,8222.038,1618.826,51.962,23159.206,7.994,1576.857,13131,22911,2.570,2.010,1.210,5,1,192.860,0,0,14,74,0,3,0
08-06 13:34:06,67.201,26.980,3.248,1.999,0,2495008,201924,170416,5066516,10925.967,1618.810,1522.880,11927.231,102.924,883.351,10862,17836,2.570,2.010,1.210,5,0,510.625,0,0,14,78,0,6,0
08-06 13:34:07,78.271,17.255,3.751,0,0,2594656,172524,170416,4998172,11139.048,1620.443,40.011,1292.354,5.001,68.019,8690,12581,2.570,2.010,1.210,8,0,218.060,0,0,14,84,0,10,0
08-06 13:34:08,59.888,25.058,14.533,0.752,0,2704844,208460,170424,4855352,15480.548,1623.729,224.516,942.163,11.025,51.117,7579,11652,2.570,2.010,1.210,4,0,571.312,0,0,14,93,0,16,0
08-06 13:34:09,51.759,21.504,26.255,0,0,2788696,123248,170424,4856928,9982.790,1500.269,0,168.030,0,18.003,7893,10949,2.680,2.040,1.230,1,0,449.081,0,0,14,91,0,18,0
08-06 13:34:10,57.473,16.492,24.489,0.750,0,2877684,172356,170428,4721868,11985.375,1619.240,35.983,7.996,2.999,1.000,5205,4440,2.680,2.040,1.230,3,0,195.908,0,0,14,94,0,18,0
08-06 13:34:11,64.851,11.474,20.952,1.247,0,3008948,175584,170452,4590220,11520.489,1616.281,0,6616.773,0,323.256,5921,8326,2.680,2.040,1.230,2,0,8.979,0,0,14,96,0,21,0
08-06 13:34:12,14.499,17.499,64.746,0.750,0,3027952,156084,170452,4590720,11571.196,1619.888,11.999,1183.918,3.000,75.995,5283,4298,2.680,2.040,1.230,1,0,202.986,0,0,14,99,0,21,0
08-06 13:34:13,8.246,19.740,70.964,0,0,3032936,151084,170452,4590736,10160.853,1709.134,0,3.998,0,0.999,4608,2906,2.680,2.040,1.230,2,0,197.900,0,0,14,99,0,21,0
08-06 13:34:14,7.489,19.472,70.647,0,0,3035288,148712,170452,4590756,9178.635,1617.645,0,167.756,0,14.978,4697,3055,2.550,2.030,1.220,1,0,199.709,0,0,14,99,0,21,0
08-06 13:34:15,8.513,19.028,70.856,0,0,3046444,137540,170452,4590772,12803.139,1554.323,0,400.599,0,5.007,4604,2881,2.550,2.030,1.220,1,0,200.299,0,0,14,99,0,21,0
08-06 13:34:16,10.766,18.528,70.107,0,0,3058128,125856,170452,4590788,18524.266,1622.476,0,0,0,0,4415,2783,2.550,2.030,1.220,1,0,190.290,0,0,14,99,0,21,0
08-06 13:34:17,24.204,4.991,69.618,0.250,0,3100872,151576,170452,4523976,10716.728,1616.941,3.992,119.773,0.998,3.992,2118,1365,2.550,2.030,1.220,1,0,0.998,0,0,14,101,0,21,0
08-06 13:34:18,22.007,2.751,73.024,0.500,0,3123136,129104,170456,4524180,17745.727,7186.319,200.065,108.035,11.004,12.004,2414,1917,2.550,2.030,1.220,1,0,3.001,0,0,14,106,0,21,0
08-06 13:34:19,25.001,2.750,71.504,0.250,0,3124884,127340,170456,4524200,28252.388,34425.691,4.000,340.017,1.000,35.002,2769,2419,2.500,2.030,1.230,1,0,2.000,0,0,14,111,0,22,0
08-06 13:34:20,18.001,9.001,72.004,0,0,3077736,174468,170460,4524216,12682.777,1458.089,4.000,4.000,1.000,1.000,2696,1779,2.500,2.030,1.230,1,0,63.004,0,0,14,111,0,22,0
08-06 13:34:21,26.508,4.251,67.270,0.250,0,3133104,185032,170340,4459848,12637.802,3593.081,12.004,11887.576,3.001,460.138,2726,1928,2.500,2.030,1.230,2,0,5.002,0,0,14,116,0,22,0
08-06 13:34:22,34.736,7.747,55.728,1.000,0,3211924,171180,170340,4396388,14771.215,6200.572,7.997,2642.965,1.999,161.937,3929,4024,2.500,2.030,1.230,1,0,2.999,0,0,14,122,0,22,0
08-06 13:34:23,22.746,3.499,72.238,0,0,3215608,167176,170352,4396664,12379.912,1457.754,31.995,495.916,2.000,28.995,2582,2343,2.500,2.030,1.230,3,0,0,0,0,14,122,0,22,0
08-06 13:34:24,27.477,5.495,62.946,2.248,0,3222508,159616,170352,4397324,10306.238,1618.624,431.633,2665.734,24.979,294.749,5799,8421,2.460,2.020,1.230,1,0,2.997,0,0,14,125,0,22,0
08-06 13:34:25,26.293,4.257,66.861,1.252,0,3229932,152068,170352,4397432,9189.197,2833.686,32.053,1931.194,2.003,181.300,4749,6534,2.460,2.020,1.230,2,0,0,0,0,14,124,0,24,0
08-06 13:34:26,15.250,12.500,71.250,0.250,0,3175980,206004,170352,4397448,12434.079,1728.011,0,3368.021,0,41.000,3426,2334,2.460,2.020,1.230,1,0,111.001,0,0,14,124,0,24,0
08-06 13:34:27,20.990,2.499,74.216,0.750,0,3232964,149064,170352,4397452,13658.672,3590.337,0,4525.903,0,427.802,2183,1722,2.460,2.020,1.230,0,0,0,0,0,14,125,0,24,0
08-06 13:34:28,20.747,3.499,74.737,0,0,3235376,146572,170352,4397532,17035.136,6056.982,67.989,143.976,4.999,12.998,2550,2342,2.460,2.020,1.230,1,0,1.000,0,0,14,125,0,24,0
08-06 13:34:29,20.745,2.499,74.981,0.500,0,3237560,144304,170352,4397616,13871.562,3605.106,79.980,751.814,4.999,77.981,2936,3329,2.430,2.020,1.240,1,0,0,0,0,14,125,0,24,0
08-06 13:34:30,29.760,6.002,62.271,1.000,0,3261120,120624,170360,4397728,10291.539,2814.968,80.028,876.301,4.001,83.029,4361,5094,2.430,2.020,1.240,3,0,3.001,0,0,14,124,0,25,0
08-06 13:34:31,43.710,16.735,38.465,0,0,3270148,176960,170360,4334316,12360.683,1456.666,0,347.682,0,14.986,4684,3209,2.430,2.020,1.240,4,0,100.908,0,0,14,126,0,26,0
08-06 13:34:32,50.721,7.031,42.184,0,0,3373348,137608,170360,4272096,14623.724,3607.721,8.035,582.538,2.009,43.188,4245,4244,2.430,2.020,1.240,2,0,0,0,0,14,127,0,26,0
08-06 13:34:33,28.665,4.985,65.057,0,0,3329676,244280,170360,4210608,33971.380,22797.476,167.504,299.114,0.997,17.947,2860,1887,2.430,2.020,1.240,2,0,28.914,0,0,14,126,0,27,0
08-06 13:34:34,20.491,5.498,72.717,0,0,3338008,235948,170360,4210608,10099.439,1619.269,0,263.881,0,12.994,2272,1631,2.310,2.010,1.240,1,0,28.987,0,0,14,126,0,27,0
08-06 13:34:35,18.745,2.249,77.230,0.500,0,3369376,204536,170360,4210652,20767.645,7344.106,3.999,751.806,1.000,50.987,2190,1873,2.310,2.010,1.240,1,0,0,0,0,14,127,0,27,0
08-06 13:34:36,20.039,6.513,73.391,0.501,0,3356252,217632,170360,4210680,44511.663,19147.850,4.008,308.594,1.002,27.052,2903,2195,2.310,2.010,1.240,1,0,51.098,0,0,14,126,0,28,0
08-06 13:34:37,23.215,2.746,72.641,0,0,3399004,174876,170360,4210684,8493.245,1455.814,0,635.046,0,111.832,2036,1528,2.310,2.010,1.240,1,0,0,0,0,14,126,0,28,0
08-06 13:34:38,16.747,2.000,79.485,0,0,3412756,161120,170360,4210688,13783.328,7910.466,0,199.961,0,12.997,1804,1406,2.310,2.010,1.240,1,0,1.000,0,0,14,127,0,28,0
08-06 13:34:39,21.509,6.002,70.528,1.000,0,3322552,251192,170360,4210804,14736.879,3030.209,76.030,1000.399,6.002,124.049,3903,4471,2.210,1.990,1.230,1,0,45.018,0,0,14,126,0,29,0
08-06 13:34:40,21.490,5.247,71.465,0.750,0,3348828,224904,170360,4210816,11435.469,1619.217,0,3174.465,0,180.912,2616,2444,2.210,1.990,1.230,1,0,36.982,0,0,14,126,0,29,0
08-06 13:34:41,18.006,2.001,79.026,0.250,0,3371232,202492,170360,4210824,19424.341,24557.017,0,1004.328,0,48.016,2077,1642,2.210,1.990,1.230,0,0,0,0,0,14,127,0,29,0
08-06 13:34:42,21.995,6.998,70.234,0,0,3358080,215632,170360,4210836,27165.940,1949.565,0,87.980,0,8.998,2617,1740,2.210,1.990,1.230,1,0,55.988,0,0,14,128,0,30,0
08-06 13:34:43,21.500,3.250,74.249,0.500,0,3409512,164180,170360,4210856,14049.738,3591.933,16.000,123.998,1.000,13.000,2132,1460,2.210,1.990,1.230,0,1,13.000,0,0,14,129,0,30,0
08-06 13:34:44,27.455,5.990,63.396,0.749,0,3386508,187012,170364,4211024,15650.348,6304.666,135.777,1649.297,6.989,134.779,4167,14567,2.030,1.960,1.230,3,0,22.962,0,0,14,129,0,31,0
08-06 13:34:45,27.243,5.499,63.735,1.500,0,3387004,186248,170364,4211292,10225.541,1457.649,47.988,1771.574,2.999,223.946,5184,7344,2.030,1.960,1.230,1,0,2.000,0,0,14,132,0,31,0
08-06 13:34:46,29.039,4.506,63.585,0.751,0,3389272,183860,170364,4211412,13319.840,2863.836,80.107,1562.092,5.007,152.204,5185,6737,2.030,1.960,1.230,2,0,0,0,0,14,131,0,33,0
08-06 13:34:47,19.508,7.753,71.779,0.500,0,3348544,224584,170364,4211416,11878.737,1686.673,0,544.217,0,35.014,2825,2149,2.030,1.960,1.230,1,0,53.021,0,0,14,131,0,32,0
08-06 13:34:48,18.492,2.499,76.718,1.000,0,3384524,188592,170364,4211428,14486.984,7340.952,0,2870.808,0,167.930,2131,2036,2.030,1.960,1.230,1,0,1.000,0,0,14,132,0,32,0
08-06 13:34:49,19.013,2.001,78.304,0,0,3385896,187120,170364,4211528,16734.512,5951.094,96.066,0,5.003,0,2310,1893,1.950,1.940,1.230,1,0,0,0,0,14,132,0,32,0
08-06 13:34:50,27.247,6.499,64.742,1.000,0,3389680,183236,170368,4211624,9674.878,1619.812,47.994,1283.851,3.000,135.984,6292,8881,1.950,1.940,1.230,1,0,0,0,0,14,132,0,32,0
08-06 13:34:51,45.847,6.263,45.597,0.251,0.251,3398284,174416,170368,4211840,11948.337,2292.862,0,1210.567,0,121.257,8145,10995,1.950,1.940,1.230,2,0,2.004,0,0,14,136,0,32,0
08-06 13:34:52,29.439,8.233,60.624,0.249,0,3372276,200412,170368,4211852,12440.058,1921.992,0,3345.024,0,293.388,3588,2654,1.950,1.940,1.230,1,0,76.840,0,0,14,135,0,33,0
08-06 13:34:53,21.503,2.500,75.011,0,0,3425624,147064,170368,4211852,9683.365,3592.507,0,360.051,0,18.003,1839,1286,1.950,1.940,1.230,1,0,0,0,0,14,136,0,33,0
08-06 13:34:54,18.466,2.745,77.858,0.250,0,3423040,149608,170368,4211892,18671.974,7909.587,15.971,523.047,0.998,48.911,3004,3419,1.870,1.930,1.220,1,0,0,0,0,14,136,0,33,0
08-06 13:34:55,20.019,11.511,64.311,2.753,0,3391148,181436,170372,4211952,12828.204,2823.686,16.015,5525.256,1.001,375.357,4990,5655,1.870,1.930,1.220,2,0,86.082,0,0,14,135,0,34,0
08-06 13:34:56,18.010,9.505,70.790,0,0,3391136,181440,170372,4211960,15984.052,1620.918,0,368.209,0,19.011,2796,1830,1.870,1.930,1.220,1,0,69.039,0,0,14,135,0,32,0
08-06 13:34:57,31.989,3.749,62.979,0.500,0,3419588,152964,170372,4211984,18314.881,7407.525,0,2767.075,0,146.951,3537,3636,1.870,1.930,1.220,1,0,1.999,0,0,14,138,0,32,0
08-06 13:34:58,18.758,2.501,77.785,0,0,3416716,155832,170372,4211988,18708.424,7334.303,0,412.186,0,52.023,2236,1863,1.870,1.930,1.220,1,0,1.000,0,0,14,138,0,32,0
08-06 13:34:59,21.481,4.746,71.187,0.500,0,3417176,155356,170372,4212004,12051.391,1662.536,0,595.476,0,62.945,3860,4410,1.800,1.910,1.220,1,0,0,0,0,14,138,0,32,0
08-06 13:35:00,24.778,4.755,67.075,0.501,0,3417708,154788,170372,4212040,14445.222,1621.821,0,828.931,0,86.097,5208,6973,1.800,1.910,1.220,1,0,0,0,0,14,138,0,32,0
08-06 13:35:01,27.803,9.017,61.617,0.501,0,3422628,149736,170376,4212152,8804.716,1623.081,40.076,512.974,4.008,37.070,4572,5190,1.800,1.910,1.220,4,0,3.006,0,0,14,138,0,32,0
08-06 13:35:02,53.869,9.976,33.419,0.748,0,3348852,223352,170376,4212312,13376.429,3202.203,0,1260.930,0,116.716,11378,15350,1.800,1.910,1.220,2,0,59.854,0,0,14,139,0,33,0
08-06 13:35:03,41.400,20.201,35.913,0.499,0,3351536,220524,170376,4212392,10022.674,1781.676,15.961,1252.959,0.998,118.712,8143,9784,1.800,1.910,1.220,1,0,229.443,0,0,14,139,0,33,0
08-06 13:35:04,23.814,4.261,71.190,0.251,0,3405652,166372,170376,4212428,12642.793,1800.813,0,397.061,0,27.072,2122,1592,1.740,1.890,1.220,1,0,0,0,0,14,139,0,33,0
08-06 13:35:05,19.505,1.750,78.771,0,0,3429332,142684,170376,4212436,18555.925,8271.195,0,320.085,0,17.005,2001,1571,1.740,1.890,1.220,1,0,0,0,0,14,140,0,33,0
08-06 13:35:06,13.996,12.996,70.228,0.500,0,3404356,167640,170376,4212456,14428.565,2389.266,3.999,415.872,1.000,27.991,3990,2839,1.740,1.890,1.220,2,0,142.956,0,0,14,139,0,34,0
08-06 13:35:07,11.245,19.241,66.720,0.250,0,3407500,164440,170380,4212492,10251.352,1619.266,0,523.763,0,41.981,4809,3487,1.740,1.890,1.220,1,0,206.906,0,0,14,141,0,34,0
08-06 13:35:08,10.507,20.263,67.294,0,0,3403496,168428,170380,4212508,9601.207,1500.970,0,1204.779,0,72.047,4827,3285,1.740,1.890,1.220,1,0,193.125,0,0,14,141,0,23,0
08-06 13:35:09,16.241,18.490,63.465,0.250,0,3403424,168476,170380,4212968,8539.335,1689.077,0,267.854,0,16.991,4850,4378,1.680,1.880,1.220,1,0,159.913,0,0,14,141,0,23,0
08-06 13:35:10,22.544,14.528,61.370,0,0,3391664,180232,170380,4212524,12290.104,1623.183,0,32.063,0,4.008,4578,5145,1.680,1.880,1.220,2,0,97.191,0,0,14,141,0,23,0
08-06 13:35:11,31.199,21.714,45.924,0,0,3441364,130508,170380,4212548,11790.591,1617.338,0,0,0,0,5220,3071,1.680,1.880,1.220,2,0,201.668,0,0,14,141,0,23,0
08-06 13:35:12,31.528,23.021,43.038,0.250,0,3430276,203016,170392,4152576,14383.850,1621.449,20.018,888.794,2.002,48.043,5743,4488,1.680,1.880,1.220,3,0,224.200,0,0,14,144,0,16,0
08-06 13:35:13,20.988,20.738,56.967,0.250,0,3456320,176856,170392,4152692,9387.603,1547.111,87.949,215.876,4.997,13.992,5209,3855,1.680,1.880,1.220,3,0,204.882,0,0,14,147,0,16,0
08-06 13:35:14,35.496,23.498,39.746,0,0,3511572,174656,170292,4101244,11949.778,1619.834,19.998,271.972,2.000,24.997,7766,13275,1.700,1.880,1.220,1,0,179.982,0,0,14,153,0,16,0
08-06 13:35:15,25.166,15.199,58.056,0.249,0,3533420,152788,170292,4101268,12278.878,1708.279,7.973,904.969,1.993,41.860,4808,5265,1.700,1.880,1.220,3,0,97.673,0,0,16,153,0,16,0
08-06 13:35:16,52.163,26.834,20.313,0.251,0,3621568,152296,170264,4014232,14574.481,1625.071,104.326,260.814,7.022,25.078,5626,3536,1.700,1.880,1.220,3,0,248.776,0,0,16,153,0,16,0
08-06 13:35:17,53.730,23.631,20.646,0,0,3715672,160556,170264,3913172,8642.593,1681.554,115.420,191.041,3.980,17.910,5844,3884,1.700,1.880,1.220,5,0,292.531,0,0,16,157,0,16,0
08-06 13:35:18,38.512,21.899,38.261,0,0,3750336,124072,170264,3915432,12236.342,1631.110,4.027,527.593,1.007,35.240,8276,13123,1.700,1.880,1.220,1,0,337.297,0,0,16,169,0,16,0
08-06 13:35:19,23.626,10.943,62.920,0,0,3745560,128848,170264,3915088,10010.451,1611.540,0,107.436,0,8.953,4023,4532,1.890,1.920,1.240,4,0,71.624,0,0,16,169,0,16,0
08-06 13:35:20,31.385,23.350,44.441,0.502,0,3795652,131020,170136,3863680,11986.527,1464.295,0,253.088,0,15.065,8803,3599,1.890,1.920,1.240,5,0,195.842,0,0,16,169,0,15,0
08-06 13:35:21,34.287,23.355,41.493,0,0,3836128,145852,170136,3809720,23985.313,1610.019,15.901,445.240,3.975,30.809,10360,3925,1.890,1.920,1.240,2,0,241.503,0,0,16,169,0,15,0
08-06 13:35:22,13.288,20.309,64.687,0.251,0,3848400,133516,170140,3809780,13792.780,1624.686,0,272.787,0,20.058,5014,3343,1.890,1.920,1.240,2,0,229.662,0,0,17,169,0,15,0
08-06 13:35:23,18.544,20.800,58.139,0.251,0,3838260,198468,170140,3756304,11923.493,1623.881,0,11078.474,0,700.674,5768,3479,1.890,1.920,1.240,2,0,191.458,0,0,17,175,0,15,0
08-06 13:35:24,10.250,20.499,67.497,0.250,0,3853108,183460,170140,3756464,9147.612,1709.928,4.000,159.993,1.000,14.999,4718,3204,1.820,1.900,1.240,1,0,191.992,0,0,17,175,0,15,0
08-06 13:35:25,23.267,17.513,57.792,0.250,0,3863400,173176,170140,3756912,11673.504,1621.181,0,4367.181,0,207.151,6456,8558,1.820,1.900,1.240,1,0,158.115,0,0,17,175,0,15,0
08-06 13:35:26,26.259,19.257,53.018,0,0,3892752,143812,170140,3756488,10543.671,1620.564,4.001,40.014,1.000,6.002,4714,3035,1.820,1.900,1.240,2,0,159.055,0,0,17,175,0,15,0
08-06 13:35:27,31.050,22.604,43.966,0,0,3929908,134900,170140,3728848,10889.699,1609.609,0,3.974,0,0.994,5191,3141,1.820,1.900,1.240,6,0,209.647,0,0,17,175,0,15,0
08-06 13:35:28,45.014,21.124,33.195,0,0,3976116,128148,170144,3690344,14435.756,1466.611,16.094,470.764,3.018,34.201,5835,5274,1.820,1.900,1.240,1,0,281.654,0,0,17,197,0,14,0
08-06 13:35:29,26.544,18.358,53.585,0,0,3983752,157504,170144,3654604,13048.823,1607.536,0,3.969,0,0.992,6221,8586,1.750,1.890,1.240,4,0,154.800,0,0,17,197,0,14,0
08-06 13:35:30,42.771,22.140,34.469,0.252,0,4055660,135272,170152,3605764,14119.551,1630.340,12.077,636.034,3.019,44.281,8510,9809,1.750,1.890,1.240,2,0,126.804,0,0,17,207,0,14,0
08-06 13:35:31,30.266,26.014,42.273,0,0,4105468,161116,170152,3531516,11893.459,1620.880,4.002,308.167,1.001,13.007,5323,3433,1.750,1.890,1.240,2,0,246.134,0,0,17,207,0,14,0
08-06 13:35:32,34.770,27.515,35.770,0.500,0,4172392,149296,170152,3477068,10088.665,1690.950,28.016,452.254,4.002,37.021,8280,12085,1.750,1.890,1.240,1,0,344.193,0,0,17,213,0,13,0
08-06 13:35:33,9.008,21.769,67.308,0.250,0,4188804,133096,170152,3476944,17217.888,1621.402,8.007,1685.457,2.002,225.195,5307,3507,1.750,1.890,1.240,1,0,265.229,0,0,17,213,0,13,0
08-06 13:35:34,9.727,18.706,69.339,0,0,4200468,121404,170152,3476972,10806.835,1706.027,0,255.405,0,20.951,4854,3426,1.610,1.850,1.230,2,0,212.505,0,0,17,213,0,13,0
08-06 13:35:35,11.977,19.711,66.620,0,0,4200396,121452,170152,3476996,16073.598,1616.841,0,355.306,0,26.947,4826,3444,1.610,1.850,1.230,2,0,185.637,0,0,17,213,0,13,0
08-06 13:35:36,9.757,20.765,67.299,0.500,0,4200216,121484,170152,3477144,18701.548,1621.174,0,384.278,0,31.022,4991,3383,1.610,1.850,1.230,1,0,190.138,0,0,17,213,0,11,0
08-06 13:35:37,23.869,18.593,56.029,0.251,0.251,4196120,167520,170152,3436388,12404.730,1465.292,8.040,369.840,2.010,34.170,5950,7681,1.610,1.850,1.230,1,0,155.775,0,0,17,213,0,11,0
08-06 13:35:38,32.711,15.981,50.440,0.749,0,4216984,146580,170152,3436028,12061.768,1618.091,139.835,483.430,1.998,31.962,4433,3494,1.610,1.850,1.230,2,0,120.857,0,0,17,219,0,11,0
08-06 13:35:39,42.680,7.238,47.172,1.498,0,4299204,126116,170152,3375788,12169.906,1617.330,802.675,127.789,12.979,14.975,3150,1743,1.640,1.860,1.230,2,0,0.998,0,0,17,219,0,11,0
08-06 13:35:40,44.853,7.768,47.108,0.251,0,4422212,141616,170152,3239812,8637.799,1623.722,216.496,28.064,3.007,4.009,2958,1455,1.640,1.860,1.230,2,0,2.005,0,0,17,219,0,11,0
08-06 13:35:41,34.760,4.469,58.844,0.993,0,4327548,262516,170160,3214128,12829.458,1608.896,31.781,91.369,2.979,2.979,2985,2281,1.640,1.860,1.230,3,0,12.911,0,0,17,222,0,10,0
08-06 13:35:42,29.173,28.167,41.496,0.503,0,4368868,220460,170160,3214864,13723.245,1671.898,708.193,152.905,8.048,9.054,5532,3716,1.640,1.860,1.230,2,0,287.703,0,0,17,225,0,10,0
08-06 13:35:43,37.821,32.060,27.802,0,0,4460984,127316,170172,3215900,12502.495,2076.903,989.860,677.273,18.034,9.017,5689,4087,1.640,1.860,1.230,4,0,298.561,0,0,17,226,0,10,0
08-06 13:35:44,38.209,26.971,33.714,0.499,0,4482244,136696,170180,3185952,17817.085,8933.516,519.449,495.474,20.978,26.971,6687,21276,1.990,1.930,1.260,3,0,343.635,0,0,17,228,0,11,0
08-06 13:35:45,50.818,19.679,29.145,0,0,4410184,207760,170180,3187296,12691.437,2376.468,15.943,366.684,0.996,25.907,5212,7062,1.990,1.930,1.260,5,0,202.274,0,0,17,231,0,10,0
08-06 13:35:46,57.941,19.565,20.819,0.251,0,4494440,164128,170180,3147540,10539.784,1625.364,8.026,280.927,1.003,15.050,5530,5479,1.990,1.930,1.260,4,0,168.556,0,0,17,232,0,10,0
08-06 13:35:47,69.723,13.446,15.688,0.747,0,4597664,138592,170180,3071652,14299.091,7700.354,123.508,478.097,10.956,27.889,4754,2939,1.990,1.930,1.260,3,0,16.933,0,0,17,233,0,10,0
08-06 13:35:48,56.673,10.783,20.312,11.786,0,4656104,160544,170208,2993932,16102.115,6497.820,2198.707,6981.294,83.254,59.181,5132,4512,1.990,1.930,1.260,4,0,20.061,0,0,17,238,0,11,0
08-06 13:35:49,58.149,15.790,12.281,13.284,0,4652020,158452,170236,3000060,12317.466,1624.149,5020.826,14308.552,309.791,1021.610,5608,4090,2.150,1.960,1.280,4,0,21.054,0,0,17,238,0,9,0
08-06 13:35:50,67.697,9.992,15.488,6.495,0,4697536,151328,170276,2962616,17875.091,7340.289,695.459,1055.179,102.920,89.930,5595,5622,2.150,1.960,1.280,6,0,19.984,0,0,17,239,0,13,0
08-06 13:35:51,34.676,24.199,37.919,0.249,0,4647444,199692,170280,2964344,17387.072,6776.608,75.839,910.067,5.987,62.866,6976,7125,2.150,1.960,1.280,4,0,250.468,0,0,17,237,0,15,0
08-06 13:35:52,40.496,27.247,31.746,0,0,4650796,194740,170280,2965928,9983.896,1457.839,0,447.950,0,28.997,5993,4945,2.150,1.960,1.280,7,0,231.974,0,0,17,237,0,15,0
08-06 13:35:53,41.730,25.488,31.235,0,0,4678120,165924,170280,2967888,18825.940,7342.466,0,919.557,0,54.974,6124,5952,2.150,1.960,1.280,2,0,224.892,0,0,17,238,0,14,0
08-06 13:35:54,37.250,13.500,47.750,0.250,0,4593272,250580,170280,2967600,15477.956,6922.980,0,639.998,0,36.000,5063,5342,2.060,1.940,1.270,3,0,81.000,0,0,17,237,0,15,0
08-06 13:35:55,59.125,27.308,13.027,0,0,4716704,153084,170280,2942672,9594.232,1623.423,4.008,240.507,1.002,13.027,6324,5757,2.060,1.940,1.270,3,0,397.839,0,0,17,237,0,15,0
08-06 13:35:56,54.386,24.199,19.210,0.499,0,4786808,142644,170300,2884656,22338.104,9483.091,319.330,327.313,25.946,17.962,6530,6932,2.060,1.940,1.270,2,0,356.252,0,0,17,238,0,15,0
08-06 13:35:57,59.884,17.038,22.049,1.253,0,4758308,168464,170308,2886868,16874.798,4842.848,990.218,930.083,31.070,63.141,7725,11202,2.060,1.940,1.270,4,0,146.328,0,0,17,241,0,17,0
08-06 13:35:58,61.459,27.122,10.948,0,0,4847092,158432,170316,2809400,13014.360,2363.804,712.625,322.473,12.939,18.910,8597,17047,2.060,1.940,1.270,7,0,430.959,0,0,17,242,0,17,0
08-06 13:35:59,51.010,20.103,27.138,0.754,0,4890944,122656,170320,2801976,22621.399,11623.294,321.641,743.794,17.087,48.246,9441,13981,2.050,1.950,1.280,1,1,309.579,0,0,17,246,0,18,0
08-06 13:36:00,58.300,18.015,21.769,1.001,0,4916648,125828,170320,2772820,10327.874,1861.600,268.230,748.643,19.016,36.031,6056,5416,2.050,1.950,1.280,8,0,185.159,0,0,17,249,0,19,0
08-06 13:36:01,65.036,8.688,24.575,0.745,0,5065384,209652,170300,2546592,17503.204,7133.142,444.828,329.650,5.958,28.795,4379,2707,2.050,1.950,1.280,4,0,3.972,0,0,17,254,0,19,0
08-06 13:36:02,56.844,8.514,29.799,3.756,0,5043776,230008,170308,2547836,22723.619,13273.975,973.612,893.479,76.126,47.078,5012,4504,2.050,1.950,1.280,3,0,12.020,0,0,17,254,0,24,0
08-06 13:36:03,62.867,11.772,24.045,1.002,0,5162608,144144,170308,2515720,12846.888,5358.964,1178.191,721.341,30.056,48.089,6224,6934,2.050,1.950,1.280,3,0,11.020,0,0,17,263,0,25,0
08-06 13:36:04,58.602,14.024,25.294,1.753,0,5150448,155280,170460,2516508,21854.106,11299.703,1310.285,1854.233,36.063,116.203,6608,6906,2.050,1.950,1.280,4,1,110.192,0,0,17,267,0,28,0
08-06 13:36:05,49.522,29.263,18.008,1.751,0,5143360,158336,170572,2520352,23954.809,1620.731,4017.813,8611.886,66.030,460.208,7973,9334,2.050,1.950,1.280,4,0,347.157,0,0,17,267,0,27,0
08-06 13:36:06,47.441,24.719,26.217,0.499,0,5153620,147828,170616,2520520,14161.310,7336.835,555.306,427.466,7.990,31.960,6366,6086,2.050,1.950,1.280,6,0,327.591,0,0,17,270,0,27,0
08-06 13:36:07,52.695,20.728,25.223,0,0,5093352,207868,170616,2521128,18793.207,6918.713,611.356,739.221,9.989,76.919,8097,10192,2.050,1.950,1.280,5,0,197.792,0,0,17,271,0,28,0
08-06 13:36:08,71.486,18.996,8.748,0.500,0,5161380,139640,170620,2521276,9923.039,1619.680,651.871,311.938,16.997,17.996,5485,3962,2.050,1.950,1.280,4,0,166.967,0,0,18,274,0,28,0
08-06 13:36:09,64.771,12.804,14.059,8.536,0,5230168,136224,170628,2457700,21803.271,11475.036,1357.683,14621.206,82.345,212.891,5089,3318,2.210,1.980,1.300,3,0,9.038,0,0,18,275,0,27,0
08-06 13:36:10,75.479,10.997,2.749,9.997,0,5236444,153088,170632,2435360,11277.844,2594.274,3183.109,13476.229,135.962,1166.674,6243,3515,2.210,1.980,1.300,2,2,14.996,0,0,18,276,0,28,0
08-06 13:36:11,73.322,10.724,6.484,8.729,0,5337144,116228,170644,2373896,14190.601,7328.236,1085.369,885.853,38.906,42.896,5062,3091,2.210,1.980,1.300,4,0,7.981,0,0,18,277,0,28,0
08-06 13:36:12,54.708,15.169,29.095,0.995,0,5299048,184100,170660,2345176,18262.482,7376.610,887.262,1018.561,15.915,85.543,7213,9683,2.210,1.980,1.300,3,0,223.805,0,0,18,281,0,30,0
08-06 13:36:13,43.647,9.030,46.155,0,0,5362632,151940,170660,2314720,16601.835,3709.476,513.728,325.093,4.013,29.098,3539,2122,2.210,1.980,1.300,2,0,7.024,0,0,18,284,0,30,0
08-06 13:36:14,26.749,5.250,65.248,0.250,0,5377492,135424,170660,2316376,1754730.370,36425.887,255.992,1571.952,2.000,95.997,4337,3684,2.190,1.980,1.300,1,0,3.000,0,0,18,284,0,30,0
08-06 13:36:15,16.497,6.999,72.987,0.500,0,5287416,214684,170660,2327160,11187207.170,98768.309,3.999,5259.058,1.000,509.909,7178,4480,2.190,1.980,1.300,1,0,36.993,0,0,18,283,0,31,0
08-06 13:36:16,9.219,15.448,71.011,0.997,0,5274544,221620,170660,2333096,3669435.019,29480.770,2344.110,195.342,29.899,14.950,5345,3506,2.190,1.980,1.300,1,0,158.467,0,0,18,282,0,31,0
08-06 13:36:17,17.307,11.538,69.979,0.752,0,5288752,207348,170660,2333160,12376.560,1625.326,16.053,305.000,1.003,29.095,3653,2977,2.190,1.980,1.300,1,0,98.322,0,0,18,282,0,31,0
08-06 13:36:18,22.722,2.747,73.158,0,0,5347168,148928,170660,2333164,9813.694,3425.704,0,179.775,0,10.986,2275,1982,2.190,1.980,1.300,0,0,0.999,0,0,18,283,0,31,0
08-06 13:36:19,17.306,2.257,78.754,0.251,0,5347472,148612,170660,2333180,16340.673,8764.251,4.013,212.686,1.003,27.087,2534,2700,2.090,1.960,1.300,1,0,0,0,0,18,288,0,32,0
08-06 13:36:20,24.436,3.241,70.315,0,0,5347124,148488,170660,2333652,12537.103,1615.760,430.869,275.278,20.945,23.937,4214,4551,2.090,1.960,1.300,2,0,0,0,0,18,287,0,32,0
08-06 13:36:21,5.006,2.003,89.114,0.751,0,5350480,144876,170660,2333908,445670.135,16510709.788,240.308,540.693,13.017,65.083,3699,2741,2.090,1.960,1.300,2,0,1.001,0,0,18,286,0,33,0
08-06 13:36:22,18.493,2.499,77.219,0,0,5354692,140520,170660,2334052,8156455.875,27171.243,0,267.894,0,24.990,4666,3528,2.090,1.960,1.300,4,0,1.000,0,0,18,293,0,33,0
08-06 13:36:23,24.892,3.485,68.701,0.249,0,5354884,140268,170668,2334104,12001.794,1612.984,15.931,517.748,0.996,45.801,4727,5157,2.090,1.960,1.300,1,0,0.996,0,0,18,293,0,34,0
08-06 13:36:24,21.510,10.005,66.531,0.500,0,5272336,206740,170668,2350148,8366488.831,22848.577,48.022,576.267,3.001,55.025,5329,3436,2.010,1.950,1.300,1,0,80.037,0,0,18,294,0,37,0
08-06 13:36:25,10.001,20.503,66.509,0.500,0.250,5274308,204688,170672,2350224,10432.463,1620.227,28.004,576.081,2.000,28.004,5127,3637,2.010,1.950,1.300,1,0,249.035,0,0,18,294,0,37,0
08-06 13:36:26,17.532,12.022,68.875,0.501,0,5313332,165652,170672,2350236,9172.589,1460.642,0,1041.884,0,66.120,3479,2881,2.010,1.950,1.300,3,0,138.250,0,0,18,294,0,37,0
08-06 13:36:27,24.727,3.247,71.683,0.250,0,5350468,149552,170672,2330012,8792.823,1618.495,0,179.833,0,23.978,2186,1743,2.010,1.950,1.300,4,1,0,0,0,18,294,0,37,0
08-06 13:36:28,8.485,18.966,70.372,0,0,5330160,169836,170672,2330036,12183.912,1617.068,0,215.609,0,13.975,4911,3462,2.010,1.950,1.300,3,0,195.645,0,0,18,294,0,37,0
08-06 13:36:29,8.039,19.343,70.340,0,0,5318004,181968,170672,2330060,12100.441,1627.862,0,32.155,0,4.019,4672,3164,1.930,1.930,1.290,2,0,196.951,0,0,18,294,0,37,0
08-06 13:36:30,8.740,21.475,68.422,0,0,5328040,171888,170672,2330088,12919.195,1618.146,0,3.995,0,0.999,4867,3366,1.930,1.930,1.290,2,0,209.760,0,0,18,294,0,36,0
08-06 13:36:31,3.743,5.989,88.583,0.250,0,5307244,192680,170672,2330092,10490.215,1616.950,0,87.834,0,5.989,2142,1937,1.930,1.930,1.290,0,0,67.872,0,0,18,294,0,36,0
08-06 13:36:32,14.746,4.499,79.476,0,0,5333848,166072,170672,2330096,13481.934,1619.512,0,75.977,0,6.998,1997,1729,1.930,1.930,1.290,2,0,8.997,0,0,18,294,0,36,0
08-06 13:36:33,20.068,2.509,76.009,0,0,5380936,148180,170672,2301712,16474.205,7437.374,16.055,405.383,1.003,33.113,2502,2462,1.930,1.930,1.290,1,0,0,0,0,18,295,0,36,0
08-06 13:36:34,24.757,5.251,69.519,0.500,0,5347132,181900,170672,2301796,15413.253,4697.296,64.018,168.046,4.001,24.007,3296,2868,1.850,1.920,1.290,2,0,47.013,0,0,18,302,0,36,0
08-06 13:36:35,10.250,17.250,69.749,0.500,0,5346840,182140,170676,2301844,12678.844,1619.980,12.000,115.999,3.000,1.000,4380,2911,1.850,1.920,1.290,1,0,128.998,0,0,18,302,0,36,0
08-06 13:36:36,11.745,17.242,68.969,0,0,5322912,205904,170676,2301992,20089.837,1619.261,0,3494.406,0,405.815,4686,3276,1.850,1.920,1.290,1,0,98.955,0,0,18,302,0,36,0
08-06 13:36:37,12.971,16.962,67.351,0.249,0,5321676,207040,170676,2302092,8020.208,1616.414,0,255.433,0,26.940,4576,3460,1.850,1.920,1.290,3,0,114.745,0,0,18,302,0,36,0
08-06 13:36:38,13.532,17.291,67.662,0.251,0,5321244,207272,170676,2302284,12078.893,1623.884,0,248.595,0,22.053,4404,3334,1.850,1.920,1.290,2,0,103.247,0,0,18,304,0,36,0
08-06 13:36:39,11.255,14.757,69.533,3.001,0,5320684,207796,170676,2302320,11525.531,1620.778,4.002,16419.879,1.000,24.012,3817,2699,1.860,1.920,1.300,1,0,113.054,0,0,18,304,0,36,0
08-06 13:36:40,21.826,3.763,73.005,0,0,5349016,179468,170676,2302320,12725.482,1625.683,0,9208.187,0,103.361,2139,1611,1.860,1.920,1.300,1,0,1.004,0,0,18,304,0,36,0
08-06 13:36:41,25.898,4.731,67.981,0.498,0,5388440,139996,170676,2302368,13852.216,1613.618,15.937,2358.672,0.996,108.571,2757,2559,1.860,1.920,1.300,1,0,2.988,0,0,18,304,0,36,0
08-06 13:36:42,27.747,3.500,66.493,0.750,0,5424640,134004,170676,2273116,9210.034,1661.826,423.956,551.942,14.998,49.995,3063,2813,1.860,1.920,1.300,1,0,5.999,0,0,18,308,0,36,0
08-06 13:36:43,24.999,3.500,69.998,0.750,0,5310980,247616,170676,2273164,11476.630,1457.953,15.999,375.988,1.000,37.999,2641,2392,1.860,1.920,1.300,1,0,6.000,0,0,18,304,0,36,0
08-06 13:36:44,32.071,7.767,59.131,0,0,5376312,182124,170676,2273324,9224.506,1623.609,24.053,228.508,4.009,22.049,3267,12981,1.790,1.900,1.290,1,0,36.080,0,0,18,304,0,37,0
08-06 13:36:45,17.203,4.488,76.293,0,0,5405288,153144,170676,2273328,14444.762,3989.164,0,8050.133,0,32.911,2137,1888,1.790,1.900,1.290,1,0,2.992,0,0,18,307,0,37,0
08-06 13:36:46,15.457,1.994,80.773,0.249,0,5405236,153184,170676,2273340,24489.084,17392.056,0,2193.826,0,349.018,2614,2363,1.790,1.900,1.290,1,0,0.997,0,0,18,310,0,37,0
08-06 13:36:47,23.841,4.517,71.522,0.251,0,5296116,262296,170676,2273348,9346.609,975.717,0,156.597,0,18.069,2471,1890,1.790,1.900,1.290,1,0,15.057,0,0,18,304,0,37,0
08-06 13:36:48,24.754,2.750,71.261,0.250,0,5352816,205596,170676,2273348,12687.880,1620.240,0,132.020,0,10.001,2465,2115,1.790,1.900,1.290,2,0,1.000,0,0,18,304,0,37,0
08-06 13:36:49,18.493,7.997,71.724,0,0,5310020,248260,170676,2273480,13132.261,1457.474,3.999,115.958,1.000,6.997,2949,2032,1.730,1.890,1.290,3,0,75.973,0,0,18,304,0,37,0
08-06 13:36:50,8.999,18.748,69.991,0,0,5320332,237916,170680,2273508,21218.366,1619.799,387.952,423.947,4.000,15.998,4538,3106,1.730,1.890,1.290,1,0,176.978,0,0,18,304,0,36,0
08-06 13:36:51,9.740,20.978,66.931,0.499,0,5310836,247280,170680,2273640,11705.976,1618.338,27.971,339.651,2.997,27.971,5196,3698,1.730,1.890,1.290,1,0,238.755,0,0,18,304,0,36,0
08-06 13:36:52,18.015,9.508,70.560,0,0.250,5335328,222756,170680,2273656,12358.487,1621.376,0,176.149,0,18.015,3540,2709,1.730,1.890,1.290,1,0,91.077,0,0,18,304,0,36,0
08-06 13:36:53,23.258,3.501,71.526,0.750,0,5367996,189868,170824,2273732,11936.280,1620.581,172.062,632.227,8.003,41.015,2490,2259,1.730,1.890,1.290,1,0,17.006,0,0,18,304,0,36,0
08-06 13:36:54,19.000,2.750,77.748,0.250,0,5373584,183108,170856,2274872,16969.668,4464.913,0,191.996,0,6.000,1959,1437,1.670,1.870,1.290,1,0,16.000,0,0,18,305,0,29,0
08-06 13:36:55,23.503,4.751,70.259,0,0,5365376,185320,171448,2280132,13969.698,1794.218,0,860.105,0,16.002,2954,2842,1.670,1.870,1.290,1,0,16.002,0,0,18,304,0,29,0
08-06 13:36:56,23.226,5.245,69.678,0,0,5369984,179660,171472,2281128,19709.685,1948.991,3.996,675.304,0.999,9.990,12327,21983,1.670,1.870,1.290,2,0,7.992,0,0,18,305,0,29,0
08-06 13:36:57,20.517,3.002,75.312,0.500,0,5369012,180336,171520,2281376,14926.220,4137.387,36.029,504.413,7.006,25.020,3011,3485,1.670,1.870,1.290,2,0,5.004,0,0,18,305,0,29,0
08-06 13:36:58,23.259,7.253,67.024,0,0,5374132,175072,171564,2281472,9391.433,1620.592,0,340.124,0,15.005,9590,17113,1.670,1.870,1.290,3,0,16.006,0,0,18,305,0,26,0
08-06 13:36:59,22.485,4.247,72.702,0.500,0,5351960,203120,171648,2275460,11518.383,1792.814,0,779.485,0,25.983,2185,1632,1.620,1.860,1.290,1,0,0.999,0,0,18,304,0,26,0
08-06 13:37:00,9.989,18.230,69.674,0,0,5319532,235636,171648,2275452,12299.593,1660.190,0,0,0,0,4882,3486,1.620,1.860,1.290,1,0,222.757,0,0,18,304,0,26,0
08-06 13:37:01,22.039,7.012,70.374,0,0,5348376,206788,171648,2275456,11961.081,1622.860,0,340.600,0,6.011,2472,1833,1.620,1.860,1.290,2,0,41.072,0,0,18,304,0,26,0
08-06 13:37:02,21.249,1.750,75.747,0,0,5383148,171824,171648,2275648,11697.558,3591.864,0,115.996,0,8.000,1949,1485,1.620,1.860,1.290,1,0,0,0,0,18,305,0,19,0
08-06 13:37:03,19.535,4.508,74.883,0,0,5331628,223316,171648,2275676,21449.999,9962.649,16.028,0,1.002,0,2900,2265,1.620,1.860,1.290,2,0,33.059,0,0,18,304,0,22,0
08-06 13:37:04,17.968,10.232,70.126,0,0,5353264,201632,171648,2275724,11937.836,1455.420,0,0,0,0,3036,2253,1.570,1.840,1.290,1,0,78.860,0,0,18,304,0,22,0
08-06 13:37:05,19.240,2.499,77.458,0,0,5404600,150292,171648,2275728,10976.054,4008.828,0,19.989,0,0.999,1923,1530,1.570,1.840,1.290,1,0,0,0,0,18,305,0,22,0
08-06 13:37:06,19.001,7.000,71.752,0.250,0,5367236,187652,171648,2275732,18665.499,7874.211,0,324.009,0,23.001,3193,2576,1.570,1.840,1.290,1,0,70.002,0,0,18,304,0,23,0
08-06 13:37:07,23.760,4.002,71.029,0.250,0,5365108,189780,171648,2275732,12058.870,976.394,0,1660.671,0,310.125,2547,2226,1.570,1.840,1.290,1,0,0,0,0,18,304,0,19,0
08-06 13:37:08,18.497,2.500,78.238,0,0,5381672,173208,171648,2275740,14985.790,6966.972,0,351.948,0,21.997,2129,1846,1.570,1.840,1.290,1,0,1.000,0,0,18,305,0,19,0
08-06 13:37:09,18.499,7.500,73.498,0,0,5364432,190412,171648,2275776,19622.352,8957.704,15.999,0,1.000,0,2912,2168,1.520,1.830,1.280,1,0,55.998,0,0,18,304,0,20,0
08-06 13:37:10,23.480,2.498,72.937,0,0,5414292,140552,171648,2275776,12309.440,1564.658,0,47.959,0,2.997,2010,1461,1.520,1.830,1.280,1,0,0,0,0,18,304,0,20,0
08-06 13:37:11,16.761,2.001,80.053,0,0,5417432,137400,171648,2275788,23640.671,11836.846,0,980.650,0,85.056,2314,1885,1.520,1.830,1.280,1,0,0,0,0,18,304,0,21,0
08-06 13:37:12,20.820,6.271,72.495,0,0,5411784,143044,171648,2275792,10366.990,1571.303,0,0,0,0,2560,1848,1.520,1.830,1.280,1,0,32.108,0,0,18,304,0,21,0
08-06 13:37:13,22.029,2.475,73.265,0,0,5407276,147552,171648,2275792,8366.075,2244.484,0,35.642,0,1.980,1944,1401,1.520,1.830,1.280,1,0,0,0,0,18,305,0,21,0
08-06 13:37:14,12.581,2.768,83.789,0.252,0,5403180,151636,171648,2275804,21866.608,11108.430,0,318.045,0,21.136,2303,2250,1.480,1.810,1.280,1,0,0,0,0,18,304,0,21,2
08-06 13:37:15,20.505,6.251,71.766,0,0,5357084,197720,171648,2275816,14451.314,2413.553,0,100.023,0,12.003,2961,2376,1.480,1.810,1.280,1,0,47.011,0,0,18,304,0,20,0
08-06 13:37:16,23.262,3.502,72.537,0,0,5412088,142716,171648,2275816,16547.370,1714.867,0,88.045,0,7.004,2141,1521,1.480,1.810,1.280,1,0,0,0,0,18,304,0,20,0
08-06 13:37:17,26.507,4.251,68.768,0.250,0,5412416,142240,171648,2275964,21798.830,11820.161,0,336.090,0,28.007,3009,2401,1.480,1.810,1.280,2,0,2.001,0,0,18,304,0,23,0
08-06 13:37:18,40.390,10.472,48.120,0.249,0,5403676,150976,171648,2275968,11323.302,1507.912,510.616,1475.999,3.989,283.232,3982,2591,1.480,1.810,1.280,2,0,38.895,0,0,18,304,0,23,0
08-06 13:37:19,38.091,6.515,53.878,0,0,5402112,152532,171648,2275976,19224.691,9459.482,256.610,152.362,2.005,11.026,3297,2066,1.600,1.830,1.290,1,0,3.007,0,0,18,305,0,23,0
08-06 13:37:20,17.965,9.731,70.612,0.250,0,5310540,244080,171648,2276000,15079.598,4760.718,255.502,399.222,1.996,37.926,4021,3636,1.600,1.830,1.290,2,0,86.831,0,0,18,304,0,24,0
08-06 13:37:21,22.272,4.004,72.072,0.250,0,5374208,180408,171648,2276004,8782.717,1621.609,0,364.362,0,24.024,2341,2075,1.600,1.830,1.290,2,0,2.002,0,0,18,304,0,24,0
08-06 13:37:22,18.759,2.251,77.788,0,0,5390916,163684,171648,2276020,37873.742,24783.264,0,184.091,0,20.010,2444,2224,1.600,1.830,1.290,1,0,0,0,0,18,305,0,25,0
08-06 13:37:23,21.007,6.252,71.774,0,0,5318084,236496,171648,2276040,13904.675,1752.589,0,116.039,0,6.002,2603,1923,1.600,1.830,1.290,1,0,47.016,0,0,18,304,0,23,0
08-06 13:37:24,20.491,2.499,75.968,0.250,0,5377708,176872,171648,2276040,14087.115,3590.500,0,211.911,0,13.994,1977,1497,1.550,1.820,1.290,0,0,0,0,0,18,305,0,23,0
08-06 13:37:25,20.509,3.502,74.283,0.500,0,5347060,207256,171648,2276304,18713.265,8522.764,256.113,396.175,16.007,24.011,2720,2246,1.550,1.820,1.290,1,0,14.006,0,0,18,304,0,25,0
08-06 13:37:26,22.905,3.486,72.200,0,0,5407176,147136,171648,2276308,14133.293,1613.299,0,87.636,0,9.959,2112,1748,1.550,1.820,1.290,1,0,0,0,0,18,304,0,25,0
08-06 13:37:27,18.234,2.748,78.182,0.250,0,5416176,138128,171648,2276316,19727.888,7739.287,0,171.851,0,17.984,2114,1806,1.550,1.820,1.290,1,0,0,0,0,18,305,0,22,0
08-06 13:37:28,28.330,5.265,63.932,1.254,0,5411072,142412,171648,2277136,12021.131,1902.401,738.096,1347.827,42.120,172.490,5986,8193,1.550,1.820,1.290,2,0,2.006,0,0,18,307,0,22,0
08-06 13:37:29,24.291,4.508,68.365,1.503,0,5325092,228356,171648,2277172,9681.270,2864.815,16.027,2788.687,1.002,213.359,3192,3707,1.510,1.810,1.290,2,0,5.008,0,0,18,306,0,23,0
08-06 13:37:30,20.236,3.248,75.196,0.500,0,5372616,180824,171648,2277180,15315.094,3868.245,0,2298.363,0,375.732,2538,1789,1.510,1.810,1.290,0,0,1.999,0,0,18,307,0,23,0
08-06 13:37:31,18.438,3.488,75.248,0.997,0,5372472,180824,171648,2277324,20110.695,8957.023,0,4624.523,0,188.370,3395,3721,1.510,1.810,1.290,3,0,0,0,0,18,307,0,23,0
08-06 13:37:32,22.726,5.994,68.427,0.499,0,5373360,179816,171648,2277444,15317.745,2842.983,95.898,631.330,4.995,71.924,4515,5332,1.510,1.810,1.290,1,0,0,0,0,18,306,0,24,0
08-06 13:37:33,13.798,17.561,67.736,0,0,5332468,220696,171648,2277456,11777.054,1625.667,0,361.259,0,24.084,4810,3587,1.510,1.810,1.290,1,0,216.756,0,0,18,306,0,24,0
08-06 13:37:34,8.727,22.442,66.078,0.249,0,5322680,230472,171648,2277468,11311.612,1615.802,0,243.368,0,18.951,5193,3520,1.470,1.790,1.290,3,0,272.293,0,0,18,306,0,24,0
08-06 13:37:35,9.544,23.107,65.303,0.502,0,5326568,226560,171648,2277492,27035.288,1464.788,0,1438.667,0,89.414,5413,4142,1.470,1.790,1.290,2,0,268.243,0,0,18,306,0,23,0
08-06 13:37:36,9.743,21.984,65.453,0.250,0,5325236,227884,171648,2277500,13502.274,1618.834,0,571.588,0,35.974,5382,4028,1.470,1.790,1.290,1,0,258.814,0,0,18,306,0,23,0
08-06 13:37:37,10.742,21.984,65.202,0.250,0,5324620,228480,171648,2277520,9194.286,1618.818,0,299.781,0,34.974,5310,3989,1.470,1.790,1.290,1,0,261.809,0,0,18,306,0,23,0
08-06 13:37:38,10.464,22.173,64.774,0.249,0,5312868,240220,171648,2277532,12183.503,1614.369,0,797.219,0,52.816,5464,4182,1.470,1.790,1.290,1,0,261.089,0,0,18,306,0,23,0
08-06 13:37:39,8.033,22.844,67.025,0,0,5312148,240928,171648,2277544,12024.282,1626.667,0,28.115,0,7.029,5180,3405,1.430,1.780,1.280,2,0,266.091,0,0,18,306,0,23,0
08-06 13:37:40,8.728,22.195,66.584,0,0.249,5306148,246912,171648,2277560,14007.031,1615.966,0,99.751,0,10.973,5320,3728,1.430,1.780,1.280,1,0,305.238,0,0,18,306,0,23,0
08-06 13:37:41,10.019,21.790,66.623,0,0,5295740,257300,171648,2277580,11994.226,1665.085,0,160.297,0,11.020,5111,3455,1.430,1.780,1.280,2,0,263.488,0,0,18,306,0,23,0
08-06 13:37:42,8.752,22.004,66.513,0.250,0,5294776,258244,171648,2277600,11857.295,1620.314,16.003,180.035,1.000,17.003,5216,3749,1.430,1.780,1.280,2,0,252.049,0,0,18,306,0,23,0
08-06 13:37:43,9.757,22.517,65.549,0,0,5300740,252248,171648,2277632,11786.769,1621.206,0,380.283,0,24.018,5153,3752,1.430,1.780,1.280,2,0,250.186,0,0,18,306,0,23,0
08-06 13:37:44,10.720,23.933,63.322,0,0,5309056,243896,171648,2277668,10180.305,1453.902,0,99.719,0,8.975,5216,3868,1.480,1.780,1.290,5,0,263.258,0,0,18,306,0,23,0
08-06 13:37:45,22.318,25.076,50.654,0,0,5296608,256324,171648,2277688,12991.381,1624.926,0,152.462,0,13.040,6204,15949,1.480,1.780,1.290,1,0,293.891,0,0,18,306,0,26,0
08-06 13:37:46,9.253,21.507,65.522,0.250,0,5303884,249024,171648,2277712,12675.308,1620.551,0,168.057,0,16.005,5208,3830,1.480,1.780,1.290,1,0,242.082,0,0,18,306,0,26,0
08-06 13:37:47,18.249,9.250,70.747,1.000,0,5295476,274120,171648,2261624,8961.623,1619.932,227.990,1159.951,13.999,61.997,3485,2822,1.480,1.780,1.290,1,0,95.996,0,0,18,306,0,26,0
08-06 13:37:48,18.528,9.264,70.856,0.501,0,5309496,348268,171768,2184108,12568.844,1622.432,16.024,3216.823,3.005,37.056,2724,2638,1.480,1.780,1.290,1,0,5.008,0,0,18,306,0,23,0
08-06 13:37:49,24.214,2.247,72.391,0,0,5332680,321324,171776,2187856,10509.230,1617.573,0,1501.746,0,263.604,2276,1760,1.440,1.770,1.290,1,0,0,0,0,18,306,0,23,0
08-06 13:37:50,15.748,2.000,79.738,2.000,0,5332716,320324,171844,2188748,22093.679,6176.072,123.981,1015.847,15.998,14.998,2008,1670,1.440,1.770,1.290,1,0,15.998,0,0,18,307,0,23,0
08-06 13:37:51,15.501,2.000,79.255,1.500,0,5345416,306744,171916,2189548,21959.483,8670.585,672.045,1088.073,41.003,47.003,2073,1937,1.440,1.770,1.290,0,0,0,0,0,18,307,0,23,0
08-06 13:37:52,12.994,1.999,81.960,2.249,0,5345308,305988,171980,2190344,22661.069,10436.966,463.776,1335.356,47.977,55.973,2016,2121,1.440,1.770,1.290,1,0,0,0,0,18,307,0,23,0
08-06 13:37:53,20.238,1.499,75.955,0.999,0,5367676,282736,172004,2191200,20378.938,7105.794,799.527,1019.397,28.983,47.972,2046,1691,1.440,1.770,1.290,3,0,0,0,0,18,307,0,23,0
08-06 13:37:54,17.489,0.750,79.449,1.499,0,5366096,283504,172048,2191964,21633.030,10350.316,631.592,1083.300,41.973,36.976,1843,1570,1.320,1.740,1.280,2,0,0,0,0,18,307,0,23,0
08-06 13:37:55,20.775,3.004,74.089,1.502,0,5372952,275440,172076,2193140,22608.163,7200.651,841.010,776.933,29.035,27.032,2205,1632,1.320,1.740,1.280,1,0,8.010,0,0,18,307,0,23,0
08-06 13:37:56,15.502,0.750,79.262,2.250,0,5374360,269392,172124,2197720,29305.471,11181.706,2132.325,1144.175,59.009,37.006,1867,1598,1.320,1.740,1.280,0,1,0,0,0,18,307,0,23,0
08-06 13:37:57,18.739,2.998,71.709,5.747,0,5374688,237892,172128,2228888,12021.101,1619.071,13824.066,495.716,139.920,20.988,2194,1804,1.320,1.740,1.280,2,0,0.999,0,0,18,307,0,23,0
08-06 13:37:58,23.520,2.502,72.311,0.500,0,5377796,222280,172288,2241104,10186.526,1621.357,0,1949.632,0,68.057,2537,2286,1.320,1.740,1.280,1,0,1.001,0,0,18,307,0,23,0
08-06 13:37:59,24.167,1.993,72.003,0.249,0.249,5381428,202636,172528,2256580,9904.074,1614.470,0,1144.081,0,33.884,2293,1944,1.300,1.730,1.280,1,0,0,0,0,18,307,0,23,0
08-06 13:38:00,23.580,3.010,72.246,1.003,0,5390600,173164,172664,2276496,8058.417,1505.121,0,2231.592,0,84.287,2525,2315,1.300,1.730,1.280,1,0,0,0,0,18,307,0,23,0
08-06 13:38:01,23.759,2.501,72.276,0.750,0,5390820,159316,172664,2289864,13215.776,1620.586,0,2512.908,0,93.034,2508,2279,1.300,1.730,1.280,1,0,0,0,0,18,307,0,23,0
08-06 13:38:02,23.495,2.999,71.734,0.750,0,5392268,133372,172664,2314044,13138.098,1619.642,0,2015.555,0,72.984,2599,2365,1.300,1.730,1.280,1,0,0,0,0,18,307,0,23,0
08-06 13:38:03,24.003,3.000,71.510,0.750,0,5398708,139640,172664,2301176,17791.371,1794.239,0,1744.232,0,56.007,2729,2347,1.300,1.730,1.280,1,0,2.000,0,0,18,306,0,23,0
08-06 13:38:04,19.000,4.500,75.251,0,0,5423260,137836,172664,2278948,15818.187,3723.044,0,256.003,0,3.000,2353,1789,1.350,1.730,1.280,1,0,33.000,0,0,18,307,0,20,0
08-06 13:38:05,22.488,2.749,72.712,0.250,0,5384000,170856,172664,2285136,17872.598,2696.581,0,1591.163,0,29.984,2286,1700,1.350,1.730,1.280,2,0,2.998,0,0,18,306,0,20,0
08-06 13:38:06,24.259,5.752,67.525,0.250,0,5385536,168216,172664,2286224,13114.842,1662.614,0,740.273,0,26.010,11941,21642,1.350,1.730,1.280,1,0,13.005,0,0,18,306,0,20,0
08-06 13:38:07,24.093,5.772,68.765,0,0,5385660,167992,172664,2286352,8345.129,1626.261,0,1570.045,0,29.112,12033,21551,1.350,1.730,1.280,2,0,5.019,0,0,18,306,0,20,0
08-06 13:38:08,20.414,5.726,71.948,0.249,0,5372544,188400,172664,2279044,9071.912,1451.904,0,740.889,0,34.854,2965,2984,1.350,1.730,1.280,1,0,15.933,0,0,18,306,0,19,0
08-06 13:38:09,23.000,4.000,72.250,0,0,5355332,205652,172664,2279056,13006.014,1620.002,0,424.000,0,9.000,2704,2237,1.320,1.720,1.280,1,0,32.000,0,0,18,306,0,19,0
08-06 13:38:10,25.269,5.504,67.051,0.250,0,5349900,211080,172664,2279060,10136.751,1621.240,4.003,340.260,1.001,7.005,10760,19428,1.320,1.720,1.280,2,0,23.018,0,0,18,306,0,19,0
08-06 13:38:11,22.735,4.497,71.205,0.250,0,5357288,203660,172664,2279092,12570.972,1618.966,0,499.681,0,30.980,2864,2651,1.320,1.720,1.280,1,0,20.987,0,0,18,306,0,19,0
08-06 13:38:12,19.003,2.750,76.762,0.250,0,5366344,189548,172664,2284128,18651.953,4627.733,0,1076.170,0,25.004,2179,1787,1.320,1.720,1.280,2,1,17.003,0,0,18,306,0,15,1
08-06 13:38:13,23.007,3.751,71.522,0.500,0,5368740,185828,172664,2285452,13842.166,1728.520,0,2708.815,0,117.035,2634,2414,1.320,1.720,1.280,2,0,5.002,0,0,18,306,0,15,0
08-06 13:38:14,24.003,7.251,66.258,0.250,0,5393216,160416,172664,2286372,12850.486,1458.169,0,540.062,0,29.003,9701,18061,1.300,1.710,1.280,1,0,10.001,0,0,18,306,0,15,0
08-06 13:38:15,23.500,6.500,69.001,0,0,5376880,176608,172664,2286516,10894.111,1620.017,0,88.001,0,1.000,13074,23493,1.300,1.710,1.280,1,0,13.000,0,0,18,306,0,15,0
08-06 13:38:16,20.497,5.499,72.740,0.250,0,5334928,226016,172668,2279092,17334.616,1713.764,0,939.871,0,25.996,2351,1768,1.300,1.710,1.280,1,0,7.999,0,0,18,306,0,13,0
08-06 13:38:17,31.005,5.751,62.011,0.250,0,5357752,203164,172668,2279120,14274.527,1620.287,0,300.053,0,24.004,2986,2207,1.300,1.710,1.280,3,0,23.004,0,0,18,306,0,13,0
08-06 13:38:18,40.244,11.498,46.743,0,0,5359524,201400,172668,2279112,8563.766,1619.767,511.926,415.940,3.999,18.997,4402,3381,1.300,1.710,1.280,3,0,100.985,0,0,18,306,0,13,0
08-06 13:38:19,40.820,9.458,48.785,0,0,5387920,164872,172668,2287240,12791.552,1612.882,509.751,760.643,3.982,11.947,3269,1837,1.430,1.730,1.290,2,0,6.969,0,0,18,306,0,13,0
08-06 13:38:20,26.163,3.270,69.935,0,0,5377556,172404,172684,2290008,23064.599,2126.238,0,1106.891,0,213.328,2568,1858,1.430,1.730,1.290,1,0,16.100,0,0,18,307,0,9,0
08-06 13:38:21,17.466,0.749,80.092,0.250,0,5375408,174292,172700,2290252,23381.977,5370.429,7.984,1045.941,1.996,31.937,1804,1634,1.430,1.730,1.290,1,0,0,0,0,18,307,0,9,0
08-06 13:38:22,18.204,2.743,77.057,0.998,0,5375340,174352,172708,2290380,23344.541,10481.752,0,19271.740,0,297.256,2239,2002,1.430,1.730,1.290,3,0,0,0,0,18,307,0,9,0
08-06 13:38:23,15.540,1.253,81.709,0.501,0,5364504,184744,172772,2290744,50143.997,12719.468,0,1443.685,0,53.136,1870,1709,1.430,1.730,1.290,0,0,0,0,0,18,308,0,9,0
08-06 13:38:24,13.001,1.500,83.509,1.000,0,5360908,187864,172940,2291036,141016.655,14273.585,0,1512.168,0,67.007,1892,1765,1.400,1.720,1.280,1,0,0,0,0,18,308,0,7,0
08-06 13:38:25,20.744,1.500,76.727,0.250,0,5373408,175180,173012,2291148,20289.907,7988.601,0,751.774,0,23.993,1830,1396,1.400,1.720,1.280,0,0,0,0,0,18,308,0,7,0
08-06 13:38:26,18.001,1.250,79.006,0.500,0,5380260,167936,173112,2291440,27240.896,10426.726,0,1176.082,0,37.003,1872,1503,1.400,1.720,1.280,1,0,0,0,0,18,308,0,7,0
08-06 13:38:27,14.253,1.250,83.268,0,0,5379144,168688,173164,2291736,327203.505,11343.479,0,3776.825,0,48.010,2071,1811,1.400,1.720,1.280,1,0,0,0,0,18,308,0,7,0
08-06 13:38:28,9.498,2.250,85.481,1.500,0,5377840,169300,173512,2292080,114855.593,20217.528,27.994,2663.411,3.999,127.972,2234,2538,1.400,1.720,1.280,0,0,1.000,0,0,18,308,0,7,0
08-06 13:38:29,13.998,1.000,82.989,1.250,0,5370200,176428,173684,2292412,51160.495,14025.217,103.987,1575.800,5.999,62.992,1878,1702,1.370,1.710,1.280,1,0,0,0,0,18,308,0,5,0
08-06 13:38:30,11.504,1.751,85.028,0,0,5372284,164056,173740,2302596,1027956.953,28771.375,0,564.184,0,47.015,2661,2084,1.370,1.710,1.280,0,0,1.000,0,0,18,308,0,5,0
08-06 13:38:31,6.249,2.750,87.990,1.000,0,5379100,146724,173816,2312996,5149227.498,59787.074,0,6739.219,0,45.995,4374,3245,1.370,1.710,1.280,1,0,2.000,0,0,18,308,0,5,0
08-06 13:38:32,9.751,3.500,84.258,0.500,0,5373380,128588,173856,2336748,11811974.955,88413.301,4.000,11821.110,1.000,32.003,5012,3260,1.370,1.710,1.280,0,1,2.000,0,0,18,308,0,5,0
08-06 13:38:33,19.993,5.748,71.723,1.250,0,5365840,126388,174024,2346236,628207.559,9586.407,159.940,90793.972,2.999,413.845,3238,2554,1.370,1.710,1.280,0,1,1.000,0,0,18,308,0,3,0
08-06 13:38:34,22.008,3.501,71.776,1.000,0,5363772,133652,176596,2338780,13406.789,1620.579,0,4425.581,0,102.036,2574,2320,1.420,1.710,1.290,1,0,0,0,0,18,308,0,3,0
08-06 13:38:35,23.249,2.750,72.498,0.250,0,5377852,123644,177432,2333144,10459.751,1619.961,0,2051.951,0,176.996,2384,1926,1.420,1.710,1.290,1,0,0,0,0,18,308,0,3,0
08-06 13:38:36,24.255,2.751,71.014,0.750,0,5376084,134908,177896,2323292,18808.638,1458.282,4.001,1736.336,1.000,77.015,2660,2411,1.420,1.710,1.290,1,0,0,0,0,18,308,0,3,0
08-06 13:38:37,22.738,4.498,70.964,0.750,0,5382248,129696,178804,2320720,12528.588,1619.171,0,2618.660,0,98.949,2671,2503,1.420,1.710,1.290,4,0,0,0,0,18,308,0,3,0
08-06 13:38:38,23.758,3.001,71.774,1.000,0,5382468,125360,179656,2323332,8753.960,1620.548,0,4053.371,0,94.032,2483,2330,1.420,1.710,1.290,1,0,1.000,0,0,18,308,0,3,0
08-06 13:38:39,23.746,3.000,71.988,0,0,5384568,129748,181004,2315536,8740.596,1619.740,0,467.925,0,21.996,2172,1727,1.380,1.700,1.280,1,0,0,0,0,18,308,0,3,0
08-06 13:38:40,23.310,2.757,72.437,0.752,0,5384336,126332,181792,2318040,13528.845,1624.183,0,3007.747,0,61.158,2430,2047,1.380,1.700,1.280,1,0,0,0,0,18,308,0,3,0
08-06 13:38:41,22.945,2.743,72.327,0.499,0,5349380,196596,182608,2281164,12495.148,2005.209,0,1947.348,0,67.838,2449,2125,1.380,1.700,1.280,1,0,0.998,0,0,18,306,0,3,0
08-06 13:38:42,22.505,4.001,72.516,0,0,5398180,147760,182628,2281180,26257.687,1620.351,0,4.001,0,1.000,2391,1692,1.380,1.700,1.280,1,0,19.004,0,0,18,306,0,3,0
08-06 13:38:43,18.243,2.249,78.222,0.250,0,5413384,131504,182636,2282224,19187.112,4625.339,3.999,659.763,1.000,6.997,2046,1542,1.380,1.700,1.280,1,0,15.994,0,0,18,307,0,3,0
08-06 13:38:44,22.253,4.000,72.509,0,0,5393908,145188,182720,2287428,13271.579,1632.194,0,1164.139,0,13.002,2209,1700,1.350,1.690,1.280,1,0,4.000,0,0,18,306,0,3,0
08-06 13:38:45,32.000,11.000,54.999,0,0.250,5404124,151604,182740,2270804,28401.638,1619.979,0,0,0,0,13462,33996,1.350,1.690,1.280,1,0,47.999,0,0,18,306,0,3,0
08-06 13:38:46,22.728,4.745,70.183,0.250,0,5403332,152260,182744,2270936,10276.202,1618.457,0,2569.550,0,14.986,3275,3731,1.350,1.690,1.280,2,0,5.994,0,0,18,306,0,3,0
08-06 13:38:47,25.530,7.759,64.826,0,0,5411296,144244,182748,2270984,13039.244,1621.896,0,380.445,0,17.020,10181,17992,1.350,1.690,1.280,3,0,14.016,0,0,18,306,0,3,0
08-06 13:38:48,24.745,6.499,68.235,0,0,5408932,146604,182748,2270988,20831.495,1619.650,0,503.891,0,26.994,3169,2863,1.350,1.690,1.280,1,0,6.998,0,0,18,306,0,5,0
08-06 13:38:49,22.752,3.750,71.757,0.500,0,5353160,209816,182748,2264120,9210.905,1620.159,248.024,608.060,4.000,14.001,2289,1832,1.330,1.680,1.280,1,0,6.001,0,0,18,306,0,3,0
08-06 13:38:50,22.495,3.749,72.233,0.750,0,5357552,202676,182752,2266852,12677.034,1619.621,459.892,1915.552,14.996,18.996,2499,2180,1.330,1.680,1.280,1,0,0,0,0,18,307,0,3,0
08-06 13:38:51,23.881,3.980,68.658,0.995,0,5348080,211868,182752,2267128,18258.931,1697.533,47.762,720.407,2.985,82.588,4940,6014,1.330,1.680,1.280,1,0,0,0,0,18,309,0,7,0
08-06 13:38:52,25.379,5.025,65.834,1.508,0,5344808,214564,182752,2267704,12104.409,1628.261,498.529,1383.016,28.143,189.964,5657,7292,1.330,1.680,1.280,1,0,0,0,0,18,311,0,8,0
08-06 13:38:53,25.004,6.751,63.509,2.500,0,5282040,276748,182756,2268284,11484.671,1458.212,496.072,4904.714,24.003,374.054,5405,7182,1.330,1.680,1.280,3,1,30.004,0,0,18,310,0,8,0
08-06 13:38:54,9.747,21.744,66.982,0,0,5283896,274840,182756,2268336,15865.790,1619.570,0,24593.474,0,395.895,5112,3418,1.300,1.660,1.280,1,0,229.939,0,0,18,310,0,8,0
08-06 13:38:55,9.961,20.170,66.239,0.249,0.249,5285800,273224,182756,2268356,17387.368,1613.631,3.984,2095.728,0.996,87.654,4790,3367,1.300,1.660,1.280,1,0,169.332,0,0,18,310,0,8,0
08-06 13:38:56,15.061,5.522,67.776,11.296,0,5258280,299048,182768,2270040,18204.082,1550.309,1694.897,2329.480,87.355,346.410,2652,2193,1.300,1.660,1.280,0,1,27.110,0,0,18,310,0,10,0
08-06 13:38:57,9.500,4.250,72.004,11.751,0,5257708,271104,182768,2298556,10814.528,1620.079,28533.394,648.032,1572.077,13.001,3560,4720,1.300,1.660,1.280,1,0,0,0,0,18,310,0,10,0
08-06 13:38:58,9.997,4.499,71.976,10.746,0,5256316,259008,182768,2312044,13542.521,1457.518,13167.645,787.739,1838.392,24.992,3874,5507,1.300,1.660,1.280,1,0,1.000,0,0,18,310,0,10,0
08-06 13:38:59,4.232,1.991,85.132,6.721,0,5269700,244928,183172,2312336,11736.264,2623.658,983.747,561.572,245.937,6.970,1630,1902,1.190,1.640,1.270,0,0,5.974,0,0,18,311,0,10,0
08-06 13:39:00,3.013,0.753,94.165,1.256,0,5270708,243696,183172,2312560,60253.456,5350.573,224.991,0,3.013,0,1263,1445,1.190,1.640,1.270,0,0,0,0,0,18,311,0,10,0
08-06 13:39:01,5.249,4.249,87.979,1.000,0,5246272,267276,183188,2313400,144162.447,4066.025,623.850,471.887,33.992,2.000,1802,1694,1.190,1.640,1.270,4,0,19.995,0,0,18,310,0,11,0
08-06 13:39:02,2.995,2.995,92.109,0.250,0,5238632,274524,183188,2313792,397426.785,7088.135,3.994,339.480,0.998,13.979,1697,1718,1.190,1.640,1.270,0,0,10.983,0,0,18,310,0,11,0
08-06 13:39:03,2.750,1.500,94.494,0.250,0,5238584,274556,183188,2313808,13554.089,1619.891,0,607.959,0,61.996,1632,2332,1.190,1.640,1.270,0,0,0,0,0,18,310,0,11,0
08-06 13:39:04,1.252,0.751,96.887,0,0,5238548,274556,183188,2313844,9911.020,1460.065,0,6461.140,0,43.061,996,1327,1.100,1.610,1.260,0,0,0,0,0,18,310,0,11,0
08-06 13:39:05,1.501,0.750,96.790,0,0,5238548,274556,183188,2313844,24195.956,1620.667,0,112.046,0,4.002,1061,1358,1.100,1.610,1.260,0,0,0,0,0,18,310,0,11,0
08-06 13:39:06,1.500,0.750,96.997,0.250,0,5238544,274556,183188,2313848,12468.643,1661.952,0,103.997,0,12.000,1153,1595,1.100,1.610,1.260,0,0,0,0,0,18,310,0,11,0
08-06 13:39:07,2.249,0.750,95.728,0.250,0,5238540,274556,183188,2313852,11903.263,1619.628,0,155.964,0,24.994,1331,1768,1.100,1.610,1.260,0,0,0,0,0,18,310,0,11,0
08-06 13:39:08,1.251,0.750,96.289,0.250,0,5239040,274056,183188,2313852,11825.751,1620.651,0,572.230,0,31.012,1311,1767,1.100,1.610,1.260,0,0,1.000,0,0,18,310,0,11,0
08-06 13:39:09,0.750,8.499,88.240,1.250,0,5240532,272508,183192,2313868,12982.491,1527.822,4.000,124865.487,1.000,1041.879,3132,3318,1.250,1.630,1.270,0,0,0,0,0,18,310,0,11,0
08-06 13:39:10,0.999,0.499,97.356,0,0,5240756,272268,183192,2313868,10601.366,1617.614,0,0,0,0,983,1298,1.250,1.630,1.270,0,0,0,0,0,18,310,0,11,0
08-06 13:39:11,1.503,0.751,97.417,0,0,5240756,272268,183192,2313868,12311.163,1622.790,0,0,0,0,999,1277,1.250,1.630,1.270,0,0,0,0,0,18,310,0,11,0
08-06 13:39:12,0.750,0.750,96.995,0.250,0,5240756,272268,183192,2313868,12275.315,1619.910,0,999.944,0,214.988,1066,1345,1.250,1.630,1.270,0,0,0,0,0,18,310,0,11,0
08-06 13:39:13,1.500,0.750,96.498,0,0,5240732,272268,183192,2313892,11534.704,1619.958,16.000,2419.938,1.000,29.999,1209,1771,1.250,1.630,1.270,0,0,0,0,0,18,310,0,11,0
08-06 13:39:14,0.750,0.750,97.747,0,0,5240732,272268,183192,2313892,8453.764,1619.955,0,4.000,0,1.000,916,1282,1.150,1.600,1.270,1,0,0,0,0,18,310,0,11,0
08-06 13:39:15,1.500,2.500,94.504,0.250,0,5239196,273780,183196,2313904,11726.472,1620.065,4.000,39553.594,1.000,171.007,1531,1772,1.150,1.600,1.270,0,0,0,0,0,18,310,0,11,0
08-06 13:39:16,1.750,0.250,96.749,0,0,5239196,273780,183196,2313904,17024.863,1551.988,0,48.000,0,6.000,1134,1386,1.150,1.600,1.270,0,0,0,0,0,18,310,0,11,0
08-06 13:39:17,10.000,3.000,86.746,0,0,5262344,250628,183196,2313908,8590.645,1619.933,0,135.994,0,16.999,1551,1650,1.150,1.600,1.270,2,0,2.000,0,0,18,310,0,11,0
08-06 13:39:18,20.505,6.001,71.516,0.250,0,5310444,202524,183196,2313912,11120.461,1458.323,512.113,280.062,4.001,18.004,2478,1981,1.150,1.600,1.270,2,0,7.002,0,0,18,310,0,11,0
08-06 13:39:19,20.744,5.498,72.980,0,0,5338080,174888,183196,2313912,16723.352,1619.550,511.858,95.973,3.999,12.996,2278,1741,1.140,1.590,1.260,2,0,3.999,0,0,18,310,0,11,0
08-06 13:39:20,3.000,1.250,94.011,0,0,5332220,180736,183196,2313920,10477.173,864.097,0,1364.153,0,25.003,1533,1902,1.140,1.590,1.260,0,0,0,0,0,18,310,0,11,0
08-06 13:39:21,1.750,0.500,96.726,0.250,0,5312072,200880,183196,2313924,12398.933,1349.666,0,123.969,0,15.996,1228,1730,1.140,1.590,1.260,0,0,0,0,0,18,310,0,11,0
08-06 13:39:22,7.998,15.496,74.480,0.500,0,5315988,196768,183196,2314120,10925.047,1511.591,183.950,123.966,9.997,13.996,4222,3343,1.140,1.590,1.260,2,1,210.943,0,0,18,310,0,11,0
08-06 13:39:23,8.505,21.014,67.794,0.250,0,5311264,201464,183196,2314148,12036.755,1567.010,0,1540.993,0,236.152,5891,4570,1.140,1.590,1.260,1,0,300.193,0,0,18,310,0,11,0
08-06 13:39:24,7.968,19.421,69.467,0,0,5294216,218488,183196,2314172,9022.278,1613.433,0,0,0,0,5255,3912,1.050,1.570,1.260,1,0,283.845,0,0,18,310,0,11,0
08-06 13:39:25,8.510,20.525,68.833,0.250,0,5285912,226772,183196,2314188,8631.359,1513.817,0,1661.995,0,11.013,5438,3979,1.050,1.570,1.260,1,0,282.339,0,0,18,310,0,11,0
08-06 13:39:26,8.995,19.490,68.963,0,0,5272752,239912,183196,2314208,12178.477,1619.133,0,199.893,0,4.997,5450,3926,1.050,1.570,1.260,1,0,294.842,0,0,18,310,0,11,0
08-06 13:39:27,9.777,22.311,65.930,0,0,5275360,237272,183196,2314240,10637.028,1624.433,16.044,72.197,1.003,9.025,5512,4106,1.050,1.570,1.260,3,0,306.837,0,0,18,310,0,11,0
08-06 13:39:28,8.498,21.995,67.734,0.500,0,5279084,233524,183196,2314264,8543.016,1619.624,3.999,211.951,1.000,14.997,5592,4325,1.050,1.570,1.260,2,0,311.928,0,0,18,310,0,11,0
08-06 13:39:29,7.506,16.013,70.306,4.504,0.250,5278224,221340,183360,2327144,11809.375,1621.287,12786.150,128.102,121.096,16.013,4605,3482,1.040,1.560,1.260,1,1,205.163,0,0,18,310,0,11,0
08-06 13:39:30,16.001,2.500,72.504,7.250,0,5296708,159600,183372,2370388,11655.607,1620.084,43506.265,4652.242,345.018,101.005,2185,1867,1.040,1.560,1.260,1,0,0,0,0,18,310,0,11,0
08-06 13:39:31,15.498,4.249,78.740,1.000,0,5306876,149240,183512,2370540,12531.425,2295.711,291.963,107.986,8.999,5.999,2776,2478,1.040,1.560,1.260,0,0,28.996,0,0,18,311,0,11,0
08-06 13:39:32,12.995,2.249,81.467,0.500,0,5306820,148988,183512,2370848,318483.384,10801.604,0,875.644,0,78.968,3500,4258,1.040,1.560,1.260,0,0,0,0,0,18,311,0,11,0
08-06 13:39:33,2.750,1.500,93.766,0,0,5307020,147728,183512,2371908,1081205.950,34163.844,32.005,132.023,1.000,12.002,2947,2866,1.040,1.560,1.260,0,0,0,0,0,18,311,0,11,0
08-06 13:39:34,2.501,0.750,95.275,0,0,5307172,146748,183512,2372736,883410.504,21850.776,0,2088.552,0,5.001,1916,1788,0.960,1.530,1.250,0,0,1.000,0,0,18,311,0,11,0
08-06 13:39:35,2.000,1.500,94.506,0.500,0,5306568,146748,183512,2373340,654640.065,15480.947,0,1564.096,0,51.003,2060,2292,0.960,1.530,1.250,0,0,0,0,0,18,311,0,11,0
08-06 13:39:36,2.750,1.250,94.488,0,0,5305860,146748,183512,2374048,760174.185,15974.965,0,1515.807,0,20.997,1944,2151,0.960,1.530,1.250,0,0,0,0,0,18,311,0,11,0
08-06 13:39:37,2.500,1.500,94.767,0.250,0,5305820,146496,183512,2374340,287366.788,6762.242,0,540.099,0,29.005,1633,1991,0.960,1.530,1.250,0,1,0,0,0,18,311,0,11,0
08-06 13:39:38,2.250,0.750,95.492,0.250,0,5306316,145516,183512,2374824,507972.645,10085.179,0,1015.917,0,38.997,1699,1950,0.960,1.530,1.250,0,0,1.000,0,0,18,311,0,11,0
08-06 13:39:39,14.005,3.501,74.029,7.253,0,5329376,118756,183812,2378228,146161.832,3133.218,3541.377,276.107,121.047,6.002,2113,1751,0.960,1.520,1.250,1,0,12.005,0,0,18,310,0,12,0
08-06 13:39:40,11.746,11.996,68.974,5.748,0,5324700,124952,183876,2376788,9861.302,1619.393,1107.585,20448.333,50.981,379.858,4383,4951,0.960,1.520,1.250,0,1,46.982,0,0,18,310,0,12,0
08-06 13:39:41,7.998,14.747,69.984,4.499,0,5322560,121952,184196,2381520,9121.945,1607.638,0,11161.486,0,1241.720,6871,8715,0.960,1.520,1.250,0,1,92.979,0,0,18,310,0,12,0
08-06 13:39:42,16.988,10.992,67.451,2.248,0,5309552,140132,184412,2376188,12260.101,1510.903,15.988,6575.227,0.999,637.537,5092,5572,0.960,1.520,1.250,2,0,52.962,0,0,18,310,0,12,0
08-06 13:39:43,25.487,7.246,63.967,1.499,0,5311352,137520,184464,2376968,13122.311,1619.175,0,4469.721,0,421.785,3731,3476,0.960,1.520,1.250,1,0,14.992,0,0,18,310,0,12,0
08-06 13:39:44,25.535,7.510,65.590,0.501,0,5320104,128408,184488,2377304,12006.445,1622.222,0,704.966,0,46.063,3149,2431,0.970,1.510,1.250,1,0,24.033,0,0,18,310,0,12,0
08-06 13:39:45,33.954,10.486,53.428,0.749,0,5329324,129476,184512,2370076,12173.565,1456.034,0,954.711,0,57.922,4205,7941,0.970,1.510,1.250,3,0,56.923,0,0,18,310,0,12,0
08-06 13:39:46,28.567,9.021,60.892,0.501,0,5325340,133216,184528,2367288,13374.200,1623.788,0,866.020,0,51.119,3686,6491,0.970,1.510,1.250,1,0,19.044,0,0,18,310,0,12,0
08-06 13:39:47,27.718,5.993,64.426,0.250,0,5320396,136304,184696,2368940,11824.372,1618.135,0,1242.568,0,61.929,3478,3218,0.970,1.510,1.250,1,0,12.985,0,0,18,310,0,12,0
08-06 13:39:48,25.503,5.251,67.509,0.500,0,5325772,129000,184796,2370720,9995.345,1620.218,0,604.081,0,33.004,3229,3020,0.970,1.510,1.250,1,0,13.002,0,0,18,310,0,12,0
08-06 13:39:49,21.249,4.000,72.996,1.500,0,5325780,126312,184812,2372868,10361.495,1619.921,235.988,327.984,52.997,10.000,2074,1578,0.970,1.510,1.250,1,0,2.000,0,0,18,310,0,12,0
08-06 13:39:50,22.752,5.250,68.506,2.250,0,5326672,125272,184812,2373016,25009.229,1620.144,180.016,348.031,16.001,21.002,2813,2556,0.970,1.510,1.250,0,1,16.001,0,0,18,310,0,10,0
08-06 13:39:51,12.991,12.492,68.204,3.997,0,5362412,157208,184968,2306220,22874.446,1618.899,351.761,5796.059,25.982,128.912,3553,3446,0.970,1.510,1.250,2,0,25.982,0,0,18,310,0,10,0
08-06 13:39:52,19.008,7.253,71.532,1.501,0,5381020,137772,184976,2306288,12681.638,1620.720,68.030,164.073,5.002,15.007,2548,2037,0.970,1.510,1.250,1,0,18.008,0,0,18,310,0,10,0
08-06 13:39:53,17.246,9.498,71.484,0.250,0,5380816,133112,184980,2308860,11103.521,1619.638,167.963,2771.381,6.998,16.996,2761,1987,0.970,1.510,1.250,2,0,22.995,0,0,18,310,0,10,0
08-06 13:39:54,24.256,2.000,72.267,0.750,0,5380260,133548,185004,2308940,32554.625,1458.342,28.007,920.216,7.002,184.043,2142,1320,0.970,1.500,1.240,1,0,4.001,0,0,18,310,0,10,0
08-06 13:39:55,11.743,5.497,80.950,0.250,0,5314528,262740,185008,2245580,15926.111,1618.995,19.988,55.965,1.999,4.997,2242,1852,0.970,1.500,1.240,1,0,20.987,0,0,18,310,0,5,0
08-06 13:39:56,1.251,2.501,95.048,0.250,0,5298488,278780,185008,2245580,14789.506,1620.823,0,172.087,0,7.004,1159,1399,0.970,1.500,1.240,0,0,3.002,0,0,18,310,0,5,0
08-06 13:39:57,1.751,1.250,95.530,0,0,5295104,282160,185008,2245584,18898.876,1620.504,0,68.021,0,9.003,1236,1451,0.970,1.500,1.240,2,0,0,0,0,18,310,0,5,0
08-06 13:39:58,1.249,0.750,96.440,0.250,0,5290500,286764,185008,2245584,12675.161,1618.999,0,195.879,0,13.991,1192,1644,0.970,1.500,1.240,0,0,0.999,0,0,18,310,0,5,0
08-06 13:39:59,1.250,0.750,97.779,0.250,0,5285188,292076,185008,2245584,13200.911,1458.432,0,28.008,0,4.001,918,1238,0.890,1.470,1.240,0,0,0,0,0,18,310,0,3,0
08-06 13:40:00,1.250,0.250,96.765,0,0,5279612,297652,185008,2245584,21528.290,1748.267,0,0,0,0,1236,1474,0.890,1.470,1.240,0,0,0,0,0,18,310,0,3,0
08-06 13:40:01,1.999,0.750,97.207,0,0,5276620,300644,185008,2245584,9860.588,1457.348,0,79.964,0,6.997,983,1331,0.890,1.470,1.240,0,0,0,0,0,18,310,0,3,0
08-06 13:40:02,1.251,0.500,97.041,0,0,5266556,310708,185008,2245584,12251.239,1620.693,0,56.024,0,7.003,1036,1310,0.890,1.470,1.240,0,0,0,0,0,18,310,0,3,0
08-06 13:40:03,1.749,1.249,96.204,0,0,5264260,313000,185008,2245588,16443.216,1619.234,0,35.983,0,2.999,1307,1644,0.890,1.470,1.240,0,0,0,0,0,18,310,0,2,0
08-06 13:40:04,1.501,0.500,96.538,0,0,5262444,314780,185008,2245624,10117.009,1620.642,0,0,0,0,955,1257,0.820,1.450,1.230,1,0,0,0,0,18,310,0,2,0
08-06 13:40:05,1.248,0.998,97.602,0,0,5260692,316532,185008,2245624,13481.494,1541.655,0,746.864,0,158.759,1010,1286,0.820,1.450,1.230,0,0,0,0,0,18,310,0,2,0
08-06 13:40:06,1.252,1.001,96.137,0.250,0,5259424,317844,185008,2245624,13390.047,1622.308,0,2523.590,0,242.345,1316,1693,0.820,1.450,1.230,0,0,0,0,0,18,310,0,2,0
08-06 13:40:07,2.000,1.250,95.770,0.250,0,5258068,319188,185008,2245636,8768.802,1662.342,0,220.045,0,29.006,1346,1806,0.820,1.450,1.230,0,0,0,0,0,18,310,0,2,0
08-06 13:40:08,1.500,0.500,96.777,0.250,0,5256888,320364,185008,2245640,12177.383,1620.450,0,296.082,0,19.005,1164,1590,0.820,1.450,1.230,0,0,1.000,0,0,18,310,0,2,0
08-06 13:40:09,1.000,0.750,96.965,0,0,5256352,320900,185008,2245640,17010.831,1619.413,0,99.964,0,8.997,1099,1456,0.760,1.420,1.220,0,0,0,0,0,18,310,0,2,0
08-06 13:40:10,1.000,0.750,96.963,0.250,0,5256352,320900,185008,2245640,13350.907,1619.382,0,151.942,0,6.997,1019,1354,0.760,1.420,1.220,0,0,0,0,0,18,310,0,2,0
08-06 13:40:11,2.249,0.999,95.201,0,0,5256352,320900,185008,2245640,8340.728,1457.254,0,379.805,0,34.982,1317,1851,0.760,1.420,1.220,0,0,0.999,0,0,18,310,0,2,0
08-06 13:40:12,1.502,0.250,97.112,0.250,0,5256352,320900,185008,2245640,8382.652,1621.868,0,88.101,0,12.014,1066,1517,0.760,1.420,1.220,0,0,0,0,0,18,310,0,2,0
08-06 13:40:13,1.499,0.999,96.943,0,0,5256348,320900,185008,2245644,12475.643,1619.045,0,247.854,0,14.991,1072,1475,0.760,1.420,1.220,0,0,0,0,0,18,310,0,2,0
08-06 13:40:14,1.251,0.500,96.316,0,0,5256344,320900,185008,2245648,9893.735,1621.103,0,128.087,0,18.012,1165,1683,0.700,1.400,1.220,0,0,0,0,0,18,310,0,2,0
08-06 13:40:15,1.500,1.000,96.999,0.250,0,5256012,321232,185008,2245648,12110.830,1619.977,0,607.991,0,134.998,1109,1458,0.700,1.400,1.220,1,0,0,0,0,18,310,0,2,0
08-06 13:40:16,1.000,0.500,96.509,0.250,0,5256012,321232,185008,2245648,18546.823,1714.168,0,2080.204,0,30.003,1129,1443,0.700,1.400,1.220,0,0,0,0,0,18,310,0,2,0
08-06 13:40:17,9.487,2.746,86.882,0.250,0,5276308,300868,185008,2245716,11712.136,1617.809,0,139.811,0,18.974,1623,1669,0.700,1.400,1.220,1,0,1.997,0,0,18,310,0,2,0
08-06 13:40:18,21.021,6.757,72.071,0.250,0.250,5296864,280304,185008,2245724,12888.648,1621.591,512.503,204.200,4.004,14.014,2695,2288,0.700,1.400,1.220,1,0,7.007,0,0,18,310,0,2,0
08-06 13:40:19,20.559,5.516,72.709,0,0,5354000,223164,185008,2245728,9769.120,1462.209,513.478,60.173,4.012,7.020,2280,1649,0.800,1.410,1.220,0,0,4.012,0,0,18,310,0,2,0
08-06 13:40:20,3.988,1.246,93.225,0,0,5314616,262544,185008,2245732,7752.102,807.614,0,3.988,0,0.997,1319,1513,0.800,1.410,1.220,0,0,0,0,0,18,310,0,2,0
08-06 13:40:21,1.500,1.750,95.260,0.250,0,5307240,269896,185028,2245736,11956.205,972.098,0,62682.318,0,119.012,1392,1772,0.800,1.410,1.220,0,0,0,0,0,18,310,0,2,0
08-06 13:40:22,1.750,1.000,96.485,0.250,0,5300392,276744,185028,2245736,11532.204,1619.748,0,107.983,0,14.998,1215,1674,0.800,1.410,1.220,0,0,0,0,0,18,310,0,2,0
08-06 13:40:23,1.750,0.750,97.005,0,0,5291464,285672,185028,2245736,14120.681,1620.078,0,20.001,0,3.000,1079,1483,0.800,1.410,1.220,0,0,0,0,0,18,310,0,2,0
08-06 13:40:24,1.250,0,97.010,0,0,5286588,290548,185028,2245736,11195.178,1458.153,0,52.005,0,6.001,964,1323,0.740,1.390,1.210,0,0,0,0,0,18,310,0,2,0
08-06 13:40:25,9.493,3.497,85.686,0,0,5290396,286740,185028,2245736,13962.517,1618.785,0,1235.073,0,196.852,1623,1603,0.740,1.390,1.210,1,0,4.996,0,0,18,310,0,2,0
08-06 13:40:26,8.756,3.002,75.054,12.009,0,5299096,275652,185420,2247720,12951.293,3578.568,2357.692,200.144,503.361,6.004,2017,2340,0.740,1.390,1.210,0,0,0,0,0,18,311,0,2,0
08-06 13:40:27,18.763,4.503,72.802,1.751,0,5304572,269868,185424,2248024,16216.505,8685.162,164.116,1024.727,13.009,33.023,3331,3436,0.740,1.390,1.210,2,0,9.006,0,0,18,310,0,4,0
08-06 13:40:28,14.493,4.248,80.710,0,0,5297216,276900,185424,2248348,17750.095,11255.353,15.992,27.986,0.999,2.998,2380,2347,0.740,1.390,1.210,1,0,0.999,0,0,18,311,0,5,0
08-06 13:40:29,18.997,3.999,74.987,0.250,0,5304056,269984,185424,2248424,14753.490,4377.255,63.989,271.954,3.999,27.995,2431,2268,0.760,1.380,1.210,0,0,4.999,0,0,18,311,0,6,0
08-06 13:40:30,16.753,3.751,78.266,0,0,5281928,292100,185424,2248436,22769.533,10106.012,0,212.042,0,20.004,2905,2891,0.760,1.380,1.210,1,0,5.001,0,0,18,310,0,7,0
08-06 13:40:31,14.001,2.750,81.756,0.250,0,5277660,296220,185424,2248584,22676.761,10473.813,0,168.013,0,23.002,2503,2482,0.760,1.380,1.210,2,0,5.000,0,0,18,310,0,8,0
08-06 13:40:32,17.252,3.750,78.010,0.250,0,5293532,280344,185424,2248588,19403.432,9579.201,0,88.011,0,8.001,2243,1859,0.760,1.380,1.210,1,0,0,0,0,18,311,0,8,0
08-06 13:40:33,18.990,3.748,75.960,0,0,5301808,271928,185424,2248728,18992.047,4036.885,0,99.948,0,11.994,2708,2546,0.760,1.380,1.210,1,0,4.997,0,0,18,310,0,9,0
08-06 13:40:34,21.515,4.253,72.799,0,0,5279736,293980,185424,2248748,24431.500,12134.195,0,108.073,0,12.008,3173,2767,0.780,1.370,1.210,3,0,19.013,0,0,18,306,0,12,0
08-06 13:40:35,60.528,10.213,28.645,0.249,0,4962800,611044,185424,2248748,24747.292,1614.084,7.971,71.737,1.993,5.978,3994,1971,0.780,1.370,1.210,4,0,5.978,0,0,18,286,0,15,0
08-06 13:40:36,86.974,12.569,0.251,0,0,5109408,464428,185424,2248764,17009.776,1628.884,0,3454.844,0,454.479,5640,2838,0.780,1.370,1.210,4,0,0,0,0,18,286,0,15,0
08-06 13:40:37,86.156,12.237,1.249,0.499,0,5066324,505772,185440,2250588,12433.500,1618.243,443.518,1778.069,12.986,146.841,7551,8262,0.780,1.370,1.210,4,0,5.993,0,0,18,275,0,17,0
08-06 13:40:38,80.450,10.244,7.246,0.500,0,5113044,458568,185440,2251136,10182.682,1618.996,0,2286.581,0,141.912,6814,6813,0.780,1.370,1.210,2,0,9.994,0,0,18,271,0,21,0
08-06 13:40:39,44.839,6.726,47.579,0.996,0,5251340,319084,185456,2252304,12426.358,1614.201,729.380,282.983,47.828,18.932,3532,2365,0.870,1.380,1.220,3,0,1.993,0,0,18,271,0,24,0
08-06 13:40:40,40.666,7.485,50.396,0,0,5307712,261180,185456,2253836,59877.055,18360.993,0,411.149,0,44.907,7935,12300,0.870,1.380,1.220,2,0,0.998,0,0,18,284,0,27,0
08-06 13:40:41,13.066,3.267,81.161,0.251,0,5318072,250712,185456,2253944,29354.675,5888.826,0,1728.756,0,46.234,3627,5031,0.870,1.380,1.220,0,0,2.010,0,0,18,289,0,27,0
08-06 13:40:42,2.500,0.750,95.766,0,0,5319052,249732,185456,2253944,12281.022,1620.267,0,232.038,0,4.001,1271,1721,0.870,1.380,1.220,0,0,1.000,0,0,18,289,0,27,0
08-06 13:40:43,0.998,0.748,96.793,0.499,0,5311936,256844,185456,2253948,8960.859,1454.892,0,606.704,0,36.921,1053,1543,0.870,1.380,1.220,0,0,0,0,0,18,289,0,27,0
08-06 13:40:44,2.252,0.751,95.855,0,0,5312408,256368,185456,2253952,11814.928,1621.775,0,168.184,0,20.022,1316,1771,0.800,1.360,1.210,0,0,1.001,0,0,18,289,0,27,0
08-06 13:40:45,3.754,1.501,93.341,0,0,5315848,252900,185456,2253980,12325.066,1621.588,0,436.427,0,3.003,1568,1943,0.800,1.360,1.210,0,0,3.003,0,0,18,289,0,27,0
08-06 13:40:46,15.475,5.241,77.622,0.499,0,5339772,228960,185456,2253996,10288.062,1617.337,0,175.711,0,17.970,3000,9536,0.800,1.360,1.210,1,0,37.938,0,0,18,289,0,28,0
08-06 13:40:47,1.753,1.002,96.150,0,0,5323864,244864,185456,2254000,12462.505,1622.539,0,108.169,0,17.027,1287,1774,0.800,1.360,1.210,1,0,0,0,0,18,289,0,28,0
08-06 13:40:48,1.500,0.500,96.269,0,0,5315860,252864,185456,2254004,10656.048,1620.311,0,28.005,0,3.001,1173,1709,0.800,1.360,1.210,0,0,1.000,0,0,18,289,0,27,0
08-06 13:40:49,1.500,0.500,97.482,0,0,5315860,252864,185456,2254004,11885.862,1619.709,0,31.994,0,3.999,1011,1356,0.740,1.340,1.200,0,0,0,0,0,18,289,0,27,0
08-06 13:40:50,1.500,1.000,96.258,0.250,0,5315828,252864,185456,2254036,10038.874,1458.127,32.003,616.054,2.000,47.004,1243,1906,0.740,1.340,1.200,0,0,0,0,0,18,289,0,27,0
08-06 13:40:51,3.250,1.250,93.754,0.750,0,5314524,254036,185456,2254168,10171.421,1620.067,0,8840.366,0,1144.047,2158,2584,0.740,1.340,1.200,0,0,0,0,0,18,289,0,27,0
08-06 13:40:52,1.250,0.750,96.990,0,0,5314520,254036,185456,2254172,12511.646,1619.825,0,171.981,0,18.998,1134,1639,0.740,1.340,1.200,1,0,0,0,0,18,289,0,27,0
08-06 13:40:53,1.249,0.500,96.450,0.250,0,5314520,254036,185456,2254172,10172.675,1619.153,0,107.944,0,7.996,1152,1565,0.740,1.340,1.200,0,0,0,0,0,18,289,0,27,0
08-06 13:40:54,1.000,0.500,97.541,0,0,5314520,254036,185456,2254172,9133.871,1458.618,0,284.120,0,16.007,1004,1372,0.680,1.310,1.190,0,0,0,0,0,18,289,0,27,0
08-06 13:40:55,2.000,0.500,96.745,0.250,0,5314520,254036,185456,2254172,11911.406,1751.913,0,31.998,0,4.000,1084,1420,0.680,1.310,1.190,0,0,2.000,0,0,18,289,0,27,0
08-06 13:40:56,2.247,2.496,94.104,0,0,5315772,252780,185456,2254176,18169.806,1749.286,0,1305.974,0,81.873,1438,1520,0.680,1.310,1.190,0,0,5.991,0,0,18,289,0,27,0
08-06 13:40:57,1.753,0.751,96.680,0.250,0,5315772,252780,185456,2254176,12520.335,1623.025,0,164.306,0,19.035,1196,1652,0.680,1.310,1.190,0,0,0,0,0,18,289,0,27,0
08-06 13:40:58,1.250,0.750,96.468,0,0,5315772,252780,185456,2254176,11884.012,1619.457,0,171.942,0,10.996,1190,1580,0.680,1.310,1.190,0,0,1.000,0,0,18,289,0,27,0
08-06 13:40:59,1.250,0.750,97.256,0,0,5315772,252780,185456,2254176,8332.530,1620.103,0,32.002,0,4.000,1001,1344,0.630,1.290,1.190,0,0,0,0,0,18,289,0,27,0
08-06 13:41:00,1.500,0.500,97.259,0,0,5315768,252780,185456,2254180,12847.146,1620.145,0,0,0,0,1056,1347,0.630,1.290,1.190,0,0,0,0,0,18,289,0,27,0
08-06 13:41:01,2.250,0.500,95.271,0.250,0,5315756,252780,185456,2254192,10316.229,1662.359,0,528.114,0,50.011,1553,2310,0.630,1.290,1.190,0,0,0,0,0,18,289,0,27,0
08-06 13:41:02,1.000,0.500,97.238,0,0,5315756,252780,185456,2254192,11558.630,1457.827,0,55.993,0,7.999,1018,1346,0.630,1.290,1.190,0,0,0,0,0,18,289,0,27,0
08-06 13:41:03,1.250,1.000,96.512,0.250,0,5315748,252780,185456,2254200,12449.561,1620.203,0,32.004,0,4.001,1042,1367,0.630,1.290,1.190,0,0,0,0,0,18,289,0,27,0
08-06 13:41:04,1.749,1.499,96.189,0,0,5315704,252780,185456,2254244,11966.439,1618.977,0,0,0,0,1084,1335,0.660,1.290,1.190,0,0,0,0,0,18,289,0,27,0
08-06 13:41:05,1.000,0.500,97.526,0,0,5315704,252780,185456,2254244,9760.556,1620.424,0,0,0,0,947,1259,0.660,1.290,1.190,0,0,0,0,0,18,289,0,27,0
08-06 13:41:06,1.500,0.750,96.490,0,0,5315704,252780,185456,2254244,9306.055,1661.831,0,279.972,0,25.997,1206,1721,0.660,1.290,1.190,0,0,0,0,0,18,289,0,27,0
08-06 13:41:07,2.497,0.999,94.640,0.250,0,5315700,252780,185456,2254248,8053.616,1618.115,0,543.367,0,87.898,1410,1872,0.660,1.290,1.190,0,0,0,0,0,18,289,0,27,0
08-06 13:41:08,15.774,12.269,67.602,3.255,0,5308140,259884,185468,2254644,12676.180,1698.570,380.576,188.285,30.045,13.020,3779,3252,0.660,1.290,1.190,4,0,73.111,0,0,18,285,0,29,0
08-06 13:41:09,39.490,4.999,54.736,0,0,5004652,563516,185468,2254624,11282.064,1971.487,0,55.985,0,2.999,2930,1716,0.680,1.280,1.180,2,0,8.998,0,0,18,285,0,29,0
08-06 13:41:10,22.746,3.749,72.238,0.500,0,5065804,502292,185468,2254696,12630.874,2071.651,71.988,367.938,4.999,19.997,2328,1880,0.680,1.280,1.180,3,0,0,0,0,18,285,0,29,0
08-06 13:41:11,23.100,4.771,69.300,1.758,0,5112828,454280,185468,2255684,10382.931,1940.397,156.678,518.243,19.083,44.191,3731,6338,0.680,1.280,1.180,1,0,6.026,0,0,18,285,0,29,0
08-06 13:41:12,22.458,3.993,71.866,0,0,5184048,382880,185472,2255896,12543.562,1616.979,175.672,475.112,12.976,4.991,2468,1908,0.680,1.280,1.180,2,0,12.976,0,0,18,289,0,31,0
08-06 13:41:13,22.715,4.743,72.388,0,0,5227056,339868,185472,2255900,7693.129,1617.504,0,11.982,0,2.995,2260,1683,0.680,1.280,1.180,1,0,3.994,0,0,18,289,0,31,0
08-06 13:41:14,19.735,1.499,77.693,0,0,5247028,319708,185472,2256088,10021.625,1596.825,0,3.997,0,0.999,1833,1472,0.710,1.280,1.180,0,0,0.999,0,0,18,289,0,31,0
08-06 13:41:15,1.250,0.750,97.240,0,0,5247028,319708,185472,2256088,8978.079,1619.834,0,23.998,0,1.000,996,1333,0.710,1.280,1.180,0,0,0,0,0,18,289,0,31,0
08-06 13:41:16,1.000,0.500,97.025,0.250,0,5243220,323516,185472,2256088,19146.913,1714.440,0,92.024,0,6.002,1173,1392,0.710,1.280,1.180,0,0,0,0,0,18,289,0,31,0
08-06 13:41:17,1.992,1.494,95.344,0,0,5207544,359192,185472,2256088,10363.894,1613.135,0,4958.896,0,620.360,1794,1627,0.710,1.280,1.180,0,0,0,0,0,18,289,0,31,0
08-06 13:41:18,1.250,0.250,96.520,0.250,0,5207540,359192,185472,2256092,12188.526,1710.354,0,220.046,0,14.003,1260,1672,0.710,1.280,1.180,0,0,1.000,0,0,18,289,0,31,0
08-06 13:41:19,1.757,1.255,97.135,0,0,5207540,359192,185472,2256092,22527.239,1626.443,0,92.366,0,13.052,1051,1430,0.650,1.260,1.180,1,0,0,0,0,18,289,0,31,0
08-06 13:41:20,1.000,0.750,96.750,0,0,5207540,359192,185472,2256092,11752.002,1620.000,0,200.000,0,15.000,1123,1544,0.650,1.260,1.180,0,0,0,0,0,18,289,0,31,0
08-06 13:41:21,2.499,1.000,94.729,0.750,0,5207536,359192,185472,2256096,11960.366,1619.643,0,351.923,0,47.989,1781,2604,0.650,1.260,1.180,0,0,0,0,0,18,289,0,31,0
08-06 13:41:22,1.750,0.500,96.759,0,0,5207536,359192,185472,2256096,9078.799,1620.143,0,172.015,0,20.002,1203,1682,0.650,1.260,1.180,0,0,0,0,0,18,289,0,31,0
08-06 13:41:23,1.000,0.750,97.259,0,0,5207532,359192,185472,2256100,11198.036,1500.139,0,0,0,0,1087,1418,0.650,1.260,1.180,0,0,0,0,0,18,289,0,31,0
08-06 13:41:24,1.250,0.500,97.524,0,0,5207532,359192,185472,2256100,12925.136,1760.427,0,320.078,0,18.004,1020,1350,0.600,1.230,1.170,0,0,0,0,0,18,289,0,31,0
08-06 13:41:25,1.000,1.000,97.262,0.250,0,5207532,359192,185472,2256100,8022.980,1620.198,0,32.004,0,4.000,948,1326,0.600,1.230,1.170,0,0,0,0,0,18,289,0,31,0
08-06 13:41:26,1.500,0.250,96.993,0,0,5207532,359192,185472,2256100,13009.074,1751.875,0,4.000,0,1.000,1031,1337,0.600,1.230,1.170,0,0,0,0,0,18,289,0,31,0
08-06 13:41:27,1.750,0.750,96.980,0,0,5207532,359192,185472,2256100,11657.625,1751.643,0,75.985,0,9.998,1124,1513,0.600,1.230,1.170,0,0,0,0,0,18,289,0,31,0
08-06 13:41:28,1.247,0.748,94.758,0.748,0,5207520,359192,185472,2256112,12940.009,1705.651,0,2840.757,0,220.438,1442,2010,0.600,1.230,1.170,0,0,0.997,0,0,18,289,0,31,0
08-06 13:41:29,1.503,0.752,97.466,0,0,5207516,359192,185472,2256116,9513.086,1623.599,0,120.267,0,16.036,976,1312,0.550,1.210,1.160,0,0,0,0,0,18,289,0,27,0
08-06 13:41:30,1.000,0.500,97.502,0,0,5207516,359192,185472,2256116,8436.205,1620.039,0,0,0,0,945,1278,0.550,1.210,1.160,0,0,0,0,0,18,289,0,27,0
08-06 13:41:31,2.499,1.249,94.944,0.250,0,5207512,359192,185472,2256120,11866.014,1457.142,0,471.722,0,50.970,1587,2244,0.550,1.210,1.160,0,0,0,0,0,18,289,0,27,0
08-06 13:41:32,1.251,0.250,97.056,0.250,0,5207512,359192,185472,2256120,15069.618,1620.927,0,68.039,0,8.005,1085,1395,0.550,1.210,1.160,0,0,0,0,0,18,289,0,27,0
08-06 13:41:33,1.000,0.750,97.034,0.250,0,5207508,359192,185472,2256124,12703.464,1620.569,0,32.011,0,4.001,1056,1398,0.550,1.210,1.160,0,0,0,0,0,18,289,0,24,0
08-06 13:41:34,1.248,0.749,97.365,0,0,5207508,359192,185472,2256124,10014.073,1617.750,0,0,0,0,911,1284,0.510,1.190,1.160,1,0,0,0,0,18,289,0,24,0
08-06 13:41:35,1.501,1.001,96.344,0,0,5207508,359192,185472,2256124,12342.984,1621.574,0,272.264,0,23.022,1291,1789,0.510,1.190,1.160,0,0,0,0,0,18,289,0,24,0
08-06 13:41:36,1.751,0.500,96.536,0.250,0,5207508,359192,185472,2256124,15722.782,1620.596,0,92.034,0,12.004,1185,1575,0.510,1.190,1.160,0,0,0,0,0,18,289,0,24,0
08-06 13:41:37,2.000,1.000,95.274,0,0,5207500,359192,185472,2256132,8932.217,1620.402,0,192.048,0,25.006,1379,1940,0.510,1.190,1.160,0,0,0,0,0,18,289,0,18,0
08-06 13:41:38,1.748,0.999,95.876,0.250,0,5207716,358968,185472,2256140,8261.350,1617.914,0,1278.352,0,235.696,1466,2032,0.510,1.190,1.160,0,0,0.999,0,0,18,289,0,18,0
08-06 13:41:39,4.000,8.750,85.251,0.250,0,5215348,351324,185472,2256152,22143.250,1548.017,4.000,0,1.000,0,3007,2453,0.470,1.170,1.150,2,0,122.001,0,0,18,289,0,18,0
08-06 13:41:40,12.263,15.767,70.076,0,0,5232376,334288,185472,2256160,11524.555,1621.767,0,384.419,0,26.028,4474,3367,0.470,1.170,1.150,2,0,189.206,0,0,18,289,0,18,0
08-06 13:41:41,24.065,3.510,71.444,0.501,0,5283784,282880,185472,2256160,92328.599,1798.883,0,409.110,0,46.125,2664,2476,0.470,1.170,1.150,1,0,0,0,0,18,289,0,5,0
08-06 13:41:42,18.704,2.244,77.309,0,0,5300900,265756,185472,2256168,27577.757,8295.472,0,0,0,0,2535,2153,0.470,1.170,1.150,1,0,0,0,0,18,291,0,6,0
08-06 13:41:43,22.004,4.001,71.013,0.750,0,5302380,263992,185472,2256452,16507.967,4951.890,112.020,784.141,6.001,86.015,4383,5243,0.470,1.170,1.150,0,0,1.000,0,0,18,290,0,7,0
08-06 13:41:44,34.862,8.466,54.783,0.498,0,5289452,276848,185476,2256520,12068.116,2812.839,19.921,637.471,1.992,71.715,4913,5393,0.590,1.190,1.160,4,0,26.893,0,0,18,289,0,8,0
08-06 13:41:45,47.552,8.051,43.275,0.755,0.252,5411848,154292,185476,2256680,18755.061,3588.782,140.894,84.537,6.038,9.057,3797,2676,0.590,1.190,1.160,2,0,7.045,0,0,18,292,0,8,0
08-06 13:41:46,50.629,10.475,37.411,0.249,0,5395624,201736,185252,2226480,41036.233,28368.413,127.696,179.572,7.981,10.974,5530,17647,0.590,1.190,1.160,4,0,37.910,0,0,18,294,0,17,0
08-06 13:41:47,11.491,3.997,82.932,0,0,5342560,254772,185252,2226508,20087.548,10488.410,15.987,187.846,0.999,18.984,2331,2297,0.590,1.190,1.160,0,0,21.982,0,0,18,289,0,21,0
08-06 13:41:48,1.501,1.251,97.070,0.250,0,5337876,259452,185252,2226512,19981.438,1707.234,0,68.049,0,10.007,1357,1792,0.590,1.190,1.160,0,0,1.001,0,0,18,289,0,21,0
08-06 13:41:49,1.500,0.750,96.500,0,0,5334004,263324,185252,2226512,12163.956,1619.994,0,2155.992,0,369.999,1199,1458,0.540,1.170,1.150,0,0,0,0,0,18,289,0,20,0
08-06 13:41:50,1.749,0.750,94.971,1.000,0,5330404,266908,185252,2226528,12136.341,1619.512,0,2751.170,0,168.949,1536,2330,0.540,1.170,1.150,0,0,0,0,0,18,289,0,20,0
08-06 13:41:51,2.751,1.500,94.519,0.250,0,5327012,270300,185252,2226528,20961.219,1620.326,0,316.064,0,44.009,1835,2452,0.540,1.170,1.150,0,0,0,0,0,18,289,0,20,0
08-06 13:41:52,1.500,0.500,96.493,0.250,0,5324268,273044,185252,2226528,11042.195,1619.882,0,155.989,0,16.999,1175,1596,0.540,1.170,1.150,0,0,0,0,0,18,289,0,20,0
08-06 13:41:53,1.000,0.750,97.016,0,0,5321740,275444,185252,2226656,9037.468,1544.251,0,56.009,0,6.001,1089,1535,0.540,1.170,1.150,0,0,0,0,0,18,289,0,20,0
08-06 13:41:54,1.000,1.000,96.243,0.250,0,5319876,277304,185252,2226660,13168.085,1619.887,0,643.955,0,45.997,1266,1840,0.500,1.150,1.140,0,0,1.000,0,0,18,289,0,20,0
08-06 13:41:55,1.500,0.250,97.509,0,0,5318040,279140,185252,2226660,14107.335,1620.153,0,32.003,0,4.000,1043,1343,0.500,1.150,1.140,0,0,0,0,0,18,289,0,20,0
08-06 13:41:56,2.749,2.250,94.231,0,0,5317180,279992,185252,2226668,13163.338,1589.679,0,115.977,0,10.998,1357,1523,0.500,1.150,1.140,0,0,5.999,0,0,18,289,0,20,0
08-06 13:41:57,3.250,3.250,92.003,0.250,0,5326160,271012,185252,2226668,21796.772,1752.062,0,124.004,0,15.001,1943,1890,0.500,1.150,1.140,1,0,31.001,0,0,18,289,0,20,0
08-06 13:41:58,1.250,1.000,96.986,0,0.250,5317232,279940,185252,2226668,12308.193,1619.762,0,195.971,0,13.998,1197,1635,0.500,1.150,1.140,1,0,1.000,0,0,18,289,0,20,0
08-06 13:41:59,1.000,0.500,97.017,0,0,5316608,280564,185252,2226668,13101.358,1620.292,0,36.006,0,5.001,1011,1313,0.460,1.130,1.140,0,0,0,0,0,18,289,0,20,0
08-06 13:42:00,1.500,0.500,96.491,0.750,0,5316336,280836,185252,2226668,10408.020,1619.847,0,243.977,0,22.998,1256,1752,0.460,1.130,1.140,0,0,0,0,0,18,289,0,20,0
08-06 13:42:01,2.250,1.000,95.006,0.250,0,5316360,280804,185252,2226676,8958.609,1620.110,0,244.017,0,36.002,1583,2238,0.460,1.130,1.140,1,0,0,0,0,18,289,0,20,0
08-06 13:42:02,1.250,1.000,96.994,0,0,5316360,280804,185252,2226676,11288.288,1619.898,0,51.997,0,7.000,1078,1400,0.460,1.130,1.140,0,0,0,0,0,18,289,0,20,0
08-06 13:42:03,2.000,0.250,96.259,0,0,5316280,280804,185252,2226756,12994.186,1620.148,80.007,268.024,5.000,20.002,1190,1639,0.460,1.130,1.140,0,0,0,0,0,18,289,0,20,0
08-06 13:42:04,1.500,1.500,95.987,0.250,0,5316236,280804,185252,2226800,24122.696,1457.800,0,1291.823,0,224.969,1423,1929,0.420,1.110,1.130,0,0,0,0,0,18,289,0,20,0
08-06 13:42:05,1.250,0,97.012,0,0,5316488,280552,185252,2226800,13619.705,1620.203,0,0,0,0,1055,1329,0.420,1.110,1.130,0,0,0,0,0,18,289,0,20,0
08-06 13:42:06,2.000,1.000,94.773,1.250,0,5316488,280552,185252,2226800,11976.857,1662.397,0,2892.690,0,137.033,1595,2347,0.420,1.110,1.130,0,0,0,0,0,18,289,0,20,0
08-06 13:42:07,2.500,0.750,95.232,0.250,0,5316484,280552,185252,2226804,10644.009,1619.697,0,271.949,0,31.994,1384,1900,0.420,1.110,1.130,0,0,0,0,0,18,289,0,20,0
08-06 13:42:08,1.749,0.999,96.419,0,0,5316232,280804,185252,2226804,7974.267,1336.871,0,31.973,0,3.997,1255,1725,0.420,1.110,1.130,0,0,0.999,0,0,18,289,0,20,0
08-06 13:42:09,1.751,0.751,97.080,0,0,5316228,280804,185252,2226808,7211.928,810.666,0,352.290,0,66.054,1175,1564,0.390,1.090,1.120,0,0,0,0,0,18,289,0,20,0
08-06 13:42:10,2.251,0.500,95.526,0,0,5316228,280804,185252,2226808,13743.684,1620.434,0,456.122,0,31.008,1372,1801,0.390,1.090,1.120,0,0,0,0,0,18,289,0,18,0
08-06 13:42:11,2.999,1.000,94.477,0.250,0,5316224,280804,185252,2226812,12812.850,1619.602,0,319.921,0,40.990,1689,2336,0.390,1.090,1.120,0,0,1.000,0,0,18,289,0,18,0
08-06 13:42:12,1.000,0.500,96.993,0,0,5316444,280580,185252,2226816,11661.126,1751.869,0,0,0,0,1092,1398,0.390,1.090,1.120,0,0,2.000,0,0,18,289,0,18,0
08-06 13:42:13,1.250,0.750,97.504,0.250,0,5316444,280580,185252,2226816,10705.438,1752.072,0,440.018,0,17.001,999,1378,0.390,1.090,1.120,0,0,0,0,0,18,289,0,18,0
08-06 13:42:14,1.250,0.250,97.001,0,0,5316444,280580,185252,2226816,11348.069,1620.010,0,76.000,0,6.000,1059,1349,0.360,1.070,1.120,0,0,0,0,0,18,289,0,16,0
08-06 13:42:15,1.000,1.000,97.259,0,0,5316444,280580,185252,2226816,10707.000,1458.136,0,704.066,0,153.014,1103,1323,0.360,1.070,1.120,0,0,0,0,0,18,289,0,16,0
08-06 13:42:16,1.500,0.250,96.968,0,0,5316444,280580,185252,2226816,14413.234,1713.433,0,71.976,0,5.998,1027,1302,0.360,1.070,1.120,0,0,0,0,0,18,289,0,16,0
08-06 13:42:17,2.998,2.499,94.201,0.250,0,5317696,279320,185252,2226824,9035.335,1661.142,0,107.944,0,14.992,1602,1727,0.360,1.070,1.120,1,0,17.991,0,0,18,289,0,16,0
08-06 13:42:18,1.251,0.750,96.552,0.250,0,5317696,279320,185252,2226824,12186.545,1760.946,0,224.120,0,16.009,1272,1712,0.360,1.070,1.120,0,0,1.001,0,0,18,289,0,16,0
08-06 13:42:19,1.250,0.500,97.017,0,0,5317696,279320,185252,2226824,11906.053,1620.279,0,64.011,0,8.001,1083,1365,0.330,1.050,1.110,0,0,0,0,0,18,289,0,16,0
08-06 13:42:20,1.500,0.500,96.262,0.250,0,5317688,279320,185252,2226832,12630.553,1620.199,0,332.041,0,31.004,1335,1859,0.330,1.050,1.110,0,0,0,0,0,18,289,0,16,0
08-06 13:42:21,2.500,1.000,94.243,0.250,0,5317680,279320,185256,2226836,10513.181,1619.874,0,339.974,0,44.996,1752,2576,0.330,1.050,1.110,2,0,0,0,0,18,289,0,16,0
08-06 13:42:22,1.500,0.500,96.492,0.500,0,5317672,279320,185256,2226844,12490.905,1635.857,0,171.985,0,19.998,1307,1765,0.330,1.050,1.110,0,0,0,0,0,18,289,0,16,0
08-06 13:42:23,1.000,0.750,96.999,0,0,5317672,279320,185256,2226844,10197.858,1511.979,0,103.999,0,7.000,1085,1454,0.330,1.050,1.110,0,0,0,0,0,18,289,0,16,0
08-06 13:42:24,1.250,0.500,97.000,0,0,5317672,279320,185256,2226844,9479.020,1620.003,0,320.001,0,18.000,1043,1352,0.380,1.050,1.110,0,0,0,0,0,18,289,0,16,0
08-06 13:42:25,1.250,1.250,97.487,0,0,5313968,283024,185256,2226844,13901.136,1619.783,0,527.929,0,112.985,1110,1351,0.380,1.050,1.110,0,0,0,0,0,18,289,0,16,0
08-06 13:42:26,1.000,0.500,97.012,0,0,5314192,282800,185256,2226844,12283.564,1620.206,0,4.001,0,1.000,1077,1356,0.380,1.050,1.110,0,0,0,0,0,18,289,0,16,0
08-06 13:42:27,1.500,0.500,96.758,0.250,0,5314664,282328,185256,2226844,9264.761,1752.144,0,96.008,0,12.001,1123,1583,0.380,1.050,1.110,0,0,0,0,0,18,289,0,16,0
08-06 13:42:28,1.000,0.750,96.734,0,0,5315260,281728,185256,2226848,18362.978,1751.712,0,175.971,0,10.998,1160,1537,0.380,1.050,1.110,0,0,1.000,0,0,18,289,0,16,0
08-06 13:42:29,1.500,0.750,97.738,0,0.250,5315260,281728,185256,2226848,11593.590,1349.836,0,31.996,0,4.000,960,1291,0.430,1.050,1.110,0,0,0,0,0,18,289,0,16,0
08-06 13:42:30,1.250,1.250,96.005,0.250,0,5315480,281504,185256,2226852,10735.520,1242.060,0,600.029,0,94.005,1385,1841,0.430,1.050,1.110,1,0,2.000,0,0,18,289,0,16,0
08-06 13:42:31,4.251,0.500,93.521,0.250,0,5315468,281504,185256,2226864,16492.773,2997.686,0,240.055,0,33.008,1826,2408,0.430,1.050,1.110,0,0,0,0,0,18,289,0,16,0
08-06 13:42:32,1.000,0.750,97.011,0,0,5315468,281504,185256,2226864,10094.117,1512.167,0,52.006,0,7.001,1104,1411,0.430,1.050,1.110,0,0,0,0,0,18,289,0,16,0
08-06 13:42:33,1.250,0.500,97.487,0,0,5315468,281504,185256,2226864,12842.291,1565.792,0,251.966,0,16.998,1019,1352,0.430,1.050,1.110,0,0,0,0,0,18,289,0,16,0
08-06 13:42:34,1.250,0.750,97.497,0,0,5315468,281504,185256,2226864,11295.667,1619.952,0,31.999,0,4.000,980,1332,0.400,1.040,1.100,0,0,0,0,0,18,289,0,16,0
08-06 13:42:35,1.250,0.250,97.244,0,0,5315468,281504,185256,2226864,11842.324,1511.914,0,0,0,0,978,1278,0.400,1.040,1.100,0,0,0,0,0,18,289,0,16,0
08-06 13:42:36,2.750,0.750,94.986,0.250,0,5315456,281504,185256,2226876,22544.691,2942.568,0,243.964,0,22.997,1489,1854,0.400,1.040,1.100,2,0,0,0,0,18,289,0,16,0
08-06 13:42:37,2.001,1.250,96.275,0.250,0,5315456,281504,185256,2226876,12407.256,1512.397,0,152.040,0,18.005,1271,1692,0.400,1.040,1.100,0,0,0,0,0,18,289,0,16,0
08-06 13:42:38,1.500,0.500,96.741,0,0,5315452,281504,185256,2226880,10510.035,1619.851,0,31.997,0,4.000,1107,1552,0.400,1.040,1.100,1,0,1.000,0,0,18,289,0,16,0
08-06 13:42:39,1.000,0.500,97.485,0,0,5315452,281504,185256,2226880,8521.667,1619.747,0,115.982,0,24.996,918,1296,0.360,1.020,1.100,0,0,0,0,0,18,289,0,16,0
08-06 13:42:40,2.250,0.750,96.005,0.750,0,5315452,281504,185256,2226880,10326.587,1926.110,0,484.028,0,41.002,1273,1847,0.360,1.020,1.100,0,0,0,0,0,18,287,0,16,2
08-06 13:42:41,1.755,0.752,95.751,0,0,5315448,281504,185256,2226884,16484.286,1570.123,0,838.201,0,175.461,1612,2249,0.360,1.020,1.100,0,0,0,0,0,18,287,0,16,2
08-06 13:42:42,1.247,0.499,97.258,0,0,5315448,281504,185256,2226884,13802.585,1657.866,0,0,0,0,1039,1349,0.360,1.020,1.100,0,0,0,0,0,18,287,0,15,2
08-06 13:42:43,1.250,0.500,97.246,0,0,5315448,281504,185256,2226884,12322.488,1619.933,0,251.990,0,16.999,1042,1378,0.360,1.020,1.100,0,0,0,0,0,18,287,0,15,2
08-06 13:42:44,1.500,0.500,96.983,0,0,5315448,281504,185256,2226884,10058.191,1619.709,0,35.994,0,4.999,1062,1363,0.330,1,1.090,0,0,0,0,0,18,287,0,15,2
08-06 13:42:45,0.750,0.750,97.252,0,0,5315448,281504,185256,2226884,14642.229,1620.025,0,0,0,0,1042,1335,0.330,1,1.090,1,0,0,0,0,18,287,0,15,2
08-06 13:42:46,10.002,5.001,84.018,0.250,0,5339800,257124,185256,2229236,10253.144,1578.330,0,164.034,0,18.004,2243,6453,0.330,1,1.090,2,0,37.008,0,0,18,287,0,15,2
08-06 13:42:47,15.003,7.252,75.768,0,0,5333988,262924,185256,2226924,8492.975,1620.377,0,120.028,0,15.003,3159,9330,0.330,1,1.090,2,0,41.010,0,0,18,287,0,7,2
08-06 13:42:48,20.241,4.498,73.216,0.250,0,5344776,251836,185256,2227232,18506.315,9576.506,0,107.949,0,11.994,3216,3875,0.330,1,1.090,1,0,1.999,0,0,18,290,0,7,2
08-06 13:42:49,13.752,1.250,83.765,0.250,0,5352556,244024,185256,2227264,27558.778,4433.769,24.004,268.046,3.001,4.001,1974,1875,0.310,0.980,1.080,2,0,2.000,0,0,18,292,0,7,2
08-06 13:42:50,9.978,18.459,68.596,0.249,0,5336480,260084,185256,2227280,11444.332,1748.079,0,307.311,0,36.917,5351,4125,0.310,0.980,1.080,2,0,244.452,0,0,18,291,0,8,2
08-06 13:42:51,10.712,17.936,67.508,0.747,0,5333076,263456,185256,2227312,17081.648,2319.669,0,2243.941,0,143.485,5677,5119,0.310,0.980,1.080,1,1,215.227,0,0,18,291,0,4,3
08-06 13:42:52,19.033,8.014,72.127,0.501,0,5364044,232460,185256,2227340,19578.423,2580.537,12.021,2263.981,3.005,316.557,3110,2470,0.310,0.980,1.080,2,0,37.065,0,0,18,291,0,6,2
08-06 13:42:53,22.089,3.765,73.043,0.753,0,5416788,179540,185260,2227512,11902.798,1626.532,160.645,4.016,6.024,1.004,2083,1673,0.310,0.980,1.080,2,0,2.008,0,0,18,291,0,6,2
08-06 13:42:54,22.763,3.752,72.790,0,0,5446168,149804,185284,2227844,11161.195,1620.900,48.027,716.398,2.001,18.010,2154,1665,0.360,0.980,1.080,1,0,0,0,0,18,291,0,6,2
08-06 13:42:55,23.497,2.000,72.491,0.750,0,5441888,149816,185484,2231812,9057.835,1511.806,387.950,323.958,51.993,3.999,2227,1802,0.360,0.980,1.080,2,0,0,0,0,18,291,0,6,2
08-06 13:42:56,23.331,5.770,70.494,0,0,5467340,143196,185452,2213244,14715.920,1625.625,0,4.014,0,1.003,2378,1762,0.360,0.980,1.080,1,0,9.031,0,0,18,291,0,6,2
08-06 13:42:57,26.381,3.733,66.451,0.498,0,5495256,133960,185356,2195284,13616.820,1612.754,0,1330.024,0,77.651,3979,4358,0.360,0.980,1.080,1,0,0,0,0,18,292,0,7,2
08-06 13:42:58,23.119,4.723,67.865,0.746,0,5491112,137892,185356,2195496,12205.791,1610.866,0,684.121,0,82.532,5036,6281,0.360,0.980,1.080,5,0,0.994,0,0,18,291,0,9,2
08-06 13:42:59,24.025,4.004,70.325,0.250,0,5491208,137764,185356,2195528,12168.915,1621.721,0,236.251,0,23.024,4029,4348,0.410,0.980,1.080,3,0,0,0,0,18,295,0,10,2
08-06 13:43:00,29.585,4.764,62.429,2.256,0.251,5499240,128692,185356,2196572,10513.133,1624.657,966.771,1327.806,63.181,193.555,4695,5872,0.410,0.980,1.080,2,0,1.003,0,0,18,299,0,13,2
08-06 13:43:01,14.008,2.001,81.549,1.001,0,5501440,126452,185356,2196612,14043.418,2518.510,0,524.314,0,69.041,3189,4016,0.410,0.980,1.080,0,0,0,0,0,18,300,0,13,2
08-06 13:43:02,23.455,3.743,69.366,1.248,0,5499968,127528,185356,2197008,14262.382,2898.387,175.660,1469.155,9.981,182.646,4461,5250,0.410,0.980,1.080,2,0,0,0,0,18,301,0,14,2
08-06 13:43:03,5.751,1.750,90.016,0.500,0,5498840,128612,185356,2197052,15305.698,1578.278,16.003,864.152,1.000,93.016,2254,3068,0.410,0.980,1.080,1,0,0,0,0,18,300,0,14,2
08-06 13:43:04,14.553,2.007,80.293,1.004,0,5497824,129352,185360,2197324,19888.682,3472.691,64.235,1104.035,4.015,127.466,3551,4435,0.540,1,1.090,0,0,0,0,0,18,300,0,15,2
08-06 13:43:05,16.706,3.242,76.799,1.496,0,5496408,130540,185360,2197552,16867.905,1657.667,159.583,2242.139,9.974,171.552,3990,4920,0.540,1,1.090,2,1,0,0,0,18,303,0,15,2
08-06 13:43:06,26.822,6.016,63.170,1.504,0,5494752,131944,185360,2197804,10943.404,1624.365,48.129,3886.443,2.005,308.830,6019,8282,0.540,1,1.090,3,0,1.003,0,0,18,303,0,17,2
08-06 13:43:07,24.986,4.497,66.213,1.749,0,5486220,139936,185360,2198344,13054.640,1685.050,335.811,5061.147,19.989,659.628,5758,7335,0.540,1,1.090,4,0,0,0,0,18,303,0,18,2
08-06 13:43:08,23.994,4.499,68.484,1.000,0,5486144,139924,185360,2198432,10451.588,1661.617,0,911.790,0,84.980,5164,6149,0.540,1,1.090,2,0,0,0,0,18,303,0,18,2
08-06 13:43:09,27.498,6.250,62.995,1.250,0,5486912,139040,185360,2198548,13470.986,2498.812,15.999,2015.848,1.000,210.984,5575,7021,0.580,1,1.090,0,0,1.000,0,0,18,302,0,19,2
08-06 13:43:10,4.501,1.250,92.023,0.250,0,5486288,139512,185360,2198700,12226.102,1632.414,0,844.214,0,83.021,2167,3099,0.580,1,1.090,1,0,0,0,0,18,304,0,19,2
08-06 13:43:11,14.752,3.000,78.512,1.750,0,5485428,140308,185360,2198764,15609.354,3352.506,0,1508.227,0,173.026,3801,5034,0.580,1,1.090,1,0,0,0,0,18,302,0,21,2
08-06 13:43:12,15.998,3.500,77.490,1.000,0,5485472,140204,185364,2198820,12398.445,1619.797,0,1483.814,0,146.982,4228,5593,0.580,1,1.090,1,0,2.000,0,0,18,303,0,21,2
08-06 13:43:13,26.502,5.751,63.756,2.250,0,5485732,139704,185364,2199060,9971.905,1566.142,0,3000.272,0,295.027,5923,8063,0.580,1,1.090,3,1,0,0,0,18,303,0,21,2
08-06 13:43:14,24.260,4.252,66.277,2.501,0,5485640,139736,185364,2199120,11864.886,1512.623,0,7250.986,0,473.195,5880,7912,0.610,1,1.090,2,0,0,0,0,18,303,0,21,2
08-06 13:43:15,22.987,4.497,69.211,0.500,0,5486076,139228,185364,2199192,12363.981,1689.041,0,627.644,0,71.959,4978,6238,0.610,1,1.090,2,0,0,0,0,18,304,0,21,2
08-06 13:43:16,22.996,4.249,68.738,1.750,0,5486368,138724,185364,2199404,19198.546,2601.532,0,2123.618,0,235.958,4946,6328,0.610,1,1.090,1,0,0,0,0,18,302,0,22,2
08-06 13:43:17,10.758,2.752,85.314,0.500,0,5486340,138724,185364,2199432,11701.846,1513.144,0,452.342,0,47.036,2544,3007,0.610,1,1.090,3,0,0,0,0,18,303,0,22,2
08-06 13:43:18,13.991,1.749,80.946,0.999,0,5486780,138220,185364,2199496,13076.222,2560.281,0,1267.149,0,150.899,3428,4657,0.610,1,1.090,2,0,0,0,0,18,302,0,25,2
08-06 13:43:19,20.759,3.502,73.282,1.000,0,5487076,137716,185364,2199704,8112.539,2497.089,0,1212.529,0,144.063,4058,4888,0.720,1.020,1.090,0,0,1.000,0,0,18,302,0,27,2
08-06 13:43:20,9.749,1.750,85.994,0.750,0,5487056,137716,185364,2199724,13913.027,1523.893,4.000,2679.813,1.000,175.988,2550,3215,0.720,1.020,1.090,1,0,0,0,0,18,304,0,27,2
08-06 13:43:21,26.926,3.740,66.068,1.247,0,5487564,136960,185364,2199972,11959.989,2077.267,143.604,1759.145,6.981,139.615,4549,5010,0.720,1.020,1.090,0,1,0,0,0,18,302,0,27,2
08-06 13:43:22,7.271,2.758,87.253,1.504,0,5487760,136736,185364,2200000,18274.034,3071.915,0,9166.603,0,885.570,3286,4317,0.720,1.020,1.090,1,1,0,0,0,18,303,0,27,2
08-06 13:43:23,9.751,1.250,85.759,1.250,0,5487844,136484,185364,2200168,17957.884,3460.363,0,1036.109,0,130.014,3129,4306,0.720,1.020,1.090,0,0,0,0,0,18,302,0,27,2
08-06 13:43:24,11.247,2.249,83.225,1.000,0,5487800,136484,185364,2200212,20694.832,3458.969,0,1003.701,0,118.965,3309,4283,0.830,1.030,1.100,1,0,0,0,0,18,302,0,27,2
08-06 13:43:25,16.998,2.750,77.739,0.500,0,5487764,136484,185364,2200248,10170.529,1619.766,0,4899.291,0,100.985,3675,4557,0.830,1.030,1.100,1,0,0,0,0,18,303,0,27,2
08-06 13:43:26,25.713,4.993,65.156,1.747,0,5488032,136008,185364,2200456,10113.414,1455.900,127.816,2340.624,0.999,252.636,5795,7913,0.830,1.030,1.100,1,0,0,0,0,18,303,0,27,2
08-06 13:43:27,23.774,4.505,68.070,1.001,0,5488064,135756,185364,2200676,9510.756,1621.663,0,1269.302,0,119.122,5218,6542,0.830,1.030,1.100,2,0,0,0,0,18,302,0,28,2
08-06 13:43:28,23.716,4.743,68.652,0.749,0,5489008,134748,185364,2200740,14552.174,1617.685,0,954.634,0,90.870,5222,6600,0.830,1.030,1.100,1,0,0,0,0,18,304,0,28,2
08-06 13:43:29,24.079,4.766,67.471,0.752,0,5489412,134244,185364,2200840,10004.698,1462.781,0,1436.696,0,133.436,5232,6345,0.840,1.030,1.100,1,0,1.003,0,0,18,303,0,29,2
08-06 13:43:30,27.166,5.732,63.553,2.243,0,5489176,134244,185364,2201076,12926.967,1614.999,0,2938.899,0,322.003,6202,8591,0.840,1.030,1.100,6,1,0,0,0,18,303,0,29,2
08-06 13:43:31,25.796,4.508,64.865,2.004,0,5489088,134244,185364,2201164,16091.536,3002.324,0,5581.899,0,365.648,6007,7876,0.840,1.030,1.100,5,0,0,0,0,18,303,0,29,2
08-06 13:43:32,22.968,5.243,68.904,0.999,0,5488888,134244,185364,2201364,12009.321,1757.559,0,1118.447,0,110.846,5164,6764,0.840,1.030,1.100,1,0,0,0,0,18,303,0,29,2
08-06 13:43:33,7.261,1.753,89.638,0,0,5489120,133992,185364,2201384,11708.066,1622.504,0,176.272,0,11.017,2217,2674,0.840,1.030,1.100,0,0,1.002,0,0,18,304,0,29,2
08-06 13:43:34,3.984,0.498,93.634,0,0,5489596,133488,185364,2201412,21862.478,1452.319,0,0,0,0,1413,1678,0.770,1.020,1.090,0,0,0,0,0,18,304,0,29,2
08-06 13:43:35,8.283,1.757,89.107,0,0,5489548,133488,185364,2201460,12091.473,1626.520,0,236.950,0,19.076,2211,2696,0.770,1.020,1.090,3,0,0,0,0,18,304,0,29,2
08-06 13:43:36,24.754,5.251,65.261,2.000,0,5489468,133488,185364,2201540,21826.623,1539.256,0,1892.314,0,235.039,6225,8449,0.770,1.020,1.090,3,0,0,0,0,18,304,0,29,2
08-06 13:43:37,25.751,5.000,64.753,1.500,0,5489380,133488,185364,2201628,9052.352,1620.063,0,2136.083,0,245.010,5923,8162,0.770,1.020,1.090,3,0,0,0,0,18,304,0,29,2
08-06 13:43:38,24.943,5.238,65.850,1.497,0,5489380,133280,185364,2201836,12973.405,1454.682,0,5547.345,0,679.450,6016,7572,0.770,1.020,1.090,1,0,0,0,0,18,304,0,31,2
08-06 13:43:39,24.793,4.508,68.869,0.751,0,5489812,132780,185364,2201904,11772.301,1622.798,0,1234.128,0,94.162,5137,6301,0.790,1.010,1.090,3,0,1.002,0,0,18,304,0,31,2
08-06 13:43:40,22.723,5.493,67.670,0.749,0,5491104,131016,185364,2202376,13724.729,1660.032,287.659,2221.367,16.980,205.756,5118,6456,0.790,1.010,1.090,6,1,0,0,0,18,304,0,31,2
08-06 13:43:41,7.761,1.752,87.373,2.003,0,5492592,129504,185364,2202400,12522.653,1622.287,0,5708.046,0,355.501,2854,4677,0.790,1.010,1.090,0,0,0,0,0,18,303,0,31,2
08-06 13:43:42,23.971,3.496,69.165,1.498,0,5497780,124212,185364,2202504,10357.328,2624.789,0,1677.947,0,219.731,4576,6341,0.790,1.010,1.090,0,0,0,0,0,18,303,0,34,2
08-06 13:43:43,9.012,1.001,88.366,0,0,5498464,123456,185364,2202576,12546.480,1622.131,64.084,440.579,4.005,32.042,1940,2359,0.790,1.010,1.090,1,0,0,0,0,18,304,0,35,2
08-06 13:43:44,9.995,1.999,85.203,1.249,0,5499684,122196,185364,2202616,13474.602,2325.723,0,1011.445,0,134.926,2829,3916,0.730,1,1.080,0,0,0,0,0,18,303,0,35,2
08-06 13:43:45,9.250,2.250,86.003,0.250,0,5499768,121944,185364,2202784,8523.299,1620.057,0,692.024,0,79.003,2617,3340,0.730,1,1.080,0,0,0,0,0,18,304,0,35,2
08-06 13:43:46,29.504,3.751,63.009,1.250,0,5503176,129536,185352,2192804,13220.883,2403.342,0,2044.291,0,134.019,4508,5148,0.730,1,1.080,1,0,0,0,0,18,302,0,40,2
08-06 13:43:47,35.500,7.750,54.500,1.500,0,5518652,134756,185328,2173420,16379.018,3232.004,0,1508.002,0,179.000,5437,15307,0.730,1,1.080,1,0,36.000,0,0,18,303,0,45,2
08-06 13:43:48,15.506,2.751,78.532,0.750,0,5513680,139676,185328,2173472,14958.112,2149.878,0,1020.417,0,89.036,3322,4031,0.730,1,1.080,2,0,3.001,0,0,18,303,0,44,2
08-06 13:43:49,9.245,2.499,86.201,0.500,0,5512824,140484,185328,2173520,10464.108,1619.088,0,1255.293,0,129.927,2777,3747,0.670,0.980,1.080,0,0,2.998,0,0,18,303,0,46,2
08-06 13:43:50,23.391,2.737,70.173,1.991,0,5512992,140232,185328,2173600,14879.599,3216.995,0,2273.396,0,244.858,4256,5434,0.670,0.980,1.080,1,2,0.995,0,0,18,303,0,49,2
08-06 13:43:51,13.058,2.762,80.357,2.009,0,5510320,142684,185328,2173820,12976.656,1693.524,16.071,5476.332,1.004,391.741,3875,5283,0.670,0.980,1.080,2,0,0,0,0,18,304,0,49,2
08-06 13:43:52,9.504,2.001,86.033,0.750,0,5510744,142208,185328,2173872,11499.425,1686.649,0,928.357,0,99.038,2658,3701,0.670,0.980,1.080,1,0,0,0,0,18,303,0,46,2
08-06 13:43:53,23.502,3.750,69.505,1.000,0,5505600,147276,185328,2173948,13811.924,2358.158,0,1352.090,0,166.011,4458,5415,0.670,0.980,1.080,0,0,0,0,0,18,303,0,51,2
08-06 13:43:54,5.250,0.750,92.503,0.500,0,5505836,147036,185328,2173952,11089.394,1686.060,0,564.020,0,50.002,1700,2286,0.620,0.960,1.070,1,0,0,0,0,18,302,0,52,2
08-06 13:43:55,25.746,3.749,67.739,1.750,0,5506376,146280,185328,2174168,12753.964,2583.587,0,1555.752,0,173.972,4405,5506,0.620,0.960,1.070,0,0,0,0,0,18,303,0,55,2
08-06 13:43:56,8.460,2.488,87.092,0.249,0,5507352,145300,185328,2174172,19245.845,1612.447,0,680.811,0,32.846,2033,2022,0.620,0.960,1.070,5,0,5.972,0,0,18,303,0,56,2
08-06 13:43:57,6.281,1.507,91.203,0.251,0,5507332,145300,185328,2174192,9608.737,1628.088,0,578.876,0,57.285,1942,2590,0.620,0.960,1.070,0,0,0,0,0,18,303,0,56,2
08-06 13:43:58,9.498,1.750,85.983,0.500,0,5507212,145388,185328,2174224,9096.208,1619.681,0,5110.993,0,628.876,2811,3152,0.620,0.960,1.070,0,0,0,0,0,18,303,0,56,2
08-06 13:43:59,8.000,1.500,88.501,0.250,0,5507192,145388,185328,2174244,11991.166,1458.020,0,624.009,0,60.001,2247,2831,0.570,0.950,1.070,0,0,1.000,0,0,18,303,0,56,2
08-06 13:44:00,9.998,1.750,87.732,0.500,0,5507160,145388,185328,2174276,12249.491,1619.668,0,619.873,0,60.988,2285,2928,0.570,0.950,1.070,0,0,0,0,0,18,303,0,51,2
08-06 13:44:01,8.490,1.248,87.393,0.499,0,5507140,145388,185328,2174296,12038.243,1618.017,0,627.231,0,58.928,2285,2981,0.570,0.950,1.070,1,0,0,0,0,18,304,0,53,2
08-06 13:44:02,15.261,2.252,78.055,1.751,0,5506956,145388,185328,2174480,12592.822,3396.379,0,2045.433,0,230.161,3834,5370,0.570,0.950,1.070,2,0,0,0,0,18,303,0,54,2
08-06 13:44:03,21.258,3.501,70.026,2.501,0.250,5506880,145388,185328,2174556,14779.494,2546.947,0,6090.264,0,438.163,4544,6066,0.570,0.950,1.070,1,1,0,0,0,18,303,0,59,2
08-06 13:44:04,4.253,1.501,93.059,0.750,0,5506836,145388,185328,2174600,12039.608,1621.024,0,672.425,0,83.052,1809,2609,0.600,0.950,1.070,1,0,0,0,0,18,304,0,55,2
08-06 13:44:05,25.398,3.237,68.476,0.996,0,5506760,145388,185328,2174676,10700.112,2577.668,0,1163.337,0,155.377,4258,5034,0.600,0.950,1.070,1,0,0,0,0,18,303,0,61,2
08-06 13:44:06,13.038,2.507,81.485,1.003,0,5507400,144632,185328,2174792,14484.706,3005.654,0,1295.731,0,138.398,3281,4277,0.600,0.950,1.070,1,0,0,0,0,18,304,0,63,2
08-06 13:44:07,11.510,2.002,83.824,1.001,0,5507224,144632,185328,2174968,14222.565,1525.348,0,912.806,0,119.105,3207,4222,0.600,0.950,1.070,1,0,0,0,0,18,303,0,63,2
08-06 13:44:08,23.453,3.992,69.612,0.998,0,5507364,144380,185328,2175080,13369.414,2556.915,15.968,1173.666,0.998,151.698,4366,5275,0.600,0.950,1.070,0,0,0,0,0,18,303,0,64,2
08-06 13:44:09,5.762,1.503,91.448,0.501,0,5507356,144380,185328,2175088,13825.950,1689.660,0,681.476,0,62.135,1936,2570,0.550,0.930,1.060,1,0,1.002,0,0,18,302,0,65,2
08-06 13:44:10,13.001,2.000,80.758,1.500,0,5507308,144380,185328,2175136,11953.230,2488.256,0,1656.170,0,196.020,3448,4868,0.550,0.930,1.060,0,0,0,0,0,18,303,0,67,2
08-06 13:44:11,22.736,3.248,70.708,1.249,0.250,5508108,143372,185328,2175344,17030.860,2081.761,0,1778.941,0,193.885,4634,5733,0.550,0.930,1.060,2,0,0.999,0,0,18,304,0,70,2
08-06 13:44:12,14.462,1.995,80.786,0.499,0,5508068,143372,185328,2175384,12814.012,2011.664,0,1160.921,0,81.783,2744,3175,0.550,0.930,1.060,1,1,1.995,0,0,18,303,0,73,2
08-06 13:44:13,20.560,5.015,69.201,3.510,0,5508200,143120,185328,2175504,15551.167,3071.922,0,6980.274,0,534.553,5656,8153,0.550,0.930,1.060,2,0,0,0,0,18,304,0,71,2
08-06 13:44:14,26.001,5.000,64.503,2.000,0,5507940,143120,185328,2175764,12057.479,1620.064,32.001,5740.228,1.000,731.029,6275,8007,0.590,0.930,1.060,1,0,1.000,0,0,18,304,0,71,2
08-06 13:44:15,25.001,5.250,64.753,2.250,0,5508344,142616,185328,2175864,9803.440,1458.065,0,2524.113,0,321.014,6407,9098,0.590,0.930,1.060,1,2,0,0,0,18,304,0,71,2
08-06 13:44:16,23.715,3.744,68.648,1.248,0,5508508,142364,185328,2175952,14688.271,1711.468,0,1413.908,0,127.811,5259,6602,0.590,0.930,1.060,2,0,0,0,0,18,304,0,71,2
08-06 13:44:17,24.237,4.997,68.215,0.750,0,5509308,141356,185328,2176160,12652.448,1619.162,0,2106.909,0,128.933,5352,6785,0.590,0.930,1.060,1,0,0,0,0,18,304,0,70,2
08-06 13:44:18,20.290,3.757,73.647,1.002,0.250,5509500,141104,185328,2176220,14504.894,1623.234,0,1563.114,0,157.313,4582,6007,0.590,0.930,1.060,0,2,0,0,0,18,303,0,70,2
08-06 13:44:19,8.515,2.504,86.903,0.751,0,5509456,141104,185328,2176264,24763.624,1622.859,16.028,1254.209,1.002,113.199,2362,3026,0.540,0.920,1.050,2,0,1.002,0,0,18,304,0,70,2
08-06 13:44:20,19.700,3.491,71.321,2.494,0,5509476,140848,185328,2176500,13226.763,2582.511,31.920,5119.136,0.997,396.005,4479,6362,0.540,0.920,1.050,1,0,0,0,0,18,303,0,74,2
08-06 13:44:21,16.011,2.252,77.805,1.751,0,5509400,140848,185332,2176572,12600.843,2513.764,16.011,2405.688,1.001,241.169,3987,5535,0.540,0.920,1.050,0,1,0,0,0,18,303,0,70,2
08-06 13:44:22,6.991,1.498,89.878,0.250,0,5509884,140344,185332,2176592,14433.463,1521.940,0,707.043,0,73.900,2069,2565,0.540,0.920,1.050,3,0,0,0,0,18,304,0,70,2
08-06 13:44:23,19.759,2.501,74.533,1.501,0,5510392,139600,185332,2176812,11605.064,2083.909,0,1644.718,0,177.077,4282,5702,0.540,0.920,1.050,0,0,0,0,0,18,303,0,71,2
08-06 13:44:24,13.214,1.995,82.527,0.249,0,5510356,139600,185332,2176848,8903.950,1615.636,0,761.942,0,56.846,2366,2836,0.580,0.920,1.050,3,0,0,0,0,18,302,0,74,2
08-06 13:44:25,9.534,1.756,86.561,1.004,0,5510572,139348,185332,2176884,20163.414,3472.471,0,1364.902,0,152.548,2889,3888,0.580,0.920,1.050,0,0,0,0,0,18,303,0,74,2
08-06 13:44:26,20.750,4.000,71.252,1.250,0,5510468,139348,185332,2176988,11581.272,1620.038,0,1068.025,0,111.003,4757,6142,0.580,0.920,1.050,2,0,0,0,0,18,305,0,74,2
08-06 13:44:27,25.960,4.992,64.649,1.997,0,5510496,139096,185332,2177212,12078.210,1455.735,0,2895.496,0,279.565,5629,7515,0.580,0.920,1.050,4,0,0,0,0,18,304,0,74,2
08-06 13:44:28,23.995,6.249,63.238,3.249,0,5510412,139096,185336,2177292,12137.630,1619.684,0,7374.560,0,545.893,6305,9129,0.580,0.920,1.050,0,1,0,0,0,18,304,0,75,2
08-06 13:44:29,24.061,4.261,68.425,1.003,0,5511316,138116,185336,2177368,10289.294,1624.150,0,5598.306,0,684.750,5441,6382,0.610,0.920,1.050,1,0,1.003,0,0,18,304,0,74,2
08-06 13:44:30,23.158,4.233,68.229,0.747,0,5512132,137108,185336,2177560,13713.454,1613.582,0,808.783,0,95.620,5258,6569,0.610,0.920,1.050,1,0,0,0,0,18,304,0,74,2
08-06 13:44:31,25.333,5.518,65.464,1.505,0,5512284,136856,185336,2177660,19082.400,3006.832,0,1669.459,0,186.610,5750,6974,0.610,0.920,1.050,1,0,0,0,0,18,304,0,75,2
08-06 13:44:32,27.713,5.742,62.167,1.498,0,5512192,136856,185336,2177752,12376.420,1659.777,0,1837.538,0,216.710,6422,8818,0.610,0.920,1.050,3,1,0,0,0,18,304,0,76,2
08-06 13:44:33,26.732,4.747,64.208,2.498,0,5511972,136856,185336,2177972,11092.692,1618.933,0,3045.993,0,329.783,6415,9101,0.610,0.920,1.050,1,1,0,0,0,18,304,0,77,2
08-06 13:44:34,24.782,4.506,65.584,2.003,0,5511884,136856,185336,2178060,11764.068,1622.078,0,7665.819,0,516.662,6051,8518,0.560,0.910,1.050,3,0,0,0,0,18,304,0,79,2
08-06 13:44:35,23.255,4.751,68.264,1.000,0,5512332,136352,185336,2178116,12616.496,1458.288,0,1940.384,0,134.027,5210,6500,0.560,0.910,1.050,1,0,0,0,0,18,304,0,80,2
08-06 13:44:36,24.001,4.750,67.254,0.750,0,5512608,135852,185336,2178340,20668.206,2997.175,0,1252.073,0,126.007,5256,6473,0.560,0.910,1.050,1,0,0,0,0,18,304,0,84,2
08-06 13:44:37,23.736,5.247,66.960,1.499,0,5513280,135096,185336,2178424,9439.301,1619.022,0,1579.047,0,163.901,5768,7202,0.560,0.910,1.050,3,0,0,0,0,18,305,0,86,2
08-06 13:44:38,26.265,5.003,64.538,1.751,0,5513072,135096,185336,2178632,11705.803,1458.848,0,2349.365,0,272.158,6153,8296,0.560,0.910,1.050,6,1,0,0,0,18,304,0,86,2
08-06 13:44:39,24.788,4.757,65.099,2.003,0,5513508,134596,185336,2178696,11650.706,1622.466,0,1970.995,0,246.374,5718,7742,0.600,0.910,1.050,2,0,1.002,0,0,18,304,0,86,2
08-06 13:44:40,23.433,4.986,68.055,0.997,0,5513596,134432,185336,2178772,12516.149,1657.253,0,1543.579,0,141.594,5162,6403,0.600,0.910,1.050,2,0,0,0,0,18,304,0,86,2
08-06 13:44:41,24.741,4.748,64.976,2.749,0,5513872,133956,185336,2178972,13149.144,1457.462,0,6833.477,0,449.834,5957,8044,0.600,0.910,1.050,1,0,0,0,0,18,304,0,85,2
08-06 13:44:42,15.781,3.256,77.904,1.252,0.250,5514304,133452,185340,2179040,12933.511,1665.285,0,1294.554,0,139.275,4294,5680,0.600,0.910,1.050,0,0,0,0,0,18,303,0,85,2
08-06 13:44:43,10.749,1.750,84.992,0.250,0,5514256,133452,185340,2179088,13275.727,1619.845,0,1071.897,0,108.990,2783,3634,0.600,0.910,1.050,1,0,0,0,0,18,303,0,85,2
08-06 13:44:44,5.743,1.498,91.890,0.250,0,5514496,133200,185340,2179100,8106.283,1618.060,0,463.444,0,25.969,1552,1870,0.550,0.890,1.040,1,0,0,0,0,18,304,0,85,2
08-06 13:44:45,21.490,3.498,70.719,1.999,0,5514764,132696,185340,2179336,12630.387,2576.855,0,1887.161,0,221.901,4293,5896,0.550,0.890,1.040,0,1,0,0,0,18,303,0,85,2
08-06 13:44:46,12.270,1.503,85.393,0,0,5514740,132696,185340,2179360,12311.547,1622.708,0,472.789,0,35.059,2218,2202,0.550,0.890,1.040,2,0,0,0,0,18,302,0,87,2
08-06 13:44:47,31.219,7.992,57.444,1.249,0,5518108,156588,185340,2153020,17974.438,3294.781,0,2889.177,0,193.811,5493,16367,0.550,0.890,1.040,1,1,35.965,0,0,18,303,0,92,2
08-06 13:44:48,12.256,3.502,82.039,0.500,0,5524420,150216,185340,2153080,18041.562,2932.392,0,884.420,0,84.040,3120,3955,0.550,0.890,1.040,2,1,3.001,0,0,18,303,0,92,2
08-06 13:44:49,12.008,1.751,84.560,0.250,0,5524348,150248,185340,2153120,10419.368,1687.193,0,952.674,0,63.045,2598,2895,0.510,0.880,1.040,3,0,3.002,0,0,18,304,0,78,2
08-06 13:44:50,16.973,3.495,73.885,2.746,0,5516140,158220,185340,2153356,20884.377,1617.473,0,11134.607,0,1108.269,5337,6733,0.510,0.880,1.040,0,1,0.998,0,0,18,303,0,79,2
08-06 13:44:51,16.010,3.502,77.798,1.251,0,5516212,158112,185340,2153392,24652.133,1687.036,0,1484.912,0,177.109,3832,4773,0.510,0.880,1.040,3,0,0,0,0,18,302,0,81,2
08-06 13:44:52,12.250,1.500,83.750,1.000,0,5516156,158112,185340,2153448,19739.971,2576.996,0,1107.998,0,122.000,2998,4037,0.510,0.880,1.040,0,0,0,0,0,18,303,0,82,2
08-06 13:44:53,27.522,3.503,66.053,1.001,0,5516456,157608,185340,2153652,23121.671,2513.029,0,1485.199,0,179.145,4463,5199,0.510,0.880,1.040,0,0,0,0,0,18,303,0,87,2
08-06 13:44:54,3.746,1.249,92.655,0.250,0,5516444,157608,185340,2153664,12197.511,1684.275,0,623.362,0,58.940,1776,2512,0.470,0.860,1.030,2,0,0,0,0,18,304,0,79,2
08-06 13:44:55,11.515,1.752,85.860,0.501,0,5516424,157608,185340,2153684,10286.216,1459.876,0,833.070,0,67.086,2357,2845,0.470,0.860,1.030,0,0,0,0,0,18,303,0,80,2
08-06 13:44:56,12.248,3.000,81.988,0.500,0,5518404,155600,185340,2153712,27270.021,1619.764,0,695.898,0,61.991,2870,3134,0.470,0.860,1.030,0,1,5.999,0,0,18,303,0,81,2
08-06 13:44:57,10.236,1.997,86.634,0.250,0,5519192,154844,185340,2153740,23147.956,1703.715,0,715.041,0,55.925,2358,2607,0.470,0.860,1.030,2,0,0.999,0,0,18,304,0,84,2
08-06 13:44:58,26.514,3.002,65.786,2.001,0,5519380,154592,185344,2153800,16011.644,2894.563,0,2005.083,0,225.122,4905,6165,0.470,0.860,1.030,0,0,0,0,0,18,303,0,83,2
08-06 13:44:59,11.499,3.250,82.995,0.500,0,5519664,154088,185344,2154020,17522.975,2649.845,0,891.948,0,91.995,3139,3825,0.590,0.880,1.030,2,0,1.000,0,0,18,304,0,84,2
08-06 13:45:00,24.242,6.248,63.730,2.999,0,5519748,153864,185344,2154160,16613.844,1457.548,63.980,9716.984,1.999,938.709,6751,9165,0.590,0.880,1.030,1,1,0,0,0,18,304,0,84,2
08-06 13:45:01,26.223,4.995,62.936,2.248,0,5516036,157488,185344,2154248,14713.968,1618.347,0,2489.457,0,305.688,6402,8678,0.590,0.880,1.030,4,0,0,0,0,18,304,0,84,2
08-06 13:45:02,24.791,4.507,66.861,1.002,0,5516572,156748,185344,2154452,10609.556,1750.897,0,1594.639,0,146.242,5189,6430,0.590,0.880,1.030,3,1,3.005,0,0,18,304,0,82,2
08-06 13:45:03,24.469,3.995,68.914,0.749,0,5518028,155236,185344,2154508,13610.952,1617.973,0,1246.439,0,101.872,4971,6041,0.590,0.880,1.030,3,0,0,0,0,18,304,0,82,2
08-06 13:45:04,24.003,5.001,68.009,0.750,0,5519464,153696,185344,2154612,24931.281,1662.219,0,1308.172,0,114.015,5195,6470,0.620,0.880,1.030,2,0,0,0,0,18,305,0,82,2
08-06 13:45:05,9.011,2.002,86.355,1.001,0,5519428,153696,185344,2154648,12061.687,1459.778,0,1309.595,0,129.157,2716,3828,0.620,0.880,1.030,1,0,0,0,0,18,303,0,83,2
08-06 13:45:06,23.275,4.004,69.324,1.752,0,5519452,153472,185344,2154848,17949.158,2518.688,0,1761.881,0,199.213,4508,5604,0.620,0.880,1.030,0,2,0,0,0,18,303,0,76,2
08-06 13:45:07,6.985,1.497,89.812,0.499,0,5519436,153472,185344,2154864,10355.266,1748.331,0,1305.260,0,102.784,1997,2754,0.620,0.880,1.030,4,1,0,0,0,18,302,0,77,2
08-06 13:45:08,14.521,2.504,80.367,0.501,0,5512944,159932,185344,2154896,8891.990,1664.432,0,1470.148,0,134.196,3303,4143,0.620,0.880,1.030,3,1,0,0,0,18,304,0,77,2
08-06 13:45:09,17.497,2.000,77.236,1.000,0,5512656,160168,185344,2154948,26102.205,3897.284,0,4539.166,0,289.947,3443,4205,0.570,0.870,1.030,1,0,1.000,0,0,18,303,0,81,2
08-06 13:45:10,8.250,1.500,88.749,1.000,0,5513100,159692,185348,2154976,12397.824,2035.971,0,887.987,0,82.999,2170,2803,0.570,0.870,1.030,2,1,0,0,0,18,303,0,72,2
08-06 13:45:11,8.237,0.998,88.365,0.499,0,5513464,159188,185348,2155116,13493.409,1617.532,0,651.007,0,49.924,2186,2639,0.570,0.870,1.030,2,0,0,0,0,18,304,0,73,2
08-06 13:45:12,22.536,3.255,71.864,1.002,0,5513632,158964,185348,2155172,28397.873,3465.476,0,1278.019,0,163.258,4196,4779,0.570,0.870,1.030,0,1,2.003,0,0,18,303,0,77,2
08-06 13:45:13,13.245,1.999,82.468,0.500,0,5511460,161096,185348,2155212,12689.026,1854.273,0,695.727,0,45.982,2387,2646,0.570,0.870,1.030,2,0,0,0,0,18,302,0,80,2
08-06 13:45:14,5.503,0.750,92.299,0.250,0,5513448,158476,185348,2155844,16786.888,2948.561,620.328,580.307,12.006,52.028,1694,2240,0.530,0.850,1.020,2,1,0,0,0,18,303,0,73,2
08-06 13:45:15,11.749,2.000,83.240,1.250,0,5513400,158476,185348,2155892,22768.398,3148.640,0,1331.848,0,166.981,3129,4016,0.530,0.850,1.020,1,1,0,0,0,18,303,0,74,2
08-06 13:45:16,18.161,3.483,74.634,0.746,0,5513320,158476,185348,2155972,15398.391,1705.625,0,1154.332,0,126.379,4571,5927,0.530,0.850,1.020,2,1,0,0,0,18,304,0,74,2
08-06 13:45:17,26.588,6.020,63.460,2.007,0,5513332,158224,185348,2156212,14380.576,1625.377,0,2014.665,0,246.817,6328,8471,0.530,0.850,1.020,1,1,1.003,0,0,18,304,0,74,2
08-06 13:45:18,24.540,5.259,65.608,2.504,0,5513256,158224,185348,2156288,15385.314,1622.670,0,3561.860,0,307.506,6036,8306,0.530,0.850,1.020,2,0,0,0,0,18,304,0,74,2
08-06 13:45:19,24.745,4.999,66.237,1.750,0,5514060,157216,185348,2156488,12593.442,1619.671,0,5866.808,0,376.923,5610,7149,0.560,0.860,1.020,1,2,1.000,0,0,18,304,0,74,2
08-06 13:45:20,23.457,4.492,67.627,0.998,0,5514240,156964,185348,2156560,10995.060,1617.067,0,1109.987,0,112.795,5223,6756,0.560,0.860,1.020,1,1,0,0,0,18,305,0,75,2
08-06 13:45:21,17.252,3.750,74.758,1.750,0,5515360,155784,185348,2156620,20727.112,1458.149,0,6352.647,0,845.086,4982,6040,0.560,0.860,1.020,2,1,0,0,0,18,303,0,76,2
08-06 13:45:22,12.523,2.505,82.402,1.002,0,5515192,155784,185348,2156788,11452.134,1689.117,0,2035.757,0,141.261,3228,4067,0.560,0.860,1.020,2,0,0,0,0,18,304,0,72,2
08-06 13:45:23,9.497,1.500,86.976,0.750,0,5515400,155532,185348,2156832,14667.956,2996.174,0,1287.645,0,131.964,2630,3443,0.560,0.860,1.020,0,0,0,0,0,18,303,0,72,2
08-06 13:45:24,19.253,4.751,72.762,0.750,0.250,5515820,154776,185348,2157168,13707.260,1620.267,0,1300.214,0,144.024,4822,6282,0.600,0.860,1.020,2,1,0,0,0,18,305,0,72,2
08-06 13:45:25,25.231,4.996,64.452,2.248,0,5515732,154524,185348,2157508,11846.188,1618.796,0,2370.237,0,278.793,6066,8199,0.600,0.860,1.020,1,1,0,0,0,18,304,0,72,2
08-06 13:45:26,24.963,6.490,62.658,2.496,0.250,5515664,154524,185348,2157576,10349.806,1617.625,0,6099.047,0,462.321,6146,8671,0.600,0.860,1.020,0,1,0,0,0,18,304,0,68,2
08-06 13:45:27,24.799,4.509,68.386,1.002,0,5516092,154020,185352,2157648,16290.399,1623.228,0,1675.332,0,132.263,5162,6240,0.600,0.860,1.020,1,1,0,0,0,18,304,0,68,2
08-06 13:45:28,23.970,4.494,68.913,0.999,0,5515888,154020,185352,2157852,12069.790,1617.961,0,1817.709,0,109.862,5081,6428,0.600,0.860,1.020,1,2,0,0,0,18,304,0,71,2
08-06 13:45:29,25.312,4.511,65.660,1.253,0,5516044,153772,185356,2157940,13346.436,1623.947,0,1635.976,0,199.485,5310,6938,0.790,0.900,1.030,4,1,1.002,0,0,18,303,0,72,2
08-06 13:45:30,8.244,1.749,88.185,0.500,0,5516276,153520,185356,2157960,13804.875,2443.208,0,1123.176,0,91.933,2315,3067,0.790,0.900,1.030,3,0,0,0,0,18,304,0,70,2
08-06 13:45:31,22.494,4.499,68.981,1.750,0,5516788,152764,185356,2158204,16733.497,3982.928,0,2107.433,0,250.932,4964,6540,0.790,0.900,1.030,1,1,0,0,0,18,303,0,71,2
08-06 13:45:32,11.246,2.499,83.222,1.000,0,5517260,152260,185356,2158236,14868.934,1619.448,0,1179.598,0,117.960,2802,3507,0.790,0.900,1.030,1,1,1.000,0,0,18,304,0,72,2
08-06 13:45:33,14.510,2.502,80.555,1.001,0,5525012,144448,185356,2158296,18413.638,2607.790,0,1549.063,0,169.116,3429,4572,0.790,0.900,1.030,0,2,0,0,0,18,303,0,74,2
08-06 13:45:34,20.989,3.748,71.713,1.249,0,5525036,144196,185356,2158524,14676.469,2538.697,0,1735.110,0,197.898,4339,5519,0.890,0.910,1.040,1,2,0,0,0,18,303,0,72,2
08-06 13:45:35,8.978,1.746,85.046,1.995,0,5525020,144196,185356,2158540,15798.132,1681.968,0,6081.423,0,386.075,3168,4482,0.890,0.910,1.040,1,1,0,0,0,18,304,0,72,2
08-06 13:45:36,26.214,4.244,66.659,0.749,0,5525044,143944,185356,2158768,39159.372,3455.268,0,934.720,0,102.859,4472,4568,0.890,0.910,1.040,2,0,0,0,0,18,303,0,72,2
08-06 13:45:37,8.267,2.004,87.681,0.501,0,5525012,143944,185356,2158800,15470.904,3003.193,0,1054.174,0,112.231,2613,3587,0.890,0.910,1.040,2,0,0,0,0,18,304,0,72,2
08-06 13:45:38,12.260,2.252,83.067,1.001,0,5525460,143440,185356,2158856,19677.773,3300.646,0,1136.911,0,135.108,3325,4435,0.890,0.910,1.040,1,0,0,0,0,18,303,0,72,2
08-06 13:45:39,16.735,2.498,77.183,1.748,0,5525540,143188,185356,2159044,25405.900,3456.993,0,1798.436,0,176.846,4031,5033,0.980,0.930,1.040,0,1,0.999,0,0,18,303,0,65,2
08-06 13:45:40,12.256,2.501,83.538,0.500,0,5525500,143188,185356,2159084,14072.396,2059.936,0,952.433,0,89.040,2899,3682,0.980,0.930,1.040,0,1,0,0,0,18,303,0,66,2
08-06 13:45:41,7.764,2.003,86.651,1.252,0,5525044,143608,185356,2159120,28902.458,3068.357,0,6751.787,0,906.583,3564,4293,0.980,0.930,1.040,3,0,1.002,0,0,18,304,0,66,2
08-06 13:45:42,24.244,4.499,67.483,1.500,0.250,5524776,143608,185356,2159388,13073.703,1661.581,0,1643.586,0,187.953,5880,7829,0.980,0.930,1.040,2,1,0,0,0,18,304,0,66,2
08-06 13:45:43,25.758,5.252,63.269,3.001,0,5524924,143356,185356,2159492,14385.325,1620.487,0,3176.955,0,372.112,6493,9242,0.980,0.930,1.040,2,0,0,0,0,18,304,0,65,2
08-06 13:45:44,23.751,5.500,65.254,2.500,0,5525088,143104,185356,2159580,22288.215,1706.093,0,7048.384,0,476.026,5912,8092,0.980,0.930,1.040,2,0,0,0,0,18,304,0,65,2
08-06 13:45:45,23.454,4.990,67.868,0.998,0,5525384,142600,185356,2159788,12548.535,1616.848,0,1632.817,0,133.739,5239,6572,0.980,0.930,1.040,3,0,0,0,0,18,304,0,65,2
08-06 13:45:46,24.041,3.756,68.616,1.002,0,5525972,141844,185356,2159956,9252.607,1460.463,96.162,1298.190,5.008,118.199,5229,6627,0.980,0.930,1.040,1,0,0,0,0,18,304,0,65,2
08-06 13:45:47,26.466,6.242,62.920,1.498,0,5552220,115392,185356,2161028,16233.378,1617.945,0,1709.828,0,172.781,5922,8967,0.980,0.930,1.040,3,0,33.957,0,0,18,304,0,58,2
08-06 13:45:48,29.244,7.249,59.739,0.750,0,5548408,137140,185348,2142436,15052.118,1619.690,0,1495.714,0,140.973,6075,15083,0.980,0.930,1.040,1,0,2.000,0,0,18,304,0,61,2
08-06 13:45:49,24.322,5.767,66.698,1.504,0,5548552,136932,185348,2142500,23295.313,1711.091,0,1644.894,0,185.552,5420,7238,1.220,0.980,1.060,1,0,1.003,0,0,18,304,0,61,2
08-06 13:45:50,27.158,5.980,61.292,2.242,0,5547084,138304,185348,2142596,15683.702,1614.513,0,2459.641,0,286.028,6287,8652,1.220,0.980,1.060,3,0,2.990,0,0,18,304,0,62,2
08-06 13:45:51,28.731,5.496,59.711,2.748,0,5547648,137576,185348,2142760,11324.654,1618.950,0,7103.392,0,515.665,6761,9622,1.220,0.980,1.060,1,0,1.999,0,0,18,304,0,60,2
08-06 13:45:52,26.476,4.746,65.689,0.749,0,5548316,136568,185348,2143100,12849.128,1618.505,0,1426.682,0,127.882,5417,6752,1.220,0.980,1.060,1,0,1.998,0,0,18,304,0,60,2
08-06 13:45:53,24.595,5.270,66.005,1.506,0,5548744,136064,185348,2143176,16656.272,1692.531,0,1578.089,0,183.709,5520,7004,1.220,0.980,1.060,2,0,0,0,0,18,301,0,61,2
08-06 13:45:54,8.752,2.250,87.017,0.500,0,5548404,136344,185352,2143216,11334.182,2405.463,0,1776.342,0,133.026,2498,3371,1.120,0.970,1.050,0,0,0,0,0,18,303,0,61,2
08-06 13:45:55,12.751,2.750,81.004,1.250,0,5548320,136344,185352,2143300,10133.446,2503.110,32.001,1568.069,2.000,172.008,3350,4459,1.120,0.970,1.050,0,0,1.000,0,0,18,303,0,53,2
08-06 13:45:56,16.738,4.247,75.444,0.999,0,5549768,134836,185352,2143360,25577.996,1618.797,0,1327.014,0,139.896,3786,4577,1.120,0.970,1.050,4,0,5.996,0,0,18,304,0,54,2
08-06 13:45:57,4.497,1.249,92.184,0.749,0,5549752,134836,185352,2143376,12238.216,2502.204,0,855.386,0,85.938,1971,2787,1.120,0.970,1.050,4,0,0,0,0,18,303,0,54,2
08-06 13:45:58,13.503,2.751,81.767,1.000,0,5549636,134836,185352,2143492,13376.731,2083.425,0,1264.258,0,127.026,3357,4325,1.120,0.970,1.050,1,0,0,0,0,18,303,0,55,2
08-06 13:45:59,14.758,2.501,77.043,2.752,0,5549908,134360,185352,2143696,19422.827,2643.474,0,6427.583,0,419.234,4220,6005,1.270,1,1.060,0,0,1.001,0,0,18,303,0,47,2
08-06 13:46:00,6.231,1.496,89.731,0.499,0,5549772,134360,185352,2143832,12094.698,1615.152,0,534.396,0,44.865,2065,2642,1.270,1,1.060,1,0,0,0,0,18,304,0,47,2
08-06 13:46:01,7.775,2.257,87.779,0.752,0,5549736,134360,185352,2143868,11836.683,2089.653,0,1115.551,0,134.428,2866,4040,1.270,1,1.060,1,0,0,0,0,18,303,0,47,2
08-06 13:46:02,14.752,2.250,78.513,1.750,0,5540108,143920,185352,2143936,14616.468,2342.395,0,7125.203,0,956.161,4178,4943,1.270,1,1.060,0,0,0,0,0,18,303,0,47,2
08-06 13:46:03,12.502,2.250,82.760,1.000,0,5540056,143920,185352,2143988,13113.586,2125.257,0,1152.139,0,122.015,3065,3887,1.270,1,1.060,1,0,0,0,0,18,303,0,46,2
08-06 13:46:04,6.235,1.746,89.541,0.249,0,5540004,143920,185352,2144040,11521.051,1616.219,0,550.712,0,38.909,1909,2284,1.170,0.990,1.060,1,0,0,0,0,18,304,0,46,2
08-06 13:46:05,10.268,2.004,84.651,1.252,0,5539884,143980,185352,2144100,14907.519,2507.461,0,1113.982,0,135.241,3020,3968,1.170,0.990,1.060,2,0,0,0,0,18,303,0,46,2
08-06 13:46:06,13.496,2.999,81.723,1.000,0,5539696,143980,185352,2144288,13641.531,1920.371,0,1355.556,0,150.951,3471,4504,1.170,0.990,1.060,0,0,0,0,0,18,303,0,47,2
08-06 13:46:07,12.454,2.989,81.700,0.747,0,5539624,143980,185352,2144360,9759.155,1614.072,0,1044.165,0,100.630,3241,4057,1.170,0.990,1.060,4,1,0,0,0,18,304,0,41,2
08-06 13:46:08,10.293,2.511,83.352,1.757,0,5539580,143980,185352,2144404,13899.655,2158.107,0,5121.612,0,351.483,3497,4865,1.170,0.990,1.060,1,0,0,0,0,18,303,0,43,2
08-06 13:46:09,14.195,2.490,80.438,1.245,0,5540036,143476,185352,2144452,19348.071,3285.277,0,1107.710,0,129.498,3536,4438,1.080,0.970,1.050,2,0,0.996,0,0,18,303,0,43,2
08-06 13:46:10,13.282,3.258,80.942,0.752,0,5539984,143476,185352,2144504,8779.879,1623.862,0,1411.356,0,123.293,3674,4963,1.080,0.970,1.050,4,0,0,0,0,18,303,0,43,3
08-06 13:46:11,25.028,5.756,65.573,1.251,0,5539792,143476,185352,2144696,13510.123,1459.634,0,1553.739,0,191.214,5636,7152,1.080,0.970,1.050,1,0,1.001,0,0,18,304,0,37,2
08-06 13:46:12,26.933,5.486,63.342,2.244,0,5540144,143028,185352,2144792,13896.390,1615.975,31.920,5482.346,0.998,762.102,6241,8166,1.080,0.970,1.050,4,1,1.995,0,0,18,304,0,37,2
08-06 13:46:13,24.825,4.764,67.955,1.003,0,5540032,143028,185352,2144904,11004.264,1624.912,0,1640.960,0,161.488,5484,7108,1.080,0.970,1.050,2,0,0,0,0,18,304,0,40,2
08-06 13:46:14,23.756,4.001,68.768,0.750,0,5540588,142272,185352,2145104,11345.923,486.125,0,1316.339,0,101.026,5367,6594,1.070,0.970,1.050,1,0,0,0,0,18,304,0,41,2
08-06 13:46:15,24.958,4.992,65.889,1.497,0,5541272,141516,185352,2145176,11744.270,1132.098,0,1964.699,0,189.681,5287,6873,1.070,0.970,1.050,1,0,0,0,0,18,303,0,35,2
08-06 13:46:16,3.983,0.996,92.601,0.996,0,5541200,141516,185352,2145248,19743.890,1706.643,47.794,1505.510,2.987,111.519,1885,2636,1.070,0.970,1.050,1,0,0,0,0,18,304,0,35,2
08-06 13:46:17,25.161,4.982,63.774,2.740,0,5541204,141264,185352,2145496,9903.916,1614.281,0,5460.656,0,463.359,5769,7949,1.070,0.970,1.050,6,0,0,0,0,18,302,0,37,2
08-06 13:46:18,4.795,1.262,92.369,1.009,0,5541188,141264,185352,2145520,9464.055,1471.850,0,2556.052,0,167.577,1951,2928,1.070,0.970,1.050,0,0,0,0,0,18,303,0,37,2
08-06 13:46:19,23.000,3.750,69.499,1.250,0,5541092,141264,185352,2145616,13422.741,1619.969,0,1579.970,0,156.997,5086,6109,1.070,0.970,1.050,2,0,1.000,0,0,18,304,0,39,2
08-06 13:46:20,27.215,4.994,63.919,1.498,0,5541144,141012,185352,2145816,11434.445,1617.940,0,2157.254,0,222.716,5739,7700,1.070,0.970,1.050,1,0,0.999,0,0,18,304,0,39,2
08-06 13:46:21,25.027,5.256,64.318,2.252,0,5541040,141012,185352,2145920,12894.663,1621.718,0,3307.504,0,345.366,6279,8732,1.070,0.970,1.050,2,0,0,0,0,18,304,0,39,2
08-06 13:46:22,24.506,4.501,67.518,1.500,0,5541228,140760,185352,2145984,12053.188,1458.386,0,2020.534,0,183.048,5446,6909,1.070,0.970,1.050,1,0,0,0,0,18,304,0,40,2
08-06 13:46:23,23.002,4.750,68.505,0.750,0.250,5541784,140004,185352,2146184,13330.905,1620.110,0,1312.089,0,102.007,5137,6274,1.070,0.970,1.050,1,0,0,0,0,18,304,0,40,2
08-06 13:46:24,24.481,4.497,66.699,1.749,0,5543740,137988,185352,2146244,12007.773,1522.830,0,6011.381,0,361.722,5234,6659,1.060,0.970,1.050,2,0,0,0,0,18,304,0,38,2
08-06 13:46:25,23.516,5.003,68.046,1.501,0,5543664,137988,185352,2146324,9261.307,1687.149,0,1801.227,0,217.148,5285,7190,1.060,0.970,1.050,1,0,0,0,0,18,304,0,38,2
08-06 13:46:26,24.758,5.002,65.522,2.251,0,5543720,137736,185352,2146520,8950.974,1620.538,0,2236.743,0,264.088,5811,7864,1.060,0.970,1.050,1,0,0,0,0,18,304,0,38,2
08-06 13:46:27,24.438,4.738,67.079,1.247,0,5544120,137260,185352,2146596,12512.097,1615.880,0,6295.947,0,831.879,5940,6883,1.060,0.970,1.050,3,1,0,0,0,18,304,0,38,2
08-06 13:46:28,24.056,4.260,68.410,0.752,0,5544048,137260,185352,2146668,10536.710,1461.427,0,1311.075,0,106.249,5211,6685,1.060,0.970,1.050,1,0,0,0,0,18,304,0,38,2
08-06 13:46:29,16.999,3.750,76.247,0.500,0,5544112,137008,185352,2146856,12546.510,1619.937,0,835.967,0,67.997,4102,5092,0.970,0.950,1.040,0,0,1.000,0,0,18,304,0,38,2
08-06 13:46:30,10.503,2.251,84.521,0.750,0,5544324,136756,185352,2146896,12968.297,1242.316,0,1256.319,0,87.022,3060,4022,0.970,0.950,1.040,1,0,0,0,0,18,304,0,38,2
08-06 13:46:31,26.245,4.999,64.238,1.750,0,5544252,136756,185352,2146968,17525.856,2726.511,0,2095.624,0,246.956,6215,8211,0.970,0.950,1.040,3,0,0,0,0,18,304,0,39,2
08-06 13:46:32,25.963,5.243,64.908,2.247,0,5544168,136756,185352,2147052,13512.846,1617.707,0,2260.795,0,265.623,5850,7848,0.970,0.950,1.040,1,0,0,0,0,18,304,0,34,2
08-06 13:46:33,24.146,4.481,65.966,1.991,0,5544208,136504,185352,2147264,21861.718,1613.044,0,7324.413,0,502.831,6154,8797,0.970,0.950,1.040,1,0,0,0,0,18,304,0,36,2
08-06 13:46:34,25.135,4.524,68.368,0.251,0,5544648,136000,185352,2147328,13109.603,1628.772,0,1126.065,0,88.477,5485,6881,0.980,0.960,1.040,5,0,1.005,0,0,18,304,0,36,2
08-06 13:46:35,23.685,4.238,68.313,1.496,0,5545188,135244,185352,2147544,14277.900,1615.576,0,1475.958,0,164.549,5398,6814,0.980,0.960,1.040,1,0,0,0,0,18,304,0,36,2
08-06 13:46:36,25.067,4.763,66.929,1.003,0.251,5545356,134992,185352,2147628,20611.206,3005.049,0,1524.082,0,176.473,5807,7479,0.980,0.960,1.040,1,0,0,0,0,18,304,0,30,2
08-06 13:46:37,24.991,5.248,65.226,1.999,0,5545280,134992,185352,2147704,15222.337,1619.398,0,1839.316,0,219.918,5813,7751,0.980,0.960,1.040,1,0,0,0,0,18,304,0,31,2
08-06 13:46:38,25.267,5.504,63.793,1.751,0,5545068,134992,185352,2147916,12468.354,1513.014,0,2505.679,0,283.190,6261,8543,0.980,0.960,1.040,3,0,0,0,0,18,304,0,31,2
08-06 13:46:39,25.484,4.997,64.708,2.748,0,5545964,133988,185352,2148024,12935.691,1349.133,0,6847.601,0,491.684,6476,9191,1.060,0.970,1.050,1,0,0.999,0,0,18,304,0,31,2
08-06 13:46:40,25.222,3.996,67.924,0.749,0,5546652,133232,185352,2148092,11201.492,1390.447,0,1470.358,0,114.872,5067,6245,1.060,0.970,1.050,1,0,0,0,0,18,304,0,31,2
08-06 13:46:41,24.540,4.758,67.611,1.252,0.250,5546464,133232,185352,2148280,10489.275,1460.405,0,1814.989,0,128.211,5376,6715,1.060,0.970,1.050,1,0,0,0,0,18,303,0,33,2
08-06 13:46:42,24.040,4.007,69.367,1.002,0,5546616,132980,185352,2148380,12038.261,1622.731,32.054,1214.043,1.002,136.229,5302,6296,1.060,0.970,1.050,1,0,0,0,0,18,304,0,33,2
08-06 13:46:43,20.705,3.991,71.345,1.746,0,5546888,132476,185352,2148612,12050.750,2566.410,0,1816.044,0,214.533,4934,6518,1.060,0.970,1.050,0,0,0,0,0,18,303,0,35,2
08-06 13:46:44,13.241,1.749,82.192,0.500,0,5546852,132476,185352,2148648,10047.959,2081.541,0,1387.028,0,126.911,3097,4002,1.050,0.970,1.050,1,1,0,0,0,18,303,0,34,2
08-06 13:46:45,6.757,1.502,90.344,0.250,0,5546828,132476,185352,2148672,18396.060,2729.828,0,1017.054,0,69.072,2127,2714,1.050,0.970,1.050,1,0,0,0,0,18,304,0,34,2
08-06 13:46:46,17.749,3.500,74.997,1.750,0,5546988,132224,185352,2148764,11909.468,1706.924,0,1543.931,0,180.992,4052,5351,1.050,0.970,1.050,0,0,0,0,0,18,303,0,36,2
08-06 13:46:47,16.233,2.997,77.168,2.248,0,5547324,131720,185352,2148932,14050.009,1618.273,15.983,4686.999,0.999,287.693,3691,4589,1.050,0.970,1.050,8,0,0,0,0,18,304,0,36,2
08-06 13:46:48,21.222,10.486,62.667,2.996,0,5576696,159512,184228,2093304,11790.330,1563.922,0,7845.573,0,1080.564,6054,15955,1.050,0.970,1.050,2,0,35.952,0,0,18,304,0,34,2
08-06 13:46:49,17.553,2.508,76.228,1.003,0,5568180,167972,184228,2093360,18025.030,3362.078,0,1376.125,0,148.445,4059,5025,1.050,0.970,1.050,1,0,1.003,0,0,18,303,0,34,2
08-06 13:46:50,14.497,2.000,79.483,1.500,0,5568340,167748,184228,2093424,13085.190,1619.652,0,1335.713,0,164.965,3486,4410,1.050,0.970,1.050,2,1,0,0,0,18,304,0,34,2
08-06 13:46:51,26.495,5.999,62.988,1.750,0,5571200,164752,184228,2093560,12707.565,1619.690,47.991,1763.662,1.000,219.958,6518,8791,1.050,0.970,1.050,1,0,2.999,0,0,18,305,0,34,2
08-06 13:46:52,29.963,6.242,59.426,2.247,0,5570984,164752,184228,2093776,12405.531,1629.967,0,2349.071,0,275.656,6592,8836,1.050,0.970,1.050,3,0,0.999,0,0,18,306,0,31,2
08-06 13:46:53,35.779,7.506,52.542,2.002,0,5571024,164508,184228,2094012,11818.458,1663.331,128.103,3222.579,8.006,351.281,7553,10320,1.050,0.970,1.050,1,0,2.002,0,0,18,304,0,32,2
08-06 13:46:54,24.761,5.503,63.779,2.501,0,5571176,164268,184228,2094100,12933.903,1620.740,4.002,5550.533,1.000,443.202,6397,8982,1.050,0.970,1.050,3,0,0,0,0,18,304,0,32,2
08-06 13:46:55,23.754,5.001,68.510,1.250,0,5570972,164268,184228,2094304,12546.857,1620.240,0,2712.401,0,192.028,5039,6224,1.050,0.970,1.050,1,0,0,0,0,18,304,0,32,2
08-06 13:46:56,24.247,5.749,65.742,0.500,0,5568884,166220,184228,2094440,15264.039,1511.806,67.991,991.873,1.000,92.988,5347,6330,1.050,0.970,1.050,1,0,5.999,0,0,18,305,0,31,2
08-06 13:46:57,25.401,9.463,61.760,1.743,0,5560676,166824,184228,2102044,10330.788,2511.225,0,4988.582,0,641.503,5352,5844,1.050,0.970,1.050,3,1,1.992,0,0,18,303,0,32,2
08-06 13:46:58,9.540,1.506,86.860,0.753,0,5560668,166824,184228,2102052,12198.526,1518.289,0,1727.154,0,134.557,2608,3535,1.050,0.970,1.050,1,0,0,0,0,18,304,0,32,2
08-06 13:46:59,23.646,4.480,67.952,1.245,0,5562300,165064,184228,2102180,14788.111,1612.923,59.738,1250.513,3.983,121.467,4722,5579,1.120,0.990,1.050,2,0,0.996,0,0,18,304,0,32,2
08-06 13:47:00,8.032,1.757,87.353,0.753,0,5562264,165064,184228,2102216,20982.826,3474.044,0,1228.968,0,116.471,2934,3989,1.120,0.990,1.050,0,0,0,0,0,18,303,0,32,2
08-06 13:47:01,22.648,4.729,68.441,1.742,0,5560112,167016,184228,2102416,12540.350,1558.957,15.928,2078.610,0.996,221.997,5689,7499,1.120,0.990,1.050,1,0,0,0,0,18,305,0,31,2
08-06 13:47:02,25.871,5.275,64.302,1.758,0,5560524,166512,184228,2102508,12455.405,1627.632,0,2463.552,0,273.281,5967,8025,1.120,0.990,1.050,1,0,0,0,0,18,304,0,31,2
08-06 13:47:03,26.248,6.250,61.246,4.000,0,5560436,166512,184228,2102596,11983.230,1511.903,0,8015.485,0,613.961,6627,9602,1.120,0.990,1.050,1,0,0,0,0,18,304,0,31,2
08-06 13:47:04,24.492,3.749,68.476,0.500,0,5560460,166260,184228,2102824,11211.131,1619.441,0,1327.542,0,110.962,5069,5987,1.110,0.990,1.050,1,0,0,0,0,18,304,0,33,2
08-06 13:47:05,23.257,5.001,69.020,0.750,0,5560400,166260,184228,2102884,10845.079,1620.460,0,844.240,0,73.021,5015,6165,1.110,0.990,1.050,1,0,0,0,0,18,304,0,36,2
08-06 13:47:06,23.727,4.496,67.684,1.499,0,5561180,165264,184228,2103100,12613.611,1348.675,0,1754.277,0,197.806,5300,6623,1.110,0.990,1.050,2,0,0,0,0,18,304,0,36,2
08-06 13:47:07,13.259,2.251,82.553,1.001,0,5561032,165264,184228,2103232,13056.374,1933.240,0,1468.942,0,128.082,3119,4080,1.110,0.990,1.050,1,0,0,0,0,18,303,0,38,2
08-06 13:47:08,18.999,2.500,74.996,1.000,0,5561200,165012,184228,2103316,23873.693,4546.751,0,1455.920,0,145.992,3906,4594,1.110,0.990,1.050,1,0,0,0,0,18,303,0,39,2
08-06 13:47:09,14.774,2.254,81.130,0.501,0,5561032,165012,184228,2103484,20153.307,3067.918,0,1209.940,0,101.162,3147,3457,1.100,0.990,1.050,2,0,1.002,0,0,18,304,0,36,2
08-06 13:47:10,14.483,1.998,79.906,0.749,0,5560964,165012,184228,2103552,28809.239,6088.865,0,1034.787,0,107.874,3306,4147,1.100,0.990,1.050,0,0,0,0,0,18,303,0,36,2
08-06 13:47:11,22.504,2.750,72.011,1.250,0,5562432,163500,184228,2103596,12329.943,2083.328,0,1320.208,0,151.024,4109,4909,1.100,0.990,1.050,1,1,0,0,0,18,303,0,36,2
08-06 13:47:12,6.749,2.250,87.991,1.750,0,5562356,163500,184228,2103672,16577.324,2996.697,0,5203.474,0,267.973,2719,3784,1.100,0.990,1.050,1,0,2.000,0,0,18,304,0,37,2
08-06 13:47:13,22.997,5.249,67.991,1.250,0,5562964,162744,184228,2103820,12590.261,1619.776,31.996,9510.686,1.000,172.976,5682,7126,1.100,0.990,1.050,1,0,0,0,0,18,304,0,36,2
08-06 13:47:14,25.528,5.256,64.071,2.503,0.250,5562752,162744,184228,2104032,12592.926,1567.734,0,3303.653,0,344.381,6248,8546,1.580,1.090,1.080,1,0,0,0,0,18,304,0,36,2
08-06 13:47:15,25.708,4.493,64.644,1.997,0,5562556,162744,184228,2104228,10433.864,796.692,0,2659.632,0,281.538,5931,8008,1.580,1.090,1.080,2,0,0,0,0,18,304,0,37,2
08-06 13:47:16,23.507,4.751,68.521,1.000,0,5562484,162744,184228,2104300,18447.623,1498.457,0,1408.429,0,114.035,5105,6122,1.580,1.090,1.080,1,0,0,0,0,18,304,0,37,2
08-06 13:47:17,24.214,4.493,67.898,0.999,0,5563796,161232,184228,2104500,10948.572,1617.573,0,1226.160,0,102.846,5317,6540,1.580,1.090,1.080,4,0,0,0,0,18,305,0,32,2
08-06 13:47:18,25.292,5.259,66.360,1.753,0,5566976,157956,184228,2104596,25082.513,2522.174,0,1895.137,0,228.378,5465,7120,1.580,1.090,1.080,0,0,0,0,0,18,303,0,33,2
08-06 13:47:19,8.501,1.500,87.262,0.500,0,5566524,158392,184228,2104612,14414.990,1632.225,0,1312.181,0,111.015,2494,3308,1.450,1.070,1.080,1,0,1.000,0,0,18,304,0,33,2
08-06 13:47:20,15.506,2.501,76.778,3.001,0.250,5566564,158168,184228,2104796,17228.336,2998.103,0,6678.456,0,459.169,4140,6249,1.450,1.070,1.080,0,0,0,0,0,18,303,0,33,2
08-06 13:47:21,16.488,2.248,78.194,0.749,0,5565748,158924,184228,2104856,14406.611,2428.249,0,1371.011,0,155.888,3703,4739,1.450,1.070,1.080,2,1,0,0,0,18,303,0,29,2
08-06 13:47:22,7.493,0.749,88.920,1.249,0,5565960,158672,184228,2104896,18430.455,2713.564,0,939.157,0,80.927,2478,3260,1.450,1.070,1.080,1,0,0,0,0,18,304,0,29,2
08-06 13:47:23,24.034,4.506,68.847,0.751,0,5565904,158672,184228,2104952,11214.844,1622.292,0,1265.788,0,145.205,5385,6996,1.450,1.070,1.080,1,0,0,0,0,18,304,0,29,2
08-06 13:47:24,26.252,5.751,62.256,2.250,0,5566928,157440,184228,2105160,11924.101,1512.140,0,2264.209,0,284.026,6464,8738,1.410,1.070,1.080,1,0,1.000,0,0,18,304,0,29,2
08-06 13:47:25,24.239,4.748,67.469,1.749,0,5566480,157796,184228,2105252,10115.387,1619.262,0,1991.092,0,202.907,5464,7165,1.410,1.070,1.080,2,0,0,0,0,18,304,0,27,2
08-06 13:47:26,23.749,4.250,68.746,0.500,0,5566520,157572,184228,2105436,15026.149,1619.908,0,1491.916,0,148.992,5045,6278,1.410,1.070,1.080,1,0,0,0,0,18,304,0,27,2
08-06 13:47:27,24.475,4.745,67.680,0.749,0,5567420,156592,184228,2105516,13893.650,1618.328,0,1010.956,0,79.917,5081,5907,1.410,1.070,1.080,2,1,0,0,0,18,305,0,27,2
08-06 13:47:28,21.278,3.755,71.092,1.752,0,5567188,156592,184228,2105748,10370.410,2518.256,0,2058.662,0,244.316,4949,6893,1.410,1.070,1.080,0,0,0,0,0,18,303,0,28,2
08-06 13:47:29,14.001,3.000,78.755,2.000,0,5567792,155948,184228,2105788,13586.777,2083.119,0,5164.295,0,338.019,3654,4805,1.380,1.070,1.080,2,0,1.000,0,0,18,303,0,29,2
08-06 13:47:30,6.748,1.749,88.221,1.250,0,5567992,155724,184228,2105812,16373.589,2996.010,0,4866.392,0,324.893,2865,3778,1.380,1.070,1.080,2,0,1.999,0,0,18,303,0,29,2
08-06 13:47:31,25.762,5.002,65.530,1.501,0,5568404,155220,184228,2105904,14951.804,2998.364,0,1784.812,0,159.072,5767,7400,1.380,1.070,1.080,1,0,0,0,0,18,304,0,29,2
08-06 13:47:32,24.981,6.245,63.701,2.248,0,5568184,155220,184228,2106124,12293.529,1510.836,0,2941.734,0,331.744,6579,9272,1.380,1.070,1.080,2,0,0,0,0,18,304,0,29,2
08-06 13:47:33,25.221,3.995,67.172,1.249,0,5568832,154492,184228,2106204,12725.172,1618.114,0,1973.700,0,203.763,5827,7550,1.380,1.070,1.080,1,0,0,0,0,18,304,0,26,2
08-06 13:47:34,24.299,4.509,69.140,0.501,0,5569636,153484,184228,2106408,12363.076,1569.183,0,1386.813,0,110.224,5418,6712,1.350,1.070,1.080,1,0,0,0,0,18,304,0,26,2
08-06 13:47:35,24.999,4.500,67.247,1.000,0,5570064,152980,184228,2106484,12190.376,1511.923,0,1259.936,0,125.994,5502,6833,1.350,1.070,1.080,1,1,0,0,0,18,304,0,27,2
08-06 13:47:36,25.447,4.241,65.864,0.998,0,5569872,152980,184228,2106676,20925.644,2990.803,0,1876.113,0,189.607,5840,7478,1.350,1.070,1.080,2,0,0,0,0,18,304,0,27,2
08-06 13:47:37,26.247,5.749,63.244,2.750,0,5570020,152728,184228,2106780,13309.672,1565.844,0,2867.714,0,341.966,6504,9088,1.350,1.070,1.080,5,0,0,0,0,18,304,0,26,2
08-06 13:47:38,24.749,4.250,65.998,2.000,0,5570932,151748,184232,2106844,10987.706,1619.957,0,6455.827,0,424.989,5742,7722,1.350,1.070,1.080,1,0,0,0,0,18,304,0,27,2
08-06 13:47:39,24.216,3.994,68.653,0.749,0,5571704,150756,184232,2107048,12046.923,1509.860,0,1553.797,0,115.836,5085,6378,1.320,1.070,1.080,1,0,0.999,0,0,18,304,0,28,2
08-06 13:47:40,23.061,5.013,67.179,1.755,0,5572276,150000,184232,2107232,11366.295,1570.185,0,1560.158,0,190.508,5387,7040,1.320,1.070,1.080,2,0,0,0,0,18,303,0,28,2
08-06 13:47:41,11.764,2.002,83.599,1.001,0,5571940,150000,184232,2107568,13907.461,2586.061,0,1437.702,0,142.168,3183,4504,1.320,1.070,1.080,0,0,0,0,0,18,303,0,27,2
08-06 13:47:42,12.248,2.500,81.985,1.500,0,5572144,149748,184232,2107616,17114.954,2519.552,0,1523.729,0,175.969,3375,4507,1.320,1.070,1.080,0,0,0,0,0,18,303,0,27,2
08-06 13:47:43,15.218,2.495,79.336,0.748,0,5572368,149496,184232,2107644,8871.614,1508.873,0,2375.078,0,115.760,3356,4060,1.320,1.070,1.080,3,0,0,0,0,18,304,0,28,2
08-06 13:47:44,7.264,1.252,88.169,1.252,0,5572528,149272,184232,2107708,9976.162,2087.009,0,4769.160,0,402.774,2487,3522,1.210,1.050,1.070,1,0,0,0,0,18,303,0,28,2
08-06 13:47:45,14.001,2.750,81.505,1.000,0,5572592,149020,184232,2107896,21443.203,3460.194,0,1448.081,0,152.009,3457,4405,1.210,1.050,1.070,0,0,0,0,0,18,303,0,28,2
08-06 13:47:46,16.004,3.001,78.021,1.250,0,5572568,149020,184232,2107920,11834.127,1620.428,0,1284.339,0,148.039,3943,4995,1.210,1.050,1.070,1,0,0,0,0,18,304,0,26,2
08-06 13:47:47,23.743,4.749,66.731,1.500,0,5572508,149020,184232,2107980,13634.108,1619.538,0,1983.434,0,206.941,5492,7122,1.210,1.050,1.070,4,0,0,0,0,18,304,0,26,2
08-06 13:47:48,35.711,10.488,47.198,3.746,0,5572484,195488,183816,2062668,10803.080,1618.214,339.625,8530.587,5.993,626.309,8031,20327,1.210,1.050,1.070,2,0,35.960,0,0,18,304,0,28,2
08-06 13:47:49,23.695,6.236,64.850,2.494,0,5583896,183856,183816,2062888,12335.486,1562.388,0,1787.867,0,189.562,5791,7577,1.280,1.070,1.080,1,0,0.998,0,0,18,304,0,28,2
08-06 13:47:50,23.508,4.001,68.525,0.500,0.250,5584052,183636,183816,2062952,11363.064,1512.541,0,1196.428,0,118.042,5178,6444,1.280,1.070,1.080,2,0,0,0,0,18,304,0,25,2
08-06 13:47:51,25.330,4.514,67.213,0.752,0.251,5584732,182880,183816,2063028,9515.139,1625.148,0,1276.042,0,123.391,5243,6494,1.280,1.070,1.080,2,0,0,0,0,18,304,0,25,2
08-06 13:47:52,25.549,6.512,64.623,1.252,0,5588892,178628,183816,2063120,11022.993,1568.988,16.031,1591.030,1.002,166.317,5519,6936,1.280,1.070,1.080,3,0,3.006,0,0,18,304,0,25,2
08-06 13:47:53,17.215,2.495,76.845,1.497,0,5588748,178632,183816,2063260,14358.987,2648.648,0,2103.749,0,200.595,3901,5217,1.280,1.070,1.080,0,0,1.996,0,0,18,303,0,29,2
08-06 13:47:54,17.750,3.000,76.251,1.500,0,5588792,178392,183816,2063456,17351.264,3028.046,0,1916.029,0,189.003,3835,4973,1.420,1.100,1.090,0,0,1.000,0,0,18,303,0,27,2
08-06 13:47:55,14.000,2.750,77.999,2.750,0,5588596,178392,183816,2063652,12526.876,1403.986,0,5647.944,0,383.996,4163,5640,1.420,1.100,1.090,2,0,0,0,0,18,304,0,27,2
08-06 13:47:56,24.750,6.000,66.251,1.000,0,5588796,178140,183816,2063704,19508.307,1620.026,0,1384.022,0,154.002,5914,7487,1.420,1.100,1.090,4,0,6.000,0,0,18,305,0,27,2
08-06 13:47:57,26.436,5.986,63.597,1.995,0,5588680,178140,183816,2063820,12210.667,1508.376,0,2577.807,0,320.231,6175,8427,1.420,1.100,1.090,3,0,0,0,0,18,304,0,28,2
08-06 13:47:58,26.548,5.510,62.863,2.755,0,5588472,178140,183816,2064028,13078.449,1568.813,0,3261.848,0,343.616,6388,8744,1.420,1.100,1.090,1,0,0,0,0,18,304,0,28,2
08-06 13:47:59,25.493,5.249,64.234,1.999,0,5588400,178140,183816,2064100,9156.653,1619.585,0,2331.403,0,271.930,6181,8474,1.460,1.110,1.090,1,0,1.000,0,0,18,304,0,29,2
08-06 13:48:00,24.256,4.251,68.268,0.750,0,5588580,177888,183816,2064172,14239.783,1512.402,0,1280.340,0,111.029,4977,6015,1.460,1.110,1.090,1,0,0,0,0,18,304,0,30,2
08-06 13:48:01,24.498,4.750,66.744,1.000,0,5588380,177888,183816,2064372,11670.917,1565.855,0,1523.859,0,144.987,5472,6813,1.460,1.110,1.090,5,0,0,0,0,18,304,0,32,2
08-06 13:48:02,25.260,4.502,66.277,2.501,0,5588576,177636,183816,2064428,12099.889,1620.655,0,6718.715,0,405.164,5168,6575,1.460,1.110,1.090,1,0,0,0,0,18,304,0,33,2
08-06 13:48:03,23.951,4.241,67.362,1.497,0,5588616,177384,183816,2064640,25858.992,1616.686,0,1492.940,0,161.669,5429,6787,1.460,1.110,1.090,1,0,0,0,0,18,304,0,35,2
08-06 13:48:04,25.298,6.011,65.623,1.252,0,5588760,177132,183816,2064748,14009.360,1623.054,4.008,1815.416,1.002,207.390,5723,7584,1.590,1.150,1.100,3,0,0,0,0,18,304,0,35,2
08-06 13:48:05,27.259,4.501,63.270,2.251,0,5588656,177132,183816,2064852,15103.886,1620.524,0,2412.780,0,296.096,6497,8870,1.590,1.150,1.100,1,0,0,0,0,18,304,0,36,2
08-06 13:48:06,24.983,4.247,67.954,0.999,0,5588452,177132,183816,2065056,14321.352,1510.982,0,1610.915,0,140.905,5339,6535,1.590,1.150,1.100,4,0,0,0,0,18,304,0,33,2
08-06 13:48:07,24.271,4.754,67.558,0.500,0,5589140,176376,183816,2065124,8687.471,1633.405,0,1453.250,0,125.108,5387,6667,1.590,1.150,1.100,2,0,0,0,0,18,304,0,33,2
08-06 13:48:08,24.993,4.249,67.232,1.500,0,5590464,174864,183816,2065312,12675.663,1619.574,0,1439.621,0,148.961,5162,6445,1.590,1.150,1.100,1,0,0,0,0,18,303,0,34,2
08-06 13:48:09,23.998,4.750,67.745,1.000,0,5590404,174860,183816,2065376,12850.100,1619.887,0,1351.905,0,142.990,5530,6991,1.460,1.130,1.100,2,0,1.000,0,0,18,304,0,34,2
08-06 13:48:10,25.509,6.252,62.023,3.251,0,5590796,174384,183816,2065460,13221.814,1686.614,0,11432.162,0,748.272,6856,9739,1.460,1.130,1.100,1,0,0,0,0,18,304,0,31,2
08-06 13:48:11,28.217,4.994,62.427,1.998,0,5590964,174132,183816,2065544,11251.828,1564.169,0,2317.287,0,275.677,6616,8686,1.460,1.130,1.100,1,0,0.999,0,0,18,304,0,31,2
08-06 13:48:12,23.944,3.991,68.339,0.748,0,5590880,174132,183816,2065628,12216.267,1562.325,0,1217.137,0,104.754,5112,6279,1.460,1.130,1.100,1,0,1.995,0,0,18,304,0,32,2
08-06 13:48:13,23.809,4.511,68.920,1.002,0,5591232,173656,183816,2065752,15437.104,1624.009,0,1295.197,0,112.277,5338,6492,1.460,1.130,1.100,1,0,0,0,0,18,305,0,34,2
08-06 13:48:14,25.766,3.752,67.792,0.750,0,5591124,173404,183816,2066112,9360.753,1566.963,0,2261.390,0,111.068,5181,6066,1.500,1.140,1.100,1,0,0,0,0,18,304,0,33,2
08-06 13:48:15,25.496,5.249,65.239,1.500,0,5591040,173404,183816,2066196,10715.177,1619.724,0,2191.627,0,235.960,5794,7931,1.500,1.140,1.100,3,0,0,0,0,18,304,0,33,2
08-06 13:48:16,25.263,5.003,64.534,1.751,0,5590964,173404,183816,2066272,19085.195,1606.858,0,2649.415,0,307.164,6203,8562,1.500,1.140,1.100,1,0,0,0,0,18,304,0,33,2
08-06 13:48:17,24.202,4.741,65.371,3.244,0,5591004,173152,183816,2066484,11160.059,1616.821,0,7836.593,0,497.023,6029,8164,1.500,1.140,1.100,1,0,0,0,0,18,304,0,34,2
08-06 13:48:18,23.791,4.508,68.869,0.501,0,5591932,172172,183816,2066536,12998.533,1622.813,0,1129.959,0,99.172,4886,6020,1.500,1.140,1.100,1,0,0,0,0,18,304,0,31,2
08-06 13:48:19,23.481,4.746,69.194,0.500,0,5591552,172488,183816,2066600,11266.923,1564.739,0,835.327,0,66.946,4866,5683,1.540,1.160,1.110,1,1,0.999,0,0,18,304,0,31,2
08-06 13:48:20,25.264,3.502,67.038,1.251,0,5591832,172012,183816,2066796,13128.397,1620.913,0,1448.816,0,164.092,5526,7022,1.540,1.160,1.110,1,0,0,0,0,18,304,0,32,2
08-06 13:48:21,26.515,5.253,65.288,1.501,0,5591760,172012,183816,2066868,12579.345,1620.946,0,1472.860,0,167.098,5326,6717,1.540,1.160,1.110,2,1,0,0,0,18,304,0,32,2
08-06 13:48:22,25.731,5.746,63.952,2.248,0,5591668,172012,183816,2066960,9606.784,1576.816,0,2350.235,0,303.772,6133,8686,1.540,1.160,1.110,2,0,0,0,0,18,304,0,33,2
08-06 13:48:23,23.497,4.249,68.742,0.500,0,5591812,171760,183816,2067068,9015.925,1619.807,0,1435.829,0,118.986,5283,6532,1.540,1.160,1.110,1,0,0,0,0,18,304,0,33,2
08-06 13:48:24,23.262,5.003,68.285,1.001,0,5592728,170764,183816,2067148,12610.511,1566.809,0,1468.758,0,124.064,5295,6534,1.420,1.140,1.100,2,0,0,0,0,18,304,0,34,2
08-06 13:48:25,25.188,6.484,62.595,2.743,0,5593144,170252,183816,2067244,12989.771,1574.095,0,10302.439,0,722.208,6158,8230,1.420,1.140,1.100,2,0,0,0,0,18,303,0,36,2
08-06 13:48:26,7.016,1.253,90.202,0.752,0,5593116,170252,183816,2067272,14245.926,2522.653,0,869.950,0,86.193,2378,3188,1.420,1.140,1.100,1,0,0,0,0,18,304,0,36,2
08-06 13:48:27,21.215,3.993,71.381,1.248,0,5593208,170000,183816,2067432,13121.095,2566.715,15.973,1489.513,0.998,168.718,4337,5496,1.420,1.140,1.100,1,0,0,0,0,18,303,0,37,2
08-06 13:48:28,12.024,3.006,82.165,1.253,0,5593040,170000,183816,2067600,12037.233,1515.050,0,1414.848,0,157.317,2962,3831,1.420,1.140,1.100,4,0,0,0,0,18,304,0,37,2
08-06 13:48:29,11.998,2.499,82.983,0.750,0,5593340,169524,183816,2067776,11931.599,2516.494,0,1099.779,0,111.977,2946,4118,1.310,1.120,1.090,0,0,1.000,0,0,18,303,0,38,2
08-06 13:48:30,23.537,4.006,68.608,1.502,0,5593260,169524,183816,2067856,11662.281,2326.647,0,1514.374,0,183.287,4710,5644,1.310,1.120,1.090,0,0,0,0,0,18,303,0,41,2
08-06 13:48:31,11.736,2.247,83.900,0.749,0,5585416,177336,183816,2067888,20674.458,3005.432,0,1074.724,0,103.877,3135,3925,1.310,1.120,1.090,1,1,0,0,0,18,304,0,40,2
08-06 13:48:32,18.746,2.749,73.986,1.500,0,5586172,176356,183816,2068112,27295.893,6854.718,0,2187.591,0,259.951,4708,6462,1.310,1.120,1.090,0,0,0,0,0,18,304,0,40,2
08-06 13:48:33,12.998,2.750,81.489,1.250,0,5585200,177268,183816,2068172,15883.951,3459.554,0,1831.764,0,153.980,3446,4478,1.310,1.120,1.090,0,0,0,0,0,18,304,0,40,2
08-06 13:48:34,12.252,2.250,80.765,2.500,0,5585164,177268,183816,2068208,13634.517,2430.449,0,6541.207,0,443.082,3634,5229,1.280,1.120,1.090,2,0,0,0,0,18,304,0,40,2
08-06 13:48:35,7.497,1.749,89.215,0.250,0,5584648,177752,183816,2068240,19499.273,2648.950,0,759.699,0,60.976,2441,3209,1.280,1.120,1.090,3,0,0,0,0,18,305,0,40,2
08-06 13:48:36,26.030,5.757,64.074,2.002,0,5584440,177752,183816,2068448,24386.044,2946.388,0,1870.151,0,236.272,6394,8549,1.280,1.120,1.090,6,0,1.001,0,0,18,305,0,40,2
08-06 13:48:37,25.975,4.995,63.689,1.998,0,5584592,177500,183816,2068548,11090.440,1618.459,0,2233.873,0,274.738,6263,8486,1.280,1.120,1.090,2,0,0,0,0,18,305,0,40,2
08-06 13:48:38,26.003,5.251,65.757,1.250,0,5584860,176996,183816,2068784,8904.004,1620.183,0,2108.238,0,213.024,6436,8988,1.280,1.120,1.090,2,0,0,0,0,18,305,0,40,2
08-06 13:48:39,23.981,5.246,66.196,1.749,0,5585048,176748,183816,2068844,13473.091,1618.689,0,1926.440,0,200.837,5678,7561,1.260,1.110,1.090,3,0,0.999,0,0,18,305,0,39,2
08-06 13:48:40,25.251,4.750,66.253,1.250,0,5585180,176524,183816,2068936,12860.578,1512.068,0,5756.259,0,539.024,6023,7583,1.260,1.110,1.090,1,0,0,0,0,18,305,0,41,2
08-06 13:48:41,24.752,4.500,66.504,1.500,0,5585296,176272,183816,2069072,10430.685,1620.106,0,1796.118,0,172.011,5592,7139,1.260,1.110,1.090,1,0,0,0,0,18,305,0,41,2
08-06 13:48:42,25.993,4.999,63.733,2.999,0,5585120,176272,183816,2069248,11790.824,1565.578,0,6978.120,0,466.874,5794,7945,1.260,1.110,1.090,2,0,0,0,0,18,305,0,42,2
08-06 13:48:43,25.271,4.504,67.054,1.251,0.500,5585400,175768,183816,2069472,13434.917,1513.230,0,1497.217,0,163.133,5861,7657,1.260,1.110,1.090,0,0,0,0,0,18,305,0,41,2
08-06 13:48:44,24.259,4.502,67.026,1.751,0,5587832,173248,183816,2069560,12527.836,2505.967,0,2829.092,0,197.076,5325,6841,1.320,1.130,1.100,0,0,0,0,0,18,304,0,42,2
08-06 13:48:45,8.998,2.250,86.732,1.250,0,5587788,173248,183816,2069604,13733.081,1709.637,0,1719.634,0,165.965,2820,4023,1.320,1.130,1.100,1,0,0,0,0,18,305,0,42,2
08-06 13:48:46,7.251,1.500,88.262,0.750,0,5587872,172996,183816,2069772,10371.448,2399.335,0,1860.260,0,154.022,2506,3711,1.320,1.130,1.100,0,0,0,0,0,18,304,0,42,2
08-06 13:48:47,22.231,3.497,70.689,1.249,0,5587796,172996,183816,2069848,13437.364,1630.588,0,1510.692,0,166.856,4839,5907,1.320,1.130,1.100,2,0,0,0,0,18,305,0,42,2
08-06 13:48:48,6.756,2.502,87.573,1.001,0,5597332,163420,183816,2069888,25023.990,1976.658,12.010,1136.954,1.001,110.092,2489,3303,1.320,1.130,1.100,1,0,12.010,0,0,18,304,0,42,2
08-06 13:48:49,21.497,5.499,70.239,0.750,0,5595440,165244,183816,2069956,20071.882,3459.463,0,1227.809,0,130.980,4264,15124,1.290,1.130,1.100,0,0,24.996,0,0,18,304,0,43,2
08-06 13:48:50,16.003,4.501,75.266,2.250,0,5595036,165496,183816,2070108,11787.517,1566.335,0,5269.125,0,344.073,4273,5749,1.290,1.130,1.100,1,0,0,0,0,18,305,0,43,2
08-06 13:48:51,26.246,5.749,63.491,1.750,0,5595140,165272,183816,2070228,12609.117,1511.774,31.995,2051.694,2.000,259.961,6283,8223,1.290,1.130,1.100,1,0,0,0,0,18,305,0,41,2
08-06 13:48:52,24.237,4.997,68.714,0.750,0,5595544,164796,183816,2070300,10775.398,1631.152,0,1147.403,0,97.949,5112,6296,1.290,1.130,1.100,1,0,0,0,0,18,305,0,41,2
08-06 13:48:53,23.506,5.001,68.017,0.750,0,5595364,164796,183816,2070480,8728.183,1704.426,0,1204.301,0,114.029,5258,6393,1.290,1.130,1.100,1,0,0,0,0,18,305,0,41,2
08-06 13:48:54,27.254,6.501,61.759,1.750,0,5599516,160544,183816,2070580,8306.242,1620.242,0,2464.368,0,282.042,6133,8619,1.270,1.120,1.090,1,0,3.000,0,0,18,305,0,42,2
08-06 13:48:55,25.966,5.243,65.915,0.749,0,5599436,160544,183816,2070660,15659.699,1510.042,0,1402.182,0,114.851,5343,6443,1.270,1.120,1.090,1,0,1.997,0,0,18,305,0,41,2
08-06 13:48:56,25.780,5.506,65.075,1.251,0,5599456,160320,183816,2070864,16750.397,1621.878,0,5354.200,0,438.508,5823,6942,1.270,1.120,1.090,1,0,7.008,0,0,18,306,0,41,2
08-06 13:48:57,21.427,4.983,69.762,1.495,0.249,5599372,160320,183816,2070948,16172.810,2557.273,0,1869.620,0,214.269,4740,6200,1.270,1.120,1.090,4,0,0,0,0,18,304,0,42,2
08-06 13:48:58,14.294,2.006,80.747,1.254,0,5599344,160320,183816,2070976,11419.870,1752.351,0,2082.358,0,180.551,3219,4027,1.270,1.120,1.090,0,0,0,0,0,18,304,0,42,2
08-06 13:48:59,6.999,2.500,86.236,2.000,0,5599440,160068,183816,2071132,19359.747,2684.549,0,6726.870,0,423.929,3271,5120,1.170,1.100,1.090,1,0,1.000,0,0,18,305,0,39,2
08-06 13:49:00,23.493,5.498,67.229,1.500,0,5599388,160068,183816,2071184,11204.449,1619.487,0,1311.584,0,165.947,5479,7196,1.170,1.100,1.090,1,0,0,0,0,18,305,0,39,2
08-06 13:49:01,26.229,4.996,63.449,2.248,0,5599308,160068,183816,2071264,9182.679,1456.839,0,2374.107,0,296.763,6084,8440,1.170,1.100,1.090,1,1,0,0,0,18,305,0,39,2
08-06 13:49:02,26.051,4.759,65.879,1.252,0,5599488,159816,183816,2071336,12406.336,1689.314,0,1859.648,0,208.409,5748,7497,1.170,1.100,1.090,1,0,0,0,0,18,305,0,39,2
08-06 13:49:03,23.656,4.482,68.478,0.498,0,5600056,159060,183816,2071524,11334.029,1613.598,0,1649.455,0,104.585,5049,6060,1.170,1.100,1.090,1,0,0,0,0,18,305,0,34,2
08-06 13:49:04,19.567,3.512,74.504,1.254,0,5599980,158304,183816,2072356,11057.638,2412.211,4.014,1770.025,1.003,196.669,4174,5580,1.150,1.100,1.090,0,0,0,0,0,18,304,0,37,2
08-06 13:49:05,13.496,2.249,80.478,1.750,0,5599800,158304,183816,2072536,14605.053,2503.324,0,1927.479,0,203.945,3421,4376,1.150,1.100,1.090,0,0,0,0,0,18,304,0,37,2
08-06 13:49:06,5.968,1.492,90.262,0.497,0,5599792,158304,183816,2072544,10214.739,1450.155,0,1296.983,0,103.440,1997,2624,1.150,1.100,1.090,2,0,0,0,0,18,305,0,37,2
08-06 13:49:07,8.281,1.757,87.332,1.255,0,5599752,158304,183816,2072584,14058.396,2578.795,0,1565.948,0,152.580,2908,4144,1.150,1.100,1.090,4,0,0,0,0,18,304,0,34,2
08-06 13:49:08,18.293,3.007,72.919,3.258,0,5599684,158304,183816,2072652,12784.715,2949.856,0,6699.571,0,516.200,5144,7416,1.150,1.100,1.090,0,0,0,0,0,18,304,0,34,2
08-06 13:49:09,6.998,1.750,88.979,0.500,0,5599668,158304,183816,2072668,13660.735,2288.453,0,967.769,0,84.980,2213,2936,1.060,1.080,1.080,2,0,1.000,0,0,18,304,0,34,2
08-06 13:49:10,14.198,3.238,79.457,0.996,0.249,5599408,158304,183816,2072928,15293.526,2223.788,0,1004.291,0,77.713,3401,4006,1.060,1.080,1.080,3,0,0,0,0,18,305,0,34,2
08-06 13:49:11,17.320,2.761,78.820,1.004,0,5599460,158052,183816,2073128,12950.509,2577.450,0,1570.367,0,182.741,3705,4850,1.060,1.080,1.080,0,0,0,0,0,18,304,0,35,2
08-06 13:49:12,12.248,2.000,81.736,1.250,0,5599400,158052,183816,2073188,10317.264,2502.579,0,1303.781,0,145.975,3219,4224,1.060,1.080,1.080,0,0,2.000,0,0,18,304,0,34,2
08-06 13:49:13,13.437,2.737,80.624,0.995,0,5599364,158052,183816,2073224,15995.346,1612.474,0,1138.685,0,125.415,3123,3888,1.060,1.080,1.080,3,0,0,0,0,18,303,0,35,2
08-06 13:49:14,9.547,2.010,86.924,0.754,0,5599324,158052,183816,2073264,13682.719,2484.113,0,1093.331,0,116.568,2720,3903,0.970,1.070,1.080,0,0,0,0,0,18,304,0,36,2
08-06 13:49:15,12.249,1.750,83.494,0.500,0,5599160,158052,183816,2073428,27868.991,5718.588,0,1807.870,0,81.994,2866,3360,0.970,1.070,1.080,0,0,0,0,0,18,304,0,37,2
08-06 13:49:16,3.500,1.000,94.009,0.750,0,5599156,158052,183816,2073432,16654.594,1968.188,0,4580.438,0,372.036,1597,1805,0.970,1.070,1.080,0,0,0,0,0,18,304,0,34,2
08-06 13:49:17,3.495,0.999,93.864,0.250,0,5599144,158052,183816,2073444,10497.846,2033.065,0,611.118,0,39.942,1384,1718,0.970,1.070,1.080,0,0,0,0,0,18,304,0,34,2
08-06 13:49:18,8.263,2.253,87.383,1.002,0,5599096,158052,183816,2073492,21297.459,4665.110,0,1197.826,0,124.189,2687,3698,0.970,1.070,1.080,1,0,0,0,0,18,304,0,34,2
08-06 13:49:19,7.749,1.250,87.743,0.750,0,5599324,157800,183816,2073516,17100.645,2900.770,0,1123.911,0,120.990,2431,3421,0.900,1.050,1.070,1,0,1.000,0,0,18,304,0,34,2
08-06 13:49:20,8.974,2.244,84.508,1.994,0,5599156,157800,183816,2073684,15380.005,1615.379,0,5412.517,0,344.016,3015,4366,0.900,1.050,1.070,2,0,0,0,0,18,305,0,32,2
08-06 13:49:21,10.026,2.005,85.471,1.253,0,5599108,157800,183816,2073732,20307.537,3306.554,0,1263.268,0,153.397,3359,4740,0.900,1.050,1.070,0,0,0,0,0,18,304,0,32,2
08-06 13:49:22,22.994,4.999,68.731,0.750,0,5592064,164772,183816,2073804,15619.766,1685.543,0,1151.688,0,124.966,5086,6178,0.900,1.050,1.070,3,0,0,0,0,18,305,0,32,2
08-06 13:49:23,24.261,5.252,67.282,1.251,0,5589140,167472,183816,2074028,14023.633,1620.767,0,1712.810,0,198.094,5557,7318,0.900,1.050,1.070,2,0,0,0,0,18,305,0,33,2
08-06 13:49:24,23.252,4.000,69.505,0.750,0,5589536,167008,183816,2074096,9347.688,1458.107,0,1168.086,0,98.007,4819,5751,0.910,1.050,1.070,1,0,0,0,0,18,305,0,32,2
08-06 13:49:25,16.742,3.748,74.966,2.249,0,5589476,167008,183816,2074156,10260.376,2564.844,0,1815.182,0,220.900,4220,5763,0.910,1.050,1.070,0,0,0,0,0,18,304,0,33,2
08-06 13:49:26,16.486,2.498,77.933,0.999,0,5589536,166756,183816,2074348,13435.454,1618.609,0,1646.585,0,127.890,3463,4306,0.910,1.050,1.070,2,0,0,0,0,18,305,0,33,2
08-06 13:49:27,17.271,2.753,76.092,1.502,0,5588148,168060,183816,2074432,17610.202,3464.171,0,1637.972,0,174.210,4172,5439,0.910,1.050,1.070,0,0,0,0,0,18,304,0,34,2
08-06 13:49:28,14.725,3.993,77.867,1.997,0,5588128,168060,183816,2074452,12988.864,1617.244,0,4703.983,0,307.476,4019,5364,0.910,1.050,1.070,1,0,0,0,0,18,306,0,30,2
08-06 13:49:29,25.823,4.763,63.679,2.256,0,5588024,168060,183816,2074556,11943.660,1462.121,0,3016.501,0,320.904,6092,8426,0.910,1.050,1.070,1,0,1.003,0,0,18,305,0,31,2
08-06 13:49:30,24.389,3.733,68.191,0.747,0,5587816,168060,183816,2074764,12441.534,1612.681,0,1429.512,0,113.485,5177,6620,0.910,1.050,1.070,3,0,0,0,0,18,305,0,32,2
08-06 13:49:31,25.330,4.765,67.213,0.752,0,5587744,168060,183816,2074836,17047.923,3006.510,0,1613.102,0,115.365,5295,6670,0.910,1.050,1.070,2,0,0,0,0,18,305,0,32,2
08-06 13:49:32,23.758,4.001,68.273,1.000,0,5588304,167440,183816,2074896,10231.507,1620.555,0,4493.540,0,427.146,5275,6317,0.910,1.050,1.070,1,0,0,0,0,18,306,0,27,2
08-06 13:49:33,19.753,4.251,73.010,1.250,0,5588092,167440,183816,2075108,23001.236,2470.348,0,1744.245,0,214.030,4521,6034,0.910,1.050,1.070,0,0,0,0,0,18,304,0,29,2
08-06 13:49:34,13.715,1.995,82.291,0.249,0,5588044,167440,183816,2075156,12936.127,1615.894,15.959,1260.796,0.997,74.810,2876,3336,0.920,1.040,1.070,1,0,0.997,0,0,18,305,0,29,2
08-06 13:49:35,13.780,3.007,79.425,2.506,0,5587984,167440,183816,2075216,13070.770,1623.574,0,2537.585,0,302.666,4375,6181,0.920,1.040,1.070,2,0,0,0,0,18,305,0,29,2
08-06 13:49:36,17.737,3.248,74.195,2.498,0,5587924,167440,183816,2075276,32145.354,4671.564,0,5755.766,0,414.695,4778,6520,0.920,1.040,1.070,1,0,0,0,0,18,304,0,30,2
08-06 13:49:37,18.745,3.249,74.978,1.000,0,5587956,167188,183816,2075496,10664.925,1619.533,0,1379.602,0,146.958,3882,4885,0.920,1.040,1.070,1,0,0,0,0,18,304,0,32,2
08-06 13:49:38,8.009,2.002,88.352,0.751,0,5587928,167188,183816,2075524,14623.953,2568.978,0,949.100,0,78.091,2342,3089,0.920,1.040,1.070,1,0,0,0,0,18,305,0,32,2
08-06 13:49:39,19.251,2.750,74.504,1.000,0,5588100,166940,183816,2075600,19146.102,3298.190,0,1628.094,0,181.010,4412,5672,0.850,1.030,1.060,1,0,1.000,0,0,18,304,0,34,2
08-06 13:49:40,12.992,2.498,81.448,1.249,0,5588056,166940,183816,2075644,9023.278,1618.973,0,983.376,0,93.940,3231,4109,0.850,1.030,1.060,4,0,0,0,0,18,305,0,32,2
08-06 13:49:41,27.269,5.254,63.293,1.751,0,5588100,166688,183816,2075852,12647.665,1459.000,0,1981.357,0,246.169,6741,9165,0.850,1.030,1.060,1,0,1.001,0,0,18,305,0,33,2
08-06 13:49:42,24.975,4.995,65.434,1.998,0,5588164,166436,183816,2076040,11084.887,1618.378,0,2641.352,0,285.714,5667,7603,0.850,1.030,1.060,2,0,0,0,0,18,305,0,33,2
08-06 13:49:43,25.273,4.754,65.059,2.502,0,5588196,166184,183816,2076260,9659.762,1621.471,0,2826.564,0,320.291,6080,8375,0.850,1.030,1.060,5,0,0,0,0,18,305,0,34,2
08-06 13:49:44,23.897,5.476,65.469,2.240,0,5587988,166184,183816,2076468,12235.403,1613.066,0,6073.890,0,400.279,6047,8286,0.860,1.030,1.060,1,0,0,0,0,18,305,0,31,2
08-06 13:49:45,23.097,5.021,67.783,1.255,0,5588156,165932,183816,2076552,10780.042,1626.797,0,2169.063,0,153.642,5499,7064,0.860,1.030,1.060,2,0,0,0,0,18,305,0,32,2
08-06 13:49:46,24.999,4.250,68.746,0.500,0,5588968,164924,183816,2076748,12870.232,1457.913,0,1051.937,0,99.994,5177,6459,0.860,1.030,1.060,2,0,0,0,0,18,306,0,33,2
08-06 13:49:47,22.251,4.500,68.752,1.750,0,5588836,164924,183816,2076880,13450.388,2571.074,16.000,1824.053,1.000,215.006,4746,6072,0.860,1.030,1.060,0,0,0,0,0,18,304,0,34,2
08-06 13:49:48,11.002,2.250,84.765,0.500,0,5588800,164924,183816,2076916,9678.671,1686.291,0,684.118,0,57.010,2857,3583,0.860,1.030,1.060,1,0,0,0,0,18,306,0,34,2
08-06 13:49:49,21.743,6.998,68.228,1.500,0,5605064,148616,183816,2076960,14110.450,1619.478,0,1479.523,0,206.933,4742,13130,0.790,1.010,1.060,0,1,36.988,0,0,18,305,0,35,2
08-06 13:49:50,19.755,3.001,73.520,1.500,0,5602980,150480,183816,2077180,16993.581,3460.933,0,1632.440,0,217.059,4684,6164,0.790,1.010,1.060,0,0,0,0,0,18,304,0,35,2
08-06 13:49:51,14.505,2.751,78.777,1.501,0,5602748,150616,183816,2077276,12765.396,1686.581,0,2248.774,0,174.060,3648,4832,0.790,1.010,1.060,2,0,0,0,0,18,303,0,36,2
08-06 13:49:52,10.723,2.494,83.288,1.746,0,5594592,158720,183816,2077328,12058.282,2402.879,0,5900.967,0,376.042,3253,4892,0.790,1.010,1.060,0,0,0,0,0,18,304,0,36,2
08-06 13:49:53,20.262,3.502,72.543,1.501,0,5594712,158520,183816,2077408,19254.385,3546.097,0,5795.427,0,499.295,4752,5881,0.790,1.010,1.060,0,0,0,0,0,18,304,0,35,2
08-06 13:49:54,15.431,5.724,75.908,0.747,0,5644568,150336,181776,2037848,10995.499,1451.466,0,876.056,0,79.641,3650,4538,0.810,1.010,1.060,3,0,2.987,0,0,18,305,0,37,2
08-06 13:49:55,27.207,6.298,63.231,1.008,0,5647352,147364,181776,2038036,10639.909,1632.413,0,1297.869,0,146.111,5687,7089,0.810,1.010,1.060,3,0,2.015,0,0,18,305,0,39,2
08-06 13:49:56,28.206,6.240,60.905,1.997,0,5648492,146012,181776,2038248,17401.925,1617.483,0,2380.297,0,293.543,6341,8407,0.810,1.010,1.060,4,1,6.989,0,0,18,305,0,40,2
08-06 13:49:57,25.998,5.750,64.745,2.000,0,5641052,153376,181776,2038324,13178.951,1619.871,0,2347.813,0,258.979,5948,8175,0.810,1.010,1.060,1,0,0,0,0,18,305,0,36,2
08-06 13:49:58,26.002,5.000,64.755,2.000,0.250,5640976,153376,181776,2038400,13176.048,1458.116,0,2288.182,0,252.020,5862,7862,0.810,1.010,1.060,1,0,0,0,0,18,305,0,36,2
08-06 13:49:59,23.500,4.500,68.500,0.750,0,5641004,153152,181776,2038596,11608.068,1620.009,0,1412.008,0,109.001,4886,6034,0.820,1.010,1.060,1,0,1.000,0,0,18,305,0,37,2
08-06 13:50:00,24.506,4.751,66.517,1.750,0,5641188,152900,181784,2038656,12985.299,1458.371,0,5769.466,0,400.102,5726,7677,0.820,1.010,1.060,1,0,0,0,0,18,305,0,38,2
08-06 13:50:01,24.501,4.750,67.502,1.000,0,5641116,152900,181784,2038728,12400.310,1620.040,0,1120.028,0,109.003,5352,6628,0.820,1.010,1.060,2,0,1.000,0,0,18,306,0,37,2
08-06 13:50:02,17.752,3.250,75.511,1.250,0,5640880,152900,181804,2038944,14333.003,2570.359,0,1676.234,0,209.029,4264,5910,0.820,1.010,1.060,0,0,0,0,0,18,304,0,38,2
08-06 13:50:03,15.739,2.498,79.197,1.249,0,5641056,152676,181812,2038984,8841.078,1618.916,0,1123.248,0,109.926,3322,4059,0.820,1.010,1.060,1,0,0,0,0,18,305,0,38,2
08-06 13:50:04,13.922,2.238,79.308,1.492,0,5640948,152676,181840,2039064,10455.764,1676.661,0,1698.540,0,219.776,3710,5081,0.920,1.030,1.060,1,0,0,0,0,18,305,0,38,2
08-06 13:50:05,13.329,2.515,82.238,1.257,0,5640872,152676,181856,2039124,20014.708,3317.677,0,1653.809,0,145.865,3496,4695,0.920,1.030,1.060,0,0,0,0,0,18,304,0,33,2
08-06 13:50:06,18.738,3.498,74.452,0.999,0.250,5640892,152424,181856,2039356,13561.167,2503.369,0,1271.172,0,137.910,3899,4944,0.920,1.030,1.060,0,0,0,0,0,18,304,0,35,2
08-06 13:50:07,9.730,1.996,85.326,0.499,0,5641100,152172,181868,2039388,14185.097,1748.437,0,854.259,0,81.833,2520,3262,0.920,1.030,1.060,2,0,0,0,0,18,305,0,35,2
08-06 13:50:08,16.294,2.507,77.708,1.253,0,5641028,152172,181876,2039452,20148.823,3469.267,0,1508.028,0,180.482,4127,5423,0.920,1.030,1.060,0,0,1.003,0,0,18,304,0,35,2
08-06 13:50:09,17.749,3.750,73.747,2.500,0,5640904,152172,181940,2039512,12200.496,1457.940,0,5451.775,0,366.985,4834,6509,0.920,1.020,1.060,2,0,1.000,0,0,18,305,0,35,2
08-06 13:50:10,24.721,5.743,65.422,1.748,0,5640932,151920,181980,2039696,12958.540,1618.070,0,1845.798,0,216.741,5762,7605,0.920,1.020,1.060,1,0,0,0,0,18,305,0,35,2
08-06 13:50:11,27.992,4.749,62.733,1.750,0,5640796,151920,182028,2039784,8702.642,1241.664,0,2715.264,0,261.929,6272,8363,0.920,1.020,1.060,2,0,1.000,0,0,18,305,0,35,2
08-06 13:50:12,25.748,5.500,64.246,2.250,0,5640636,151920,182092,2039880,11536.229,1349.910,0,2055.863,0,258.983,5997,8225,0.920,1.020,1.060,3,0,2.000,0,0,18,305,0,35,2
08-06 13:50:13,25.770,4.503,66.051,1.251,0,5641144,151192,182100,2040092,10409.048,1513.170,0,6176.776,0,518.401,5630,6857,0.920,1.020,1.060,1,0,0,0,0,18,305,0,34,2
08-06 13:50:14,22.912,6.226,67.243,1.494,0,5641788,150436,182104,2040200,9417.033,1560.042,31.878,1840.969,0.996,185.292,5242,6612,1.010,1.040,1.070,1,1,0,0,0,18,305,0,34,2
08-06 13:50:15,14.067,2.010,81.135,1.256,0,5641700,150436,182112,2040280,13348.269,2574.201,16.076,1768.382,1.005,164.781,3434,4548,1.010,1.040,1.070,0,0,0,0,0,18,304,0,36,2
08-06 13:50:16,20.744,4.249,68.979,2.999,0,5641348,150436,182216,2040528,18513.333,2428.257,0,7473.712,0,501.846,4800,6478,1.010,1.040,1.070,0,0,0,0,0,18,304,0,37,2
08-06 13:50:17,10.437,1.491,84.735,0.497,0,5641312,150436,182228,2040552,16561.254,2677.711,0,1021.784,0,79.516,2477,2965,1.010,1.040,1.070,3,0,0,0,0,18,305,0,34,2
08-06 13:50:18,12.580,2.264,84.540,0.755,0.252,5641232,150436,182272,2040588,30844.953,3373.541,0,1195.634,0,127.816,3157,4146,1.010,1.040,1.070,0,0,0,0,0,18,304,0,34,2
08-06 13:50:19,13.998,2.250,80.990,1.250,0,5641388,150184,182316,2040640,15262.165,3525.576,0,1219.853,0,126.985,3419,4304,0.930,1.020,1.060,1,0,1.000,0,0,18,304,0,34,2
08-06 13:50:20,14.735,3.497,79.670,0.500,0,5641316,150184,182328,2040700,12626.373,1564.436,0,755.245,0,70.929,3476,4262,0.930,1.020,1.060,2,0,0,0,0,18,306,0,35,2
08-06 13:50:21,28.017,5.003,62.038,1.751,0,5641320,149932,182356,2040920,13058.981,1620.991,0,2181.333,0,301.184,6448,8658,0.930,1.020,1.060,3,0,0,0,0,18,305,0,35,2
08-06 13:50:22,24.754,5.001,67.511,0.750,0,5642228,148924,182376,2041000,10741.763,1686.277,0,1204.198,0,105.017,5099,6029,0.930,1.020,1.060,2,0,0,0,0,18,305,0,35,2
08-06 13:50:23,20.256,4.001,71.773,2.251,0,5641976,148924,182412,2041216,13894.449,2462.789,0,2172.696,0,244.078,4733,6495,0.930,1.020,1.060,0,0,0,0,0,18,304,0,37,2
08-06 13:50:24,14.001,2.000,80.755,0.750,0.250,5642168,148672,182432,2041256,13385.885,2029.134,0,1992.132,0,130.009,2870,3502,0.940,1.020,1.060,3,0,0,0,0,18,304,0,37,2
08-06 13:50:25,5.747,1.499,90.457,1.000,0,5642108,148672,182460,2041288,18457.151,2995.564,0,1543.260,0,127.939,2491,3424,0.940,1.020,1.060,1,0,0,0,0,18,305,0,35,2
08-06 13:50:26,24.008,5.752,66.773,1.501,0,5641988,148672,182500,2041368,12251.189,1512.517,0,1796.614,0,202.069,5571,7389,0.940,1.020,1.060,1,0,0,0,0,18,305,0,36,2
08-06 13:50:27,25.247,4.499,64.242,3.000,0,5642236,148168,182536,2041588,9169.855,1565.804,0,8622.923,0,526.934,6188,8561,0.940,1.020,1.060,1,0,0,0,0,18,305,0,36,2
08-06 13:50:28,25.248,6.000,65.245,1.500,0,5643140,147188,182540,2041660,15366.762,1619.870,0,5847.529,0,552.955,5498,6958,0.940,1.020,1.060,2,0,0,0,0,18,303,0,39,2
08-06 13:50:29,8.250,2.000,87.747,0.750,0,5643084,147188,182552,2041704,13987.481,2451.909,0,1099.959,0,110.996,2608,3776,0.860,1.010,1.050,0,0,1.000,0,0,18,304,0,37,2
08-06 13:50:30,25.973,3.746,66.682,1.249,0,5642868,147188,182552,2041920,12262.474,1564.402,0,1870.090,0,225.769,4667,5741,0.860,1.010,1.050,2,0,0,0,0,18,304,0,39,2
08-06 13:50:31,9.256,1.751,86.304,0.750,0,5642840,147188,182552,2041948,20058.454,3832.379,0,1100.683,0,106.066,2986,3995,0.860,1.010,1.050,2,0,0,0,0,18,305,0,40,2
08-06 13:50:32,14.001,2.500,80.258,1.250,0,5642892,146936,182564,2042136,21770.117,3538.344,0,1596.155,0,166.016,3772,4952,0.860,1.010,1.050,2,0,0,0,0,18,303,0,41,3
08-06 13:50:33,14.009,2.251,81.051,1.001,0,5642840,146936,182568,2042184,21174.303,3354.107,0,1376.865,0,148.093,3492,4419,0.860,1.010,1.050,0,0,0,0,0,18,303,0,42,3
08-06 13:50:34,12.057,2.953,81.447,0.738,0,5642764,146936,182568,2042260,13787.420,1594.490,0,1098.427,0,106.299,2867,3711,0.870,1.010,1.050,3,0,0,0,0,18,301,0,40,3
08-06 13:50:35,8.638,1.778,87.146,1.778,0,5642724,146936,182572,2042296,15724.976,2602.706,0,5447.287,0,345.537,3147,4686,0.870,1.010,1.050,0,0,0,0,0,18,303,0,40,3
08-06 13:50:36,24.244,3.999,68.734,1.250,0,5643004,146432,182576,2042516,30261.108,4857.894,0,1283.708,0,152.965,4706,5574,0.870,1.010,1.050,0,0,0,0,0,18,303,0,41,3
08-06 13:50:37,4.497,0.999,92.696,0.250,0,5642996,146432,182576,2042524,15205.200,1980.854,0,1019.410,0,59.965,1837,2463,0.870,1.010,1.050,1,0,0,0,0,18,303,0,41,3
08-06 13:50:38,4.002,1.251,92.800,0.750,0,5642984,146432,182576,2042536,14769.888,2037.088,0,740.395,0,67.036,1820,2396,0.870,1.010,1.050,0,0,0,0,0,18,303,0,38,3
08-06 13:50:39,9.253,1.751,86.782,0.500,0,5642956,146432,182576,2042564,13646.002,2036.747,0,748.274,0,67.025,2365,2964,0.880,1.010,1.050,1,0,1.000,0,0,18,304,0,38,3
08-06 13:50:40,23.492,3.999,69.226,1.499,0,5642996,146180,182584,2042768,13614.328,2560.121,0,1611.447,0,197.932,4802,6259,0.880,1.010,1.050,0,0,0,0,0,18,303,0,39,3
08-06 13:50:41,14.740,1.749,80.446,0.749,0,5642948,146180,182584,2042816,12738.459,1907.721,0,1319.116,0,104.930,3332,4232,0.880,1.010,1.050,1,0,0,0,0,18,303,0,39,3
08-06 13:50:42,6.254,1.251,90.560,0.750,0,5643172,145928,182588,2042840,15759.458,3065.034,0,1168.776,0,115.076,2414,3444,0.880,1.010,1.050,1,0,0,0,0,18,304,0,35,3
08-06 13:50:43,13.277,2.004,81.165,1.253,0,5642752,146252,182588,2042936,21614.842,3467.032,0,1479.000,0,158.321,3566,4796,0.880,1.010,1.050,0,0,0,0,0,18,303,0,36,3
08-06 13:50:44,9.483,1.747,85.846,0.749,0,5643312,145536,182588,2043092,14857.297,3176.291,0,3952.895,0,430.227,2703,3095,0.810,0.990,1.050,0,0,0,0,0,18,303,0,36,3
08-06 13:50:45,7.250,1.750,89.499,0.750,0,5643288,145536,182600,2043104,9637.870,1546.979,0,903.988,0,92.999,2074,2674,0.810,0.990,1.050,0,0,1.000,0,0,18,303,0,36,3
08-06 13:50:46,11.248,2.749,81.484,1.750,0,5643412,145312,182616,2043188,17760.597,2271.565,0,5238.996,0,352.932,3825,5478,0.810,0.990,1.050,1,0,0,0,0,18,304,0,34,3
08-06 13:50:47,26.607,5.968,62.166,2.735,0,5645160,143300,182620,2043448,12745.503,1342.784,179.038,1468.110,10.941,180.032,5652,7249,0.810,0.990,1.050,2,0,3.979,0,0,18,304,0,34,3
08-06 13:50:48,24.865,4.521,67.564,1.005,0,5645340,143048,182620,2043520,12804.451,1627.557,0,1294.008,0,111.518,5433,6673,0.810,0.990,1.050,3,0,0,0,0,18,304,0,36,3
08-06 13:50:49,31.876,9.961,55.285,0.498,0,5645332,182868,180992,2005360,10680.380,1506.131,0,960.258,0,83.674,5935,17886,0.910,1.010,1.050,2,0,36.856,0,0,18,304,0,37,3
08-06 13:50:50,25.257,5.501,65.267,1.500,0,5647132,180988,180996,2005436,8424.250,1134.303,0,1972.527,0,239.064,5878,7764,0.910,1.010,1.050,2,0,0,0,0,18,304,0,33,3
08-06 13:50:51,25.362,4.018,67.298,0.753,0,5645920,181988,180996,2005648,12401.993,1585.028,0,1679.447,0,137.610,5495,6631,0.910,1.010,1.050,1,0,0,0,0,18,304,0,34,3
08-06 13:50:52,18.496,4.499,73.733,1.750,0,5646096,181736,180996,2005724,15021.544,2552.413,0,1903.562,0,235.946,4518,6183,0.910,1.010,1.050,1,0,0,0,0,18,303,0,35,3
08-06 13:50:53,15.489,3.497,77.693,1.249,0,5646004,181736,181000,2005812,9204.292,1121.183,0,2150.433,0,172.874,3457,4521,0.910,1.010,1.050,2,0,0,0,0,18,303,0,37,3
08-06 13:50:54,10.231,2.745,84.589,0.998,0,5648432,179248,181000,2005872,12757.738,2507.232,0,1293.540,0,115.780,2921,3935,0.830,0.990,1.050,1,0,2.994,0,0,18,304,0,36,3
08-06 13:50:55,24.792,5.259,64.359,2.755,0,5646728,180712,181004,2006108,12269.746,2569.344,0,6635.219,0,473.801,5393,7234,0.830,0.990,1.050,0,0,2.003,0,0,18,303,0,37,3
08-06 13:50:56,14.256,2.751,80.784,0.250,0,5646928,180460,181008,2006156,19778.286,1566.656,0,640.268,0,44.018,2894,2975,0.830,0.990,1.050,1,0,7.003,0,0,18,304,0,39,3
08-06 13:50:57,25.999,3.000,69.747,0.250,0,5647476,179704,181008,2006364,11297.437,1619.919,0,619.969,0,34.998,3504,3241,0.830,0.990,1.050,1,0,0,0,0,18,303,0,39,3
08-06 13:50:58,25.241,3.999,68.975,0,0,5649476,177612,181008,2006456,9251.670,1619.417,0,1003.639,0,41.985,3460,3408,0.830,0.990,1.050,2,0,0,0,0,18,304,0,34,3
08-06 13:50:59,17.518,2.252,76.329,1.001,0,5649832,177136,181020,2006564,20785.582,3719.862,0,1285.335,0,142.148,3792,4551,0.770,0.970,1.040,0,0,1.001,0,0,18,303,0,35,3
08-06 13:51:00,14.244,2.749,80.966,1.499,0,5649872,176912,181032,2006736,17927.449,3404.566,0,1267.466,0,135.943,3495,4542,0.770,0.970,1.040,0,0,1.000,0,0,18,303,0,35,3
08-06 13:51:01,11.754,2.251,82.781,1.000,0,5649816,176912,181040,2006784,14424.323,2083.769,0,1332.492,0,171.063,3302,4247,0.770,0.970,1.040,1,0,0,0,0,18,303,0,35,3
08-06 13:51:02,6.234,1.995,89.518,0.499,0,5649776,176912,181044,2006820,16679.795,2947.366,0,1121.096,0,122.682,2490,3648,0.770,0.970,1.040,0,1,0,0,0,18,304,0,32,3
08-06 13:51:03,23.271,5.005,66.560,1.752,0,5649720,176912,181044,2006876,24928.540,1567.417,0,1497.354,0,186.168,5459,6938,0.770,0.970,1.040,1,0,0,0,0,18,304,0,32,3
08-06 13:51:04,24.965,4.993,65.658,1.248,0,5650080,176436,181044,2006992,10660.016,1509.878,3.994,6562.775,0.999,559.214,5718,7235,0.790,0.970,1.040,1,0,0,0,0,18,304,0,32,3
08-06 13:51:05,24.155,5.535,67.935,1.761,0,5650876,175428,181044,2007204,8910.040,1250.002,0,1924.319,0,191.224,5195,6552,0.790,0.970,1.040,3,0,0,0,0,18,304,0,33,3
08-06 13:51:06,13.710,2.742,80.267,1.246,0,5650820,175428,181052,2007252,10223.314,2536.634,0,2321.260,0,203.409,3665,5096,0.790,0.970,1.040,0,0,0,0,0,18,303,0,33,3
08-06 13:51:07,23.438,3.740,69.316,1.496,0,5650780,175428,181064,2007280,12820.908,1573.815,0,4879.026,0,296.212,4650,5603,0.790,0.970,1.040,0,1,0.997,0,0,18,306,0,34,3
08-06 13:51:08,25.306,3.257,67.901,0.501,0,5650592,175428,181072,2007460,11443.492,1569.496,0,1944.331,0,113.252,4715,5363,0.790,0.970,1.040,2,0,0,0,0,18,307,0,36,3
08-06 13:51:09,24.103,3.479,68.582,0.745,0,5650896,174924,181072,2007660,12543.511,1502.836,131.200,894.545,8.945,73.551,4812,5338,0.800,0.970,1.040,1,0,1.988,0,0,18,305,0,47,3
08-06 13:51:10,25.028,3.504,68.326,0.501,0,5651340,174420,181076,2007716,10233.415,1621.809,0,925.032,0,87.097,4746,5417,0.800,0.970,1.040,1,0,0,0,0,18,308,0,56,3
08-06 13:51:11,26.080,3.762,67.960,1.003,0,5651656,173916,181092,2007888,13049.255,1625.013,0,1295.998,0,99.306,5066,6093,0.800,0.970,1.040,2,0,2.006,0,0,18,310,0,58,3
08-06 13:51:12,24.729,3.247,69.191,0.250,0,5652356,173160,181092,2007944,10919.657,1618.615,0,659.436,0,50.956,4450,4671,0.800,0.970,1.040,1,0,1.998,0,0,18,307,0,70,3
08-06 13:51:13,26.452,3.743,66.628,0.499,0,5652840,172404,181100,2008208,10109.559,1617.050,0,958.252,0,90.834,4477,4737,0.800,0.970,1.040,1,0,0,0,0,18,307,0,74,3
08-06 13:51:14,21.847,2.511,73.074,1.004,0,5652712,172404,181132,2008304,17659.290,3475.408,4.018,1309.807,1.004,135.601,4143,5076,0.740,0.960,1.030,0,0,0,0,0,18,306,0,74,3
08-06 13:51:15,11.247,2.749,83.725,0.750,0,5652660,172404,181152,2008336,18797.451,1619.522,0,863.745,0,83.975,3044,3884,0.740,0.960,1.030,1,0,0,0,0,18,307,0,74,3
08-06 13:51:16,24.674,5.732,65.300,1.745,0,5652536,172404,181208,2008404,15759.712,1654.929,0,1922.111,0,219.328,5344,6871,0.740,0.960,1.030,6,0,0,0,0,18,307,0,74,3
08-06 13:51:17,24.823,4.012,67.449,1.003,0,5652416,172152,181220,2008764,12928.238,1516.485,0,1753.185,0,156.463,5425,7006,0.740,0.960,1.030,1,0,0,0,0,18,306,0,74,3
08-06 13:51:18,26.017,5.003,63.041,2.752,0,5652540,171900,181276,2008836,9804.433,2508.646,0,5843.834,0,454.298,5605,7785,0.740,0.960,1.030,1,0,0,0,0,18,306,0,76,3
08-06 13:51:19,6.992,1.498,89.149,0.749,0,5652500,171900,181292,2008860,14115.055,1522.280,0,1981.761,0,103.883,2290,3082,0.680,0.940,1.030,1,0,0.999,0,0,18,307,0,73,3
08-06 13:51:20,9.261,1.752,84.850,1.502,0,5652420,171900,181324,2008908,13479.940,2513.973,0,5614.639,0,541.640,3388,4808,0.680,0.940,1.030,0,0,0,0,0,18,306,0,73,3
08-06 13:51:21,12.247,2.250,82.732,1.250,0,5652520,171648,181324,2009060,12397.360,2348.500,0,1483.684,0,174.963,3378,4607,0.680,0.940,1.030,0,0,0,0,0,18,306,0,73,3
08-06 13:51:22,11.751,2.500,83.504,1.250,0,5652476,171648,181324,2009104,16450.846,2577.133,0,1432.074,0,165.008,3266,4256,0.680,0.940,1.030,1,0,0,0,0,18,306,0,74,3
08-06 13:51:23,7.495,1.249,88.938,0.999,0,5652432,171648,181324,2009148,15947.857,1564.907,0,959.330,0,62.956,2172,2679,0.680,0.940,1.030,1,0,0,0,0,18,307,0,73,3
08-06 13:51:24,25.743,2.999,68.981,0,0,5654336,169632,181324,2009260,10403.060,1511.573,0,651.816,0,41.988,3433,3266,0.710,0.940,1.030,5,0,0,0,0,18,307,0,73,3
08-06 13:51:25,5.757,1.252,90.110,0.751,0,5654552,169380,181332,2009288,13466.465,2085.550,0,1089.332,0,108.132,2363,3439,0.710,0.940,1.030,0,0,0,0,0,18,306,0,73,3
08-06 13:51:26,8.499,1.750,87.735,1.250,0,5654496,169380,181336,2009340,11700.034,1920.677,0,1107.814,0,106.982,2599,3408,0.710,0.940,1.030,1,0,0,0,0,18,306,0,73,3
08-06 13:51:27,7.999,1.500,87.992,0.750,0,5654452,169380,181348,2009372,14033.770,2082.817,0,1279.888,0,114.990,2495,3291,0.710,0.940,1.030,0,0,0,0,0,18,306,0,70,3
08-06 13:51:28,14.741,2.498,78.451,1.499,0,5654388,169380,181356,2009428,19393.999,3457.860,0,1611.003,0,187.884,3831,5074,0.710,0.940,1.030,0,0,0,0,0,18,306,0,70,3
08-06 13:51:29,10.256,3.502,82.297,2.251,0,5654292,169380,181368,2009512,10065.782,1620.931,0,5787.324,0,359.206,3259,4708,0.730,0.940,1.030,2,0,1.001,0,0,18,307,0,70,3
08-06 13:51:30,26.234,4.497,64.711,1.749,0,5654316,169128,181384,2009724,13143.136,1619.031,0,1850.893,0,238.857,5911,7975,0.730,0.940,1.030,2,0,0,0,0,18,307,0,70,3
08-06 13:51:31,25.490,4.748,66.474,1.000,0,5654844,168372,181388,2009948,18678.830,2995.850,0,1319.494,0,130.950,5559,6896,0.730,0.940,1.030,1,0,0,0,0,18,307,0,66,3
08-06 13:51:32,28.252,4.500,64.505,1.000,0,5655536,167616,181396,2010004,12131.948,1566.122,0,1664.130,0,210.016,4664,5544,0.730,0.940,1.030,4,0,0,0,0,18,305,0,67,3
08-06 13:51:33,8.008,1.251,87.590,0.751,0,5655468,167616,181404,2010064,16205.591,2472.531,0,1269.299,0,109.112,2554,3548,0.730,0.940,1.030,0,0,0,0,0,18,306,0,67,3
08-06 13:51:34,12.999,2.750,81.743,1.500,0,5655208,167616,181440,2010288,11785.045,2513.796,31.997,1819.853,1.000,202.984,3492,4663,0.670,0.930,1.020,0,0,0,0,0,18,306,0,67,3
08-06 13:51:35,11.002,1.750,83.762,1.000,0,5655156,167616,181452,2010328,13475.959,1327.193,0,1712.249,0,151.022,3083,4134,0.670,0.930,1.020,0,0,0,0,0,18,306,0,63,3
08-06 13:51:36,13.243,2.499,83.205,0.750,0,5655116,167616,181452,2010368,23092.570,3080.342,0,963.481,0,82.955,2859,3391,0.670,0.930,1.020,2,0,0,0,0,18,306,0,63,3
08-06 13:51:37,5.725,1.493,89.352,0.747,0,5655328,167364,181476,2010384,15224.233,2983.719,0,1115.037,0,123.450,2467,3594,0.670,0.930,1.020,3,0,0,0,0,18,307,0,63,3
08-06 13:51:38,25.119,5.777,65.562,1.256,0,5655412,167112,181504,2010524,13748.341,1573.478,32.153,1756.347,1.005,215.022,5881,7784,0.670,0.930,1.020,1,0,0,0,0,18,307,0,64,3
08-06 13:51:39,25.258,4.001,65.272,3.001,0.250,5558420,263728,181556,2010864,15070.985,1582.523,64.021,6762.237,3.001,469.155,5065,6681,0.700,0.930,1.020,2,0,1.000,0,0,18,306,0,63,3
08-06 13:51:40,12.500,3.000,81.748,1.500,0,5487300,334792,181592,2010900,23629.537,275778.597,127.997,5127.900,8.000,417.992,2621,2347,0.700,0.930,1.020,0,0,14.000,0,0,18,306,0,63,3
08-06 13:51:41,2.250,0.750,95.238,0.250,0,5487292,334792,181596,2010904,11518.577,1457.820,0,623.923,0,46.994,1648,2362,0.700,0.930,1.020,0,0,0,0,0,18,306,0,63,3
08-06 13:51:42,0.999,0.749,96.395,0.499,0,5487292,334792,181596,2010904,12322.628,1618.244,0,463.497,0,28.969,1090,1509,0.700,0.930,1.020,0,0,0,0,0,18,306,0,63,3
08-06 13:51:43,1.752,0.751,97.133,0.250,0,5487292,334792,181596,2010904,11675.044,1460.006,0,388.534,0,24.033,1092,1505,0.700,0.930,1.020,0,0,0,0,0,18,306,0,61,3
08-06 13:51:44,1.000,1.000,96.478,0.250,0,5483824,338256,181600,2010904,8828.002,1619.633,0,1071.757,0,69.984,1193,1729,0.640,0.910,1.010,0,0,0,0,0,18,306,0,61,3
08-06 13:51:45,1.250,0.750,96.753,0,0,5483824,338256,181600,2010904,8710.245,1620.046,0,72.002,0,9.000,1053,1464,0.640,0.910,1.010,0,0,0,0,0,18,306,0,61,3
08-06 13:51:46,1.500,0.500,96.991,0.250,0,5483824,338256,181600,2010904,12710.848,1619.853,0,31.997,0,3.000,1059,1383,0.640,0.910,1.010,0,0,0,0,0,18,306,0,61,3
08-06 13:51:47,0.750,0.750,97.506,0,0,5483824,338256,181600,2010904,24185.513,1620.101,0,240.015,0,1.000,1071,1391,0.640,0.910,1.010,0,0,0,0,0,18,306,0,61,3
08-06 13:51:48,2.250,0.750,94.504,0.250,0,5484052,338004,181608,2010920,13875.580,1458.061,0,436.018,0,48.002,1655,2404,0.640,0.910,1.010,0,0,0,0,0,18,306,0,61,3
08-06 13:51:49,2.750,1.500,94.767,0.250,0,5484548,337504,181608,2010924,13191.300,1620.282,0,468.082,0,43.007,1468,1896,0.670,0.910,1.010,1,0,12.002,0,0,18,306,0,61,3
08-06 13:51:50,10.997,4.749,83.228,0.250,0,5482568,339476,181616,2010924,12349.752,1619.574,0,207.945,0,21.994,2580,10546,0.670,0.910,1.010,0,0,24.993,0,0,18,306,0,62,3
08-06 13:51:51,2.750,0.750,94.257,0.500,0,5482564,339476,181616,2010928,14319.069,1620.121,0,404.030,0,47.004,1834,2616,0.670,0.910,1.010,0,0,0,0,0,18,306,0,58,3
08-06 13:51:52,1.247,0.748,96.246,0,0,5482560,339476,181620,2010928,10330.696,1747.382,0,347.083,0,26.929,1254,1795,0.670,0.910,1.010,1,1,0,0,0,18,306,0,58,3
08-06 13:51:53,1.504,1.003,96.494,0.501,0,5482548,339476,181628,2010932,8510.498,1461.692,0,272.689,0,21.053,1205,1815,0.670,0.910,1.010,0,0,0,0,0,18,306,0,58,3
08-06 13:51:54,1.500,2.250,95.513,0,0,5483792,338232,181628,2010932,13869.956,1620.229,0,100.014,0,10.001,1191,1469,0.620,0.900,1.010,0,0,0,0,0,18,306,0,58,3
08-06 13:51:55,3.750,2.000,92.749,0,0,5485508,336496,181628,2010952,10722.830,1457.977,0,71.999,0,9.000,1714,2136,0.620,0.900,1.010,0,0,3.000,0,0,18,306,0,54,3
08-06 13:51:56,10.502,4.751,83.517,0,0,5522948,299052,181628,2010956,19486.963,1620.330,0,484.098,0,100.020,2693,2706,0.620,0.900,1.010,3,0,6.001,0,0,18,308,0,55,3
08-06 13:51:57,12.736,2.247,82.906,0.250,0,5522924,299052,181628,2010980,16457.343,1618.166,0,119.864,0,8.990,2786,3128,0.620,0.900,1.010,0,0,2.997,0,0,18,306,0,56,3
08-06 13:51:58,2.253,1.251,95.357,0.250,0.250,5522896,299052,181636,2011000,15822.801,1459.642,0,412.464,0,39.044,1691,2409,0.620,0.900,1.010,1,0,0,0,0,18,306,0,56,3
08-06 13:51:59,1.000,0.750,96.740,0.250,0,5522896,299052,181636,2011000,11791.803,1133.885,0,247.975,0,16.998,1186,1591,0.570,0.880,1,0,0,1.000,0,0,18,306,0,56,3
08-06 13:52:00,1.750,0.750,95.973,0,0,5522892,299052,181636,2011004,11528.798,1619.550,0,183.949,0,19.994,1457,1979,0.570,0.880,1,0,0,0,0,0,18,306,0,53,3
08-06 13:52:01,2.250,0.750,94.753,0.500,0,5522884,299052,181640,2011008,14817.425,1458.042,0,368.011,0,42.001,1729,2401,0.570,0.880,1,1,0,0,0,0,18,306,0,53,3
08-06 13:52:02,1.745,0.997,96.242,0,0,5522880,299052,181640,2011012,12934.309,1615.667,0,303.187,0,21.941,1197,1558,0.570,0.880,1,0,0,0,0,0,18,306,0,53,3
08-06 13:52:03,1.504,0.501,97.021,0.251,0,5522876,299052,181640,2011016,9677.996,1624.531,0,356.996,0,64.179,1094,1474,0.570,0.880,1,0,0,0,0,0,18,306,0,53,3
08-06 13:52:04,0.996,0.747,96.132,0,0,5522820,299072,181640,2011052,13902.743,1613.818,0,0,0,0,1181,1464,0.760,0.920,1.010,0,0,0,0,0,18,306,0,53,3
08-06 13:52:05,1.255,0.753,97.369,0,0,5522816,299072,181640,2011056,11748.521,1463.546,0,0,0,0,1033,1420,0.760,0.920,1.010,0,0,0,0,0,18,306,0,53,3
08-06 13:52:06,1.750,0.500,96.516,0,0,5522816,299072,181640,2011056,12585.045,1620.263,0,104.017,0,12.002,1258,1704,0.760,0.920,1.010,0,0,0,0,0,18,306,0,53,3
08-06 13:52:07,2.002,1.001,95.833,0.250,0,5522816,299072,181640,2011056,11981.355,1687.458,0,892.772,0,146.126,1360,1775,0.760,0.920,1.010,2,0,0,0,0,18,306,0,53,3
08-06 13:52:08,2.997,1.249,93.916,0.250,0,5522808,299072,181644,2011060,8270.617,1684.496,0,451.597,0,47.957,1807,2648,0.760,0.920,1.010,1,0,0,0,0,18,306,0,47,3
08-06 13:52:09,1.750,1.000,96.264,0.250,0,5522552,299324,181644,2011064,11436.723,1458.220,0,312.047,0,21.003,1334,1803,0.700,0.900,1.010,0,0,1.000,0,0,18,306,0,47,3
08-06 13:52:10,1.749,0.500,95.968,0,0,5522544,299324,181648,2011068,8042.346,1133.626,0,235.922,0,21.993,1316,1882,0.700,0.900,1.010,0,0,0,0,0,18,306,0,47,3
08-06 13:52:11,12.750,3.250,82.499,0.500,0,5541316,280532,181656,2011080,288069.222,7393.903,0,619.992,0,58.999,2791,2978,0.700,0.900,1.010,2,0,8.000,0,0,18,306,0,47,3
08-06 13:52:12,14.753,4.501,76.766,2.250,0,5541528,280052,181676,2011328,156336.330,9948.057,240.050,2828.585,14.003,172.036,3246,2947,0.700,0.900,1.010,2,0,32.007,0,0,18,306,0,25,3
08-06 13:52:13,18.750,4.750,74.749,0.500,0,5541164,279800,181688,2011932,298500.148,8955.854,151.998,459.993,3.000,17.000,2928,2284,0.700,0.900,1.010,2,0,16.000,0,0,18,306,0,25,3
08-06 13:52:14,19.494,7.498,71.727,0,0,5536396,278048,181692,2018448,12203.132,539.829,0,607.807,0,25.992,2618,1999,0.720,0.900,1.010,1,0,13.996,0,0,18,306,0,25,3
08-06 13:52:15,21.754,4.751,72.012,0,0,5537016,266620,181692,2029256,10469.706,486.079,0,0,0,0,2293,1665,0.720,0.900,1.010,1,0,9.001,0,0,18,306,0,25,3
