{0} setUpClass (tempest.api.compute.admin.test_live_migration.LiveAutoBlockMigrationV225Test) ... SKIPPED: Less than 2 compute nodes, skipping migration test.
{0} setUpClass (tempest.api.compute.admin.test_live_migration.LiveMigrationTest) ... SKIPPED: Less than 2 compute nodes, skipping migration test.
{0} setUpClass (tempest.api.compute.admin.test_live_migration.LiveMigrationWithoutHostTest) ... SKIPPED: Less than 2 compute nodes, skipping migration test.
{0} setUpClass (tempest.api.compute.servers.test_server_rescue.ServerBootFromVolumeStableRescueTest) ... SKIPPED: Stable rescue not available.
{0} setUpClass (tempest.api.compute.servers.test_server_rescue.ServerStableDeviceRescueTest) ... SKIPPED: Stable rescue not available.
{0} tempest.api.compute.volumes.test_volume_snapshots.VolumesSnapshotsTestJSON.test_volume_snapshot_create_get_list_delete [3.494858s] ... FAILED

Captured traceback:
~~~~~~~~~~~~~~~~~~~
    Traceback (most recent call last):

      File "/opt/stack/tempest/tempest/api/compute/volumes/test_volume_snapshots.py", line 53, in test_volume_snapshot_create_get_list_delete
    volume = self.create_volume()
             ^^^^^^^^^^^^^^^^^^^^

      File "/opt/stack/tempest/tempest/api/compute/base.py", line 541, in create_volume
    waiters.wait_for_volume_resource_status(cls.volumes_client,

      File "/opt/stack/tempest/tempest/common/waiters.py", line 379, in wait_for_volume_resource_status
    raise exceptions.VolumeResourceBuildErrorException(

    tempest.exceptions.VolumeResourceBuildErrorException: volume 2f43ef24-811b-4558-93c2-767b513d3200 failed to build and is in ERROR status


Captured pythonlogging:
~~~~~~~~~~~~~~~~~~~~~~~
    2026-02-19 12:12:10,192 123155 INFO     [tempest.lib.common.rest_client] Request (VolumesSnapshotsTestJSON:test_volume_snapshot_create_get_list_delete): 200 POST http://10.132.44.205/compute/v2.1/os-volumes 2.125s
2026-02-19 12:12:10,192 123155 DEBUG    [tempest.lib.common.rest_client] Request - Headers: {'Content-Type': 'application/json', 'Accept': 'application/json', 'X-Auth-Token': '<omitted>'}
        Body: {"volume": {"size": 1, "display_name": "tempest-VolumesSnapshotsTestJSON-volume-740906608"}}
    Response - Headers: {'date': 'Thu, 19 Feb 2026 12:12:08 GMT', 'server': 'Apache/2.4.58 (Ubuntu)', 'content-length': '341', 'location': 'http://10.132.44.205/compute/v2.1/os-volumes/2f43ef24-811b-4558-93c2-767b513d3200', 'content-type': 'application/json', 'openstack-api-version': 'compute 2.1', 'x-openstack-nova-api-version': '2.1', 'vary': 'OpenStack-API-Version,X-OpenStack-Nova-API-Version', 'x-openstack-request-id': 'req-95e1cc3b-827e-4fe1-a5f9-f9d5dfdc5f0d', 'x-compute-request-id': 'req-95e1cc3b-827e-4fe1-a5f9-f9d5dfdc5f0d', 'connection': 'close', 'status': '200', 'content-location': 'http://10.132.44.205/compute/v2.1/os-volumes'}
        Body: b'{"volume": {"id": "2f43ef24-811b-4558-93c2-767b513d3200", "status": "creating", "size": 1, "availabilityZone": "nova", "createdAt": "2026-02-19T12:12:09.447888", "attachments": [{}], "displayName": "tempest-VolumesSnapshotsTestJSON-volume-740906608", "displayDescription": null, "volumeType": "nvmetcp1", "snapshotId": null, "metadata": {}}}'
2026-02-19 12:12:10,467 123155 INFO     [tempest.lib.common.rest_client] Request (VolumesSnapshotsTestJSON:test_volume_snapshot_create_get_list_delete): 200 GET http://10.132.44.205/compute/v2.1/os-volumes/2f43ef24-811b-4558-93c2-767b513d3200 0.267s
2026-02-19 12:12:10,468 123155 DEBUG    [tempest.lib.common.rest_client] Request - Headers: {'Content-Type': 'application/json', 'Accept': 'application/json', 'X-Auth-Token': '<omitted>'}
        Body: None
    Response - Headers: {'date': 'Thu, 19 Feb 2026 12:12:10 GMT', 'server': 'Apache/2.4.58 (Ubuntu)', 'content-length': '338', 'content-type': 'application/json', 'openstack-api-version': 'compute 2.1', 'x-openstack-nova-api-version': '2.1', 'vary': 'OpenStack-API-Version,X-OpenStack-Nova-API-Version', 'x-openstack-request-id': 'req-a624ce4e-df60-42cf-a89e-aec193f156c4', 'x-compute-request-id': 'req-a624ce4e-df60-42cf-a89e-aec193f156c4', 'connection': 'close', 'status': '200', 'content-location': 'http://10.132.44.205/compute/v2.1/os-volumes/2f43ef24-811b-4558-93c2-767b513d3200'}
        Body: b'{"volume": {"id": "2f43ef24-811b-4558-93c2-767b513d3200", "status": "error", "size": 1, "availabilityZone": "nova", "createdAt": "2026-02-19T12:12:09.000000", "attachments": [{}], "displayName": "tempest-VolumesSnapshotsTestJSON-volume-740906608", "displayDescription": null, "volumeType": "nvmetcp1", "snapshotId": null, "metadata": {}}}'
2026-02-19 12:12:11,554 123155 INFO     [tempest.lib.common.rest_client] Request (VolumesSnapshotsTestJSON:test_volume_snapshot_create_get_list_delete): 200 GET http://10.132.44.205/compute/v2.1/os-volumes/2f43ef24-811b-4558-93c2-767b513d3200 0.079s
2026-02-19 12:12:11,555 123155 DEBUG    [tempest.lib.common.rest_client] Request - Headers: {'Content-Type': 'application/json', 'Accept': 'application/json', 'X-Auth-Token': '<omitted>'}
        Body: None
    Response - Headers: {'date': 'Thu, 19 Feb 2026 12:12:11 GMT', 'server': 'Apache/2.4.58 (Ubuntu)', 'content-length': '338', 'content-type': 'application/json', 'openstack-api-version': 'compute 2.1', 'x-openstack-nova-api-version': '2.1', 'vary': 'OpenStack-API-Version,X-OpenStack-Nova-API-Version', 'x-openstack-request-id': 'req-0a60df70-fcbd-4204-af77-f9fec274a175', 'x-compute-request-id': 'req-0a60df70-fcbd-4204-af77-f9fec274a175', 'connection': 'close', 'status': '200', 'content-location': 'http://10.132.44.205/compute/v2.1/os-volumes/2f43ef24-811b-4558-93c2-767b513d3200'}
        Body: b'{"volume": {"id": "2f43ef24-811b-4558-93c2-767b513d3200", "status": "error", "size": 1, "availabilityZone": "nova", "crea
    tedAt": "2026-02-19T12:12:09.000000", "attachments": [{}], "displayName": "tempest-VolumesSnapshotsTestJSON-volume-740906608", "displayDescription": null, "volumeType": "nvmetcp1", "snapshotId": null, "metadata": {}}}'

{0} tempest.api.compute.volumes.test_volumes_get.VolumesGetTestJSON.test_volume_create_get_delete [1.790534s] ... FAILED

Captured traceback:
~~~~~~~~~~~~~~~~~~~
    Traceback (most recent call last):

      File "/opt/stack/tempest/tempest/api/compute/volumes/test_volumes_get.py", line 55, in test_volume_create_get_delete
    volume = self.create_volume(size=CONF.volume.volume_size,
             ^^^^^^^^^^^^^^^^^^^^^^^^^^^^^^^^^^^^^^^^^^^^^^^^

      File "/opt/stack/tempest/tempest/api/compute/base.py", line 541, in create_volume
    waiters.wait_for_volume_resource_status(cls.volumes_client,

      File "/opt/stack/tempest/tempest/common/waiters.py", line 379, in wait_for_volume_resource_status
    raise exceptions.VolumeResourceBuildErrorException(

    tempest.exceptions.VolumeResourceBuildErrorException: volume 7410371d-66f2-44ae-85eb-b1c92e591462 failed to build and is in ERROR status


Captured pythonlogging:
~~~~~~~~~~~~~~~~~~~~~~~
    2026-02-19 12:12:15,809 123155 INFO     [tempest.lib.common.rest_client] Request (VolumesGetTestJSON:test_volume_create_get_delete): 200 POST http://10.132.44.205/compute/v2.1/os-volumes 0.610s
2026-02-19 12:12:15,810 123155 DEBUG    [tempest.lib.common.rest_client] Request - Headers: {'Content-Type': 'application/json', 'Accept': 'application/json', 'X-Auth-Token': '<omitted>'}
        Body: {"volume": {"size": 1, "display_name": "tempest-VolumesGetTestJSON-Volume-541233154", "metadata": {"Type": "work"}}}
    Response - Headers: {'date': 'Thu, 19 Feb 2026 12:12:15 GMT', 'server': 'Apache/2.4.58 (Ubuntu)', 'content-length': '349', 'location': 'http://10.132.44.205/compute/v2.1/os-volumes/7410371d-66f2-44ae-85eb-b1c92e591462', 'content-type': 'application/json', 'openstack-api-version': 'compute 2.1', 'x-openstack-nova-api-version': '2.1', 'vary': 'OpenStack-API-Version,X-OpenStack-Nova-API-Version', 'x-openstack-request-id': 'req-dbc8dac0-baed-450c-89cf-61eb1833b854', 'x-compute-request-id': 'req-dbc8dac0-baed-450c-89cf-61eb1833b854', 'connection': 'close', 'status': '200', 'content-location': 'http://10.132.44.205/compute/v2.1/os-volumes'}
        Body: b'{"volume": {"id": "7410371d-66f2-44ae-85eb-b1c92e591462", "status": "creating", "size": 1, "availabilityZone": "nova", "createdAt": "2026-02-19T12:12:15.678052", "attachments": [{}], "displayName": "tempest-VolumesGetTestJSON-Volume-541233154", "displayDescription": null, "volumeType": "nvmetcp1", "snapshotId": null, "metadata": {"Type": "work"}}}'
2026-02-19 12:12:15,887 123155 INFO     [tempest.lib.common.rest_client] Request (VolumesGetTestJSON:test_volume_create_get_delete): 200 GET http://10.132.44.205/compute/v2.1/os-volumes/7410371d-66f2-44ae-85eb-b1c92e591462 0.067s
2026-02-19 12:12:15,887 123155 DEBUG    [tempest.lib.common.rest_client] Request - Headers: {'Content-Type': 'application/json', 'Accept': 'application/json', 'X-Auth-Token': '<omitted>'}
        Body: None
    Response - Headers: {'date': 'Thu, 19 Feb 2026 12:12:15 GMT', 'server': 'Apache/2.4.58 (Ubuntu)', 'content-length': '346', 'content-type': 'application/json', 'openstack-api-version': 'compute 2.1', 'x-openstack-nova-api-version': '2.1', 'vary': 'OpenStack-API-Version,X-OpenStack-Nova-API-Version', 'x-openstack-request-id': 'req-bc4ebe2f-3403-46b8-b85b-d533af2ee1b6', 'x-compute-request-id': 'req-bc4ebe2f-3403-46b8-b85b-d533af2ee1b6', 'connection': 'close', 'status': '200', 'content-location': 'http://10.132.44.205/compute/v2.1/os-volumes/7410371d-66f2-44ae-85eb-b1c92e591462'}
        Body: b'{"volume": {"id": "7410371d-66f2-44ae-85eb-b1c92e591462", "status": "error", "size": 1, "availabilityZone": "nova", "createdAt": "2026-02-19T12:12:16.000000", "attachments": [{}], "displayName": "tempest-VolumesGetTestJSON-Volume-541233154", "displayDescription": null, "volumeType": "nvmetcp1", "snapshotId": null, "metadata": {"Type": "work"}}}'
2026-02-19 12:12:16,980 123155 INFO     [tempest.lib.common.rest_client] Request (VolumesGetTestJSON:test_volume_create_get_delete): 200 GET http://10.132.44.205/compute/v2.1/os-volumes/7410371d-66f2-44ae-85eb-b1c92e591462 0.085s
2026-02-19 12:12:16,980 123155 DEBUG    [tempest.lib.common.rest_client] Request - Headers: {'Content-Type': 'application/json', 'Accept': 'application/json', 'X-Auth-Token': '<omitted>'}
        Body: None
    Response - Headers: {'date': 'Thu, 19 Feb 2026 12:12:16 GMT', 'server': 'Apache/2.4.58 (Ubuntu)', 'content-length': '346', 'content-type': 'application/json', 'openstack-api-version': 'compute 2.1', 'x-openstack-nova-api-version': '2.1', 'vary': 'OpenStack-API-Version,X-OpenStack-Nova-API-Version', 'x-openstack-request-id': 'req-c9ed9e22-6d0b-43d8-968d-38b1c08db68d', 'x-compute-request-id': 'req-c9ed9e22-6d0b-43d8-968d-38b1c08db68d', 'connection': 'close', 'status': '200', 'content-location': 'http://10.132.44.205/compute/v2.1/os-volumes/7410371d-66f2-44ae-85eb-b1c92e591462'}
        Body: b'{"volume": {"id": "7410371d-66f2-44ae-85eb-b1c92e591462", "status": "error", "size": 1, "availabilityZone": "nova", "createdAt": "2026-02-19T
    12:12:16.000000", "attachments": [{}], "displayName": "tempest-VolumesGetTestJSON-Volume-541233154", "displayDescription": null, "volumeType": "nvmetcp1", "snapshotId": null, "metadata": {"Type": "work"}}}'

{0} setUpClass (tempest.api.compute.volumes.test_volumes_list.VolumesTestJSON) [0.000000s] ... FAILED

Captured traceback:
~~~~~~~~~~~~~~~~~~~
    Traceback (most recent call last):

      File "/opt/stack/tempest/tempest/test.py", line 185, in setUpClass
    raise value.with_traceback(trace)

      File "/opt/stack/tempest/tempest/test.py", line 178, in setUpClass
    cls.resource_setup()

      File "/opt/stack/tempest/tempest/api/compute/volumes/test_volumes_list.py", line 56, in resource_setup
    volume = cls.create_volume(metadata=metadata)
             ^^^^^^^^^^^^^^^^^^^^^^^^^^^^^^^^^^^^

      File "/opt/stack/tempest/tempest/api/compute/base.py", line 541, in create_volume
    waiters.wait_for_volume_resource_status(cls.volumes_client,

      File "/opt/stack/tempest/tempest/common/waiters.py", line 379, in wait_for_volume_resource_status
    raise exceptions.VolumeResourceBuildErrorException(

    tempest.exceptions.VolumeResourceBuildErrorException: volume 8636158d-afc6-41ce-b7a1-c36def9680fa failed to build and is in ERROR status

{0} tempest.api.compute.volumes.test_volumes_negative.VolumesNegativeTest.test_create_volume_with_invalid_size [0.240677s] ... ok
{0} tempest.api.compute.volumes.test_volumes_negative.VolumesNegativeTest.test_create_volume_with_size_zero [0.018697s] ... ok
{0} tempest.api.compute.volumes.test_volumes_negative.VolumesNegativeTest.test_create_volume_without_passing_size [0.018049s] ... ok
{0} tempest.api.compute.volumes.test_volumes_negative.VolumesNegativeTest.test_delete_invalid_volume_id [0.055094s] ... ok
{0} tempest.api.compute.volumes.test_volumes_negative.VolumesNegativeTest.test_delete_volume_without_passing_volume_id [0.012819s] ... ok
{0} tempest.api.compute.volumes.test_volumes_negative.VolumesNegativeTest.test_get_volume_without_passing_volume_id [0.012332s] ... ok
{0} tempest.api.compute.volumes.test_volumes_negative.VolumesNegativeTest.test_volume_delete_nonexistent_volume_id [0.050902s] ... ok
{0} tempest.api.compute.volumes.test_volumes_negative.VolumesNegativeTest.test_volume_get_nonexistent_volume_id [0.057724s] ... ok
{0} tempest.api.volume.admin.test_backends_capabilities.BackendsCapabilitiesAdminTestsJSON.test_compare_volume_stats_values [0.576798s] ... ok
{0} tempest.api.volume.admin.test_backends_capabilities.BackendsCapabilitiesAdminTestsJSON.test_get_capabilities_backend [0.001253s] ... FAILED

Captured traceback:
~~~~~~~~~~~~~~~~~~~
    Traceback (most recent call last):

      File "/opt/stack/tempest/tempest/api/volume/admin/test_backends_capabilities.py", line 38, in test_get_capabilities_backend
    self.admin_capabilities_client.show_backend_capabilities(self.hosts[0])
                                                             ~~~~~~~~~~^^^

    IndexError: list index out of range

{0} setUpClass (tempest.api.volume.admin.test_encrypted_volumes_extend.EncryptedVolumesExtendAttachedTest) ... SKIPPED: Attached encrypted volume extend is disabled.
{0} tempest.api.volume.admin.test_group_snapshots.GroupSnapshotsTest.test_create_group_from_group_snapshot [2.177234s] ... FAILED

Captured traceback:
~~~~~~~~~~~~~~~~~~~
    Traceback (most recent call last):

      File "/opt/stack/tempest/tempest/api/volume/admin/test_group_snapshots.py", line 162, in test_create_group_from_group_snapshot
    grp = self.create_group(group_type=group_type['id'],
          ^^^^^^^^^^^^^^^^^^^^^^^^^^^^^^^^^^^^^^^^^^^^^^

      File "/opt/stack/tempest/tempest/api/volume/base.py", line 293, in create_group
    waiters.wait_for_volume_resource_status(

      File "/opt/stack/tempest/tempest/common/waiters.py", line 379, in wait_for_volume_resource_status
    raise exceptions.VolumeResourceBuildErrorException(

    tempest.exceptions.VolumeResourceBuildErrorException: group 734dcf42-f431-493e-94b1-915d74ded57f failed to build and is in ERROR status


Captured pythonlogging:
~~~~~~~~~~~~~~~~~~~~~~~
    2026-02-19 12:12:35,753 123155 INFO     [tempest.lib.common.rest_client] Request (GroupSnapshotsTest:test_create_group_from_group_snapshot): 200 POST http://10.132.44.205/volume/v3/types 0.188s
2026-02-19 12:12:35,754 123155 DEBUG    [tempest.lib.common.rest_client] Request - Headers: {'Content-Type': 'application/json', 'Accept': 'application/json', 'X-Auth-Token': '<omitted>'}
        Body: {"volume_type": {"name": "tempest-GroupSnapshotsTest-volume-type-1662409357"}}
    Response - Headers: {'date': 'Thu, 19 Feb 2026 12:12:35 GMT', 'server': 'Apache/2.4.58 (Ubuntu)', 'content-type': 'application/json', 'x-compute-request-id': 'req-59420433-04c5-4b45-bc69-524d5684b276', 'content-length': '224', 'openstack-api-version': 'volume 3.0', 'vary': 'OpenStack-API-Version', 'x-openstack-request-id': 'req-59420433-04c5-4b45-bc69-524d5684b276', 'connection': 'close', 'status': '200', 'content-location': 'http://10.132.44.205/volume/v3/types'}
        Body: b'{"volume_type": {"id": "33d0986e-6f2f-4548-917a-002b776165b3", "name": "tempest-GroupSnapshotsTest-volume-type-1662409357", "is_public": true, "extra_specs": {}, "description": null, "os-volume-type-access:is_public": true}}'
2026-02-19 12:12:35,849 123155 INFO     [tempest.lib.common.rest_client] Request (GroupSnapshotsTest:test_create_group_from_group_snapshot): 202 POST http://10.132.44.205/volume/v3/group_types 0.088s
2026-02-19 12:12:35,850 123155 DEBUG    [tempest.lib.common.rest_client] Request - Headers: {'Content-Type': 'application/json', 'Accept': 'application/json', 'Openstack-Api-Version': 'volume 3.14', 'X-Auth-Token': '<omitted>'}
        Body: {"group_type": {"name": "tempest-GroupSnapshotsTest-group-type-742672044"}}
    Response - Headers: {'date': 'Thu, 19 Feb 2026 12:12:35 GMT', 'server': 'Apache/2.4.58 (Ubuntu)', 'content-type': 'application/json', 'x-compute-request-id': 'req-139a4040-9883-4163-8330-21f9fd89ba25', 'content-length': '180', 'openstack-api-version': 'volume 3.14', 'vary': 'OpenStack-API-Version', 'x-openstack-request-id': 'req-139a4040-9883-4163-8330-21f9fd89ba25', 'connection': 'close', 'status': '202', 'content-location': 'http://10.132.44.205/volume/v3/group_types'}
        Body: b'{"group_type": {"id": "b4c3bb26-a7f1-4144-b870-04a48acd890b", "name": "tempest-GroupSnapshotsTest-group-type-742672044", "description": null, "is_public": true, "group_specs": {}}}'
2026-02-19 12:12:36,125 123155 INFO     [tempest.lib.common.rest_client] Request (GroupSnapshotsTest:test_create_group_from_group_snapshot): 202 POST http://10.132.44.205/volume/v3/groups 0.272s
2026-02-19 12:12:36,126 123155 DEBUG    [tempest.lib.common.rest_client] Request - Headers: {'Content-Type': 'application/json', 'Accept': 'application/json', 'Openstack-Api-Version': 'volume 3.14', 'X-Auth-Token': '<omitted>'}
        Body: {"group": {"group_type": "b4c3bb26-a7f1-4144-b870-04a48acd890b", "volume_types": ["33d0986e-6f2f-4548-917a-002b776165b3"], "name": "tempest-GroupSnapshotsTest-Group-482006866"}}
    Response - Headers: {'date': 'Thu, 19 Feb 2026 12:12:35 GMT', 'server': 'Apache/2.4.58 (Ubuntu)', 'content-type': 'application/json', 'x-compute-request-id': 'req-0ce082cb-1832-4639-a291-1be547520806', 'content-length': '111', 'openstack-api-version': 'volume 3.14', 'vary': 'OpenStack-API-Version', 'x-openstack-request-id': 'req-0ce082cb-1832-4639-a291-1be547520806', 'connection': 'close', 'status': '202', 'content-location': 'http://10.132.44.205/volume/v3/groups'}
        Body: b'{"group": {"id": "734dcf42-f431-493e-94b1-915d74ded57f", "name": "tempest-GroupSnapshotsTest-Group-482006866"}}'
2026-02-19 12:12:36,188 123155 INFO     [tempest.lib.common.rest_client] Request (GroupSnapshotsTest:test_create_group_from_group_snapshot): 200 GET http://10.132.44.205/volume/v3/groups/734dcf42-f431-493e-94b1-915d74ded57f 0.060s
2026-02-19 12:12:36,189 123155 DEBUG    [tempest.lib.common.rest_client] Request - Headers: {'Content-Type': 'application/json', 'Accept': 'application/json', 'Openstack-Api-Version': 'volume 3.14', 'X-Auth-Token': '<omitted>'}
        Body: None
    Response 
    - Headers: {'date': 'Thu, 19 Feb 2026 12:12:36 GMT', 'server': 'Apache/2.4.58 (Ubuntu)', 'content-type': 'application/json', 'x-compute-request-id': 'req-54d3348a-d10f-4a80-9e5e-58d7c0f313bd', 'content-length': '391', 'openstack-api-version': 'volume 3.14', 'vary': 'OpenStack-API-Version', 'x-openstack-request-id': 'req-54d3348a-d10f-4a80-9e5e-58d7c0f313bd', 'connection': 'close', 'status': '200', 'content-location': 'http://10.132.44.205/volume/v3/groups/734dcf42-f431-493e-94b1-915d74ded57f'}
        Body: b'{"group": {"id": "734dcf42-f431-493e-94b1-915d74ded57f", "status": "creating", "availability_zone": "nova", "created_at": "2026-02-19T12:12:36.000000", "name": "tempest-GroupSnapshotsTest-Group-482006866", "description": null, "group_type": "b4c3bb26-a7f1-4144-b870-04a48acd890b", "volume_types": ["33d0986e-6f2f-4548-917a-002b776165b3"], "group_snapshot_id": null, "source_group_id": null}}'
2026-02-19 12:12:37,265 123155 INFO     [tempest.lib.common.rest_client] Request (GroupSnapshotsTest:test_create_group_from_group_snapshot): 200 GET http://10.132.44.205/volume/v3/groups/734dcf42-f431-493e-94b1-915d74ded57f 0.070s
2026-02-19 12:12:37,266 123155 DEBUG    [tempest.lib.common.rest_client] Request - Headers: {'Content-Type': 'application/json', 'Accept': 'application/json', 'Openstack-Api-Version': 'volume 3.14', 'X-Auth-Token': '<omitted>'}
        Body: None
    Response - Headers: {'date': 'Thu, 19 Feb 2026 12:12:37 GMT', 'server': 'Apache/2.4.58 (Ubuntu)', 'content-type': 'application/json', 'x-compute-request-id': 'req-2edafff2-1436-4236-a83c-7cf282441e61', 'content-length': '388', 'openstack-api-version': 'volume 3.14', 'vary': 'OpenStack-API-Version', 'x-openstack-request-id': 'req-2edafff2-1436-4236-a83c-7cf282441e61', 'connection': 'close', 'status': '200', 'content-location': 'http://10.132.44.205/volume/v3/groups/734dcf42-f431-493e-94b1-915d74ded57f'}
        Body: b'{"group": {"id": "734dcf42-f431-493e-94b1-915d74ded57f", "status": "error", "availability_zone": "nova", "created_at": "2026-02-19T12:12:36.000000", "name": "tempest-GroupSnapshotsTest-Group-482006866", "description": null, "group_type": "b4c3bb26-a7f1-4144-b870-04a48acd890b", "volume_types": ["33d0986e-6f2f-4548-917a-002b776165b3"], "group_snapshot_id": null, "source_group_id": null}}'
2026-02-19 12:12:37,372 123155 INFO     [tempest.lib.common.rest_client] Request (GroupSnapshotsTest:_run_cleanups): 200 GET http://10.132.44.205/volume/v3/volumes/detail 0.098s
2026-02-19 12:12:37,372 123155 DEBUG    [tempest.lib.common.rest_client] Request - Headers: {'Content-Type': 'application/json', 'Accept': 'application/json', 'Openstack-Api-Version': 'volume 3.14', 'X-Auth-Token': '<omitted>'}
        Body: None
    Response - Headers: {'date': 'Thu, 19 Feb 2026 12:12:37 GMT', 'server': 'Apache/2.4.58 (Ubuntu)', 'content-type': 'application/json', 'x-compute-request-id': 'req-b2cd3a62-019c-4504-8831-003bd57e7a3b', 'content-length': '15', 'openstack-api-version': 'volume 3.14', 'vary': 'OpenStack-API-Version', 'x-openstack-request-id': 'req-b2cd3a62-019c-4504-8831-003bd57e7a3b', 'connection': 'close', 'status': '200', 'content-location': 'http://10.132.44.205/volume/v3/volumes/detail'}
        Body: b'{"volumes": []}'
2026-02-19 12:12:37,499 123155 INFO     [tempest.lib.common.rest_client] Request (GroupSnapshotsTest:_run_cleanups): 202 POST http://10.132.44.205/volume/v3/groups/734dcf42-f431-493e-94b1-915d74ded57f/action 0.110s
2026-02-19 12:12:37,500 123155 DEBUG    [tempest.lib.common.rest_client] Request - Headers: {'Content-Type': 'application/json', 'Accept': 'application/json', 'Openstack-Api-Version': 'volume 3.14', 'X-Auth-Token': '<omitted>'}
        Body: {"delete": {"delete-volumes": true}}
    Response - Headers: {'date': 'Thu, 19 Feb 2026 12:12:37 GMT', 'server': 'Apache/2.4.58 (Ubuntu)', 'content-length': '0', 'content-type': 'text/html; charset=UTF-8', 'openstack-api-version': 'volume 3.14', 'vary': 'OpenStack-API-Version', 'x-openstack-request-id': 'req-7e7929f4-70d0-46e4-a8bf-c0c377b44f4d', 'connection': 'close', 'status': '202', 'conte
    nt-location': 'http://10.132.44.205/volume/v3/groups/734dcf42-f431-493e-94b1-915d74ded57f/action'}
        Body: b''
2026-02-19 12:12:37,524 123155 INFO     [tempest.lib.common.rest_client] Request (GroupSnapshotsTest:_run_cleanups): 404 GET http://10.132.44.205/volume/v3/groups/734dcf42-f431-493e-94b1-915d74ded57f 0.024s
2026-02-19 12:12:37,525 123155 DEBUG    [tempest.lib.common.rest_client] Request - Headers: {'Content-Type': 'application/json', 'Accept': 'application/json', 'Openstack-Api-Version': 'volume 3.14', 'X-Auth-Token': '<omitted>'}
        Body: None
    Response - Headers: {'date': 'Thu, 19 Feb 2026 12:12:37 GMT', 'server': 'Apache/2.4.58 (Ubuntu)', 'openstack-api-version': 'volume 3.14', 'vary': 'OpenStack-API-Version', 'content-length': '108', 'content-type': 'application/json', 'x-compute-request-id': 'req-e413cdc9-2b4c-4268-917a-06f60201cbd5', 'x-openstack-request-id': 'req-e413cdc9-2b4c-4268-917a-06f60201cbd5', 'connection': 'close', 'status': '404', 'content-location': 'http://10.132.44.205/volume/v3/groups/734dcf42-f431-493e-94b1-915d74ded57f'}
        Body: b'{"itemNotFound": {"code": 404, "message": "Group 734dcf42-f431-493e-94b1-915d74ded57f could not be found."}}'
2026-02-19 12:12:37,587 123155 INFO     [tempest.lib.common.rest_client] Request (GroupSnapshotsTest:_run_cleanups): 202 DELETE http://10.132.44.205/volume/v3/group_types/b4c3bb26-a7f1-4144-b870-04a48acd890b 0.061s
2026-02-19 12:12:37,588 123155 DEBUG    [tempest.lib.common.rest_client] Request - Headers: {'Content-Type': 'application/json', 'Accept': 'application/json', 'Openstack-Api-Version': 'volume 3.14', 'X-Auth-Token': '<omitted>'}
        Body: None
    Response - Headers: {'date': 'Thu, 19 Feb 2026 12:12:37 GMT', 'server': 'Apache/2.4.58 (Ubuntu)', 'content-length': '0', 'content-type': 'text/html; charset=UTF-8', 'openstack-api-version': 'volume 3.14', 'vary': 'OpenStack-API-Version', 'x-openstack-request-id': 'req-4a6cb173-bf19-4518-bcf4-225e1f37dca4', 'connection': 'close', 'status': '202', 'content-location': 'http://10.132.44.205/volume/v3/group_types/b4c3bb26-a7f1-4144-b870-04a48acd890b'}
        Body: b''
2026-02-19 12:12:37,718 123155 INFO     [tempest.lib.common.rest_client] Request (GroupSnapshotsTest:_run_cleanups): 202 DELETE http://10.132.44.205/volume/v3/types/33d0986e-6f2f-4548-917a-002b776165b3 0.129s
2026-02-19 12:12:37,719 123155 DEBUG    [tempest.lib.common.rest_client] Request - Headers: {'Content-Type': 'application/json', 'Accept': 'application/json', 'X-Auth-Token': '<omitted>'}
        Body: None
    Response - Headers: {'date': 'Thu, 19 Feb 2026 12:12:37 GMT', 'server': 'Apache/2.4.58 (Ubuntu)', 'content-length': '0', 'content-type': 'text/html; charset=UTF-8', 'openstack-api-version': 'volume 3.0', 'vary': 'OpenStack-API-Version', 'x-openstack-request-id': 'req-112fd38d-9dd3-4925-820e-05164ff11fdc', 'connection': 'close', 'status': '202', 'content-location': 'http://10.132.44.205/volume/v3/types/33d0986e-6f2f-4548-917a-002b776165b3'}
        Body: b''
2026-02-19 12:12:37,741 123155 INFO     [tempest.lib.common.rest_client] Request (GroupSnapshotsTest:_run_cleanups): 404 GET http://10.132.44.205/volume/v3/types/33d0986e-6f2f-4548-917a-002b776165b3 0.021s
2026-02-19 12:12:37,741 123155 DEBUG    [tempest.lib.common.rest_client] Request - Headers: {'Content-Type': 'application/json', 'Accept': 'application/json', 'X-Auth-Token': '<omitted>'}
        Body: None
    Response - Headers: {'date': 'Thu, 19 Feb 2026 12:12:37 GMT', 'server': 'Apache/2.4.58 (Ubuntu)', 'openstack-api-version': 'volume 3.0', 'vary': 'OpenStack-API-Version', 'content-length': '114', 'content-type': 'application/json', 'x-compute-request-id': 'req-652ec868-5184-41e2-b19d-fbc5da0405a7', 'x-openstack-request-id': 'req-652ec868-5184-41e2-b19d-fbc5da0405a7', 'connection': 'close', 'status': '404', 'content-location': 'http://10.132.44.205/volume/v3/types/33d0986e-6f2f-4548-917a-002b776165b3'}
        Body: b'{"itemNotFound": {"code": 404, "message": "Volume type 33d0986e-6f2f-4548-917a-002b776165b3 could not be found."}}'

{0} tempest.api.volume.admin.test_group_snapshots.GroupSnapshotsTest.test_delete_group_snapshots_following_updated_volumes [1.811447s] ... FAILED

Captured traceback:
~~~~~~~~~~~~~~~~~~~
    Traceback (most recent call last):

      File "/opt/stack/tempest/tempest/lib/decorators.py", line 106, in wrapper
    raise exc

      File "/opt/stack/tempest/tempest/lib/decorators.py", line 98, in wrapper
    return f(*func_args, **func_kwargs)
           ^^^^^^^^^^^^^^^^^^^^^^^^^^^^

      File "/opt/stack/tempest/tempest/api/volume/admin/test_group_snapshots.py", line 225, in test_delete_group_snapshots_following_updated_volumes
    grp = self.create_group(group_type=group_type['id'],
          ^^^^^^^^^^^^^^^^^^^^^^^^^^^^^^^^^^^^^^^^^^^^^^

      File "/opt/stack/tempest/tempest/api/volume/base.py", line 293, in create_group
    waiters.wait_for_volume_resource_status(

      File "/opt/stack/tempest/tempest/common/waiters.py", line 379, in wait_for_volume_resource_status
    raise exceptions.VolumeResourceBuildErrorException(

    tempest.exceptions.VolumeResourceBuildErrorException: group 3a418f36-c99c-4dc9-bb62-5ddbe3d507fe failed to build and is in ERROR status


Captured pythonlogging:
~~~~~~~~~~~~~~~~~~~~~~~
    2026-02-19 12:12:37,799 123155 INFO     [tempest.lib.common.rest_client] Request (GroupSnapshotsTest:test_delete_group_snapshots_following_updated_volumes): 200 POST http://10.132.44.205/volume/v3/types 0.053s
2026-02-19 12:12:37,799 123155 DEBUG    [tempest.lib.common.rest_client] Request - Headers: {'Content-Type': 'application/json', 'Accept': 'application/json', 'X-Auth-Token': '<omitted>'}
        Body: {"volume_type": {"name": "tempest-GroupSnapshotsTest-volume-type-1174906591"}}
    Response - Headers: {'date': 'Thu, 19 Feb 2026 12:12:37 GMT', 'server': 'Apache/2.4.58 (Ubuntu)', 'content-type': 'application/json', 'x-compute-request-id': 'req-0d5e9416-5841-4c8b-9af8-bcf1426985be', 'content-length': '224', 'openstack-api-version': 'volume 3.0', 'vary': 'OpenStack-API-Version', 'x-openstack-request-id': 'req-0d5e9416-5841-4c8b-9af8-bcf1426985be', 'connection': 'close', 'status': '200', 'content-location': 'http://10.132.44.205/volume/v3/types'}
        Body: b'{"volume_type": {"id": "2fb3eefb-e082-4ab4-b950-803ba81c21b5", "name": "tempest-GroupSnapshotsTest-volume-type-1174906591", "is_public": true, "extra_specs": {}, "description": null, "os-volume-type-access:is_public": true}}'
2026-02-19 12:12:37,850 123155 INFO     [tempest.lib.common.rest_client] Request (GroupSnapshotsTest:test_delete_group_snapshots_following_updated_volumes): 202 POST http://10.132.44.205/volume/v3/group_types 0.047s
2026-02-19 12:12:37,851 123155 DEBUG    [tempest.lib.common.rest_client] Request - Headers: {'Content-Type': 'application/json', 'Accept': 'application/json', 'Openstack-Api-Version': 'volume 3.14', 'X-Auth-Token': '<omitted>'}
        Body: {"group_type": {"name": "tempest-GroupSnapshotsTest-group-type-1914331616"}}
    Response - Headers: {'date': 'Thu, 19 Feb 2026 12:12:37 GMT', 'server': 'Apache/2.4.58 (Ubuntu)', 'content-type': 'application/json', 'x-compute-request-id': 'req-c6b6f987-ad58-4049-8912-69358f9f6bc5', 'content-length': '181', 'openstack-api-version': 'volume 3.14', 'vary': 'OpenStack-API-Version', 'x-openstack-request-id': 'req-c6b6f987-ad58-4049-8912-69358f9f6bc5', 'connection': 'close', 'status': '202', 'content-location': 'http://10.132.44.205/volume/v3/group_types'}
        Body: b'{"group_type": {"id": "c6eb5929-ee9f-4720-a87c-ad875eeacc4e", "name": "tempest-GroupSnapshotsTest-group-type-1914331616", "description": null, "is_public": true, "group_specs": {}}}'
2026-02-19 12:12:38,027 123155 INFO     [tempest.lib.common.rest_client] Request (GroupSnapshotsTest:test_delete_group_snapshots_following_updated_volumes): 202 POST http://10.132.44.205/volume/v3/groups 0.175s
2026-02-19 12:12:38,028 123155 DEBUG    [tempest.lib.common.rest_client] Request - Headers: {'Content-Type': 'application/json', 'Accept': 'application/json', 'Openstack-Api-Version': 'volume 3.14', 'X-Auth-Token': '<omitted>'}
        Body: {"group": {"group_type": "c6eb5929-ee9f-4720-a87c-ad875eeacc4e", "volume_types": ["2fb3eefb-e082-4ab4-b950-803ba81c21b5"], "name": "tempest-GroupSnapshotsTest-Group-1980259470"}}
    Response - Headers: {'date': 'Thu, 19 Feb 2026 12:12:37 GMT', 'server': 'Apache/2.4.58 (Ubuntu)', 'content-type': 'application/json', 'x-compute-request-id': 'req-c7d92708-e452-44ee-ac02-c6e6eb773d91', 'content-length': '112', 'openstack-api-version': 'volume 3.14', 'vary': 'OpenStack-API-Version', 'x-openstack-request-id': 'req-c7d92708-e452-44ee-ac02-c6e6eb773d91', 'connection': 'close', 'status': '202', 'content-location': 'http://10.132.44.205/volume/v3/groups'}
        Body: b'{"group": {"id": "3a418f36-c99c-4dc9-bb62-5ddbe3d507fe", "name": "tempest-GroupSnapshotsTest-Group-1980259470"}}'
2026-02-19 12:12:38,073 123155 INFO     [tempest.lib.common.rest_client] Request (GroupSnapshotsTest:test_delete_group_snapshots_following_updated_volumes): 200 GET http://10.132.44.205/volume/v3/groups/3a418f36-c99c-4dc9-bb62-5ddbe3d507fe 0.043s
2026-02-19 12:12:38,073 123155 DEBUG    [tempest.lib.common.rest_client] Request - Headers: {'Content-Type': 'application/json', 'Accept': 'application/json', 'Openstack-Api-Version': 'volume 
    3.14', 'X-Auth-Token': '<omitted>'}
        Body: None
    Response - Headers: {'date': 'Thu, 19 Feb 2026 12:12:38 GMT', 'server': 'Apache/2.4.58 (Ubuntu)', 'content-type': 'application/json', 'x-compute-request-id': 'req-8d2d7d54-f8b7-488f-8fd1-cbfa94687792', 'content-length': '392', 'openstack-api-version': 'volume 3.14', 'vary': 'OpenStack-API-Version', 'x-openstack-request-id': 'req-8d2d7d54-f8b7-488f-8fd1-cbfa94687792', 'connection': 'close', 'status': '200', 'content-location': 'http://10.132.44.205/volume/v3/groups/3a418f36-c99c-4dc9-bb62-5ddbe3d507fe'}
        Body: b'{"group": {"id": "3a418f36-c99c-4dc9-bb62-5ddbe3d507fe", "status": "creating", "availability_zone": "nova", "created_at": "2026-02-19T12:12:38.000000", "name": "tempest-GroupSnapshotsTest-Group-1980259470", "description": null, "group_type": "c6eb5929-ee9f-4720-a87c-ad875eeacc4e", "volume_types": ["2fb3eefb-e082-4ab4-b950-803ba81c21b5"], "group_snapshot_id": null, "source_group_id": null}}'
2026-02-19 12:12:39,128 123155 INFO     [tempest.lib.common.rest_client] Request (GroupSnapshotsTest:test_delete_group_snapshots_following_updated_volumes): 200 GET http://10.132.44.205/volume/v3/groups/3a418f36-c99c-4dc9-bb62-5ddbe3d507fe 0.048s
2026-02-19 12:12:39,128 123155 DEBUG    [tempest.lib.common.rest_client] Request - Headers: {'Content-Type': 'application/json', 'Accept': 'application/json', 'Openstack-Api-Version': 'volume 3.14', 'X-Auth-Token': '<omitted>'}
        Body: None
    Response - Headers: {'date': 'Thu, 19 Feb 2026 12:12:39 GMT', 'server': 'Apache/2.4.58 (Ubuntu)', 'content-type': 'application/json', 'x-compute-request-id': 'req-96de9eb7-f56c-4c24-adcf-1f3507e9f138', 'content-length': '389', 'openstack-api-version': 'volume 3.14', 'vary': 'OpenStack-API-Version', 'x-openstack-request-id': 'req-96de9eb7-f56c-4c24-adcf-1f3507e9f138', 'connection': 'close', 'status': '200', 'content-location': 'http://10.132.44.205/volume/v3/groups/3a418f36-c99c-4dc9-bb62-5ddbe3d507fe'}
        Body: b'{"group": {"id": "3a418f36-c99c-4dc9-bb62-5ddbe3d507fe", "status": "error", "availability_zone": "nova", "created_at": "2026-02-19T12:12:38.000000", "name": "tempest-GroupSnapshotsTest-Group-1980259470", "description": null, "group_type": "c6eb5929-ee9f-4720-a87c-ad875eeacc4e", "volume_types": ["2fb3eefb-e082-4ab4-b950-803ba81c21b5"], "group_snapshot_id": null, "source_group_id": null}}'
2026-02-19 12:12:39,134 123155 ERROR    [tempest.lib.decorators] Hints: This test was made for the bug_type 1739031. The failure could be related to https://launchpad.net/bugs/1739031
2026-02-19 12:12:39,232 123155 INFO     [tempest.lib.common.rest_client] Request (GroupSnapshotsTest:_run_cleanups): 200 GET http://10.132.44.205/volume/v3/volumes/detail 0.095s
2026-02-19 12:12:39,232 123155 DEBUG    [tempest.lib.common.rest_client] Request - Headers: {'Content-Type': 'application/json', 'Accept': 'application/json', 'Openstack-Api-Version': 'volume 3.14', 'X-Auth-Token': '<omitted>'}
        Body: None
    Response - Headers: {'date': 'Thu, 19 Feb 2026 12:12:39 GMT', 'server': 'Apache/2.4.58 (Ubuntu)', 'content-type': 'application/json', 'x-compute-request-id': 'req-d4c849ff-22c1-4240-81fb-2dba1a25c5bf', 'content-length': '15', 'openstack-api-version': 'volume 3.14', 'vary': 'OpenStack-API-Version', 'x-openstack-request-id': 'req-d4c849ff-22c1-4240-81fb-2dba1a25c5bf', 'connection': 'close', 'status': '200', 'content-location': 'http://10.132.44.205/volume/v3/volumes/detail'}
        Body: b'{"volumes": []}'
2026-02-19 12:12:39,364 123155 INFO     [tempest.lib.common.rest_client] Request (GroupSnapshotsTest:_run_cleanups): 202 POST http://10.132.44.205/volume/v3/groups/3a418f36-c99c-4dc9-bb62-5ddbe3d507fe/action 0.113s
2026-02-19 12:12:39,364 123155 DEBUG    [tempest.lib.common.rest_client] Request - Headers: {'Content-Type': 'application/json', 'Accept': 'application/json', 'Openstack-Api-Version': 'volume 3.14', 'X-Auth-Token': '<omitted>'}
        Body: {"delete": {"delete-volumes": true}}
    Response - Headers: {'date': 'Thu, 19 Feb 2026 12:12:39 GMT', 'server': 'Apache/2.4.
    58 (Ubuntu)', 'content-length': '0', 'content-type': 'text/html; charset=UTF-8', 'openstack-api-version': 'volume 3.14', 'vary': 'OpenStack-API-Version', 'x-openstack-request-id': 'req-c2997ee0-b244-45f0-ac2d-3b446963d16e', 'connection': 'close', 'status': '202', 'content-location': 'http://10.132.44.205/volume/v3/groups/3a418f36-c99c-4dc9-bb62-5ddbe3d507fe/action'}
        Body: b''
2026-02-19 12:12:39,386 123155 INFO     [tempest.lib.common.rest_client] Request (GroupSnapshotsTest:_run_cleanups): 404 GET http://10.132.44.205/volume/v3/groups/3a418f36-c99c-4dc9-bb62-5ddbe3d507fe 0.021s
2026-02-19 12:12:39,387 123155 DEBUG    [tempest.lib.common.rest_client] Request - Headers: {'Content-Type': 'application/json', 'Accept': 'application/json', 'Openstack-Api-Version': 'volume 3.14', 'X-Auth-Token': '<omitted>'}
        Body: None
    Response - Headers: {'date': 'Thu, 19 Feb 2026 12:12:39 GMT', 'server': 'Apache/2.4.58 (Ubuntu)', 'openstack-api-version': 'volume 3.14', 'vary': 'OpenStack-API-Version', 'content-length': '108', 'content-type': 'application/json', 'x-compute-request-id': 'req-1a9cade9-f7a2-4f5a-a318-2689f430621b', 'x-openstack-request-id': 'req-1a9cade9-f7a2-4f5a-a318-2689f430621b', 'connection': 'close', 'status': '404', 'content-location': 'http://10.132.44.205/volume/v3/groups/3a418f36-c99c-4dc9-bb62-5ddbe3d507fe'}
        Body: b'{"itemNotFound": {"code": 404, "message": "Group 3a418f36-c99c-4dc9-bb62-5ddbe3d507fe could not be found."}}'
2026-02-19 12:12:39,438 123155 INFO     [tempest.lib.common.rest_client] Request (GroupSnapshotsTest:_run_cleanups): 202 DELETE http://10.132.44.205/volume/v3/group_types/c6eb5929-ee9f-4720-a87c-ad875eeacc4e 0.050s
2026-02-19 12:12:39,439 123155 DEBUG    [tempest.lib.common.rest_client] Request - Headers: {'Content-Type': 'application/json', 'Accept': 'application/json', 'Openstack-Api-Version': 'volume 3.14', 'X-Auth-Token': '<omitted>'}
        Body: None
    Response - Headers: {'date': 'Thu, 19 Feb 2026 12:12:39 GMT', 'server': 'Apache/2.4.58 (Ubuntu)', 'content-length': '0', 'content-type': 'text/html; charset=UTF-8', 'openstack-api-version': 'volume 3.14', 'vary': 'OpenStack-API-Version', 'x-openstack-request-id': 'req-212d8c4c-16da-475f-9c64-43f4be4fdf61', 'connection': 'close', 'status': '202', 'content-location': 'http://10.132.44.205/volume/v3/group_types/c6eb5929-ee9f-4720-a87c-ad875eeacc4e'}
        Body: b''
2026-02-19 12:12:39,531 123155 INFO     [tempest.lib.common.rest_client] Request (GroupSnapshotsTest:_run_cleanups): 202 DELETE http://10.132.44.205/volume/v3/types/2fb3eefb-e082-4ab4-b950-803ba81c21b5 0.092s
2026-02-19 12:12:39,532 123155 DEBUG    [tempest.lib.common.rest_client] Request - Headers: {'Content-Type': 'application/json', 'Accept': 'application/json', 'X-Auth-Token': '<omitted>'}
        Body: None
    Response - Headers: {'date': 'Thu, 19 Feb 2026 12:12:39 GMT', 'server': 'Apache/2.4.58 (Ubuntu)', 'content-length': '0', 'content-type': 'text/html; charset=UTF-8', 'openstack-api-version': 'volume 3.0', 'vary': 'OpenStack-API-Version', 'x-openstack-request-id': 'req-3ffafa93-537c-44e6-b06c-68120c0e49d0', 'connection': 'close', 'status': '202', 'content-location': 'http://10.132.44.205/volume/v3/types/2fb3eefb-e082-4ab4-b950-803ba81c21b5'}
        Body: b''
2026-02-19 12:12:39,555 123155 INFO     [tempest.lib.common.rest_client] Request (GroupSnapshotsTest:_run_cleanups): 404 GET http://10.132.44.205/volume/v3/types/2fb3eefb-e082-4ab4-b950-803ba81c21b5 0.022s
2026-02-19 12:12:39,555 123155 DEBUG    [tempest.lib.common.rest_client] Request - Headers: {'Content-Type': 'application/json', 'Accept': 'application/json', 'X-Auth-Token': '<omitted>'}
        Body: None
    Response - Headers: {'date': 'Thu, 19 Feb 2026 12:12:39 GMT', 'server': 'Apache/2.4.58 (Ubuntu)', 'openstack-api-version': 'volume 3.0', 'vary': 'OpenStack-API-Version', 'content-length': '114', 'content-type': 'application/json', 'x-compute-request-id': 'req-983d9e6b-ffe8-429a-bd7c-eceb59941824', 'x-openstack-request-id': 'req-983d9e6b-ffe8-429a-bd7c-eceb59941824', 'connection': 
    'close', 'status': '404', 'content-location': 'http://10.132.44.205/volume/v3/types/2fb3eefb-e082-4ab4-b950-803ba81c21b5'}
        Body: b'{"itemNotFound": {"code": 404, "message": "Volume type 2fb3eefb-e082-4ab4-b950-803ba81c21b5 could not be found."}}'

{0} tempest.api.volume.admin.test_group_snapshots.GroupSnapshotsTest.test_group_snapshot_create_show_list_delete [1.647351s] ... FAILED

Captured traceback:
~~~~~~~~~~~~~~~~~~~
    Traceback (most recent call last):

      File "/opt/stack/tempest/tempest/api/volume/admin/test_group_snapshots.py", line 92, in test_group_snapshot_create_show_list_delete
    grp = self.create_group(group_type=group_type['id'],
          ^^^^^^^^^^^^^^^^^^^^^^^^^^^^^^^^^^^^^^^^^^^^^^

      File "/opt/stack/tempest/tempest/api/volume/base.py", line 293, in create_group
    waiters.wait_for_volume_resource_status(

      File "/opt/stack/tempest/tempest/common/waiters.py", line 379, in wait_for_volume_resource_status
    raise exceptions.VolumeResourceBuildErrorException(

    tempest.exceptions.VolumeResourceBuildErrorException: group 06040142-0980-440c-92e0-6f82c18e86d0 failed to build and is in ERROR status


Captured pythonlogging:
~~~~~~~~~~~~~~~~~~~~~~~
    2026-02-19 12:12:39,598 123155 INFO     [tempest.lib.common.rest_client] Request (GroupSnapshotsTest:test_group_snapshot_create_show_list_delete): 200 POST http://10.132.44.205/volume/v3/types 0.040s
2026-02-19 12:12:39,599 123155 DEBUG    [tempest.lib.common.rest_client] Request - Headers: {'Content-Type': 'application/json', 'Accept': 'application/json', 'X-Auth-Token': '<omitted>'}
        Body: {"volume_type": {"name": "tempest-GroupSnapshotsTest-volume-type-533127890"}}
    Response - Headers: {'date': 'Thu, 19 Feb 2026 12:12:39 GMT', 'server': 'Apache/2.4.58 (Ubuntu)', 'content-type': 'application/json', 'x-compute-request-id': 'req-ac5c740d-0d36-4917-81d9-ad1d4aa42af3', 'content-length': '223', 'openstack-api-version': 'volume 3.0', 'vary': 'OpenStack-API-Version', 'x-openstack-request-id': 'req-ac5c740d-0d36-4917-81d9-ad1d4aa42af3', 'connection': 'close', 'status': '200', 'content-location': 'http://10.132.44.205/volume/v3/types'}
        Body: b'{"volume_type": {"id": "acbe4fa1-18c4-45fb-bbf5-6fcbd40c9d3e", "name": "tempest-GroupSnapshotsTest-volume-type-533127890", "is_public": true, "extra_specs": {}, "description": null, "os-volume-type-access:is_public": true}}'
2026-02-19 12:12:39,648 123155 INFO     [tempest.lib.common.rest_client] Request (GroupSnapshotsTest:test_group_snapshot_create_show_list_delete): 202 POST http://10.132.44.205/volume/v3/group_types 0.046s
2026-02-19 12:12:39,649 123155 DEBUG    [tempest.lib.common.rest_client] Request - Headers: {'Content-Type': 'application/json', 'Accept': 'application/json', 'Openstack-Api-Version': 'volume 3.14', 'X-Auth-Token': '<omitted>'}
        Body: {"group_type": {"name": "tempest-GroupSnapshotsTest-group-type-1799458416"}}
    Response - Headers: {'date': 'Thu, 19 Feb 2026 12:12:39 GMT', 'server': 'Apache/2.4.58 (Ubuntu)', 'content-type': 'application/json', 'x-compute-request-id': 'req-7c9275c0-4a92-475f-ab4e-7f736ab71658', 'content-length': '181', 'openstack-api-version': 'volume 3.14', 'vary': 'OpenStack-API-Version', 'x-openstack-request-id': 'req-7c9275c0-4a92-475f-ab4e-7f736ab71658', 'connection': 'close', 'status': '202', 'content-location': 'http://10.132.44.205/volume/v3/group_types'}
        Body: b'{"group_type": {"id": "ab05a713-6d61-498e-8c35-efceb0abb0e6", "name": "tempest-GroupSnapshotsTest-group-type-1799458416", "description": null, "is_public": true, "group_specs": {}}}'
2026-02-19 12:12:39,781 123155 INFO     [tempest.lib.common.rest_client] Request (GroupSnapshotsTest:test_group_snapshot_create_show_list_delete): 202 POST http://10.132.44.205/volume/v3/groups 0.128s
2026-02-19 12:12:39,782 123155 DEBUG    [tempest.lib.common.rest_client] Request - Headers: {'Content-Type': 'application/json', 'Accept': 'application/json', 'Openstack-Api-Version': 'volume 3.14', 'X-Auth-Token': '<omitted>'}
        Body: {"group": {"group_type": "ab05a713-6d61-498e-8c35-efceb0abb0e6", "volume_types": ["acbe4fa1-18c4-45fb-bbf5-6fcbd40c9d3e"], "name": "tempest-GroupSnapshotsTest-Group-261361102"}}
    Response - Headers: {'date': 'Thu, 19 Feb 2026 12:12:39 GMT', 'server': 'Apache/2.4.58 (Ubuntu)', 'content-type': 'application/json', 'x-compute-request-id': 'req-f1de798b-cb6e-4cd6-b79f-966eb53bbf77', 'content-length': '111', 'openstack-api-version': 'volume 3.14', 'vary': 'OpenStack-API-Version', 'x-openstack-request-id': 'req-f1de798b-cb6e-4cd6-b79f-966eb53bbf77', 'connection': 'close', 'status': '202', 'content-location': 'http://10.132.44.205/volume/v3/groups'}
        Body: b'{"group": {"id": "06040142-0980-440c-92e0-6f82c18e86d0", "name": "tempest-GroupSnapshotsTest-Group-261361102"}}'
2026-02-19 12:12:39,828 123155 INFO     [tempest.lib.common.rest_client] Request (GroupSnapshotsTest:test_group_snapshot_create_show_list_delete): 200 GET http://10.132.44.205/volume/v3/groups/06040142-0980-440c-92e0-6f82c18e86d0 0.044s
2026-02-19 12:12:39,829 123155 DEBUG    [tempest.lib.common.rest_client] Request - Headers: {'Content-Type': 'application/json', 'Accept': 'application/json', 'Openstack-Api-Version': 'volume 3.14', 'X-Auth-Token': '<omitted>'}
        
    Body: None
    Response - Headers: {'date': 'Thu, 19 Feb 2026 12:12:39 GMT', 'server': 'Apache/2.4.58 (Ubuntu)', 'content-type': 'application/json', 'x-compute-request-id': 'req-9c47c9ae-61ff-43d2-b2ac-26ed55fecdbe', 'content-length': '391', 'openstack-api-version': 'volume 3.14', 'vary': 'OpenStack-API-Version', 'x-openstack-request-id': 'req-9c47c9ae-61ff-43d2-b2ac-26ed55fecdbe', 'connection': 'close', 'status': '200', 'content-location': 'http://10.132.44.205/volume/v3/groups/06040142-0980-440c-92e0-6f82c18e86d0'}
        Body: b'{"group": {"id": "06040142-0980-440c-92e0-6f82c18e86d0", "status": "creating", "availability_zone": "nova", "created_at": "2026-02-19T12:12:40.000000", "name": "tempest-GroupSnapshotsTest-Group-261361102", "description": null, "group_type": "ab05a713-6d61-498e-8c35-efceb0abb0e6", "volume_types": ["acbe4fa1-18c4-45fb-bbf5-6fcbd40c9d3e"], "group_snapshot_id": null, "source_group_id": null}}'
2026-02-19 12:12:40,865 123155 INFO     [tempest.lib.common.rest_client] Request (GroupSnapshotsTest:test_group_snapshot_create_show_list_delete): 200 GET http://10.132.44.205/volume/v3/groups/06040142-0980-440c-92e0-6f82c18e86d0 0.029s
2026-02-19 12:12:40,866 123155 DEBUG    [tempest.lib.common.rest_client] Request - Headers: {'Content-Type': 'application/json', 'Accept': 'application/json', 'Openstack-Api-Version': 'volume 3.14', 'X-Auth-Token': '<omitted>'}
        Body: None
    Response - Headers: {'date': 'Thu, 19 Feb 2026 12:12:40 GMT', 'server': 'Apache/2.4.58 (Ubuntu)', 'content-type': 'application/json', 'x-compute-request-id': 'req-6c264bd0-9f00-47cc-b99f-b701a706d5c5', 'content-length': '388', 'openstack-api-version': 'volume 3.14', 'vary': 'OpenStack-API-Version', 'x-openstack-request-id': 'req-6c264bd0-9f00-47cc-b99f-b701a706d5c5', 'connection': 'close', 'status': '200', 'content-location': 'http://10.132.44.205/volume/v3/groups/06040142-0980-440c-92e0-6f82c18e86d0'}
        Body: b'{"group": {"id": "06040142-0980-440c-92e0-6f82c18e86d0", "status": "error", "availability_zone": "nova", "created_at": "2026-02-19T12:12:40.000000", "name": "tempest-GroupSnapshotsTest-Group-261361102", "description": null, "group_type": "ab05a713-6d61-498e-8c35-efceb0abb0e6", "volume_types": ["acbe4fa1-18c4-45fb-bbf5-6fcbd40c9d3e"], "group_snapshot_id": null, "source_group_id": null}}'
2026-02-19 12:12:40,915 123155 INFO     [tempest.lib.common.rest_client] Request (GroupSnapshotsTest:_run_cleanups): 200 GET http://10.132.44.205/volume/v3/volumes/detail 0.042s
2026-02-19 12:12:40,915 123155 DEBUG    [tempest.lib.common.rest_client] Request - Headers: {'Content-Type': 'application/json', 'Accept': 'application/json', 'Openstack-Api-Version': 'volume 3.14', 'X-Auth-Token': '<omitted>'}
        Body: None
    Response - Headers: {'date': 'Thu, 19 Feb 2026 12:12:40 GMT', 'server': 'Apache/2.4.58 (Ubuntu)', 'content-type': 'application/json', 'x-compute-request-id': 'req-311c81ea-96d9-42ae-ad96-141a87dff9d3', 'content-length': '15', 'openstack-api-version': 'volume 3.14', 'vary': 'OpenStack-API-Version', 'x-openstack-request-id': 'req-311c81ea-96d9-42ae-ad96-141a87dff9d3', 'connection': 'close', 'status': '200', 'content-location': 'http://10.132.44.205/volume/v3/volumes/detail'}
        Body: b'{"volumes": []}'
2026-02-19 12:12:41,033 123155 INFO     [tempest.lib.common.rest_client] Request (GroupSnapshotsTest:_run_cleanups): 202 POST http://10.132.44.205/volume/v3/groups/06040142-0980-440c-92e0-6f82c18e86d0/action 0.101s
2026-02-19 12:12:41,034 123155 DEBUG    [tempest.lib.common.rest_client] Request - Headers: {'Content-Type': 'application/json', 'Accept': 'application/json', 'Openstack-Api-Version': 'volume 3.14', 'X-Auth-Token': '<omitted>'}
        Body: {"delete": {"delete-volumes": true}}
    Response - Headers: {'date': 'Thu, 19 Feb 2026 12:12:40 GMT', 'server': 'Apache/2.4.58 (Ubuntu)', 'content-length': '0', 'content-type': 'text/html; charset=UTF-8', 'openstack-api-version': 'volume 3.14', 'vary': 'OpenStack-API-Version', 'x-openstack-request-id': 'req-e93acb72-8505-4896-8879-d6cf2a13110c', 'connection': 'c
    lose', 'status': '202', 'content-location': 'http://10.132.44.205/volume/v3/groups/06040142-0980-440c-92e0-6f82c18e86d0/action'}
        Body: b''
2026-02-19 12:12:41,056 123155 INFO     [tempest.lib.common.rest_client] Request (GroupSnapshotsTest:_run_cleanups): 404 GET http://10.132.44.205/volume/v3/groups/06040142-0980-440c-92e0-6f82c18e86d0 0.021s
2026-02-19 12:12:41,057 123155 DEBUG    [tempest.lib.common.rest_client] Request - Headers: {'Content-Type': 'application/json', 'Accept': 'application/json', 'Openstack-Api-Version': 'volume 3.14', 'X-Auth-Token': '<omitted>'}
        Body: None
    Response - Headers: {'date': 'Thu, 19 Feb 2026 12:12:41 GMT', 'server': 'Apache/2.4.58 (Ubuntu)', 'openstack-api-version': 'volume 3.14', 'vary': 'OpenStack-API-Version', 'content-length': '108', 'content-type': 'application/json', 'x-compute-request-id': 'req-7d0e9a98-c587-4a88-8730-94bb39566cb0', 'x-openstack-request-id': 'req-7d0e9a98-c587-4a88-8730-94bb39566cb0', 'connection': 'close', 'status': '404', 'content-location': 'http://10.132.44.205/volume/v3/groups/06040142-0980-440c-92e0-6f82c18e86d0'}
        Body: b'{"itemNotFound": {"code": 404, "message": "Group 06040142-0980-440c-92e0-6f82c18e86d0 could not be found."}}'
2026-02-19 12:12:41,101 123155 INFO     [tempest.lib.common.rest_client] Request (GroupSnapshotsTest:_run_cleanups): 202 DELETE http://10.132.44.205/volume/v3/group_types/ab05a713-6d61-498e-8c35-efceb0abb0e6 0.043s
2026-02-19 12:12:41,102 123155 DEBUG    [tempest.lib.common.rest_client] Request - Headers: {'Content-Type': 'application/json', 'Accept': 'application/json', 'Openstack-Api-Version': 'volume 3.14', 'X-Auth-Token': '<omitted>'}
        Body: None
    Response - Headers: {'date': 'Thu, 19 Feb 2026 12:12:41 GMT', 'server': 'Apache/2.4.58 (Ubuntu)', 'content-length': '0', 'content-type': 'text/html; charset=UTF-8', 'openstack-api-version': 'volume 3.14', 'vary': 'OpenStack-API-Version', 'x-openstack-request-id': 'req-d55b9b53-dd7d-4281-8ab5-907d98cf270f', 'connection': 'close', 'status': '202', 'content-location': 'http://10.132.44.205/volume/v3/group_types/ab05a713-6d61-498e-8c35-efceb0abb0e6'}
        Body: b''
2026-02-19 12:12:41,181 123155 INFO     [tempest.lib.common.rest_client] Request (GroupSnapshotsTest:_run_cleanups): 202 DELETE http://10.132.44.205/volume/v3/types/acbe4fa1-18c4-45fb-bbf5-6fcbd40c9d3e 0.078s
2026-02-19 12:12:41,182 123155 DEBUG    [tempest.lib.common.rest_client] Request - Headers: {'Content-Type': 'application/json', 'Accept': 'application/json', 'X-Auth-Token': '<omitted>'}
        Body: None
    Response - Headers: {'date': 'Thu, 19 Feb 2026 12:12:41 GMT', 'server': 'Apache/2.4.58 (Ubuntu)', 'content-length': '0', 'content-type': 'text/html; charset=UTF-8', 'openstack-api-version': 'volume 3.0', 'vary': 'OpenStack-API-Version', 'x-openstack-request-id': 'req-b3d117d5-9649-4f1f-a547-bc0230a79638', 'connection': 'close', 'status': '202', 'content-location': 'http://10.132.44.205/volume/v3/types/acbe4fa1-18c4-45fb-bbf5-6fcbd40c9d3e'}
        Body: b''
2026-02-19 12:12:41,204 123155 INFO     [tempest.lib.common.rest_client] Request (GroupSnapshotsTest:_run_cleanups): 404 GET http://10.132.44.205/volume/v3/types/acbe4fa1-18c4-45fb-bbf5-6fcbd40c9d3e 0.021s
2026-02-19 12:12:41,205 123155 DEBUG    [tempest.lib.common.rest_client] Request - Headers: {'Content-Type': 'application/json', 'Accept': 'application/json', 'X-Auth-Token': '<omitted>'}
        Body: None
    Response - Headers: {'date': 'Thu, 19 Feb 2026 12:12:41 GMT', 'server': 'Apache/2.4.58 (Ubuntu)', 'openstack-api-version': 'volume 3.0', 'vary': 'OpenStack-API-Version', 'content-length': '114', 'content-type': 'application/json', 'x-compute-request-id': 'req-51b956e1-5cf4-4436-a099-ea8db5acb714', 'x-openstack-request-id': 'req-51b956e1-5cf4-4436-a099-ea8db5acb714', 'connection': 'close', 'status': '404', 'content-location': 'http://10.132.44.205/volume/v3/types/acbe4fa1-18c4-45fb-bbf5-6fcbd40c9d3e'}
        Body: b'{"itemNotFound": {"code": 404, "message": "Volume type acbe4fa1-18c4-45fb-bbf5-6fcbd40c9d3e could not
     be found."}}'

{0} tempest.api.volume.admin.test_group_snapshots.GroupSnapshotsV319Test.test_reset_group_snapshot_status [2.018160s] ... FAILED

Captured traceback:
~~~~~~~~~~~~~~~~~~~
    Traceback (most recent call last):

      File "/opt/stack/tempest/tempest/api/volume/admin/test_group_snapshots.py", line 293, in test_reset_group_snapshot_status
    group = self.create_group(group_type=group_type['id'],
            ^^^^^^^^^^^^^^^^^^^^^^^^^^^^^^^^^^^^^^^^^^^^^^

      File "/opt/stack/tempest/tempest/api/volume/base.py", line 293, in create_group
    waiters.wait_for_volume_resource_status(

      File "/opt/stack/tempest/tempest/common/waiters.py", line 379, in wait_for_volume_resource_status
    raise exceptions.VolumeResourceBuildErrorException(

    tempest.exceptions.VolumeResourceBuildErrorException: group db4b6bc2-74ac-4ba9-bb44-682bac2cf974 failed to build and is in ERROR status


Captured pythonlogging:
~~~~~~~~~~~~~~~~~~~~~~~
    2026-02-19 12:12:45,964 123155 INFO     [tempest.lib.common.rest_client] Request (GroupSnapshotsV319Test:test_reset_group_snapshot_status): 200 POST http://10.132.44.205/volume/v3/types 0.255s
2026-02-19 12:12:45,964 123155 DEBUG    [tempest.lib.common.rest_client] Request - Headers: {'Content-Type': 'application/json', 'Accept': 'application/json', 'X-Auth-Token': '<omitted>'}
        Body: {"volume_type": {"name": "tempest-GroupSnapshotsV319Test-volume-type-1177773041"}}
    Response - Headers: {'date': 'Thu, 19 Feb 2026 12:12:45 GMT', 'server': 'Apache/2.4.58 (Ubuntu)', 'content-type': 'application/json', 'x-compute-request-id': 'req-998564c1-468e-443b-8126-bd6757a6f688', 'content-length': '228', 'openstack-api-version': 'volume 3.0', 'vary': 'OpenStack-API-Version', 'x-openstack-request-id': 'req-998564c1-468e-443b-8126-bd6757a6f688', 'connection': 'close', 'status': '200', 'content-location': 'http://10.132.44.205/volume/v3/types'}
        Body: b'{"volume_type": {"id": "32d011b9-8b53-4176-8e1a-0008a8dc20c4", "name": "tempest-GroupSnapshotsV319Test-volume-type-1177773041", "is_public": true, "extra_specs": {}, "description": null, "os-volume-type-access:is_public": true}}'
2026-02-19 12:12:46,016 123155 INFO     [tempest.lib.common.rest_client] Request (GroupSnapshotsV319Test:test_reset_group_snapshot_status): 202 POST http://10.132.44.205/volume/v3/group_types 0.048s
2026-02-19 12:12:46,017 123155 DEBUG    [tempest.lib.common.rest_client] Request - Headers: {'Content-Type': 'application/json', 'Accept': 'application/json', 'Openstack-Api-Version': 'volume 3.19', 'X-Auth-Token': '<omitted>'}
        Body: {"group_type": {"name": "tempest-GroupSnapshotsV319Test-group-type-1700555183"}}
    Response - Headers: {'date': 'Thu, 19 Feb 2026 12:12:45 GMT', 'server': 'Apache/2.4.58 (Ubuntu)', 'content-type': 'application/json', 'x-compute-request-id': 'req-7e9f061c-6932-4702-90af-92a302d035ce', 'content-length': '185', 'openstack-api-version': 'volume 3.19', 'vary': 'OpenStack-API-Version', 'x-openstack-request-id': 'req-7e9f061c-6932-4702-90af-92a302d035ce', 'connection': 'close', 'status': '202', 'content-location': 'http://10.132.44.205/volume/v3/group_types'}
        Body: b'{"group_type": {"id": "7e9698d5-a72e-4a37-b271-b975ff9df699", "name": "tempest-GroupSnapshotsV319Test-group-type-1700555183", "description": null, "is_public": true, "group_specs": {}}}'
2026-02-19 12:12:46,294 123155 INFO     [tempest.lib.common.rest_client] Request (GroupSnapshotsV319Test:test_reset_group_snapshot_status): 202 POST http://10.132.44.205/volume/v3/groups 0.273s
2026-02-19 12:12:46,294 123155 DEBUG    [tempest.lib.common.rest_client] Request - Headers: {'Content-Type': 'application/json', 'Accept': 'application/json', 'Openstack-Api-Version': 'volume 3.19', 'X-Auth-Token': '<omitted>'}
        Body: {"group": {"group_type": "7e9698d5-a72e-4a37-b271-b975ff9df699", "volume_types": ["32d011b9-8b53-4176-8e1a-0008a8dc20c4"], "name": "tempest-GroupSnapshotsV319Test-Group-1001090379"}}
    Response - Headers: {'date': 'Thu, 19 Feb 2026 12:12:46 GMT', 'server': 'Apache/2.4.58 (Ubuntu)', 'content-type': 'application/json', 'x-compute-request-id': 'req-61a501bb-1a57-403d-bb22-b7090b829ac3', 'content-length': '116', 'openstack-api-version': 'volume 3.19', 'vary': 'OpenStack-API-Version', 'x-openstack-request-id': 'req-61a501bb-1a57-403d-bb22-b7090b829ac3', 'connection': 'close', 'status': '202', 'content-location': 'http://10.132.44.205/volume/v3/groups'}
        Body: b'{"group": {"id": "db4b6bc2-74ac-4ba9-bb44-682bac2cf974", "name": "tempest-GroupSnapshotsV319Test-Group-1001090379"}}'
2026-02-19 12:12:46,341 123155 INFO     [tempest.lib.common.rest_client] Request (GroupSnapshotsV319Test:test_reset_group_snapshot_status): 200 GET http://10.132.44.205/volume/v3/groups/db4b6bc2-74ac-4ba9-bb44-682bac2cf974 0.044s
2026-02-19 12:12:46,341 123155 DEBUG    [tempest.lib.common.rest_client] Request - Headers: {'Content-Type': 'application/json', 'Accept': 'application/json', 'Openstack-Api-Version': 'volume 3.19', 'X-Auth-Token': '<omitted>'}
        
    Body: None
    Response - Headers: {'date': 'Thu, 19 Feb 2026 12:12:46 GMT', 'server': 'Apache/2.4.58 (Ubuntu)', 'content-type': 'application/json', 'x-compute-request-id': 'req-0f728cc5-82c6-4d7b-99c7-4d6cb54fba03', 'content-length': '396', 'openstack-api-version': 'volume 3.19', 'vary': 'OpenStack-API-Version', 'x-openstack-request-id': 'req-0f728cc5-82c6-4d7b-99c7-4d6cb54fba03', 'connection': 'close', 'status': '200', 'content-location': 'http://10.132.44.205/volume/v3/groups/db4b6bc2-74ac-4ba9-bb44-682bac2cf974'}
        Body: b'{"group": {"id": "db4b6bc2-74ac-4ba9-bb44-682bac2cf974", "status": "creating", "availability_zone": "nova", "created_at": "2026-02-19T12:12:46.000000", "name": "tempest-GroupSnapshotsV319Test-Group-1001090379", "description": null, "group_type": "7e9698d5-a72e-4a37-b271-b975ff9df699", "volume_types": ["32d011b9-8b53-4176-8e1a-0008a8dc20c4"], "group_snapshot_id": null, "source_group_id": null}}'
2026-02-19 12:12:47,397 123155 INFO     [tempest.lib.common.rest_client] Request (GroupSnapshotsV319Test:test_reset_group_snapshot_status): 200 GET http://10.132.44.205/volume/v3/groups/db4b6bc2-74ac-4ba9-bb44-682bac2cf974 0.049s
2026-02-19 12:12:47,397 123155 DEBUG    [tempest.lib.common.rest_client] Request - Headers: {'Content-Type': 'application/json', 'Accept': 'application/json', 'Openstack-Api-Version': 'volume 3.19', 'X-Auth-Token': '<omitted>'}
        Body: None
    Response - Headers: {'date': 'Thu, 19 Feb 2026 12:12:47 GMT', 'server': 'Apache/2.4.58 (Ubuntu)', 'content-type': 'application/json', 'x-compute-request-id': 'req-fbb40df7-5475-4440-bf9b-49e8f1607038', 'content-length': '393', 'openstack-api-version': 'volume 3.19', 'vary': 'OpenStack-API-Version', 'x-openstack-request-id': 'req-fbb40df7-5475-4440-bf9b-49e8f1607038', 'connection': 'close', 'status': '200', 'content-location': 'http://10.132.44.205/volume/v3/groups/db4b6bc2-74ac-4ba9-bb44-682bac2cf974'}
        Body: b'{"group": {"id": "db4b6bc2-74ac-4ba9-bb44-682bac2cf974", "status": "error", "availability_zone": "nova", "created_at": "2026-02-19T12:12:46.000000", "name": "tempest-GroupSnapshotsV319Test-Group-1001090379", "description": null, "group_type": "7e9698d5-a72e-4a37-b271-b975ff9df699", "volume_types": ["32d011b9-8b53-4176-8e1a-0008a8dc20c4"], "group_snapshot_id": null, "source_group_id": null}}'
2026-02-19 12:12:47,443 123155 INFO     [tempest.lib.common.rest_client] Request (GroupSnapshotsV319Test:_run_cleanups): 200 GET http://10.132.44.205/volume/v3/volumes/detail 0.038s
2026-02-19 12:12:47,444 123155 DEBUG    [tempest.lib.common.rest_client] Request - Headers: {'Content-Type': 'application/json', 'Accept': 'application/json', 'Openstack-Api-Version': 'volume 3.19', 'X-Auth-Token': '<omitted>'}
        Body: None
    Response - Headers: {'date': 'Thu, 19 Feb 2026 12:12:47 GMT', 'server': 'Apache/2.4.58 (Ubuntu)', 'content-type': 'application/json', 'x-compute-request-id': 'req-9e4693e7-8e49-485a-9068-b5eafb68a802', 'content-length': '15', 'openstack-api-version': 'volume 3.19', 'vary': 'OpenStack-API-Version', 'x-openstack-request-id': 'req-9e4693e7-8e49-485a-9068-b5eafb68a802', 'connection': 'close', 'status': '200', 'content-location': 'http://10.132.44.205/volume/v3/volumes/detail'}
        Body: b'{"volumes": []}'
2026-02-19 12:12:47,553 123155 INFO     [tempest.lib.common.rest_client] Request (GroupSnapshotsV319Test:_run_cleanups): 202 POST http://10.132.44.205/volume/v3/groups/db4b6bc2-74ac-4ba9-bb44-682bac2cf974/action 0.094s
2026-02-19 12:12:47,554 123155 DEBUG    [tempest.lib.common.rest_client] Request - Headers: {'Content-Type': 'application/json', 'Accept': 'application/json', 'Openstack-Api-Version': 'volume 3.19', 'X-Auth-Token': '<omitted>'}
        Body: {"delete": {"delete-volumes": true}}
    Response - Headers: {'date': 'Thu, 19 Feb 2026 12:12:47 GMT', 'server': 'Apache/2.4.58 (Ubuntu)', 'content-length': '0', 'content-type': 'text/html; charset=UTF-8', 'openstack-api-version': 'volume 3.19', 'vary': 'OpenStack-API-Version', 'x-openstack-request-id': 'req-a76a4004-3d7d-4c0b-9636-4e92a1180089', 'conn
    ection': 'close', 'status': '202', 'content-location': 'http://10.132.44.205/volume/v3/groups/db4b6bc2-74ac-4ba9-bb44-682bac2cf974/action'}
        Body: b''
2026-02-19 12:12:47,577 123155 INFO     [tempest.lib.common.rest_client] Request (GroupSnapshotsV319Test:_run_cleanups): 404 GET http://10.132.44.205/volume/v3/groups/db4b6bc2-74ac-4ba9-bb44-682bac2cf974 0.022s
2026-02-19 12:12:47,578 123155 DEBUG    [tempest.lib.common.rest_client] Request - Headers: {'Content-Type': 'application/json', 'Accept': 'application/json', 'Openstack-Api-Version': 'volume 3.19', 'X-Auth-Token': '<omitted>'}
        Body: None
    Response - Headers: {'date': 'Thu, 19 Feb 2026 12:12:47 GMT', 'server': 'Apache/2.4.58 (Ubuntu)', 'openstack-api-version': 'volume 3.19', 'vary': 'OpenStack-API-Version', 'content-length': '108', 'content-type': 'application/json', 'x-compute-request-id': 'req-d1b3bbc0-31ed-4efb-9f68-61c4aec33eea', 'x-openstack-request-id': 'req-d1b3bbc0-31ed-4efb-9f68-61c4aec33eea', 'connection': 'close', 'status': '404', 'content-location': 'http://10.132.44.205/volume/v3/groups/db4b6bc2-74ac-4ba9-bb44-682bac2cf974'}
        Body: b'{"itemNotFound": {"code": 404, "message": "Group db4b6bc2-74ac-4ba9-bb44-682bac2cf974 could not be found."}}'
2026-02-19 12:12:47,623 123155 INFO     [tempest.lib.common.rest_client] Request (GroupSnapshotsV319Test:_run_cleanups): 202 DELETE http://10.132.44.205/volume/v3/group_types/7e9698d5-a72e-4a37-b271-b975ff9df699 0.044s
2026-02-19 12:12:47,624 123155 DEBUG    [tempest.lib.common.rest_client] Request - Headers: {'Content-Type': 'application/json', 'Accept': 'application/json', 'Openstack-Api-Version': 'volume 3.19', 'X-Auth-Token': '<omitted>'}
        Body: None
    Response - Headers: {'date': 'Thu, 19 Feb 2026 12:12:47 GMT', 'server': 'Apache/2.4.58 (Ubuntu)', 'content-length': '0', 'content-type': 'text/html; charset=UTF-8', 'openstack-api-version': 'volume 3.19', 'vary': 'OpenStack-API-Version', 'x-openstack-request-id': 'req-b9b89d12-b692-4c86-8bf3-829f9486f029', 'connection': 'close', 'status': '202', 'content-location': 'http://10.132.44.205/volume/v3/group_types/7e9698d5-a72e-4a37-b271-b975ff9df699'}
        Body: b''
2026-02-19 12:12:47,701 123155 INFO     [tempest.lib.common.rest_client] Request (GroupSnapshotsV319Test:_run_cleanups): 202 DELETE http://10.132.44.205/volume/v3/types/32d011b9-8b53-4176-8e1a-0008a8dc20c4 0.077s
2026-02-19 12:12:47,702 123155 DEBUG    [tempest.lib.common.rest_client] Request - Headers: {'Content-Type': 'application/json', 'Accept': 'application/json', 'X-Auth-Token': '<omitted>'}
        Body: None
    Response - Headers: {'date': 'Thu, 19 Feb 2026 12:12:47 GMT', 'server': 'Apache/2.4.58 (Ubuntu)', 'content-length': '0', 'content-type': 'text/html; charset=UTF-8', 'openstack-api-version': 'volume 3.0', 'vary': 'OpenStack-API-Version', 'x-openstack-request-id': 'req-5e9d67a4-feb8-4d68-933d-fbb57bd378ac', 'connection': 'close', 'status': '202', 'content-location': 'http://10.132.44.205/volume/v3/types/32d011b9-8b53-4176-8e1a-0008a8dc20c4'}
        Body: b''
2026-02-19 12:12:47,724 123155 INFO     [tempest.lib.common.rest_client] Request (GroupSnapshotsV319Test:_run_cleanups): 404 GET http://10.132.44.205/volume/v3/types/32d011b9-8b53-4176-8e1a-0008a8dc20c4 0.021s
2026-02-19 12:12:47,725 123155 DEBUG    [tempest.lib.common.rest_client] Request - Headers: {'Content-Type': 'application/json', 'Accept': 'application/json', 'X-Auth-Token': '<omitted>'}
        Body: None
    Response - Headers: {'date': 'Thu, 19 Feb 2026 12:12:47 GMT', 'server': 'Apache/2.4.58 (Ubuntu)', 'openstack-api-version': 'volume 3.0', 'vary': 'OpenStack-API-Version', 'content-length': '114', 'content-type': 'application/json', 'x-compute-request-id': 'req-1bbc050f-1d5c-4d05-ba2b-0d0072b646a8', 'x-openstack-request-id': 'req-1bbc050f-1d5c-4d05-ba2b-0d0072b646a8', 'connection': 'close', 'status': '404', 'content-location': 'http://10.132.44.205/volume/v3/types/32d011b9-8b53-4176-8e1a-0008a8dc20c4'}
        Body: b'{"itemNotFound": {"code": 404, "message": "Volume type 32d011b9-8b53-4176-
    8e1a-0008a8dc20c4 could not be found."}}'

{0} tempest.api.volume.admin.test_group_type_specs.GroupTypeSpecsTest.test_group_type_specs_create_show_update_list_delete [0.720377s] ... ok
{0} tempest.api.volume.admin.test_group_types.GroupTypesTest.test_group_type_create_list_update_show_delete [0.420028s] ... ok
{0} tempest.api.volume.admin.test_group_types.GroupTypesTest.test_group_type_list_by_optional_params [0.307568s] ... ok
{0} tempest.api.volume.admin.test_groups.GroupsTest.test_group_create_show_list_delete [1.902884s] ... FAILED

Captured traceback:
~~~~~~~~~~~~~~~~~~~
    Traceback (most recent call last):

      File "/opt/stack/tempest/tempest/api/volume/admin/test_groups.py", line 43, in test_group_create_show_list_delete
    grp1 = self.create_group(group_type=group_type['id'],
           ^^^^^^^^^^^^^^^^^^^^^^^^^^^^^^^^^^^^^^^^^^^^^^

      File "/opt/stack/tempest/tempest/api/volume/base.py", line 293, in create_group
    waiters.wait_for_volume_resource_status(

      File "/opt/stack/tempest/tempest/common/waiters.py", line 379, in wait_for_volume_resource_status
    raise exceptions.VolumeResourceBuildErrorException(

    tempest.exceptions.VolumeResourceBuildErrorException: group 2f3302e7-7b59-4fa5-b406-e24ef78b7a91 failed to build and is in ERROR status


Captured pythonlogging:
~~~~~~~~~~~~~~~~~~~~~~~
    2026-02-19 12:13:02,411 123155 INFO     [tempest.lib.common.rest_client] Request (GroupsTest:test_group_create_show_list_delete): 200 POST http://10.132.44.205/volume/v3/types 0.170s
2026-02-19 12:13:02,411 123155 DEBUG    [tempest.lib.common.rest_client] Request - Headers: {'Content-Type': 'application/json', 'Accept': 'application/json', 'X-Auth-Token': '<omitted>'}
        Body: {"volume_type": {"name": "tempest-GroupsTest-volume-type-1853614859"}}
    Response - Headers: {'date': 'Thu, 19 Feb 2026 12:13:02 GMT', 'server': 'Apache/2.4.58 (Ubuntu)', 'content-type': 'application/json', 'x-compute-request-id': 'req-d9a45ba8-f910-4af2-992c-a056317a4248', 'content-length': '216', 'openstack-api-version': 'volume 3.0', 'vary': 'OpenStack-API-Version', 'x-openstack-request-id': 'req-d9a45ba8-f910-4af2-992c-a056317a4248', 'connection': 'close', 'status': '200', 'content-location': 'http://10.132.44.205/volume/v3/types'}
        Body: b'{"volume_type": {"id": "cb2a20e3-d32a-48af-873a-26720718d960", "name": "tempest-GroupsTest-volume-type-1853614859", "is_public": true, "extra_specs": {}, "description": null, "os-volume-type-access:is_public": true}}'
2026-02-19 12:13:02,461 123155 INFO     [tempest.lib.common.rest_client] Request (GroupsTest:test_group_create_show_list_delete): 202 POST http://10.132.44.205/volume/v3/group_types 0.045s
2026-02-19 12:13:02,462 123155 DEBUG    [tempest.lib.common.rest_client] Request - Headers: {'Content-Type': 'application/json', 'Accept': 'application/json', 'Openstack-Api-Version': 'volume 3.13', 'X-Auth-Token': '<omitted>'}
        Body: {"group_type": {"name": "tempest-GroupsTest-group-type-1424513864"}}
    Response - Headers: {'date': 'Thu, 19 Feb 2026 12:13:02 GMT', 'server': 'Apache/2.4.58 (Ubuntu)', 'content-type': 'application/json', 'x-compute-request-id': 'req-3a58566a-4bbc-438c-a51c-a074de28f986', 'content-length': '173', 'openstack-api-version': 'volume 3.13', 'vary': 'OpenStack-API-Version', 'x-openstack-request-id': 'req-3a58566a-4bbc-438c-a51c-a074de28f986', 'connection': 'close', 'status': '202', 'content-location': 'http://10.132.44.205/volume/v3/group_types'}
        Body: b'{"group_type": {"id": "a1a61ef3-b863-4641-a450-9b901191a157", "name": "tempest-GroupsTest-group-type-1424513864", "description": null, "is_public": true, "group_specs": {}}}'
2026-02-19 12:13:02,702 123155 INFO     [tempest.lib.common.rest_client] Request (GroupsTest:test_group_create_show_list_delete): 202 POST http://10.132.44.205/volume/v3/groups 0.236s
2026-02-19 12:13:02,702 123155 DEBUG    [tempest.lib.common.rest_client] Request - Headers: {'Content-Type': 'application/json', 'Accept': 'application/json', 'Openstack-Api-Version': 'volume 3.13', 'X-Auth-Token': '<omitted>'}
        Body: {"group": {"group_type": "a1a61ef3-b863-4641-a450-9b901191a157", "volume_types": ["cb2a20e3-d32a-48af-873a-26720718d960"], "name": "tempest-Group1-1530265920"}}
    Response - Headers: {'date': 'Thu, 19 Feb 2026 12:13:02 GMT', 'server': 'Apache/2.4.58 (Ubuntu)', 'content-type': 'application/json', 'x-compute-request-id': 'req-f111c56f-2103-4bf0-a19d-aa3c05f6937b', 'content-length': '94', 'openstack-api-version': 'volume 3.13', 'vary': 'OpenStack-API-Version', 'x-openstack-request-id': 'req-f111c56f-2103-4bf0-a19d-aa3c05f6937b', 'connection': 'close', 'status': '202', 'content-location': 'http://10.132.44.205/volume/v3/groups'}
        Body: b'{"group": {"id": "2f3302e7-7b59-4fa5-b406-e24ef78b7a91", "name": "tempest-Group1-1530265920"}}'
2026-02-19 12:13:02,748 123155 INFO     [tempest.lib.common.rest_client] Request (GroupsTest:test_group_create_show_list_delete): 200 GET http://10.132.44.205/volume/v3/groups/2f3302e7-7b59-4fa5-b406-e24ef78b7a91 0.042s
2026-02-19 12:13:02,748 123155 DEBUG    [tempest.lib.common.rest_client] Request - Headers: {'Content-Type': 'application/json', 'Accept': 'application/json', 'Openstack-Api-Version': 'volume 3.13', 'X-Auth-Token': '<omitted>'}
        Body: None
    Response - Headers: {'date': 'Thu, 19 Feb 2026 12:13:02 GMT', 'server': 'Apache/2.4.58 (Ubuntu)', 'content-type': 'app
    lication/json', 'x-compute-request-id': 'req-3e43f95a-d956-4b8f-8619-ec9c18fc57fc', 'content-length': '322', 'openstack-api-version': 'volume 3.13', 'vary': 'OpenStack-API-Version', 'x-openstack-request-id': 'req-3e43f95a-d956-4b8f-8619-ec9c18fc57fc', 'connection': 'close', 'status': '200', 'content-location': 'http://10.132.44.205/volume/v3/groups/2f3302e7-7b59-4fa5-b406-e24ef78b7a91'}
        Body: b'{"group": {"id": "2f3302e7-7b59-4fa5-b406-e24ef78b7a91", "status": "creating", "availability_zone": "nova", "created_at": "2026-02-19T12:13:03.000000", "name": "tempest-Group1-1530265920", "description": null, "group_type": "a1a61ef3-b863-4641-a450-9b901191a157", "volume_types": ["cb2a20e3-d32a-48af-873a-26720718d960"]}}'
2026-02-19 12:13:03,801 123155 INFO     [tempest.lib.common.rest_client] Request (GroupsTest:test_group_create_show_list_delete): 200 GET http://10.132.44.205/volume/v3/groups/2f3302e7-7b59-4fa5-b406-e24ef78b7a91 0.046s
2026-02-19 12:13:03,801 123155 DEBUG    [tempest.lib.common.rest_client] Request - Headers: {'Content-Type': 'application/json', 'Accept': 'application/json', 'Openstack-Api-Version': 'volume 3.13', 'X-Auth-Token': '<omitted>'}
        Body: None
    Response - Headers: {'date': 'Thu, 19 Feb 2026 12:13:03 GMT', 'server': 'Apache/2.4.58 (Ubuntu)', 'content-type': 'application/json', 'x-compute-request-id': 'req-5760c08d-3b2b-4a2a-95ac-ba0d3f681cdd', 'content-length': '319', 'openstack-api-version': 'volume 3.13', 'vary': 'OpenStack-API-Version', 'x-openstack-request-id': 'req-5760c08d-3b2b-4a2a-95ac-ba0d3f681cdd', 'connection': 'close', 'status': '200', 'content-location': 'http://10.132.44.205/volume/v3/groups/2f3302e7-7b59-4fa5-b406-e24ef78b7a91'}
        Body: b'{"group": {"id": "2f3302e7-7b59-4fa5-b406-e24ef78b7a91", "status": "error", "availability_zone": "nova", "created_at": "2026-02-19T12:13:03.000000", "name": "tempest-Group1-1530265920", "description": null, "group_type": "a1a61ef3-b863-4641-a450-9b901191a157", "volume_types": ["cb2a20e3-d32a-48af-873a-26720718d960"]}}'
2026-02-19 12:13:03,854 123155 INFO     [tempest.lib.common.rest_client] Request (GroupsTest:_run_cleanups): 200 GET http://10.132.44.205/volume/v3/volumes/detail 0.043s
2026-02-19 12:13:03,855 123155 DEBUG    [tempest.lib.common.rest_client] Request - Headers: {'Content-Type': 'application/json', 'Accept': 'application/json', 'Openstack-Api-Version': 'volume 3.13', 'X-Auth-Token': '<omitted>'}
        Body: None
    Response - Headers: {'date': 'Thu, 19 Feb 2026 12:13:03 GMT', 'server': 'Apache/2.4.58 (Ubuntu)', 'content-type': 'application/json', 'x-compute-request-id': 'req-fe7d416c-4207-4b58-a26e-fe8f3e29c39a', 'content-length': '15', 'openstack-api-version': 'volume 3.13', 'vary': 'OpenStack-API-Version', 'x-openstack-request-id': 'req-fe7d416c-4207-4b58-a26e-fe8f3e29c39a', 'connection': 'close', 'status': '200', 'content-location': 'http://10.132.44.205/volume/v3/volumes/detail'}
        Body: b'{"volumes": []}'
2026-02-19 12:13:03,972 123155 INFO     [tempest.lib.common.rest_client] Request (GroupsTest:_run_cleanups): 202 POST http://10.132.44.205/volume/v3/groups/2f3302e7-7b59-4fa5-b406-e24ef78b7a91/action 0.099s
2026-02-19 12:13:03,973 123155 DEBUG    [tempest.lib.common.rest_client] Request - Headers: {'Content-Type': 'application/json', 'Accept': 'application/json', 'Openstack-Api-Version': 'volume 3.13', 'X-Auth-Token': '<omitted>'}
        Body: {"delete": {"delete-volumes": true}}
    Response - Headers: {'date': 'Thu, 19 Feb 2026 12:13:03 GMT', 'server': 'Apache/2.4.58 (Ubuntu)', 'content-length': '0', 'content-type': 'text/html; charset=UTF-8', 'openstack-api-version': 'volume 3.13', 'vary': 'OpenStack-API-Version', 'x-openstack-request-id': 'req-bf668956-12a0-49db-8e92-8cdfbf2bc496', 'connection': 'close', 'status': '202', 'content-location': 'http://10.132.44.205/volume/v3/groups/2f3302e7-7b59-4fa5-b406-e24ef78b7a91/action'}
        Body: b''
2026-02-19 12:13:03,995 123155 INFO     [tempest.lib.common.rest_client] Request (GroupsTest:_run_cleanups): 404 GET http://10.132.44.205/volume/v3/groups/2f
    3302e7-7b59-4fa5-b406-e24ef78b7a91 0.022s
2026-02-19 12:13:03,996 123155 DEBUG    [tempest.lib.common.rest_client] Request - Headers: {'Content-Type': 'application/json', 'Accept': 'application/json', 'Openstack-Api-Version': 'volume 3.13', 'X-Auth-Token': '<omitted>'}
        Body: None
    Response - Headers: {'date': 'Thu, 19 Feb 2026 12:13:03 GMT', 'server': 'Apache/2.4.58 (Ubuntu)', 'openstack-api-version': 'volume 3.13', 'vary': 'OpenStack-API-Version', 'content-length': '108', 'content-type': 'application/json', 'x-compute-request-id': 'req-30bb16fc-57a4-4dbe-a9cd-85d5a863bb04', 'x-openstack-request-id': 'req-30bb16fc-57a4-4dbe-a9cd-85d5a863bb04', 'connection': 'close', 'status': '404', 'content-location': 'http://10.132.44.205/volume/v3/groups/2f3302e7-7b59-4fa5-b406-e24ef78b7a91'}
        Body: b'{"itemNotFound": {"code": 404, "message": "Group 2f3302e7-7b59-4fa5-b406-e24ef78b7a91 could not be found."}}'
2026-02-19 12:13:04,040 123155 INFO     [tempest.lib.common.rest_client] Request (GroupsTest:_run_cleanups): 202 DELETE http://10.132.44.205/volume/v3/group_types/a1a61ef3-b863-4641-a450-9b901191a157 0.043s
2026-02-19 12:13:04,041 123155 DEBUG    [tempest.lib.common.rest_client] Request - Headers: {'Content-Type': 'application/json', 'Accept': 'application/json', 'Openstack-Api-Version': 'volume 3.13', 'X-Auth-Token': '<omitted>'}
        Body: None
    Response - Headers: {'date': 'Thu, 19 Feb 2026 12:13:03 GMT', 'server': 'Apache/2.4.58 (Ubuntu)', 'content-length': '0', 'content-type': 'text/html; charset=UTF-8', 'openstack-api-version': 'volume 3.13', 'vary': 'OpenStack-API-Version', 'x-openstack-request-id': 'req-f7e5e5da-231d-4ab6-9ba5-7655f79b86c9', 'connection': 'close', 'status': '202', 'content-location': 'http://10.132.44.205/volume/v3/group_types/a1a61ef3-b863-4641-a450-9b901191a157'}
        Body: b''
2026-02-19 12:13:04,118 123155 INFO     [tempest.lib.common.rest_client] Request (GroupsTest:_run_cleanups): 202 DELETE http://10.132.44.205/volume/v3/types/cb2a20e3-d32a-48af-873a-26720718d960 0.077s
2026-02-19 12:13:04,119 123155 DEBUG    [tempest.lib.common.rest_client] Request - Headers: {'Content-Type': 'application/json', 'Accept': 'application/json', 'X-Auth-Token': '<omitted>'}
        Body: None
    Response - Headers: {'date': 'Thu, 19 Feb 2026 12:13:04 GMT', 'server': 'Apache/2.4.58 (Ubuntu)', 'content-length': '0', 'content-type': 'text/html; charset=UTF-8', 'openstack-api-version': 'volume 3.0', 'vary': 'OpenStack-API-Version', 'x-openstack-request-id': 'req-403ed064-d895-4a52-941c-d75370b94b2c', 'connection': 'close', 'status': '202', 'content-location': 'http://10.132.44.205/volume/v3/types/cb2a20e3-d32a-48af-873a-26720718d960'}
        Body: b''
2026-02-19 12:13:04,141 123155 INFO     [tempest.lib.common.rest_client] Request (GroupsTest:_run_cleanups): 404 GET http://10.132.44.205/volume/v3/types/cb2a20e3-d32a-48af-873a-26720718d960 0.021s
2026-02-19 12:13:04,141 123155 DEBUG    [tempest.lib.common.rest_client] Request - Headers: {'Content-Type': 'application/json', 'Accept': 'application/json', 'X-Auth-Token': '<omitted>'}
        Body: None
    Response - Headers: {'date': 'Thu, 19 Feb 2026 12:13:04 GMT', 'server': 'Apache/2.4.58 (Ubuntu)', 'openstack-api-version': 'volume 3.0', 'vary': 'OpenStack-API-Version', 'content-length': '114', 'content-type': 'application/json', 'x-compute-request-id': 'req-8d93fa06-fb65-4a0a-94e5-5b193dfaa46c', 'x-openstack-request-id': 'req-8d93fa06-fb65-4a0a-94e5-5b193dfaa46c', 'connection': 'close', 'status': '404', 'content-location': 'http://10.132.44.205/volume/v3/types/cb2a20e3-d32a-48af-873a-26720718d960'}
        Body: b'{"itemNotFound": {"code": 404, "message": "Volume type cb2a20e3-d32a-48af-873a-26720718d960 could not be found."}}'

{0} tempest.api.volume.admin.test_groups.GroupsTest.test_group_update [1.798132s] ... FAILED

Captured traceback:
~~~~~~~~~~~~~~~~~~~
    Traceback (most recent call last):

      File "/opt/stack/tempest/tempest/api/volume/admin/test_groups.py", line 111, in test_group_update
    grp = self.create_group(group_type=group_type['id'],
          ^^^^^^^^^^^^^^^^^^^^^^^^^^^^^^^^^^^^^^^^^^^^^^

      File "/opt/stack/tempest/tempest/api/volume/base.py", line 293, in create_group
    waiters.wait_for_volume_resource_status(

      File "/opt/stack/tempest/tempest/common/waiters.py", line 379, in wait_for_volume_resource_status
    raise exceptions.VolumeResourceBuildErrorException(

    tempest.exceptions.VolumeResourceBuildErrorException: group 6ae5226e-f3b3-4132-bd14-2bc81ae4337a failed to build and is in ERROR status


Captured pythonlogging:
~~~~~~~~~~~~~~~~~~~~~~~
    2026-02-19 12:13:04,188 123155 INFO     [tempest.lib.common.rest_client] Request (GroupsTest:test_group_update): 200 POST http://10.132.44.205/volume/v3/types 0.043s
2026-02-19 12:13:04,189 123155 DEBUG    [tempest.lib.common.rest_client] Request - Headers: {'Content-Type': 'application/json', 'Accept': 'application/json', 'X-Auth-Token': '<omitted>'}
        Body: {"volume_type": {"name": "tempest-GroupsTest-volume-type-775383208"}}
    Response - Headers: {'date': 'Thu, 19 Feb 2026 12:13:04 GMT', 'server': 'Apache/2.4.58 (Ubuntu)', 'content-type': 'application/json', 'x-compute-request-id': 'req-d9fe86eb-c893-41d1-a92d-1904e7748032', 'content-length': '215', 'openstack-api-version': 'volume 3.0', 'vary': 'OpenStack-API-Version', 'x-openstack-request-id': 'req-d9fe86eb-c893-41d1-a92d-1904e7748032', 'connection': 'close', 'status': '200', 'content-location': 'http://10.132.44.205/volume/v3/types'}
        Body: b'{"volume_type": {"id": "78504515-89e1-48b1-831d-0fd545e5ba8c", "name": "tempest-GroupsTest-volume-type-775383208", "is_public": true, "extra_specs": {}, "description": null, "os-volume-type-access:is_public": true}}'
2026-02-19 12:13:04,239 123155 INFO     [tempest.lib.common.rest_client] Request (GroupsTest:test_group_update): 202 POST http://10.132.44.205/volume/v3/group_types 0.046s
2026-02-19 12:13:04,239 123155 DEBUG    [tempest.lib.common.rest_client] Request - Headers: {'Content-Type': 'application/json', 'Accept': 'application/json', 'Openstack-Api-Version': 'volume 3.13', 'X-Auth-Token': '<omitted>'}
        Body: {"group_type": {"name": "tempest-GroupsTest-group-type-1543461084"}}
    Response - Headers: {'date': 'Thu, 19 Feb 2026 12:13:04 GMT', 'server': 'Apache/2.4.58 (Ubuntu)', 'content-type': 'application/json', 'x-compute-request-id': 'req-f771a023-2d6e-4775-aef2-226bbc65d90e', 'content-length': '173', 'openstack-api-version': 'volume 3.13', 'vary': 'OpenStack-API-Version', 'x-openstack-request-id': 'req-f771a023-2d6e-4775-aef2-226bbc65d90e', 'connection': 'close', 'status': '202', 'content-location': 'http://10.132.44.205/volume/v3/group_types'}
        Body: b'{"group_type": {"id": "53d6f914-1bd3-4bbc-a1b5-797b08e0c49e", "name": "tempest-GroupsTest-group-type-1543461084", "description": null, "is_public": true, "group_specs": {}}}'
2026-02-19 12:13:04,371 123155 INFO     [tempest.lib.common.rest_client] Request (GroupsTest:test_group_update): 202 POST http://10.132.44.205/volume/v3/groups 0.128s
2026-02-19 12:13:04,372 123155 DEBUG    [tempest.lib.common.rest_client] Request - Headers: {'Content-Type': 'application/json', 'Accept': 'application/json', 'Openstack-Api-Version': 'volume 3.13', 'X-Auth-Token': '<omitted>'}
        Body: {"group": {"group_type": "53d6f914-1bd3-4bbc-a1b5-797b08e0c49e", "volume_types": ["78504515-89e1-48b1-831d-0fd545e5ba8c"], "name": "tempest-GroupsTest-Group-764034225"}}
    Response - Headers: {'date': 'Thu, 19 Feb 2026 12:13:04 GMT', 'server': 'Apache/2.4.58 (Ubuntu)', 'content-type': 'application/json', 'x-compute-request-id': 'req-60e9dd8d-e797-44bd-a39c-de602b5a4638', 'content-length': '103', 'openstack-api-version': 'volume 3.13', 'vary': 'OpenStack-API-Version', 'x-openstack-request-id': 'req-60e9dd8d-e797-44bd-a39c-de602b5a4638', 'connection': 'close', 'status': '202', 'content-location': 'http://10.132.44.205/volume/v3/groups'}
        Body: b'{"group": {"id": "6ae5226e-f3b3-4132-bd14-2bc81ae4337a", "name": "tempest-GroupsTest-Group-764034225"}}'
2026-02-19 12:13:04,417 123155 INFO     [tempest.lib.common.rest_client] Request (GroupsTest:test_group_update): 200 GET http://10.132.44.205/volume/v3/groups/6ae5226e-f3b3-4132-bd14-2bc81ae4337a 0.043s
2026-02-19 12:13:04,417 123155 DEBUG    [tempest.lib.common.rest_client] Request - Headers: {'Content-Type': 'application/json', 'Accept': 'application/json', 'Openstack-Api-Version': 'volume 3.13', 'X-Auth-Token': '<omitted>'}
        Body: None
    Response - Headers: {'date': 'Thu, 19 Feb 2026 12:13:04 GMT', 'server': 'Apache/2.4.58 (Ubuntu)', 'content-type': 'application/json', 'x-compute-request-id': 'req-aeaf8d
    ed-4a28-49e6-b4f0-6904a4638f63', 'content-length': '331', 'openstack-api-version': 'volume 3.13', 'vary': 'OpenStack-API-Version', 'x-openstack-request-id': 'req-aeaf8ded-4a28-49e6-b4f0-6904a4638f63', 'connection': 'close', 'status': '200', 'content-location': 'http://10.132.44.205/volume/v3/groups/6ae5226e-f3b3-4132-bd14-2bc81ae4337a'}
        Body: b'{"group": {"id": "6ae5226e-f3b3-4132-bd14-2bc81ae4337a", "status": "creating", "availability_zone": "nova", "created_at": "2026-02-19T12:13:04.000000", "name": "tempest-GroupsTest-Group-764034225", "description": null, "group_type": "53d6f914-1bd3-4bbc-a1b5-797b08e0c49e", "volume_types": ["78504515-89e1-48b1-831d-0fd545e5ba8c"]}}'
2026-02-19 12:13:05,470 123155 INFO     [tempest.lib.common.rest_client] Request (GroupsTest:test_group_update): 200 GET http://10.132.44.205/volume/v3/groups/6ae5226e-f3b3-4132-bd14-2bc81ae4337a 0.046s
2026-02-19 12:13:05,471 123155 DEBUG    [tempest.lib.common.rest_client] Request - Headers: {'Content-Type': 'application/json', 'Accept': 'application/json', 'Openstack-Api-Version': 'volume 3.13', 'X-Auth-Token': '<omitted>'}
        Body: None
    Response - Headers: {'date': 'Thu, 19 Feb 2026 12:13:05 GMT', 'server': 'Apache/2.4.58 (Ubuntu)', 'content-type': 'application/json', 'x-compute-request-id': 'req-6cb43d17-a369-4b88-92ad-96441b69bff7', 'content-length': '328', 'openstack-api-version': 'volume 3.13', 'vary': 'OpenStack-API-Version', 'x-openstack-request-id': 'req-6cb43d17-a369-4b88-92ad-96441b69bff7', 'connection': 'close', 'status': '200', 'content-location': 'http://10.132.44.205/volume/v3/groups/6ae5226e-f3b3-4132-bd14-2bc81ae4337a'}
        Body: b'{"group": {"id": "6ae5226e-f3b3-4132-bd14-2bc81ae4337a", "status": "error", "availability_zone": "nova", "created_at": "2026-02-19T12:13:04.000000", "name": "tempest-GroupsTest-Group-764034225", "description": null, "group_type": "53d6f914-1bd3-4bbc-a1b5-797b08e0c49e", "volume_types": ["78504515-89e1-48b1-831d-0fd545e5ba8c"]}}'
2026-02-19 12:13:05,524 123155 INFO     [tempest.lib.common.rest_client] Request (GroupsTest:_run_cleanups): 200 GET http://10.132.44.205/volume/v3/volumes/detail 0.046s
2026-02-19 12:13:05,524 123155 DEBUG    [tempest.lib.common.rest_client] Request - Headers: {'Content-Type': 'application/json', 'Accept': 'application/json', 'Openstack-Api-Version': 'volume 3.13', 'X-Auth-Token': '<omitted>'}
        Body: None
    Response - Headers: {'date': 'Thu, 19 Feb 2026 12:13:05 GMT', 'server': 'Apache/2.4.58 (Ubuntu)', 'content-type': 'application/json', 'x-compute-request-id': 'req-1ba70502-0310-4f0e-90f0-232e6a446104', 'content-length': '15', 'openstack-api-version': 'volume 3.13', 'vary': 'OpenStack-API-Version', 'x-openstack-request-id': 'req-1ba70502-0310-4f0e-90f0-232e6a446104', 'connection': 'close', 'status': '200', 'content-location': 'http://10.132.44.205/volume/v3/volumes/detail'}
        Body: b'{"volumes": []}'
2026-02-19 12:13:05,647 123155 INFO     [tempest.lib.common.rest_client] Request (GroupsTest:_run_cleanups): 202 POST http://10.132.44.205/volume/v3/groups/6ae5226e-f3b3-4132-bd14-2bc81ae4337a/action 0.101s
2026-02-19 12:13:05,647 123155 DEBUG    [tempest.lib.common.rest_client] Request - Headers: {'Content-Type': 'application/json', 'Accept': 'application/json', 'Openstack-Api-Version': 'volume 3.13', 'X-Auth-Token': '<omitted>'}
        Body: {"delete": {"delete-volumes": true}}
    Response - Headers: {'date': 'Thu, 19 Feb 2026 12:13:05 GMT', 'server': 'Apache/2.4.58 (Ubuntu)', 'content-length': '0', 'content-type': 'text/html; charset=UTF-8', 'openstack-api-version': 'volume 3.13', 'vary': 'OpenStack-API-Version', 'x-openstack-request-id': 'req-e9c276f1-a4e5-4f54-8245-b65522a29b5b', 'connection': 'close', 'status': '202', 'content-location': 'http://10.132.44.205/volume/v3/groups/6ae5226e-f3b3-4132-bd14-2bc81ae4337a/action'}
        Body: b''
2026-02-19 12:13:05,671 123155 INFO     [tempest.lib.common.rest_client] Request (GroupsTest:_run_cleanups): 404 GET http://10.132.44.205/volume/v3/groups/6ae5226e-f3b3-4132-bd14-2bc81ae4337a 0.022s
2026-02-
    19 12:13:05,671 123155 DEBUG    [tempest.lib.common.rest_client] Request - Headers: {'Content-Type': 'application/json', 'Accept': 'application/json', 'Openstack-Api-Version': 'volume 3.13', 'X-Auth-Token': '<omitted>'}
        Body: None
    Response - Headers: {'date': 'Thu, 19 Feb 2026 12:13:05 GMT', 'server': 'Apache/2.4.58 (Ubuntu)', 'openstack-api-version': 'volume 3.13', 'vary': 'OpenStack-API-Version', 'content-length': '108', 'content-type': 'application/json', 'x-compute-request-id': 'req-b2f2b71b-3f56-48ec-95bb-b014da5f5d3c', 'x-openstack-request-id': 'req-b2f2b71b-3f56-48ec-95bb-b014da5f5d3c', 'connection': 'close', 'status': '404', 'content-location': 'http://10.132.44.205/volume/v3/groups/6ae5226e-f3b3-4132-bd14-2bc81ae4337a'}
        Body: b'{"itemNotFound": {"code": 404, "message": "Group 6ae5226e-f3b3-4132-bd14-2bc81ae4337a could not be found."}}'
2026-02-19 12:13:05,716 123155 INFO     [tempest.lib.common.rest_client] Request (GroupsTest:_run_cleanups): 202 DELETE http://10.132.44.205/volume/v3/group_types/53d6f914-1bd3-4bbc-a1b5-797b08e0c49e 0.043s
2026-02-19 12:13:05,716 123155 DEBUG    [tempest.lib.common.rest_client] Request - Headers: {'Content-Type': 'application/json', 'Accept': 'application/json', 'Openstack-Api-Version': 'volume 3.13', 'X-Auth-Token': '<omitted>'}
        Body: None
    Response - Headers: {'date': 'Thu, 19 Feb 2026 12:13:05 GMT', 'server': 'Apache/2.4.58 (Ubuntu)', 'content-length': '0', 'content-type': 'text/html; charset=UTF-8', 'openstack-api-version': 'volume 3.13', 'vary': 'OpenStack-API-Version', 'x-openstack-request-id': 'req-edf90c36-87fa-4a7c-a0eb-1e762da39a88', 'connection': 'close', 'status': '202', 'content-location': 'http://10.132.44.205/volume/v3/group_types/53d6f914-1bd3-4bbc-a1b5-797b08e0c49e'}
        Body: b''
2026-02-19 12:13:05,919 123155 INFO     [tempest.lib.common.rest_client] Request (GroupsTest:_run_cleanups): 202 DELETE http://10.132.44.205/volume/v3/types/78504515-89e1-48b1-831d-0fd545e5ba8c 0.202s
2026-02-19 12:13:05,920 123155 DEBUG    [tempest.lib.common.rest_client] Request - Headers: {'Content-Type': 'application/json', 'Accept': 'application/json', 'X-Auth-Token': '<omitted>'}
        Body: None
    Response - Headers: {'date': 'Thu, 19 Feb 2026 12:13:05 GMT', 'server': 'Apache/2.4.58 (Ubuntu)', 'content-length': '0', 'content-type': 'text/html; charset=UTF-8', 'openstack-api-version': 'volume 3.0', 'vary': 'OpenStack-API-Version', 'x-openstack-request-id': 'req-cf3d503b-3b5d-425f-b153-f16154402d9a', 'connection': 'close', 'status': '202', 'content-location': 'http://10.132.44.205/volume/v3/types/78504515-89e1-48b1-831d-0fd545e5ba8c'}
        Body: b''
2026-02-19 12:13:05,942 123155 INFO     [tempest.lib.common.rest_client] Request (GroupsTest:_run_cleanups): 404 GET http://10.132.44.205/volume/v3/types/78504515-89e1-48b1-831d-0fd545e5ba8c 0.021s
2026-02-19 12:13:05,942 123155 DEBUG    [tempest.lib.common.rest_client] Request - Headers: {'Content-Type': 'application/json', 'Accept': 'application/json', 'X-Auth-Token': '<omitted>'}
        Body: None
    Response - Headers: {'date': 'Thu, 19 Feb 2026 12:13:05 GMT', 'server': 'Apache/2.4.58 (Ubuntu)', 'openstack-api-version': 'volume 3.0', 'vary': 'OpenStack-API-Version', 'content-length': '114', 'content-type': 'application/json', 'x-compute-request-id': 'req-72b8ee84-7544-44a8-b7cb-6de1d16f090b', 'x-openstack-request-id': 'req-72b8ee84-7544-44a8-b7cb-6de1d16f090b', 'connection': 'close', 'status': '404', 'content-location': 'http://10.132.44.205/volume/v3/types/78504515-89e1-48b1-831d-0fd545e5ba8c'}
        Body: b'{"itemNotFound": {"code": 404, "message": "Volume type 78504515-89e1-48b1-831d-0fd545e5ba8c could not be found."}}'

{0} tempest.api.volume.admin.test_groups.GroupsV314Test.test_create_group_from_group [2.003558s] ... FAILED

Captured traceback:
~~~~~~~~~~~~~~~~~~~
    Traceback (most recent call last):

      File "/opt/stack/tempest/tempest/api/volume/admin/test_groups.py", line 182, in test_create_group_from_group
    grp = self.create_group(group_type=group_type['id'],
          ^^^^^^^^^^^^^^^^^^^^^^^^^^^^^^^^^^^^^^^^^^^^^^

      File "/opt/stack/tempest/tempest/api/volume/base.py", line 293, in create_group
    waiters.wait_for_volume_resource_status(

      File "/opt/stack/tempest/tempest/common/waiters.py", line 379, in wait_for_volume_resource_status
    raise exceptions.VolumeResourceBuildErrorException(

    tempest.exceptions.VolumeResourceBuildErrorException: group 64d27870-7658-4255-b8a8-04be2ad682cf failed to build and is in ERROR status


Captured pythonlogging:
~~~~~~~~~~~~~~~~~~~~~~~
    2026-02-19 12:13:10,598 123155 INFO     [tempest.lib.common.rest_client] Request (GroupsV314Test:test_create_group_from_group): 200 POST http://10.132.44.205/volume/v3/types 0.203s
2026-02-19 12:13:10,599 123155 DEBUG    [tempest.lib.common.rest_client] Request - Headers: {'Content-Type': 'application/json', 'Accept': 'application/json', 'X-Auth-Token': '<omitted>'}
        Body: {"volume_type": {"name": "tempest-GroupsV314Test-volume-type-878083367"}}
    Response - Headers: {'date': 'Thu, 19 Feb 2026 12:13:10 GMT', 'server': 'Apache/2.4.58 (Ubuntu)', 'content-type': 'application/json', 'x-compute-request-id': 'req-ee60478a-5c7b-498b-bdbd-d2070eb0b5db', 'content-length': '219', 'openstack-api-version': 'volume 3.0', 'vary': 'OpenStack-API-Version', 'x-openstack-request-id': 'req-ee60478a-5c7b-498b-bdbd-d2070eb0b5db', 'connection': 'close', 'status': '200', 'content-location': 'http://10.132.44.205/volume/v3/types'}
        Body: b'{"volume_type": {"id": "676bb3eb-1411-4100-8968-baef49c07261", "name": "tempest-GroupsV314Test-volume-type-878083367", "is_public": true, "extra_specs": {}, "description": null, "os-volume-type-access:is_public": true}}'
2026-02-19 12:13:10,659 123155 INFO     [tempest.lib.common.rest_client] Request (GroupsV314Test:test_create_group_from_group): 202 POST http://10.132.44.205/volume/v3/group_types 0.056s
2026-02-19 12:13:10,660 123155 DEBUG    [tempest.lib.common.rest_client] Request - Headers: {'Content-Type': 'application/json', 'Accept': 'application/json', 'Openstack-Api-Version': 'volume 3.14', 'X-Auth-Token': '<omitted>'}
        Body: {"group_type": {"name": "tempest-GroupsV314Test-group-type-426323073"}}
    Response - Headers: {'date': 'Thu, 19 Feb 2026 12:13:10 GMT', 'server': 'Apache/2.4.58 (Ubuntu)', 'content-type': 'application/json', 'x-compute-request-id': 'req-689a7a1f-0d1f-46cb-8415-18c723133f10', 'content-length': '176', 'openstack-api-version': 'volume 3.14', 'vary': 'OpenStack-API-Version', 'x-openstack-request-id': 'req-689a7a1f-0d1f-46cb-8415-18c723133f10', 'connection': 'close', 'status': '202', 'content-location': 'http://10.132.44.205/volume/v3/group_types'}
        Body: b'{"group_type": {"id": "80b7e854-251a-48ae-80a1-3f7b70834ea4", "name": "tempest-GroupsV314Test-group-type-426323073", "description": null, "is_public": true, "group_specs": {}}}'
2026-02-19 12:13:10,936 123155 INFO     [tempest.lib.common.rest_client] Request (GroupsV314Test:test_create_group_from_group): 202 POST http://10.132.44.205/volume/v3/groups 0.273s
2026-02-19 12:13:10,937 123155 DEBUG    [tempest.lib.common.rest_client] Request - Headers: {'Content-Type': 'application/json', 'Accept': 'application/json', 'Openstack-Api-Version': 'volume 3.14', 'X-Auth-Token': '<omitted>'}
        Body: {"group": {"group_type": "80b7e854-251a-48ae-80a1-3f7b70834ea4", "volume_types": ["676bb3eb-1411-4100-8968-baef49c07261"], "name": "tempest-GroupsV314Test-Group-337189663"}}
    Response - Headers: {'date': 'Thu, 19 Feb 2026 12:13:10 GMT', 'server': 'Apache/2.4.58 (Ubuntu)', 'content-type': 'application/json', 'x-compute-request-id': 'req-a7ccfe3c-250c-4157-b59a-67466036eef6', 'content-length': '107', 'openstack-api-version': 'volume 3.14', 'vary': 'OpenStack-API-Version', 'x-openstack-request-id': 'req-a7ccfe3c-250c-4157-b59a-67466036eef6', 'connection': 'close', 'status': '202', 'content-location': 'http://10.132.44.205/volume/v3/groups'}
        Body: b'{"group": {"id": "64d27870-7658-4255-b8a8-04be2ad682cf", "name": "tempest-GroupsV314Test-Group-337189663"}}'
2026-02-19 12:13:10,986 123155 INFO     [tempest.lib.common.rest_client] Request (GroupsV314Test:test_create_group_from_group): 200 GET http://10.132.44.205/volume/v3/groups/64d27870-7658-4255-b8a8-04be2ad682cf 0.046s
2026-02-19 12:13:10,986 123155 DEBUG    [tempest.lib.common.rest_client] Request - Headers: {'Content-Type': 'application/json', 'Accept': 'application/json', 'Openstack-Api-Version': 'volume 3.14', 'X-Auth-Token': '<omitted>'}
        Body: None
    Response - Headers: {'date': 'Thu, 19 Feb 2026 12:13:10 GMT', 'server': 'Apache/2.4.58 
    (Ubuntu)', 'content-type': 'application/json', 'x-compute-request-id': 'req-2b125d98-0053-4f2d-8161-ea8e9fac186f', 'content-length': '387', 'openstack-api-version': 'volume 3.14', 'vary': 'OpenStack-API-Version', 'x-openstack-request-id': 'req-2b125d98-0053-4f2d-8161-ea8e9fac186f', 'connection': 'close', 'status': '200', 'content-location': 'http://10.132.44.205/volume/v3/groups/64d27870-7658-4255-b8a8-04be2ad682cf'}
        Body: b'{"group": {"id": "64d27870-7658-4255-b8a8-04be2ad682cf", "status": "creating", "availability_zone": "nova", "created_at": "2026-02-19T12:13:11.000000", "name": "tempest-GroupsV314Test-Group-337189663", "description": null, "group_type": "80b7e854-251a-48ae-80a1-3f7b70834ea4", "volume_types": ["676bb3eb-1411-4100-8968-baef49c07261"], "group_snapshot_id": null, "source_group_id": null}}'
2026-02-19 12:13:12,038 123155 INFO     [tempest.lib.common.rest_client] Request (GroupsV314Test:test_create_group_from_group): 200 GET http://10.132.44.205/volume/v3/groups/64d27870-7658-4255-b8a8-04be2ad682cf 0.045s
2026-02-19 12:13:12,038 123155 DEBUG    [tempest.lib.common.rest_client] Request - Headers: {'Content-Type': 'application/json', 'Accept': 'application/json', 'Openstack-Api-Version': 'volume 3.14', 'X-Auth-Token': '<omitted>'}
        Body: None
    Response - Headers: {'date': 'Thu, 19 Feb 2026 12:13:11 GMT', 'server': 'Apache/2.4.58 (Ubuntu)', 'content-type': 'application/json', 'x-compute-request-id': 'req-e69e272b-87c2-4de7-a400-639222fc8870', 'content-length': '384', 'openstack-api-version': 'volume 3.14', 'vary': 'OpenStack-API-Version', 'x-openstack-request-id': 'req-e69e272b-87c2-4de7-a400-639222fc8870', 'connection': 'close', 'status': '200', 'content-location': 'http://10.132.44.205/volume/v3/groups/64d27870-7658-4255-b8a8-04be2ad682cf'}
        Body: b'{"group": {"id": "64d27870-7658-4255-b8a8-04be2ad682cf", "status": "error", "availability_zone": "nova", "created_at": "2026-02-19T12:13:11.000000", "name": "tempest-GroupsV314Test-Group-337189663", "description": null, "group_type": "80b7e854-251a-48ae-80a1-3f7b70834ea4", "volume_types": ["676bb3eb-1411-4100-8968-baef49c07261"], "group_snapshot_id": null, "source_group_id": null}}'
2026-02-19 12:13:12,088 123155 INFO     [tempest.lib.common.rest_client] Request (GroupsV314Test:_run_cleanups): 200 GET http://10.132.44.205/volume/v3/volumes/detail 0.043s
2026-02-19 12:13:12,089 123155 DEBUG    [tempest.lib.common.rest_client] Request - Headers: {'Content-Type': 'application/json', 'Accept': 'application/json', 'Openstack-Api-Version': 'volume 3.14', 'X-Auth-Token': '<omitted>'}
        Body: None
    Response - Headers: {'date': 'Thu, 19 Feb 2026 12:13:12 GMT', 'server': 'Apache/2.4.58 (Ubuntu)', 'content-type': 'application/json', 'x-compute-request-id': 'req-1d7969f2-c904-4483-b22a-161fcd3a8898', 'content-length': '15', 'openstack-api-version': 'volume 3.14', 'vary': 'OpenStack-API-Version', 'x-openstack-request-id': 'req-1d7969f2-c904-4483-b22a-161fcd3a8898', 'connection': 'close', 'status': '200', 'content-location': 'http://10.132.44.205/volume/v3/volumes/detail'}
        Body: b'{"volumes": []}'
2026-02-19 12:13:12,212 123155 INFO     [tempest.lib.common.rest_client] Request (GroupsV314Test:_run_cleanups): 202 POST http://10.132.44.205/volume/v3/groups/64d27870-7658-4255-b8a8-04be2ad682cf/action 0.103s
2026-02-19 12:13:12,212 123155 DEBUG    [tempest.lib.common.rest_client] Request - Headers: {'Content-Type': 'application/json', 'Accept': 'application/json', 'Openstack-Api-Version': 'volume 3.14', 'X-Auth-Token': '<omitted>'}
        Body: {"delete": {"delete-volumes": true}}
    Response - Headers: {'date': 'Thu, 19 Feb 2026 12:13:12 GMT', 'server': 'Apache/2.4.58 (Ubuntu)', 'content-length': '0', 'content-type': 'text/html; charset=UTF-8', 'openstack-api-version': 'volume 3.14', 'vary': 'OpenStack-API-Version', 'x-openstack-request-id': 'req-510ee859-5992-40a9-9694-8c8cc50402bb', 'connection': 'close', 'status': '202', 'content-location': 'http://10.132.44.205/volume/v3/groups/64d27870-7658-4255-b8a8-04be2ad682cf/action'}
        
    Body: b''
2026-02-19 12:13:12,236 123155 INFO     [tempest.lib.common.rest_client] Request (GroupsV314Test:_run_cleanups): 404 GET http://10.132.44.205/volume/v3/groups/64d27870-7658-4255-b8a8-04be2ad682cf 0.022s
2026-02-19 12:13:12,236 123155 DEBUG    [tempest.lib.common.rest_client] Request - Headers: {'Content-Type': 'application/json', 'Accept': 'application/json', 'Openstack-Api-Version': 'volume 3.14', 'X-Auth-Token': '<omitted>'}
        Body: None
    Response - Headers: {'date': 'Thu, 19 Feb 2026 12:13:12 GMT', 'server': 'Apache/2.4.58 (Ubuntu)', 'openstack-api-version': 'volume 3.14', 'vary': 'OpenStack-API-Version', 'content-length': '108', 'content-type': 'application/json', 'x-compute-request-id': 'req-6aa4819d-6aba-4116-ab91-7291840a42a7', 'x-openstack-request-id': 'req-6aa4819d-6aba-4116-ab91-7291840a42a7', 'connection': 'close', 'status': '404', 'content-location': 'http://10.132.44.205/volume/v3/groups/64d27870-7658-4255-b8a8-04be2ad682cf'}
        Body: b'{"itemNotFound": {"code": 404, "message": "Group 64d27870-7658-4255-b8a8-04be2ad682cf could not be found."}}'
2026-02-19 12:13:12,288 123155 INFO     [tempest.lib.common.rest_client] Request (GroupsV314Test:_run_cleanups): 202 DELETE http://10.132.44.205/volume/v3/group_types/80b7e854-251a-48ae-80a1-3f7b70834ea4 0.050s
2026-02-19 12:13:12,288 123155 DEBUG    [tempest.lib.common.rest_client] Request - Headers: {'Content-Type': 'application/json', 'Accept': 'application/json', 'Openstack-Api-Version': 'volume 3.14', 'X-Auth-Token': '<omitted>'}
        Body: None
    Response - Headers: {'date': 'Thu, 19 Feb 2026 12:13:12 GMT', 'server': 'Apache/2.4.58 (Ubuntu)', 'content-length': '0', 'content-type': 'text/html; charset=UTF-8', 'openstack-api-version': 'volume 3.14', 'vary': 'OpenStack-API-Version', 'x-openstack-request-id': 'req-81d93007-6f5d-4ae2-b434-78d92119c62b', 'connection': 'close', 'status': '202', 'content-location': 'http://10.132.44.205/volume/v3/group_types/80b7e854-251a-48ae-80a1-3f7b70834ea4'}
        Body: b''
2026-02-19 12:13:12,372 123155 INFO     [tempest.lib.common.rest_client] Request (GroupsV314Test:_run_cleanups): 202 DELETE http://10.132.44.205/volume/v3/types/676bb3eb-1411-4100-8968-baef49c07261 0.083s
2026-02-19 12:13:12,373 123155 DEBUG    [tempest.lib.common.rest_client] Request - Headers: {'Content-Type': 'application/json', 'Accept': 'application/json', 'X-Auth-Token': '<omitted>'}
        Body: None
    Response - Headers: {'date': 'Thu, 19 Feb 2026 12:13:12 GMT', 'server': 'Apache/2.4.58 (Ubuntu)', 'content-length': '0', 'content-type': 'text/html; charset=UTF-8', 'openstack-api-version': 'volume 3.0', 'vary': 'OpenStack-API-Version', 'x-openstack-request-id': 'req-34bb2934-9b99-4bf4-ae26-cafff66d7dfa', 'connection': 'close', 'status': '202', 'content-location': 'http://10.132.44.205/volume/v3/types/676bb3eb-1411-4100-8968-baef49c07261'}
        Body: b''
2026-02-19 12:13:12,396 123155 INFO     [tempest.lib.common.rest_client] Request (GroupsV314Test:_run_cleanups): 404 GET http://10.132.44.205/volume/v3/types/676bb3eb-1411-4100-8968-baef49c07261 0.022s
2026-02-19 12:13:12,396 123155 DEBUG    [tempest.lib.common.rest_client] Request - Headers: {'Content-Type': 'application/json', 'Accept': 'application/json', 'X-Auth-Token': '<omitted>'}
        Body: None
    Response - Headers: {'date': 'Thu, 19 Feb 2026 12:13:12 GMT', 'server': 'Apache/2.4.58 (Ubuntu)', 'openstack-api-version': 'volume 3.0', 'vary': 'OpenStack-API-Version', 'content-length': '114', 'content-type': 'application/json', 'x-compute-request-id': 'req-b05d9581-80a1-49f2-aa87-de306b5d2a1d', 'x-openstack-request-id': 'req-b05d9581-80a1-49f2-aa87-de306b5d2a1d', 'connection': 'close', 'status': '404', 'content-location': 'http://10.132.44.205/volume/v3/types/676bb3eb-1411-4100-8968-baef49c07261'}
        Body: b'{"itemNotFound": {"code": 404, "message": "Volume type 676bb3eb-1411-4100-8968-baef49c07261 could not be found."}}'

{0} tempest.api.volume.admin.test_groups.GroupsV320Test.test_reset_group_status [1.891907s] ... FAILED

Captured traceback:
~~~~~~~~~~~~~~~~~~~
    Traceback (most recent call last):

      File "/opt/stack/tempest/tempest/api/volume/admin/test_groups.py", line 227, in test_reset_group_status
    group = self.create_group(group_type=group_type['id'],
            ^^^^^^^^^^^^^^^^^^^^^^^^^^^^^^^^^^^^^^^^^^^^^^

      File "/opt/stack/tempest/tempest/api/volume/base.py", line 293, in create_group
    waiters.wait_for_volume_resource_status(

      File "/opt/stack/tempest/tempest/common/waiters.py", line 379, in wait_for_volume_resource_status
    raise exceptions.VolumeResourceBuildErrorException(

    tempest.exceptions.VolumeResourceBuildErrorException: group 25c2809b-3a85-480e-b5f0-6c90d423e682 failed to build and is in ERROR status


Captured pythonlogging:
~~~~~~~~~~~~~~~~~~~~~~~
    2026-02-19 12:13:17,019 123155 INFO     [tempest.lib.common.rest_client] Request (GroupsV320Test:test_reset_group_status): 200 POST http://10.132.44.205/volume/v3/types 0.174s
2026-02-19 12:13:17,020 123155 DEBUG    [tempest.lib.common.rest_client] Request - Headers: {'Content-Type': 'application/json', 'Accept': 'application/json', 'X-Auth-Token': '<omitted>'}
        Body: {"volume_type": {"name": "tempest-GroupsV320Test-volume-type-1073895136"}}
    Response - Headers: {'date': 'Thu, 19 Feb 2026 12:13:16 GMT', 'server': 'Apache/2.4.58 (Ubuntu)', 'content-type': 'application/json', 'x-compute-request-id': 'req-da36eee6-b997-48d9-a227-b83e7e5194b4', 'content-length': '220', 'openstack-api-version': 'volume 3.0', 'vary': 'OpenStack-API-Version', 'x-openstack-request-id': 'req-da36eee6-b997-48d9-a227-b83e7e5194b4', 'connection': 'close', 'status': '200', 'content-location': 'http://10.132.44.205/volume/v3/types'}
        Body: b'{"volume_type": {"id": "6d3b19b3-5e45-4f1f-90d1-e737549e86e0", "name": "tempest-GroupsV320Test-volume-type-1073895136", "is_public": true, "extra_specs": {}, "description": null, "os-volume-type-access:is_public": true}}'
2026-02-19 12:13:17,072 123155 INFO     [tempest.lib.common.rest_client] Request (GroupsV320Test:test_reset_group_status): 202 POST http://10.132.44.205/volume/v3/group_types 0.049s
2026-02-19 12:13:17,073 123155 DEBUG    [tempest.lib.common.rest_client] Request - Headers: {'Content-Type': 'application/json', 'Accept': 'application/json', 'Openstack-Api-Version': 'volume 3.20', 'X-Auth-Token': '<omitted>'}
        Body: {"group_type": {"name": "tempest-GroupsV320Test-group-type-1312232047"}}
    Response - Headers: {'date': 'Thu, 19 Feb 2026 12:13:17 GMT', 'server': 'Apache/2.4.58 (Ubuntu)', 'content-type': 'application/json', 'x-compute-request-id': 'req-6c13e2c5-a3e5-470f-a7ba-70f02d5ec29a', 'content-length': '177', 'openstack-api-version': 'volume 3.20', 'vary': 'OpenStack-API-Version', 'x-openstack-request-id': 'req-6c13e2c5-a3e5-470f-a7ba-70f02d5ec29a', 'connection': 'close', 'status': '202', 'content-location': 'http://10.132.44.205/volume/v3/group_types'}
        Body: b'{"group_type": {"id": "6af6660f-02e1-46ab-bff4-30a4474926cd", "name": "tempest-GroupsV320Test-group-type-1312232047", "description": null, "is_public": true, "group_specs": {}}}'
2026-02-19 12:13:17,299 123155 INFO     [tempest.lib.common.rest_client] Request (GroupsV320Test:test_reset_group_status): 202 POST http://10.132.44.205/volume/v3/groups 0.219s
2026-02-19 12:13:17,300 123155 DEBUG    [tempest.lib.common.rest_client] Request - Headers: {'Content-Type': 'application/json', 'Accept': 'application/json', 'Openstack-Api-Version': 'volume 3.20', 'X-Auth-Token': '<omitted>'}
        Body: {"group": {"group_type": "6af6660f-02e1-46ab-bff4-30a4474926cd", "volume_types": ["6d3b19b3-5e45-4f1f-90d1-e737549e86e0"], "name": "tempest-GroupsV320Test-Group-878711415"}}
    Response - Headers: {'date': 'Thu, 19 Feb 2026 12:13:17 GMT', 'server': 'Apache/2.4.58 (Ubuntu)', 'content-type': 'application/json', 'x-compute-request-id': 'req-9891294d-394c-4f11-89a2-f46ed2539381', 'content-length': '107', 'openstack-api-version': 'volume 3.20', 'vary': 'OpenStack-API-Version', 'x-openstack-request-id': 'req-9891294d-394c-4f11-89a2-f46ed2539381', 'connection': 'close', 'status': '202', 'content-location': 'http://10.132.44.205/volume/v3/groups'}
        Body: b'{"group": {"id": "25c2809b-3a85-480e-b5f0-6c90d423e682", "name": "tempest-GroupsV320Test-Group-878711415"}}'
2026-02-19 12:13:17,344 123155 INFO     [tempest.lib.common.rest_client] Request (GroupsV320Test:test_reset_group_status): 200 GET http://10.132.44.205/volume/v3/groups/25c2809b-3a85-480e-b5f0-6c90d423e682 0.041s
2026-02-19 12:13:17,344 123155 DEBUG    [tempest.lib.common.rest_client] Request - Headers: {'Content-Type': 'application/json', 'Accept': 'application/json', 'Openstack-Api-Version': 'volume 3.20', 'X-Auth-Token': '<omitted>'}
        Body: None
    Response - Headers: {'date': 'Thu, 19 Feb 2026 12:13:17 GMT', 'server': 'Apache/2.4.58 (Ubuntu)', 'cont
    ent-type': 'application/json', 'x-compute-request-id': 'req-99c1ef36-c0d2-42db-92c0-6214fb093485', 'content-length': '387', 'openstack-api-version': 'volume 3.20', 'vary': 'OpenStack-API-Version', 'x-openstack-request-id': 'req-99c1ef36-c0d2-42db-92c0-6214fb093485', 'connection': 'close', 'status': '200', 'content-location': 'http://10.132.44.205/volume/v3/groups/25c2809b-3a85-480e-b5f0-6c90d423e682'}
        Body: b'{"group": {"id": "25c2809b-3a85-480e-b5f0-6c90d423e682", "status": "creating", "availability_zone": "nova", "created_at": "2026-02-19T12:13:17.000000", "name": "tempest-GroupsV320Test-Group-878711415", "description": null, "group_type": "6af6660f-02e1-46ab-bff4-30a4474926cd", "volume_types": ["6d3b19b3-5e45-4f1f-90d1-e737549e86e0"], "group_snapshot_id": null, "source_group_id": null}}'
2026-02-19 12:13:18,396 123155 INFO     [tempest.lib.common.rest_client] Request (GroupsV320Test:test_reset_group_status): 200 GET http://10.132.44.205/volume/v3/groups/25c2809b-3a85-480e-b5f0-6c90d423e682 0.045s
2026-02-19 12:13:18,397 123155 DEBUG    [tempest.lib.common.rest_client] Request - Headers: {'Content-Type': 'application/json', 'Accept': 'application/json', 'Openstack-Api-Version': 'volume 3.20', 'X-Auth-Token': '<omitted>'}
        Body: None
    Response - Headers: {'date': 'Thu, 19 Feb 2026 12:13:18 GMT', 'server': 'Apache/2.4.58 (Ubuntu)', 'content-type': 'application/json', 'x-compute-request-id': 'req-e500094f-945a-4fc1-8dd6-d2e4cccc6bb9', 'content-length': '384', 'openstack-api-version': 'volume 3.20', 'vary': 'OpenStack-API-Version', 'x-openstack-request-id': 'req-e500094f-945a-4fc1-8dd6-d2e4cccc6bb9', 'connection': 'close', 'status': '200', 'content-location': 'http://10.132.44.205/volume/v3/groups/25c2809b-3a85-480e-b5f0-6c90d423e682'}
        Body: b'{"group": {"id": "25c2809b-3a85-480e-b5f0-6c90d423e682", "status": "error", "availability_zone": "nova", "created_at": "2026-02-19T12:13:17.000000", "name": "tempest-GroupsV320Test-Group-878711415", "description": null, "group_type": "6af6660f-02e1-46ab-bff4-30a4474926cd", "volume_types": ["6d3b19b3-5e45-4f1f-90d1-e737549e86e0"], "group_snapshot_id": null, "source_group_id": null}}'
2026-02-19 12:13:18,445 123155 INFO     [tempest.lib.common.rest_client] Request (GroupsV320Test:_run_cleanups): 200 GET http://10.132.44.205/volume/v3/volumes/detail 0.041s
2026-02-19 12:13:18,446 123155 DEBUG    [tempest.lib.common.rest_client] Request - Headers: {'Content-Type': 'application/json', 'Accept': 'application/json', 'Openstack-Api-Version': 'volume 3.20', 'X-Auth-Token': '<omitted>'}
        Body: None
    Response - Headers: {'date': 'Thu, 19 Feb 2026 12:13:18 GMT', 'server': 'Apache/2.4.58 (Ubuntu)', 'content-type': 'application/json', 'x-compute-request-id': 'req-1a91e348-7e16-41c2-b181-62e62b201675', 'content-length': '15', 'openstack-api-version': 'volume 3.20', 'vary': 'OpenStack-API-Version', 'x-openstack-request-id': 'req-1a91e348-7e16-41c2-b181-62e62b201675', 'connection': 'close', 'status': '200', 'content-location': 'http://10.132.44.205/volume/v3/volumes/detail'}
        Body: b'{"volumes": []}'
2026-02-19 12:13:18,566 123155 INFO     [tempest.lib.common.rest_client] Request (GroupsV320Test:_run_cleanups): 202 POST http://10.132.44.205/volume/v3/groups/25c2809b-3a85-480e-b5f0-6c90d423e682/action 0.104s
2026-02-19 12:13:18,567 123155 DEBUG    [tempest.lib.common.rest_client] Request - Headers: {'Content-Type': 'application/json', 'Accept': 'application/json', 'Openstack-Api-Version': 'volume 3.20', 'X-Auth-Token': '<omitted>'}
        Body: {"delete": {"delete-volumes": true}}
    Response - Headers: {'date': 'Thu, 19 Feb 2026 12:13:18 GMT', 'server': 'Apache/2.4.58 (Ubuntu)', 'content-length': '0', 'content-type': 'text/html; charset=UTF-8', 'openstack-api-version': 'volume 3.20', 'vary': 'OpenStack-API-Version', 'x-openstack-request-id': 'req-c106e5c6-8060-4293-94e1-d855a14b9917', 'connection': 'close', 'status': '202', 'content-location': 'http://10.132.44.205/volume/v3/groups/25c2809b-3a85-480e-b5f0-6c90d423e682/action'}
        Body: b''
2026-02-19 
    12:13:18,589 123155 INFO     [tempest.lib.common.rest_client] Request (GroupsV320Test:_run_cleanups): 404 GET http://10.132.44.205/volume/v3/groups/25c2809b-3a85-480e-b5f0-6c90d423e682 0.021s
2026-02-19 12:13:18,590 123155 DEBUG    [tempest.lib.common.rest_client] Request - Headers: {'Content-Type': 'application/json', 'Accept': 'application/json', 'Openstack-Api-Version': 'volume 3.20', 'X-Auth-Token': '<omitted>'}
        Body: None
    Response - Headers: {'date': 'Thu, 19 Feb 2026 12:13:18 GMT', 'server': 'Apache/2.4.58 (Ubuntu)', 'openstack-api-version': 'volume 3.20', 'vary': 'OpenStack-API-Version', 'content-length': '108', 'content-type': 'application/json', 'x-compute-request-id': 'req-19268728-b2a1-4127-b834-281e44bf939e', 'x-openstack-request-id': 'req-19268728-b2a1-4127-b834-281e44bf939e', 'connection': 'close', 'status': '404', 'content-location': 'http://10.132.44.205/volume/v3/groups/25c2809b-3a85-480e-b5f0-6c90d423e682'}
        Body: b'{"itemNotFound": {"code": 404, "message": "Group 25c2809b-3a85-480e-b5f0-6c90d423e682 could not be found."}}'
2026-02-19 12:13:18,635 123155 INFO     [tempest.lib.common.rest_client] Request (GroupsV320Test:_run_cleanups): 202 DELETE http://10.132.44.205/volume/v3/group_types/6af6660f-02e1-46ab-bff4-30a4474926cd 0.043s
2026-02-19 12:13:18,635 123155 DEBUG    [tempest.lib.common.rest_client] Request - Headers: {'Content-Type': 'application/json', 'Accept': 'application/json', 'Openstack-Api-Version': 'volume 3.20', 'X-Auth-Token': '<omitted>'}
        Body: None
    Response - Headers: {'date': 'Thu, 19 Feb 2026 12:13:18 GMT', 'server': 'Apache/2.4.58 (Ubuntu)', 'content-length': '0', 'content-type': 'text/html; charset=UTF-8', 'openstack-api-version': 'volume 3.20', 'vary': 'OpenStack-API-Version', 'x-openstack-request-id': 'req-6bbb4554-2296-4165-ac88-8402bc689c92', 'connection': 'close', 'status': '202', 'content-location': 'http://10.132.44.205/volume/v3/group_types/6af6660f-02e1-46ab-bff4-30a4474926cd'}
        Body: b''
2026-02-19 12:13:18,712 123155 INFO     [tempest.lib.common.rest_client] Request (GroupsV320Test:_run_cleanups): 202 DELETE http://10.132.44.205/volume/v3/types/6d3b19b3-5e45-4f1f-90d1-e737549e86e0 0.076s
2026-02-19 12:13:18,713 123155 DEBUG    [tempest.lib.common.rest_client] Request - Headers: {'Content-Type': 'application/json', 'Accept': 'application/json', 'X-Auth-Token': '<omitted>'}
        Body: None
    Response - Headers: {'date': 'Thu, 19 Feb 2026 12:13:18 GMT', 'server': 'Apache/2.4.58 (Ubuntu)', 'content-length': '0', 'content-type': 'text/html; charset=UTF-8', 'openstack-api-version': 'volume 3.0', 'vary': 'OpenStack-API-Version', 'x-openstack-request-id': 'req-428e86d9-8895-47a2-bc7d-18edda78ba26', 'connection': 'close', 'status': '202', 'content-location': 'http://10.132.44.205/volume/v3/types/6d3b19b3-5e45-4f1f-90d1-e737549e86e0'}
        Body: b''
2026-02-19 12:13:18,734 123155 INFO     [tempest.lib.common.rest_client] Request (GroupsV320Test:_run_cleanups): 404 GET http://10.132.44.205/volume/v3/types/6d3b19b3-5e45-4f1f-90d1-e737549e86e0 0.021s
2026-02-19 12:13:18,735 123155 DEBUG    [tempest.lib.common.rest_client] Request - Headers: {'Content-Type': 'application/json', 'Accept': 'application/json', 'X-Auth-Token': '<omitted>'}
        Body: None
    Response - Headers: {'date': 'Thu, 19 Feb 2026 12:13:18 GMT', 'server': 'Apache/2.4.58 (Ubuntu)', 'openstack-api-version': 'volume 3.0', 'vary': 'OpenStack-API-Version', 'content-length': '114', 'content-type': 'application/json', 'x-compute-request-id': 'req-ad359174-c879-4b1e-b645-0331d3ca3a2d', 'x-openstack-request-id': 'req-ad359174-c879-4b1e-b645-0331d3ca3a2d', 'connection': 'close', 'status': '404', 'content-location': 'http://10.132.44.205/volume/v3/types/6d3b19b3-5e45-4f1f-90d1-e737549e86e0'}
        Body: b'{"itemNotFound": {"code": 404, "message": "Volume type 6d3b19b3-5e45-4f1f-90d1-e737549e86e0 could not be found."}}'

{0} setUpClass (tempest.api.volume.admin.test_multi_backend.VolumeMultiBackendTest) [0.000000s] ... FAILED

Captured traceback:
~~~~~~~~~~~~~~~~~~~
    Traceback (most recent call last):

      File "/opt/stack/tempest/tempest/test.py", line 185, in setUpClass
    raise value.with_traceback(trace)

      File "/opt/stack/tempest/tempest/test.py", line 178, in setUpClass
    cls.resource_setup()

      File "/opt/stack/tempest/tempest/api/volume/admin/test_multi_backend.py", line 50, in resource_setup
    cls._create_type_and_volume(backend_name, False)

      File "/opt/stack/tempest/tempest/api/volume/admin/test_multi_backend.py", line 74, in _create_type_and_volume
    cls.volume = cls.create_volume(**params)
                 ^^^^^^^^^^^^^^^^^^^^^^^^^^^

      File "/opt/stack/tempest/tempest/api/volume/base.py", line 144, in create_volume
    waiters.wait_for_volume_resource_status(self.volumes_client,

      File "/opt/stack/tempest/tempest/common/waiters.py", line 379, in wait_for_volume_resource_status
    raise exceptions.VolumeResourceBuildErrorException(

    tempest.exceptions.VolumeResourceBuildErrorException: volume 90f5bcef-4d5b-4865-aef2-da60bdf674e5 failed to build and is in ERROR status

{0} tempest.api.volume.admin.test_qos.QosSpecsTestJSON.test_associate_disassociate_qos [0.918256s] ... ok
{0} tempest.api.volume.admin.test_qos.QosSpecsTestJSON.test_create_delete_qos_with_back_end_consumer [0.231463s] ... ok
{0} tempest.api.volume.admin.test_qos.QosSpecsTestJSON.test_create_delete_qos_with_both_consumer [0.223912s] ... ok
{0} tempest.api.volume.admin.test_qos.QosSpecsTestJSON.test_create_delete_qos_with_front_end_consumer [0.223245s] ... ok
{0} tempest.api.volume.admin.test_qos.QosSpecsTestJSON.test_get_qos [0.029972s] ... ok
{0} tempest.api.volume.admin.test_qos.QosSpecsTestJSON.test_list_qos [0.026207s] ... ok
{0} tempest.api.volume.admin.test_qos.QosSpecsTestJSON.test_set_unset_qos_key [0.208768s] ... ok
{0} setUpClass (tempest.api.volume.admin.test_snapshots_actions.SnapshotsActionsTest) [0.000000s] ... FAILED

Captured traceback:
~~~~~~~~~~~~~~~~~~~
    Traceback (most recent call last):

      File "/opt/stack/tempest/tempest/test.py", line 185, in setUpClass
    raise value.with_traceback(trace)

      File "/opt/stack/tempest/tempest/test.py", line 178, in setUpClass
    cls.resource_setup()

      File "/opt/stack/tempest/tempest/api/volume/admin/test_snapshots_actions.py", line 38, in resource_setup
    cls.volume = cls.create_volume()
                 ^^^^^^^^^^^^^^^^^^^

      File "/opt/stack/tempest/tempest/api/volume/base.py", line 144, in create_volume
    waiters.wait_for_volume_resource_status(self.volumes_client,

      File "/opt/stack/tempest/tempest/common/waiters.py", line 379, in wait_for_volume_resource_status
    raise exceptions.VolumeResourceBuildErrorException(

    tempest.exceptions.VolumeResourceBuildErrorException: volume fe400210-84b9-4534-b410-9bd00f650481 failed to build and is in ERROR status

{0} tempest.api.volume.admin.test_user_messages.UserMessagesTest.test_delete_message [2.277244s] ... ok
{0} tempest.api.volume.admin.test_user_messages.UserMessagesTest.test_list_show_messages [2.044280s] ... ok
{0} tempest.api.volume.admin.test_volume_hosts.VolumeHostsAdminTestsJSON.test_list_hosts [0.187947s] ... ok
{0} tempest.api.volume.admin.test_volume_hosts.VolumeHostsAdminTestsJSON.test_show_host [0.135721s] ... ok
{0} setUpClass (tempest.api.volume.admin.test_volume_manage.VolumeManageAdminTest) ... SKIPPED: Manage volume tests are disabled
{0} tempest.api.volume.admin.test_volume_pools.VolumePoolsAdminTestsJSON.test_get_pools_with_details [0.676589s] ... FAILED

Captured traceback:
~~~~~~~~~~~~~~~~~~~
    Traceback (most recent call last):

      File "/opt/stack/tempest/tempest/api/volume/admin/test_volume_pools.py", line 44, in test_get_pools_with_details
    self._assert_pools(with_detail=True)

      File "/opt/stack/tempest/tempest/api/volume/admin/test_volume_pools.py", line 29, in _assert_pools
    self.assertNotEmpty(cinder_pools, "no cinder pools listed.")

      File "/opt/stack/tempest/tempest/test.py", line 949, in assertNotEmpty
    self.assertTrue(items, msg)

      File "/usr/lib/python3.12/unittest/case.py", line 727, in assertTrue
    raise self.failureException(msg)

    AssertionError: [] is not true : no cinder pools listed.


Captured pythonlogging:
~~~~~~~~~~~~~~~~~~~~~~~
    2026-02-19 12:13:58,248 123155 INFO     [tempest.lib.common.rest_client] Request (VolumePoolsAdminTestsJSON:test_get_pools_with_details): 200 GET http://10.132.44.205/volume/v3/scheduler-stats/get_pools?detail=True 0.653s
2026-02-19 12:13:58,249 123155 DEBUG    [tempest.lib.common.rest_client] Request - Headers: {'Content-Type': 'application/json', 'Accept': 'application/json', 'X-Auth-Token': '<omitted>'}
        Body: None
    Response - Headers: {'date': 'Thu, 19 Feb 2026 12:13:57 GMT', 'server': 'Apache/2.4.58 (Ubuntu)', 'content-type': 'application/json', 'x-compute-request-id': 'req-14187850-c73b-4412-aa23-e5bd3ab5fe94', 'content-length': '13', 'openstack-api-version': 'volume 3.0', 'vary': 'OpenStack-API-Version', 'x-openstack-request-id': 'req-14187850-c73b-4412-aa23-e5bd3ab5fe94', 'connection': 'close', 'status': '200', 'content-location': 'http://10.132.44.205/volume/v3/scheduler-stats/get_pools?detail=True'}
        Body: b'{"pools": []}'

{0} tempest.api.volume.admin.test_volume_pools.VolumePoolsAdminTestsJSON.test_get_pools_without_details [0.526572s] ... FAILED

Captured traceback:
~~~~~~~~~~~~~~~~~~~
    Traceback (most recent call last):

      File "/opt/stack/tempest/tempest/api/volume/admin/test_volume_pools.py", line 39, in test_get_pools_without_details
    self._assert_pools()

      File "/opt/stack/tempest/tempest/api/volume/admin/test_volume_pools.py", line 29, in _assert_pools
    self.assertNotEmpty(cinder_pools, "no cinder pools listed.")

      File "/opt/stack/tempest/tempest/test.py", line 949, in assertNotEmpty
    self.assertTrue(items, msg)

      File "/usr/lib/python3.12/unittest/case.py", line 727, in assertTrue
    raise self.failureException(msg)

    AssertionError: [] is not true : no cinder pools listed.


Captured pythonlogging:
~~~~~~~~~~~~~~~~~~~~~~~
    2026-02-19 12:13:58,795 123155 INFO     [tempest.lib.common.rest_client] Request (VolumePoolsAdminTestsJSON:test_get_pools_without_details): 200 GET http://10.132.44.205/volume/v3/scheduler-stats/get_pools 0.521s
2026-02-19 12:13:58,796 123155 DEBUG    [tempest.lib.common.rest_client] Request - Headers: {'Content-Type': 'application/json', 'Accept': 'application/json', 'X-Auth-Token': '<omitted>'}
        Body: None
    Response - Headers: {'date': 'Thu, 19 Feb 2026 12:13:58 GMT', 'server': 'Apache/2.4.58 (Ubuntu)', 'content-type': 'application/json', 'x-compute-request-id': 'req-6592b125-284f-4bc0-aa02-755794d4e496', 'content-length': '13', 'openstack-api-version': 'volume 3.0', 'vary': 'OpenStack-API-Version', 'x-openstack-request-id': 'req-6592b125-284f-4bc0-aa02-755794d4e496', 'connection': 'close', 'status': '200', 'content-location': 'http://10.132.44.205/volume/v3/scheduler-stats/get_pools'}
        Body: b'{"pools": []}'

{0} tempest.api.volume.admin.test_volume_quota_classes.VolumeQuotaClassesTest.test_show_default_quota [0.172362s] ... ok
{0} tempest.api.volume.admin.test_volume_quota_classes.VolumeQuotaClassesTest.test_update_default_quota [1.141076s] ... ok
{0} tempest.api.volume.admin.test_volume_quotas.VolumeQuotasAdminTestJSON.test_delete_quota [0.561035s] ... ok
{0} tempest.api.volume.admin.test_volume_quotas.VolumeQuotasAdminTestJSON.test_list_default_quotas [0.055881s] ... ok
{0} tempest.api.volume.admin.test_volume_quotas.VolumeQuotasAdminTestJSON.test_list_quotas [0.071144s] ... ok
{0} tempest.api.volume.admin.test_volume_quotas.VolumeQuotasAdminTestJSON.test_quota_usage [2.156981s] ... FAILED

Captured traceback:
~~~~~~~~~~~~~~~~~~~
    Traceback (most recent call last):

      File "/opt/stack/tempest/tempest/api/volume/admin/test_volume_quotas.py", line 123, in test_quota_usage
    volume = self.create_volume()
             ^^^^^^^^^^^^^^^^^^^^

      File "/opt/stack/tempest/tempest/api/volume/base.py", line 144, in create_volume
    waiters.wait_for_volume_resource_status(self.volumes_client,

      File "/opt/stack/tempest/tempest/common/waiters.py", line 379, in wait_for_volume_resource_status
    raise exceptions.VolumeResourceBuildErrorException(

    tempest.exceptions.VolumeResourceBuildErrorException: volume 4b57ea8c-6b83-4647-8c95-eaa57c378b1a failed to build and is in ERROR status


Captured pythonlogging:
~~~~~~~~~~~~~~~~~~~~~~~
    2026-02-19 12:14:10,570 123155 INFO     [tempest.lib.common.rest_client] Request (VolumeQuotasAdminTestJSON:test_quota_usage): 200 GET http://10.132.44.205/volume/v3/os-quota-sets/fdca944c0a6344d1b130ccfafbf085d7?usage=True 0.088s
2026-02-19 12:14:10,571 123155 DEBUG    [tempest.lib.common.rest_client] Request - Headers: {'Content-Type': 'application/json', 'Accept': 'application/json', 'X-Auth-Token': '<omitted>'}
        Body: None
    Response - Headers: {'date': 'Thu, 19 Feb 2026 12:14:10 GMT', 'server': 'Apache/2.4.58 (Ubuntu)', 'content-type': 'application/json', 'x-compute-request-id': 'req-0aa82569-c0c6-493a-8e90-61f3a6b4f519', 'content-length': '1254', 'openstack-api-version': 'volume 3.0', 'vary': 'OpenStack-API-Version', 'x-openstack-request-id': 'req-0aa82569-c0c6-493a-8e90-61f3a6b4f519', 'connection': 'close', 'status': '200', 'content-location': 'http://10.132.44.205/volume/v3/os-quota-sets/fdca944c0a6344d1b130ccfafbf085d7?usage=True'}
        Body: b'{"quota_set": {"volumes": {"limit": 10, "in_use": 0, "reserved": 0}, "per_volume_gigabytes": {"limit": -1, "in_use": 0, "reserved": 0}, "snapshots": {"limit": 10, "in_use": 0, "reserved": 0}, "gigabytes": {"limit": 1000, "in_use": 0, "reserved": 0}, "backups": {"limit": 10, "in_use": 0, "reserved": 0}, "backup_gigabytes": {"limit": 1000, "in_use": 0, "reserved": 0}, "volumes_nvmetcp2": {"limit": -1, "in_use": 0, "reserved": 0}, "gigabytes_nvmetcp2": {"limit": -1, "in_use": 0, "reserved": 0}, "snapshots_nvmetcp2": {"limit": -1, "in_use": 0, "reserved": 0}, "volumes_nvmetcp1": {"limit": -1, "in_use": 0, "reserved": 0}, "gigabytes_nvmetcp1": {"limit": -1, "in_use": 0, "reserved": 0}, "snapshots_nvmetcp1": {"limit": -1, "in_use": 0, "reserved": 0}, "volumes_lvmdriver-1": {"limit": -1, "in_use": 0, "reserved": 0}, "gigabytes_lvmdriver-1": {"limit": -1, "in_use": 0, "reserved": 0}, "snapshots_lvmdriver-1": {"limit": -1, "in_use": 0, "reserved": 0}, "volumes___DEFAULT__": {"limit": -1, "in_use": 0, "reserved": 0}, "gigabytes___DEFAULT__": {"limit": -1, "in_use": 0, "reserved": 0}, "snapshots___DEFAULT__": {"limit": -1, "in_use": 0, "reserved": 0}, "groups": {"limit": 10, "in_use": 0, "reserved": 0}, "id": "fdca944c0a6344d1b130ccfafbf085d7"}}'
2026-02-19 12:14:11,124 123155 INFO     [tempest.lib.common.rest_client] Request (VolumeQuotasAdminTestJSON:test_quota_usage): 202 POST http://10.132.44.205/volume/v3/volumes 0.540s
2026-02-19 12:14:11,125 123155 DEBUG    [tempest.lib.common.rest_client] Request - Headers: {'Content-Type': 'application/json', 'Accept': 'application/json', 'X-Auth-Token': '<omitted>'}
        Body: {"volume": {"size": 1, "name": "tempest-VolumeQuotasAdminTestJSON-Volume-256925500"}}
    Response - Headers: {'date': 'Thu, 19 Feb 2026 12:14:10 GMT', 'server': 'Apache/2.4.58 (Ubuntu)', 'content-type': 'application/json', 'x-compute-request-id': 'req-45e6bbd7-60aa-41e1-b546-5b79bf494caf', 'content-length': '759', 'openstack-api-version': 'volume 3.0', 'vary': 'OpenStack-API-Version', 'x-openstack-request-id': 'req-45e6bbd7-60aa-41e1-b546-5b79bf494caf', 'connection': 'close', 'status': '202', 'content-location': 'http://10.132.44.205/volume/v3/volumes'}
        Body: b'{"volume": {"id": "4b57ea8c-6b83-4647-8c95-eaa57c378b1a", "status": "creating", "size": 1, "availability_zone": "nova", "created_at": "2026-02-19T12:14:11.019193", "updated_at": null, "name": "tempest-VolumeQuotasAdminTestJSON-Volume-256925500", "description": null, "volume_type": "nvmetcp1", "snapshot_id": null, "source_volid": null, "metadata": {}, "links": [{"rel": "self", "href": "http://10.132.44.205/volume/v3/volumes/4b57ea8c-6b83-4647-8c95-eaa57c378b1a"}, {"rel": "bookmark", "href": "http://10.132.44.205/volume/volumes/4b57ea8c-6b83-4647-8c95-eaa57c378b1a"}], "user_id": "d004663be06e4b599a391b8078dc9fff", "bootable": "false", "encrypted": false, "replication_status": null, "consistencygroup_id": null, "multiattach": false, "attachments": []}}'
2026-02-19 12:14:11,202 123155 INFO     [tempest.lib.common.rest_client] Request (VolumeQuotasAdminTestJSON:test_quota_usage): 200 GET htt
    p://10.132.44.205/volume/v3/volumes/4b57ea8c-6b83-4647-8c95-eaa57c378b1a 0.061s
2026-02-19 12:14:11,203 123155 DEBUG    [tempest.lib.common.rest_client] Request - Headers: {'Content-Type': 'application/json', 'Accept': 'application/json', 'X-Auth-Token': '<omitted>'}
        Body: None
    Response - Headers: {'date': 'Thu, 19 Feb 2026 12:14:11 GMT', 'server': 'Apache/2.4.58 (Ubuntu)', 'content-type': 'application/json', 'x-compute-request-id': 'req-9fa6af0a-0f5b-4b23-9ce2-d9ac8b5ad812', 'content-length': '827', 'openstack-api-version': 'volume 3.0', 'vary': 'OpenStack-API-Version', 'x-openstack-request-id': 'req-9fa6af0a-0f5b-4b23-9ce2-d9ac8b5ad812', 'connection': 'close', 'status': '200', 'content-location': 'http://10.132.44.205/volume/v3/volumes/4b57ea8c-6b83-4647-8c95-eaa57c378b1a'}
        Body: b'{"volume": {"id": "4b57ea8c-6b83-4647-8c95-eaa57c378b1a", "status": "creating", "size": 1, "availability_zone": "nova", "created_at": "2026-02-19T12:14:11.000000", "updated_at": null, "name": "tempest-VolumeQuotasAdminTestJSON-Volume-256925500", "description": null, "volume_type": "nvmetcp1", "snapshot_id": null, "source_volid": null, "metadata": {}, "links": [{"rel": "self", "href": "http://10.132.44.205/volume/v3/volumes/4b57ea8c-6b83-4647-8c95-eaa57c378b1a"}, {"rel": "bookmark", "href": "http://10.132.44.205/volume/volumes/4b57ea8c-6b83-4647-8c95-eaa57c378b1a"}], "user_id": "d004663be06e4b599a391b8078dc9fff", "bootable": "false", "encrypted": false, "replication_status": null, "consistencygroup_id": null, "multiattach": false, "attachments": [], "os-vol-tenant-attr:tenant_id": "fdca944c0a6344d1b130ccfafbf085d7"}}'
2026-02-19 12:14:12,326 123155 INFO     [tempest.lib.common.rest_client] Request (VolumeQuotasAdminTestJSON:test_quota_usage): 200 GET http://10.132.44.205/volume/v3/volumes/4b57ea8c-6b83-4647-8c95-eaa57c378b1a 0.104s
2026-02-19 12:14:12,327 123155 DEBUG    [tempest.lib.common.rest_client] Request - Headers: {'Content-Type': 'application/json', 'Accept': 'application/json', 'X-Auth-Token': '<omitted>'}
        Body: None
    Response - Headers: {'date': 'Thu, 19 Feb 2026 12:14:12 GMT', 'server': 'Apache/2.4.58 (Ubuntu)', 'content-type': 'application/json', 'x-compute-request-id': 'req-1cbb8fc6-faca-4a99-85f8-11942d45804e', 'content-length': '848', 'openstack-api-version': 'volume 3.0', 'vary': 'OpenStack-API-Version', 'x-openstack-request-id': 'req-1cbb8fc6-faca-4a99-85f8-11942d45804e', 'connection': 'close', 'status': '200', 'content-location': 'http://10.132.44.205/volume/v3/volumes/4b57ea8c-6b83-4647-8c95-eaa57c378b1a'}
        Body: b'{"volume": {"id": "4b57ea8c-6b83-4647-8c95-eaa57c378b1a", "status": "error", "size": 1, "availability_zone": "nova", "created_at": "2026-02-19T12:14:11.000000", "updated_at": "2026-02-19T12:14:11.000000", "name": "tempest-VolumeQuotasAdminTestJSON-Volume-256925500", "description": null, "volume_type": "nvmetcp1", "snapshot_id": null, "source_volid": null, "metadata": {}, "links": [{"rel": "self", "href": "http://10.132.44.205/volume/v3/volumes/4b57ea8c-6b83-4647-8c95-eaa57c378b1a"}, {"rel": "bookmark", "href": "http://10.132.44.205/volume/volumes/4b57ea8c-6b83-4647-8c95-eaa57c378b1a"}], "user_id": "d004663be06e4b599a391b8078dc9fff", "bootable": "false", "encrypted": false, "replication_status": null, "consistencygroup_id": null, "multiattach": false, "attachments": [], "os-vol-tenant-attr:tenant_id": "fdca944c0a6344d1b130ccfafbf085d7"}}'
2026-02-19 12:14:12,403 123155 INFO     [tempest.lib.common.rest_client] Request (VolumeQuotasAdminTestJSON:_run_cleanups): 200 GET http://10.132.44.205/volume/v3/volumes/4b57ea8c-6b83-4647-8c95-eaa57c378b1a 0.057s
2026-02-19 12:14:12,403 123155 DEBUG    [tempest.lib.common.rest_client] Request - Headers: {'Content-Type': 'application/json', 'Accept': 'application/json', 'X-Auth-Token': '<omitted>'}
        Body: None
    Response - Headers: {'date': 'Thu, 19 Feb 2026 12:14:12 GMT', 'server': 'Apache/2.4.58 (Ubuntu)', 'content-type': 'application/json', 'x-compute-request-id': 'req-bf3a057b-577c-4948-b5e1-22c22c327336', 'content-length': '84
    8', 'openstack-api-version': 'volume 3.0', 'vary': 'OpenStack-API-Version', 'x-openstack-request-id': 'req-bf3a057b-577c-4948-b5e1-22c22c327336', 'connection': 'close', 'status': '200', 'content-location': 'http://10.132.44.205/volume/v3/volumes/4b57ea8c-6b83-4647-8c95-eaa57c378b1a'}
        Body: b'{"volume": {"id": "4b57ea8c-6b83-4647-8c95-eaa57c378b1a", "status": "error", "size": 1, "availability_zone": "nova", "created_at": "2026-02-19T12:14:11.000000", "updated_at": "2026-02-19T12:14:11.000000", "name": "tempest-VolumeQuotasAdminTestJSON-Volume-256925500", "description": null, "volume_type": "nvmetcp1", "snapshot_id": null, "source_volid": null, "metadata": {}, "links": [{"rel": "self", "href": "http://10.132.44.205/volume/v3/volumes/4b57ea8c-6b83-4647-8c95-eaa57c378b1a"}, {"rel": "bookmark", "href": "http://10.132.44.205/volume/volumes/4b57ea8c-6b83-4647-8c95-eaa57c378b1a"}], "user_id": "d004663be06e4b599a391b8078dc9fff", "bootable": "false", "encrypted": false, "replication_status": null, "consistencygroup_id": null, "multiattach": false, "attachments": [], "os-vol-tenant-attr:tenant_id": "fdca944c0a6344d1b130ccfafbf085d7"}}'
2026-02-19 12:14:12,582 123155 INFO     [tempest.lib.common.rest_client] Request (VolumeQuotasAdminTestJSON:_run_cleanups): 202 DELETE http://10.132.44.205/volume/v3/volumes/4b57ea8c-6b83-4647-8c95-eaa57c378b1a 0.161s
2026-02-19 12:14:12,583 123155 DEBUG    [tempest.lib.common.rest_client] Request - Headers: {'Content-Type': 'application/json', 'Accept': 'application/json', 'X-Auth-Token': '<omitted>'}
        Body: None
    Response - Headers: {'date': 'Thu, 19 Feb 2026 12:14:12 GMT', 'server': 'Apache/2.4.58 (Ubuntu)', 'content-length': '0', 'content-type': 'text/html; charset=UTF-8', 'openstack-api-version': 'volume 3.0', 'vary': 'OpenStack-API-Version', 'x-openstack-request-id': 'req-93341c26-ac2c-443f-a3e3-df26e74dddf8', 'connection': 'close', 'status': '202', 'content-location': 'http://10.132.44.205/volume/v3/volumes/4b57ea8c-6b83-4647-8c95-eaa57c378b1a'}
        Body: b''
2026-02-19 12:14:12,636 123155 INFO     [tempest.lib.common.rest_client] Request (VolumeQuotasAdminTestJSON:_run_cleanups): 404 GET http://10.132.44.205/volume/v3/volumes/4b57ea8c-6b83-4647-8c95-eaa57c378b1a 0.051s
2026-02-19 12:14:12,636 123155 DEBUG    [tempest.lib.common.rest_client] Request - Headers: {'Content-Type': 'application/json', 'Accept': 'application/json', 'X-Auth-Token': '<omitted>'}
        Body: None
    Response - Headers: {'date': 'Thu, 19 Feb 2026 12:14:12 GMT', 'server': 'Apache/2.4.58 (Ubuntu)', 'openstack-api-version': 'volume 3.0', 'vary': 'OpenStack-API-Version', 'content-length': '109', 'content-type': 'application/json', 'x-compute-request-id': 'req-f88ef988-1c2c-404c-8023-55f5663707c5', 'x-openstack-request-id': 'req-f88ef988-1c2c-404c-8023-55f5663707c5', 'connection': 'close', 'status': '404', 'content-location': 'http://10.132.44.205/volume/v3/volumes/4b57ea8c-6b83-4647-8c95-eaa57c378b1a'}
        Body: b'{"itemNotFound": {"code": 404, "message": "Volume 4b57ea8c-6b83-4647-8c95-eaa57c378b1a could not be found."}}'

{0} tempest.api.volume.admin.test_volume_quotas.VolumeQuotasAdminTestJSON.test_quota_usage_after_volume_transfer [1.863994s] ... FAILED

Captured traceback:
~~~~~~~~~~~~~~~~~~~
    Traceback (most recent call last):

      File "/opt/stack/tempest/tempest/api/volume/admin/test_volume_quotas.py", line 141, in test_quota_usage_after_volume_transfer
    volume = self.create_volume()
             ^^^^^^^^^^^^^^^^^^^^

      File "/opt/stack/tempest/tempest/api/volume/base.py", line 144, in create_volume
    waiters.wait_for_volume_resource_status(self.volumes_client,

      File "/opt/stack/tempest/tempest/common/waiters.py", line 379, in wait_for_volume_resource_status
    raise exceptions.VolumeResourceBuildErrorException(

    tempest.exceptions.VolumeResourceBuildErrorException: volume a00522ea-0422-44a1-a7c0-42f078019d39 failed to build and is in ERROR status


Captured pythonlogging:
~~~~~~~~~~~~~~~~~~~~~~~
    2026-02-19 12:14:13,000 123155 INFO     [tempest.lib.common.rest_client] Request (VolumeQuotasAdminTestJSON:test_quota_usage_after_volume_transfer): 202 POST http://10.132.44.205/volume/v3/volumes 0.358s
2026-02-19 12:14:13,001 123155 DEBUG    [tempest.lib.common.rest_client] Request - Headers: {'Content-Type': 'application/json', 'Accept': 'application/json', 'X-Auth-Token': '<omitted>'}
        Body: {"volume": {"size": 1, "name": "tempest-VolumeQuotasAdminTestJSON-Volume-1035950611"}}
    Response - Headers: {'date': 'Thu, 19 Feb 2026 12:14:12 GMT', 'server': 'Apache/2.4.58 (Ubuntu)', 'content-type': 'application/json', 'x-compute-request-id': 'req-796d09e0-da67-4b6d-9f12-89f561a47232', 'content-length': '760', 'openstack-api-version': 'volume 3.0', 'vary': 'OpenStack-API-Version', 'x-openstack-request-id': 'req-796d09e0-da67-4b6d-9f12-89f561a47232', 'connection': 'close', 'status': '202', 'content-location': 'http://10.132.44.205/volume/v3/volumes'}
        Body: b'{"volume": {"id": "a00522ea-0422-44a1-a7c0-42f078019d39", "status": "creating", "size": 1, "availability_zone": "nova", "created_at": "2026-02-19T12:14:12.887642", "updated_at": null, "name": "tempest-VolumeQuotasAdminTestJSON-Volume-1035950611", "description": null, "volume_type": "nvmetcp1", "snapshot_id": null, "source_volid": null, "metadata": {}, "links": [{"rel": "self", "href": "http://10.132.44.205/volume/v3/volumes/a00522ea-0422-44a1-a7c0-42f078019d39"}, {"rel": "bookmark", "href": "http://10.132.44.205/volume/volumes/a00522ea-0422-44a1-a7c0-42f078019d39"}], "user_id": "d004663be06e4b599a391b8078dc9fff", "bootable": "false", "encrypted": false, "replication_status": null, "consistencygroup_id": null, "multiattach": false, "attachments": []}}'
2026-02-19 12:14:13,088 123155 INFO     [tempest.lib.common.rest_client] Request (VolumeQuotasAdminTestJSON:test_quota_usage_after_volume_transfer): 200 GET http://10.132.44.205/volume/v3/volumes/a00522ea-0422-44a1-a7c0-42f078019d39 0.058s
2026-02-19 12:14:13,088 123155 DEBUG    [tempest.lib.common.rest_client] Request - Headers: {'Content-Type': 'application/json', 'Accept': 'application/json', 'X-Auth-Token': '<omitted>'}
        Body: None
    Response - Headers: {'date': 'Thu, 19 Feb 2026 12:14:13 GMT', 'server': 'Apache/2.4.58 (Ubuntu)', 'content-type': 'application/json', 'x-compute-request-id': 'req-004f8de0-1b12-4655-9858-788188e44b39', 'content-length': '828', 'openstack-api-version': 'volume 3.0', 'vary': 'OpenStack-API-Version', 'x-openstack-request-id': 'req-004f8de0-1b12-4655-9858-788188e44b39', 'connection': 'close', 'status': '200', 'content-location': 'http://10.132.44.205/volume/v3/volumes/a00522ea-0422-44a1-a7c0-42f078019d39'}
        Body: b'{"volume": {"id": "a00522ea-0422-44a1-a7c0-42f078019d39", "status": "creating", "size": 1, "availability_zone": "nova", "created_at": "2026-02-19T12:14:13.000000", "updated_at": null, "name": "tempest-VolumeQuotasAdminTestJSON-Volume-1035950611", "description": null, "volume_type": "nvmetcp1", "snapshot_id": null, "source_volid": null, "metadata": {}, "links": [{"rel": "self", "href": "http://10.132.44.205/volume/v3/volumes/a00522ea-0422-44a1-a7c0-42f078019d39"}, {"rel": "bookmark", "href": "http://10.132.44.205/volume/volumes/a00522ea-0422-44a1-a7c0-42f078019d39"}], "user_id": "d004663be06e4b599a391b8078dc9fff", "bootable": "false", "encrypted": false, "replication_status": null, "consistencygroup_id": null, "multiattach": false, "attachments": [], "os-vol-tenant-attr:tenant_id": "fdca944c0a6344d1b130ccfafbf085d7"}}'
2026-02-19 12:14:14,165 123155 INFO     [tempest.lib.common.rest_client] Request (VolumeQuotasAdminTestJSON:test_quota_usage_after_volume_transfer): 200 GET http://10.132.44.205/volume/v3/volumes/a00522ea-0422-44a1-a7c0-42f078019d39 0.062s
2026-02-19 12:14:14,166 123155 DEBUG    [tempest.lib.common.rest_client] Request - Headers: {'Content-Type': 'application/json', 'Accept': 'application/json', 'X-Auth-Token': '<omitted>'}
        Body: None
    Response - Headers: {'date': 'Thu, 19 Feb 2026 12:14:14 GMT', 'server': 'Apache/2.4.58 (Ubuntu
    )', 'content-type': 'application/json', 'x-compute-request-id': 'req-bb9c7566-965e-4cc9-b3b1-991934191775', 'content-length': '849', 'openstack-api-version': 'volume 3.0', 'vary': 'OpenStack-API-Version', 'x-openstack-request-id': 'req-bb9c7566-965e-4cc9-b3b1-991934191775', 'connection': 'close', 'status': '200', 'content-location': 'http://10.132.44.205/volume/v3/volumes/a00522ea-0422-44a1-a7c0-42f078019d39'}
        Body: b'{"volume": {"id": "a00522ea-0422-44a1-a7c0-42f078019d39", "status": "error", "size": 1, "availability_zone": "nova", "created_at": "2026-02-19T12:14:13.000000", "updated_at": "2026-02-19T12:14:13.000000", "name": "tempest-VolumeQuotasAdminTestJSON-Volume-1035950611", "description": null, "volume_type": "nvmetcp1", "snapshot_id": null, "source_volid": null, "metadata": {}, "links": [{"rel": "self", "href": "http://10.132.44.205/volume/v3/volumes/a00522ea-0422-44a1-a7c0-42f078019d39"}, {"rel": "bookmark", "href": "http://10.132.44.205/volume/volumes/a00522ea-0422-44a1-a7c0-42f078019d39"}], "user_id": "d004663be06e4b599a391b8078dc9fff", "bootable": "false", "encrypted": false, "replication_status": null, "consistencygroup_id": null, "multiattach": false, "attachments": [], "os-vol-tenant-attr:tenant_id": "fdca944c0a6344d1b130ccfafbf085d7"}}'
2026-02-19 12:14:14,259 123155 INFO     [tempest.lib.common.rest_client] Request (VolumeQuotasAdminTestJSON:_run_cleanups): 200 GET http://10.132.44.205/volume/v3/volumes/a00522ea-0422-44a1-a7c0-42f078019d39 0.067s
2026-02-19 12:14:14,260 123155 DEBUG    [tempest.lib.common.rest_client] Request - Headers: {'Content-Type': 'application/json', 'Accept': 'application/json', 'X-Auth-Token': '<omitted>'}
        Body: None
    Response - Headers: {'date': 'Thu, 19 Feb 2026 12:14:14 GMT', 'server': 'Apache/2.4.58 (Ubuntu)', 'content-type': 'application/json', 'x-compute-request-id': 'req-b663284a-b859-44d5-8923-030f5b580488', 'content-length': '849', 'openstack-api-version': 'volume 3.0', 'vary': 'OpenStack-API-Version', 'x-openstack-request-id': 'req-b663284a-b859-44d5-8923-030f5b580488', 'connection': 'close', 'status': '200', 'content-location': 'http://10.132.44.205/volume/v3/volumes/a00522ea-0422-44a1-a7c0-42f078019d39'}
        Body: b'{"volume": {"id": "a00522ea-0422-44a1-a7c0-42f078019d39", "status": "error", "size": 1, "availability_zone": "nova", "created_at": "2026-02-19T12:14:13.000000", "updated_at": "2026-02-19T12:14:13.000000", "name": "tempest-VolumeQuotasAdminTestJSON-Volume-1035950611", "description": null, "volume_type": "nvmetcp1", "snapshot_id": null, "source_volid": null, "metadata": {}, "links": [{"rel": "self", "href": "http://10.132.44.205/volume/v3/volumes/a00522ea-0422-44a1-a7c0-42f078019d39"}, {"rel": "bookmark", "href": "http://10.132.44.205/volume/volumes/a00522ea-0422-44a1-a7c0-42f078019d39"}], "user_id": "d004663be06e4b599a391b8078dc9fff", "bootable": "false", "encrypted": false, "replication_status": null, "consistencygroup_id": null, "multiattach": false, "attachments": [], "os-vol-tenant-attr:tenant_id": "fdca944c0a6344d1b130ccfafbf085d7"}}'
2026-02-19 12:14:14,469 123155 INFO     [tempest.lib.common.rest_client] Request (VolumeQuotasAdminTestJSON:_run_cleanups): 202 DELETE http://10.132.44.205/volume/v3/volumes/a00522ea-0422-44a1-a7c0-42f078019d39 0.171s
2026-02-19 12:14:14,470 123155 DEBUG    [tempest.lib.common.rest_client] Request - Headers: {'Content-Type': 'application/json', 'Accept': 'application/json', 'X-Auth-Token': '<omitted>'}
        Body: None
    Response - Headers: {'date': 'Thu, 19 Feb 2026 12:14:14 GMT', 'server': 'Apache/2.4.58 (Ubuntu)', 'content-length': '0', 'content-type': 'text/html; charset=UTF-8', 'openstack-api-version': 'volume 3.0', 'vary': 'OpenStack-API-Version', 'x-openstack-request-id': 'req-4f046416-d9f2-4569-b9c6-61ef31d68492', 'connection': 'close', 'status': '202', 'content-location': 'http://10.132.44.205/volume/v3/volumes/a00522ea-0422-44a1-a7c0-42f078019d39'}
        Body: b''
2026-02-19 12:14:14,502 123155 INFO     [tempest.lib.common.rest_client] Request (VolumeQuotasAdminTestJSON:_run_cleanups
    ): 404 GET http://10.132.44.205/volume/v3/volumes/a00522ea-0422-44a1-a7c0-42f078019d39 0.031s
2026-02-19 12:14:14,503 123155 DEBUG    [tempest.lib.common.rest_client] Request - Headers: {'Content-Type': 'application/json', 'Accept': 'application/json', 'X-Auth-Token': '<omitted>'}
        Body: None
    Response - Headers: {'date': 'Thu, 19 Feb 2026 12:14:14 GMT', 'server': 'Apache/2.4.58 (Ubuntu)', 'openstack-api-version': 'volume 3.0', 'vary': 'OpenStack-API-Version', 'content-length': '109', 'content-type': 'application/json', 'x-compute-request-id': 'req-99cf4d74-634e-417e-a844-fae10683e0c6', 'x-openstack-request-id': 'req-99cf4d74-634e-417e-a844-fae10683e0c6', 'connection': 'close', 'status': '404', 'content-location': 'http://10.132.44.205/volume/v3/volumes/a00522ea-0422-44a1-a7c0-42f078019d39'}
        Body: b'{"itemNotFound": {"code": 404, "message": "Volume a00522ea-0422-44a1-a7c0-42f078019d39 could not be found."}}'

{0} tempest.api.volume.admin.test_volume_quotas.VolumeQuotasAdminTestJSON.test_show_quota_usage [0.076876s] ... ok
{0} tempest.api.volume.admin.test_volume_quotas.VolumeQuotasAdminTestJSON.test_update_all_quota_resources_for_tenant [0.395806s] ... ok
{0} setUpClass (tempest.api.volume.admin.test_volume_quotas_negative.VolumeQuotasNegativeTestJSON) [0.000000s] ... FAILED

Captured traceback:
~~~~~~~~~~~~~~~~~~~
    Traceback (most recent call last):

      File "/opt/stack/tempest/tempest/test.py", line 185, in setUpClass
    raise value.with_traceback(trace)

      File "/opt/stack/tempest/tempest/test.py", line 178, in setUpClass
    cls.resource_setup()

      File "/opt/stack/tempest/tempest/api/volume/admin/test_volume_quotas_negative.py", line 51, in resource_setup
    cls.volume = cls.create_volume()
                 ^^^^^^^^^^^^^^^^^^^

      File "/opt/stack/tempest/tempest/api/volume/base.py", line 144, in create_volume
    waiters.wait_for_volume_resource_status(self.volumes_client,

      File "/opt/stack/tempest/tempest/common/waiters.py", line 379, in wait_for_volume_resource_status
    raise exceptions.VolumeResourceBuildErrorException(

    tempest.exceptions.VolumeResourceBuildErrorException: volume 6c50fbdd-1112-4137-8c29-03f12efe9f66 failed to build and is in ERROR status

{0} tempest.api.volume.admin.test_volume_retype.VolumeRetypeMultiattachTest.test_volume_retype_multiattach [1.840057s] ... FAILED

Captured traceback:
~~~~~~~~~~~~~~~~~~~
    Traceback (most recent call last):

      File "/opt/stack/tempest/tempest/api/volume/admin/test_volume_retype.py", line 247, in test_volume_retype_multiattach
    vol = self.create_volume(volume_type=self.src_vol_type['name'])
          ^^^^^^^^^^^^^^^^^^^^^^^^^^^^^^^^^^^^^^^^^^^^^^^^^^^^^^^^^

      File "/opt/stack/tempest/tempest/api/volume/base.py", line 144, in create_volume
    waiters.wait_for_volume_resource_status(self.volumes_client,

      File "/opt/stack/tempest/tempest/common/waiters.py", line 379, in wait_for_volume_resource_status
    raise exceptions.VolumeResourceBuildErrorException(

    tempest.exceptions.VolumeResourceBuildErrorException: volume ecc18093-8c8b-421d-9c4e-41efccbd2b64 failed to build and is in ERROR status


Captured pythonlogging:
~~~~~~~~~~~~~~~~~~~~~~~
    2026-02-19 12:14:28,172 123155 INFO     [tempest.lib.common.rest_client] Request (VolumeRetypeMultiattachTest:test_volume_retype_multiattach): 202 POST http://10.132.44.205/volume/v3/volumes 0.399s
2026-02-19 12:14:28,172 123155 DEBUG    [tempest.lib.common.rest_client] Request - Headers: {'Content-Type': 'application/json', 'Accept': 'application/json', 'Openstack-Api-Version': 'volume 3.50', 'X-Auth-Token': '<omitted>'}
        Body: {"volume": {"volume_type": "tempest-VolumeRetypeMultiattachTest-volume-type-1006656747", "size": 1, "name": "tempest-VolumeRetypeMultiattachTest-Volume-737866307"}}
    Response - Headers: {'date': 'Thu, 19 Feb 2026 12:14:27 GMT', 'server': 'Apache/2.4.58 (Ubuntu)', 'content-type': 'application/json', 'x-compute-request-id': 'req-89385c79-477b-4812-b195-788556300af0', 'content-length': '875', 'openstack-api-version': 'volume 3.50', 'vary': 'OpenStack-API-Version', 'x-openstack-request-id': 'req-89385c79-477b-4812-b195-788556300af0', 'connection': 'close', 'status': '202', 'content-location': 'http://10.132.44.205/volume/v3/volumes'}
        Body: b'{"volume": {"id": "ecc18093-8c8b-421d-9c4e-41efccbd2b64", "status": "creating", "size": 1, "availability_zone": "nova", "created_at": "2026-02-19T12:14:28.082576", "updated_at": null, "name": "tempest-VolumeRetypeMultiattachTest-Volume-737866307", "description": null, "volume_type": "tempest-VolumeRetypeMultiattachTest-volume-type-1006656747", "snapshot_id": null, "source_volid": null, "metadata": {}, "links": [{"rel": "self", "href": "http://10.132.44.205/volume/v3/volumes/ecc18093-8c8b-421d-9c4e-41efccbd2b64"}, {"rel": "bookmark", "href": "http://10.132.44.205/volume/volumes/ecc18093-8c8b-421d-9c4e-41efccbd2b64"}], "user_id": "3d7ec7be93f14176b838563c980fde1e", "bootable": "false", "encrypted": false, "replication_status": null, "consistencygroup_id": null, "multiattach": false, "attachments": [], "group_id": null, "shared_targets": true, "service_uuid": null}}'
2026-02-19 12:14:28,222 123155 INFO     [tempest.lib.common.rest_client] Request (VolumeRetypeMultiattachTest:test_volume_retype_multiattach): 200 GET http://10.132.44.205/volume/v3/volumes/ecc18093-8c8b-421d-9c4e-41efccbd2b64 0.035s
2026-02-19 12:14:28,223 123155 DEBUG    [tempest.lib.common.rest_client] Request - Headers: {'Content-Type': 'application/json', 'Accept': 'application/json', 'Openstack-Api-Version': 'volume 3.50', 'X-Auth-Token': '<omitted>'}
        Body: None
    Response - Headers: {'date': 'Thu, 19 Feb 2026 12:14:28 GMT', 'server': 'Apache/2.4.58 (Ubuntu)', 'content-type': 'application/json', 'x-compute-request-id': 'req-de6853d8-dbb8-4fda-9e30-14452da5e82a', 'content-length': '943', 'openstack-api-version': 'volume 3.50', 'vary': 'OpenStack-API-Version', 'x-openstack-request-id': 'req-de6853d8-dbb8-4fda-9e30-14452da5e82a', 'connection': 'close', 'status': '200', 'content-location': 'http://10.132.44.205/volume/v3/volumes/ecc18093-8c8b-421d-9c4e-41efccbd2b64'}
        Body: b'{"volume": {"id": "ecc18093-8c8b-421d-9c4e-41efccbd2b64", "status": "creating", "size": 1, "availability_zone": "nova", "created_at": "2026-02-19T12:14:28.000000", "updated_at": null, "name": "tempest-VolumeRetypeMultiattachTest-Volume-737866307", "description": null, "volume_type": "tempest-VolumeRetypeMultiattachTest-volume-type-1006656747", "snapshot_id": null, "source_volid": null, "metadata": {}, "links": [{"rel": "self", "href": "http://10.132.44.205/volume/v3/volumes/ecc18093-8c8b-421d-9c4e-41efccbd2b64"}, {"rel": "bookmark", "href": "http://10.132.44.205/volume/volumes/ecc18093-8c8b-421d-9c4e-41efccbd2b64"}], "user_id": "3d7ec7be93f14176b838563c980fde1e", "bootable": "false", "encrypted": false, "replication_status": null, "consistencygroup_id": null, "multiattach": false, "attachments": [], "group_id": null, "shared_targets": true, "service_uuid": null, "os-vol-tenant-attr:tenant_id": "8783d70e923241d19755af2699a55393"}}'
2026-02-19 12:14:29,294 123155 INFO     [tempest.lib.common.rest_client] Request (VolumeRetypeMultiattachTest:test_volume_retype_multiattach): 200 GET http://10.132.44
    .205/volume/v3/volumes/ecc18093-8c8b-421d-9c4e-41efccbd2b64 0.063s
2026-02-19 12:14:29,294 123155 DEBUG    [tempest.lib.common.rest_client] Request - Headers: {'Content-Type': 'application/json', 'Accept': 'application/json', 'Openstack-Api-Version': 'volume 3.50', 'X-Auth-Token': '<omitted>'}
        Body: None
    Response - Headers: {'date': 'Thu, 19 Feb 2026 12:14:29 GMT', 'server': 'Apache/2.4.58 (Ubuntu)', 'content-type': 'application/json', 'x-compute-request-id': 'req-4d5044a5-ff3d-4f87-aba0-2269851eb1a0', 'content-length': '964', 'openstack-api-version': 'volume 3.50', 'vary': 'OpenStack-API-Version', 'x-openstack-request-id': 'req-4d5044a5-ff3d-4f87-aba0-2269851eb1a0', 'connection': 'close', 'status': '200', 'content-location': 'http://10.132.44.205/volume/v3/volumes/ecc18093-8c8b-421d-9c4e-41efccbd2b64'}
        Body: b'{"volume": {"id": "ecc18093-8c8b-421d-9c4e-41efccbd2b64", "status": "error", "size": 1, "availability_zone": "nova", "created_at": "2026-02-19T12:14:28.000000", "updated_at": "2026-02-19T12:14:28.000000", "name": "tempest-VolumeRetypeMultiattachTest-Volume-737866307", "description": null, "volume_type": "tempest-VolumeRetypeMultiattachTest-volume-type-1006656747", "snapshot_id": null, "source_volid": null, "metadata": {}, "links": [{"rel": "self", "href": "http://10.132.44.205/volume/v3/volumes/ecc18093-8c8b-421d-9c4e-41efccbd2b64"}, {"rel": "bookmark", "href": "http://10.132.44.205/volume/volumes/ecc18093-8c8b-421d-9c4e-41efccbd2b64"}], "user_id": "3d7ec7be93f14176b838563c980fde1e", "bootable": "false", "encrypted": false, "replication_status": null, "consistencygroup_id": null, "multiattach": false, "attachments": [], "group_id": null, "shared_targets": true, "service_uuid": null, "os-vol-tenant-attr:tenant_id": "8783d70e923241d19755af2699a55393"}}'
2026-02-19 12:14:29,377 123155 INFO     [tempest.lib.common.rest_client] Request (VolumeRetypeMultiattachTest:_run_cleanups): 200 GET http://10.132.44.205/volume/v3/volumes/ecc18093-8c8b-421d-9c4e-41efccbd2b64 0.064s
2026-02-19 12:14:29,377 123155 DEBUG    [tempest.lib.common.rest_client] Request - Headers: {'Content-Type': 'application/json', 'Accept': 'application/json', 'Openstack-Api-Version': 'volume 3.50', 'X-Auth-Token': '<omitted>'}
        Body: None
    Response - Headers: {'date': 'Thu, 19 Feb 2026 12:14:29 GMT', 'server': 'Apache/2.4.58 (Ubuntu)', 'content-type': 'application/json', 'x-compute-request-id': 'req-c4ac9621-f3db-45dc-955d-ec55ba53f206', 'content-length': '964', 'openstack-api-version': 'volume 3.50', 'vary': 'OpenStack-API-Version', 'x-openstack-request-id': 'req-c4ac9621-f3db-45dc-955d-ec55ba53f206', 'connection': 'close', 'status': '200', 'content-location': 'http://10.132.44.205/volume/v3/volumes/ecc18093-8c8b-421d-9c4e-41efccbd2b64'}
        Body: b'{"volume": {"id": "ecc18093-8c8b-421d-9c4e-41efccbd2b64", "status": "error", "size": 1, "availability_zone": "nova", "created_at": "2026-02-19T12:14:28.000000", "updated_at": "2026-02-19T12:14:28.000000", "name": "tempest-VolumeRetypeMultiattachTest-Volume-737866307", "description": null, "volume_type": "tempest-VolumeRetypeMultiattachTest-volume-type-1006656747", "snapshot_id": null, "source_volid": null, "metadata": {}, "links": [{"rel": "self", "href": "http://10.132.44.205/volume/v3/volumes/ecc18093-8c8b-421d-9c4e-41efccbd2b64"}, {"rel": "bookmark", "href": "http://10.132.44.205/volume/volumes/ecc18093-8c8b-421d-9c4e-41efccbd2b64"}], "user_id": "3d7ec7be93f14176b838563c980fde1e", "bootable": "false", "encrypted": false, "replication_status": null, "consistencygroup_id": null, "multiattach": false, "attachments": [], "group_id": null, "shared_targets": true, "service_uuid": null, "os-vol-tenant-attr:tenant_id": "8783d70e923241d19755af2699a55393"}}'
2026-02-19 12:14:29,577 123155 INFO     [tempest.lib.common.rest_client] Request (VolumeRetypeMultiattachTest:_run_cleanups): 202 DELETE http://10.132.44.205/volume/v3/volumes/ecc18093-8c8b-421d-9c4e-41efccbd2b64 0.181s
2026-02-19 12:14:29,578 123155 DEBUG    [tempest.lib.common.rest_client] Request - Headers: {'Content-Type':
     'application/json', 'Accept': 'application/json', 'Openstack-Api-Version': 'volume 3.50', 'X-Auth-Token': '<omitted>'}
        Body: None
    Response - Headers: {'date': 'Thu, 19 Feb 2026 12:14:29 GMT', 'server': 'Apache/2.4.58 (Ubuntu)', 'content-length': '0', 'content-type': 'text/html; charset=UTF-8', 'openstack-api-version': 'volume 3.50', 'vary': 'OpenStack-API-Version', 'x-openstack-request-id': 'req-4fe78292-feba-45da-b360-a881658bf1b5', 'connection': 'close', 'status': '202', 'content-location': 'http://10.132.44.205/volume/v3/volumes/ecc18093-8c8b-421d-9c4e-41efccbd2b64'}
        Body: b''
2026-02-19 12:14:29,610 123155 INFO     [tempest.lib.common.rest_client] Request (VolumeRetypeMultiattachTest:_run_cleanups): 404 GET http://10.132.44.205/volume/v3/volumes/ecc18093-8c8b-421d-9c4e-41efccbd2b64 0.032s
2026-02-19 12:14:29,611 123155 DEBUG    [tempest.lib.common.rest_client] Request - Headers: {'Content-Type': 'application/json', 'Accept': 'application/json', 'Openstack-Api-Version': 'volume 3.50', 'X-Auth-Token': '<omitted>'}
        Body: None
    Response - Headers: {'date': 'Thu, 19 Feb 2026 12:14:29 GMT', 'server': 'Apache/2.4.58 (Ubuntu)', 'openstack-api-version': 'volume 3.50', 'vary': 'OpenStack-API-Version', 'content-length': '109', 'content-type': 'application/json', 'x-compute-request-id': 'req-8f83195a-aca1-4832-b28d-e05a6b5755e4', 'x-openstack-request-id': 'req-8f83195a-aca1-4832-b28d-e05a6b5755e4', 'connection': 'close', 'status': '404', 'content-location': 'http://10.132.44.205/volume/v3/volumes/ecc18093-8c8b-421d-9c4e-41efccbd2b64'}
        Body: b'{"itemNotFound": {"code": 404, "message": "Volume ecc18093-8c8b-421d-9c4e-41efccbd2b64 could not be found."}}'

{0} tempest.api.volume.admin.test_volume_retype.VolumeRetypeWithoutMigrationTest.test_available_volume_retype [1.918297s] ... FAILED

Captured traceback:
~~~~~~~~~~~~~~~~~~~
    Traceback (most recent call last):

      File "/opt/stack/tempest/tempest/api/volume/admin/test_volume_retype.py", line 203, in test_available_volume_retype
    src_vol = self.create_volume(volume_type=self.src_vol_type['name'])
              ^^^^^^^^^^^^^^^^^^^^^^^^^^^^^^^^^^^^^^^^^^^^^^^^^^^^^^^^^

      File "/opt/stack/tempest/tempest/api/volume/base.py", line 144, in create_volume
    waiters.wait_for_volume_resource_status(self.volumes_client,

      File "/opt/stack/tempest/tempest/common/waiters.py", line 379, in wait_for_volume_resource_status
    raise exceptions.VolumeResourceBuildErrorException(

    tempest.exceptions.VolumeResourceBuildErrorException: volume 5608e1bb-70d9-4e59-881d-1dcf00989844 failed to build and is in ERROR status


Captured pythonlogging:
~~~~~~~~~~~~~~~~~~~~~~~
    2026-02-19 12:14:35,266 123155 INFO     [tempest.lib.common.rest_client] Request (VolumeRetypeWithoutMigrationTest:test_available_volume_retype): 202 POST http://10.132.44.205/volume/v3/volumes 0.474s
2026-02-19 12:14:35,266 123155 DEBUG    [tempest.lib.common.rest_client] Request - Headers: {'Content-Type': 'application/json', 'Accept': 'application/json', 'X-Auth-Token': '<omitted>'}
        Body: {"volume": {"volume_type": "volume-type-1", "size": 1, "name": "tempest-VolumeRetypeWithoutMigrationTest-Volume-1969381172"}}
    Response - Headers: {'date': 'Thu, 19 Feb 2026 12:14:34 GMT', 'server': 'Apache/2.4.58 (Ubuntu)', 'content-type': 'application/json', 'x-compute-request-id': 'req-06c973c9-9327-4480-a699-1d14df9c2073', 'content-length': '772', 'openstack-api-version': 'volume 3.0', 'vary': 'OpenStack-API-Version', 'x-openstack-request-id': 'req-06c973c9-9327-4480-a699-1d14df9c2073', 'connection': 'close', 'status': '202', 'content-location': 'http://10.132.44.205/volume/v3/volumes'}
        Body: b'{"volume": {"id": "5608e1bb-70d9-4e59-881d-1dcf00989844", "status": "creating", "size": 1, "availability_zone": "nova", "created_at": "2026-02-19T12:14:35.168417", "updated_at": null, "name": "tempest-VolumeRetypeWithoutMigrationTest-Volume-1969381172", "description": null, "volume_type": "volume-type-1", "snapshot_id": null, "source_volid": null, "metadata": {}, "links": [{"rel": "self", "href": "http://10.132.44.205/volume/v3/volumes/5608e1bb-70d9-4e59-881d-1dcf00989844"}, {"rel": "bookmark", "href": "http://10.132.44.205/volume/volumes/5608e1bb-70d9-4e59-881d-1dcf00989844"}], "user_id": "e895407eefa24c68a685b6b3b023ac34", "bootable": "false", "encrypted": false, "replication_status": null, "consistencygroup_id": null, "multiattach": false, "attachments": []}}'
2026-02-19 12:14:35,333 123155 INFO     [tempest.lib.common.rest_client] Request (VolumeRetypeWithoutMigrationTest:test_available_volume_retype): 200 GET http://10.132.44.205/volume/v3/volumes/5608e1bb-70d9-4e59-881d-1dcf00989844 0.050s
2026-02-19 12:14:35,334 123155 DEBUG    [tempest.lib.common.rest_client] Request - Headers: {'Content-Type': 'application/json', 'Accept': 'application/json', 'X-Auth-Token': '<omitted>'}
        Body: None
    Response - Headers: {'date': 'Thu, 19 Feb 2026 12:14:35 GMT', 'server': 'Apache/2.4.58 (Ubuntu)', 'content-type': 'application/json', 'x-compute-request-id': 'req-fe909a61-9ff9-498f-915e-cade164215e5', 'content-length': '840', 'openstack-api-version': 'volume 3.0', 'vary': 'OpenStack-API-Version', 'x-openstack-request-id': 'req-fe909a61-9ff9-498f-915e-cade164215e5', 'connection': 'close', 'status': '200', 'content-location': 'http://10.132.44.205/volume/v3/volumes/5608e1bb-70d9-4e59-881d-1dcf00989844'}
        Body: b'{"volume": {"id": "5608e1bb-70d9-4e59-881d-1dcf00989844", "status": "creating", "size": 1, "availability_zone": "nova", "created_at": "2026-02-19T12:14:35.000000", "updated_at": null, "name": "tempest-VolumeRetypeWithoutMigrationTest-Volume-1969381172", "description": null, "volume_type": "volume-type-1", "snapshot_id": null, "source_volid": null, "metadata": {}, "links": [{"rel": "self", "href": "http://10.132.44.205/volume/v3/volumes/5608e1bb-70d9-4e59-881d-1dcf00989844"}, {"rel": "bookmark", "href": "http://10.132.44.205/volume/volumes/5608e1bb-70d9-4e59-881d-1dcf00989844"}], "user_id": "e895407eefa24c68a685b6b3b023ac34", "bootable": "false", "encrypted": false, "replication_status": null, "consistencygroup_id": null, "multiattach": false, "attachments": [], "os-vol-tenant-attr:tenant_id": "b287b3cc1de14046bbf12db914b644a0"}}'
2026-02-19 12:14:36,408 123155 INFO     [tempest.lib.common.rest_client] Request (VolumeRetypeWithoutMigrationTest:test_available_volume_retype): 200 GET http://10.132.44.205/volume/v3/volumes/5608e1bb-70d9-4e59-881d-1dcf00989844 0.060s
2026-02-19 12:14:36,408 123155 DEBUG    [tempest.lib.common.rest_client] Request - Headers: {'Content-Type': 'application/json', 'Accept': 'application/json', 'X-Auth-Token': '<omitted>'}
        Body: None
    Response - Headers: {'date': 'Thu, 19 Fe
    b 2026 12:14:36 GMT', 'server': 'Apache/2.4.58 (Ubuntu)', 'content-type': 'application/json', 'x-compute-request-id': 'req-63e2fc3d-4ea4-4afe-b0a6-3fb7b47eaead', 'content-length': '861', 'openstack-api-version': 'volume 3.0', 'vary': 'OpenStack-API-Version', 'x-openstack-request-id': 'req-63e2fc3d-4ea4-4afe-b0a6-3fb7b47eaead', 'connection': 'close', 'status': '200', 'content-location': 'http://10.132.44.205/volume/v3/volumes/5608e1bb-70d9-4e59-881d-1dcf00989844'}
        Body: b'{"volume": {"id": "5608e1bb-70d9-4e59-881d-1dcf00989844", "status": "error", "size": 1, "availability_zone": "nova", "created_at": "2026-02-19T12:14:35.000000", "updated_at": "2026-02-19T12:14:35.000000", "name": "tempest-VolumeRetypeWithoutMigrationTest-Volume-1969381172", "description": null, "volume_type": "volume-type-1", "snapshot_id": null, "source_volid": null, "metadata": {}, "links": [{"rel": "self", "href": "http://10.132.44.205/volume/v3/volumes/5608e1bb-70d9-4e59-881d-1dcf00989844"}, {"rel": "bookmark", "href": "http://10.132.44.205/volume/volumes/5608e1bb-70d9-4e59-881d-1dcf00989844"}], "user_id": "e895407eefa24c68a685b6b3b023ac34", "bootable": "false", "encrypted": false, "replication_status": null, "consistencygroup_id": null, "multiattach": false, "attachments": [], "os-vol-tenant-attr:tenant_id": "b287b3cc1de14046bbf12db914b644a0"}}'
2026-02-19 12:14:36,488 123155 INFO     [tempest.lib.common.rest_client] Request (VolumeRetypeWithoutMigrationTest:_run_cleanups): 200 GET http://10.132.44.205/volume/v3/volumes/5608e1bb-70d9-4e59-881d-1dcf00989844 0.061s
2026-02-19 12:14:36,489 123155 DEBUG    [tempest.lib.common.rest_client] Request - Headers: {'Content-Type': 'application/json', 'Accept': 'application/json', 'X-Auth-Token': '<omitted>'}
        Body: None
    Response - Headers: {'date': 'Thu, 19 Feb 2026 12:14:36 GMT', 'server': 'Apache/2.4.58 (Ubuntu)', 'content-type': 'application/json', 'x-compute-request-id': 'req-c8624968-4cfb-4ed3-ba9e-e1984534ade7', 'content-length': '861', 'openstack-api-version': 'volume 3.0', 'vary': 'OpenStack-API-Version', 'x-openstack-request-id': 'req-c8624968-4cfb-4ed3-ba9e-e1984534ade7', 'connection': 'close', 'status': '200', 'content-location': 'http://10.132.44.205/volume/v3/volumes/5608e1bb-70d9-4e59-881d-1dcf00989844'}
        Body: b'{"volume": {"id": "5608e1bb-70d9-4e59-881d-1dcf00989844", "status": "error", "size": 1, "availability_zone": "nova", "created_at": "2026-02-19T12:14:35.000000", "updated_at": "2026-02-19T12:14:35.000000", "name": "tempest-VolumeRetypeWithoutMigrationTest-Volume-1969381172", "description": null, "volume_type": "volume-type-1", "snapshot_id": null, "source_volid": null, "metadata": {}, "links": [{"rel": "self", "href": "http://10.132.44.205/volume/v3/volumes/5608e1bb-70d9-4e59-881d-1dcf00989844"}, {"rel": "bookmark", "href": "http://10.132.44.205/volume/volumes/5608e1bb-70d9-4e59-881d-1dcf00989844"}], "user_id": "e895407eefa24c68a685b6b3b023ac34", "bootable": "false", "encrypted": false, "replication_status": null, "consistencygroup_id": null, "multiattach": false, "attachments": [], "os-vol-tenant-attr:tenant_id": "b287b3cc1de14046bbf12db914b644a0"}}'
2026-02-19 12:14:36,672 123155 INFO     [tempest.lib.common.rest_client] Request (VolumeRetypeWithoutMigrationTest:_run_cleanups): 202 DELETE http://10.132.44.205/volume/v3/volumes/5608e1bb-70d9-4e59-881d-1dcf00989844 0.168s
2026-02-19 12:14:36,673 123155 DEBUG    [tempest.lib.common.rest_client] Request - Headers: {'Content-Type': 'application/json', 'Accept': 'application/json', 'X-Auth-Token': '<omitted>'}
        Body: None
    Response - Headers: {'date': 'Thu, 19 Feb 2026 12:14:36 GMT', 'server': 'Apache/2.4.58 (Ubuntu)', 'content-length': '0', 'content-type': 'text/html; charset=UTF-8', 'openstack-api-version': 'volume 3.0', 'vary': 'OpenStack-API-Version', 'x-openstack-request-id': 'req-756b7bae-2bf0-4a66-9fa3-8af54f12e68f', 'connection': 'close', 'status': '202', 'content-location': 'http://10.132.44.205/volume/v3/volumes/5608e1bb-70d9-4e59-881d-1dcf00989844'}
        Body: b''
2026-02-19 12:14:36,707 12315
    5 INFO     [tempest.lib.common.rest_client] Request (VolumeRetypeWithoutMigrationTest:_run_cleanups): 404 GET http://10.132.44.205/volume/v3/volumes/5608e1bb-70d9-4e59-881d-1dcf00989844 0.033s
2026-02-19 12:14:36,708 123155 DEBUG    [tempest.lib.common.rest_client] Request - Headers: {'Content-Type': 'application/json', 'Accept': 'application/json', 'X-Auth-Token': '<omitted>'}
        Body: None
    Response - Headers: {'date': 'Thu, 19 Feb 2026 12:14:36 GMT', 'server': 'Apache/2.4.58 (Ubuntu)', 'openstack-api-version': 'volume 3.0', 'vary': 'OpenStack-API-Version', 'content-length': '109', 'content-type': 'application/json', 'x-compute-request-id': 'req-a24b4dd7-0bb9-4570-ab55-004030f78071', 'x-openstack-request-id': 'req-a24b4dd7-0bb9-4570-ab55-004030f78071', 'connection': 'close', 'status': '404', 'content-location': 'http://10.132.44.205/volume/v3/volumes/5608e1bb-70d9-4e59-881d-1dcf00989844'}
        Body: b'{"itemNotFound": {"code": 404, "message": "Volume 5608e1bb-70d9-4e59-881d-1dcf00989844 could not be found."}}'

{0} tempest.api.volume.admin.test_volume_services.VolumesServicesTestJSON.test_get_service_by_host_name [0.033996s] ... ok
{0} tempest.api.volume.admin.test_volume_services.VolumesServicesTestJSON.test_get_service_by_service_and_host_name [0.022002s] ... ok
{0} tempest.api.volume.admin.test_volume_services.VolumesServicesTestJSON.test_get_service_by_service_binary_name [0.024820s] ... ok
{0} tempest.api.volume.admin.test_volume_services.VolumesServicesTestJSON.test_get_service_by_volume_host_name [1.965772s] ... FAILED

Captured traceback:
~~~~~~~~~~~~~~~~~~~
    Traceback (most recent call last):

      File "/opt/stack/tempest/tempest/api/volume/admin/test_volume_services.py", line 76, in test_get_service_by_volume_host_name
    volume_id = self.create_volume()['id']
                ^^^^^^^^^^^^^^^^^^^^

      File "/opt/stack/tempest/tempest/api/volume/base.py", line 144, in create_volume
    waiters.wait_for_volume_resource_status(self.volumes_client,

      File "/opt/stack/tempest/tempest/common/waiters.py", line 379, in wait_for_volume_resource_status
    raise exceptions.VolumeResourceBuildErrorException(

    tempest.exceptions.VolumeResourceBuildErrorException: volume 2cc855c2-e023-4467-873a-c9ef92ef1d99 failed to build and is in ERROR status


Captured pythonlogging:
~~~~~~~~~~~~~~~~~~~~~~~
    2026-02-19 12:14:42,372 123155 INFO     [tempest.lib.common.rest_client] Request (VolumesServicesTestJSON:test_get_service_by_volume_host_name): 202 POST http://10.132.44.205/volume/v3/volumes 0.493s
2026-02-19 12:14:42,372 123155 DEBUG    [tempest.lib.common.rest_client] Request - Headers: {'Content-Type': 'application/json', 'Accept': 'application/json', 'X-Auth-Token': '<omitted>'}
        Body: {"volume": {"size": 1, "name": "tempest-VolumesServicesTestJSON-Volume-2021832634"}}
    Response - Headers: {'date': 'Thu, 19 Feb 2026 12:14:41 GMT', 'server': 'Apache/2.4.58 (Ubuntu)', 'content-type': 'application/json', 'x-compute-request-id': 'req-97768a51-0975-46ec-8092-b269a0c799df', 'content-length': '758', 'openstack-api-version': 'volume 3.0', 'vary': 'OpenStack-API-Version', 'x-openstack-request-id': 'req-97768a51-0975-46ec-8092-b269a0c799df', 'connection': 'close', 'status': '202', 'content-location': 'http://10.132.44.205/volume/v3/volumes'}
        Body: b'{"volume": {"id": "2cc855c2-e023-4467-873a-c9ef92ef1d99", "status": "creating", "size": 1, "availability_zone": "nova", "created_at": "2026-02-19T12:14:42.265384", "updated_at": null, "name": "tempest-VolumesServicesTestJSON-Volume-2021832634", "description": null, "volume_type": "nvmetcp1", "snapshot_id": null, "source_volid": null, "metadata": {}, "links": [{"rel": "self", "href": "http://10.132.44.205/volume/v3/volumes/2cc855c2-e023-4467-873a-c9ef92ef1d99"}, {"rel": "bookmark", "href": "http://10.132.44.205/volume/volumes/2cc855c2-e023-4467-873a-c9ef92ef1d99"}], "user_id": "b52bc09704114cdf9640e842793a1af4", "bootable": "false", "encrypted": false, "replication_status": null, "consistencygroup_id": null, "multiattach": false, "attachments": []}}'
2026-02-19 12:14:42,458 123155 INFO     [tempest.lib.common.rest_client] Request (VolumesServicesTestJSON:test_get_service_by_volume_host_name): 200 GET http://10.132.44.205/volume/v3/volumes/2cc855c2-e023-4467-873a-c9ef92ef1d99 0.058s
2026-02-19 12:14:42,459 123155 DEBUG    [tempest.lib.common.rest_client] Request - Headers: {'Content-Type': 'application/json', 'Accept': 'application/json', 'X-Auth-Token': '<omitted>'}
        Body: None
    Response - Headers: {'date': 'Thu, 19 Feb 2026 12:14:42 GMT', 'server': 'Apache/2.4.58 (Ubuntu)', 'content-type': 'application/json', 'x-compute-request-id': 'req-4b730e1d-76bf-45ea-b32b-adf65d3b9db4', 'content-length': '826', 'openstack-api-version': 'volume 3.0', 'vary': 'OpenStack-API-Version', 'x-openstack-request-id': 'req-4b730e1d-76bf-45ea-b32b-adf65d3b9db4', 'connection': 'close', 'status': '200', 'content-location': 'http://10.132.44.205/volume/v3/volumes/2cc855c2-e023-4467-873a-c9ef92ef1d99'}
        Body: b'{"volume": {"id": "2cc855c2-e023-4467-873a-c9ef92ef1d99", "status": "creating", "size": 1, "availability_zone": "nova", "created_at": "2026-02-19T12:14:42.000000", "updated_at": null, "name": "tempest-VolumesServicesTestJSON-Volume-2021832634", "description": null, "volume_type": "nvmetcp1", "snapshot_id": null, "source_volid": null, "metadata": {}, "links": [{"rel": "self", "href": "http://10.132.44.205/volume/v3/volumes/2cc855c2-e023-4467-873a-c9ef92ef1d99"}, {"rel": "bookmark", "href": "http://10.132.44.205/volume/volumes/2cc855c2-e023-4467-873a-c9ef92ef1d99"}], "user_id": "b52bc09704114cdf9640e842793a1af4", "bootable": "false", "encrypted": false, "replication_status": null, "consistencygroup_id": null, "multiattach": false, "attachments": [], "os-vol-tenant-attr:tenant_id": "5a4d4c7761584880aa9a164380755cfd"}}'
2026-02-19 12:14:43,553 123155 INFO     [tempest.lib.common.rest_client] Request (VolumesServicesTestJSON:test_get_service_by_volume_host_name): 200 GET http://10.132.44.205/volume/v3/volumes/2cc855c2-e023-4467-873a-c9ef92ef1d99 0.061s
2026-02-19 12:14:43,554 123155 DEBUG    [tempest.lib.common.rest_client] Request - Headers: {'Content-Type': 'application/json', 'Accept': 'application/json', 'X-Auth-Token': '<omitted>'}
        Body: None
    Response - Headers: {'date': 'Thu, 19 Feb 2026 12:14:43 GMT', 'server': 'Apache/2.4.58 (Ubuntu)', 'content-type'
    : 'application/json', 'x-compute-request-id': 'req-b1a7236b-7946-4d57-a46a-7e1989561261', 'content-length': '847', 'openstack-api-version': 'volume 3.0', 'vary': 'OpenStack-API-Version', 'x-openstack-request-id': 'req-b1a7236b-7946-4d57-a46a-7e1989561261', 'connection': 'close', 'status': '200', 'content-location': 'http://10.132.44.205/volume/v3/volumes/2cc855c2-e023-4467-873a-c9ef92ef1d99'}
        Body: b'{"volume": {"id": "2cc855c2-e023-4467-873a-c9ef92ef1d99", "status": "error", "size": 1, "availability_zone": "nova", "created_at": "2026-02-19T12:14:42.000000", "updated_at": "2026-02-19T12:14:42.000000", "name": "tempest-VolumesServicesTestJSON-Volume-2021832634", "description": null, "volume_type": "nvmetcp1", "snapshot_id": null, "source_volid": null, "metadata": {}, "links": [{"rel": "self", "href": "http://10.132.44.205/volume/v3/volumes/2cc855c2-e023-4467-873a-c9ef92ef1d99"}, {"rel": "bookmark", "href": "http://10.132.44.205/volume/volumes/2cc855c2-e023-4467-873a-c9ef92ef1d99"}], "user_id": "b52bc09704114cdf9640e842793a1af4", "bootable": "false", "encrypted": false, "replication_status": null, "consistencygroup_id": null, "multiattach": false, "attachments": [], "os-vol-tenant-attr:tenant_id": "5a4d4c7761584880aa9a164380755cfd"}}'
2026-02-19 12:14:43,632 123155 INFO     [tempest.lib.common.rest_client] Request (VolumesServicesTestJSON:_run_cleanups): 200 GET http://10.132.44.205/volume/v3/volumes/2cc855c2-e023-4467-873a-c9ef92ef1d99 0.057s
2026-02-19 12:14:43,632 123155 DEBUG    [tempest.lib.common.rest_client] Request - Headers: {'Content-Type': 'application/json', 'Accept': 'application/json', 'X-Auth-Token': '<omitted>'}
        Body: None
    Response - Headers: {'date': 'Thu, 19 Feb 2026 12:14:43 GMT', 'server': 'Apache/2.4.58 (Ubuntu)', 'content-type': 'application/json', 'x-compute-request-id': 'req-e8e738d9-50f0-4c43-92dd-505c1555c269', 'content-length': '847', 'openstack-api-version': 'volume 3.0', 'vary': 'OpenStack-API-Version', 'x-openstack-request-id': 'req-e8e738d9-50f0-4c43-92dd-505c1555c269', 'connection': 'close', 'status': '200', 'content-location': 'http://10.132.44.205/volume/v3/volumes/2cc855c2-e023-4467-873a-c9ef92ef1d99'}
        Body: b'{"volume": {"id": "2cc855c2-e023-4467-873a-c9ef92ef1d99", "status": "error", "size": 1, "availability_zone": "nova", "created_at": "2026-02-19T12:14:42.000000", "updated_at": "2026-02-19T12:14:42.000000", "name": "tempest-VolumesServicesTestJSON-Volume-2021832634", "description": null, "volume_type": "nvmetcp1", "snapshot_id": null, "source_volid": null, "metadata": {}, "links": [{"rel": "self", "href": "http://10.132.44.205/volume/v3/volumes/2cc855c2-e023-4467-873a-c9ef92ef1d99"}, {"rel": "bookmark", "href": "http://10.132.44.205/volume/volumes/2cc855c2-e023-4467-873a-c9ef92ef1d99"}], "user_id": "b52bc09704114cdf9640e842793a1af4", "bootable": "false", "encrypted": false, "replication_status": null, "consistencygroup_id": null, "multiattach": false, "attachments": [], "os-vol-tenant-attr:tenant_id": "5a4d4c7761584880aa9a164380755cfd"}}'
2026-02-19 12:14:43,809 123155 INFO     [tempest.lib.common.rest_client] Request (VolumesServicesTestJSON:_run_cleanups): 202 DELETE http://10.132.44.205/volume/v3/volumes/2cc855c2-e023-4467-873a-c9ef92ef1d99 0.159s
2026-02-19 12:14:43,810 123155 DEBUG    [tempest.lib.common.rest_client] Request - Headers: {'Content-Type': 'application/json', 'Accept': 'application/json', 'X-Auth-Token': '<omitted>'}
        Body: None
    Response - Headers: {'date': 'Thu, 19 Feb 2026 12:14:43 GMT', 'server': 'Apache/2.4.58 (Ubuntu)', 'content-length': '0', 'content-type': 'text/html; charset=UTF-8', 'openstack-api-version': 'volume 3.0', 'vary': 'OpenStack-API-Version', 'x-openstack-request-id': 'req-1dd754f7-5d3a-4a26-9337-4ef8e00675a0', 'connection': 'close', 'status': '202', 'content-location': 'http://10.132.44.205/volume/v3/volumes/2cc855c2-e023-4467-873a-c9ef92ef1d99'}
        Body: b''
2026-02-19 12:14:43,842 123155 INFO     [tempest.lib.common.rest_client] Request (VolumesServicesTestJSON:_run_cleanups): 404 GET http://10.132.44.
    205/volume/v3/volumes/2cc855c2-e023-4467-873a-c9ef92ef1d99 0.031s
2026-02-19 12:14:43,843 123155 DEBUG    [tempest.lib.common.rest_client] Request - Headers: {'Content-Type': 'application/json', 'Accept': 'application/json', 'X-Auth-Token': '<omitted>'}
        Body: None
    Response - Headers: {'date': 'Thu, 19 Feb 2026 12:14:43 GMT', 'server': 'Apache/2.4.58 (Ubuntu)', 'openstack-api-version': 'volume 3.0', 'vary': 'OpenStack-API-Version', 'content-length': '109', 'content-type': 'application/json', 'x-compute-request-id': 'req-db3359ff-fc48-4a53-bce1-916d169a1d1f', 'x-openstack-request-id': 'req-db3359ff-fc48-4a53-bce1-916d169a1d1f', 'connection': 'close', 'status': '404', 'content-location': 'http://10.132.44.205/volume/v3/volumes/2cc855c2-e023-4467-873a-c9ef92ef1d99'}
        Body: b'{"itemNotFound": {"code": 404, "message": "Volume 2cc855c2-e023-4467-873a-c9ef92ef1d99 could not be found."}}'

{0} tempest.api.volume.admin.test_volume_services.VolumesServicesTestJSON.test_list_services [0.037486s] ... ok
{0} tempest.api.volume.admin.test_volume_services_negative.VolumeServicesNegativeTest.test_disable_log_reason_with_no_reason [0.021018s] ... ok
{0} tempest.api.volume.admin.test_volume_services_negative.VolumeServicesNegativeTest.test_disable_service_with_invalid_binary [0.034498s] ... ok
{0} tempest.api.volume.admin.test_volume_services_negative.VolumeServicesNegativeTest.test_enable_service_with_invalid_host [0.034824s] ... ok
{0} tempest.api.volume.admin.test_volume_services_negative.VolumeServicesNegativeTest.test_freeze_host_with_invalid_host [0.033573s] ... ok
{0} tempest.api.volume.admin.test_volume_services_negative.VolumeServicesNegativeTest.test_thaw_host_with_invalid_host [0.034461s] ... ok
{0} setUpClass (tempest.api.volume.admin.test_volume_snapshot_quotas_negative.VolumeSnapshotQuotasNegativeTestJSON) [0.000000s] ... FAILED

Captured traceback:
~~~~~~~~~~~~~~~~~~~
    Traceback (most recent call last):

      File "/opt/stack/tempest/tempest/test.py", line 185, in setUpClass
    raise value.with_traceback(trace)

      File "/opt/stack/tempest/tempest/test.py", line 178, in setUpClass
    cls.resource_setup()

      File "/opt/stack/tempest/tempest/api/volume/admin/test_volume_snapshot_quotas_negative.py", line 65, in resource_setup
    cls.volume = cls.create_volume()
                 ^^^^^^^^^^^^^^^^^^^

      File "/opt/stack/tempest/tempest/api/volume/base.py", line 144, in create_volume
    waiters.wait_for_volume_resource_status(self.volumes_client,

      File "/opt/stack/tempest/tempest/common/waiters.py", line 379, in wait_for_volume_resource_status
    raise exceptions.VolumeResourceBuildErrorException(

    tempest.exceptions.VolumeResourceBuildErrorException: volume fd655e0b-22c8-4884-9efa-2130beed0b39 failed to build and is in ERROR status

{0} tempest.api.volume.admin.test_volume_type_access.VolumeTypesAccessTest.test_volume_type_access_add [2.406869s] ... FAILED

Captured traceback:
~~~~~~~~~~~~~~~~~~~
    Traceback (most recent call last):

      File "/opt/stack/tempest/tempest/api/volume/admin/test_volume_type_access.py", line 51, in test_volume_type_access_add
    volume = self.create_volume(volume_type=volume_type['id'])
             ^^^^^^^^^^^^^^^^^^^^^^^^^^^^^^^^^^^^^^^^^^^^^^^^^

      File "/opt/stack/tempest/tempest/api/volume/base.py", line 144, in create_volume
    waiters.wait_for_volume_resource_status(self.volumes_client,

      File "/opt/stack/tempest/tempest/common/waiters.py", line 379, in wait_for_volume_resource_status
    raise exceptions.VolumeResourceBuildErrorException(

    tempest.exceptions.VolumeResourceBuildErrorException: volume 902daa3f-ab37-4ed5-b653-601effb1e89c failed to build and is in ERROR status


Captured pythonlogging:
~~~~~~~~~~~~~~~~~~~~~~~
    2026-02-19 12:15:01,903 123155 INFO     [tempest.lib.common.rest_client] Request (VolumeTypesAccessTest:test_volume_type_access_add): 200 POST http://10.132.44.205/volume/v3/types 0.198s
2026-02-19 12:15:01,903 123155 DEBUG    [tempest.lib.common.rest_client] Request - Headers: {'Content-Type': 'application/json', 'Accept': 'application/json', 'X-Auth-Token': '<omitted>'}
        Body: {"volume_type": {"name": "tempest-VolumeTypesAccessTest-volume-type-45453125", "os-volume-type-access:is_public": false}}
    Response - Headers: {'date': 'Thu, 19 Feb 2026 12:15:01 GMT', 'server': 'Apache/2.4.58 (Ubuntu)', 'content-type': 'application/json', 'x-compute-request-id': 'req-0fdf171f-a262-464a-ae7f-442d411abd19', 'content-length': '227', 'openstack-api-version': 'volume 3.0', 'vary': 'OpenStack-API-Version', 'x-openstack-request-id': 'req-0fdf171f-a262-464a-ae7f-442d411abd19', 'connection': 'close', 'status': '200', 'content-location': 'http://10.132.44.205/volume/v3/types'}
        Body: b'{"volume_type": {"id": "52744623-3382-4348-8f9b-ea197175b3d6", "name": "tempest-VolumeTypesAccessTest-volume-type-45453125", "is_public": false, "extra_specs": {}, "description": null, "os-volume-type-access:is_public": false}}'
2026-02-19 12:15:02,116 123155 INFO     [tempest.lib.common.rest_client] Request (VolumeTypesAccessTest:test_volume_type_access_add): 404 POST http://10.132.44.205/volume/v3/volumes 0.209s
2026-02-19 12:15:02,116 123155 DEBUG    [tempest.lib.common.rest_client] Request - Headers: {'Content-Type': 'application/json', 'Accept': 'application/json', 'X-Auth-Token': '<omitted>'}
        Body: {"volume": {"volume_type": "52744623-3382-4348-8f9b-ea197175b3d6", "size": 1}}
    Response - Headers: {'date': 'Thu, 19 Feb 2026 12:15:01 GMT', 'server': 'Apache/2.4.58 (Ubuntu)', 'openstack-api-version': 'volume 3.0', 'vary': 'OpenStack-API-Version', 'content-length': '114', 'content-type': 'application/json', 'x-compute-request-id': 'req-e219d923-8fea-45f6-bdae-97bef4d8aa5c', 'x-openstack-request-id': 'req-e219d923-8fea-45f6-bdae-97bef4d8aa5c', 'connection': 'close', 'status': '404', 'content-location': 'http://10.132.44.205/volume/v3/volumes'}
        Body: b'{"itemNotFound": {"code": 404, "message": "Volume type 52744623-3382-4348-8f9b-ea197175b3d6 could not be found."}}'
2026-02-19 12:15:02,117 123155 WARNING  [tempest.lib.common.rest_client] Deprecated: "tenant_id" property is deprecated for removal, use "project_id" instead
2026-02-19 12:15:02,152 123155 INFO     [tempest.lib.common.rest_client] Request (VolumeTypesAccessTest:test_volume_type_access_add): 202 POST http://10.132.44.205/volume/v3/types/52744623-3382-4348-8f9b-ea197175b3d6/action 0.034s
2026-02-19 12:15:02,152 123155 DEBUG    [tempest.lib.common.rest_client] Request - Headers: {'Content-Type': 'application/json', 'Accept': 'application/json', 'X-Auth-Token': '<omitted>'}
        Body: {"addProjectAccess": {"project": "58f5d2ce4a8d457a815abe077ec1896c"}}
    Response - Headers: {'date': 'Thu, 19 Feb 2026 12:15:02 GMT', 'server': 'Apache/2.4.58 (Ubuntu)', 'content-length': '0', 'content-type': 'text/html; charset=UTF-8', 'openstack-api-version': 'volume 3.0', 'vary': 'OpenStack-API-Version', 'x-openstack-request-id': 'req-d6e5a67d-2edf-47cd-bd5d-e2847a71e7ba', 'connection': 'close', 'status': '202', 'content-location': 'http://10.132.44.205/volume/v3/types/52744623-3382-4348-8f9b-ea197175b3d6/action'}
        Body: b''
2026-02-19 12:15:02,485 123155 INFO     [tempest.lib.common.rest_client] Request (VolumeTypesAccessTest:test_volume_type_access_add): 202 POST http://10.132.44.205/volume/v3/volumes 0.332s
2026-02-19 12:15:02,485 123155 DEBUG    [tempest.lib.common.rest_client] Request - Headers: {'Content-Type': 'application/json', 'Accept': 'application/json', 'X-Auth-Token': '<omitted>'}
        Body: {"volume": {"volume_type": "52744623-3382-4348-8f9b-ea197175b3d6", "size": 1, "name": "tempest-VolumeTypesAccessTest-Volume-72280765"}}
    Response - Headers: {'date': 'Thu, 19 Feb 2026 12:15:02 GMT', 'server': 'Apache/2.4.58 (Ubuntu)', 'content-type': 'applicatio
    n/json', 'x-compute-request-id': 'req-865a3cce-9414-4e57-86fc-69b7108a996d', 'content-length': '796', 'openstack-api-version': 'volume 3.0', 'vary': 'OpenStack-API-Version', 'x-openstack-request-id': 'req-865a3cce-9414-4e57-86fc-69b7108a996d', 'connection': 'close', 'status': '202', 'content-location': 'http://10.132.44.205/volume/v3/volumes'}
        Body: b'{"volume": {"id": "902daa3f-ab37-4ed5-b653-601effb1e89c", "status": "creating", "size": 1, "availability_zone": "nova", "created_at": "2026-02-19T12:15:02.377461", "updated_at": null, "name": "tempest-VolumeTypesAccessTest-Volume-72280765", "description": null, "volume_type": "tempest-VolumeTypesAccessTest-volume-type-45453125", "snapshot_id": null, "source_volid": null, "metadata": {}, "links": [{"rel": "self", "href": "http://10.132.44.205/volume/v3/volumes/902daa3f-ab37-4ed5-b653-601effb1e89c"}, {"rel": "bookmark", "href": "http://10.132.44.205/volume/volumes/902daa3f-ab37-4ed5-b653-601effb1e89c"}], "user_id": "b32142230cbc44ef9b7ead073fe1c079", "bootable": "false", "encrypted": false, "replication_status": null, "consistencygroup_id": null, "multiattach": false, "attachments": []}}'
2026-02-19 12:15:02,561 123155 INFO     [tempest.lib.common.rest_client] Request (VolumeTypesAccessTest:test_volume_type_access_add): 200 GET http://10.132.44.205/volume/v3/volumes/902daa3f-ab37-4ed5-b653-601effb1e89c 0.060s
2026-02-19 12:15:02,562 123155 DEBUG    [tempest.lib.common.rest_client] Request - Headers: {'Content-Type': 'application/json', 'Accept': 'application/json', 'X-Auth-Token': '<omitted>'}
        Body: None
    Response - Headers: {'date': 'Thu, 19 Feb 2026 12:15:02 GMT', 'server': 'Apache/2.4.58 (Ubuntu)', 'content-type': 'application/json', 'x-compute-request-id': 'req-39cc0686-79f3-444a-8928-a6cce5046e6b', 'content-length': '864', 'openstack-api-version': 'volume 3.0', 'vary': 'OpenStack-API-Version', 'x-openstack-request-id': 'req-39cc0686-79f3-444a-8928-a6cce5046e6b', 'connection': 'close', 'status': '200', 'content-location': 'http://10.132.44.205/volume/v3/volumes/902daa3f-ab37-4ed5-b653-601effb1e89c'}
        Body: b'{"volume": {"id": "902daa3f-ab37-4ed5-b653-601effb1e89c", "status": "creating", "size": 1, "availability_zone": "nova", "created_at": "2026-02-19T12:15:02.000000", "updated_at": null, "name": "tempest-VolumeTypesAccessTest-Volume-72280765", "description": null, "volume_type": "tempest-VolumeTypesAccessTest-volume-type-45453125", "snapshot_id": null, "source_volid": null, "metadata": {}, "links": [{"rel": "self", "href": "http://10.132.44.205/volume/v3/volumes/902daa3f-ab37-4ed5-b653-601effb1e89c"}, {"rel": "bookmark", "href": "http://10.132.44.205/volume/volumes/902daa3f-ab37-4ed5-b653-601effb1e89c"}], "user_id": "b32142230cbc44ef9b7ead073fe1c079", "bootable": "false", "encrypted": false, "replication_status": null, "consistencygroup_id": null, "multiattach": false, "attachments": [], "os-vol-tenant-attr:tenant_id": "58f5d2ce4a8d457a815abe077ec1896c"}}'
2026-02-19 12:15:03,638 123155 INFO     [tempest.lib.common.rest_client] Request (VolumeTypesAccessTest:test_volume_type_access_add): 200 GET http://10.132.44.205/volume/v3/volumes/902daa3f-ab37-4ed5-b653-601effb1e89c 0.061s
2026-02-19 12:15:03,639 123155 DEBUG    [tempest.lib.common.rest_client] Request - Headers: {'Content-Type': 'application/json', 'Accept': 'application/json', 'X-Auth-Token': '<omitted>'}
        Body: None
    Response - Headers: {'date': 'Thu, 19 Feb 2026 12:15:03 GMT', 'server': 'Apache/2.4.58 (Ubuntu)', 'content-type': 'application/json', 'x-compute-request-id': 'req-38e90bc1-555f-465a-bfb3-2905959f7e19', 'content-length': '885', 'openstack-api-version': 'volume 3.0', 'vary': 'OpenStack-API-Version', 'x-openstack-request-id': 'req-38e90bc1-555f-465a-bfb3-2905959f7e19', 'connection': 'close', 'status': '200', 'content-location': 'http://10.132.44.205/volume/v3/volumes/902daa3f-ab37-4ed5-b653-601effb1e89c'}
        Body: b'{"volume": {"id": "902daa3f-ab37-4ed5-b653-601effb1e89c", "status": "error", "size": 1, "availability_zone": "nova", "created_at": "2026-02-19T12:15:0
    2.000000", "updated_at": "2026-02-19T12:15:03.000000", "name": "tempest-VolumeTypesAccessTest-Volume-72280765", "description": null, "volume_type": "tempest-VolumeTypesAccessTest-volume-type-45453125", "snapshot_id": null, "source_volid": null, "metadata": {}, "links": [{"rel": "self", "href": "http://10.132.44.205/volume/v3/volumes/902daa3f-ab37-4ed5-b653-601effb1e89c"}, {"rel": "bookmark", "href": "http://10.132.44.205/volume/volumes/902daa3f-ab37-4ed5-b653-601effb1e89c"}], "user_id": "b32142230cbc44ef9b7ead073fe1c079", "bootable": "false", "encrypted": false, "replication_status": null, "consistencygroup_id": null, "multiattach": false, "attachments": [], "os-vol-tenant-attr:tenant_id": "58f5d2ce4a8d457a815abe077ec1896c"}}'
2026-02-19 12:15:03,724 123155 INFO     [tempest.lib.common.rest_client] Request (VolumeTypesAccessTest:_run_cleanups): 200 GET http://10.132.44.205/volume/v3/volumes/902daa3f-ab37-4ed5-b653-601effb1e89c 0.058s
2026-02-19 12:15:03,725 123155 DEBUG    [tempest.lib.common.rest_client] Request - Headers: {'Content-Type': 'application/json', 'Accept': 'application/json', 'X-Auth-Token': '<omitted>'}
        Body: None
    Response - Headers: {'date': 'Thu, 19 Feb 2026 12:15:03 GMT', 'server': 'Apache/2.4.58 (Ubuntu)', 'content-type': 'application/json', 'x-compute-request-id': 'req-752db6d3-f98c-4cc4-93df-7482d2a91889', 'content-length': '885', 'openstack-api-version': 'volume 3.0', 'vary': 'OpenStack-API-Version', 'x-openstack-request-id': 'req-752db6d3-f98c-4cc4-93df-7482d2a91889', 'connection': 'close', 'status': '200', 'content-location': 'http://10.132.44.205/volume/v3/volumes/902daa3f-ab37-4ed5-b653-601effb1e89c'}
        Body: b'{"volume": {"id": "902daa3f-ab37-4ed5-b653-601effb1e89c", "status": "error", "size": 1, "availability_zone": "nova", "created_at": "2026-02-19T12:15:02.000000", "updated_at": "2026-02-19T12:15:03.000000", "name": "tempest-VolumeTypesAccessTest-Volume-72280765", "description": null, "volume_type": "tempest-VolumeTypesAccessTest-volume-type-45453125", "snapshot_id": null, "source_volid": null, "metadata": {}, "links": [{"rel": "self", "href": "http://10.132.44.205/volume/v3/volumes/902daa3f-ab37-4ed5-b653-601effb1e89c"}, {"rel": "bookmark", "href": "http://10.132.44.205/volume/volumes/902daa3f-ab37-4ed5-b653-601effb1e89c"}], "user_id": "b32142230cbc44ef9b7ead073fe1c079", "bootable": "false", "encrypted": false, "replication_status": null, "consistencygroup_id": null, "multiattach": false, "attachments": [], "os-vol-tenant-attr:tenant_id": "58f5d2ce4a8d457a815abe077ec1896c"}}'
2026-02-19 12:15:03,925 123155 INFO     [tempest.lib.common.rest_client] Request (VolumeTypesAccessTest:_run_cleanups): 202 DELETE http://10.132.44.205/volume/v3/volumes/902daa3f-ab37-4ed5-b653-601effb1e89c 0.184s
2026-02-19 12:15:03,926 123155 DEBUG    [tempest.lib.common.rest_client] Request - Headers: {'Content-Type': 'application/json', 'Accept': 'application/json', 'X-Auth-Token': '<omitted>'}
        Body: None
    Response - Headers: {'date': 'Thu, 19 Feb 2026 12:15:03 GMT', 'server': 'Apache/2.4.58 (Ubuntu)', 'content-length': '0', 'content-type': 'text/html; charset=UTF-8', 'openstack-api-version': 'volume 3.0', 'vary': 'OpenStack-API-Version', 'x-openstack-request-id': 'req-73296edc-3dbb-4350-babf-a1a788775bfd', 'connection': 'close', 'status': '202', 'content-location': 'http://10.132.44.205/volume/v3/volumes/902daa3f-ab37-4ed5-b653-601effb1e89c'}
        Body: b''
2026-02-19 12:15:03,957 123155 INFO     [tempest.lib.common.rest_client] Request (VolumeTypesAccessTest:_run_cleanups): 404 GET http://10.132.44.205/volume/v3/volumes/902daa3f-ab37-4ed5-b653-601effb1e89c 0.030s
2026-02-19 12:15:03,958 123155 DEBUG    [tempest.lib.common.rest_client] Request - Headers: {'Content-Type': 'application/json', 'Accept': 'application/json', 'X-Auth-Token': '<omitted>'}
        Body: None
    Response - Headers: {'date': 'Thu, 19 Feb 2026 12:15:03 GMT', 'server': 'Apache/2.4.58 (Ubuntu)', 'openstack-api-version': 'volume 3.0', 'vary': 'OpenStack-API-Version', 'content-length': '109', 'content-type': 'app
    lication/json', 'x-compute-request-id': 'req-bf58d236-84e5-44b2-b867-caf6feb4972b', 'x-openstack-request-id': 'req-bf58d236-84e5-44b2-b867-caf6feb4972b', 'connection': 'close', 'status': '404', 'content-location': 'http://10.132.44.205/volume/v3/volumes/902daa3f-ab37-4ed5-b653-601effb1e89c'}
        Body: b'{"itemNotFound": {"code": 404, "message": "Volume 902daa3f-ab37-4ed5-b653-601effb1e89c could not be found."}}'
2026-02-19 12:15:04,006 123155 INFO     [tempest.lib.common.rest_client] Request (VolumeTypesAccessTest:_run_cleanups): 202 POST http://10.132.44.205/volume/v3/types/52744623-3382-4348-8f9b-ea197175b3d6/action 0.047s
2026-02-19 12:15:04,007 123155 DEBUG    [tempest.lib.common.rest_client] Request - Headers: {'Content-Type': 'application/json', 'Accept': 'application/json', 'X-Auth-Token': '<omitted>'}
        Body: {"removeProjectAccess": {"project": "58f5d2ce4a8d457a815abe077ec1896c"}}
    Response - Headers: {'date': 'Thu, 19 Feb 2026 12:15:03 GMT', 'server': 'Apache/2.4.58 (Ubuntu)', 'content-length': '0', 'content-type': 'text/html; charset=UTF-8', 'openstack-api-version': 'volume 3.0', 'vary': 'OpenStack-API-Version', 'x-openstack-request-id': 'req-496513d9-b830-41ab-a0d2-4183ad250627', 'connection': 'close', 'status': '202', 'content-location': 'http://10.132.44.205/volume/v3/types/52744623-3382-4348-8f9b-ea197175b3d6/action'}
        Body: b''
2026-02-19 12:15:04,085 123155 INFO     [tempest.lib.common.rest_client] Request (VolumeTypesAccessTest:_run_cleanups): 202 DELETE http://10.132.44.205/volume/v3/types/52744623-3382-4348-8f9b-ea197175b3d6 0.077s
2026-02-19 12:15:04,086 123155 DEBUG    [tempest.lib.common.rest_client] Request - Headers: {'Content-Type': 'application/json', 'Accept': 'application/json', 'X-Auth-Token': '<omitted>'}
        Body: None
    Response - Headers: {'date': 'Thu, 19 Feb 2026 12:15:04 GMT', 'server': 'Apache/2.4.58 (Ubuntu)', 'content-length': '0', 'content-type': 'text/html; charset=UTF-8', 'openstack-api-version': 'volume 3.0', 'vary': 'OpenStack-API-Version', 'x-openstack-request-id': 'req-ad1de87d-fe47-4d89-9737-6f1cd8b24133', 'connection': 'close', 'status': '202', 'content-location': 'http://10.132.44.205/volume/v3/types/52744623-3382-4348-8f9b-ea197175b3d6'}
        Body: b''
2026-02-19 12:15:04,110 123155 INFO     [tempest.lib.common.rest_client] Request (VolumeTypesAccessTest:_run_cleanups): 404 GET http://10.132.44.205/volume/v3/types/52744623-3382-4348-8f9b-ea197175b3d6 0.023s
2026-02-19 12:15:04,110 123155 DEBUG    [tempest.lib.common.rest_client] Request - Headers: {'Content-Type': 'application/json', 'Accept': 'application/json', 'X-Auth-Token': '<omitted>'}
        Body: None
    Response - Headers: {'date': 'Thu, 19 Feb 2026 12:15:04 GMT', 'server': 'Apache/2.4.58 (Ubuntu)', 'openstack-api-version': 'volume 3.0', 'vary': 'OpenStack-API-Version', 'content-length': '114', 'content-type': 'application/json', 'x-compute-request-id': 'req-910587a2-c389-43b9-be23-393ea0a2d60f', 'x-openstack-request-id': 'req-910587a2-c389-43b9-be23-393ea0a2d60f', 'connection': 'close', 'status': '404', 'content-location': 'http://10.132.44.205/volume/v3/types/52744623-3382-4348-8f9b-ea197175b3d6'}
        Body: b'{"itemNotFound": {"code": 404, "message": "Volume type 52744623-3382-4348-8f9b-ea197175b3d6 could not be found."}}'

{0} tempest.api.volume.admin.test_volume_type_access.VolumeTypesAccessTest.test_volume_type_access_list [0.351895s] ... ok
{0} tempest.api.volume.admin.test_volume_types.VolumeTypesTest.test_volume_type_create_get_delete [0.396695s] ... ok
{0} tempest.api.volume.admin.test_volume_types.VolumeTypesTest.test_volume_type_encryption_create_get_update_delete [0.615563s] ... ok
{0} tempest.api.volume.admin.test_volume_types.VolumeTypesTest.test_volume_type_list [0.077580s] ... ok
{0} tempest.api.volume.admin.test_volume_types.VolumeTypesTest.test_volume_type_update [0.337968s] ... ok
{0} tempest.api.volume.admin.test_volume_types_extra_specs.VolumeTypesExtraSpecsTest.test_volume_type_extra_spec_create_get_delete [0.146663s] ... ok
{0} tempest.api.volume.admin.test_volume_types_extra_specs.VolumeTypesExtraSpecsTest.test_volume_type_extra_specs_list [0.060067s] ... ok
{0} tempest.api.volume.admin.test_volume_types_extra_specs.VolumeTypesExtraSpecsTest.test_volume_type_extra_specs_update [0.305124s] ... ok
{0} tempest.api.volume.admin.test_volume_types_extra_specs_negative.ExtraSpecsNegativeTest.test_create_invalid_body [0.016675s] ... ok
{0} tempest.api.volume.admin.test_volume_types_extra_specs_negative.ExtraSpecsNegativeTest.test_create_none_body [0.018554s] ... ok
{0} tempest.api.volume.admin.test_volume_types_extra_specs_negative.ExtraSpecsNegativeTest.test_create_nonexistent_type_id [0.043841s] ... ok
{0} tempest.api.volume.admin.test_volume_types_extra_specs_negative.ExtraSpecsNegativeTest.test_delete_nonexistent_volume_type_id [0.023012s] ... ok
{0} tempest.api.volume.admin.test_volume_types_extra_specs_negative.ExtraSpecsNegativeTest.test_get_nonexistent_extra_spec_name [0.031120s] ... ok
{0} tempest.api.volume.admin.test_volume_types_extra_specs_negative.ExtraSpecsNegativeTest.test_get_nonexistent_volume_type_id [0.023929s] ... ok
{0} tempest.api.volume.admin.test_volume_types_extra_specs_negative.ExtraSpecsNegativeTest.test_list_nonexistent_volume_type_id [0.024597s] ... ok
{0} tempest.api.volume.admin.test_volume_types_extra_specs_negative.ExtraSpecsNegativeTest.test_update_multiple_extra_spec [0.019504s] ... ok
{0} tempest.api.volume.admin.test_volume_types_extra_specs_negative.ExtraSpecsNegativeTest.test_update_no_body [0.019010s] ... ok
{0} tempest.api.volume.admin.test_volume_types_extra_specs_negative.ExtraSpecsNegativeTest.test_update_none_extra_spec_id [0.045993s] ... ok
{0} tempest.api.volume.admin.test_volume_types_extra_specs_negative.ExtraSpecsNegativeTest.test_update_nonexistent_extra_spec_id [0.046023s] ... ok
{0} tempest.api.volume.admin.test_volume_types_extra_specs_negative.ExtraSpecsNegativeTest.test_update_nonexistent_type_id [0.044453s] ... ok
{0} tempest.api.volume.admin.test_volume_types_negative.VolumeTypesNegativeTest.test_create_volume_type_encryption_nonexistent_type_id [0.188389s] ... ok
{0} tempest.api.volume.admin.test_volume_types_negative.VolumeTypesNegativeTest.test_create_volume_with_private_volume_type [0.324460s] ... ok
{0} tempest.api.volume.admin.test_volume_types_negative.VolumeTypesNegativeTest.test_create_with_empty_name [0.019612s] ... ok
{0} tempest.api.volume.admin.test_volume_types_negative.VolumeTypesNegativeTest.test_create_with_repeated_name [0.181403s] ... ok
{0} tempest.api.volume.admin.test_volume_types_negative.VolumeTypesNegativeTest.test_delete_nonexistent_type_id [0.035742s] ... ok
{0} tempest.api.volume.admin.test_volume_types_negative.VolumeTypesNegativeTest.test_get_nonexistent_type_id [0.026208s] ... ok
{0} setUpClass (tempest.api.volume.admin.test_volumes_list.VolumesListAdminTestJSON) [0.000000s] ... FAILED

Captured traceback:
~~~~~~~~~~~~~~~~~~~
    Traceback (most recent call last):

      File "/opt/stack/tempest/tempest/test.py", line 185, in setUpClass
    raise value.with_traceback(trace)

      File "/opt/stack/tempest/tempest/test.py", line 178, in setUpClass
    cls.resource_setup()

      File "/opt/stack/tempest/tempest/api/volume/admin/test_volumes_list.py", line 37, in resource_setup
    volume = cls.create_volume()
             ^^^^^^^^^^^^^^^^^^^

      File "/opt/stack/tempest/tempest/api/volume/base.py", line 144, in create_volume
    waiters.wait_for_volume_resource_status(self.volumes_client,

      File "/opt/stack/tempest/tempest/common/waiters.py", line 379, in wait_for_volume_resource_status
    raise exceptions.VolumeResourceBuildErrorException(

    tempest.exceptions.VolumeResourceBuildErrorException: volume d489f7f2-015e-4281-92bf-d9576cef0d7e failed to build and is in ERROR status

{0} tempest.api.volume.test_availability_zone.AvailabilityZoneTestJSON.test_get_availability_zone_list [0.173472s] ... ok
{0} tempest.api.volume.test_extensions.ExtensionsTestJSON.test_list_extensions [0.160387s] ... ok
{0} setUpClass (tempest.api.volume.test_snapshot_metadata.SnapshotMetadataTestJSON) [0.000000s] ... FAILED

Captured traceback:
~~~~~~~~~~~~~~~~~~~
    Traceback (most recent call last):

      File "/opt/stack/tempest/tempest/test.py", line 185, in setUpClass
    raise value.with_traceback(trace)

      File "/opt/stack/tempest/tempest/test.py", line 178, in setUpClass
    cls.resource_setup()

      File "/opt/stack/tempest/tempest/api/volume/test_snapshot_metadata.py", line 38, in resource_setup
    cls.volume = cls.create_volume()
                 ^^^^^^^^^^^^^^^^^^^

      File "/opt/stack/tempest/tempest/api/volume/base.py", line 144, in create_volume
    waiters.wait_for_volume_resource_status(self.volumes_client,

      File "/opt/stack/tempest/tempest/common/waiters.py", line 379, in wait_for_volume_resource_status
    raise exceptions.VolumeResourceBuildErrorException(

    tempest.exceptions.VolumeResourceBuildErrorException: volume 237e2d7e-24e5-4b19-afb2-9571fbe3e158 failed to build and is in ERROR status

{0} tempest.api.volume.test_versions.VersionsTest.test_list_versions [0.019817s] ... ok
{0} tempest.api.volume.test_versions.VersionsTest.test_show_version [0.176300s] ... ok
{0} setUpClass (tempest.api.volume.test_volume_absolute_limits.AbsoluteLimitsTests) [0.000000s] ... FAILED

Captured traceback:
~~~~~~~~~~~~~~~~~~~
    Traceback (most recent call last):

      File "/opt/stack/tempest/tempest/test.py", line 185, in setUpClass
    raise value.with_traceback(trace)

      File "/opt/stack/tempest/tempest/test.py", line 178, in setUpClass
    cls.resource_setup()

      File "/opt/stack/tempest/tempest/api/volume/test_volume_absolute_limits.py", line 37, in resource_setup
    cls.volume = cls.create_volume()
                 ^^^^^^^^^^^^^^^^^^^

      File "/opt/stack/tempest/tempest/api/volume/base.py", line 144, in create_volume
    waiters.wait_for_volume_resource_status(self.volumes_client,

      File "/opt/stack/tempest/tempest/common/waiters.py", line 379, in wait_for_volume_resource_status
    raise exceptions.VolumeResourceBuildErrorException(

    tempest.exceptions.VolumeResourceBuildErrorException: volume 97f80e4a-cfc1-430d-b31a-18a16d710f01 failed to build and is in ERROR status

{0} tempest.api.volume.test_volume_delete_cascade.VolumesDeleteCascade.test_volume_delete_cascade [1.905577s] ... FAILED

Captured traceback:
~~~~~~~~~~~~~~~~~~~
    Traceback (most recent call last):

      File "/opt/stack/tempest/tempest/api/volume/test_volume_delete_cascade.py", line 68, in test_volume_delete_cascade
    volume = self.create_volume()
             ^^^^^^^^^^^^^^^^^^^^

      File "/opt/stack/tempest/tempest/api/volume/base.py", line 144, in create_volume
    waiters.wait_for_volume_resource_status(self.volumes_client,

      File "/opt/stack/tempest/tempest/common/waiters.py", line 379, in wait_for_volume_resource_status
    raise exceptions.VolumeResourceBuildErrorException(

    tempest.exceptions.VolumeResourceBuildErrorException: volume b22e5129-aa52-437c-8fad-fa0abe023956 failed to build and is in ERROR status


Captured pythonlogging:
~~~~~~~~~~~~~~~~~~~~~~~
    2026-02-19 12:15:56,988 123155 INFO     [tempest.lib.common.rest_client] Request (VolumesDeleteCascade:test_volume_delete_cascade): 202 POST http://10.132.44.205/volume/v3/volumes 0.475s
2026-02-19 12:15:56,988 123155 DEBUG    [tempest.lib.common.rest_client] Request - Headers: {'Content-Type': 'application/json', 'Accept': 'application/json', 'X-Auth-Token': '<omitted>'}
        Body: {"volume": {"size": 1, "name": "tempest-VolumesDeleteCascade-Volume-831242596"}}
    Response - Headers: {'date': 'Thu, 19 Feb 2026 12:15:56 GMT', 'server': 'Apache/2.4.58 (Ubuntu)', 'content-type': 'application/json', 'x-compute-request-id': 'req-992b2a75-5900-4c8e-a9de-131fbb6d74b0', 'content-length': '754', 'openstack-api-version': 'volume 3.0', 'vary': 'OpenStack-API-Version', 'x-openstack-request-id': 'req-992b2a75-5900-4c8e-a9de-131fbb6d74b0', 'connection': 'close', 'status': '202', 'content-location': 'http://10.132.44.205/volume/v3/volumes'}
        Body: b'{"volume": {"id": "b22e5129-aa52-437c-8fad-fa0abe023956", "status": "creating", "size": 1, "availability_zone": "nova", "created_at": "2026-02-19T12:15:56.884512", "updated_at": null, "name": "tempest-VolumesDeleteCascade-Volume-831242596", "description": null, "volume_type": "nvmetcp1", "snapshot_id": null, "source_volid": null, "metadata": {}, "links": [{"rel": "self", "href": "http://10.132.44.205/volume/v3/volumes/b22e5129-aa52-437c-8fad-fa0abe023956"}, {"rel": "bookmark", "href": "http://10.132.44.205/volume/volumes/b22e5129-aa52-437c-8fad-fa0abe023956"}], "user_id": "42f582efae1940bbbe11d417c9ec1f8b", "bootable": "false", "encrypted": false, "replication_status": null, "consistencygroup_id": null, "multiattach": false, "attachments": []}}'
2026-02-19 12:15:57,060 123155 INFO     [tempest.lib.common.rest_client] Request (VolumesDeleteCascade:test_volume_delete_cascade): 200 GET http://10.132.44.205/volume/v3/volumes/b22e5129-aa52-437c-8fad-fa0abe023956 0.059s
2026-02-19 12:15:57,060 123155 DEBUG    [tempest.lib.common.rest_client] Request - Headers: {'Content-Type': 'application/json', 'Accept': 'application/json', 'X-Auth-Token': '<omitted>'}
        Body: None
    Response - Headers: {'date': 'Thu, 19 Feb 2026 12:15:57 GMT', 'server': 'Apache/2.4.58 (Ubuntu)', 'content-type': 'application/json', 'x-compute-request-id': 'req-0472c0bc-4d20-4a87-a1b2-63b7a2affff9', 'content-length': '822', 'openstack-api-version': 'volume 3.0', 'vary': 'OpenStack-API-Version', 'x-openstack-request-id': 'req-0472c0bc-4d20-4a87-a1b2-63b7a2affff9', 'connection': 'close', 'status': '200', 'content-location': 'http://10.132.44.205/volume/v3/volumes/b22e5129-aa52-437c-8fad-fa0abe023956'}
        Body: b'{"volume": {"id": "b22e5129-aa52-437c-8fad-fa0abe023956", "status": "creating", "size": 1, "availability_zone": "nova", "created_at": "2026-02-19T12:15:57.000000", "updated_at": null, "name": "tempest-VolumesDeleteCascade-Volume-831242596", "description": null, "volume_type": "nvmetcp1", "snapshot_id": null, "source_volid": null, "metadata": {}, "links": [{"rel": "self", "href": "http://10.132.44.205/volume/v3/volumes/b22e5129-aa52-437c-8fad-fa0abe023956"}, {"rel": "bookmark", "href": "http://10.132.44.205/volume/volumes/b22e5129-aa52-437c-8fad-fa0abe023956"}], "user_id": "42f582efae1940bbbe11d417c9ec1f8b", "bootable": "false", "encrypted": false, "replication_status": null, "consistencygroup_id": null, "multiattach": false, "attachments": [], "os-vol-tenant-attr:tenant_id": "79b48bbc8d91402ab5c9d1e331925d44"}}'
2026-02-19 12:15:58,138 123155 INFO     [tempest.lib.common.rest_client] Request (VolumesDeleteCascade:test_volume_delete_cascade): 200 GET http://10.132.44.205/volume/v3/volumes/b22e5129-aa52-437c-8fad-fa0abe023956 0.060s
2026-02-19 12:15:58,139 123155 DEBUG    [tempest.lib.common.rest_client] Request - Headers: {'Content-Type': 'application/json', 'Accept': 'application/json', 'X-Auth-Token': '<omitted>'}
        Body: None
    Response - Headers: {'date': 'Thu, 19 Feb 2026 12:15:58 GMT', 'server': 'Apache/2.4.58 (Ubuntu)', 'content-type': 'application/json', 'x-compute-request-id': 'req-
    f1ec89b4-c36a-443b-8ec6-e96a3446d0aa', 'content-length': '843', 'openstack-api-version': 'volume 3.0', 'vary': 'OpenStack-API-Version', 'x-openstack-request-id': 'req-f1ec89b4-c36a-443b-8ec6-e96a3446d0aa', 'connection': 'close', 'status': '200', 'content-location': 'http://10.132.44.205/volume/v3/volumes/b22e5129-aa52-437c-8fad-fa0abe023956'}
        Body: b'{"volume": {"id": "b22e5129-aa52-437c-8fad-fa0abe023956", "status": "error", "size": 1, "availability_zone": "nova", "created_at": "2026-02-19T12:15:57.000000", "updated_at": "2026-02-19T12:15:57.000000", "name": "tempest-VolumesDeleteCascade-Volume-831242596", "description": null, "volume_type": "nvmetcp1", "snapshot_id": null, "source_volid": null, "metadata": {}, "links": [{"rel": "self", "href": "http://10.132.44.205/volume/v3/volumes/b22e5129-aa52-437c-8fad-fa0abe023956"}, {"rel": "bookmark", "href": "http://10.132.44.205/volume/volumes/b22e5129-aa52-437c-8fad-fa0abe023956"}], "user_id": "42f582efae1940bbbe11d417c9ec1f8b", "bootable": "false", "encrypted": false, "replication_status": null, "consistencygroup_id": null, "multiattach": false, "attachments": [], "os-vol-tenant-attr:tenant_id": "79b48bbc8d91402ab5c9d1e331925d44"}}'
2026-02-19 12:15:58,215 123155 INFO     [tempest.lib.common.rest_client] Request (VolumesDeleteCascade:_run_cleanups): 200 GET http://10.132.44.205/volume/v3/volumes/b22e5129-aa52-437c-8fad-fa0abe023956 0.059s
2026-02-19 12:15:58,215 123155 DEBUG    [tempest.lib.common.rest_client] Request - Headers: {'Content-Type': 'application/json', 'Accept': 'application/json', 'X-Auth-Token': '<omitted>'}
        Body: None
    Response - Headers: {'date': 'Thu, 19 Feb 2026 12:15:58 GMT', 'server': 'Apache/2.4.58 (Ubuntu)', 'content-type': 'application/json', 'x-compute-request-id': 'req-57054e23-779f-4210-89bd-e25dc5daa5a6', 'content-length': '843', 'openstack-api-version': 'volume 3.0', 'vary': 'OpenStack-API-Version', 'x-openstack-request-id': 'req-57054e23-779f-4210-89bd-e25dc5daa5a6', 'connection': 'close', 'status': '200', 'content-location': 'http://10.132.44.205/volume/v3/volumes/b22e5129-aa52-437c-8fad-fa0abe023956'}
        Body: b'{"volume": {"id": "b22e5129-aa52-437c-8fad-fa0abe023956", "status": "error", "size": 1, "availability_zone": "nova", "created_at": "2026-02-19T12:15:57.000000", "updated_at": "2026-02-19T12:15:57.000000", "name": "tempest-VolumesDeleteCascade-Volume-831242596", "description": null, "volume_type": "nvmetcp1", "snapshot_id": null, "source_volid": null, "metadata": {}, "links": [{"rel": "self", "href": "http://10.132.44.205/volume/v3/volumes/b22e5129-aa52-437c-8fad-fa0abe023956"}, {"rel": "bookmark", "href": "http://10.132.44.205/volume/volumes/b22e5129-aa52-437c-8fad-fa0abe023956"}], "user_id": "42f582efae1940bbbe11d417c9ec1f8b", "bootable": "false", "encrypted": false, "replication_status": null, "consistencygroup_id": null, "multiattach": false, "attachments": [], "os-vol-tenant-attr:tenant_id": "79b48bbc8d91402ab5c9d1e331925d44"}}'
2026-02-19 12:15:58,383 123155 INFO     [tempest.lib.common.rest_client] Request (VolumesDeleteCascade:_run_cleanups): 202 DELETE http://10.132.44.205/volume/v3/volumes/b22e5129-aa52-437c-8fad-fa0abe023956 0.151s
2026-02-19 12:15:58,384 123155 DEBUG    [tempest.lib.common.rest_client] Request - Headers: {'Content-Type': 'application/json', 'Accept': 'application/json', 'X-Auth-Token': '<omitted>'}
        Body: None
    Response - Headers: {'date': 'Thu, 19 Feb 2026 12:15:58 GMT', 'server': 'Apache/2.4.58 (Ubuntu)', 'content-length': '0', 'content-type': 'text/html; charset=UTF-8', 'openstack-api-version': 'volume 3.0', 'vary': 'OpenStack-API-Version', 'x-openstack-request-id': 'req-f5958520-4296-419f-8184-29930633325a', 'connection': 'close', 'status': '202', 'content-location': 'http://10.132.44.205/volume/v3/volumes/b22e5129-aa52-437c-8fad-fa0abe023956'}
        Body: b''
2026-02-19 12:15:58,415 123155 INFO     [tempest.lib.common.rest_client] Request (VolumesDeleteCascade:_run_cleanups): 404 GET http://10.132.44.205/volume/v3/volumes/b22e5129-aa52-437c-8fad-fa0abe023956 0.030s
20
    26-02-19 12:15:58,416 123155 DEBUG    [tempest.lib.common.rest_client] Request - Headers: {'Content-Type': 'application/json', 'Accept': 'application/json', 'X-Auth-Token': '<omitted>'}
        Body: None
    Response - Headers: {'date': 'Thu, 19 Feb 2026 12:15:58 GMT', 'server': 'Apache/2.4.58 (Ubuntu)', 'openstack-api-version': 'volume 3.0', 'vary': 'OpenStack-API-Version', 'content-length': '109', 'content-type': 'application/json', 'x-compute-request-id': 'req-e64db80b-61a2-4d14-a0a6-c98a01f87be5', 'x-openstack-request-id': 'req-e64db80b-61a2-4d14-a0a6-c98a01f87be5', 'connection': 'close', 'status': '404', 'content-location': 'http://10.132.44.205/volume/v3/volumes/b22e5129-aa52-437c-8fad-fa0abe023956'}
        Body: b'{"itemNotFound": {"code": 404, "message": "Volume b22e5129-aa52-437c-8fad-fa0abe023956 could not be found."}}'

{0} tempest.api.volume.test_volume_delete_cascade.VolumesDeleteCascade.test_volume_from_snapshot_cascade_delete [1.690008s] ... FAILED

Captured traceback:
~~~~~~~~~~~~~~~~~~~
    Traceback (most recent call last):

      File "/opt/stack/tempest/tempest/api/volume/test_volume_delete_cascade.py", line 93, in test_volume_from_snapshot_cascade_delete
    volume = self.create_volume()
             ^^^^^^^^^^^^^^^^^^^^

      File "/opt/stack/tempest/tempest/api/volume/base.py", line 144, in create_volume
    waiters.wait_for_volume_resource_status(self.volumes_client,

      File "/opt/stack/tempest/tempest/common/waiters.py", line 379, in wait_for_volume_resource_status
    raise exceptions.VolumeResourceBuildErrorException(

    tempest.exceptions.VolumeResourceBuildErrorException: volume c21872ee-9a14-41f3-9df6-bdb313b1a126 failed to build and is in ERROR status


Captured pythonlogging:
~~~~~~~~~~~~~~~~~~~~~~~
    2026-02-19 12:15:58,675 123155 INFO     [tempest.lib.common.rest_client] Request (VolumesDeleteCascade:test_volume_from_snapshot_cascade_delete): 202 POST http://10.132.44.205/volume/v3/volumes 0.255s
2026-02-19 12:15:58,675 123155 DEBUG    [tempest.lib.common.rest_client] Request - Headers: {'Content-Type': 'application/json', 'Accept': 'application/json', 'X-Auth-Token': '<omitted>'}
        Body: {"volume": {"size": 1, "name": "tempest-VolumesDeleteCascade-Volume-1928034044"}}
    Response - Headers: {'date': 'Thu, 19 Feb 2026 12:15:58 GMT', 'server': 'Apache/2.4.58 (Ubuntu)', 'content-type': 'application/json', 'x-compute-request-id': 'req-257bb70d-d0c5-41cd-a8fd-3bbbc8444bd8', 'content-length': '755', 'openstack-api-version': 'volume 3.0', 'vary': 'OpenStack-API-Version', 'x-openstack-request-id': 'req-257bb70d-d0c5-41cd-a8fd-3bbbc8444bd8', 'connection': 'close', 'status': '202', 'content-location': 'http://10.132.44.205/volume/v3/volumes'}
        Body: b'{"volume": {"id": "c21872ee-9a14-41f3-9df6-bdb313b1a126", "status": "creating", "size": 1, "availability_zone": "nova", "created_at": "2026-02-19T12:15:58.596847", "updated_at": null, "name": "tempest-VolumesDeleteCascade-Volume-1928034044", "description": null, "volume_type": "nvmetcp1", "snapshot_id": null, "source_volid": null, "metadata": {}, "links": [{"rel": "self", "href": "http://10.132.44.205/volume/v3/volumes/c21872ee-9a14-41f3-9df6-bdb313b1a126"}, {"rel": "bookmark", "href": "http://10.132.44.205/volume/volumes/c21872ee-9a14-41f3-9df6-bdb313b1a126"}], "user_id": "42f582efae1940bbbe11d417c9ec1f8b", "bootable": "false", "encrypted": false, "replication_status": null, "consistencygroup_id": null, "multiattach": false, "attachments": []}}'
2026-02-19 12:15:58,739 123155 INFO     [tempest.lib.common.rest_client] Request (VolumesDeleteCascade:test_volume_from_snapshot_cascade_delete): 200 GET http://10.132.44.205/volume/v3/volumes/c21872ee-9a14-41f3-9df6-bdb313b1a126 0.057s
2026-02-19 12:15:58,740 123155 DEBUG    [tempest.lib.common.rest_client] Request - Headers: {'Content-Type': 'application/json', 'Accept': 'application/json', 'X-Auth-Token': '<omitted>'}
        Body: None
    Response - Headers: {'date': 'Thu, 19 Feb 2026 12:15:58 GMT', 'server': 'Apache/2.4.58 (Ubuntu)', 'content-type': 'application/json', 'x-compute-request-id': 'req-d463aa63-9401-4185-b685-8777df953786', 'content-length': '823', 'openstack-api-version': 'volume 3.0', 'vary': 'OpenStack-API-Version', 'x-openstack-request-id': 'req-d463aa63-9401-4185-b685-8777df953786', 'connection': 'close', 'status': '200', 'content-location': 'http://10.132.44.205/volume/v3/volumes/c21872ee-9a14-41f3-9df6-bdb313b1a126'}
        Body: b'{"volume": {"id": "c21872ee-9a14-41f3-9df6-bdb313b1a126", "status": "creating", "size": 1, "availability_zone": "nova", "created_at": "2026-02-19T12:15:59.000000", "updated_at": null, "name": "tempest-VolumesDeleteCascade-Volume-1928034044", "description": null, "volume_type": "nvmetcp1", "snapshot_id": null, "source_volid": null, "metadata": {}, "links": [{"rel": "self", "href": "http://10.132.44.205/volume/v3/volumes/c21872ee-9a14-41f3-9df6-bdb313b1a126"}, {"rel": "bookmark", "href": "http://10.132.44.205/volume/volumes/c21872ee-9a14-41f3-9df6-bdb313b1a126"}], "user_id": "42f582efae1940bbbe11d417c9ec1f8b", "bootable": "false", "encrypted": false, "replication_status": null, "consistencygroup_id": null, "multiattach": false, "attachments": [], "os-vol-tenant-attr:tenant_id": "79b48bbc8d91402ab5c9d1e331925d44"}}'
2026-02-19 12:15:59,819 123155 INFO     [tempest.lib.common.rest_client] Request (VolumesDeleteCascade:test_volume_from_snapshot_cascade_delete): 200 GET http://10.132.44.205/volume/v3/volumes/c21872ee-9a14-41f3-9df6-bdb313b1a126 0.063s
2026-02-19 12:15:59,820 123155 DEBUG    [tempest.lib.common.rest_client] Request - Headers: {'Content-Type': 'application/json', 'Accept': 'application/json', 'X-Auth-Token': '<omitted>'}
        Body: None
    Response - Headers: {'date': 'Thu, 19 Feb 2026 12:15:59 GMT', 'server': 'Apache/2.4.58 (Ubuntu)', 'content-type': 'app
    lication/json', 'x-compute-request-id': 'req-90c0357f-9e32-46f1-a8b8-0c2afc882542', 'content-length': '844', 'openstack-api-version': 'volume 3.0', 'vary': 'OpenStack-API-Version', 'x-openstack-request-id': 'req-90c0357f-9e32-46f1-a8b8-0c2afc882542', 'connection': 'close', 'status': '200', 'content-location': 'http://10.132.44.205/volume/v3/volumes/c21872ee-9a14-41f3-9df6-bdb313b1a126'}
        Body: b'{"volume": {"id": "c21872ee-9a14-41f3-9df6-bdb313b1a126", "status": "error", "size": 1, "availability_zone": "nova", "created_at": "2026-02-19T12:15:59.000000", "updated_at": "2026-02-19T12:15:59.000000", "name": "tempest-VolumesDeleteCascade-Volume-1928034044", "description": null, "volume_type": "nvmetcp1", "snapshot_id": null, "source_volid": null, "metadata": {}, "links": [{"rel": "self", "href": "http://10.132.44.205/volume/v3/volumes/c21872ee-9a14-41f3-9df6-bdb313b1a126"}, {"rel": "bookmark", "href": "http://10.132.44.205/volume/volumes/c21872ee-9a14-41f3-9df6-bdb313b1a126"}], "user_id": "42f582efae1940bbbe11d417c9ec1f8b", "bootable": "false", "encrypted": false, "replication_status": null, "consistencygroup_id": null, "multiattach": false, "attachments": [], "os-vol-tenant-attr:tenant_id": "79b48bbc8d91402ab5c9d1e331925d44"}}'
2026-02-19 12:15:59,892 123155 INFO     [tempest.lib.common.rest_client] Request (VolumesDeleteCascade:_run_cleanups): 200 GET http://10.132.44.205/volume/v3/volumes/c21872ee-9a14-41f3-9df6-bdb313b1a126 0.056s
2026-02-19 12:15:59,892 123155 DEBUG    [tempest.lib.common.rest_client] Request - Headers: {'Content-Type': 'application/json', 'Accept': 'application/json', 'X-Auth-Token': '<omitted>'}
        Body: None
    Response - Headers: {'date': 'Thu, 19 Feb 2026 12:15:59 GMT', 'server': 'Apache/2.4.58 (Ubuntu)', 'content-type': 'application/json', 'x-compute-request-id': 'req-75143528-a0b2-45df-bf3b-6334c8dd993d', 'content-length': '844', 'openstack-api-version': 'volume 3.0', 'vary': 'OpenStack-API-Version', 'x-openstack-request-id': 'req-75143528-a0b2-45df-bf3b-6334c8dd993d', 'connection': 'close', 'status': '200', 'content-location': 'http://10.132.44.205/volume/v3/volumes/c21872ee-9a14-41f3-9df6-bdb313b1a126'}
        Body: b'{"volume": {"id": "c21872ee-9a14-41f3-9df6-bdb313b1a126", "status": "error", "size": 1, "availability_zone": "nova", "created_at": "2026-02-19T12:15:59.000000", "updated_at": "2026-02-19T12:15:59.000000", "name": "tempest-VolumesDeleteCascade-Volume-1928034044", "description": null, "volume_type": "nvmetcp1", "snapshot_id": null, "source_volid": null, "metadata": {}, "links": [{"rel": "self", "href": "http://10.132.44.205/volume/v3/volumes/c21872ee-9a14-41f3-9df6-bdb313b1a126"}, {"rel": "bookmark", "href": "http://10.132.44.205/volume/volumes/c21872ee-9a14-41f3-9df6-bdb313b1a126"}], "user_id": "42f582efae1940bbbe11d417c9ec1f8b", "bootable": "false", "encrypted": false, "replication_status": null, "consistencygroup_id": null, "multiattach": false, "attachments": [], "os-vol-tenant-attr:tenant_id": "79b48bbc8d91402ab5c9d1e331925d44"}}'
2026-02-19 12:16:00,075 123155 INFO     [tempest.lib.common.rest_client] Request (VolumesDeleteCascade:_run_cleanups): 202 DELETE http://10.132.44.205/volume/v3/volumes/c21872ee-9a14-41f3-9df6-bdb313b1a126 0.165s
2026-02-19 12:16:00,075 123155 DEBUG    [tempest.lib.common.rest_client] Request - Headers: {'Content-Type': 'application/json', 'Accept': 'application/json', 'X-Auth-Token': '<omitted>'}
        Body: None
    Response - Headers: {'date': 'Thu, 19 Feb 2026 12:15:59 GMT', 'server': 'Apache/2.4.58 (Ubuntu)', 'content-length': '0', 'content-type': 'text/html; charset=UTF-8', 'openstack-api-version': 'volume 3.0', 'vary': 'OpenStack-API-Version', 'x-openstack-request-id': 'req-2605f546-4bc7-4bc1-b97f-1fe8392bf3b5', 'connection': 'close', 'status': '202', 'content-location': 'http://10.132.44.205/volume/v3/volumes/c21872ee-9a14-41f3-9df6-bdb313b1a126'}
        Body: b''
2026-02-19 12:16:00,108 123155 INFO     [tempest.lib.common.rest_client] Request (VolumesDeleteCascade:_run_cleanups): 404 GET http://10.132.44.205/volume/v3/volumes
    /c21872ee-9a14-41f3-9df6-bdb313b1a126 0.032s
2026-02-19 12:16:00,108 123155 DEBUG    [tempest.lib.common.rest_client] Request - Headers: {'Content-Type': 'application/json', 'Accept': 'application/json', 'X-Auth-Token': '<omitted>'}
        Body: None
    Response - Headers: {'date': 'Thu, 19 Feb 2026 12:16:00 GMT', 'server': 'Apache/2.4.58 (Ubuntu)', 'openstack-api-version': 'volume 3.0', 'vary': 'OpenStack-API-Version', 'content-length': '109', 'content-type': 'application/json', 'x-compute-request-id': 'req-481d840d-0ec9-47c8-8be2-df6ab5ece724', 'x-openstack-request-id': 'req-481d840d-0ec9-47c8-8be2-df6ab5ece724', 'connection': 'close', 'status': '404', 'content-location': 'http://10.132.44.205/volume/v3/volumes/c21872ee-9a14-41f3-9df6-bdb313b1a126'}
        Body: b'{"itemNotFound": {"code": 404, "message": "Volume c21872ee-9a14-41f3-9df6-bdb313b1a126 could not be found."}}'

{0} setUpClass (tempest.api.volume.test_volume_metadata.VolumesMetadataTest) [0.000000s] ... FAILED

Captured traceback:
~~~~~~~~~~~~~~~~~~~
    Traceback (most recent call last):

      File "/opt/stack/tempest/tempest/test.py", line 185, in setUpClass
    raise value.with_traceback(trace)

      File "/opt/stack/tempest/tempest/test.py", line 178, in setUpClass
    cls.resource_setup()

      File "/opt/stack/tempest/tempest/api/volume/test_volume_metadata.py", line 29, in resource_setup
    cls.volume = cls.create_volume()
                 ^^^^^^^^^^^^^^^^^^^

      File "/opt/stack/tempest/tempest/api/volume/base.py", line 144, in create_volume
    waiters.wait_for_volume_resource_status(self.volumes_client,

      File "/opt/stack/tempest/tempest/common/waiters.py", line 379, in wait_for_volume_resource_status
    raise exceptions.VolumeResourceBuildErrorException(

    tempest.exceptions.VolumeResourceBuildErrorException: volume 2c1f95fd-f691-4962-b156-22a51a7413a5 failed to build and is in ERROR status

{0} tempest.api.volume.test_volume_transfers.VolumesTransfersTest.test_create_get_list_accept_volume_transfer [1.994017s] ... FAILED

Captured traceback:
~~~~~~~~~~~~~~~~~~~
    Traceback (most recent call last):

      File "/opt/stack/tempest/tempest/api/volume/test_volume_transfers.py", line 40, in test_create_get_list_accept_volume_transfer
    volume = self.create_volume()
             ^^^^^^^^^^^^^^^^^^^^

      File "/opt/stack/tempest/tempest/api/volume/base.py", line 144, in create_volume
    waiters.wait_for_volume_resource_status(self.volumes_client,

      File "/opt/stack/tempest/tempest/common/waiters.py", line 379, in wait_for_volume_resource_status
    raise exceptions.VolumeResourceBuildErrorException(

    tempest.exceptions.VolumeResourceBuildErrorException: volume cd54bc08-dd8a-49b7-a1e8-b840fb0d13c1 failed to build and is in ERROR status


Captured pythonlogging:
~~~~~~~~~~~~~~~~~~~~~~~
    2026-02-19 12:16:08,827 123155 INFO     [tempest.lib.common.rest_client] Request (VolumesTransfersTest:test_create_get_list_accept_volume_transfer): 202 POST http://10.132.44.205/volume/v3/volumes 0.576s
2026-02-19 12:16:08,828 123155 DEBUG    [tempest.lib.common.rest_client] Request - Headers: {'Content-Type': 'application/json', 'Accept': 'application/json', 'X-Auth-Token': '<omitted>'}
        Body: {"volume": {"size": 1, "name": "tempest-VolumesTransfersTest-Volume-1421000671"}}
    Response - Headers: {'date': 'Thu, 19 Feb 2026 12:16:08 GMT', 'server': 'Apache/2.4.58 (Ubuntu)', 'content-type': 'application/json', 'x-compute-request-id': 'req-4d52d846-7002-4a36-9375-d20d3a75a5e9', 'content-length': '755', 'openstack-api-version': 'volume 3.0', 'vary': 'OpenStack-API-Version', 'x-openstack-request-id': 'req-4d52d846-7002-4a36-9375-d20d3a75a5e9', 'connection': 'close', 'status': '202', 'content-location': 'http://10.132.44.205/volume/v3/volumes'}
        Body: b'{"volume": {"id": "cd54bc08-dd8a-49b7-a1e8-b840fb0d13c1", "status": "creating", "size": 1, "availability_zone": "nova", "created_at": "2026-02-19T12:16:08.714021", "updated_at": null, "name": "tempest-VolumesTransfersTest-Volume-1421000671", "description": null, "volume_type": "nvmetcp1", "snapshot_id": null, "source_volid": null, "metadata": {}, "links": [{"rel": "self", "href": "http://10.132.44.205/volume/v3/volumes/cd54bc08-dd8a-49b7-a1e8-b840fb0d13c1"}, {"rel": "bookmark", "href": "http://10.132.44.205/volume/volumes/cd54bc08-dd8a-49b7-a1e8-b840fb0d13c1"}], "user_id": "e69318350cfd49bfafc910084b7b0264", "bootable": "false", "encrypted": false, "replication_status": null, "consistencygroup_id": null, "multiattach": false, "attachments": []}}'
2026-02-19 12:16:08,900 123155 INFO     [tempest.lib.common.rest_client] Request (VolumesTransfersTest:test_create_get_list_accept_volume_transfer): 200 GET http://10.132.44.205/volume/v3/volumes/cd54bc08-dd8a-49b7-a1e8-b840fb0d13c1 0.056s
2026-02-19 12:16:08,901 123155 DEBUG    [tempest.lib.common.rest_client] Request - Headers: {'Content-Type': 'application/json', 'Accept': 'application/json', 'X-Auth-Token': '<omitted>'}
        Body: None
    Response - Headers: {'date': 'Thu, 19 Feb 2026 12:16:08 GMT', 'server': 'Apache/2.4.58 (Ubuntu)', 'content-type': 'application/json', 'x-compute-request-id': 'req-79fc48f5-76ec-46df-bd06-bbc829197b41', 'content-length': '823', 'openstack-api-version': 'volume 3.0', 'vary': 'OpenStack-API-Version', 'x-openstack-request-id': 'req-79fc48f5-76ec-46df-bd06-bbc829197b41', 'connection': 'close', 'status': '200', 'content-location': 'http://10.132.44.205/volume/v3/volumes/cd54bc08-dd8a-49b7-a1e8-b840fb0d13c1'}
        Body: b'{"volume": {"id": "cd54bc08-dd8a-49b7-a1e8-b840fb0d13c1", "status": "creating", "size": 1, "availability_zone": "nova", "created_at": "2026-02-19T12:16:09.000000", "updated_at": null, "name": "tempest-VolumesTransfersTest-Volume-1421000671", "description": null, "volume_type": "nvmetcp1", "snapshot_id": null, "source_volid": null, "metadata": {}, "links": [{"rel": "self", "href": "http://10.132.44.205/volume/v3/volumes/cd54bc08-dd8a-49b7-a1e8-b840fb0d13c1"}, {"rel": "bookmark", "href": "http://10.132.44.205/volume/volumes/cd54bc08-dd8a-49b7-a1e8-b840fb0d13c1"}], "user_id": "e69318350cfd49bfafc910084b7b0264", "bootable": "false", "encrypted": false, "replication_status": null, "consistencygroup_id": null, "multiattach": false, "attachments": [], "os-vol-tenant-attr:tenant_id": "d7905bb907984de891c901648c369236"}}'
2026-02-19 12:16:09,969 123155 INFO     [tempest.lib.common.rest_client] Request (VolumesTransfersTest:test_create_get_list_accept_volume_transfer): 200 GET http://10.132.44.205/volume/v3/volumes/cd54bc08-dd8a-49b7-a1e8-b840fb0d13c1 0.059s
2026-02-19 12:16:09,969 123155 DEBUG    [tempest.lib.common.rest_client] Request - Headers: {'Content-Type': 'application/json', 'Accept': 'application/json', 'X-Auth-Token': '<omitted>'}
        Body: None
    Response - Headers: {'date': 'Thu, 19 Feb 2026 12:16:09 GMT', 'server': 'Apache/2.4.58 (Ubuntu)', 'content-ty
    pe': 'application/json', 'x-compute-request-id': 'req-fd62b70f-2162-4a7f-b1ea-f89438e53f04', 'content-length': '844', 'openstack-api-version': 'volume 3.0', 'vary': 'OpenStack-API-Version', 'x-openstack-request-id': 'req-fd62b70f-2162-4a7f-b1ea-f89438e53f04', 'connection': 'close', 'status': '200', 'content-location': 'http://10.132.44.205/volume/v3/volumes/cd54bc08-dd8a-49b7-a1e8-b840fb0d13c1'}
        Body: b'{"volume": {"id": "cd54bc08-dd8a-49b7-a1e8-b840fb0d13c1", "status": "error", "size": 1, "availability_zone": "nova", "created_at": "2026-02-19T12:16:09.000000", "updated_at": "2026-02-19T12:16:09.000000", "name": "tempest-VolumesTransfersTest-Volume-1421000671", "description": null, "volume_type": "nvmetcp1", "snapshot_id": null, "source_volid": null, "metadata": {}, "links": [{"rel": "self", "href": "http://10.132.44.205/volume/v3/volumes/cd54bc08-dd8a-49b7-a1e8-b840fb0d13c1"}, {"rel": "bookmark", "href": "http://10.132.44.205/volume/volumes/cd54bc08-dd8a-49b7-a1e8-b840fb0d13c1"}], "user_id": "e69318350cfd49bfafc910084b7b0264", "bootable": "false", "encrypted": false, "replication_status": null, "consistencygroup_id": null, "multiattach": false, "attachments": [], "os-vol-tenant-attr:tenant_id": "d7905bb907984de891c901648c369236"}}'
2026-02-19 12:16:10,045 123155 INFO     [tempest.lib.common.rest_client] Request (VolumesTransfersTest:_run_cleanups): 200 GET http://10.132.44.205/volume/v3/volumes/cd54bc08-dd8a-49b7-a1e8-b840fb0d13c1 0.059s
2026-02-19 12:16:10,046 123155 DEBUG    [tempest.lib.common.rest_client] Request - Headers: {'Content-Type': 'application/json', 'Accept': 'application/json', 'X-Auth-Token': '<omitted>'}
        Body: None
    Response - Headers: {'date': 'Thu, 19 Feb 2026 12:16:09 GMT', 'server': 'Apache/2.4.58 (Ubuntu)', 'content-type': 'application/json', 'x-compute-request-id': 'req-e63dd944-2b97-4fca-b691-b3215b0cb46f', 'content-length': '844', 'openstack-api-version': 'volume 3.0', 'vary': 'OpenStack-API-Version', 'x-openstack-request-id': 'req-e63dd944-2b97-4fca-b691-b3215b0cb46f', 'connection': 'close', 'status': '200', 'content-location': 'http://10.132.44.205/volume/v3/volumes/cd54bc08-dd8a-49b7-a1e8-b840fb0d13c1'}
        Body: b'{"volume": {"id": "cd54bc08-dd8a-49b7-a1e8-b840fb0d13c1", "status": "error", "size": 1, "availability_zone": "nova", "created_at": "2026-02-19T12:16:09.000000", "updated_at": "2026-02-19T12:16:09.000000", "name": "tempest-VolumesTransfersTest-Volume-1421000671", "description": null, "volume_type": "nvmetcp1", "snapshot_id": null, "source_volid": null, "metadata": {}, "links": [{"rel": "self", "href": "http://10.132.44.205/volume/v3/volumes/cd54bc08-dd8a-49b7-a1e8-b840fb0d13c1"}, {"rel": "bookmark", "href": "http://10.132.44.205/volume/volumes/cd54bc08-dd8a-49b7-a1e8-b840fb0d13c1"}], "user_id": "e69318350cfd49bfafc910084b7b0264", "bootable": "false", "encrypted": false, "replication_status": null, "consistencygroup_id": null, "multiattach": false, "attachments": [], "os-vol-tenant-attr:tenant_id": "d7905bb907984de891c901648c369236"}}'
2026-02-19 12:16:10,212 123155 INFO     [tempest.lib.common.rest_client] Request (VolumesTransfersTest:_run_cleanups): 202 DELETE http://10.132.44.205/volume/v3/volumes/cd54bc08-dd8a-49b7-a1e8-b840fb0d13c1 0.149s
2026-02-19 12:16:10,212 123155 DEBUG    [tempest.lib.common.rest_client] Request - Headers: {'Content-Type': 'application/json', 'Accept': 'application/json', 'X-Auth-Token': '<omitted>'}
        Body: None
    Response - Headers: {'date': 'Thu, 19 Feb 2026 12:16:10 GMT', 'server': 'Apache/2.4.58 (Ubuntu)', 'content-length': '0', 'content-type': 'text/html; charset=UTF-8', 'openstack-api-version': 'volume 3.0', 'vary': 'OpenStack-API-Version', 'x-openstack-request-id': 'req-a89156f0-756e-476f-bc02-af80eca09f43', 'connection': 'close', 'status': '202', 'content-location': 'http://10.132.44.205/volume/v3/volumes/cd54bc08-dd8a-49b7-a1e8-b840fb0d13c1'}
        Body: b''
2026-02-19 12:16:10,242 123155 INFO     [tempest.lib.common.rest_client] Request (VolumesTransfersTest:_run_cleanups): 404 GET http://10.132.44.205/volume/v
    3/volumes/cd54bc08-dd8a-49b7-a1e8-b840fb0d13c1 0.029s
2026-02-19 12:16:10,243 123155 DEBUG    [tempest.lib.common.rest_client] Request - Headers: {'Content-Type': 'application/json', 'Accept': 'application/json', 'X-Auth-Token': '<omitted>'}
        Body: None
    Response - Headers: {'date': 'Thu, 19 Feb 2026 12:16:10 GMT', 'server': 'Apache/2.4.58 (Ubuntu)', 'openstack-api-version': 'volume 3.0', 'vary': 'OpenStack-API-Version', 'content-length': '109', 'content-type': 'application/json', 'x-compute-request-id': 'req-6e78be13-befb-43f9-84ed-ef2d72865ffd', 'x-openstack-request-id': 'req-6e78be13-befb-43f9-84ed-ef2d72865ffd', 'connection': 'close', 'status': '404', 'content-location': 'http://10.132.44.205/volume/v3/volumes/cd54bc08-dd8a-49b7-a1e8-b840fb0d13c1'}
        Body: b'{"itemNotFound": {"code": 404, "message": "Volume cd54bc08-dd8a-49b7-a1e8-b840fb0d13c1 could not be found."}}'

{0} tempest.api.volume.test_volume_transfers.VolumesTransfersTest.test_create_list_delete_volume_transfer [1.756855s] ... FAILED

Captured traceback:
~~~~~~~~~~~~~~~~~~~
    Traceback (most recent call last):

      File "/opt/stack/tempest/tempest/api/volume/test_volume_transfers.py", line 81, in test_create_list_delete_volume_transfer
    volume = self.create_volume()
             ^^^^^^^^^^^^^^^^^^^^

      File "/opt/stack/tempest/tempest/api/volume/base.py", line 144, in create_volume
    waiters.wait_for_volume_resource_status(self.volumes_client,

      File "/opt/stack/tempest/tempest/common/waiters.py", line 379, in wait_for_volume_resource_status
    raise exceptions.VolumeResourceBuildErrorException(

    tempest.exceptions.VolumeResourceBuildErrorException: volume 9f29b286-9461-4ded-bf66-67761ce3fe48 failed to build and is in ERROR status


Captured pythonlogging:
~~~~~~~~~~~~~~~~~~~~~~~
    2026-02-19 12:16:10,568 123155 INFO     [tempest.lib.common.rest_client] Request (VolumesTransfersTest:test_create_list_delete_volume_transfer): 202 POST http://10.132.44.205/volume/v3/volumes 0.321s
2026-02-19 12:16:10,569 123155 DEBUG    [tempest.lib.common.rest_client] Request - Headers: {'Content-Type': 'application/json', 'Accept': 'application/json', 'X-Auth-Token': '<omitted>'}
        Body: {"volume": {"size": 1, "name": "tempest-VolumesTransfersTest-Volume-1734286246"}}
    Response - Headers: {'date': 'Thu, 19 Feb 2026 12:16:10 GMT', 'server': 'Apache/2.4.58 (Ubuntu)', 'content-type': 'application/json', 'x-compute-request-id': 'req-b0d867f6-2e68-4c0f-ad75-59b8430f6591', 'content-length': '755', 'openstack-api-version': 'volume 3.0', 'vary': 'OpenStack-API-Version', 'x-openstack-request-id': 'req-b0d867f6-2e68-4c0f-ad75-59b8430f6591', 'connection': 'close', 'status': '202', 'content-location': 'http://10.132.44.205/volume/v3/volumes'}
        Body: b'{"volume": {"id": "9f29b286-9461-4ded-bf66-67761ce3fe48", "status": "creating", "size": 1, "availability_zone": "nova", "created_at": "2026-02-19T12:16:10.468405", "updated_at": null, "name": "tempest-VolumesTransfersTest-Volume-1734286246", "description": null, "volume_type": "nvmetcp1", "snapshot_id": null, "source_volid": null, "metadata": {}, "links": [{"rel": "self", "href": "http://10.132.44.205/volume/v3/volumes/9f29b286-9461-4ded-bf66-67761ce3fe48"}, {"rel": "bookmark", "href": "http://10.132.44.205/volume/volumes/9f29b286-9461-4ded-bf66-67761ce3fe48"}], "user_id": "e69318350cfd49bfafc910084b7b0264", "bootable": "false", "encrypted": false, "replication_status": null, "consistencygroup_id": null, "multiattach": false, "attachments": []}}'
2026-02-19 12:16:10,627 123155 INFO     [tempest.lib.common.rest_client] Request (VolumesTransfersTest:test_create_list_delete_volume_transfer): 200 GET http://10.132.44.205/volume/v3/volumes/9f29b286-9461-4ded-bf66-67761ce3fe48 0.042s
2026-02-19 12:16:10,628 123155 DEBUG    [tempest.lib.common.rest_client] Request - Headers: {'Content-Type': 'application/json', 'Accept': 'application/json', 'X-Auth-Token': '<omitted>'}
        Body: None
    Response - Headers: {'date': 'Thu, 19 Feb 2026 12:16:10 GMT', 'server': 'Apache/2.4.58 (Ubuntu)', 'content-type': 'application/json', 'x-compute-request-id': 'req-77221252-7733-4078-96c1-416fa0e5ef41', 'content-length': '823', 'openstack-api-version': 'volume 3.0', 'vary': 'OpenStack-API-Version', 'x-openstack-request-id': 'req-77221252-7733-4078-96c1-416fa0e5ef41', 'connection': 'close', 'status': '200', 'content-location': 'http://10.132.44.205/volume/v3/volumes/9f29b286-9461-4ded-bf66-67761ce3fe48'}
        Body: b'{"volume": {"id": "9f29b286-9461-4ded-bf66-67761ce3fe48", "status": "creating", "size": 1, "availability_zone": "nova", "created_at": "2026-02-19T12:16:10.000000", "updated_at": null, "name": "tempest-VolumesTransfersTest-Volume-1734286246", "description": null, "volume_type": "nvmetcp1", "snapshot_id": null, "source_volid": null, "metadata": {}, "links": [{"rel": "self", "href": "http://10.132.44.205/volume/v3/volumes/9f29b286-9461-4ded-bf66-67761ce3fe48"}, {"rel": "bookmark", "href": "http://10.132.44.205/volume/volumes/9f29b286-9461-4ded-bf66-67761ce3fe48"}], "user_id": "e69318350cfd49bfafc910084b7b0264", "bootable": "false", "encrypted": false, "replication_status": null, "consistencygroup_id": null, "multiattach": false, "attachments": [], "os-vol-tenant-attr:tenant_id": "d7905bb907984de891c901648c369236"}}'
2026-02-19 12:16:11,708 123155 INFO     [tempest.lib.common.rest_client] Request (VolumesTransfersTest:test_create_list_delete_volume_transfer): 200 GET http://10.132.44.205/volume/v3/volumes/9f29b286-9461-4ded-bf66-67761ce3fe48 0.059s
2026-02-19 12:16:11,708 123155 DEBUG    [tempest.lib.common.rest_client] Request - Headers: {'Content-Type': 'application/json', 'Accept': 'application/json', 'X-Auth-Token': '<omitted>'}
        Body: None
    Response - Headers: {'date': 'Thu, 19 Feb 2026 12:16:11 GMT', 'server': 'Apache/2.4.58 (Ubuntu)', 'content-type': 'applic
    ation/json', 'x-compute-request-id': 'req-18d6397b-9ebb-4d51-818d-6e4565846197', 'content-length': '844', 'openstack-api-version': 'volume 3.0', 'vary': 'OpenStack-API-Version', 'x-openstack-request-id': 'req-18d6397b-9ebb-4d51-818d-6e4565846197', 'connection': 'close', 'status': '200', 'content-location': 'http://10.132.44.205/volume/v3/volumes/9f29b286-9461-4ded-bf66-67761ce3fe48'}
        Body: b'{"volume": {"id": "9f29b286-9461-4ded-bf66-67761ce3fe48", "status": "error", "size": 1, "availability_zone": "nova", "created_at": "2026-02-19T12:16:10.000000", "updated_at": "2026-02-19T12:16:11.000000", "name": "tempest-VolumesTransfersTest-Volume-1734286246", "description": null, "volume_type": "nvmetcp1", "snapshot_id": null, "source_volid": null, "metadata": {}, "links": [{"rel": "self", "href": "http://10.132.44.205/volume/v3/volumes/9f29b286-9461-4ded-bf66-67761ce3fe48"}, {"rel": "bookmark", "href": "http://10.132.44.205/volume/volumes/9f29b286-9461-4ded-bf66-67761ce3fe48"}], "user_id": "e69318350cfd49bfafc910084b7b0264", "bootable": "false", "encrypted": false, "replication_status": null, "consistencygroup_id": null, "multiattach": false, "attachments": [], "os-vol-tenant-attr:tenant_id": "d7905bb907984de891c901648c369236"}}'
2026-02-19 12:16:11,782 123155 INFO     [tempest.lib.common.rest_client] Request (VolumesTransfersTest:_run_cleanups): 200 GET http://10.132.44.205/volume/v3/volumes/9f29b286-9461-4ded-bf66-67761ce3fe48 0.056s
2026-02-19 12:16:11,783 123155 DEBUG    [tempest.lib.common.rest_client] Request - Headers: {'Content-Type': 'application/json', 'Accept': 'application/json', 'X-Auth-Token': '<omitted>'}
        Body: None
    Response - Headers: {'date': 'Thu, 19 Feb 2026 12:16:11 GMT', 'server': 'Apache/2.4.58 (Ubuntu)', 'content-type': 'application/json', 'x-compute-request-id': 'req-16fc3351-78ee-46a8-ab88-8db475833653', 'content-length': '844', 'openstack-api-version': 'volume 3.0', 'vary': 'OpenStack-API-Version', 'x-openstack-request-id': 'req-16fc3351-78ee-46a8-ab88-8db475833653', 'connection': 'close', 'status': '200', 'content-location': 'http://10.132.44.205/volume/v3/volumes/9f29b286-9461-4ded-bf66-67761ce3fe48'}
        Body: b'{"volume": {"id": "9f29b286-9461-4ded-bf66-67761ce3fe48", "status": "error", "size": 1, "availability_zone": "nova", "created_at": "2026-02-19T12:16:10.000000", "updated_at": "2026-02-19T12:16:11.000000", "name": "tempest-VolumesTransfersTest-Volume-1734286246", "description": null, "volume_type": "nvmetcp1", "snapshot_id": null, "source_volid": null, "metadata": {}, "links": [{"rel": "self", "href": "http://10.132.44.205/volume/v3/volumes/9f29b286-9461-4ded-bf66-67761ce3fe48"}, {"rel": "bookmark", "href": "http://10.132.44.205/volume/volumes/9f29b286-9461-4ded-bf66-67761ce3fe48"}], "user_id": "e69318350cfd49bfafc910084b7b0264", "bootable": "false", "encrypted": false, "replication_status": null, "consistencygroup_id": null, "multiattach": false, "attachments": [], "os-vol-tenant-attr:tenant_id": "d7905bb907984de891c901648c369236"}}'
2026-02-19 12:16:11,970 123155 INFO     [tempest.lib.common.rest_client] Request (VolumesTransfersTest:_run_cleanups): 202 DELETE http://10.132.44.205/volume/v3/volumes/9f29b286-9461-4ded-bf66-67761ce3fe48 0.171s
2026-02-19 12:16:11,971 123155 DEBUG    [tempest.lib.common.rest_client] Request - Headers: {'Content-Type': 'application/json', 'Accept': 'application/json', 'X-Auth-Token': '<omitted>'}
        Body: None
    Response - Headers: {'date': 'Thu, 19 Feb 2026 12:16:11 GMT', 'server': 'Apache/2.4.58 (Ubuntu)', 'content-length': '0', 'content-type': 'text/html; charset=UTF-8', 'openstack-api-version': 'volume 3.0', 'vary': 'OpenStack-API-Version', 'x-openstack-request-id': 'req-196ae43f-6c80-415c-9deb-41262cf516ac', 'connection': 'close', 'status': '202', 'content-location': 'http://10.132.44.205/volume/v3/volumes/9f29b286-9461-4ded-bf66-67761ce3fe48'}
        Body: b''
2026-02-19 12:16:12,001 123155 INFO     [tempest.lib.common.rest_client] Request (VolumesTransfersTest:_run_cleanups): 404 GET http://10.132.44.205/volume/v3/volumes/9f
    29b286-9461-4ded-bf66-67761ce3fe48 0.030s
2026-02-19 12:16:12,002 123155 DEBUG    [tempest.lib.common.rest_client] Request - Headers: {'Content-Type': 'application/json', 'Accept': 'application/json', 'X-Auth-Token': '<omitted>'}
        Body: None
    Response - Headers: {'date': 'Thu, 19 Feb 2026 12:16:11 GMT', 'server': 'Apache/2.4.58 (Ubuntu)', 'openstack-api-version': 'volume 3.0', 'vary': 'OpenStack-API-Version', 'content-length': '109', 'content-type': 'application/json', 'x-compute-request-id': 'req-d9517af8-b17c-4936-b06e-57be9b2463ab', 'x-openstack-request-id': 'req-d9517af8-b17c-4936-b06e-57be9b2463ab', 'connection': 'close', 'status': '404', 'content-location': 'http://10.132.44.205/volume/v3/volumes/9f29b286-9461-4ded-bf66-67761ce3fe48'}
        Body: b'{"itemNotFound": {"code": 404, "message": "Volume 9f29b286-9461-4ded-bf66-67761ce3fe48 could not be found."}}'

{0} tempest.api.volume.test_volume_transfers.VolumesTransfersV355Test.test_create_get_list_accept_volume_transfer [2.028273s] ... FAILED

Captured traceback:
~~~~~~~~~~~~~~~~~~~
    Traceback (most recent call last):

      File "/opt/stack/tempest/tempest/api/volume/test_volume_transfers.py", line 125, in test_create_get_list_accept_volume_transfer
    test_create_get_list_accept_volume_transfer()

      File "/opt/stack/tempest/tempest/api/volume/test_volume_transfers.py", line 40, in test_create_get_list_accept_volume_transfer
    volume = self.create_volume()
             ^^^^^^^^^^^^^^^^^^^^

      File "/opt/stack/tempest/tempest/api/volume/base.py", line 144, in create_volume
    waiters.wait_for_volume_resource_status(self.volumes_client,

      File "/opt/stack/tempest/tempest/common/waiters.py", line 379, in wait_for_volume_resource_status
    raise exceptions.VolumeResourceBuildErrorException(

    tempest.exceptions.VolumeResourceBuildErrorException: volume fbd78f1f-60cb-4097-a4de-b960e7135215 failed to build and is in ERROR status


Captured pythonlogging:
~~~~~~~~~~~~~~~~~~~~~~~
    2026-02-19 12:16:18,860 123155 INFO     [tempest.lib.common.rest_client] Request (VolumesTransfersV355Test:test_create_get_list_accept_volume_transfer): 202 POST http://10.132.44.205/volume/v3/volumes 0.600s
2026-02-19 12:16:18,860 123155 DEBUG    [tempest.lib.common.rest_client] Request - Headers: {'Content-Type': 'application/json', 'Accept': 'application/json', 'Openstack-Api-Version': 'volume 3.55', 'X-Auth-Token': '<omitted>'}
        Body: {"volume": {"size": 1, "name": "tempest-VolumesTransfersV355Test-Volume-1572313344"}}
    Response - Headers: {'date': 'Thu, 19 Feb 2026 12:16:18 GMT', 'server': 'Apache/2.4.58 (Ubuntu)', 'content-type': 'application/json', 'x-compute-request-id': 'req-ce5d7b10-dd98-476e-910f-f61c90f234f1', 'content-length': '823', 'openstack-api-version': 'volume 3.55', 'vary': 'OpenStack-API-Version', 'x-openstack-request-id': 'req-ce5d7b10-dd98-476e-910f-f61c90f234f1', 'connection': 'close', 'status': '202', 'content-location': 'http://10.132.44.205/volume/v3/volumes'}
        Body: b'{"volume": {"id": "fbd78f1f-60cb-4097-a4de-b960e7135215", "status": "creating", "size": 1, "availability_zone": "nova", "created_at": "2026-02-19T12:16:18.716123", "updated_at": null, "name": "tempest-VolumesTransfersV355Test-Volume-1572313344", "description": null, "volume_type": "nvmetcp1", "snapshot_id": null, "source_volid": null, "metadata": {}, "links": [{"rel": "self", "href": "http://10.132.44.205/volume/v3/volumes/fbd78f1f-60cb-4097-a4de-b960e7135215"}, {"rel": "bookmark", "href": "http://10.132.44.205/volume/volumes/fbd78f1f-60cb-4097-a4de-b960e7135215"}], "user_id": "e79e612e847e4605aeb8f5072099872e", "bootable": "false", "encrypted": false, "replication_status": null, "consistencygroup_id": null, "multiattach": false, "attachments": [], "group_id": null, "shared_targets": true, "service_uuid": null}}'
2026-02-19 12:16:18,935 123155 INFO     [tempest.lib.common.rest_client] Request (VolumesTransfersV355Test:test_create_get_list_accept_volume_transfer): 200 GET http://10.132.44.205/volume/v3/volumes/fbd78f1f-60cb-4097-a4de-b960e7135215 0.060s
2026-02-19 12:16:18,935 123155 DEBUG    [tempest.lib.common.rest_client] Request - Headers: {'Content-Type': 'application/json', 'Accept': 'application/json', 'Openstack-Api-Version': 'volume 3.55', 'X-Auth-Token': '<omitted>'}
        Body: None
    Response - Headers: {'date': 'Thu, 19 Feb 2026 12:16:18 GMT', 'server': 'Apache/2.4.58 (Ubuntu)', 'content-type': 'application/json', 'x-compute-request-id': 'req-f9261bb6-a126-4c49-a740-4dd2f1eae0aa', 'content-length': '891', 'openstack-api-version': 'volume 3.55', 'vary': 'OpenStack-API-Version', 'x-openstack-request-id': 'req-f9261bb6-a126-4c49-a740-4dd2f1eae0aa', 'connection': 'close', 'status': '200', 'content-location': 'http://10.132.44.205/volume/v3/volumes/fbd78f1f-60cb-4097-a4de-b960e7135215'}
        Body: b'{"volume": {"id": "fbd78f1f-60cb-4097-a4de-b960e7135215", "status": "creating", "size": 1, "availability_zone": "nova", "created_at": "2026-02-19T12:16:19.000000", "updated_at": null, "name": "tempest-VolumesTransfersV355Test-Volume-1572313344", "description": null, "volume_type": "nvmetcp1", "snapshot_id": null, "source_volid": null, "metadata": {}, "links": [{"rel": "self", "href": "http://10.132.44.205/volume/v3/volumes/fbd78f1f-60cb-4097-a4de-b960e7135215"}, {"rel": "bookmark", "href": "http://10.132.44.205/volume/volumes/fbd78f1f-60cb-4097-a4de-b960e7135215"}], "user_id": "e79e612e847e4605aeb8f5072099872e", "bootable": "false", "encrypted": false, "replication_status": null, "consistencygroup_id": null, "multiattach": false, "attachments": [], "group_id": null, "shared_targets": true, "service_uuid": null, "os-vol-tenant-attr:tenant_id": "b16a2f805dbe4fca883b44d6d16adcbb"}}'
2026-02-19 12:16:20,010 123155 INFO     [tempest.lib.common.rest_client] Request (VolumesTransfersV355Test:test_create_get_list_accept_volume_transfer): 200 GET http://10.132.44.205/volume/v3/volumes/fbd78f1f-60cb-4097-a4de-b960e7135215 0.058s
2026-02-19 12:16:20,010 123155 DEBUG    [tempest.lib.common.rest_client] Request - Hea
    ders: {'Content-Type': 'application/json', 'Accept': 'application/json', 'Openstack-Api-Version': 'volume 3.55', 'X-Auth-Token': '<omitted>'}
        Body: None
    Response - Headers: {'date': 'Thu, 19 Feb 2026 12:16:19 GMT', 'server': 'Apache/2.4.58 (Ubuntu)', 'content-type': 'application/json', 'x-compute-request-id': 'req-92cde7a0-c42b-4870-9779-c27383142a3a', 'content-length': '912', 'openstack-api-version': 'volume 3.55', 'vary': 'OpenStack-API-Version', 'x-openstack-request-id': 'req-92cde7a0-c42b-4870-9779-c27383142a3a', 'connection': 'close', 'status': '200', 'content-location': 'http://10.132.44.205/volume/v3/volumes/fbd78f1f-60cb-4097-a4de-b960e7135215'}
        Body: b'{"volume": {"id": "fbd78f1f-60cb-4097-a4de-b960e7135215", "status": "error", "size": 1, "availability_zone": "nova", "created_at": "2026-02-19T12:16:19.000000", "updated_at": "2026-02-19T12:16:19.000000", "name": "tempest-VolumesTransfersV355Test-Volume-1572313344", "description": null, "volume_type": "nvmetcp1", "snapshot_id": null, "source_volid": null, "metadata": {}, "links": [{"rel": "self", "href": "http://10.132.44.205/volume/v3/volumes/fbd78f1f-60cb-4097-a4de-b960e7135215"}, {"rel": "bookmark", "href": "http://10.132.44.205/volume/volumes/fbd78f1f-60cb-4097-a4de-b960e7135215"}], "user_id": "e79e612e847e4605aeb8f5072099872e", "bootable": "false", "encrypted": false, "replication_status": null, "consistencygroup_id": null, "multiattach": false, "attachments": [], "group_id": null, "shared_targets": true, "service_uuid": null, "os-vol-tenant-attr:tenant_id": "b16a2f805dbe4fca883b44d6d16adcbb"}}'
2026-02-19 12:16:20,085 123155 INFO     [tempest.lib.common.rest_client] Request (VolumesTransfersV355Test:_run_cleanups): 200 GET http://10.132.44.205/volume/v3/volumes/fbd78f1f-60cb-4097-a4de-b960e7135215 0.059s
2026-02-19 12:16:20,085 123155 DEBUG    [tempest.lib.common.rest_client] Request - Headers: {'Content-Type': 'application/json', 'Accept': 'application/json', 'Openstack-Api-Version': 'volume 3.55', 'X-Auth-Token': '<omitted>'}
        Body: None
    Response - Headers: {'date': 'Thu, 19 Feb 2026 12:16:20 GMT', 'server': 'Apache/2.4.58 (Ubuntu)', 'content-type': 'application/json', 'x-compute-request-id': 'req-4cbcbcf7-cd4c-42ca-880a-64ebc3eb1894', 'content-length': '912', 'openstack-api-version': 'volume 3.55', 'vary': 'OpenStack-API-Version', 'x-openstack-request-id': 'req-4cbcbcf7-cd4c-42ca-880a-64ebc3eb1894', 'connection': 'close', 'status': '200', 'content-location': 'http://10.132.44.205/volume/v3/volumes/fbd78f1f-60cb-4097-a4de-b960e7135215'}
        Body: b'{"volume": {"id": "fbd78f1f-60cb-4097-a4de-b960e7135215", "status": "error", "size": 1, "availability_zone": "nova", "created_at": "2026-02-19T12:16:19.000000", "updated_at": "2026-02-19T12:16:19.000000", "name": "tempest-VolumesTransfersV355Test-Volume-1572313344", "description": null, "volume_type": "nvmetcp1", "snapshot_id": null, "source_volid": null, "metadata": {}, "links": [{"rel": "self", "href": "http://10.132.44.205/volume/v3/volumes/fbd78f1f-60cb-4097-a4de-b960e7135215"}, {"rel": "bookmark", "href": "http://10.132.44.205/volume/volumes/fbd78f1f-60cb-4097-a4de-b960e7135215"}], "user_id": "e79e612e847e4605aeb8f5072099872e", "bootable": "false", "encrypted": false, "replication_status": null, "consistencygroup_id": null, "multiattach": false, "attachments": [], "group_id": null, "shared_targets": true, "service_uuid": null, "os-vol-tenant-attr:tenant_id": "b16a2f805dbe4fca883b44d6d16adcbb"}}'
2026-02-19 12:16:20,254 123155 INFO     [tempest.lib.common.rest_client] Request (VolumesTransfersV355Test:_run_cleanups): 202 DELETE http://10.132.44.205/volume/v3/volumes/fbd78f1f-60cb-4097-a4de-b960e7135215 0.152s
2026-02-19 12:16:20,254 123155 DEBUG    [tempest.lib.common.rest_client] Request - Headers: {'Content-Type': 'application/json', 'Accept': 'application/json', 'Openstack-Api-Version': 'volume 3.55', 'X-Auth-Token': '<omitted>'}
        Body: None
    Response - Headers: {'date': 'Thu, 19 Feb 2026 12:16:20 GMT', 'server': 'Apache/2.4.58 (Ubuntu)', 'content-length': '0',
     'content-type': 'text/html; charset=UTF-8', 'openstack-api-version': 'volume 3.55', 'vary': 'OpenStack-API-Version', 'x-openstack-request-id': 'req-6eeaf0a5-b3f8-45b7-a2e1-d3958ac972e7', 'connection': 'close', 'status': '202', 'content-location': 'http://10.132.44.205/volume/v3/volumes/fbd78f1f-60cb-4097-a4de-b960e7135215'}
        Body: b''
2026-02-19 12:16:20,285 123155 INFO     [tempest.lib.common.rest_client] Request (VolumesTransfersV355Test:_run_cleanups): 404 GET http://10.132.44.205/volume/v3/volumes/fbd78f1f-60cb-4097-a4de-b960e7135215 0.030s
2026-02-19 12:16:20,286 123155 DEBUG    [tempest.lib.common.rest_client] Request - Headers: {'Content-Type': 'application/json', 'Accept': 'application/json', 'Openstack-Api-Version': 'volume 3.55', 'X-Auth-Token': '<omitted>'}
        Body: None
    Response - Headers: {'date': 'Thu, 19 Feb 2026 12:16:20 GMT', 'server': 'Apache/2.4.58 (Ubuntu)', 'openstack-api-version': 'volume 3.55', 'vary': 'OpenStack-API-Version', 'content-length': '109', 'content-type': 'application/json', 'x-compute-request-id': 'req-fd1d2f3d-cd5f-47b0-99dc-6d5abdd9e9e3', 'x-openstack-request-id': 'req-fd1d2f3d-cd5f-47b0-99dc-6d5abdd9e9e3', 'connection': 'close', 'status': '404', 'content-location': 'http://10.132.44.205/volume/v3/volumes/fbd78f1f-60cb-4097-a4de-b960e7135215'}
        Body: b'{"itemNotFound": {"code": 404, "message": "Volume fbd78f1f-60cb-4097-a4de-b960e7135215 could not be found."}}'

{0} tempest.api.volume.test_volume_transfers.VolumesTransfersV355Test.test_create_list_delete_volume_transfer [1.678257s] ... FAILED

Captured traceback:
~~~~~~~~~~~~~~~~~~~
    Traceback (most recent call last):

      File "/opt/stack/tempest/tempest/api/volume/test_volume_transfers.py", line 131, in test_create_list_delete_volume_transfer
    test_create_list_delete_volume_transfer()

      File "/opt/stack/tempest/tempest/api/volume/test_volume_transfers.py", line 81, in test_create_list_delete_volume_transfer
    volume = self.create_volume()
             ^^^^^^^^^^^^^^^^^^^^

      File "/opt/stack/tempest/tempest/api/volume/base.py", line 144, in create_volume
    waiters.wait_for_volume_resource_status(self.volumes_client,

      File "/opt/stack/tempest/tempest/common/waiters.py", line 379, in wait_for_volume_resource_status
    raise exceptions.VolumeResourceBuildErrorException(

    tempest.exceptions.VolumeResourceBuildErrorException: volume eebf43a1-d822-42f7-9e35-b03be7dda36b failed to build and is in ERROR status


Captured pythonlogging:
~~~~~~~~~~~~~~~~~~~~~~~
    2026-02-19 12:16:20,556 123155 INFO     [tempest.lib.common.rest_client] Request (VolumesTransfersV355Test:test_create_list_delete_volume_transfer): 202 POST http://10.132.44.205/volume/v3/volumes 0.267s
2026-02-19 12:16:20,557 123155 DEBUG    [tempest.lib.common.rest_client] Request - Headers: {'Content-Type': 'application/json', 'Accept': 'application/json', 'Openstack-Api-Version': 'volume 3.55', 'X-Auth-Token': '<omitted>'}
        Body: {"volume": {"size": 1, "name": "tempest-VolumesTransfersV355Test-Volume-159846129"}}
    Response - Headers: {'date': 'Thu, 19 Feb 2026 12:16:20 GMT', 'server': 'Apache/2.4.58 (Ubuntu)', 'content-type': 'application/json', 'x-compute-request-id': 'req-ea58a96d-e00e-4cbc-ac4b-489f920a8b11', 'content-length': '822', 'openstack-api-version': 'volume 3.55', 'vary': 'OpenStack-API-Version', 'x-openstack-request-id': 'req-ea58a96d-e00e-4cbc-ac4b-489f920a8b11', 'connection': 'close', 'status': '202', 'content-location': 'http://10.132.44.205/volume/v3/volumes'}
        Body: b'{"volume": {"id": "eebf43a1-d822-42f7-9e35-b03be7dda36b", "status": "creating", "size": 1, "availability_zone": "nova", "created_at": "2026-02-19T12:16:20.474856", "updated_at": null, "name": "tempest-VolumesTransfersV355Test-Volume-159846129", "description": null, "volume_type": "nvmetcp1", "snapshot_id": null, "source_volid": null, "metadata": {}, "links": [{"rel": "self", "href": "http://10.132.44.205/volume/v3/volumes/eebf43a1-d822-42f7-9e35-b03be7dda36b"}, {"rel": "bookmark", "href": "http://10.132.44.205/volume/volumes/eebf43a1-d822-42f7-9e35-b03be7dda36b"}], "user_id": "e79e612e847e4605aeb8f5072099872e", "bootable": "false", "encrypted": false, "replication_status": null, "consistencygroup_id": null, "multiattach": false, "attachments": [], "group_id": null, "shared_targets": true, "service_uuid": null}}'
2026-02-19 12:16:20,602 123155 INFO     [tempest.lib.common.rest_client] Request (VolumesTransfersV355Test:test_create_list_delete_volume_transfer): 200 GET http://10.132.44.205/volume/v3/volumes/eebf43a1-d822-42f7-9e35-b03be7dda36b 0.038s
2026-02-19 12:16:20,603 123155 DEBUG    [tempest.lib.common.rest_client] Request - Headers: {'Content-Type': 'application/json', 'Accept': 'application/json', 'Openstack-Api-Version': 'volume 3.55', 'X-Auth-Token': '<omitted>'}
        Body: None
    Response - Headers: {'date': 'Thu, 19 Feb 2026 12:16:20 GMT', 'server': 'Apache/2.4.58 (Ubuntu)', 'content-type': 'application/json', 'x-compute-request-id': 'req-777de017-cb36-49dd-81fb-8f436477581f', 'content-length': '890', 'openstack-api-version': 'volume 3.55', 'vary': 'OpenStack-API-Version', 'x-openstack-request-id': 'req-777de017-cb36-49dd-81fb-8f436477581f', 'connection': 'close', 'status': '200', 'content-location': 'http://10.132.44.205/volume/v3/volumes/eebf43a1-d822-42f7-9e35-b03be7dda36b'}
        Body: b'{"volume": {"id": "eebf43a1-d822-42f7-9e35-b03be7dda36b", "status": "creating", "size": 1, "availability_zone": "nova", "created_at": "2026-02-19T12:16:20.000000", "updated_at": null, "name": "tempest-VolumesTransfersV355Test-Volume-159846129", "description": null, "volume_type": "nvmetcp1", "snapshot_id": null, "source_volid": null, "metadata": {}, "links": [{"rel": "self", "href": "http://10.132.44.205/volume/v3/volumes/eebf43a1-d822-42f7-9e35-b03be7dda36b"}, {"rel": "bookmark", "href": "http://10.132.44.205/volume/volumes/eebf43a1-d822-42f7-9e35-b03be7dda36b"}], "user_id": "e79e612e847e4605aeb8f5072099872e", "bootable": "false", "encrypted": false, "replication_status": null, "consistencygroup_id": null, "multiattach": false, "attachments": [], "group_id": null, "shared_targets": true, "service_uuid": null, "os-vol-tenant-attr:tenant_id": "b16a2f805dbe4fca883b44d6d16adcbb"}}'
2026-02-19 12:16:21,676 123155 INFO     [tempest.lib.common.rest_client] Request (VolumesTransfersV355Test:test_create_list_delete_volume_transfer): 200 GET http://10.132.44.205/volume/v3/volumes/eebf43a1-d822-42f7-9e35-b03be7dda36b 0.059s
2026-02-19 12:16:21,676 123155 DEBUG    [tempest.lib.common.rest_client] Request - Headers: {'Content
    -Type': 'application/json', 'Accept': 'application/json', 'Openstack-Api-Version': 'volume 3.55', 'X-Auth-Token': '<omitted>'}
        Body: None
    Response - Headers: {'date': 'Thu, 19 Feb 2026 12:16:21 GMT', 'server': 'Apache/2.4.58 (Ubuntu)', 'content-type': 'application/json', 'x-compute-request-id': 'req-2bff12de-f239-416e-8d3a-77948dd06778', 'content-length': '911', 'openstack-api-version': 'volume 3.55', 'vary': 'OpenStack-API-Version', 'x-openstack-request-id': 'req-2bff12de-f239-416e-8d3a-77948dd06778', 'connection': 'close', 'status': '200', 'content-location': 'http://10.132.44.205/volume/v3/volumes/eebf43a1-d822-42f7-9e35-b03be7dda36b'}
        Body: b'{"volume": {"id": "eebf43a1-d822-42f7-9e35-b03be7dda36b", "status": "error", "size": 1, "availability_zone": "nova", "created_at": "2026-02-19T12:16:20.000000", "updated_at": "2026-02-19T12:16:21.000000", "name": "tempest-VolumesTransfersV355Test-Volume-159846129", "description": null, "volume_type": "nvmetcp1", "snapshot_id": null, "source_volid": null, "metadata": {}, "links": [{"rel": "self", "href": "http://10.132.44.205/volume/v3/volumes/eebf43a1-d822-42f7-9e35-b03be7dda36b"}, {"rel": "bookmark", "href": "http://10.132.44.205/volume/volumes/eebf43a1-d822-42f7-9e35-b03be7dda36b"}], "user_id": "e79e612e847e4605aeb8f5072099872e", "bootable": "false", "encrypted": false, "replication_status": null, "consistencygroup_id": null, "multiattach": false, "attachments": [], "group_id": null, "shared_targets": true, "service_uuid": null, "os-vol-tenant-attr:tenant_id": "b16a2f805dbe4fca883b44d6d16adcbb"}}'
2026-02-19 12:16:21,749 123155 INFO     [tempest.lib.common.rest_client] Request (VolumesTransfersV355Test:_run_cleanups): 200 GET http://10.132.44.205/volume/v3/volumes/eebf43a1-d822-42f7-9e35-b03be7dda36b 0.056s
2026-02-19 12:16:21,750 123155 DEBUG    [tempest.lib.common.rest_client] Request - Headers: {'Content-Type': 'application/json', 'Accept': 'application/json', 'Openstack-Api-Version': 'volume 3.55', 'X-Auth-Token': '<omitted>'}
        Body: None
    Response - Headers: {'date': 'Thu, 19 Feb 2026 12:16:21 GMT', 'server': 'Apache/2.4.58 (Ubuntu)', 'content-type': 'application/json', 'x-compute-request-id': 'req-16e3e44a-d0a1-43e7-9615-27a7be6615c4', 'content-length': '911', 'openstack-api-version': 'volume 3.55', 'vary': 'OpenStack-API-Version', 'x-openstack-request-id': 'req-16e3e44a-d0a1-43e7-9615-27a7be6615c4', 'connection': 'close', 'status': '200', 'content-location': 'http://10.132.44.205/volume/v3/volumes/eebf43a1-d822-42f7-9e35-b03be7dda36b'}
        Body: b'{"volume": {"id": "eebf43a1-d822-42f7-9e35-b03be7dda36b", "status": "error", "size": 1, "availability_zone": "nova", "created_at": "2026-02-19T12:16:20.000000", "updated_at": "2026-02-19T12:16:21.000000", "name": "tempest-VolumesTransfersV355Test-Volume-159846129", "description": null, "volume_type": "nvmetcp1", "snapshot_id": null, "source_volid": null, "metadata": {}, "links": [{"rel": "self", "href": "http://10.132.44.205/volume/v3/volumes/eebf43a1-d822-42f7-9e35-b03be7dda36b"}, {"rel": "bookmark", "href": "http://10.132.44.205/volume/volumes/eebf43a1-d822-42f7-9e35-b03be7dda36b"}], "user_id": "e79e612e847e4605aeb8f5072099872e", "bootable": "false", "encrypted": false, "replication_status": null, "consistencygroup_id": null, "multiattach": false, "attachments": [], "group_id": null, "shared_targets": true, "service_uuid": null, "os-vol-tenant-attr:tenant_id": "b16a2f805dbe4fca883b44d6d16adcbb"}}'
2026-02-19 12:16:21,930 123155 INFO     [tempest.lib.common.rest_client] Request (VolumesTransfersV355Test:_run_cleanups): 202 DELETE http://10.132.44.205/volume/v3/volumes/eebf43a1-d822-42f7-9e35-b03be7dda36b 0.164s
2026-02-19 12:16:21,931 123155 DEBUG    [tempest.lib.common.rest_client] Request - Headers: {'Content-Type': 'application/json', 'Accept': 'application/json', 'Openstack-Api-Version': 'volume 3.55', 'X-Auth-Token': '<omitted>'}
        Body: None
    Response - Headers: {'date': 'Thu, 19 Feb 2026 12:16:21 GMT', 'server': 'Apache/2.4.58 (Ubuntu)', 'content-length': '0', 'content-type': 
    'text/html; charset=UTF-8', 'openstack-api-version': 'volume 3.55', 'vary': 'OpenStack-API-Version', 'x-openstack-request-id': 'req-9a127d36-0f4f-42f2-9f50-d1000b891249', 'connection': 'close', 'status': '202', 'content-location': 'http://10.132.44.205/volume/v3/volumes/eebf43a1-d822-42f7-9e35-b03be7dda36b'}
        Body: b''
2026-02-19 12:16:21,966 123155 INFO     [tempest.lib.common.rest_client] Request (VolumesTransfersV355Test:_run_cleanups): 404 GET http://10.132.44.205/volume/v3/volumes/eebf43a1-d822-42f7-9e35-b03be7dda36b 0.034s
2026-02-19 12:16:21,966 123155 DEBUG    [tempest.lib.common.rest_client] Request - Headers: {'Content-Type': 'application/json', 'Accept': 'application/json', 'Openstack-Api-Version': 'volume 3.55', 'X-Auth-Token': '<omitted>'}
        Body: None
    Response - Headers: {'date': 'Thu, 19 Feb 2026 12:16:21 GMT', 'server': 'Apache/2.4.58 (Ubuntu)', 'openstack-api-version': 'volume 3.55', 'vary': 'OpenStack-API-Version', 'content-length': '109', 'content-type': 'application/json', 'x-compute-request-id': 'req-0d72e104-4d9a-4da5-b865-d303d8973a51', 'x-openstack-request-id': 'req-0d72e104-4d9a-4da5-b865-d303d8973a51', 'connection': 'close', 'status': '404', 'content-location': 'http://10.132.44.205/volume/v3/volumes/eebf43a1-d822-42f7-9e35-b03be7dda36b'}
        Body: b'{"itemNotFound": {"code": 404, "message": "Volume eebf43a1-d822-42f7-9e35-b03be7dda36b could not be found."}}'

{0} tempest.api.volume.test_volume_transfers.VolumesTransfersV357Test.test_create_get_list_accept_volume_transfer [1.916871s] ... FAILED

Captured traceback:
~~~~~~~~~~~~~~~~~~~
    Traceback (most recent call last):

      File "/opt/stack/tempest/tempest/api/volume/test_volume_transfers.py", line 144, in test_create_get_list_accept_volume_transfer
    test_create_get_list_accept_volume_transfer()

      File "/opt/stack/tempest/tempest/api/volume/test_volume_transfers.py", line 125, in test_create_get_list_accept_volume_transfer
    test_create_get_list_accept_volume_transfer()

      File "/opt/stack/tempest/tempest/api/volume/test_volume_transfers.py", line 40, in test_create_get_list_accept_volume_transfer
    volume = self.create_volume()
             ^^^^^^^^^^^^^^^^^^^^

      File "/opt/stack/tempest/tempest/api/volume/base.py", line 144, in create_volume
    waiters.wait_for_volume_resource_status(self.volumes_client,

      File "/opt/stack/tempest/tempest/common/waiters.py", line 379, in wait_for_volume_resource_status
    raise exceptions.VolumeResourceBuildErrorException(

    tempest.exceptions.VolumeResourceBuildErrorException: volume 2bd2aece-6f7c-49c4-9125-fc8a11e1b437 failed to build and is in ERROR status


Captured pythonlogging:
~~~~~~~~~~~~~~~~~~~~~~~
    2026-02-19 12:16:29,187 123155 INFO     [tempest.lib.common.rest_client] Request (VolumesTransfersV357Test:test_create_get_list_accept_volume_transfer): 202 POST http://10.132.44.205/volume/v3/volumes 0.493s
2026-02-19 12:16:29,188 123155 DEBUG    [tempest.lib.common.rest_client] Request - Headers: {'Content-Type': 'application/json', 'Accept': 'application/json', 'Openstack-Api-Version': 'volume 3.57', 'X-Auth-Token': '<omitted>'}
        Body: {"volume": {"size": 1, "name": "tempest-VolumesTransfersV357Test-Volume-521134572"}}
    Response - Headers: {'date': 'Thu, 19 Feb 2026 12:16:28 GMT', 'server': 'Apache/2.4.58 (Ubuntu)', 'content-type': 'application/json', 'x-compute-request-id': 'req-50f47b28-fc8d-4375-9784-08dfa38ee5aa', 'content-length': '822', 'openstack-api-version': 'volume 3.57', 'vary': 'OpenStack-API-Version', 'x-openstack-request-id': 'req-50f47b28-fc8d-4375-9784-08dfa38ee5aa', 'connection': 'close', 'status': '202', 'content-location': 'http://10.132.44.205/volume/v3/volumes'}
        Body: b'{"volume": {"id": "2bd2aece-6f7c-49c4-9125-fc8a11e1b437", "status": "creating", "size": 1, "availability_zone": "nova", "created_at": "2026-02-19T12:16:29.093243", "updated_at": null, "name": "tempest-VolumesTransfersV357Test-Volume-521134572", "description": null, "volume_type": "nvmetcp1", "snapshot_id": null, "source_volid": null, "metadata": {}, "links": [{"rel": "self", "href": "http://10.132.44.205/volume/v3/volumes/2bd2aece-6f7c-49c4-9125-fc8a11e1b437"}, {"rel": "bookmark", "href": "http://10.132.44.205/volume/volumes/2bd2aece-6f7c-49c4-9125-fc8a11e1b437"}], "user_id": "5685fddab8a14b188e59abe0f39bfe85", "bootable": "false", "encrypted": false, "replication_status": null, "consistencygroup_id": null, "multiattach": false, "attachments": [], "group_id": null, "shared_targets": true, "service_uuid": null}}'
2026-02-19 12:16:29,250 123155 INFO     [tempest.lib.common.rest_client] Request (VolumesTransfersV357Test:test_create_get_list_accept_volume_transfer): 200 GET http://10.132.44.205/volume/v3/volumes/2bd2aece-6f7c-49c4-9125-fc8a11e1b437 0.056s
2026-02-19 12:16:29,251 123155 DEBUG    [tempest.lib.common.rest_client] Request - Headers: {'Content-Type': 'application/json', 'Accept': 'application/json', 'Openstack-Api-Version': 'volume 3.57', 'X-Auth-Token': '<omitted>'}
        Body: None
    Response - Headers: {'date': 'Thu, 19 Feb 2026 12:16:29 GMT', 'server': 'Apache/2.4.58 (Ubuntu)', 'content-type': 'application/json', 'x-compute-request-id': 'req-f13ad4fa-63df-4b78-b4b6-0f0c8cfe84b3', 'content-length': '890', 'openstack-api-version': 'volume 3.57', 'vary': 'OpenStack-API-Version', 'x-openstack-request-id': 'req-f13ad4fa-63df-4b78-b4b6-0f0c8cfe84b3', 'connection': 'close', 'status': '200', 'content-location': 'http://10.132.44.205/volume/v3/volumes/2bd2aece-6f7c-49c4-9125-fc8a11e1b437'}
        Body: b'{"volume": {"id": "2bd2aece-6f7c-49c4-9125-fc8a11e1b437", "status": "creating", "size": 1, "availability_zone": "nova", "created_at": "2026-02-19T12:16:29.000000", "updated_at": null, "name": "tempest-VolumesTransfersV357Test-Volume-521134572", "description": null, "volume_type": "nvmetcp1", "snapshot_id": null, "source_volid": null, "metadata": {}, "links": [{"rel": "self", "href": "http://10.132.44.205/volume/v3/volumes/2bd2aece-6f7c-49c4-9125-fc8a11e1b437"}, {"rel": "bookmark", "href": "http://10.132.44.205/volume/volumes/2bd2aece-6f7c-49c4-9125-fc8a11e1b437"}], "user_id": "5685fddab8a14b188e59abe0f39bfe85", "bootable": "false", "encrypted": false, "replication_status": null, "consistencygroup_id": null, "multiattach": false, "attachments": [], "group_id": null, "shared_targets": true, "service_uuid": null, "os-vol-tenant-attr:tenant_id": "2775d821edf04901a97b54bd6e6d349e"}}'
2026-02-19 12:16:30,328 123155 INFO     [tempest.lib.common.rest_client] Request (VolumesTransfersV357Test:test_create_get_list_accept_volume_transfer): 200 GET http://10.132.44.205/volume/v3/volumes/2bd2aece-6f7c-49c4-9125-fc8a11e1b437 0.062s
2026-02-19 12:16:30,329 123155 DEBUG    [tempest.lib.common.rest_client] Request - Header
    s: {'Content-Type': 'application/json', 'Accept': 'application/json', 'Openstack-Api-Version': 'volume 3.57', 'X-Auth-Token': '<omitted>'}
        Body: None
    Response - Headers: {'date': 'Thu, 19 Feb 2026 12:16:30 GMT', 'server': 'Apache/2.4.58 (Ubuntu)', 'content-type': 'application/json', 'x-compute-request-id': 'req-a0b678d5-6473-4b89-a101-bc2b84e4b3d2', 'content-length': '911', 'openstack-api-version': 'volume 3.57', 'vary': 'OpenStack-API-Version', 'x-openstack-request-id': 'req-a0b678d5-6473-4b89-a101-bc2b84e4b3d2', 'connection': 'close', 'status': '200', 'content-location': 'http://10.132.44.205/volume/v3/volumes/2bd2aece-6f7c-49c4-9125-fc8a11e1b437'}
        Body: b'{"volume": {"id": "2bd2aece-6f7c-49c4-9125-fc8a11e1b437", "status": "error", "size": 1, "availability_zone": "nova", "created_at": "2026-02-19T12:16:29.000000", "updated_at": "2026-02-19T12:16:29.000000", "name": "tempest-VolumesTransfersV357Test-Volume-521134572", "description": null, "volume_type": "nvmetcp1", "snapshot_id": null, "source_volid": null, "metadata": {}, "links": [{"rel": "self", "href": "http://10.132.44.205/volume/v3/volumes/2bd2aece-6f7c-49c4-9125-fc8a11e1b437"}, {"rel": "bookmark", "href": "http://10.132.44.205/volume/volumes/2bd2aece-6f7c-49c4-9125-fc8a11e1b437"}], "user_id": "5685fddab8a14b188e59abe0f39bfe85", "bootable": "false", "encrypted": false, "replication_status": null, "consistencygroup_id": null, "multiattach": false, "attachments": [], "group_id": null, "shared_targets": true, "service_uuid": null, "os-vol-tenant-attr:tenant_id": "2775d821edf04901a97b54bd6e6d349e"}}'
2026-02-19 12:16:30,402 123155 INFO     [tempest.lib.common.rest_client] Request (VolumesTransfersV357Test:_run_cleanups): 200 GET http://10.132.44.205/volume/v3/volumes/2bd2aece-6f7c-49c4-9125-fc8a11e1b437 0.056s
2026-02-19 12:16:30,403 123155 DEBUG    [tempest.lib.common.rest_client] Request - Headers: {'Content-Type': 'application/json', 'Accept': 'application/json', 'Openstack-Api-Version': 'volume 3.57', 'X-Auth-Token': '<omitted>'}
        Body: None
    Response - Headers: {'date': 'Thu, 19 Feb 2026 12:16:30 GMT', 'server': 'Apache/2.4.58 (Ubuntu)', 'content-type': 'application/json', 'x-compute-request-id': 'req-8b134762-8e3c-498e-ae00-f18d416d3d71', 'content-length': '911', 'openstack-api-version': 'volume 3.57', 'vary': 'OpenStack-API-Version', 'x-openstack-request-id': 'req-8b134762-8e3c-498e-ae00-f18d416d3d71', 'connection': 'close', 'status': '200', 'content-location': 'http://10.132.44.205/volume/v3/volumes/2bd2aece-6f7c-49c4-9125-fc8a11e1b437'}
        Body: b'{"volume": {"id": "2bd2aece-6f7c-49c4-9125-fc8a11e1b437", "status": "error", "size": 1, "availability_zone": "nova", "created_at": "2026-02-19T12:16:29.000000", "updated_at": "2026-02-19T12:16:29.000000", "name": "tempest-VolumesTransfersV357Test-Volume-521134572", "description": null, "volume_type": "nvmetcp1", "snapshot_id": null, "source_volid": null, "metadata": {}, "links": [{"rel": "self", "href": "http://10.132.44.205/volume/v3/volumes/2bd2aece-6f7c-49c4-9125-fc8a11e1b437"}, {"rel": "bookmark", "href": "http://10.132.44.205/volume/volumes/2bd2aece-6f7c-49c4-9125-fc8a11e1b437"}], "user_id": "5685fddab8a14b188e59abe0f39bfe85", "bootable": "false", "encrypted": false, "replication_status": null, "consistencygroup_id": null, "multiattach": false, "attachments": [], "group_id": null, "shared_targets": true, "service_uuid": null, "os-vol-tenant-attr:tenant_id": "2775d821edf04901a97b54bd6e6d349e"}}'
2026-02-19 12:16:30,578 123155 INFO     [tempest.lib.common.rest_client] Request (VolumesTransfersV357Test:_run_cleanups): 202 DELETE http://10.132.44.205/volume/v3/volumes/2bd2aece-6f7c-49c4-9125-fc8a11e1b437 0.154s
2026-02-19 12:16:30,579 123155 DEBUG    [tempest.lib.common.rest_client] Request - Headers: {'Content-Type': 'application/json', 'Accept': 'application/json', 'Openstack-Api-Version': 'volume 3.57', 'X-Auth-Token': '<omitted>'}
        Body: None
    Response - Headers: {'date': 'Thu, 19 Feb 2026 12:16:30 GMT', 'server': 'Apache/2.4.58 (Ubuntu)', 'content-length': '0', 'con
    tent-type': 'text/html; charset=UTF-8', 'openstack-api-version': 'volume 3.57', 'vary': 'OpenStack-API-Version', 'x-openstack-request-id': 'req-6e11269b-45ca-403a-a1d4-1ecce6603a7d', 'connection': 'close', 'status': '202', 'content-location': 'http://10.132.44.205/volume/v3/volumes/2bd2aece-6f7c-49c4-9125-fc8a11e1b437'}
        Body: b''
2026-02-19 12:16:30,609 123155 INFO     [tempest.lib.common.rest_client] Request (VolumesTransfersV357Test:_run_cleanups): 404 GET http://10.132.44.205/volume/v3/volumes/2bd2aece-6f7c-49c4-9125-fc8a11e1b437 0.029s
2026-02-19 12:16:30,609 123155 DEBUG    [tempest.lib.common.rest_client] Request - Headers: {'Content-Type': 'application/json', 'Accept': 'application/json', 'Openstack-Api-Version': 'volume 3.57', 'X-Auth-Token': '<omitted>'}
        Body: None
    Response - Headers: {'date': 'Thu, 19 Feb 2026 12:16:30 GMT', 'server': 'Apache/2.4.58 (Ubuntu)', 'openstack-api-version': 'volume 3.57', 'vary': 'OpenStack-API-Version', 'content-length': '109', 'content-type': 'application/json', 'x-compute-request-id': 'req-4ae0eca4-2c6c-48ca-a596-f7166ec603a3', 'x-openstack-request-id': 'req-4ae0eca4-2c6c-48ca-a596-f7166ec603a3', 'connection': 'close', 'status': '404', 'content-location': 'http://10.132.44.205/volume/v3/volumes/2bd2aece-6f7c-49c4-9125-fc8a11e1b437'}
        Body: b'{"itemNotFound": {"code": 404, "message": "Volume 2bd2aece-6f7c-49c4-9125-fc8a11e1b437 could not be found."}}'

{0} tempest.api.volume.test_volume_transfers.VolumesTransfersV357Test.test_create_list_delete_volume_transfer [1.695769s] ... FAILED

Captured traceback:
~~~~~~~~~~~~~~~~~~~
    Traceback (most recent call last):

      File "/opt/stack/tempest/tempest/api/volume/test_volume_transfers.py", line 150, in test_create_list_delete_volume_transfer
    test_create_list_delete_volume_transfer()

      File "/opt/stack/tempest/tempest/api/volume/test_volume_transfers.py", line 131, in test_create_list_delete_volume_transfer
    test_create_list_delete_volume_transfer()

      File "/opt/stack/tempest/tempest/api/volume/test_volume_transfers.py", line 81, in test_create_list_delete_volume_transfer
    volume = self.create_volume()
             ^^^^^^^^^^^^^^^^^^^^

      File "/opt/stack/tempest/tempest/api/volume/base.py", line 144, in create_volume
    waiters.wait_for_volume_resource_status(self.volumes_client,

      File "/opt/stack/tempest/tempest/common/waiters.py", line 379, in wait_for_volume_resource_status
    raise exceptions.VolumeResourceBuildErrorException(

    tempest.exceptions.VolumeResourceBuildErrorException: volume 8e012455-f500-4a7f-adf1-7ca8f60f9440 failed to build and is in ERROR status


Captured pythonlogging:
~~~~~~~~~~~~~~~~~~~~~~~
    2026-02-19 12:16:30,849 123155 INFO     [tempest.lib.common.rest_client] Request (VolumesTransfersV357Test:test_create_list_delete_volume_transfer): 202 POST http://10.132.44.205/volume/v3/volumes 0.234s
2026-02-19 12:16:30,849 123155 DEBUG    [tempest.lib.common.rest_client] Request - Headers: {'Content-Type': 'application/json', 'Accept': 'application/json', 'Openstack-Api-Version': 'volume 3.57', 'X-Auth-Token': '<omitted>'}
        Body: {"volume": {"size": 1, "name": "tempest-VolumesTransfersV357Test-Volume-895943546"}}
    Response - Headers: {'date': 'Thu, 19 Feb 2026 12:16:30 GMT', 'server': 'Apache/2.4.58 (Ubuntu)', 'content-type': 'application/json', 'x-compute-request-id': 'req-3a8244ce-bb1e-4bbc-ae21-9116469fc49e', 'content-length': '822', 'openstack-api-version': 'volume 3.57', 'vary': 'OpenStack-API-Version', 'x-openstack-request-id': 'req-3a8244ce-bb1e-4bbc-ae21-9116469fc49e', 'connection': 'close', 'status': '202', 'content-location': 'http://10.132.44.205/volume/v3/volumes'}
        Body: b'{"volume": {"id": "8e012455-f500-4a7f-adf1-7ca8f60f9440", "status": "creating", "size": 1, "availability_zone": "nova", "created_at": "2026-02-19T12:16:30.762390", "updated_at": null, "name": "tempest-VolumesTransfersV357Test-Volume-895943546", "description": null, "volume_type": "nvmetcp1", "snapshot_id": null, "source_volid": null, "metadata": {}, "links": [{"rel": "self", "href": "http://10.132.44.205/volume/v3/volumes/8e012455-f500-4a7f-adf1-7ca8f60f9440"}, {"rel": "bookmark", "href": "http://10.132.44.205/volume/volumes/8e012455-f500-4a7f-adf1-7ca8f60f9440"}], "user_id": "5685fddab8a14b188e59abe0f39bfe85", "bootable": "false", "encrypted": false, "replication_status": null, "consistencygroup_id": null, "multiattach": false, "attachments": [], "group_id": null, "shared_targets": true, "service_uuid": null}}'
2026-02-19 12:16:30,910 123155 INFO     [tempest.lib.common.rest_client] Request (VolumesTransfersV357Test:test_create_list_delete_volume_transfer): 200 GET http://10.132.44.205/volume/v3/volumes/8e012455-f500-4a7f-adf1-7ca8f60f9440 0.052s
2026-02-19 12:16:30,910 123155 DEBUG    [tempest.lib.common.rest_client] Request - Headers: {'Content-Type': 'application/json', 'Accept': 'application/json', 'Openstack-Api-Version': 'volume 3.57', 'X-Auth-Token': '<omitted>'}
        Body: None
    Response - Headers: {'date': 'Thu, 19 Feb 2026 12:16:30 GMT', 'server': 'Apache/2.4.58 (Ubuntu)', 'content-type': 'application/json', 'x-compute-request-id': 'req-974d16aa-8c52-40f3-b303-fe2f103d69da', 'content-length': '890', 'openstack-api-version': 'volume 3.57', 'vary': 'OpenStack-API-Version', 'x-openstack-request-id': 'req-974d16aa-8c52-40f3-b303-fe2f103d69da', 'connection': 'close', 'status': '200', 'content-location': 'http://10.132.44.205/volume/v3/volumes/8e012455-f500-4a7f-adf1-7ca8f60f9440'}
        Body: b'{"volume": {"id": "8e012455-f500-4a7f-adf1-7ca8f60f9440", "status": "creating", "size": 1, "availability_zone": "nova", "created_at": "2026-02-19T12:16:31.000000", "updated_at": null, "name": "tempest-VolumesTransfersV357Test-Volume-895943546", "description": null, "volume_type": "nvmetcp1", "snapshot_id": null, "source_volid": null, "metadata": {}, "links": [{"rel": "self", "href": "http://10.132.44.205/volume/v3/volumes/8e012455-f500-4a7f-adf1-7ca8f60f9440"}, {"rel": "bookmark", "href": "http://10.132.44.205/volume/volumes/8e012455-f500-4a7f-adf1-7ca8f60f9440"}], "user_id": "5685fddab8a14b188e59abe0f39bfe85", "bootable": "false", "encrypted": false, "replication_status": null, "consistencygroup_id": null, "multiattach": false, "attachments": [], "group_id": null, "shared_targets": true, "service_uuid": null, "os-vol-tenant-attr:tenant_id": "2775d821edf04901a97b54bd6e6d349e"}}'
2026-02-19 12:16:31,996 123155 INFO     [tempest.lib.common.rest_client] Request (VolumesTransfersV357Test:test_create_list_delete_volume_transfer): 200 GET http://10.132.44.205/volume/v3/volumes/8e012455-f500-4a7f-adf1-7ca8f60f9440 0.062s
2026-02-19 12:16:31,996 123155 DEBUG    [tempest.lib.common.rest_client] Request - Headers: {'Content
    -Type': 'application/json', 'Accept': 'application/json', 'Openstack-Api-Version': 'volume 3.57', 'X-Auth-Token': '<omitted>'}
        Body: None
    Response - Headers: {'date': 'Thu, 19 Feb 2026 12:16:31 GMT', 'server': 'Apache/2.4.58 (Ubuntu)', 'content-type': 'application/json', 'x-compute-request-id': 'req-24901274-1232-4488-9402-d38038151300', 'content-length': '911', 'openstack-api-version': 'volume 3.57', 'vary': 'OpenStack-API-Version', 'x-openstack-request-id': 'req-24901274-1232-4488-9402-d38038151300', 'connection': 'close', 'status': '200', 'content-location': 'http://10.132.44.205/volume/v3/volumes/8e012455-f500-4a7f-adf1-7ca8f60f9440'}
        Body: b'{"volume": {"id": "8e012455-f500-4a7f-adf1-7ca8f60f9440", "status": "error", "size": 1, "availability_zone": "nova", "created_at": "2026-02-19T12:16:31.000000", "updated_at": "2026-02-19T12:16:31.000000", "name": "tempest-VolumesTransfersV357Test-Volume-895943546", "description": null, "volume_type": "nvmetcp1", "snapshot_id": null, "source_volid": null, "metadata": {}, "links": [{"rel": "self", "href": "http://10.132.44.205/volume/v3/volumes/8e012455-f500-4a7f-adf1-7ca8f60f9440"}, {"rel": "bookmark", "href": "http://10.132.44.205/volume/volumes/8e012455-f500-4a7f-adf1-7ca8f60f9440"}], "user_id": "5685fddab8a14b188e59abe0f39bfe85", "bootable": "false", "encrypted": false, "replication_status": null, "consistencygroup_id": null, "multiattach": false, "attachments": [], "group_id": null, "shared_targets": true, "service_uuid": null, "os-vol-tenant-attr:tenant_id": "2775d821edf04901a97b54bd6e6d349e"}}'
2026-02-19 12:16:32,073 123155 INFO     [tempest.lib.common.rest_client] Request (VolumesTransfersV357Test:_run_cleanups): 200 GET http://10.132.44.205/volume/v3/volumes/8e012455-f500-4a7f-adf1-7ca8f60f9440 0.057s
2026-02-19 12:16:32,073 123155 DEBUG    [tempest.lib.common.rest_client] Request - Headers: {'Content-Type': 'application/json', 'Accept': 'application/json', 'Openstack-Api-Version': 'volume 3.57', 'X-Auth-Token': '<omitted>'}
        Body: None
    Response - Headers: {'date': 'Thu, 19 Feb 2026 12:16:32 GMT', 'server': 'Apache/2.4.58 (Ubuntu)', 'content-type': 'application/json', 'x-compute-request-id': 'req-4a2ff40f-a0b1-4b65-8220-20795f989827', 'content-length': '911', 'openstack-api-version': 'volume 3.57', 'vary': 'OpenStack-API-Version', 'x-openstack-request-id': 'req-4a2ff40f-a0b1-4b65-8220-20795f989827', 'connection': 'close', 'status': '200', 'content-location': 'http://10.132.44.205/volume/v3/volumes/8e012455-f500-4a7f-adf1-7ca8f60f9440'}
        Body: b'{"volume": {"id": "8e012455-f500-4a7f-adf1-7ca8f60f9440", "status": "error", "size": 1, "availability_zone": "nova", "created_at": "2026-02-19T12:16:31.000000", "updated_at": "2026-02-19T12:16:31.000000", "name": "tempest-VolumesTransfersV357Test-Volume-895943546", "description": null, "volume_type": "nvmetcp1", "snapshot_id": null, "source_volid": null, "metadata": {}, "links": [{"rel": "self", "href": "http://10.132.44.205/volume/v3/volumes/8e012455-f500-4a7f-adf1-7ca8f60f9440"}, {"rel": "bookmark", "href": "http://10.132.44.205/volume/volumes/8e012455-f500-4a7f-adf1-7ca8f60f9440"}], "user_id": "5685fddab8a14b188e59abe0f39bfe85", "bootable": "false", "encrypted": false, "replication_status": null, "consistencygroup_id": null, "multiattach": false, "attachments": [], "group_id": null, "shared_targets": true, "service_uuid": null, "os-vol-tenant-attr:tenant_id": "2775d821edf04901a97b54bd6e6d349e"}}'
2026-02-19 12:16:32,272 123155 INFO     [tempest.lib.common.rest_client] Request (VolumesTransfersV357Test:_run_cleanups): 202 DELETE http://10.132.44.205/volume/v3/volumes/8e012455-f500-4a7f-adf1-7ca8f60f9440 0.186s
2026-02-19 12:16:32,273 123155 DEBUG    [tempest.lib.common.rest_client] Request - Headers: {'Content-Type': 'application/json', 'Accept': 'application/json', 'Openstack-Api-Version': 'volume 3.57', 'X-Auth-Token': '<omitted>'}
        Body: None
    Response - Headers: {'date': 'Thu, 19 Feb 2026 12:16:32 GMT', 'server': 'Apache/2.4.58 (Ubuntu)', 'content-length': '0', 'content-type': 
    'text/html; charset=UTF-8', 'openstack-api-version': 'volume 3.57', 'vary': 'OpenStack-API-Version', 'x-openstack-request-id': 'req-97510077-13ab-4634-b3f8-6111fece2020', 'connection': 'close', 'status': '202', 'content-location': 'http://10.132.44.205/volume/v3/volumes/8e012455-f500-4a7f-adf1-7ca8f60f9440'}
        Body: b''
2026-02-19 12:16:32,307 123155 INFO     [tempest.lib.common.rest_client] Request (VolumesTransfersV357Test:_run_cleanups): 404 GET http://10.132.44.205/volume/v3/volumes/8e012455-f500-4a7f-adf1-7ca8f60f9440 0.033s
2026-02-19 12:16:32,308 123155 DEBUG    [tempest.lib.common.rest_client] Request - Headers: {'Content-Type': 'application/json', 'Accept': 'application/json', 'Openstack-Api-Version': 'volume 3.57', 'X-Auth-Token': '<omitted>'}
        Body: None
    Response - Headers: {'date': 'Thu, 19 Feb 2026 12:16:32 GMT', 'server': 'Apache/2.4.58 (Ubuntu)', 'openstack-api-version': 'volume 3.57', 'vary': 'OpenStack-API-Version', 'content-length': '109', 'content-type': 'application/json', 'x-compute-request-id': 'req-58be0d84-c0b2-4ca2-a5f1-8c2851bf4d03', 'x-openstack-request-id': 'req-58be0d84-c0b2-4ca2-a5f1-8c2851bf4d03', 'connection': 'close', 'status': '404', 'content-location': 'http://10.132.44.205/volume/v3/volumes/8e012455-f500-4a7f-adf1-7ca8f60f9440'}
        Body: b'{"itemNotFound": {"code": 404, "message": "Volume 8e012455-f500-4a7f-adf1-7ca8f60f9440 could not be found."}}'

{0} tempest.api.volume.test_volumes_clone.VolumesCloneTest.test_create_from_volume [1.941527s] ... FAILED

Captured traceback:
~~~~~~~~~~~~~~~~~~~
    Traceback (most recent call last):

      File "/opt/stack/tempest/tempest/api/volume/test_volumes_clone.py", line 54, in test_create_from_volume
    src_vol = self.create_volume(size=src_size)
              ^^^^^^^^^^^^^^^^^^^^^^^^^^^^^^^^^

      File "/opt/stack/tempest/tempest/api/volume/base.py", line 144, in create_volume
    waiters.wait_for_volume_resource_status(self.volumes_client,

      File "/opt/stack/tempest/tempest/common/waiters.py", line 379, in wait_for_volume_resource_status
    raise exceptions.VolumeResourceBuildErrorException(

    tempest.exceptions.VolumeResourceBuildErrorException: volume 6dc39155-279c-4206-8474-c4c0ef707e20 failed to build and is in ERROR status


Captured pythonlogging:
~~~~~~~~~~~~~~~~~~~~~~~
    2026-02-19 12:16:37,469 123155 INFO     [tempest.lib.common.rest_client] Request (VolumesCloneTest:test_create_from_volume): 202 POST http://10.132.44.205/volume/v3/volumes 0.495s
2026-02-19 12:16:37,470 123155 DEBUG    [tempest.lib.common.rest_client] Request - Headers: {'Content-Type': 'application/json', 'Accept': 'application/json', 'X-Auth-Token': '<omitted>'}
        Body: {"volume": {"size": 1, "name": "tempest-VolumesCloneTest-Volume-2125408558"}}
    Response - Headers: {'date': 'Thu, 19 Feb 2026 12:16:36 GMT', 'server': 'Apache/2.4.58 (Ubuntu)', 'content-type': 'application/json', 'x-compute-request-id': 'req-edce53a7-0c54-4ae9-bd85-b123ab0ed0a1', 'content-length': '751', 'openstack-api-version': 'volume 3.0', 'vary': 'OpenStack-API-Version', 'x-openstack-request-id': 'req-edce53a7-0c54-4ae9-bd85-b123ab0ed0a1', 'connection': 'close', 'status': '202', 'content-location': 'http://10.132.44.205/volume/v3/volumes'}
        Body: b'{"volume": {"id": "6dc39155-279c-4206-8474-c4c0ef707e20", "status": "creating", "size": 1, "availability_zone": "nova", "created_at": "2026-02-19T12:16:37.340480", "updated_at": null, "name": "tempest-VolumesCloneTest-Volume-2125408558", "description": null, "volume_type": "nvmetcp1", "snapshot_id": null, "source_volid": null, "metadata": {}, "links": [{"rel": "self", "href": "http://10.132.44.205/volume/v3/volumes/6dc39155-279c-4206-8474-c4c0ef707e20"}, {"rel": "bookmark", "href": "http://10.132.44.205/volume/volumes/6dc39155-279c-4206-8474-c4c0ef707e20"}], "user_id": "30c92d33889e4caf9d6958d65a3df9d1", "bootable": "false", "encrypted": false, "replication_status": null, "consistencygroup_id": null, "multiattach": false, "attachments": []}}'
2026-02-19 12:16:37,530 123155 INFO     [tempest.lib.common.rest_client] Request (VolumesCloneTest:test_create_from_volume): 200 GET http://10.132.44.205/volume/v3/volumes/6dc39155-279c-4206-8474-c4c0ef707e20 0.048s
2026-02-19 12:16:37,531 123155 DEBUG    [tempest.lib.common.rest_client] Request - Headers: {'Content-Type': 'application/json', 'Accept': 'application/json', 'X-Auth-Token': '<omitted>'}
        Body: None
    Response - Headers: {'date': 'Thu, 19 Feb 2026 12:16:37 GMT', 'server': 'Apache/2.4.58 (Ubuntu)', 'content-type': 'application/json', 'x-compute-request-id': 'req-0e33ca27-0bbf-4c26-a4a7-0ab2c22cfd18', 'content-length': '819', 'openstack-api-version': 'volume 3.0', 'vary': 'OpenStack-API-Version', 'x-openstack-request-id': 'req-0e33ca27-0bbf-4c26-a4a7-0ab2c22cfd18', 'connection': 'close', 'status': '200', 'content-location': 'http://10.132.44.205/volume/v3/volumes/6dc39155-279c-4206-8474-c4c0ef707e20'}
        Body: b'{"volume": {"id": "6dc39155-279c-4206-8474-c4c0ef707e20", "status": "creating", "size": 1, "availability_zone": "nova", "created_at": "2026-02-19T12:16:37.000000", "updated_at": null, "name": "tempest-VolumesCloneTest-Volume-2125408558", "description": null, "volume_type": "nvmetcp1", "snapshot_id": null, "source_volid": null, "metadata": {}, "links": [{"rel": "self", "href": "http://10.132.44.205/volume/v3/volumes/6dc39155-279c-4206-8474-c4c0ef707e20"}, {"rel": "bookmark", "href": "http://10.132.44.205/volume/volumes/6dc39155-279c-4206-8474-c4c0ef707e20"}], "user_id": "30c92d33889e4caf9d6958d65a3df9d1", "bootable": "false", "encrypted": false, "replication_status": null, "consistencygroup_id": null, "multiattach": false, "attachments": [], "os-vol-tenant-attr:tenant_id": "a9aaca5f8e8049da9226dbb338990065"}}'
2026-02-19 12:16:38,612 123155 INFO     [tempest.lib.common.rest_client] Request (VolumesCloneTest:test_create_from_volume): 200 GET http://10.132.44.205/volume/v3/volumes/6dc39155-279c-4206-8474-c4c0ef707e20 0.063s
2026-02-19 12:16:38,613 123155 DEBUG    [tempest.lib.common.rest_client] Request - Headers: {'Content-Type': 'application/json', 'Accept': 'application/json', 'X-Auth-Token': '<omitted>'}
        Body: None
    Response - Headers: {'date': 'Thu, 19 Feb 2026 12:16:38 GMT', 'server': 'Apache/2.4.58 (Ubuntu)', 'content-type': 'application/json', 'x-compute-request-id': 'req-182740be-fe4c-4eb3-91e7-df17cb
    480e1f', 'content-length': '840', 'openstack-api-version': 'volume 3.0', 'vary': 'OpenStack-API-Version', 'x-openstack-request-id': 'req-182740be-fe4c-4eb3-91e7-df17cb480e1f', 'connection': 'close', 'status': '200', 'content-location': 'http://10.132.44.205/volume/v3/volumes/6dc39155-279c-4206-8474-c4c0ef707e20'}
        Body: b'{"volume": {"id": "6dc39155-279c-4206-8474-c4c0ef707e20", "status": "error", "size": 1, "availability_zone": "nova", "created_at": "2026-02-19T12:16:37.000000", "updated_at": "2026-02-19T12:16:38.000000", "name": "tempest-VolumesCloneTest-Volume-2125408558", "description": null, "volume_type": "nvmetcp1", "snapshot_id": null, "source_volid": null, "metadata": {}, "links": [{"rel": "self", "href": "http://10.132.44.205/volume/v3/volumes/6dc39155-279c-4206-8474-c4c0ef707e20"}, {"rel": "bookmark", "href": "http://10.132.44.205/volume/volumes/6dc39155-279c-4206-8474-c4c0ef707e20"}], "user_id": "30c92d33889e4caf9d6958d65a3df9d1", "bootable": "false", "encrypted": false, "replication_status": null, "consistencygroup_id": null, "multiattach": false, "attachments": [], "os-vol-tenant-attr:tenant_id": "a9aaca5f8e8049da9226dbb338990065"}}'
2026-02-19 12:16:38,690 123155 INFO     [tempest.lib.common.rest_client] Request (VolumesCloneTest:_run_cleanups): 200 GET http://10.132.44.205/volume/v3/volumes/6dc39155-279c-4206-8474-c4c0ef707e20 0.059s
2026-02-19 12:16:38,690 123155 DEBUG    [tempest.lib.common.rest_client] Request - Headers: {'Content-Type': 'application/json', 'Accept': 'application/json', 'X-Auth-Token': '<omitted>'}
        Body: None
    Response - Headers: {'date': 'Thu, 19 Feb 2026 12:16:38 GMT', 'server': 'Apache/2.4.58 (Ubuntu)', 'content-type': 'application/json', 'x-compute-request-id': 'req-de3f06e7-9155-49c1-80e9-ebb1a3e5bfa8', 'content-length': '840', 'openstack-api-version': 'volume 3.0', 'vary': 'OpenStack-API-Version', 'x-openstack-request-id': 'req-de3f06e7-9155-49c1-80e9-ebb1a3e5bfa8', 'connection': 'close', 'status': '200', 'content-location': 'http://10.132.44.205/volume/v3/volumes/6dc39155-279c-4206-8474-c4c0ef707e20'}
        Body: b'{"volume": {"id": "6dc39155-279c-4206-8474-c4c0ef707e20", "status": "error", "size": 1, "availability_zone": "nova", "created_at": "2026-02-19T12:16:37.000000", "updated_at": "2026-02-19T12:16:38.000000", "name": "tempest-VolumesCloneTest-Volume-2125408558", "description": null, "volume_type": "nvmetcp1", "snapshot_id": null, "source_volid": null, "metadata": {}, "links": [{"rel": "self", "href": "http://10.132.44.205/volume/v3/volumes/6dc39155-279c-4206-8474-c4c0ef707e20"}, {"rel": "bookmark", "href": "http://10.132.44.205/volume/volumes/6dc39155-279c-4206-8474-c4c0ef707e20"}], "user_id": "30c92d33889e4caf9d6958d65a3df9d1", "bootable": "false", "encrypted": false, "replication_status": null, "consistencygroup_id": null, "multiattach": false, "attachments": [], "os-vol-tenant-attr:tenant_id": "a9aaca5f8e8049da9226dbb338990065"}}'
2026-02-19 12:16:38,878 123155 INFO     [tempest.lib.common.rest_client] Request (VolumesCloneTest:_run_cleanups): 202 DELETE http://10.132.44.205/volume/v3/volumes/6dc39155-279c-4206-8474-c4c0ef707e20 0.169s
2026-02-19 12:16:38,879 123155 DEBUG    [tempest.lib.common.rest_client] Request - Headers: {'Content-Type': 'application/json', 'Accept': 'application/json', 'X-Auth-Token': '<omitted>'}
        Body: None
    Response - Headers: {'date': 'Thu, 19 Feb 2026 12:16:38 GMT', 'server': 'Apache/2.4.58 (Ubuntu)', 'content-length': '0', 'content-type': 'text/html; charset=UTF-8', 'openstack-api-version': 'volume 3.0', 'vary': 'OpenStack-API-Version', 'x-openstack-request-id': 'req-1fb3ee03-408d-4992-afe7-3d41882a1fb9', 'connection': 'close', 'status': '202', 'content-location': 'http://10.132.44.205/volume/v3/volumes/6dc39155-279c-4206-8474-c4c0ef707e20'}
        Body: b''
2026-02-19 12:16:38,913 123155 INFO     [tempest.lib.common.rest_client] Request (VolumesCloneTest:_run_cleanups): 404 GET http://10.132.44.205/volume/v3/volumes/6dc39155-279c-4206-8474-c4c0ef707e20 0.033s
2026-02-19 12:16:38,914 123155 DEBUG    [tempest.l
    ib.common.rest_client] Request - Headers: {'Content-Type': 'application/json', 'Accept': 'application/json', 'X-Auth-Token': '<omitted>'}
        Body: None
    Response - Headers: {'date': 'Thu, 19 Feb 2026 12:16:38 GMT', 'server': 'Apache/2.4.58 (Ubuntu)', 'openstack-api-version': 'volume 3.0', 'vary': 'OpenStack-API-Version', 'content-length': '109', 'content-type': 'application/json', 'x-compute-request-id': 'req-39aeec57-f4bd-4d95-b884-418c2fbc5e01', 'x-openstack-request-id': 'req-39aeec57-f4bd-4d95-b884-418c2fbc5e01', 'connection': 'close', 'status': '404', 'content-location': 'http://10.132.44.205/volume/v3/volumes/6dc39155-279c-4206-8474-c4c0ef707e20'}
        Body: b'{"itemNotFound": {"code": 404, "message": "Volume 6dc39155-279c-4206-8474-c4c0ef707e20 could not be found."}}'

{0} tempest.api.volume.test_volumes_clone_negative.VolumesCloneNegativeTest.test_create_from_volume_decreasing_size [1.918276s] ... FAILED

Captured traceback:
~~~~~~~~~~~~~~~~~~~
    Traceback (most recent call last):

      File "/opt/stack/tempest/tempest/api/volume/test_volumes_clone_negative.py", line 40, in test_create_from_volume_decreasing_size
    src_vol = self.create_volume(size=src_size)
              ^^^^^^^^^^^^^^^^^^^^^^^^^^^^^^^^^

      File "/opt/stack/tempest/tempest/api/volume/base.py", line 144, in create_volume
    waiters.wait_for_volume_resource_status(self.volumes_client,

      File "/opt/stack/tempest/tempest/common/waiters.py", line 379, in wait_for_volume_resource_status
    raise exceptions.VolumeResourceBuildErrorException(

    tempest.exceptions.VolumeResourceBuildErrorException: volume 8b2f8f0a-6d16-47c3-8dd6-c3577a63a38b failed to build and is in ERROR status


Captured pythonlogging:
~~~~~~~~~~~~~~~~~~~~~~~
    2026-02-19 12:16:41,992 123155 INFO     [tempest.lib.common.rest_client] Request (VolumesCloneNegativeTest:test_create_from_volume_decreasing_size): 202 POST http://10.132.44.205/volume/v3/volumes 0.470s
2026-02-19 12:16:41,993 123155 DEBUG    [tempest.lib.common.rest_client] Request - Headers: {'Content-Type': 'application/json', 'Accept': 'application/json', 'X-Auth-Token': '<omitted>'}
        Body: {"volume": {"size": 2, "name": "tempest-VolumesCloneNegativeTest-Volume-1279234968"}}
    Response - Headers: {'date': 'Thu, 19 Feb 2026 12:16:41 GMT', 'server': 'Apache/2.4.58 (Ubuntu)', 'content-type': 'application/json', 'x-compute-request-id': 'req-1a8e625c-c706-4c85-8457-92ffa4d90e76', 'content-length': '759', 'openstack-api-version': 'volume 3.0', 'vary': 'OpenStack-API-Version', 'x-openstack-request-id': 'req-1a8e625c-c706-4c85-8457-92ffa4d90e76', 'connection': 'close', 'status': '202', 'content-location': 'http://10.132.44.205/volume/v3/volumes'}
        Body: b'{"volume": {"id": "8b2f8f0a-6d16-47c3-8dd6-c3577a63a38b", "status": "creating", "size": 2, "availability_zone": "nova", "created_at": "2026-02-19T12:16:41.901920", "updated_at": null, "name": "tempest-VolumesCloneNegativeTest-Volume-1279234968", "description": null, "volume_type": "nvmetcp1", "snapshot_id": null, "source_volid": null, "metadata": {}, "links": [{"rel": "self", "href": "http://10.132.44.205/volume/v3/volumes/8b2f8f0a-6d16-47c3-8dd6-c3577a63a38b"}, {"rel": "bookmark", "href": "http://10.132.44.205/volume/volumes/8b2f8f0a-6d16-47c3-8dd6-c3577a63a38b"}], "user_id": "21bdf4ac764247f5b41e22297da0108a", "bootable": "false", "encrypted": false, "replication_status": null, "consistencygroup_id": null, "multiattach": false, "attachments": []}}'
2026-02-19 12:16:42,074 123155 INFO     [tempest.lib.common.rest_client] Request (VolumesCloneNegativeTest:test_create_from_volume_decreasing_size): 200 GET http://10.132.44.205/volume/v3/volumes/8b2f8f0a-6d16-47c3-8dd6-c3577a63a38b 0.060s
2026-02-19 12:16:42,074 123155 DEBUG    [tempest.lib.common.rest_client] Request - Headers: {'Content-Type': 'application/json', 'Accept': 'application/json', 'X-Auth-Token': '<omitted>'}
        Body: None
    Response - Headers: {'date': 'Thu, 19 Feb 2026 12:16:42 GMT', 'server': 'Apache/2.4.58 (Ubuntu)', 'content-type': 'application/json', 'x-compute-request-id': 'req-2b68c39d-0023-4436-8c61-cb764fc36c49', 'content-length': '827', 'openstack-api-version': 'volume 3.0', 'vary': 'OpenStack-API-Version', 'x-openstack-request-id': 'req-2b68c39d-0023-4436-8c61-cb764fc36c49', 'connection': 'close', 'status': '200', 'content-location': 'http://10.132.44.205/volume/v3/volumes/8b2f8f0a-6d16-47c3-8dd6-c3577a63a38b'}
        Body: b'{"volume": {"id": "8b2f8f0a-6d16-47c3-8dd6-c3577a63a38b", "status": "creating", "size": 2, "availability_zone": "nova", "created_at": "2026-02-19T12:16:42.000000", "updated_at": null, "name": "tempest-VolumesCloneNegativeTest-Volume-1279234968", "description": null, "volume_type": "nvmetcp1", "snapshot_id": null, "source_volid": null, "metadata": {}, "links": [{"rel": "self", "href": "http://10.132.44.205/volume/v3/volumes/8b2f8f0a-6d16-47c3-8dd6-c3577a63a38b"}, {"rel": "bookmark", "href": "http://10.132.44.205/volume/volumes/8b2f8f0a-6d16-47c3-8dd6-c3577a63a38b"}], "user_id": "21bdf4ac764247f5b41e22297da0108a", "bootable": "false", "encrypted": false, "replication_status": null, "consistencygroup_id": null, "multiattach": false, "attachments": [], "os-vol-tenant-attr:tenant_id": "28c4bb23f85644f79c17ae373fe9775f"}}'
2026-02-19 12:16:43,153 123155 INFO     [tempest.lib.common.rest_client] Request (VolumesCloneNegativeTest:test_create_from_volume_decreasing_size): 200 GET http://10.132.44.205/volume/v3/volumes/8b2f8f0a-6d16-47c3-8dd6-c3577a63a38b 0.061s
2026-02-19 12:16:43,154 123155 DEBUG    [tempest.lib.common.rest_client] Request - Headers: {'Content-Type': 'application/json', 'Accept': 'application/json', 'X-Auth-Token': '<omitted>'}
        Body: None
    Response - Headers: {'date': 'Thu, 19 Feb 2026 12:16:43 GMT', 'server': 'Apache/2.4.58 (Ubuntu)',
     'content-type': 'application/json', 'x-compute-request-id': 'req-995729c5-e2d1-45e4-b07c-d548d4ff247f', 'content-length': '848', 'openstack-api-version': 'volume 3.0', 'vary': 'OpenStack-API-Version', 'x-openstack-request-id': 'req-995729c5-e2d1-45e4-b07c-d548d4ff247f', 'connection': 'close', 'status': '200', 'content-location': 'http://10.132.44.205/volume/v3/volumes/8b2f8f0a-6d16-47c3-8dd6-c3577a63a38b'}
        Body: b'{"volume": {"id": "8b2f8f0a-6d16-47c3-8dd6-c3577a63a38b", "status": "error", "size": 2, "availability_zone": "nova", "created_at": "2026-02-19T12:16:42.000000", "updated_at": "2026-02-19T12:16:42.000000", "name": "tempest-VolumesCloneNegativeTest-Volume-1279234968", "description": null, "volume_type": "nvmetcp1", "snapshot_id": null, "source_volid": null, "metadata": {}, "links": [{"rel": "self", "href": "http://10.132.44.205/volume/v3/volumes/8b2f8f0a-6d16-47c3-8dd6-c3577a63a38b"}, {"rel": "bookmark", "href": "http://10.132.44.205/volume/volumes/8b2f8f0a-6d16-47c3-8dd6-c3577a63a38b"}], "user_id": "21bdf4ac764247f5b41e22297da0108a", "bootable": "false", "encrypted": false, "replication_status": null, "consistencygroup_id": null, "multiattach": false, "attachments": [], "os-vol-tenant-attr:tenant_id": "28c4bb23f85644f79c17ae373fe9775f"}}'
2026-02-19 12:16:43,226 123155 INFO     [tempest.lib.common.rest_client] Request (VolumesCloneNegativeTest:_run_cleanups): 200 GET http://10.132.44.205/volume/v3/volumes/8b2f8f0a-6d16-47c3-8dd6-c3577a63a38b 0.054s
2026-02-19 12:16:43,227 123155 DEBUG    [tempest.lib.common.rest_client] Request - Headers: {'Content-Type': 'application/json', 'Accept': 'application/json', 'X-Auth-Token': '<omitted>'}
        Body: None
    Response - Headers: {'date': 'Thu, 19 Feb 2026 12:16:43 GMT', 'server': 'Apache/2.4.58 (Ubuntu)', 'content-type': 'application/json', 'x-compute-request-id': 'req-29e386f9-774a-408a-b18e-a3604a72d8c0', 'content-length': '848', 'openstack-api-version': 'volume 3.0', 'vary': 'OpenStack-API-Version', 'x-openstack-request-id': 'req-29e386f9-774a-408a-b18e-a3604a72d8c0', 'connection': 'close', 'status': '200', 'content-location': 'http://10.132.44.205/volume/v3/volumes/8b2f8f0a-6d16-47c3-8dd6-c3577a63a38b'}
        Body: b'{"volume": {"id": "8b2f8f0a-6d16-47c3-8dd6-c3577a63a38b", "status": "error", "size": 2, "availability_zone": "nova", "created_at": "2026-02-19T12:16:42.000000", "updated_at": "2026-02-19T12:16:42.000000", "name": "tempest-VolumesCloneNegativeTest-Volume-1279234968", "description": null, "volume_type": "nvmetcp1", "snapshot_id": null, "source_volid": null, "metadata": {}, "links": [{"rel": "self", "href": "http://10.132.44.205/volume/v3/volumes/8b2f8f0a-6d16-47c3-8dd6-c3577a63a38b"}, {"rel": "bookmark", "href": "http://10.132.44.205/volume/volumes/8b2f8f0a-6d16-47c3-8dd6-c3577a63a38b"}], "user_id": "21bdf4ac764247f5b41e22297da0108a", "bootable": "false", "encrypted": false, "replication_status": null, "consistencygroup_id": null, "multiattach": false, "attachments": [], "os-vol-tenant-attr:tenant_id": "28c4bb23f85644f79c17ae373fe9775f"}}'
2026-02-19 12:16:43,404 123155 INFO     [tempest.lib.common.rest_client] Request (VolumesCloneNegativeTest:_run_cleanups): 202 DELETE http://10.132.44.205/volume/v3/volumes/8b2f8f0a-6d16-47c3-8dd6-c3577a63a38b 0.162s
2026-02-19 12:16:43,404 123155 DEBUG    [tempest.lib.common.rest_client] Request - Headers: {'Content-Type': 'application/json', 'Accept': 'application/json', 'X-Auth-Token': '<omitted>'}
        Body: None
    Response - Headers: {'date': 'Thu, 19 Feb 2026 12:16:43 GMT', 'server': 'Apache/2.4.58 (Ubuntu)', 'content-length': '0', 'content-type': 'text/html; charset=UTF-8', 'openstack-api-version': 'volume 3.0', 'vary': 'OpenStack-API-Version', 'x-openstack-request-id': 'req-15bbbe72-62bb-4579-9f8f-90236f02e25e', 'connection': 'close', 'status': '202', 'content-location': 'http://10.132.44.205/volume/v3/volumes/8b2f8f0a-6d16-47c3-8dd6-c3577a63a38b'}
        Body: b''
2026-02-19 12:16:43,437 123155 INFO     [tempest.lib.common.rest_client] Request (VolumesCloneNegativeTest:_run_cleanups): 404 G
    ET http://10.132.44.205/volume/v3/volumes/8b2f8f0a-6d16-47c3-8dd6-c3577a63a38b 0.031s
2026-02-19 12:16:43,437 123155 DEBUG    [tempest.lib.common.rest_client] Request - Headers: {'Content-Type': 'application/json', 'Accept': 'application/json', 'X-Auth-Token': '<omitted>'}
        Body: None
    Response - Headers: {'date': 'Thu, 19 Feb 2026 12:16:43 GMT', 'server': 'Apache/2.4.58 (Ubuntu)', 'openstack-api-version': 'volume 3.0', 'vary': 'OpenStack-API-Version', 'content-length': '109', 'content-type': 'application/json', 'x-compute-request-id': 'req-0b534f25-dfd5-4188-b573-f9533ec6c307', 'x-openstack-request-id': 'req-0b534f25-dfd5-4188-b573-f9533ec6c307', 'connection': 'close', 'status': '404', 'content-location': 'http://10.132.44.205/volume/v3/volumes/8b2f8f0a-6d16-47c3-8dd6-c3577a63a38b'}
        Body: b'{"itemNotFound": {"code": 404, "message": "Volume 8b2f8f0a-6d16-47c3-8dd6-c3577a63a38b could not be found."}}'

{0} tempest.api.volume.test_volumes_get.VolumesGetTest.test_volume_create_get_update_delete [1.792798s] ... FAILED

Captured traceback:
~~~~~~~~~~~~~~~~~~~
    Traceback (most recent call last):

      File "/opt/stack/tempest/tempest/api/volume/test_volumes_get.py", line 117, in test_volume_create_get_update_delete
    self._volume_create_get_update_delete(size=CONF.volume.volume_size)

      File "/opt/stack/tempest/tempest/api/volume/test_volumes_get.py", line 40, in _volume_create_get_update_delete
    volume = self.create_volume(wait_until='available', **kwargs)
             ^^^^^^^^^^^^^^^^^^^^^^^^^^^^^^^^^^^^^^^^^^^^^^^^^^^^

      File "/opt/stack/tempest/tempest/api/volume/base.py", line 144, in create_volume
    waiters.wait_for_volume_resource_status(self.volumes_client,

      File "/opt/stack/tempest/tempest/common/waiters.py", line 379, in wait_for_volume_resource_status
    raise exceptions.VolumeResourceBuildErrorException(

    tempest.exceptions.VolumeResourceBuildErrorException: volume d3a39bd0-6146-4907-9956-bc7e2ea580fc failed to build and is in ERROR status


Captured pythonlogging:
~~~~~~~~~~~~~~~~~~~~~~~
    2026-02-19 12:16:46,243 123155 INFO     [tempest.lib.common.rest_client] Request (VolumesGetTest:test_volume_create_get_update_delete): 202 POST http://10.132.44.205/volume/v3/volumes 0.367s
2026-02-19 12:16:46,244 123155 DEBUG    [tempest.lib.common.rest_client] Request - Headers: {'Content-Type': 'application/json', 'Accept': 'application/json', 'X-Auth-Token': '<omitted>'}
        Body: {"volume": {"size": 1, "name": "tempest-VolumesGetTest-Volume-125375971", "metadata": {"Type": "Test"}}}
    Response - Headers: {'date': 'Thu, 19 Feb 2026 12:16:45 GMT', 'server': 'Apache/2.4.58 (Ubuntu)', 'content-type': 'application/json', 'x-compute-request-id': 'req-7e52de06-84cd-4519-9770-e505bcda103d', 'content-length': '762', 'openstack-api-version': 'volume 3.0', 'vary': 'OpenStack-API-Version', 'x-openstack-request-id': 'req-7e52de06-84cd-4519-9770-e505bcda103d', 'connection': 'close', 'status': '202', 'content-location': 'http://10.132.44.205/volume/v3/volumes'}
        Body: b'{"volume": {"id": "d3a39bd0-6146-4907-9956-bc7e2ea580fc", "status": "creating", "size": 1, "availability_zone": "nova", "created_at": "2026-02-19T12:16:46.157437", "updated_at": null, "name": "tempest-VolumesGetTest-Volume-125375971", "description": null, "volume_type": "nvmetcp1", "snapshot_id": null, "source_volid": null, "metadata": {"Type": "Test"}, "links": [{"rel": "self", "href": "http://10.132.44.205/volume/v3/volumes/d3a39bd0-6146-4907-9956-bc7e2ea580fc"}, {"rel": "bookmark", "href": "http://10.132.44.205/volume/volumes/d3a39bd0-6146-4907-9956-bc7e2ea580fc"}], "user_id": "744b750a21da4e35bb767ac34eeb1d1d", "bootable": "false", "encrypted": false, "replication_status": null, "consistencygroup_id": null, "multiattach": false, "attachments": []}}'
2026-02-19 12:16:46,300 123155 INFO     [tempest.lib.common.rest_client] Request (VolumesGetTest:test_volume_create_get_update_delete): 200 GET http://10.132.44.205/volume/v3/volumes/d3a39bd0-6146-4907-9956-bc7e2ea580fc 0.045s
2026-02-19 12:16:46,301 123155 DEBUG    [tempest.lib.common.rest_client] Request - Headers: {'Content-Type': 'application/json', 'Accept': 'application/json', 'X-Auth-Token': '<omitted>'}
        Body: None
    Response - Headers: {'date': 'Thu, 19 Feb 2026 12:16:46 GMT', 'server': 'Apache/2.4.58 (Ubuntu)', 'content-type': 'application/json', 'x-compute-request-id': 'req-28a6c4e0-0eb3-4acb-8624-a4a1aef2858a', 'content-length': '830', 'openstack-api-version': 'volume 3.0', 'vary': 'OpenStack-API-Version', 'x-openstack-request-id': 'req-28a6c4e0-0eb3-4acb-8624-a4a1aef2858a', 'connection': 'close', 'status': '200', 'content-location': 'http://10.132.44.205/volume/v3/volumes/d3a39bd0-6146-4907-9956-bc7e2ea580fc'}
        Body: b'{"volume": {"id": "d3a39bd0-6146-4907-9956-bc7e2ea580fc", "status": "creating", "size": 1, "availability_zone": "nova", "created_at": "2026-02-19T12:16:46.000000", "updated_at": null, "name": "tempest-VolumesGetTest-Volume-125375971", "description": null, "volume_type": "nvmetcp1", "snapshot_id": null, "source_volid": null, "metadata": {"Type": "Test"}, "links": [{"rel": "self", "href": "http://10.132.44.205/volume/v3/volumes/d3a39bd0-6146-4907-9956-bc7e2ea580fc"}, {"rel": "bookmark", "href": "http://10.132.44.205/volume/volumes/d3a39bd0-6146-4907-9956-bc7e2ea580fc"}], "user_id": "744b750a21da4e35bb767ac34eeb1d1d", "bootable": "false", "encrypted": false, "replication_status": null, "consistencygroup_id": null, "multiattach": false, "attachments": [], "os-vol-tenant-attr:tenant_id": "ed01743ef84b42a991e3d110a5ddc1ff"}}'
2026-02-19 12:16:47,386 123155 INFO     [tempest.lib.common.rest_client] Request (VolumesGetTest:test_volume_create_get_update_delete): 200 GET http://10.132.44.205/volume/v3/volumes/d3a39bd0-6146-4907-9956-bc7e2ea580fc 0.070s
2026-02-19 12:16:47,386 123155 DEBUG    [tempest.lib.common.rest_client] Request - Headers: {'Content-Type': 'application/json', 'Accept': 'application/json', 'X-Auth-Token': '<omitted>'}
        Body: None
    Response - Headers: {'date': 'Thu, 19 Feb 2026 12:16:47 GMT', 'server': 'Apache/2.4.58 (Ubuntu)', 'content-type
    ': 'application/json', 'x-compute-request-id': 'req-178a2748-b51f-453a-8ea1-fd83ba9a41c1', 'content-length': '851', 'openstack-api-version': 'volume 3.0', 'vary': 'OpenStack-API-Version', 'x-openstack-request-id': 'req-178a2748-b51f-453a-8ea1-fd83ba9a41c1', 'connection': 'close', 'status': '200', 'content-location': 'http://10.132.44.205/volume/v3/volumes/d3a39bd0-6146-4907-9956-bc7e2ea580fc'}
        Body: b'{"volume": {"id": "d3a39bd0-6146-4907-9956-bc7e2ea580fc", "status": "error", "size": 1, "availability_zone": "nova", "created_at": "2026-02-19T12:16:46.000000", "updated_at": "2026-02-19T12:16:46.000000", "name": "tempest-VolumesGetTest-Volume-125375971", "description": null, "volume_type": "nvmetcp1", "snapshot_id": null, "source_volid": null, "metadata": {"Type": "Test"}, "links": [{"rel": "self", "href": "http://10.132.44.205/volume/v3/volumes/d3a39bd0-6146-4907-9956-bc7e2ea580fc"}, {"rel": "bookmark", "href": "http://10.132.44.205/volume/volumes/d3a39bd0-6146-4907-9956-bc7e2ea580fc"}], "user_id": "744b750a21da4e35bb767ac34eeb1d1d", "bootable": "false", "encrypted": false, "replication_status": null, "consistencygroup_id": null, "multiattach": false, "attachments": [], "os-vol-tenant-attr:tenant_id": "ed01743ef84b42a991e3d110a5ddc1ff"}}'
2026-02-19 12:16:47,466 123155 INFO     [tempest.lib.common.rest_client] Request (VolumesGetTest:_run_cleanups): 200 GET http://10.132.44.205/volume/v3/volumes/d3a39bd0-6146-4907-9956-bc7e2ea580fc 0.061s
2026-02-19 12:16:47,466 123155 DEBUG    [tempest.lib.common.rest_client] Request - Headers: {'Content-Type': 'application/json', 'Accept': 'application/json', 'X-Auth-Token': '<omitted>'}
        Body: None
    Response - Headers: {'date': 'Thu, 19 Feb 2026 12:16:47 GMT', 'server': 'Apache/2.4.58 (Ubuntu)', 'content-type': 'application/json', 'x-compute-request-id': 'req-115b1230-24d0-4c5c-8e67-05da338e39e3', 'content-length': '851', 'openstack-api-version': 'volume 3.0', 'vary': 'OpenStack-API-Version', 'x-openstack-request-id': 'req-115b1230-24d0-4c5c-8e67-05da338e39e3', 'connection': 'close', 'status': '200', 'content-location': 'http://10.132.44.205/volume/v3/volumes/d3a39bd0-6146-4907-9956-bc7e2ea580fc'}
        Body: b'{"volume": {"id": "d3a39bd0-6146-4907-9956-bc7e2ea580fc", "status": "error", "size": 1, "availability_zone": "nova", "created_at": "2026-02-19T12:16:46.000000", "updated_at": "2026-02-19T12:16:46.000000", "name": "tempest-VolumesGetTest-Volume-125375971", "description": null, "volume_type": "nvmetcp1", "snapshot_id": null, "source_volid": null, "metadata": {"Type": "Test"}, "links": [{"rel": "self", "href": "http://10.132.44.205/volume/v3/volumes/d3a39bd0-6146-4907-9956-bc7e2ea580fc"}, {"rel": "bookmark", "href": "http://10.132.44.205/volume/volumes/d3a39bd0-6146-4907-9956-bc7e2ea580fc"}], "user_id": "744b750a21da4e35bb767ac34eeb1d1d", "bootable": "false", "encrypted": false, "replication_status": null, "consistencygroup_id": null, "multiattach": false, "attachments": [], "os-vol-tenant-attr:tenant_id": "ed01743ef84b42a991e3d110a5ddc1ff"}}'
2026-02-19 12:16:47,634 123155 INFO     [tempest.lib.common.rest_client] Request (VolumesGetTest:_run_cleanups): 202 DELETE http://10.132.44.205/volume/v3/volumes/d3a39bd0-6146-4907-9956-bc7e2ea580fc 0.151s
2026-02-19 12:16:47,635 123155 DEBUG    [tempest.lib.common.rest_client] Request - Headers: {'Content-Type': 'application/json', 'Accept': 'application/json', 'X-Auth-Token': '<omitted>'}
        Body: None
    Response - Headers: {'date': 'Thu, 19 Feb 2026 12:16:47 GMT', 'server': 'Apache/2.4.58 (Ubuntu)', 'content-length': '0', 'content-type': 'text/html; charset=UTF-8', 'openstack-api-version': 'volume 3.0', 'vary': 'OpenStack-API-Version', 'x-openstack-request-id': 'req-0e39905f-6f16-410b-ad87-48b0f6e1f3da', 'connection': 'close', 'status': '202', 'content-location': 'http://10.132.44.205/volume/v3/volumes/d3a39bd0-6146-4907-9956-bc7e2ea580fc'}
        Body: b''
2026-02-19 12:16:47,666 123155 INFO     [tempest.lib.common.rest_client] Request (VolumesGetTest:_run_cleanups): 404 GET http://10.132.44.205/volume/v3/volu
    mes/d3a39bd0-6146-4907-9956-bc7e2ea580fc 0.030s
2026-02-19 12:16:47,667 123155 DEBUG    [tempest.lib.common.rest_client] Request - Headers: {'Content-Type': 'application/json', 'Accept': 'application/json', 'X-Auth-Token': '<omitted>'}
        Body: None
    Response - Headers: {'date': 'Thu, 19 Feb 2026 12:16:47 GMT', 'server': 'Apache/2.4.58 (Ubuntu)', 'openstack-api-version': 'volume 3.0', 'vary': 'OpenStack-API-Version', 'content-length': '109', 'content-type': 'application/json', 'x-compute-request-id': 'req-3523ecd7-18e8-40c5-97aa-081dad0c91df', 'x-openstack-request-id': 'req-3523ecd7-18e8-40c5-97aa-081dad0c91df', 'connection': 'close', 'status': '404', 'content-location': 'http://10.132.44.205/volume/v3/volumes/d3a39bd0-6146-4907-9956-bc7e2ea580fc'}
        Body: b'{"itemNotFound": {"code": 404, "message": "Volume d3a39bd0-6146-4907-9956-bc7e2ea580fc could not be found."}}'

{0} tempest.api.volume.test_volumes_get.VolumesGetTest.test_volume_create_get_update_delete_as_clone [1.745473s] ... FAILED

Captured traceback:
~~~~~~~~~~~~~~~~~~~
    Traceback (most recent call last):

      File "/opt/stack/tempest/tempest/api/volume/test_volumes_get.py", line 135, in test_volume_create_get_update_delete_as_clone
    origin = self.create_volume()
             ^^^^^^^^^^^^^^^^^^^^

      File "/opt/stack/tempest/tempest/api/volume/base.py", line 144, in create_volume
    waiters.wait_for_volume_resource_status(self.volumes_client,

      File "/opt/stack/tempest/tempest/common/waiters.py", line 379, in wait_for_volume_resource_status
    raise exceptions.VolumeResourceBuildErrorException(

    tempest.exceptions.VolumeResourceBuildErrorException: volume 568d708e-89cc-48f4-8dbe-0a1e7c8fd474 failed to build and is in ERROR status


Captured pythonlogging:
~~~~~~~~~~~~~~~~~~~~~~~
    2026-02-19 12:16:47,991 123155 INFO     [tempest.lib.common.rest_client] Request (VolumesGetTest:test_volume_create_get_update_delete_as_clone): 202 POST http://10.132.44.205/volume/v3/volumes 0.321s
2026-02-19 12:16:47,992 123155 DEBUG    [tempest.lib.common.rest_client] Request - Headers: {'Content-Type': 'application/json', 'Accept': 'application/json', 'X-Auth-Token': '<omitted>'}
        Body: {"volume": {"size": 1, "name": "tempest-VolumesGetTest-Volume-1268100135"}}
    Response - Headers: {'date': 'Thu, 19 Feb 2026 12:16:47 GMT', 'server': 'Apache/2.4.58 (Ubuntu)', 'content-type': 'application/json', 'x-compute-request-id': 'req-af3eed3c-48f2-4aff-92f4-8ce433018c68', 'content-length': '749', 'openstack-api-version': 'volume 3.0', 'vary': 'OpenStack-API-Version', 'x-openstack-request-id': 'req-af3eed3c-48f2-4aff-92f4-8ce433018c68', 'connection': 'close', 'status': '202', 'content-location': 'http://10.132.44.205/volume/v3/volumes'}
        Body: b'{"volume": {"id": "568d708e-89cc-48f4-8dbe-0a1e7c8fd474", "status": "creating", "size": 1, "availability_zone": "nova", "created_at": "2026-02-19T12:16:47.887486", "updated_at": null, "name": "tempest-VolumesGetTest-Volume-1268100135", "description": null, "volume_type": "nvmetcp1", "snapshot_id": null, "source_volid": null, "metadata": {}, "links": [{"rel": "self", "href": "http://10.132.44.205/volume/v3/volumes/568d708e-89cc-48f4-8dbe-0a1e7c8fd474"}, {"rel": "bookmark", "href": "http://10.132.44.205/volume/volumes/568d708e-89cc-48f4-8dbe-0a1e7c8fd474"}], "user_id": "744b750a21da4e35bb767ac34eeb1d1d", "bootable": "false", "encrypted": false, "replication_status": null, "consistencygroup_id": null, "multiattach": false, "attachments": []}}'
2026-02-19 12:16:48,060 123155 INFO     [tempest.lib.common.rest_client] Request (VolumesGetTest:test_volume_create_get_update_delete_as_clone): 200 GET http://10.132.44.205/volume/v3/volumes/568d708e-89cc-48f4-8dbe-0a1e7c8fd474 0.054s
2026-02-19 12:16:48,061 123155 DEBUG    [tempest.lib.common.rest_client] Request - Headers: {'Content-Type': 'application/json', 'Accept': 'application/json', 'X-Auth-Token': '<omitted>'}
        Body: None
    Response - Headers: {'date': 'Thu, 19 Feb 2026 12:16:48 GMT', 'server': 'Apache/2.4.58 (Ubuntu)', 'content-type': 'application/json', 'x-compute-request-id': 'req-3f3632fc-480e-402a-82e9-36b41e511d41', 'content-length': '817', 'openstack-api-version': 'volume 3.0', 'vary': 'OpenStack-API-Version', 'x-openstack-request-id': 'req-3f3632fc-480e-402a-82e9-36b41e511d41', 'connection': 'close', 'status': '200', 'content-location': 'http://10.132.44.205/volume/v3/volumes/568d708e-89cc-48f4-8dbe-0a1e7c8fd474'}
        Body: b'{"volume": {"id": "568d708e-89cc-48f4-8dbe-0a1e7c8fd474", "status": "creating", "size": 1, "availability_zone": "nova", "created_at": "2026-02-19T12:16:48.000000", "updated_at": null, "name": "tempest-VolumesGetTest-Volume-1268100135", "description": null, "volume_type": "nvmetcp1", "snapshot_id": null, "source_volid": null, "metadata": {}, "links": [{"rel": "self", "href": "http://10.132.44.205/volume/v3/volumes/568d708e-89cc-48f4-8dbe-0a1e7c8fd474"}, {"rel": "bookmark", "href": "http://10.132.44.205/volume/volumes/568d708e-89cc-48f4-8dbe-0a1e7c8fd474"}], "user_id": "744b750a21da4e35bb767ac34eeb1d1d", "bootable": "false", "encrypted": false, "replication_status": null, "consistencygroup_id": null, "multiattach": false, "attachments": [], "os-vol-tenant-attr:tenant_id": "ed01743ef84b42a991e3d110a5ddc1ff"}}'
2026-02-19 12:16:49,132 123155 INFO     [tempest.lib.common.rest_client] Request (VolumesGetTest:test_volume_create_get_update_delete_as_clone): 200 GET http://10.132.44.205/volume/v3/volumes/568d708e-89cc-48f4-8dbe-0a1e7c8fd474 0.060s
2026-02-19 12:16:49,132 123155 DEBUG    [tempest.lib.common.rest_client] Request - Headers: {'Content-Type': 'application/json', 'Accept': 'application/json', 'X-Auth-Token': '<omitted>'}
        Body: None
    Response - Headers: {'date': 'Thu, 19 Feb 2026 12:16:49 GMT', 'server': 'Apache/2.4.58 (Ubuntu)', 'content-type': 'application/json', 'x-co
    mpute-request-id': 'req-dba2840d-9120-471a-8b45-35a6b6f1e2ca', 'content-length': '838', 'openstack-api-version': 'volume 3.0', 'vary': 'OpenStack-API-Version', 'x-openstack-request-id': 'req-dba2840d-9120-471a-8b45-35a6b6f1e2ca', 'connection': 'close', 'status': '200', 'content-location': 'http://10.132.44.205/volume/v3/volumes/568d708e-89cc-48f4-8dbe-0a1e7c8fd474'}
        Body: b'{"volume": {"id": "568d708e-89cc-48f4-8dbe-0a1e7c8fd474", "status": "error", "size": 1, "availability_zone": "nova", "created_at": "2026-02-19T12:16:48.000000", "updated_at": "2026-02-19T12:16:48.000000", "name": "tempest-VolumesGetTest-Volume-1268100135", "description": null, "volume_type": "nvmetcp1", "snapshot_id": null, "source_volid": null, "metadata": {}, "links": [{"rel": "self", "href": "http://10.132.44.205/volume/v3/volumes/568d708e-89cc-48f4-8dbe-0a1e7c8fd474"}, {"rel": "bookmark", "href": "http://10.132.44.205/volume/volumes/568d708e-89cc-48f4-8dbe-0a1e7c8fd474"}], "user_id": "744b750a21da4e35bb767ac34eeb1d1d", "bootable": "false", "encrypted": false, "replication_status": null, "consistencygroup_id": null, "multiattach": false, "attachments": [], "os-vol-tenant-attr:tenant_id": "ed01743ef84b42a991e3d110a5ddc1ff"}}'
2026-02-19 12:16:49,205 123155 INFO     [tempest.lib.common.rest_client] Request (VolumesGetTest:_run_cleanups): 200 GET http://10.132.44.205/volume/v3/volumes/568d708e-89cc-48f4-8dbe-0a1e7c8fd474 0.055s
2026-02-19 12:16:49,205 123155 DEBUG    [tempest.lib.common.rest_client] Request - Headers: {'Content-Type': 'application/json', 'Accept': 'application/json', 'X-Auth-Token': '<omitted>'}
        Body: None
    Response - Headers: {'date': 'Thu, 19 Feb 2026 12:16:49 GMT', 'server': 'Apache/2.4.58 (Ubuntu)', 'content-type': 'application/json', 'x-compute-request-id': 'req-ed50a89b-ef9d-4530-9489-a9308703e875', 'content-length': '838', 'openstack-api-version': 'volume 3.0', 'vary': 'OpenStack-API-Version', 'x-openstack-request-id': 'req-ed50a89b-ef9d-4530-9489-a9308703e875', 'connection': 'close', 'status': '200', 'content-location': 'http://10.132.44.205/volume/v3/volumes/568d708e-89cc-48f4-8dbe-0a1e7c8fd474'}
        Body: b'{"volume": {"id": "568d708e-89cc-48f4-8dbe-0a1e7c8fd474", "status": "error", "size": 1, "availability_zone": "nova", "created_at": "2026-02-19T12:16:48.000000", "updated_at": "2026-02-19T12:16:48.000000", "name": "tempest-VolumesGetTest-Volume-1268100135", "description": null, "volume_type": "nvmetcp1", "snapshot_id": null, "source_volid": null, "metadata": {}, "links": [{"rel": "self", "href": "http://10.132.44.205/volume/v3/volumes/568d708e-89cc-48f4-8dbe-0a1e7c8fd474"}, {"rel": "bookmark", "href": "http://10.132.44.205/volume/volumes/568d708e-89cc-48f4-8dbe-0a1e7c8fd474"}], "user_id": "744b750a21da4e35bb767ac34eeb1d1d", "bootable": "false", "encrypted": false, "replication_status": null, "consistencygroup_id": null, "multiattach": false, "attachments": [], "os-vol-tenant-attr:tenant_id": "ed01743ef84b42a991e3d110a5ddc1ff"}}'
2026-02-19 12:16:49,380 123155 INFO     [tempest.lib.common.rest_client] Request (VolumesGetTest:_run_cleanups): 202 DELETE http://10.132.44.205/volume/v3/volumes/568d708e-89cc-48f4-8dbe-0a1e7c8fd474 0.159s
2026-02-19 12:16:49,381 123155 DEBUG    [tempest.lib.common.rest_client] Request - Headers: {'Content-Type': 'application/json', 'Accept': 'application/json', 'X-Auth-Token': '<omitted>'}
        Body: None
    Response - Headers: {'date': 'Thu, 19 Feb 2026 12:16:49 GMT', 'server': 'Apache/2.4.58 (Ubuntu)', 'content-length': '0', 'content-type': 'text/html; charset=UTF-8', 'openstack-api-version': 'volume 3.0', 'vary': 'OpenStack-API-Version', 'x-openstack-request-id': 'req-464764f6-7886-422a-bae3-eb6516f8010d', 'connection': 'close', 'status': '202', 'content-location': 'http://10.132.44.205/volume/v3/volumes/568d708e-89cc-48f4-8dbe-0a1e7c8fd474'}
        Body: b''
2026-02-19 12:16:49,414 123155 INFO     [tempest.lib.common.rest_client] Request (VolumesGetTest:_run_cleanups): 404 GET http://10.132.44.205/volume/v3/volumes/568d708e-89cc-48f4-8dbe-0a1e7c8fd474 0.032s
2026-0
    2-19 12:16:49,414 123155 DEBUG    [tempest.lib.common.rest_client] Request - Headers: {'Content-Type': 'application/json', 'Accept': 'application/json', 'X-Auth-Token': '<omitted>'}
        Body: None
    Response - Headers: {'date': 'Thu, 19 Feb 2026 12:16:49 GMT', 'server': 'Apache/2.4.58 (Ubuntu)', 'openstack-api-version': 'volume 3.0', 'vary': 'OpenStack-API-Version', 'content-length': '109', 'content-type': 'application/json', 'x-compute-request-id': 'req-3f0a4d9f-d3a8-4279-b5ee-ef4576849317', 'x-openstack-request-id': 'req-3f0a4d9f-d3a8-4279-b5ee-ef4576849317', 'connection': 'close', 'status': '404', 'content-location': 'http://10.132.44.205/volume/v3/volumes/568d708e-89cc-48f4-8dbe-0a1e7c8fd474'}
        Body: b'{"itemNotFound": {"code": 404, "message": "Volume 568d708e-89cc-48f4-8dbe-0a1e7c8fd474 could not be found."}}'

{0} tempest.api.volume.test_volumes_get.VolumesSummaryTest.test_show_volume_summary [0.162210s] ... ok
{0} setUpClass (tempest.api.volume.test_volumes_list.VolumesListTestJSON) [0.000000s] ... FAILED

Captured traceback:
~~~~~~~~~~~~~~~~~~~
    Traceback (most recent call last):

      File "/opt/stack/tempest/tempest/test.py", line 185, in setUpClass
    raise value.with_traceback(trace)

      File "/opt/stack/tempest/tempest/test.py", line 178, in setUpClass
    cls.resource_setup()

      File "/opt/stack/tempest/tempest/api/volume/test_volumes_list.py", line 89, in resource_setup
    volume = cls.create_volume(metadata=cls.metadata)
             ^^^^^^^^^^^^^^^^^^^^^^^^^^^^^^^^^^^^^^^^

      File "/opt/stack/tempest/tempest/api/volume/base.py", line 144, in create_volume
    waiters.wait_for_volume_resource_status(self.volumes_client,

      File "/opt/stack/tempest/tempest/common/waiters.py", line 379, in wait_for_volume_resource_status
    raise exceptions.VolumeResourceBuildErrorException(

    tempest.exceptions.VolumeResourceBuildErrorException: volume 4cac443c-13c1-425d-814c-7aee4f0e3774 failed to build and is in ERROR status

{0} setUpClass (tempest.api.volume.test_volumes_negative.VolumesNegativeTest) [0.000000s] ... FAILED

Captured traceback:
~~~~~~~~~~~~~~~~~~~
    Traceback (most recent call last):

      File "/opt/stack/tempest/tempest/test.py", line 185, in setUpClass
    raise value.with_traceback(trace)

      File "/opt/stack/tempest/tempest/test.py", line 178, in setUpClass
    cls.resource_setup()

      File "/opt/stack/tempest/tempest/api/volume/test_volumes_negative.py", line 38, in resource_setup
    cls.volume = cls.create_volume()
                 ^^^^^^^^^^^^^^^^^^^

      File "/opt/stack/tempest/tempest/api/volume/base.py", line 144, in create_volume
    waiters.wait_for_volume_resource_status(self.volumes_client,

      File "/opt/stack/tempest/tempest/common/waiters.py", line 379, in wait_for_volume_resource_status
    raise exceptions.VolumeResourceBuildErrorException(

    tempest.exceptions.VolumeResourceBuildErrorException: volume 126c1b32-557c-4ee7-a9d5-cad8860f6b0e failed to build and is in ERROR status

{0} setUpClass (tempest.api.volume.test_volumes_snapshots_list.VolumesSnapshotListTestJSON) [0.000000s] ... FAILED

Captured traceback:
~~~~~~~~~~~~~~~~~~~
    Traceback (most recent call last):

      File "/opt/stack/tempest/tempest/test.py", line 185, in setUpClass
    raise value.with_traceback(trace)

      File "/opt/stack/tempest/tempest/test.py", line 178, in setUpClass
    cls.resource_setup()

      File "/opt/stack/tempest/tempest/api/volume/test_volumes_snapshots_list.py", line 32, in resource_setup
    volume_origin = cls.create_volume()
                    ^^^^^^^^^^^^^^^^^^^

      File "/opt/stack/tempest/tempest/api/volume/base.py", line 144, in create_volume
    waiters.wait_for_volume_resource_status(self.volumes_client,

      File "/opt/stack/tempest/tempest/common/waiters.py", line 379, in wait_for_volume_resource_status
    raise exceptions.VolumeResourceBuildErrorException(

    tempest.exceptions.VolumeResourceBuildErrorException: volume 52442a03-4497-4dc3-b5b0-0ad948f41cdc failed to build and is in ERROR status

{0} tempest.api.volume.test_volumes_snapshots_negative.VolumesSnapshotNegativeTestJSON.test_create_snapshot_with_nonexistent_volume_id [0.172075s] ... ok
{0} tempest.api.volume.test_volumes_snapshots_negative.VolumesSnapshotNegativeTestJSON.test_create_snapshot_without_passing_volume_id [0.104865s] ... ok
{0} tempest.api.volume.test_volumes_snapshots_negative.VolumesSnapshotNegativeTestJSON.test_list_snapshot_invalid_param_limit [0.016279s] ... ok
{0} tempest.api.volume.test_volumes_snapshots_negative.VolumesSnapshotNegativeTestJSON.test_list_snapshots_invalid_param_marker [0.074243s] ... ok
{0} tempest.api.volume.test_volumes_snapshots_negative.VolumesSnapshotNegativeTestJSON.test_list_snapshots_invalid_param_sort [0.020233s] ... ok
{0} tempest.api.volume.test_volumes_snapshots_negative.VolumesSnapshotNegativeTestJSON.test_volume_from_snapshot_decreasing_size [1.748648s] ... FAILED

Captured traceback:
~~~~~~~~~~~~~~~~~~~
    Traceback (most recent call last):

      File "/opt/stack/tempest/tempest/api/volume/test_volumes_snapshots_negative.py", line 65, in test_volume_from_snapshot_decreasing_size
    src_vol = self.create_volume(size=src_size)
              ^^^^^^^^^^^^^^^^^^^^^^^^^^^^^^^^^

      File "/opt/stack/tempest/tempest/api/volume/base.py", line 144, in create_volume
    waiters.wait_for_volume_resource_status(self.volumes_client,

      File "/opt/stack/tempest/tempest/common/waiters.py", line 379, in wait_for_volume_resource_status
    raise exceptions.VolumeResourceBuildErrorException(

    tempest.exceptions.VolumeResourceBuildErrorException: volume 178e51da-3d76-441c-bdda-c31ba688d2ff failed to build and is in ERROR status


Captured pythonlogging:
~~~~~~~~~~~~~~~~~~~~~~~
    2026-02-19 12:17:08,681 123155 INFO     [tempest.lib.common.rest_client] Request (VolumesSnapshotNegativeTestJSON:test_volume_from_snapshot_decreasing_size): 202 POST http://10.132.44.205/volume/v3/volumes 0.313s
2026-02-19 12:17:08,681 123155 DEBUG    [tempest.lib.common.rest_client] Request - Headers: {'Content-Type': 'application/json', 'Accept': 'application/json', 'X-Auth-Token': '<omitted>'}
        Body: {"volume": {"size": 2, "name": "tempest-VolumesSnapshotNegativeTestJSON-Volume-1641446155"}}
    Response - Headers: {'date': 'Thu, 19 Feb 2026 12:17:08 GMT', 'server': 'Apache/2.4.58 (Ubuntu)', 'content-type': 'application/json', 'x-compute-request-id': 'req-444c696d-eae7-4bf5-a802-ea4ff8e992e6', 'content-length': '766', 'openstack-api-version': 'volume 3.0', 'vary': 'OpenStack-API-Version', 'x-openstack-request-id': 'req-444c696d-eae7-4bf5-a802-ea4ff8e992e6', 'connection': 'close', 'status': '202', 'content-location': 'http://10.132.44.205/volume/v3/volumes'}
        Body: b'{"volume": {"id": "178e51da-3d76-441c-bdda-c31ba688d2ff", "status": "creating", "size": 2, "availability_zone": "nova", "created_at": "2026-02-19T12:17:08.596656", "updated_at": null, "name": "tempest-VolumesSnapshotNegativeTestJSON-Volume-1641446155", "description": null, "volume_type": "nvmetcp1", "snapshot_id": null, "source_volid": null, "metadata": {}, "links": [{"rel": "self", "href": "http://10.132.44.205/volume/v3/volumes/178e51da-3d76-441c-bdda-c31ba688d2ff"}, {"rel": "bookmark", "href": "http://10.132.44.205/volume/volumes/178e51da-3d76-441c-bdda-c31ba688d2ff"}], "user_id": "3d40241df64a42e69674fbf581e7d726", "bootable": "false", "encrypted": false, "replication_status": null, "consistencygroup_id": null, "multiattach": false, "attachments": []}}'
2026-02-19 12:17:08,744 123155 INFO     [tempest.lib.common.rest_client] Request (VolumesSnapshotNegativeTestJSON:test_volume_from_snapshot_decreasing_size): 200 GET http://10.132.44.205/volume/v3/volumes/178e51da-3d76-441c-bdda-c31ba688d2ff 0.055s
2026-02-19 12:17:08,745 123155 DEBUG    [tempest.lib.common.rest_client] Request - Headers: {'Content-Type': 'application/json', 'Accept': 'application/json', 'X-Auth-Token': '<omitted>'}
        Body: None
    Response - Headers: {'date': 'Thu, 19 Feb 2026 12:17:08 GMT', 'server': 'Apache/2.4.58 (Ubuntu)', 'content-type': 'application/json', 'x-compute-request-id': 'req-06997740-4468-4d0d-b548-63b5e16407b0', 'content-length': '834', 'openstack-api-version': 'volume 3.0', 'vary': 'OpenStack-API-Version', 'x-openstack-request-id': 'req-06997740-4468-4d0d-b548-63b5e16407b0', 'connection': 'close', 'status': '200', 'content-location': 'http://10.132.44.205/volume/v3/volumes/178e51da-3d76-441c-bdda-c31ba688d2ff'}
        Body: b'{"volume": {"id": "178e51da-3d76-441c-bdda-c31ba688d2ff", "status": "creating", "size": 2, "availability_zone": "nova", "created_at": "2026-02-19T12:17:09.000000", "updated_at": null, "name": "tempest-VolumesSnapshotNegativeTestJSON-Volume-1641446155", "description": null, "volume_type": "nvmetcp1", "snapshot_id": null, "source_volid": null, "metadata": {}, "links": [{"rel": "self", "href": "http://10.132.44.205/volume/v3/volumes/178e51da-3d76-441c-bdda-c31ba688d2ff"}, {"rel": "bookmark", "href": "http://10.132.44.205/volume/volumes/178e51da-3d76-441c-bdda-c31ba688d2ff"}], "user_id": "3d40241df64a42e69674fbf581e7d726", "bootable": "false", "encrypted": false, "replication_status": null, "consistencygroup_id": null, "multiattach": false, "attachments": [], "os-vol-tenant-attr:tenant_id": "cb8d0e9a6fbd46a19660af430826a567"}}'
2026-02-19 12:17:09,825 123155 INFO     [tempest.lib.common.rest_client] Request (VolumesSnapshotNegativeTestJSON:test_volume_from_snapshot_decreasing_size): 200 GET http://10.132.44.205/volume/v3/volumes/178e51da-3d76-441c-bdda-c31ba688d2ff 0.061s
2026-02-19 12:17:09,826 123155 DEBUG    [tempest.lib.common.rest_client] Request - Headers: {'Content-Type': 'application/json', 'Accept': 'application/json', 'X-Auth-Token': '<omitted>'}
        Body: None
    Response - Headers: {'date': 'Thu, 19 Feb 2026 12
    :17:09 GMT', 'server': 'Apache/2.4.58 (Ubuntu)', 'content-type': 'application/json', 'x-compute-request-id': 'req-e67c9da1-9f92-45e3-a232-d4ba7efb5070', 'content-length': '855', 'openstack-api-version': 'volume 3.0', 'vary': 'OpenStack-API-Version', 'x-openstack-request-id': 'req-e67c9da1-9f92-45e3-a232-d4ba7efb5070', 'connection': 'close', 'status': '200', 'content-location': 'http://10.132.44.205/volume/v3/volumes/178e51da-3d76-441c-bdda-c31ba688d2ff'}
        Body: b'{"volume": {"id": "178e51da-3d76-441c-bdda-c31ba688d2ff", "status": "error", "size": 2, "availability_zone": "nova", "created_at": "2026-02-19T12:17:09.000000", "updated_at": "2026-02-19T12:17:09.000000", "name": "tempest-VolumesSnapshotNegativeTestJSON-Volume-1641446155", "description": null, "volume_type": "nvmetcp1", "snapshot_id": null, "source_volid": null, "metadata": {}, "links": [{"rel": "self", "href": "http://10.132.44.205/volume/v3/volumes/178e51da-3d76-441c-bdda-c31ba688d2ff"}, {"rel": "bookmark", "href": "http://10.132.44.205/volume/volumes/178e51da-3d76-441c-bdda-c31ba688d2ff"}], "user_id": "3d40241df64a42e69674fbf581e7d726", "bootable": "false", "encrypted": false, "replication_status": null, "consistencygroup_id": null, "multiattach": false, "attachments": [], "os-vol-tenant-attr:tenant_id": "cb8d0e9a6fbd46a19660af430826a567"}}'
2026-02-19 12:17:09,902 123155 INFO     [tempest.lib.common.rest_client] Request (VolumesSnapshotNegativeTestJSON:_run_cleanups): 200 GET http://10.132.44.205/volume/v3/volumes/178e51da-3d76-441c-bdda-c31ba688d2ff 0.056s
2026-02-19 12:17:09,902 123155 DEBUG    [tempest.lib.common.rest_client] Request - Headers: {'Content-Type': 'application/json', 'Accept': 'application/json', 'X-Auth-Token': '<omitted>'}
        Body: None
    Response - Headers: {'date': 'Thu, 19 Feb 2026 12:17:09 GMT', 'server': 'Apache/2.4.58 (Ubuntu)', 'content-type': 'application/json', 'x-compute-request-id': 'req-7a3d77f8-4172-4a39-b694-24f48ce0503e', 'content-length': '855', 'openstack-api-version': 'volume 3.0', 'vary': 'OpenStack-API-Version', 'x-openstack-request-id': 'req-7a3d77f8-4172-4a39-b694-24f48ce0503e', 'connection': 'close', 'status': '200', 'content-location': 'http://10.132.44.205/volume/v3/volumes/178e51da-3d76-441c-bdda-c31ba688d2ff'}
        Body: b'{"volume": {"id": "178e51da-3d76-441c-bdda-c31ba688d2ff", "status": "error", "size": 2, "availability_zone": "nova", "created_at": "2026-02-19T12:17:09.000000", "updated_at": "2026-02-19T12:17:09.000000", "name": "tempest-VolumesSnapshotNegativeTestJSON-Volume-1641446155", "description": null, "volume_type": "nvmetcp1", "snapshot_id": null, "source_volid": null, "metadata": {}, "links": [{"rel": "self", "href": "http://10.132.44.205/volume/v3/volumes/178e51da-3d76-441c-bdda-c31ba688d2ff"}, {"rel": "bookmark", "href": "http://10.132.44.205/volume/volumes/178e51da-3d76-441c-bdda-c31ba688d2ff"}], "user_id": "3d40241df64a42e69674fbf581e7d726", "bootable": "false", "encrypted": false, "replication_status": null, "consistencygroup_id": null, "multiattach": false, "attachments": [], "os-vol-tenant-attr:tenant_id": "cb8d0e9a6fbd46a19660af430826a567"}}'
2026-02-19 12:17:10,083 123155 INFO     [tempest.lib.common.rest_client] Request (VolumesSnapshotNegativeTestJSON:_run_cleanups): 202 DELETE http://10.132.44.205/volume/v3/volumes/178e51da-3d76-441c-bdda-c31ba688d2ff 0.161s
2026-02-19 12:17:10,083 123155 DEBUG    [tempest.lib.common.rest_client] Request - Headers: {'Content-Type': 'application/json', 'Accept': 'application/json', 'X-Auth-Token': '<omitted>'}
        Body: None
    Response - Headers: {'date': 'Thu, 19 Feb 2026 12:17:09 GMT', 'server': 'Apache/2.4.58 (Ubuntu)', 'content-length': '0', 'content-type': 'text/html; charset=UTF-8', 'openstack-api-version': 'volume 3.0', 'vary': 'OpenStack-API-Version', 'x-openstack-request-id': 'req-e9f14889-e44d-4569-98b1-f0105bbbea5c', 'connection': 'close', 'status': '202', 'content-location': 'http://10.132.44.205/volume/v3/volumes/178e51da-3d76-441c-bdda-c31ba688d2ff'}
        Body: b''
2026-02-19 12:17:10,114 123155 INFO     [tempest.lib
    .common.rest_client] Request (VolumesSnapshotNegativeTestJSON:_run_cleanups): 404 GET http://10.132.44.205/volume/v3/volumes/178e51da-3d76-441c-bdda-c31ba688d2ff 0.030s
2026-02-19 12:17:10,115 123155 DEBUG    [tempest.lib.common.rest_client] Request - Headers: {'Content-Type': 'application/json', 'Accept': 'application/json', 'X-Auth-Token': '<omitted>'}
        Body: None
    Response - Headers: {'date': 'Thu, 19 Feb 2026 12:17:10 GMT', 'server': 'Apache/2.4.58 (Ubuntu)', 'openstack-api-version': 'volume 3.0', 'vary': 'OpenStack-API-Version', 'content-length': '109', 'content-type': 'application/json', 'x-compute-request-id': 'req-1504172e-1945-4976-89e0-fb4bbcba8381', 'x-openstack-request-id': 'req-1504172e-1945-4976-89e0-fb4bbcba8381', 'connection': 'close', 'status': '404', 'content-location': 'http://10.132.44.205/volume/v3/volumes/178e51da-3d76-441c-bdda-c31ba688d2ff'}
        Body: b'{"itemNotFound": {"code": 404, "message": "Volume 178e51da-3d76-441c-bdda-c31ba688d2ff could not be found."}}'


==============================
Failed 44 tests - output below:
==============================

tempest.api.compute.volumes.test_volume_snapshots.VolumesSnapshotsTestJSON.test_volume_snapshot_create_get_list_delete[id-cd4ec87d-7825-450d-8040-6e2068f2da8f]
---------------------------------------------------------------------------------------------------------------------------------------------------------------

Captured traceback:
~~~~~~~~~~~~~~~~~~~
    Traceback (most recent call last):

      File "/opt/stack/tempest/tempest/api/compute/volumes/test_volume_snapshots.py", line 53, in test_volume_snapshot_create_get_list_delete
    volume = self.create_volume()
             ^^^^^^^^^^^^^^^^^^^^

      File "/opt/stack/tempest/tempest/api/compute/base.py", line 541, in create_volume
    waiters.wait_for_volume_resource_status(cls.volumes_client,

      File "/opt/stack/tempest/tempest/common/waiters.py", line 379, in wait_for_volume_resource_status
    raise exceptions.VolumeResourceBuildErrorException(

    tempest.exceptions.VolumeResourceBuildErrorException: volume 2f43ef24-811b-4558-93c2-767b513d3200 failed to build and is in ERROR status


Captured pythonlogging:
~~~~~~~~~~~~~~~~~~~~~~~
    2026-02-19 12:12:10,192 123155 INFO     [tempest.lib.common.rest_client] Request (VolumesSnapshotsTestJSON:test_volume_snapshot_create_get_list_delete): 200 POST http://10.132.44.205/compute/v2.1/os-volumes 2.125s
2026-02-19 12:12:10,192 123155 DEBUG    [tempest.lib.common.rest_client] Request - Headers: {'Content-Type': 'application/json', 'Accept': 'application/json', 'X-Auth-Token': '<omitted>'}
        Body: {"volume": {"size": 1, "display_name": "tempest-VolumesSnapshotsTestJSON-volume-740906608"}}
    Response - Headers: {'date': 'Thu, 19 Feb 2026 12:12:08 GMT', 'server': 'Apache/2.4.58 (Ubuntu)', 'content-length': '341', 'location': 'http://10.132.44.205/compute/v2.1/os-volumes/2f43ef24-811b-4558-93c2-767b513d3200', 'content-type': 'application/json', 'openstack-api-version': 'compute 2.1', 'x-openstack-nova-api-version': '2.1', 'vary': 'OpenStack-API-Version,X-OpenStack-Nova-API-Version', 'x-openstack-request-id': 'req-95e1cc3b-827e-4fe1-a5f9-f9d5dfdc5f0d', 'x-compute-request-id': 'req-95e1cc3b-827e-4fe1-a5f9-f9d5dfdc5f0d', 'connection': 'close', 'status': '200', 'content-location': 'http://10.132.44.205/compute/v2.1/os-volumes'}
        Body: b'{"volume": {"id": "2f43ef24-811b-4558-93c2-767b513d3200", "status": "creating", "size": 1, "availabilityZone": "nova", "createdAt": "2026-02-19T12:12:09.447888", "attachments": [{}], "displayName": "tempest-VolumesSnapshotsTestJSON-volume-740906608", "displayDescription": null, "volumeType": "nvmetcp1", "snapshotId": null, "metadata": {}}}'
2026-02-19 12:12:10,467 123155 INFO     [tempest.lib.common.rest_client] Request (VolumesSnapshotsTestJSON:test_volume_snapshot_create_get_list_delete): 200 GET http://10.132.44.205/compute/v2.1/os-volumes/2f43ef24-811b-4558-93c2-767b513d3200 0.267s
2026-02-19 12:12:10,468 123155 DEBUG    [tempest.lib.common.rest_client] Request - Headers: {'Content-Type': 'application/json', 'Accept': 'application/json', 'X-Auth-Token': '<omitted>'}
        Body: None
    Response - Headers: {'date': 'Thu, 19 Feb 2026 12:12:10 GMT', 'server': 'Apache/2.4.58 (Ubuntu)', 'content-length': '338', 'content-type': 'application/json', 'openstack-api-version': 'compute 2.1', 'x-openstack-nova-api-version': '2.1', 'vary': 'OpenStack-API-Version,X-OpenStack-Nova-API-Version', 'x-openstack-request-id': 'req-a624ce4e-df60-42cf-a89e-aec193f156c4', 'x-compute-request-id': 'req-a624ce4e-df60-42cf-a89e-aec193f156c4', 'connection': 'close', 'status': '200', 'content-location': 'http://10.132.44.205/compute/v2.1/os-volumes/2f43ef24-811b-4558-93c2-767b513d3200'}
        Body: b'{"volume": {"id": "2f43ef24-811b-4558-93c2-767b513d3200", "status": "error", "size": 1, "availabilityZone": "nova", "createdAt": "2026-02-19T12:12:09.000000", "attachments": [{}], "displayName": "tempest-VolumesSnapshotsTestJSON-volume-740906608", "displayDescription": null, "volumeType": "nvmetcp1", "snapshotId": null, "metadata": {}}}'
2026-02-19 12:12:11,554 123155 INFO     [tempest.lib.common.rest_client] Request (VolumesSnapshotsTestJSON:test_volume_snapshot_create_get_list_delete): 200 GET http://10.132.44.205/compute/v2.1/os-volumes/2f43ef24-811b-4558-93c2-767b513d3200 0.079s
2026-02-19 12:12:11,555 123155 DEBUG    [tempest.lib.common.rest_client] Request - Headers: {'Content-Type': 'application/json', 'Accept': 'application/json', 'X-Auth-Token': '<omitted>'}
        Body: None
    Response - Headers: {'date': 'Thu, 19 Feb 2026 12:12:11 GMT', 'server': 'Apache/2.4.58 (Ubuntu)', 'content-length': '338', 'content-type': 'application/json', 'openstack-api-version': 'compute 2.1', 'x-openstack-nova-api-version': '2.1', 'vary': 'OpenStack-API-Version,X-OpenStack-Nova-API-Version', 'x-openstack-request-id': 'req-0a60df70-fcbd-4204-af77-f9fec274a175', 'x-compute-request-id': 'req-0a60df70-fcbd-4204-af77-f9fec274a175', 'connection': 'close', 'status': '200', 'content-location': 'http://10.132.44.205/compute/v2.1/os-volumes/2f43ef24-811b-4558-93c2-767b513d3200'}
        Body: b'{"volume": {"id": "2f43ef24-811b-4558-93c2-767b513d3200", "status": "error", "size": 1, "availabilityZone": "nova", "crea
    tedAt": "2026-02-19T12:12:09.000000", "attachments": [{}], "displayName": "tempest-VolumesSnapshotsTestJSON-volume-740906608", "displayDescription": null, "volumeType": "nvmetcp1", "snapshotId": null, "metadata": {}}}'


tempest.api.compute.volumes.test_volumes_get.VolumesGetTestJSON.test_volume_create_get_delete[id-f10f25eb-9775-4d9d-9cbe-1cf54dae9d5f]
--------------------------------------------------------------------------------------------------------------------------------------

Captured traceback:
~~~~~~~~~~~~~~~~~~~
    Traceback (most recent call last):

      File "/opt/stack/tempest/tempest/api/compute/volumes/test_volumes_get.py", line 55, in test_volume_create_get_delete
    volume = self.create_volume(size=CONF.volume.volume_size,
             ^^^^^^^^^^^^^^^^^^^^^^^^^^^^^^^^^^^^^^^^^^^^^^^^

      File "/opt/stack/tempest/tempest/api/compute/base.py", line 541, in create_volume
    waiters.wait_for_volume_resource_status(cls.volumes_client,

      File "/opt/stack/tempest/tempest/common/waiters.py", line 379, in wait_for_volume_resource_status
    raise exceptions.VolumeResourceBuildErrorException(

    tempest.exceptions.VolumeResourceBuildErrorException: volume 7410371d-66f2-44ae-85eb-b1c92e591462 failed to build and is in ERROR status


Captured pythonlogging:
~~~~~~~~~~~~~~~~~~~~~~~
    2026-02-19 12:12:15,809 123155 INFO     [tempest.lib.common.rest_client] Request (VolumesGetTestJSON:test_volume_create_get_delete): 200 POST http://10.132.44.205/compute/v2.1/os-volumes 0.610s
2026-02-19 12:12:15,810 123155 DEBUG    [tempest.lib.common.rest_client] Request - Headers: {'Content-Type': 'application/json', 'Accept': 'application/json', 'X-Auth-Token': '<omitted>'}
        Body: {"volume": {"size": 1, "display_name": "tempest-VolumesGetTestJSON-Volume-541233154", "metadata": {"Type": "work"}}}
    Response - Headers: {'date': 'Thu, 19 Feb 2026 12:12:15 GMT', 'server': 'Apache/2.4.58 (Ubuntu)', 'content-length': '349', 'location': 'http://10.132.44.205/compute/v2.1/os-volumes/7410371d-66f2-44ae-85eb-b1c92e591462', 'content-type': 'application/json', 'openstack-api-version': 'compute 2.1', 'x-openstack-nova-api-version': '2.1', 'vary': 'OpenStack-API-Version,X-OpenStack-Nova-API-Version', 'x-openstack-request-id': 'req-dbc8dac0-baed-450c-89cf-61eb1833b854', 'x-compute-request-id': 'req-dbc8dac0-baed-450c-89cf-61eb1833b854', 'connection': 'close', 'status': '200', 'content-location': 'http://10.132.44.205/compute/v2.1/os-volumes'}
        Body: b'{"volume": {"id": "7410371d-66f2-44ae-85eb-b1c92e591462", "status": "creating", "size": 1, "availabilityZone": "nova", "createdAt": "2026-02-19T12:12:15.678052", "attachments": [{}], "displayName": "tempest-VolumesGetTestJSON-Volume-541233154", "displayDescription": null, "volumeType": "nvmetcp1", "snapshotId": null, "metadata": {"Type": "work"}}}'
2026-02-19 12:12:15,887 123155 INFO     [tempest.lib.common.rest_client] Request (VolumesGetTestJSON:test_volume_create_get_delete): 200 GET http://10.132.44.205/compute/v2.1/os-volumes/7410371d-66f2-44ae-85eb-b1c92e591462 0.067s
2026-02-19 12:12:15,887 123155 DEBUG    [tempest.lib.common.rest_client] Request - Headers: {'Content-Type': 'application/json', 'Accept': 'application/json', 'X-Auth-Token': '<omitted>'}
        Body: None
    Response - Headers: {'date': 'Thu, 19 Feb 2026 12:12:15 GMT', 'server': 'Apache/2.4.58 (Ubuntu)', 'content-length': '346', 'content-type': 'application/json', 'openstack-api-version': 'compute 2.1', 'x-openstack-nova-api-version': '2.1', 'vary': 'OpenStack-API-Version,X-OpenStack-Nova-API-Version', 'x-openstack-request-id': 'req-bc4ebe2f-3403-46b8-b85b-d533af2ee1b6', 'x-compute-request-id': 'req-bc4ebe2f-3403-46b8-b85b-d533af2ee1b6', 'connection': 'close', 'status': '200', 'content-location': 'http://10.132.44.205/compute/v2.1/os-volumes/7410371d-66f2-44ae-85eb-b1c92e591462'}
        Body: b'{"volume": {"id": "7410371d-66f2-44ae-85eb-b1c92e591462", "status": "error", "size": 1, "availabilityZone": "nova", "createdAt": "2026-02-19T12:12:16.000000", "attachments": [{}], "displayName": "tempest-VolumesGetTestJSON-Volume-541233154", "displayDescription": null, "volumeType": "nvmetcp1", "snapshotId": null, "metadata": {"Type": "work"}}}'
2026-02-19 12:12:16,980 123155 INFO     [tempest.lib.common.rest_client] Request (VolumesGetTestJSON:test_volume_create_get_delete): 200 GET http://10.132.44.205/compute/v2.1/os-volumes/7410371d-66f2-44ae-85eb-b1c92e591462 0.085s
2026-02-19 12:12:16,980 123155 DEBUG    [tempest.lib.common.rest_client] Request - Headers: {'Content-Type': 'application/json', 'Accept': 'application/json', 'X-Auth-Token': '<omitted>'}
        Body: None
    Response - Headers: {'date': 'Thu, 19 Feb 2026 12:12:16 GMT', 'server': 'Apache/2.4.58 (Ubuntu)', 'content-length': '346', 'content-type': 'application/json', 'openstack-api-version': 'compute 2.1', 'x-openstack-nova-api-version': '2.1', 'vary': 'OpenStack-API-Version,X-OpenStack-Nova-API-Version', 'x-openstack-request-id': 'req-c9ed9e22-6d0b-43d8-968d-38b1c08db68d', 'x-compute-request-id': 'req-c9ed9e22-6d0b-43d8-968d-38b1c08db68d', 'connection': 'close', 'status': '200', 'content-location': 'http://10.132.44.205/compute/v2.1/os-volumes/7410371d-66f2-44ae-85eb-b1c92e591462'}
        Body: b'{"volume": {"id": "7410371d-66f2-44ae-85eb-b1c92e591462", "status": "error", "size": 1, "availabilityZone": "nova", "createdAt": "2026-02-19T
    12:12:16.000000", "attachments": [{}], "displayName": "tempest-VolumesGetTestJSON-Volume-541233154", "displayDescription": null, "volumeType": "nvmetcp1", "snapshotId": null, "metadata": {"Type": "work"}}}'


setUpClass (tempest.api.compute.volumes.test_volumes_list.VolumesTestJSON)
--------------------------------------------------------------------------

Captured traceback:
~~~~~~~~~~~~~~~~~~~
    Traceback (most recent call last):

      File "/opt/stack/tempest/tempest/test.py", line 185, in setUpClass
    raise value.with_traceback(trace)

      File "/opt/stack/tempest/tempest/test.py", line 178, in setUpClass
    cls.resource_setup()

      File "/opt/stack/tempest/tempest/api/compute/volumes/test_volumes_list.py", line 56, in resource_setup
    volume = cls.create_volume(metadata=metadata)
             ^^^^^^^^^^^^^^^^^^^^^^^^^^^^^^^^^^^^

      File "/opt/stack/tempest/tempest/api/compute/base.py", line 541, in create_volume
    waiters.wait_for_volume_resource_status(cls.volumes_client,

      File "/opt/stack/tempest/tempest/common/waiters.py", line 379, in wait_for_volume_resource_status
    raise exceptions.VolumeResourceBuildErrorException(

    tempest.exceptions.VolumeResourceBuildErrorException: volume 8636158d-afc6-41ce-b7a1-c36def9680fa failed to build and is in ERROR status


tempest.api.volume.admin.test_backends_capabilities.BackendsCapabilitiesAdminTestsJSON.test_get_capabilities_backend[id-3750af44-5ea2-4cd4-bc3e-56e7e6caf854]
-------------------------------------------------------------------------------------------------------------------------------------------------------------

Captured traceback:
~~~~~~~~~~~~~~~~~~~
    Traceback (most recent call last):

      File "/opt/stack/tempest/tempest/api/volume/admin/test_backends_capabilities.py", line 38, in test_get_capabilities_backend
    self.admin_capabilities_client.show_backend_capabilities(self.hosts[0])
                                                             ~~~~~~~~~~^^^

    IndexError: list index out of range


tempest.api.volume.admin.test_group_snapshots.GroupSnapshotsTest.test_create_group_from_group_snapshot[id-eff52c70-efc7-45ed-b47a-4ad675d09b81]
-----------------------------------------------------------------------------------------------------------------------------------------------

Captured traceback:
~~~~~~~~~~~~~~~~~~~
    Traceback (most recent call last):

      File "/opt/stack/tempest/tempest/api/volume/admin/test_group_snapshots.py", line 162, in test_create_group_from_group_snapshot
    grp = self.create_group(group_type=group_type['id'],
          ^^^^^^^^^^^^^^^^^^^^^^^^^^^^^^^^^^^^^^^^^^^^^^

      File "/opt/stack/tempest/tempest/api/volume/base.py", line 293, in create_group
    waiters.wait_for_volume_resource_status(

      File "/opt/stack/tempest/tempest/common/waiters.py", line 379, in wait_for_volume_resource_status
    raise exceptions.VolumeResourceBuildErrorException(

    tempest.exceptions.VolumeResourceBuildErrorException: group 734dcf42-f431-493e-94b1-915d74ded57f failed to build and is in ERROR status


Captured pythonlogging:
~~~~~~~~~~~~~~~~~~~~~~~
    2026-02-19 12:12:35,753 123155 INFO     [tempest.lib.common.rest_client] Request (GroupSnapshotsTest:test_create_group_from_group_snapshot): 200 POST http://10.132.44.205/volume/v3/types 0.188s
2026-02-19 12:12:35,754 123155 DEBUG    [tempest.lib.common.rest_client] Request - Headers: {'Content-Type': 'application/json', 'Accept': 'application/json', 'X-Auth-Token': '<omitted>'}
        Body: {"volume_type": {"name": "tempest-GroupSnapshotsTest-volume-type-1662409357"}}
    Response - Headers: {'date': 'Thu, 19 Feb 2026 12:12:35 GMT', 'server': 'Apache/2.4.58 (Ubuntu)', 'content-type': 'application/json', 'x-compute-request-id': 'req-59420433-04c5-4b45-bc69-524d5684b276', 'content-length': '224', 'openstack-api-version': 'volume 3.0', 'vary': 'OpenStack-API-Version', 'x-openstack-request-id': 'req-59420433-04c5-4b45-bc69-524d5684b276', 'connection': 'close', 'status': '200', 'content-location': 'http://10.132.44.205/volume/v3/types'}
        Body: b'{"volume_type": {"id": "33d0986e-6f2f-4548-917a-002b776165b3", "name": "tempest-GroupSnapshotsTest-volume-type-1662409357", "is_public": true, "extra_specs": {}, "description": null, "os-volume-type-access:is_public": true}}'
2026-02-19 12:12:35,849 123155 INFO     [tempest.lib.common.rest_client] Request (GroupSnapshotsTest:test_create_group_from_group_snapshot): 202 POST http://10.132.44.205/volume/v3/group_types 0.088s
2026-02-19 12:12:35,850 123155 DEBUG    [tempest.lib.common.rest_client] Request - Headers: {'Content-Type': 'application/json', 'Accept': 'application/json', 'Openstack-Api-Version': 'volume 3.14', 'X-Auth-Token': '<omitted>'}
        Body: {"group_type": {"name": "tempest-GroupSnapshotsTest-group-type-742672044"}}
    Response - Headers: {'date': 'Thu, 19 Feb 2026 12:12:35 GMT', 'server': 'Apache/2.4.58 (Ubuntu)', 'content-type': 'application/json', 'x-compute-request-id': 'req-139a4040-9883-4163-8330-21f9fd89ba25', 'content-length': '180', 'openstack-api-version': 'volume 3.14', 'vary': 'OpenStack-API-Version', 'x-openstack-request-id': 'req-139a4040-9883-4163-8330-21f9fd89ba25', 'connection': 'close', 'status': '202', 'content-location': 'http://10.132.44.205/volume/v3/group_types'}
        Body: b'{"group_type": {"id": "b4c3bb26-a7f1-4144-b870-04a48acd890b", "name": "tempest-GroupSnapshotsTest-group-type-742672044", "description": null, "is_public": true, "group_specs": {}}}'
2026-02-19 12:12:36,125 123155 INFO     [tempest.lib.common.rest_client] Request (GroupSnapshotsTest:test_create_group_from_group_snapshot): 202 POST http://10.132.44.205/volume/v3/groups 0.272s
2026-02-19 12:12:36,126 123155 DEBUG    [tempest.lib.common.rest_client] Request - Headers: {'Content-Type': 'application/json', 'Accept': 'application/json', 'Openstack-Api-Version': 'volume 3.14', 'X-Auth-Token': '<omitted>'}
        Body: {"group": {"group_type": "b4c3bb26-a7f1-4144-b870-04a48acd890b", "volume_types": ["33d0986e-6f2f-4548-917a-002b776165b3"], "name": "tempest-GroupSnapshotsTest-Group-482006866"}}
    Response - Headers: {'date': 'Thu, 19 Feb 2026 12:12:35 GMT', 'server': 'Apache/2.4.58 (Ubuntu)', 'content-type': 'application/json', 'x-compute-request-id': 'req-0ce082cb-1832-4639-a291-1be547520806', 'content-length': '111', 'openstack-api-version': 'volume 3.14', 'vary': 'OpenStack-API-Version', 'x-openstack-request-id': 'req-0ce082cb-1832-4639-a291-1be547520806', 'connection': 'close', 'status': '202', 'content-location': 'http://10.132.44.205/volume/v3/groups'}
        Body: b'{"group": {"id": "734dcf42-f431-493e-94b1-915d74ded57f", "name": "tempest-GroupSnapshotsTest-Group-482006866"}}'
2026-02-19 12:12:36,188 123155 INFO     [tempest.lib.common.rest_client] Request (GroupSnapshotsTest:test_create_group_from_group_snapshot): 200 GET http://10.132.44.205/volume/v3/groups/734dcf42-f431-493e-94b1-915d74ded57f 0.060s
2026-02-19 12:12:36,189 123155 DEBUG    [tempest.lib.common.rest_client] Request - Headers: {'Content-Type': 'application/json', 'Accept': 'application/json', 'Openstack-Api-Version': 'volume 3.14', 'X-Auth-Token': '<omitted>'}
        Body: None
    Response 
    - Headers: {'date': 'Thu, 19 Feb 2026 12:12:36 GMT', 'server': 'Apache/2.4.58 (Ubuntu)', 'content-type': 'application/json', 'x-compute-request-id': 'req-54d3348a-d10f-4a80-9e5e-58d7c0f313bd', 'content-length': '391', 'openstack-api-version': 'volume 3.14', 'vary': 'OpenStack-API-Version', 'x-openstack-request-id': 'req-54d3348a-d10f-4a80-9e5e-58d7c0f313bd', 'connection': 'close', 'status': '200', 'content-location': 'http://10.132.44.205/volume/v3/groups/734dcf42-f431-493e-94b1-915d74ded57f'}
        Body: b'{"group": {"id": "734dcf42-f431-493e-94b1-915d74ded57f", "status": "creating", "availability_zone": "nova", "created_at": "2026-02-19T12:12:36.000000", "name": "tempest-GroupSnapshotsTest-Group-482006866", "description": null, "group_type": "b4c3bb26-a7f1-4144-b870-04a48acd890b", "volume_types": ["33d0986e-6f2f-4548-917a-002b776165b3"], "group_snapshot_id": null, "source_group_id": null}}'
2026-02-19 12:12:37,265 123155 INFO     [tempest.lib.common.rest_client] Request (GroupSnapshotsTest:test_create_group_from_group_snapshot): 200 GET http://10.132.44.205/volume/v3/groups/734dcf42-f431-493e-94b1-915d74ded57f 0.070s
2026-02-19 12:12:37,266 123155 DEBUG    [tempest.lib.common.rest_client] Request - Headers: {'Content-Type': 'application/json', 'Accept': 'application/json', 'Openstack-Api-Version': 'volume 3.14', 'X-Auth-Token': '<omitted>'}
        Body: None
    Response - Headers: {'date': 'Thu, 19 Feb 2026 12:12:37 GMT', 'server': 'Apache/2.4.58 (Ubuntu)', 'content-type': 'application/json', 'x-compute-request-id': 'req-2edafff2-1436-4236-a83c-7cf282441e61', 'content-length': '388', 'openstack-api-version': 'volume 3.14', 'vary': 'OpenStack-API-Version', 'x-openstack-request-id': 'req-2edafff2-1436-4236-a83c-7cf282441e61', 'connection': 'close', 'status': '200', 'content-location': 'http://10.132.44.205/volume/v3/groups/734dcf42-f431-493e-94b1-915d74ded57f'}
        Body: b'{"group": {"id": "734dcf42-f431-493e-94b1-915d74ded57f", "status": "error", "availability_zone": "nova", "created_at": "2026-02-19T12:12:36.000000", "name": "tempest-GroupSnapshotsTest-Group-482006866", "description": null, "group_type": "b4c3bb26-a7f1-4144-b870-04a48acd890b", "volume_types": ["33d0986e-6f2f-4548-917a-002b776165b3"], "group_snapshot_id": null, "source_group_id": null}}'
2026-02-19 12:12:37,372 123155 INFO     [tempest.lib.common.rest_client] Request (GroupSnapshotsTest:_run_cleanups): 200 GET http://10.132.44.205/volume/v3/volumes/detail 0.098s
2026-02-19 12:12:37,372 123155 DEBUG    [tempest.lib.common.rest_client] Request - Headers: {'Content-Type': 'application/json', 'Accept': 'application/json', 'Openstack-Api-Version': 'volume 3.14', 'X-Auth-Token': '<omitted>'}
        Body: None
    Response - Headers: {'date': 'Thu, 19 Feb 2026 12:12:37 GMT', 'server': 'Apache/2.4.58 (Ubuntu)', 'content-type': 'application/json', 'x-compute-request-id': 'req-b2cd3a62-019c-4504-8831-003bd57e7a3b', 'content-length': '15', 'openstack-api-version': 'volume 3.14', 'vary': 'OpenStack-API-Version', 'x-openstack-request-id': 'req-b2cd3a62-019c-4504-8831-003bd57e7a3b', 'connection': 'close', 'status': '200', 'content-location': 'http://10.132.44.205/volume/v3/volumes/detail'}
        Body: b'{"volumes": []}'
2026-02-19 12:12:37,499 123155 INFO     [tempest.lib.common.rest_client] Request (GroupSnapshotsTest:_run_cleanups): 202 POST http://10.132.44.205/volume/v3/groups/734dcf42-f431-493e-94b1-915d74ded57f/action 0.110s
2026-02-19 12:12:37,500 123155 DEBUG    [tempest.lib.common.rest_client] Request - Headers: {'Content-Type': 'application/json', 'Accept': 'application/json', 'Openstack-Api-Version': 'volume 3.14', 'X-Auth-Token': '<omitted>'}
        Body: {"delete": {"delete-volumes": true}}
    Response - Headers: {'date': 'Thu, 19 Feb 2026 12:12:37 GMT', 'server': 'Apache/2.4.58 (Ubuntu)', 'content-length': '0', 'content-type': 'text/html; charset=UTF-8', 'openstack-api-version': 'volume 3.14', 'vary': 'OpenStack-API-Version', 'x-openstack-request-id': 'req-7e7929f4-70d0-46e4-a8bf-c0c377b44f4d', 'connection': 'close', 'status': '202', 'conte
    nt-location': 'http://10.132.44.205/volume/v3/groups/734dcf42-f431-493e-94b1-915d74ded57f/action'}
        Body: b''
2026-02-19 12:12:37,524 123155 INFO     [tempest.lib.common.rest_client] Request (GroupSnapshotsTest:_run_cleanups): 404 GET http://10.132.44.205/volume/v3/groups/734dcf42-f431-493e-94b1-915d74ded57f 0.024s
2026-02-19 12:12:37,525 123155 DEBUG    [tempest.lib.common.rest_client] Request - Headers: {'Content-Type': 'application/json', 'Accept': 'application/json', 'Openstack-Api-Version': 'volume 3.14', 'X-Auth-Token': '<omitted>'}
        Body: None
    Response - Headers: {'date': 'Thu, 19 Feb 2026 12:12:37 GMT', 'server': 'Apache/2.4.58 (Ubuntu)', 'openstack-api-version': 'volume 3.14', 'vary': 'OpenStack-API-Version', 'content-length': '108', 'content-type': 'application/json', 'x-compute-request-id': 'req-e413cdc9-2b4c-4268-917a-06f60201cbd5', 'x-openstack-request-id': 'req-e413cdc9-2b4c-4268-917a-06f60201cbd5', 'connection': 'close', 'status': '404', 'content-location': 'http://10.132.44.205/volume/v3/groups/734dcf42-f431-493e-94b1-915d74ded57f'}
        Body: b'{"itemNotFound": {"code": 404, "message": "Group 734dcf42-f431-493e-94b1-915d74ded57f could not be found."}}'
2026-02-19 12:12:37,587 123155 INFO     [tempest.lib.common.rest_client] Request (GroupSnapshotsTest:_run_cleanups): 202 DELETE http://10.132.44.205/volume/v3/group_types/b4c3bb26-a7f1-4144-b870-04a48acd890b 0.061s
2026-02-19 12:12:37,588 123155 DEBUG    [tempest.lib.common.rest_client] Request - Headers: {'Content-Type': 'application/json', 'Accept': 'application/json', 'Openstack-Api-Version': 'volume 3.14', 'X-Auth-Token': '<omitted>'}
        Body: None
    Response - Headers: {'date': 'Thu, 19 Feb 2026 12:12:37 GMT', 'server': 'Apache/2.4.58 (Ubuntu)', 'content-length': '0', 'content-type': 'text/html; charset=UTF-8', 'openstack-api-version': 'volume 3.14', 'vary': 'OpenStack-API-Version', 'x-openstack-request-id': 'req-4a6cb173-bf19-4518-bcf4-225e1f37dca4', 'connection': 'close', 'status': '202', 'content-location': 'http://10.132.44.205/volume/v3/group_types/b4c3bb26-a7f1-4144-b870-04a48acd890b'}
        Body: b''
2026-02-19 12:12:37,718 123155 INFO     [tempest.lib.common.rest_client] Request (GroupSnapshotsTest:_run_cleanups): 202 DELETE http://10.132.44.205/volume/v3/types/33d0986e-6f2f-4548-917a-002b776165b3 0.129s
2026-02-19 12:12:37,719 123155 DEBUG    [tempest.lib.common.rest_client] Request - Headers: {'Content-Type': 'application/json', 'Accept': 'application/json', 'X-Auth-Token': '<omitted>'}
        Body: None
    Response - Headers: {'date': 'Thu, 19 Feb 2026 12:12:37 GMT', 'server': 'Apache/2.4.58 (Ubuntu)', 'content-length': '0', 'content-type': 'text/html; charset=UTF-8', 'openstack-api-version': 'volume 3.0', 'vary': 'OpenStack-API-Version', 'x-openstack-request-id': 'req-112fd38d-9dd3-4925-820e-05164ff11fdc', 'connection': 'close', 'status': '202', 'content-location': 'http://10.132.44.205/volume/v3/types/33d0986e-6f2f-4548-917a-002b776165b3'}
        Body: b''
2026-02-19 12:12:37,741 123155 INFO     [tempest.lib.common.rest_client] Request (GroupSnapshotsTest:_run_cleanups): 404 GET http://10.132.44.205/volume/v3/types/33d0986e-6f2f-4548-917a-002b776165b3 0.021s
2026-02-19 12:12:37,741 123155 DEBUG    [tempest.lib.common.rest_client] Request - Headers: {'Content-Type': 'application/json', 'Accept': 'application/json', 'X-Auth-Token': '<omitted>'}
        Body: None
    Response - Headers: {'date': 'Thu, 19 Feb 2026 12:12:37 GMT', 'server': 'Apache/2.4.58 (Ubuntu)', 'openstack-api-version': 'volume 3.0', 'vary': 'OpenStack-API-Version', 'content-length': '114', 'content-type': 'application/json', 'x-compute-request-id': 'req-652ec868-5184-41e2-b19d-fbc5da0405a7', 'x-openstack-request-id': 'req-652ec868-5184-41e2-b19d-fbc5da0405a7', 'connection': 'close', 'status': '404', 'content-location': 'http://10.132.44.205/volume/v3/types/33d0986e-6f2f-4548-917a-002b776165b3'}
        Body: b'{"itemNotFound": {"code": 404, "message": "Volume type 33d0986e-6f2f-4548-917a-002b776165b3 could not be found."}}'


tempest.api.volume.admin.test_group_snapshots.GroupSnapshotsTest.test_delete_group_snapshots_following_updated_volumes[id-7d7fc000-0b4c-4376-a372-544116d2e127]
---------------------------------------------------------------------------------------------------------------------------------------------------------------

Captured traceback:
~~~~~~~~~~~~~~~~~~~
    Traceback (most recent call last):

      File "/opt/stack/tempest/tempest/lib/decorators.py", line 106, in wrapper
    raise exc

      File "/opt/stack/tempest/tempest/lib/decorators.py", line 98, in wrapper
    return f(*func_args, **func_kwargs)
           ^^^^^^^^^^^^^^^^^^^^^^^^^^^^

      File "/opt/stack/tempest/tempest/api/volume/admin/test_group_snapshots.py", line 225, in test_delete_group_snapshots_following_updated_volumes
    grp = self.create_group(group_type=group_type['id'],
          ^^^^^^^^^^^^^^^^^^^^^^^^^^^^^^^^^^^^^^^^^^^^^^

      File "/opt/stack/tempest/tempest/api/volume/base.py", line 293, in create_group
    waiters.wait_for_volume_resource_status(

      File "/opt/stack/tempest/tempest/common/waiters.py", line 379, in wait_for_volume_resource_status
    raise exceptions.VolumeResourceBuildErrorException(

    tempest.exceptions.VolumeResourceBuildErrorException: group 3a418f36-c99c-4dc9-bb62-5ddbe3d507fe failed to build and is in ERROR status


Captured pythonlogging:
~~~~~~~~~~~~~~~~~~~~~~~
    2026-02-19 12:12:37,799 123155 INFO     [tempest.lib.common.rest_client] Request (GroupSnapshotsTest:test_delete_group_snapshots_following_updated_volumes): 200 POST http://10.132.44.205/volume/v3/types 0.053s
2026-02-19 12:12:37,799 123155 DEBUG    [tempest.lib.common.rest_client] Request - Headers: {'Content-Type': 'application/json', 'Accept': 'application/json', 'X-Auth-Token': '<omitted>'}
        Body: {"volume_type": {"name": "tempest-GroupSnapshotsTest-volume-type-1174906591"}}
    Response - Headers: {'date': 'Thu, 19 Feb 2026 12:12:37 GMT', 'server': 'Apache/2.4.58 (Ubuntu)', 'content-type': 'application/json', 'x-compute-request-id': 'req-0d5e9416-5841-4c8b-9af8-bcf1426985be', 'content-length': '224', 'openstack-api-version': 'volume 3.0', 'vary': 'OpenStack-API-Version', 'x-openstack-request-id': 'req-0d5e9416-5841-4c8b-9af8-bcf1426985be', 'connection': 'close', 'status': '200', 'content-location': 'http://10.132.44.205/volume/v3/types'}
        Body: b'{"volume_type": {"id": "2fb3eefb-e082-4ab4-b950-803ba81c21b5", "name": "tempest-GroupSnapshotsTest-volume-type-1174906591", "is_public": true, "extra_specs": {}, "description": null, "os-volume-type-access:is_public": true}}'
2026-02-19 12:12:37,850 123155 INFO     [tempest.lib.common.rest_client] Request (GroupSnapshotsTest:test_delete_group_snapshots_following_updated_volumes): 202 POST http://10.132.44.205/volume/v3/group_types 0.047s
2026-02-19 12:12:37,851 123155 DEBUG    [tempest.lib.common.rest_client] Request - Headers: {'Content-Type': 'application/json', 'Accept': 'application/json', 'Openstack-Api-Version': 'volume 3.14', 'X-Auth-Token': '<omitted>'}
        Body: {"group_type": {"name": "tempest-GroupSnapshotsTest-group-type-1914331616"}}
    Response - Headers: {'date': 'Thu, 19 Feb 2026 12:12:37 GMT', 'server': 'Apache/2.4.58 (Ubuntu)', 'content-type': 'application/json', 'x-compute-request-id': 'req-c6b6f987-ad58-4049-8912-69358f9f6bc5', 'content-length': '181', 'openstack-api-version': 'volume 3.14', 'vary': 'OpenStack-API-Version', 'x-openstack-request-id': 'req-c6b6f987-ad58-4049-8912-69358f9f6bc5', 'connection': 'close', 'status': '202', 'content-location': 'http://10.132.44.205/volume/v3/group_types'}
        Body: b'{"group_type": {"id": "c6eb5929-ee9f-4720-a87c-ad875eeacc4e", "name": "tempest-GroupSnapshotsTest-group-type-1914331616", "description": null, "is_public": true, "group_specs": {}}}'
2026-02-19 12:12:38,027 123155 INFO     [tempest.lib.common.rest_client] Request (GroupSnapshotsTest:test_delete_group_snapshots_following_updated_volumes): 202 POST http://10.132.44.205/volume/v3/groups 0.175s
2026-02-19 12:12:38,028 123155 DEBUG    [tempest.lib.common.rest_client] Request - Headers: {'Content-Type': 'application/json', 'Accept': 'application/json', 'Openstack-Api-Version': 'volume 3.14', 'X-Auth-Token': '<omitted>'}
        Body: {"group": {"group_type": "c6eb5929-ee9f-4720-a87c-ad875eeacc4e", "volume_types": ["2fb3eefb-e082-4ab4-b950-803ba81c21b5"], "name": "tempest-GroupSnapshotsTest-Group-1980259470"}}
    Response - Headers: {'date': 'Thu, 19 Feb 2026 12:12:37 GMT', 'server': 'Apache/2.4.58 (Ubuntu)', 'content-type': 'application/json', 'x-compute-request-id': 'req-c7d92708-e452-44ee-ac02-c6e6eb773d91', 'content-length': '112', 'openstack-api-version': 'volume 3.14', 'vary': 'OpenStack-API-Version', 'x-openstack-request-id': 'req-c7d92708-e452-44ee-ac02-c6e6eb773d91', 'connection': 'close', 'status': '202', 'content-location': 'http://10.132.44.205/volume/v3/groups'}
        Body: b'{"group": {"id": "3a418f36-c99c-4dc9-bb62-5ddbe3d507fe", "name": "tempest-GroupSnapshotsTest-Group-1980259470"}}'
2026-02-19 12:12:38,073 123155 INFO     [tempest.lib.common.rest_client] Request (GroupSnapshotsTest:test_delete_group_snapshots_following_updated_volumes): 200 GET http://10.132.44.205/volume/v3/groups/3a418f36-c99c-4dc9-bb62-5ddbe3d507fe 0.043s
2026-02-19 12:12:38,073 123155 DEBUG    [tempest.lib.common.rest_client] Request - Headers: {'Content-Type': 'application/json', 'Accept': 'application/json', 'Openstack-Api-Version': 'volume 
    3.14', 'X-Auth-Token': '<omitted>'}
        Body: None
    Response - Headers: {'date': 'Thu, 19 Feb 2026 12:12:38 GMT', 'server': 'Apache/2.4.58 (Ubuntu)', 'content-type': 'application/json', 'x-compute-request-id': 'req-8d2d7d54-f8b7-488f-8fd1-cbfa94687792', 'content-length': '392', 'openstack-api-version': 'volume 3.14', 'vary': 'OpenStack-API-Version', 'x-openstack-request-id': 'req-8d2d7d54-f8b7-488f-8fd1-cbfa94687792', 'connection': 'close', 'status': '200', 'content-location': 'http://10.132.44.205/volume/v3/groups/3a418f36-c99c-4dc9-bb62-5ddbe3d507fe'}
        Body: b'{"group": {"id": "3a418f36-c99c-4dc9-bb62-5ddbe3d507fe", "status": "creating", "availability_zone": "nova", "created_at": "2026-02-19T12:12:38.000000", "name": "tempest-GroupSnapshotsTest-Group-1980259470", "description": null, "group_type": "c6eb5929-ee9f-4720-a87c-ad875eeacc4e", "volume_types": ["2fb3eefb-e082-4ab4-b950-803ba81c21b5"], "group_snapshot_id": null, "source_group_id": null}}'
2026-02-19 12:12:39,128 123155 INFO     [tempest.lib.common.rest_client] Request (GroupSnapshotsTest:test_delete_group_snapshots_following_updated_volumes): 200 GET http://10.132.44.205/volume/v3/groups/3a418f36-c99c-4dc9-bb62-5ddbe3d507fe 0.048s
2026-02-19 12:12:39,128 123155 DEBUG    [tempest.lib.common.rest_client] Request - Headers: {'Content-Type': 'application/json', 'Accept': 'application/json', 'Openstack-Api-Version': 'volume 3.14', 'X-Auth-Token': '<omitted>'}
        Body: None
    Response - Headers: {'date': 'Thu, 19 Feb 2026 12:12:39 GMT', 'server': 'Apache/2.4.58 (Ubuntu)', 'content-type': 'application/json', 'x-compute-request-id': 'req-96de9eb7-f56c-4c24-adcf-1f3507e9f138', 'content-length': '389', 'openstack-api-version': 'volume 3.14', 'vary': 'OpenStack-API-Version', 'x-openstack-request-id': 'req-96de9eb7-f56c-4c24-adcf-1f3507e9f138', 'connection': 'close', 'status': '200', 'content-location': 'http://10.132.44.205/volume/v3/groups/3a418f36-c99c-4dc9-bb62-5ddbe3d507fe'}
        Body: b'{"group": {"id": "3a418f36-c99c-4dc9-bb62-5ddbe3d507fe", "status": "error", "availability_zone": "nova", "created_at": "2026-02-19T12:12:38.000000", "name": "tempest-GroupSnapshotsTest-Group-1980259470", "description": null, "group_type": "c6eb5929-ee9f-4720-a87c-ad875eeacc4e", "volume_types": ["2fb3eefb-e082-4ab4-b950-803ba81c21b5"], "group_snapshot_id": null, "source_group_id": null}}'
2026-02-19 12:12:39,134 123155 ERROR    [tempest.lib.decorators] Hints: This test was made for the bug_type 1739031. The failure could be related to https://launchpad.net/bugs/1739031
2026-02-19 12:12:39,232 123155 INFO     [tempest.lib.common.rest_client] Request (GroupSnapshotsTest:_run_cleanups): 200 GET http://10.132.44.205/volume/v3/volumes/detail 0.095s
2026-02-19 12:12:39,232 123155 DEBUG    [tempest.lib.common.rest_client] Request - Headers: {'Content-Type': 'application/json', 'Accept': 'application/json', 'Openstack-Api-Version': 'volume 3.14', 'X-Auth-Token': '<omitted>'}
        Body: None
    Response - Headers: {'date': 'Thu, 19 Feb 2026 12:12:39 GMT', 'server': 'Apache/2.4.58 (Ubuntu)', 'content-type': 'application/json', 'x-compute-request-id': 'req-d4c849ff-22c1-4240-81fb-2dba1a25c5bf', 'content-length': '15', 'openstack-api-version': 'volume 3.14', 'vary': 'OpenStack-API-Version', 'x-openstack-request-id': 'req-d4c849ff-22c1-4240-81fb-2dba1a25c5bf', 'connection': 'close', 'status': '200', 'content-location': 'http://10.132.44.205/volume/v3/volumes/detail'}
        Body: b'{"volumes": []}'
2026-02-19 12:12:39,364 123155 INFO     [tempest.lib.common.rest_client] Request (GroupSnapshotsTest:_run_cleanups): 202 POST http://10.132.44.205/volume/v3/groups/3a418f36-c99c-4dc9-bb62-5ddbe3d507fe/action 0.113s
2026-02-19 12:12:39,364 123155 DEBUG    [tempest.lib.common.rest_client] Request - Headers: {'Content-Type': 'application/json', 'Accept': 'application/json', 'Openstack-Api-Version': 'volume 3.14', 'X-Auth-Token': '<omitted>'}
        Body: {"delete": {"delete-volumes": true}}
    Response - Headers: {'date': 'Thu, 19 Feb 2026 12:12:39 GMT', 'server': 'Apache/2.4.
    58 (Ubuntu)', 'content-length': '0', 'content-type': 'text/html; charset=UTF-8', 'openstack-api-version': 'volume 3.14', 'vary': 'OpenStack-API-Version', 'x-openstack-request-id': 'req-c2997ee0-b244-45f0-ac2d-3b446963d16e', 'connection': 'close', 'status': '202', 'content-location': 'http://10.132.44.205/volume/v3/groups/3a418f36-c99c-4dc9-bb62-5ddbe3d507fe/action'}
        Body: b''
2026-02-19 12:12:39,386 123155 INFO     [tempest.lib.common.rest_client] Request (GroupSnapshotsTest:_run_cleanups): 404 GET http://10.132.44.205/volume/v3/groups/3a418f36-c99c-4dc9-bb62-5ddbe3d507fe 0.021s
2026-02-19 12:12:39,387 123155 DEBUG    [tempest.lib.common.rest_client] Request - Headers: {'Content-Type': 'application/json', 'Accept': 'application/json', 'Openstack-Api-Version': 'volume 3.14', 'X-Auth-Token': '<omitted>'}
        Body: None
    Response - Headers: {'date': 'Thu, 19 Feb 2026 12:12:39 GMT', 'server': 'Apache/2.4.58 (Ubuntu)', 'openstack-api-version': 'volume 3.14', 'vary': 'OpenStack-API-Version', 'content-length': '108', 'content-type': 'application/json', 'x-compute-request-id': 'req-1a9cade9-f7a2-4f5a-a318-2689f430621b', 'x-openstack-request-id': 'req-1a9cade9-f7a2-4f5a-a318-2689f430621b', 'connection': 'close', 'status': '404', 'content-location': 'http://10.132.44.205/volume/v3/groups/3a418f36-c99c-4dc9-bb62-5ddbe3d507fe'}
        Body: b'{"itemNotFound": {"code": 404, "message": "Group 3a418f36-c99c-4dc9-bb62-5ddbe3d507fe could not be found."}}'
2026-02-19 12:12:39,438 123155 INFO     [tempest.lib.common.rest_client] Request (GroupSnapshotsTest:_run_cleanups): 202 DELETE http://10.132.44.205/volume/v3/group_types/c6eb5929-ee9f-4720-a87c-ad875eeacc4e 0.050s
2026-02-19 12:12:39,439 123155 DEBUG    [tempest.lib.common.rest_client] Request - Headers: {'Content-Type': 'application/json', 'Accept': 'application/json', 'Openstack-Api-Version': 'volume 3.14', 'X-Auth-Token': '<omitted>'}
        Body: None
    Response - Headers: {'date': 'Thu, 19 Feb 2026 12:12:39 GMT', 'server': 'Apache/2.4.58 (Ubuntu)', 'content-length': '0', 'content-type': 'text/html; charset=UTF-8', 'openstack-api-version': 'volume 3.14', 'vary': 'OpenStack-API-Version', 'x-openstack-request-id': 'req-212d8c4c-16da-475f-9c64-43f4be4fdf61', 'connection': 'close', 'status': '202', 'content-location': 'http://10.132.44.205/volume/v3/group_types/c6eb5929-ee9f-4720-a87c-ad875eeacc4e'}
        Body: b''
2026-02-19 12:12:39,531 123155 INFO     [tempest.lib.common.rest_client] Request (GroupSnapshotsTest:_run_cleanups): 202 DELETE http://10.132.44.205/volume/v3/types/2fb3eefb-e082-4ab4-b950-803ba81c21b5 0.092s
2026-02-19 12:12:39,532 123155 DEBUG    [tempest.lib.common.rest_client] Request - Headers: {'Content-Type': 'application/json', 'Accept': 'application/json', 'X-Auth-Token': '<omitted>'}
        Body: None
    Response - Headers: {'date': 'Thu, 19 Feb 2026 12:12:39 GMT', 'server': 'Apache/2.4.58 (Ubuntu)', 'content-length': '0', 'content-type': 'text/html; charset=UTF-8', 'openstack-api-version': 'volume 3.0', 'vary': 'OpenStack-API-Version', 'x-openstack-request-id': 'req-3ffafa93-537c-44e6-b06c-68120c0e49d0', 'connection': 'close', 'status': '202', 'content-location': 'http://10.132.44.205/volume/v3/types/2fb3eefb-e082-4ab4-b950-803ba81c21b5'}
        Body: b''
2026-02-19 12:12:39,555 123155 INFO     [tempest.lib.common.rest_client] Request (GroupSnapshotsTest:_run_cleanups): 404 GET http://10.132.44.205/volume/v3/types/2fb3eefb-e082-4ab4-b950-803ba81c21b5 0.022s
2026-02-19 12:12:39,555 123155 DEBUG    [tempest.lib.common.rest_client] Request - Headers: {'Content-Type': 'application/json', 'Accept': 'application/json', 'X-Auth-Token': '<omitted>'}
        Body: None
    Response - Headers: {'date': 'Thu, 19 Feb 2026 12:12:39 GMT', 'server': 'Apache/2.4.58 (Ubuntu)', 'openstack-api-version': 'volume 3.0', 'vary': 'OpenStack-API-Version', 'content-length': '114', 'content-type': 'application/json', 'x-compute-request-id': 'req-983d9e6b-ffe8-429a-bd7c-eceb59941824', 'x-openstack-request-id': 'req-983d9e6b-ffe8-429a-bd7c-eceb59941824', 'connection': 
    'close', 'status': '404', 'content-location': 'http://10.132.44.205/volume/v3/types/2fb3eefb-e082-4ab4-b950-803ba81c21b5'}
        Body: b'{"itemNotFound": {"code": 404, "message": "Volume type 2fb3eefb-e082-4ab4-b950-803ba81c21b5 could not be found."}}'


tempest.api.volume.admin.test_group_snapshots.GroupSnapshotsTest.test_group_snapshot_create_show_list_delete[id-1298e537-f1f0-47a3-a1dd-8adec8168897]
-----------------------------------------------------------------------------------------------------------------------------------------------------

Captured traceback:
~~~~~~~~~~~~~~~~~~~
    Traceback (most recent call last):

      File "/opt/stack/tempest/tempest/api/volume/admin/test_group_snapshots.py", line 92, in test_group_snapshot_create_show_list_delete
    grp = self.create_group(group_type=group_type['id'],
          ^^^^^^^^^^^^^^^^^^^^^^^^^^^^^^^^^^^^^^^^^^^^^^

      File "/opt/stack/tempest/tempest/api/volume/base.py", line 293, in create_group
    waiters.wait_for_volume_resource_status(

      File "/opt/stack/tempest/tempest/common/waiters.py", line 379, in wait_for_volume_resource_status
    raise exceptions.VolumeResourceBuildErrorException(

    tempest.exceptions.VolumeResourceBuildErrorException: group 06040142-0980-440c-92e0-6f82c18e86d0 failed to build and is in ERROR status


Captured pythonlogging:
~~~~~~~~~~~~~~~~~~~~~~~
    2026-02-19 12:12:39,598 123155 INFO     [tempest.lib.common.rest_client] Request (GroupSnapshotsTest:test_group_snapshot_create_show_list_delete): 200 POST http://10.132.44.205/volume/v3/types 0.040s
2026-02-19 12:12:39,599 123155 DEBUG    [tempest.lib.common.rest_client] Request - Headers: {'Content-Type': 'application/json', 'Accept': 'application/json', 'X-Auth-Token': '<omitted>'}
        Body: {"volume_type": {"name": "tempest-GroupSnapshotsTest-volume-type-533127890"}}
    Response - Headers: {'date': 'Thu, 19 Feb 2026 12:12:39 GMT', 'server': 'Apache/2.4.58 (Ubuntu)', 'content-type': 'application/json', 'x-compute-request-id': 'req-ac5c740d-0d36-4917-81d9-ad1d4aa42af3', 'content-length': '223', 'openstack-api-version': 'volume 3.0', 'vary': 'OpenStack-API-Version', 'x-openstack-request-id': 'req-ac5c740d-0d36-4917-81d9-ad1d4aa42af3', 'connection': 'close', 'status': '200', 'content-location': 'http://10.132.44.205/volume/v3/types'}
        Body: b'{"volume_type": {"id": "acbe4fa1-18c4-45fb-bbf5-6fcbd40c9d3e", "name": "tempest-GroupSnapshotsTest-volume-type-533127890", "is_public": true, "extra_specs": {}, "description": null, "os-volume-type-access:is_public": true}}'
2026-02-19 12:12:39,648 123155 INFO     [tempest.lib.common.rest_client] Request (GroupSnapshotsTest:test_group_snapshot_create_show_list_delete): 202 POST http://10.132.44.205/volume/v3/group_types 0.046s
2026-02-19 12:12:39,649 123155 DEBUG    [tempest.lib.common.rest_client] Request - Headers: {'Content-Type': 'application/json', 'Accept': 'application/json', 'Openstack-Api-Version': 'volume 3.14', 'X-Auth-Token': '<omitted>'}
        Body: {"group_type": {"name": "tempest-GroupSnapshotsTest-group-type-1799458416"}}
    Response - Headers: {'date': 'Thu, 19 Feb 2026 12:12:39 GMT', 'server': 'Apache/2.4.58 (Ubuntu)', 'content-type': 'application/json', 'x-compute-request-id': 'req-7c9275c0-4a92-475f-ab4e-7f736ab71658', 'content-length': '181', 'openstack-api-version': 'volume 3.14', 'vary': 'OpenStack-API-Version', 'x-openstack-request-id': 'req-7c9275c0-4a92-475f-ab4e-7f736ab71658', 'connection': 'close', 'status': '202', 'content-location': 'http://10.132.44.205/volume/v3/group_types'}
        Body: b'{"group_type": {"id": "ab05a713-6d61-498e-8c35-efceb0abb0e6", "name": "tempest-GroupSnapshotsTest-group-type-1799458416", "description": null, "is_public": true, "group_specs": {}}}'
2026-02-19 12:12:39,781 123155 INFO     [tempest.lib.common.rest_client] Request (GroupSnapshotsTest:test_group_snapshot_create_show_list_delete): 202 POST http://10.132.44.205/volume/v3/groups 0.128s
2026-02-19 12:12:39,782 123155 DEBUG    [tempest.lib.common.rest_client] Request - Headers: {'Content-Type': 'application/json', 'Accept': 'application/json', 'Openstack-Api-Version': 'volume 3.14', 'X-Auth-Token': '<omitted>'}
        Body: {"group": {"group_type": "ab05a713-6d61-498e-8c35-efceb0abb0e6", "volume_types": ["acbe4fa1-18c4-45fb-bbf5-6fcbd40c9d3e"], "name": "tempest-GroupSnapshotsTest-Group-261361102"}}
    Response - Headers: {'date': 'Thu, 19 Feb 2026 12:12:39 GMT', 'server': 'Apache/2.4.58 (Ubuntu)', 'content-type': 'application/json', 'x-compute-request-id': 'req-f1de798b-cb6e-4cd6-b79f-966eb53bbf77', 'content-length': '111', 'openstack-api-version': 'volume 3.14', 'vary': 'OpenStack-API-Version', 'x-openstack-request-id': 'req-f1de798b-cb6e-4cd6-b79f-966eb53bbf77', 'connection': 'close', 'status': '202', 'content-location': 'http://10.132.44.205/volume/v3/groups'}
        Body: b'{"group": {"id": "06040142-0980-440c-92e0-6f82c18e86d0", "name": "tempest-GroupSnapshotsTest-Group-261361102"}}'
2026-02-19 12:12:39,828 123155 INFO     [tempest.lib.common.rest_client] Request (GroupSnapshotsTest:test_group_snapshot_create_show_list_delete): 200 GET http://10.132.44.205/volume/v3/groups/06040142-0980-440c-92e0-6f82c18e86d0 0.044s
2026-02-19 12:12:39,829 123155 DEBUG    [tempest.lib.common.rest_client] Request - Headers: {'Content-Type': 'application/json', 'Accept': 'application/json', 'Openstack-Api-Version': 'volume 3.14', 'X-Auth-Token': '<omitted>'}
        
    Body: None
    Response - Headers: {'date': 'Thu, 19 Feb 2026 12:12:39 GMT', 'server': 'Apache/2.4.58 (Ubuntu)', 'content-type': 'application/json', 'x-compute-request-id': 'req-9c47c9ae-61ff-43d2-b2ac-26ed55fecdbe', 'content-length': '391', 'openstack-api-version': 'volume 3.14', 'vary': 'OpenStack-API-Version', 'x-openstack-request-id': 'req-9c47c9ae-61ff-43d2-b2ac-26ed55fecdbe', 'connection': 'close', 'status': '200', 'content-location': 'http://10.132.44.205/volume/v3/groups/06040142-0980-440c-92e0-6f82c18e86d0'}
        Body: b'{"group": {"id": "06040142-0980-440c-92e0-6f82c18e86d0", "status": "creating", "availability_zone": "nova", "created_at": "2026-02-19T12:12:40.000000", "name": "tempest-GroupSnapshotsTest-Group-261361102", "description": null, "group_type": "ab05a713-6d61-498e-8c35-efceb0abb0e6", "volume_types": ["acbe4fa1-18c4-45fb-bbf5-6fcbd40c9d3e"], "group_snapshot_id": null, "source_group_id": null}}'
2026-02-19 12:12:40,865 123155 INFO     [tempest.lib.common.rest_client] Request (GroupSnapshotsTest:test_group_snapshot_create_show_list_delete): 200 GET http://10.132.44.205/volume/v3/groups/06040142-0980-440c-92e0-6f82c18e86d0 0.029s
2026-02-19 12:12:40,866 123155 DEBUG    [tempest.lib.common.rest_client] Request - Headers: {'Content-Type': 'application/json', 'Accept': 'application/json', 'Openstack-Api-Version': 'volume 3.14', 'X-Auth-Token': '<omitted>'}
        Body: None
    Response - Headers: {'date': 'Thu, 19 Feb 2026 12:12:40 GMT', 'server': 'Apache/2.4.58 (Ubuntu)', 'content-type': 'application/json', 'x-compute-request-id': 'req-6c264bd0-9f00-47cc-b99f-b701a706d5c5', 'content-length': '388', 'openstack-api-version': 'volume 3.14', 'vary': 'OpenStack-API-Version', 'x-openstack-request-id': 'req-6c264bd0-9f00-47cc-b99f-b701a706d5c5', 'connection': 'close', 'status': '200', 'content-location': 'http://10.132.44.205/volume/v3/groups/06040142-0980-440c-92e0-6f82c18e86d0'}
        Body: b'{"group": {"id": "06040142-0980-440c-92e0-6f82c18e86d0", "status": "error", "availability_zone": "nova", "created_at": "2026-02-19T12:12:40.000000", "name": "tempest-GroupSnapshotsTest-Group-261361102", "description": null, "group_type": "ab05a713-6d61-498e-8c35-efceb0abb0e6", "volume_types": ["acbe4fa1-18c4-45fb-bbf5-6fcbd40c9d3e"], "group_snapshot_id": null, "source_group_id": null}}'
2026-02-19 12:12:40,915 123155 INFO     [tempest.lib.common.rest_client] Request (GroupSnapshotsTest:_run_cleanups): 200 GET http://10.132.44.205/volume/v3/volumes/detail 0.042s
2026-02-19 12:12:40,915 123155 DEBUG    [tempest.lib.common.rest_client] Request - Headers: {'Content-Type': 'application/json', 'Accept': 'application/json', 'Openstack-Api-Version': 'volume 3.14', 'X-Auth-Token': '<omitted>'}
        Body: None
    Response - Headers: {'date': 'Thu, 19 Feb 2026 12:12:40 GMT', 'server': 'Apache/2.4.58 (Ubuntu)', 'content-type': 'application/json', 'x-compute-request-id': 'req-311c81ea-96d9-42ae-ad96-141a87dff9d3', 'content-length': '15', 'openstack-api-version': 'volume 3.14', 'vary': 'OpenStack-API-Version', 'x-openstack-request-id': 'req-311c81ea-96d9-42ae-ad96-141a87dff9d3', 'connection': 'close', 'status': '200', 'content-location': 'http://10.132.44.205/volume/v3/volumes/detail'}
        Body: b'{"volumes": []}'
2026-02-19 12:12:41,033 123155 INFO     [tempest.lib.common.rest_client] Request (GroupSnapshotsTest:_run_cleanups): 202 POST http://10.132.44.205/volume/v3/groups/06040142-0980-440c-92e0-6f82c18e86d0/action 0.101s
2026-02-19 12:12:41,034 123155 DEBUG    [tempest.lib.common.rest_client] Request - Headers: {'Content-Type': 'application/json', 'Accept': 'application/json', 'Openstack-Api-Version': 'volume 3.14', 'X-Auth-Token': '<omitted>'}
        Body: {"delete": {"delete-volumes": true}}
    Response - Headers: {'date': 'Thu, 19 Feb 2026 12:12:40 GMT', 'server': 'Apache/2.4.58 (Ubuntu)', 'content-length': '0', 'content-type': 'text/html; charset=UTF-8', 'openstack-api-version': 'volume 3.14', 'vary': 'OpenStack-API-Version', 'x-openstack-request-id': 'req-e93acb72-8505-4896-8879-d6cf2a13110c', 'connection': 'c
    lose', 'status': '202', 'content-location': 'http://10.132.44.205/volume/v3/groups/06040142-0980-440c-92e0-6f82c18e86d0/action'}
        Body: b''
2026-02-19 12:12:41,056 123155 INFO     [tempest.lib.common.rest_client] Request (GroupSnapshotsTest:_run_cleanups): 404 GET http://10.132.44.205/volume/v3/groups/06040142-0980-440c-92e0-6f82c18e86d0 0.021s
2026-02-19 12:12:41,057 123155 DEBUG    [tempest.lib.common.rest_client] Request - Headers: {'Content-Type': 'application/json', 'Accept': 'application/json', 'Openstack-Api-Version': 'volume 3.14', 'X-Auth-Token': '<omitted>'}
        Body: None
    Response - Headers: {'date': 'Thu, 19 Feb 2026 12:12:41 GMT', 'server': 'Apache/2.4.58 (Ubuntu)', 'openstack-api-version': 'volume 3.14', 'vary': 'OpenStack-API-Version', 'content-length': '108', 'content-type': 'application/json', 'x-compute-request-id': 'req-7d0e9a98-c587-4a88-8730-94bb39566cb0', 'x-openstack-request-id': 'req-7d0e9a98-c587-4a88-8730-94bb39566cb0', 'connection': 'close', 'status': '404', 'content-location': 'http://10.132.44.205/volume/v3/groups/06040142-0980-440c-92e0-6f82c18e86d0'}
        Body: b'{"itemNotFound": {"code": 404, "message": "Group 06040142-0980-440c-92e0-6f82c18e86d0 could not be found."}}'
2026-02-19 12:12:41,101 123155 INFO     [tempest.lib.common.rest_client] Request (GroupSnapshotsTest:_run_cleanups): 202 DELETE http://10.132.44.205/volume/v3/group_types/ab05a713-6d61-498e-8c35-efceb0abb0e6 0.043s
2026-02-19 12:12:41,102 123155 DEBUG    [tempest.lib.common.rest_client] Request - Headers: {'Content-Type': 'application/json', 'Accept': 'application/json', 'Openstack-Api-Version': 'volume 3.14', 'X-Auth-Token': '<omitted>'}
        Body: None
    Response - Headers: {'date': 'Thu, 19 Feb 2026 12:12:41 GMT', 'server': 'Apache/2.4.58 (Ubuntu)', 'content-length': '0', 'content-type': 'text/html; charset=UTF-8', 'openstack-api-version': 'volume 3.14', 'vary': 'OpenStack-API-Version', 'x-openstack-request-id': 'req-d55b9b53-dd7d-4281-8ab5-907d98cf270f', 'connection': 'close', 'status': '202', 'content-location': 'http://10.132.44.205/volume/v3/group_types/ab05a713-6d61-498e-8c35-efceb0abb0e6'}
        Body: b''
2026-02-19 12:12:41,181 123155 INFO     [tempest.lib.common.rest_client] Request (GroupSnapshotsTest:_run_cleanups): 202 DELETE http://10.132.44.205/volume/v3/types/acbe4fa1-18c4-45fb-bbf5-6fcbd40c9d3e 0.078s
2026-02-19 12:12:41,182 123155 DEBUG    [tempest.lib.common.rest_client] Request - Headers: {'Content-Type': 'application/json', 'Accept': 'application/json', 'X-Auth-Token': '<omitted>'}
        Body: None
    Response - Headers: {'date': 'Thu, 19 Feb 2026 12:12:41 GMT', 'server': 'Apache/2.4.58 (Ubuntu)', 'content-length': '0', 'content-type': 'text/html; charset=UTF-8', 'openstack-api-version': 'volume 3.0', 'vary': 'OpenStack-API-Version', 'x-openstack-request-id': 'req-b3d117d5-9649-4f1f-a547-bc0230a79638', 'connection': 'close', 'status': '202', 'content-location': 'http://10.132.44.205/volume/v3/types/acbe4fa1-18c4-45fb-bbf5-6fcbd40c9d3e'}
        Body: b''
2026-02-19 12:12:41,204 123155 INFO     [tempest.lib.common.rest_client] Request (GroupSnapshotsTest:_run_cleanups): 404 GET http://10.132.44.205/volume/v3/types/acbe4fa1-18c4-45fb-bbf5-6fcbd40c9d3e 0.021s
2026-02-19 12:12:41,205 123155 DEBUG    [tempest.lib.common.rest_client] Request - Headers: {'Content-Type': 'application/json', 'Accept': 'application/json', 'X-Auth-Token': '<omitted>'}
        Body: None
    Response - Headers: {'date': 'Thu, 19 Feb 2026 12:12:41 GMT', 'server': 'Apache/2.4.58 (Ubuntu)', 'openstack-api-version': 'volume 3.0', 'vary': 'OpenStack-API-Version', 'content-length': '114', 'content-type': 'application/json', 'x-compute-request-id': 'req-51b956e1-5cf4-4436-a099-ea8db5acb714', 'x-openstack-request-id': 'req-51b956e1-5cf4-4436-a099-ea8db5acb714', 'connection': 'close', 'status': '404', 'content-location': 'http://10.132.44.205/volume/v3/types/acbe4fa1-18c4-45fb-bbf5-6fcbd40c9d3e'}
        Body: b'{"itemNotFound": {"code": 404, "message": "Volume type acbe4fa1-18c4-45fb-bbf5-6fcbd40c9d3e could not
     be found."}}'


tempest.api.volume.admin.test_group_snapshots.GroupSnapshotsV319Test.test_reset_group_snapshot_status[id-3b42c9b9-c984-4444-816e-ca2e1ed30b40]
----------------------------------------------------------------------------------------------------------------------------------------------

Captured traceback:
~~~~~~~~~~~~~~~~~~~
    Traceback (most recent call last):

      File "/opt/stack/tempest/tempest/api/volume/admin/test_group_snapshots.py", line 293, in test_reset_group_snapshot_status
    group = self.create_group(group_type=group_type['id'],
            ^^^^^^^^^^^^^^^^^^^^^^^^^^^^^^^^^^^^^^^^^^^^^^

      File "/opt/stack/tempest/tempest/api/volume/base.py", line 293, in create_group
    waiters.wait_for_volume_resource_status(

      File "/opt/stack/tempest/tempest/common/waiters.py", line 379, in wait_for_volume_resource_status
    raise exceptions.VolumeResourceBuildErrorException(

    tempest.exceptions.VolumeResourceBuildErrorException: group db4b6bc2-74ac-4ba9-bb44-682bac2cf974 failed to build and is in ERROR status


Captured pythonlogging:
~~~~~~~~~~~~~~~~~~~~~~~
    2026-02-19 12:12:45,964 123155 INFO     [tempest.lib.common.rest_client] Request (GroupSnapshotsV319Test:test_reset_group_snapshot_status): 200 POST http://10.132.44.205/volume/v3/types 0.255s
2026-02-19 12:12:45,964 123155 DEBUG    [tempest.lib.common.rest_client] Request - Headers: {'Content-Type': 'application/json', 'Accept': 'application/json', 'X-Auth-Token': '<omitted>'}
        Body: {"volume_type": {"name": "tempest-GroupSnapshotsV319Test-volume-type-1177773041"}}
    Response - Headers: {'date': 'Thu, 19 Feb 2026 12:12:45 GMT', 'server': 'Apache/2.4.58 (Ubuntu)', 'content-type': 'application/json', 'x-compute-request-id': 'req-998564c1-468e-443b-8126-bd6757a6f688', 'content-length': '228', 'openstack-api-version': 'volume 3.0', 'vary': 'OpenStack-API-Version', 'x-openstack-request-id': 'req-998564c1-468e-443b-8126-bd6757a6f688', 'connection': 'close', 'status': '200', 'content-location': 'http://10.132.44.205/volume/v3/types'}
        Body: b'{"volume_type": {"id": "32d011b9-8b53-4176-8e1a-0008a8dc20c4", "name": "tempest-GroupSnapshotsV319Test-volume-type-1177773041", "is_public": true, "extra_specs": {}, "description": null, "os-volume-type-access:is_public": true}}'
2026-02-19 12:12:46,016 123155 INFO     [tempest.lib.common.rest_client] Request (GroupSnapshotsV319Test:test_reset_group_snapshot_status): 202 POST http://10.132.44.205/volume/v3/group_types 0.048s
2026-02-19 12:12:46,017 123155 DEBUG    [tempest.lib.common.rest_client] Request - Headers: {'Content-Type': 'application/json', 'Accept': 'application/json', 'Openstack-Api-Version': 'volume 3.19', 'X-Auth-Token': '<omitted>'}
        Body: {"group_type": {"name": "tempest-GroupSnapshotsV319Test-group-type-1700555183"}}
    Response - Headers: {'date': 'Thu, 19 Feb 2026 12:12:45 GMT', 'server': 'Apache/2.4.58 (Ubuntu)', 'content-type': 'application/json', 'x-compute-request-id': 'req-7e9f061c-6932-4702-90af-92a302d035ce', 'content-length': '185', 'openstack-api-version': 'volume 3.19', 'vary': 'OpenStack-API-Version', 'x-openstack-request-id': 'req-7e9f061c-6932-4702-90af-92a302d035ce', 'connection': 'close', 'status': '202', 'content-location': 'http://10.132.44.205/volume/v3/group_types'}
        Body: b'{"group_type": {"id": "7e9698d5-a72e-4a37-b271-b975ff9df699", "name": "tempest-GroupSnapshotsV319Test-group-type-1700555183", "description": null, "is_public": true, "group_specs": {}}}'
2026-02-19 12:12:46,294 123155 INFO     [tempest.lib.common.rest_client] Request (GroupSnapshotsV319Test:test_reset_group_snapshot_status): 202 POST http://10.132.44.205/volume/v3/groups 0.273s
2026-02-19 12:12:46,294 123155 DEBUG    [tempest.lib.common.rest_client] Request - Headers: {'Content-Type': 'application/json', 'Accept': 'application/json', 'Openstack-Api-Version': 'volume 3.19', 'X-Auth-Token': '<omitted>'}
        Body: {"group": {"group_type": "7e9698d5-a72e-4a37-b271-b975ff9df699", "volume_types": ["32d011b9-8b53-4176-8e1a-0008a8dc20c4"], "name": "tempest-GroupSnapshotsV319Test-Group-1001090379"}}
    Response - Headers: {'date': 'Thu, 19 Feb 2026 12:12:46 GMT', 'server': 'Apache/2.4.58 (Ubuntu)', 'content-type': 'application/json', 'x-compute-request-id': 'req-61a501bb-1a57-403d-bb22-b7090b829ac3', 'content-length': '116', 'openstack-api-version': 'volume 3.19', 'vary': 'OpenStack-API-Version', 'x-openstack-request-id': 'req-61a501bb-1a57-403d-bb22-b7090b829ac3', 'connection': 'close', 'status': '202', 'content-location': 'http://10.132.44.205/volume/v3/groups'}
        Body: b'{"group": {"id": "db4b6bc2-74ac-4ba9-bb44-682bac2cf974", "name": "tempest-GroupSnapshotsV319Test-Group-1001090379"}}'
2026-02-19 12:12:46,341 123155 INFO     [tempest.lib.common.rest_client] Request (GroupSnapshotsV319Test:test_reset_group_snapshot_status): 200 GET http://10.132.44.205/volume/v3/groups/db4b6bc2-74ac-4ba9-bb44-682bac2cf974 0.044s
2026-02-19 12:12:46,341 123155 DEBUG    [tempest.lib.common.rest_client] Request - Headers: {'Content-Type': 'application/json', 'Accept': 'application/json', 'Openstack-Api-Version': 'volume 3.19', 'X-Auth-Token': '<omitted>'}
        
    Body: None
    Response - Headers: {'date': 'Thu, 19 Feb 2026 12:12:46 GMT', 'server': 'Apache/2.4.58 (Ubuntu)', 'content-type': 'application/json', 'x-compute-request-id': 'req-0f728cc5-82c6-4d7b-99c7-4d6cb54fba03', 'content-length': '396', 'openstack-api-version': 'volume 3.19', 'vary': 'OpenStack-API-Version', 'x-openstack-request-id': 'req-0f728cc5-82c6-4d7b-99c7-4d6cb54fba03', 'connection': 'close', 'status': '200', 'content-location': 'http://10.132.44.205/volume/v3/groups/db4b6bc2-74ac-4ba9-bb44-682bac2cf974'}
        Body: b'{"group": {"id": "db4b6bc2-74ac-4ba9-bb44-682bac2cf974", "status": "creating", "availability_zone": "nova", "created_at": "2026-02-19T12:12:46.000000", "name": "tempest-GroupSnapshotsV319Test-Group-1001090379", "description": null, "group_type": "7e9698d5-a72e-4a37-b271-b975ff9df699", "volume_types": ["32d011b9-8b53-4176-8e1a-0008a8dc20c4"], "group_snapshot_id": null, "source_group_id": null}}'
2026-02-19 12:12:47,397 123155 INFO     [tempest.lib.common.rest_client] Request (GroupSnapshotsV319Test:test_reset_group_snapshot_status): 200 GET http://10.132.44.205/volume/v3/groups/db4b6bc2-74ac-4ba9-bb44-682bac2cf974 0.049s
2026-02-19 12:12:47,397 123155 DEBUG    [tempest.lib.common.rest_client] Request - Headers: {'Content-Type': 'application/json', 'Accept': 'application/json', 'Openstack-Api-Version': 'volume 3.19', 'X-Auth-Token': '<omitted>'}
        Body: None
    Response - Headers: {'date': 'Thu, 19 Feb 2026 12:12:47 GMT', 'server': 'Apache/2.4.58 (Ubuntu)', 'content-type': 'application/json', 'x-compute-request-id': 'req-fbb40df7-5475-4440-bf9b-49e8f1607038', 'content-length': '393', 'openstack-api-version': 'volume 3.19', 'vary': 'OpenStack-API-Version', 'x-openstack-request-id': 'req-fbb40df7-5475-4440-bf9b-49e8f1607038', 'connection': 'close', 'status': '200', 'content-location': 'http://10.132.44.205/volume/v3/groups/db4b6bc2-74ac-4ba9-bb44-682bac2cf974'}
        Body: b'{"group": {"id": "db4b6bc2-74ac-4ba9-bb44-682bac2cf974", "status": "error", "availability_zone": "nova", "created_at": "2026-02-19T12:12:46.000000", "name": "tempest-GroupSnapshotsV319Test-Group-1001090379", "description": null, "group_type": "7e9698d5-a72e-4a37-b271-b975ff9df699", "volume_types": ["32d011b9-8b53-4176-8e1a-0008a8dc20c4"], "group_snapshot_id": null, "source_group_id": null}}'
2026-02-19 12:12:47,443 123155 INFO     [tempest.lib.common.rest_client] Request (GroupSnapshotsV319Test:_run_cleanups): 200 GET http://10.132.44.205/volume/v3/volumes/detail 0.038s
2026-02-19 12:12:47,444 123155 DEBUG    [tempest.lib.common.rest_client] Request - Headers: {'Content-Type': 'application/json', 'Accept': 'application/json', 'Openstack-Api-Version': 'volume 3.19', 'X-Auth-Token': '<omitted>'}
        Body: None
    Response - Headers: {'date': 'Thu, 19 Feb 2026 12:12:47 GMT', 'server': 'Apache/2.4.58 (Ubuntu)', 'content-type': 'application/json', 'x-compute-request-id': 'req-9e4693e7-8e49-485a-9068-b5eafb68a802', 'content-length': '15', 'openstack-api-version': 'volume 3.19', 'vary': 'OpenStack-API-Version', 'x-openstack-request-id': 'req-9e4693e7-8e49-485a-9068-b5eafb68a802', 'connection': 'close', 'status': '200', 'content-location': 'http://10.132.44.205/volume/v3/volumes/detail'}
        Body: b'{"volumes": []}'
2026-02-19 12:12:47,553 123155 INFO     [tempest.lib.common.rest_client] Request (GroupSnapshotsV319Test:_run_cleanups): 202 POST http://10.132.44.205/volume/v3/groups/db4b6bc2-74ac-4ba9-bb44-682bac2cf974/action 0.094s
2026-02-19 12:12:47,554 123155 DEBUG    [tempest.lib.common.rest_client] Request - Headers: {'Content-Type': 'application/json', 'Accept': 'application/json', 'Openstack-Api-Version': 'volume 3.19', 'X-Auth-Token': '<omitted>'}
        Body: {"delete": {"delete-volumes": true}}
    Response - Headers: {'date': 'Thu, 19 Feb 2026 12:12:47 GMT', 'server': 'Apache/2.4.58 (Ubuntu)', 'content-length': '0', 'content-type': 'text/html; charset=UTF-8', 'openstack-api-version': 'volume 3.19', 'vary': 'OpenStack-API-Version', 'x-openstack-request-id': 'req-a76a4004-3d7d-4c0b-9636-4e92a1180089', 'conn
    ection': 'close', 'status': '202', 'content-location': 'http://10.132.44.205/volume/v3/groups/db4b6bc2-74ac-4ba9-bb44-682bac2cf974/action'}
        Body: b''
2026-02-19 12:12:47,577 123155 INFO     [tempest.lib.common.rest_client] Request (GroupSnapshotsV319Test:_run_cleanups): 404 GET http://10.132.44.205/volume/v3/groups/db4b6bc2-74ac-4ba9-bb44-682bac2cf974 0.022s
2026-02-19 12:12:47,578 123155 DEBUG    [tempest.lib.common.rest_client] Request - Headers: {'Content-Type': 'application/json', 'Accept': 'application/json', 'Openstack-Api-Version': 'volume 3.19', 'X-Auth-Token': '<omitted>'}
        Body: None
    Response - Headers: {'date': 'Thu, 19 Feb 2026 12:12:47 GMT', 'server': 'Apache/2.4.58 (Ubuntu)', 'openstack-api-version': 'volume 3.19', 'vary': 'OpenStack-API-Version', 'content-length': '108', 'content-type': 'application/json', 'x-compute-request-id': 'req-d1b3bbc0-31ed-4efb-9f68-61c4aec33eea', 'x-openstack-request-id': 'req-d1b3bbc0-31ed-4efb-9f68-61c4aec33eea', 'connection': 'close', 'status': '404', 'content-location': 'http://10.132.44.205/volume/v3/groups/db4b6bc2-74ac-4ba9-bb44-682bac2cf974'}
        Body: b'{"itemNotFound": {"code": 404, "message": "Group db4b6bc2-74ac-4ba9-bb44-682bac2cf974 could not be found."}}'
2026-02-19 12:12:47,623 123155 INFO     [tempest.lib.common.rest_client] Request (GroupSnapshotsV319Test:_run_cleanups): 202 DELETE http://10.132.44.205/volume/v3/group_types/7e9698d5-a72e-4a37-b271-b975ff9df699 0.044s
2026-02-19 12:12:47,624 123155 DEBUG    [tempest.lib.common.rest_client] Request - Headers: {'Content-Type': 'application/json', 'Accept': 'application/json', 'Openstack-Api-Version': 'volume 3.19', 'X-Auth-Token': '<omitted>'}
        Body: None
    Response - Headers: {'date': 'Thu, 19 Feb 2026 12:12:47 GMT', 'server': 'Apache/2.4.58 (Ubuntu)', 'content-length': '0', 'content-type': 'text/html; charset=UTF-8', 'openstack-api-version': 'volume 3.19', 'vary': 'OpenStack-API-Version', 'x-openstack-request-id': 'req-b9b89d12-b692-4c86-8bf3-829f9486f029', 'connection': 'close', 'status': '202', 'content-location': 'http://10.132.44.205/volume/v3/group_types/7e9698d5-a72e-4a37-b271-b975ff9df699'}
        Body: b''
2026-02-19 12:12:47,701 123155 INFO     [tempest.lib.common.rest_client] Request (GroupSnapshotsV319Test:_run_cleanups): 202 DELETE http://10.132.44.205/volume/v3/types/32d011b9-8b53-4176-8e1a-0008a8dc20c4 0.077s
2026-02-19 12:12:47,702 123155 DEBUG    [tempest.lib.common.rest_client] Request - Headers: {'Content-Type': 'application/json', 'Accept': 'application/json', 'X-Auth-Token': '<omitted>'}
        Body: None
    Response - Headers: {'date': 'Thu, 19 Feb 2026 12:12:47 GMT', 'server': 'Apache/2.4.58 (Ubuntu)', 'content-length': '0', 'content-type': 'text/html; charset=UTF-8', 'openstack-api-version': 'volume 3.0', 'vary': 'OpenStack-API-Version', 'x-openstack-request-id': 'req-5e9d67a4-feb8-4d68-933d-fbb57bd378ac', 'connection': 'close', 'status': '202', 'content-location': 'http://10.132.44.205/volume/v3/types/32d011b9-8b53-4176-8e1a-0008a8dc20c4'}
        Body: b''
2026-02-19 12:12:47,724 123155 INFO     [tempest.lib.common.rest_client] Request (GroupSnapshotsV319Test:_run_cleanups): 404 GET http://10.132.44.205/volume/v3/types/32d011b9-8b53-4176-8e1a-0008a8dc20c4 0.021s
2026-02-19 12:12:47,725 123155 DEBUG    [tempest.lib.common.rest_client] Request - Headers: {'Content-Type': 'application/json', 'Accept': 'application/json', 'X-Auth-Token': '<omitted>'}
        Body: None
    Response - Headers: {'date': 'Thu, 19 Feb 2026 12:12:47 GMT', 'server': 'Apache/2.4.58 (Ubuntu)', 'openstack-api-version': 'volume 3.0', 'vary': 'OpenStack-API-Version', 'content-length': '114', 'content-type': 'application/json', 'x-compute-request-id': 'req-1bbc050f-1d5c-4d05-ba2b-0d0072b646a8', 'x-openstack-request-id': 'req-1bbc050f-1d5c-4d05-ba2b-0d0072b646a8', 'connection': 'close', 'status': '404', 'content-location': 'http://10.132.44.205/volume/v3/types/32d011b9-8b53-4176-8e1a-0008a8dc20c4'}
        Body: b'{"itemNotFound": {"code": 404, "message": "Volume type 32d011b9-8b53-4176-
    8e1a-0008a8dc20c4 could not be found."}}'


tempest.api.volume.admin.test_groups.GroupsTest.test_group_create_show_list_delete[id-4b111d28-b73d-4908-9bd2-03dc2992e4d4]
---------------------------------------------------------------------------------------------------------------------------

Captured traceback:
~~~~~~~~~~~~~~~~~~~
    Traceback (most recent call last):

      File "/opt/stack/tempest/tempest/api/volume/admin/test_groups.py", line 43, in test_group_create_show_list_delete
    grp1 = self.create_group(group_type=group_type['id'],
           ^^^^^^^^^^^^^^^^^^^^^^^^^^^^^^^^^^^^^^^^^^^^^^

      File "/opt/stack/tempest/tempest/api/volume/base.py", line 293, in create_group
    waiters.wait_for_volume_resource_status(

      File "/opt/stack/tempest/tempest/common/waiters.py", line 379, in wait_for_volume_resource_status
    raise exceptions.VolumeResourceBuildErrorException(

    tempest.exceptions.VolumeResourceBuildErrorException: group 2f3302e7-7b59-4fa5-b406-e24ef78b7a91 failed to build and is in ERROR status


Captured pythonlogging:
~~~~~~~~~~~~~~~~~~~~~~~
    2026-02-19 12:13:02,411 123155 INFO     [tempest.lib.common.rest_client] Request (GroupsTest:test_group_create_show_list_delete): 200 POST http://10.132.44.205/volume/v3/types 0.170s
2026-02-19 12:13:02,411 123155 DEBUG    [tempest.lib.common.rest_client] Request - Headers: {'Content-Type': 'application/json', 'Accept': 'application/json', 'X-Auth-Token': '<omitted>'}
        Body: {"volume_type": {"name": "tempest-GroupsTest-volume-type-1853614859"}}
    Response - Headers: {'date': 'Thu, 19 Feb 2026 12:13:02 GMT', 'server': 'Apache/2.4.58 (Ubuntu)', 'content-type': 'application/json', 'x-compute-request-id': 'req-d9a45ba8-f910-4af2-992c-a056317a4248', 'content-length': '216', 'openstack-api-version': 'volume 3.0', 'vary': 'OpenStack-API-Version', 'x-openstack-request-id': 'req-d9a45ba8-f910-4af2-992c-a056317a4248', 'connection': 'close', 'status': '200', 'content-location': 'http://10.132.44.205/volume/v3/types'}
        Body: b'{"volume_type": {"id": "cb2a20e3-d32a-48af-873a-26720718d960", "name": "tempest-GroupsTest-volume-type-1853614859", "is_public": true, "extra_specs": {}, "description": null, "os-volume-type-access:is_public": true}}'
2026-02-19 12:13:02,461 123155 INFO     [tempest.lib.common.rest_client] Request (GroupsTest:test_group_create_show_list_delete): 202 POST http://10.132.44.205/volume/v3/group_types 0.045s
2026-02-19 12:13:02,462 123155 DEBUG    [tempest.lib.common.rest_client] Request - Headers: {'Content-Type': 'application/json', 'Accept': 'application/json', 'Openstack-Api-Version': 'volume 3.13', 'X-Auth-Token': '<omitted>'}
        Body: {"group_type": {"name": "tempest-GroupsTest-group-type-1424513864"}}
    Response - Headers: {'date': 'Thu, 19 Feb 2026 12:13:02 GMT', 'server': 'Apache/2.4.58 (Ubuntu)', 'content-type': 'application/json', 'x-compute-request-id': 'req-3a58566a-4bbc-438c-a51c-a074de28f986', 'content-length': '173', 'openstack-api-version': 'volume 3.13', 'vary': 'OpenStack-API-Version', 'x-openstack-request-id': 'req-3a58566a-4bbc-438c-a51c-a074de28f986', 'connection': 'close', 'status': '202', 'content-location': 'http://10.132.44.205/volume/v3/group_types'}
        Body: b'{"group_type": {"id": "a1a61ef3-b863-4641-a450-9b901191a157", "name": "tempest-GroupsTest-group-type-1424513864", "description": null, "is_public": true, "group_specs": {}}}'
2026-02-19 12:13:02,702 123155 INFO     [tempest.lib.common.rest_client] Request (GroupsTest:test_group_create_show_list_delete): 202 POST http://10.132.44.205/volume/v3/groups 0.236s
2026-02-19 12:13:02,702 123155 DEBUG    [tempest.lib.common.rest_client] Request - Headers: {'Content-Type': 'application/json', 'Accept': 'application/json', 'Openstack-Api-Version': 'volume 3.13', 'X-Auth-Token': '<omitted>'}
        Body: {"group": {"group_type": "a1a61ef3-b863-4641-a450-9b901191a157", "volume_types": ["cb2a20e3-d32a-48af-873a-26720718d960"], "name": "tempest-Group1-1530265920"}}
    Response - Headers: {'date': 'Thu, 19 Feb 2026 12:13:02 GMT', 'server': 'Apache/2.4.58 (Ubuntu)', 'content-type': 'application/json', 'x-compute-request-id': 'req-f111c56f-2103-4bf0-a19d-aa3c05f6937b', 'content-length': '94', 'openstack-api-version': 'volume 3.13', 'vary': 'OpenStack-API-Version', 'x-openstack-request-id': 'req-f111c56f-2103-4bf0-a19d-aa3c05f6937b', 'connection': 'close', 'status': '202', 'content-location': 'http://10.132.44.205/volume/v3/groups'}
        Body: b'{"group": {"id": "2f3302e7-7b59-4fa5-b406-e24ef78b7a91", "name": "tempest-Group1-1530265920"}}'
2026-02-19 12:13:02,748 123155 INFO     [tempest.lib.common.rest_client] Request (GroupsTest:test_group_create_show_list_delete): 200 GET http://10.132.44.205/volume/v3/groups/2f3302e7-7b59-4fa5-b406-e24ef78b7a91 0.042s
2026-02-19 12:13:02,748 123155 DEBUG    [tempest.lib.common.rest_client] Request - Headers: {'Content-Type': 'application/json', 'Accept': 'application/json', 'Openstack-Api-Version': 'volume 3.13', 'X-Auth-Token': '<omitted>'}
        Body: None
    Response - Headers: {'date': 'Thu, 19 Feb 2026 12:13:02 GMT', 'server': 'Apache/2.4.58 (Ubuntu)', 'content-type': 'app
    lication/json', 'x-compute-request-id': 'req-3e43f95a-d956-4b8f-8619-ec9c18fc57fc', 'content-length': '322', 'openstack-api-version': 'volume 3.13', 'vary': 'OpenStack-API-Version', 'x-openstack-request-id': 'req-3e43f95a-d956-4b8f-8619-ec9c18fc57fc', 'connection': 'close', 'status': '200', 'content-location': 'http://10.132.44.205/volume/v3/groups/2f3302e7-7b59-4fa5-b406-e24ef78b7a91'}
        Body: b'{"group": {"id": "2f3302e7-7b59-4fa5-b406-e24ef78b7a91", "status": "creating", "availability_zone": "nova", "created_at": "2026-02-19T12:13:03.000000", "name": "tempest-Group1-1530265920", "description": null, "group_type": "a1a61ef3-b863-4641-a450-9b901191a157", "volume_types": ["cb2a20e3-d32a-48af-873a-26720718d960"]}}'
2026-02-19 12:13:03,801 123155 INFO     [tempest.lib.common.rest_client] Request (GroupsTest:test_group_create_show_list_delete): 200 GET http://10.132.44.205/volume/v3/groups/2f3302e7-7b59-4fa5-b406-e24ef78b7a91 0.046s
2026-02-19 12:13:03,801 123155 DEBUG    [tempest.lib.common.rest_client] Request - Headers: {'Content-Type': 'application/json', 'Accept': 'application/json', 'Openstack-Api-Version': 'volume 3.13', 'X-Auth-Token': '<omitted>'}
        Body: None
    Response - Headers: {'date': 'Thu, 19 Feb 2026 12:13:03 GMT', 'server': 'Apache/2.4.58 (Ubuntu)', 'content-type': 'application/json', 'x-compute-request-id': 'req-5760c08d-3b2b-4a2a-95ac-ba0d3f681cdd', 'content-length': '319', 'openstack-api-version': 'volume 3.13', 'vary': 'OpenStack-API-Version', 'x-openstack-request-id': 'req-5760c08d-3b2b-4a2a-95ac-ba0d3f681cdd', 'connection': 'close', 'status': '200', 'content-location': 'http://10.132.44.205/volume/v3/groups/2f3302e7-7b59-4fa5-b406-e24ef78b7a91'}
        Body: b'{"group": {"id": "2f3302e7-7b59-4fa5-b406-e24ef78b7a91", "status": "error", "availability_zone": "nova", "created_at": "2026-02-19T12:13:03.000000", "name": "tempest-Group1-1530265920", "description": null, "group_type": "a1a61ef3-b863-4641-a450-9b901191a157", "volume_types": ["cb2a20e3-d32a-48af-873a-26720718d960"]}}'
2026-02-19 12:13:03,854 123155 INFO     [tempest.lib.common.rest_client] Request (GroupsTest:_run_cleanups): 200 GET http://10.132.44.205/volume/v3/volumes/detail 0.043s
2026-02-19 12:13:03,855 123155 DEBUG    [tempest.lib.common.rest_client] Request - Headers: {'Content-Type': 'application/json', 'Accept': 'application/json', 'Openstack-Api-Version': 'volume 3.13', 'X-Auth-Token': '<omitted>'}
        Body: None
    Response - Headers: {'date': 'Thu, 19 Feb 2026 12:13:03 GMT', 'server': 'Apache/2.4.58 (Ubuntu)', 'content-type': 'application/json', 'x-compute-request-id': 'req-fe7d416c-4207-4b58-a26e-fe8f3e29c39a', 'content-length': '15', 'openstack-api-version': 'volume 3.13', 'vary': 'OpenStack-API-Version', 'x-openstack-request-id': 'req-fe7d416c-4207-4b58-a26e-fe8f3e29c39a', 'connection': 'close', 'status': '200', 'content-location': 'http://10.132.44.205/volume/v3/volumes/detail'}
        Body: b'{"volumes": []}'
2026-02-19 12:13:03,972 123155 INFO     [tempest.lib.common.rest_client] Request (GroupsTest:_run_cleanups): 202 POST http://10.132.44.205/volume/v3/groups/2f3302e7-7b59-4fa5-b406-e24ef78b7a91/action 0.099s
2026-02-19 12:13:03,973 123155 DEBUG    [tempest.lib.common.rest_client] Request - Headers: {'Content-Type': 'application/json', 'Accept': 'application/json', 'Openstack-Api-Version': 'volume 3.13', 'X-Auth-Token': '<omitted>'}
        Body: {"delete": {"delete-volumes": true}}
    Response - Headers: {'date': 'Thu, 19 Feb 2026 12:13:03 GMT', 'server': 'Apache/2.4.58 (Ubuntu)', 'content-length': '0', 'content-type': 'text/html; charset=UTF-8', 'openstack-api-version': 'volume 3.13', 'vary': 'OpenStack-API-Version', 'x-openstack-request-id': 'req-bf668956-12a0-49db-8e92-8cdfbf2bc496', 'connection': 'close', 'status': '202', 'content-location': 'http://10.132.44.205/volume/v3/groups/2f3302e7-7b59-4fa5-b406-e24ef78b7a91/action'}
        Body: b''
2026-02-19 12:13:03,995 123155 INFO     [tempest.lib.common.rest_client] Request (GroupsTest:_run_cleanups): 404 GET http://10.132.44.205/volume/v3/groups/2f
    3302e7-7b59-4fa5-b406-e24ef78b7a91 0.022s
2026-02-19 12:13:03,996 123155 DEBUG    [tempest.lib.common.rest_client] Request - Headers: {'Content-Type': 'application/json', 'Accept': 'application/json', 'Openstack-Api-Version': 'volume 3.13', 'X-Auth-Token': '<omitted>'}
        Body: None
    Response - Headers: {'date': 'Thu, 19 Feb 2026 12:13:03 GMT', 'server': 'Apache/2.4.58 (Ubuntu)', 'openstack-api-version': 'volume 3.13', 'vary': 'OpenStack-API-Version', 'content-length': '108', 'content-type': 'application/json', 'x-compute-request-id': 'req-30bb16fc-57a4-4dbe-a9cd-85d5a863bb04', 'x-openstack-request-id': 'req-30bb16fc-57a4-4dbe-a9cd-85d5a863bb04', 'connection': 'close', 'status': '404', 'content-location': 'http://10.132.44.205/volume/v3/groups/2f3302e7-7b59-4fa5-b406-e24ef78b7a91'}
        Body: b'{"itemNotFound": {"code": 404, "message": "Group 2f3302e7-7b59-4fa5-b406-e24ef78b7a91 could not be found."}}'
2026-02-19 12:13:04,040 123155 INFO     [tempest.lib.common.rest_client] Request (GroupsTest:_run_cleanups): 202 DELETE http://10.132.44.205/volume/v3/group_types/a1a61ef3-b863-4641-a450-9b901191a157 0.043s
2026-02-19 12:13:04,041 123155 DEBUG    [tempest.lib.common.rest_client] Request - Headers: {'Content-Type': 'application/json', 'Accept': 'application/json', 'Openstack-Api-Version': 'volume 3.13', 'X-Auth-Token': '<omitted>'}
        Body: None
    Response - Headers: {'date': 'Thu, 19 Feb 2026 12:13:03 GMT', 'server': 'Apache/2.4.58 (Ubuntu)', 'content-length': '0', 'content-type': 'text/html; charset=UTF-8', 'openstack-api-version': 'volume 3.13', 'vary': 'OpenStack-API-Version', 'x-openstack-request-id': 'req-f7e5e5da-231d-4ab6-9ba5-7655f79b86c9', 'connection': 'close', 'status': '202', 'content-location': 'http://10.132.44.205/volume/v3/group_types/a1a61ef3-b863-4641-a450-9b901191a157'}
        Body: b''
2026-02-19 12:13:04,118 123155 INFO     [tempest.lib.common.rest_client] Request (GroupsTest:_run_cleanups): 202 DELETE http://10.132.44.205/volume/v3/types/cb2a20e3-d32a-48af-873a-26720718d960 0.077s
2026-02-19 12:13:04,119 123155 DEBUG    [tempest.lib.common.rest_client] Request - Headers: {'Content-Type': 'application/json', 'Accept': 'application/json', 'X-Auth-Token': '<omitted>'}
        Body: None
    Response - Headers: {'date': 'Thu, 19 Feb 2026 12:13:04 GMT', 'server': 'Apache/2.4.58 (Ubuntu)', 'content-length': '0', 'content-type': 'text/html; charset=UTF-8', 'openstack-api-version': 'volume 3.0', 'vary': 'OpenStack-API-Version', 'x-openstack-request-id': 'req-403ed064-d895-4a52-941c-d75370b94b2c', 'connection': 'close', 'status': '202', 'content-location': 'http://10.132.44.205/volume/v3/types/cb2a20e3-d32a-48af-873a-26720718d960'}
        Body: b''
2026-02-19 12:13:04,141 123155 INFO     [tempest.lib.common.rest_client] Request (GroupsTest:_run_cleanups): 404 GET http://10.132.44.205/volume/v3/types/cb2a20e3-d32a-48af-873a-26720718d960 0.021s
2026-02-19 12:13:04,141 123155 DEBUG    [tempest.lib.common.rest_client] Request - Headers: {'Content-Type': 'application/json', 'Accept': 'application/json', 'X-Auth-Token': '<omitted>'}
        Body: None
    Response - Headers: {'date': 'Thu, 19 Feb 2026 12:13:04 GMT', 'server': 'Apache/2.4.58 (Ubuntu)', 'openstack-api-version': 'volume 3.0', 'vary': 'OpenStack-API-Version', 'content-length': '114', 'content-type': 'application/json', 'x-compute-request-id': 'req-8d93fa06-fb65-4a0a-94e5-5b193dfaa46c', 'x-openstack-request-id': 'req-8d93fa06-fb65-4a0a-94e5-5b193dfaa46c', 'connection': 'close', 'status': '404', 'content-location': 'http://10.132.44.205/volume/v3/types/cb2a20e3-d32a-48af-873a-26720718d960'}
        Body: b'{"itemNotFound": {"code": 404, "message": "Volume type cb2a20e3-d32a-48af-873a-26720718d960 could not be found."}}'


tempest.api.volume.admin.test_groups.GroupsTest.test_group_update[id-4a8a6fd2-8b3b-4641-8f54-6a6f99320006]
----------------------------------------------------------------------------------------------------------

Captured traceback:
~~~~~~~~~~~~~~~~~~~
    Traceback (most recent call last):

      File "/opt/stack/tempest/tempest/api/volume/admin/test_groups.py", line 111, in test_group_update
    grp = self.create_group(group_type=group_type['id'],
          ^^^^^^^^^^^^^^^^^^^^^^^^^^^^^^^^^^^^^^^^^^^^^^

      File "/opt/stack/tempest/tempest/api/volume/base.py", line 293, in create_group
    waiters.wait_for_volume_resource_status(

      File "/opt/stack/tempest/tempest/common/waiters.py", line 379, in wait_for_volume_resource_status
    raise exceptions.VolumeResourceBuildErrorException(

    tempest.exceptions.VolumeResourceBuildErrorException: group 6ae5226e-f3b3-4132-bd14-2bc81ae4337a failed to build and is in ERROR status


Captured pythonlogging:
~~~~~~~~~~~~~~~~~~~~~~~
    2026-02-19 12:13:04,188 123155 INFO     [tempest.lib.common.rest_client] Request (GroupsTest:test_group_update): 200 POST http://10.132.44.205/volume/v3/types 0.043s
2026-02-19 12:13:04,189 123155 DEBUG    [tempest.lib.common.rest_client] Request - Headers: {'Content-Type': 'application/json', 'Accept': 'application/json', 'X-Auth-Token': '<omitted>'}
        Body: {"volume_type": {"name": "tempest-GroupsTest-volume-type-775383208"}}
    Response - Headers: {'date': 'Thu, 19 Feb 2026 12:13:04 GMT', 'server': 'Apache/2.4.58 (Ubuntu)', 'content-type': 'application/json', 'x-compute-request-id': 'req-d9fe86eb-c893-41d1-a92d-1904e7748032', 'content-length': '215', 'openstack-api-version': 'volume 3.0', 'vary': 'OpenStack-API-Version', 'x-openstack-request-id': 'req-d9fe86eb-c893-41d1-a92d-1904e7748032', 'connection': 'close', 'status': '200', 'content-location': 'http://10.132.44.205/volume/v3/types'}
        Body: b'{"volume_type": {"id": "78504515-89e1-48b1-831d-0fd545e5ba8c", "name": "tempest-GroupsTest-volume-type-775383208", "is_public": true, "extra_specs": {}, "description": null, "os-volume-type-access:is_public": true}}'
2026-02-19 12:13:04,239 123155 INFO     [tempest.lib.common.rest_client] Request (GroupsTest:test_group_update): 202 POST http://10.132.44.205/volume/v3/group_types 0.046s
2026-02-19 12:13:04,239 123155 DEBUG    [tempest.lib.common.rest_client] Request - Headers: {'Content-Type': 'application/json', 'Accept': 'application/json', 'Openstack-Api-Version': 'volume 3.13', 'X-Auth-Token': '<omitted>'}
        Body: {"group_type": {"name": "tempest-GroupsTest-group-type-1543461084"}}
    Response - Headers: {'date': 'Thu, 19 Feb 2026 12:13:04 GMT', 'server': 'Apache/2.4.58 (Ubuntu)', 'content-type': 'application/json', 'x-compute-request-id': 'req-f771a023-2d6e-4775-aef2-226bbc65d90e', 'content-length': '173', 'openstack-api-version': 'volume 3.13', 'vary': 'OpenStack-API-Version', 'x-openstack-request-id': 'req-f771a023-2d6e-4775-aef2-226bbc65d90e', 'connection': 'close', 'status': '202', 'content-location': 'http://10.132.44.205/volume/v3/group_types'}
        Body: b'{"group_type": {"id": "53d6f914-1bd3-4bbc-a1b5-797b08e0c49e", "name": "tempest-GroupsTest-group-type-1543461084", "description": null, "is_public": true, "group_specs": {}}}'
2026-02-19 12:13:04,371 123155 INFO     [tempest.lib.common.rest_client] Request (GroupsTest:test_group_update): 202 POST http://10.132.44.205/volume/v3/groups 0.128s
2026-02-19 12:13:04,372 123155 DEBUG    [tempest.lib.common.rest_client] Request - Headers: {'Content-Type': 'application/json', 'Accept': 'application/json', 'Openstack-Api-Version': 'volume 3.13', 'X-Auth-Token': '<omitted>'}
        Body: {"group": {"group_type": "53d6f914-1bd3-4bbc-a1b5-797b08e0c49e", "volume_types": ["78504515-89e1-48b1-831d-0fd545e5ba8c"], "name": "tempest-GroupsTest-Group-764034225"}}
    Response - Headers: {'date': 'Thu, 19 Feb 2026 12:13:04 GMT', 'server': 'Apache/2.4.58 (Ubuntu)', 'content-type': 'application/json', 'x-compute-request-id': 'req-60e9dd8d-e797-44bd-a39c-de602b5a4638', 'content-length': '103', 'openstack-api-version': 'volume 3.13', 'vary': 'OpenStack-API-Version', 'x-openstack-request-id': 'req-60e9dd8d-e797-44bd-a39c-de602b5a4638', 'connection': 'close', 'status': '202', 'content-location': 'http://10.132.44.205/volume/v3/groups'}
        Body: b'{"group": {"id": "6ae5226e-f3b3-4132-bd14-2bc81ae4337a", "name": "tempest-GroupsTest-Group-764034225"}}'
2026-02-19 12:13:04,417 123155 INFO     [tempest.lib.common.rest_client] Request (GroupsTest:test_group_update): 200 GET http://10.132.44.205/volume/v3/groups/6ae5226e-f3b3-4132-bd14-2bc81ae4337a 0.043s
2026-02-19 12:13:04,417 123155 DEBUG    [tempest.lib.common.rest_client] Request - Headers: {'Content-Type': 'application/json', 'Accept': 'application/json', 'Openstack-Api-Version': 'volume 3.13', 'X-Auth-Token': '<omitted>'}
        Body: None
    Response - Headers: {'date': 'Thu, 19 Feb 2026 12:13:04 GMT', 'server': 'Apache/2.4.58 (Ubuntu)', 'content-type': 'application/json', 'x-compute-request-id': 'req-aeaf8d
    ed-4a28-49e6-b4f0-6904a4638f63', 'content-length': '331', 'openstack-api-version': 'volume 3.13', 'vary': 'OpenStack-API-Version', 'x-openstack-request-id': 'req-aeaf8ded-4a28-49e6-b4f0-6904a4638f63', 'connection': 'close', 'status': '200', 'content-location': 'http://10.132.44.205/volume/v3/groups/6ae5226e-f3b3-4132-bd14-2bc81ae4337a'}
        Body: b'{"group": {"id": "6ae5226e-f3b3-4132-bd14-2bc81ae4337a", "status": "creating", "availability_zone": "nova", "created_at": "2026-02-19T12:13:04.000000", "name": "tempest-GroupsTest-Group-764034225", "description": null, "group_type": "53d6f914-1bd3-4bbc-a1b5-797b08e0c49e", "volume_types": ["78504515-89e1-48b1-831d-0fd545e5ba8c"]}}'
2026-02-19 12:13:05,470 123155 INFO     [tempest.lib.common.rest_client] Request (GroupsTest:test_group_update): 200 GET http://10.132.44.205/volume/v3/groups/6ae5226e-f3b3-4132-bd14-2bc81ae4337a 0.046s
2026-02-19 12:13:05,471 123155 DEBUG    [tempest.lib.common.rest_client] Request - Headers: {'Content-Type': 'application/json', 'Accept': 'application/json', 'Openstack-Api-Version': 'volume 3.13', 'X-Auth-Token': '<omitted>'}
        Body: None
    Response - Headers: {'date': 'Thu, 19 Feb 2026 12:13:05 GMT', 'server': 'Apache/2.4.58 (Ubuntu)', 'content-type': 'application/json', 'x-compute-request-id': 'req-6cb43d17-a369-4b88-92ad-96441b69bff7', 'content-length': '328', 'openstack-api-version': 'volume 3.13', 'vary': 'OpenStack-API-Version', 'x-openstack-request-id': 'req-6cb43d17-a369-4b88-92ad-96441b69bff7', 'connection': 'close', 'status': '200', 'content-location': 'http://10.132.44.205/volume/v3/groups/6ae5226e-f3b3-4132-bd14-2bc81ae4337a'}
        Body: b'{"group": {"id": "6ae5226e-f3b3-4132-bd14-2bc81ae4337a", "status": "error", "availability_zone": "nova", "created_at": "2026-02-19T12:13:04.000000", "name": "tempest-GroupsTest-Group-764034225", "description": null, "group_type": "53d6f914-1bd3-4bbc-a1b5-797b08e0c49e", "volume_types": ["78504515-89e1-48b1-831d-0fd545e5ba8c"]}}'
2026-02-19 12:13:05,524 123155 INFO     [tempest.lib.common.rest_client] Request (GroupsTest:_run_cleanups): 200 GET http://10.132.44.205/volume/v3/volumes/detail 0.046s
2026-02-19 12:13:05,524 123155 DEBUG    [tempest.lib.common.rest_client] Request - Headers: {'Content-Type': 'application/json', 'Accept': 'application/json', 'Openstack-Api-Version': 'volume 3.13', 'X-Auth-Token': '<omitted>'}
        Body: None
    Response - Headers: {'date': 'Thu, 19 Feb 2026 12:13:05 GMT', 'server': 'Apache/2.4.58 (Ubuntu)', 'content-type': 'application/json', 'x-compute-request-id': 'req-1ba70502-0310-4f0e-90f0-232e6a446104', 'content-length': '15', 'openstack-api-version': 'volume 3.13', 'vary': 'OpenStack-API-Version', 'x-openstack-request-id': 'req-1ba70502-0310-4f0e-90f0-232e6a446104', 'connection': 'close', 'status': '200', 'content-location': 'http://10.132.44.205/volume/v3/volumes/detail'}
        Body: b'{"volumes": []}'
2026-02-19 12:13:05,647 123155 INFO     [tempest.lib.common.rest_client] Request (GroupsTest:_run_cleanups): 202 POST http://10.132.44.205/volume/v3/groups/6ae5226e-f3b3-4132-bd14-2bc81ae4337a/action 0.101s
2026-02-19 12:13:05,647 123155 DEBUG    [tempest.lib.common.rest_client] Request - Headers: {'Content-Type': 'application/json', 'Accept': 'application/json', 'Openstack-Api-Version': 'volume 3.13', 'X-Auth-Token': '<omitted>'}
        Body: {"delete": {"delete-volumes": true}}
    Response - Headers: {'date': 'Thu, 19 Feb 2026 12:13:05 GMT', 'server': 'Apache/2.4.58 (Ubuntu)', 'content-length': '0', 'content-type': 'text/html; charset=UTF-8', 'openstack-api-version': 'volume 3.13', 'vary': 'OpenStack-API-Version', 'x-openstack-request-id': 'req-e9c276f1-a4e5-4f54-8245-b65522a29b5b', 'connection': 'close', 'status': '202', 'content-location': 'http://10.132.44.205/volume/v3/groups/6ae5226e-f3b3-4132-bd14-2bc81ae4337a/action'}
        Body: b''
2026-02-19 12:13:05,671 123155 INFO     [tempest.lib.common.rest_client] Request (GroupsTest:_run_cleanups): 404 GET http://10.132.44.205/volume/v3/groups/6ae5226e-f3b3-4132-bd14-2bc81ae4337a 0.022s
2026-02-
    19 12:13:05,671 123155 DEBUG    [tempest.lib.common.rest_client] Request - Headers: {'Content-Type': 'application/json', 'Accept': 'application/json', 'Openstack-Api-Version': 'volume 3.13', 'X-Auth-Token': '<omitted>'}
        Body: None
    Response - Headers: {'date': 'Thu, 19 Feb 2026 12:13:05 GMT', 'server': 'Apache/2.4.58 (Ubuntu)', 'openstack-api-version': 'volume 3.13', 'vary': 'OpenStack-API-Version', 'content-length': '108', 'content-type': 'application/json', 'x-compute-request-id': 'req-b2f2b71b-3f56-48ec-95bb-b014da5f5d3c', 'x-openstack-request-id': 'req-b2f2b71b-3f56-48ec-95bb-b014da5f5d3c', 'connection': 'close', 'status': '404', 'content-location': 'http://10.132.44.205/volume/v3/groups/6ae5226e-f3b3-4132-bd14-2bc81ae4337a'}
        Body: b'{"itemNotFound": {"code": 404, "message": "Group 6ae5226e-f3b3-4132-bd14-2bc81ae4337a could not be found."}}'
2026-02-19 12:13:05,716 123155 INFO     [tempest.lib.common.rest_client] Request (GroupsTest:_run_cleanups): 202 DELETE http://10.132.44.205/volume/v3/group_types/53d6f914-1bd3-4bbc-a1b5-797b08e0c49e 0.043s
2026-02-19 12:13:05,716 123155 DEBUG    [tempest.lib.common.rest_client] Request - Headers: {'Content-Type': 'application/json', 'Accept': 'application/json', 'Openstack-Api-Version': 'volume 3.13', 'X-Auth-Token': '<omitted>'}
        Body: None
    Response - Headers: {'date': 'Thu, 19 Feb 2026 12:13:05 GMT', 'server': 'Apache/2.4.58 (Ubuntu)', 'content-length': '0', 'content-type': 'text/html; charset=UTF-8', 'openstack-api-version': 'volume 3.13', 'vary': 'OpenStack-API-Version', 'x-openstack-request-id': 'req-edf90c36-87fa-4a7c-a0eb-1e762da39a88', 'connection': 'close', 'status': '202', 'content-location': 'http://10.132.44.205/volume/v3/group_types/53d6f914-1bd3-4bbc-a1b5-797b08e0c49e'}
        Body: b''
2026-02-19 12:13:05,919 123155 INFO     [tempest.lib.common.rest_client] Request (GroupsTest:_run_cleanups): 202 DELETE http://10.132.44.205/volume/v3/types/78504515-89e1-48b1-831d-0fd545e5ba8c 0.202s
2026-02-19 12:13:05,920 123155 DEBUG    [tempest.lib.common.rest_client] Request - Headers: {'Content-Type': 'application/json', 'Accept': 'application/json', 'X-Auth-Token': '<omitted>'}
        Body: None
    Response - Headers: {'date': 'Thu, 19 Feb 2026 12:13:05 GMT', 'server': 'Apache/2.4.58 (Ubuntu)', 'content-length': '0', 'content-type': 'text/html; charset=UTF-8', 'openstack-api-version': 'volume 3.0', 'vary': 'OpenStack-API-Version', 'x-openstack-request-id': 'req-cf3d503b-3b5d-425f-b153-f16154402d9a', 'connection': 'close', 'status': '202', 'content-location': 'http://10.132.44.205/volume/v3/types/78504515-89e1-48b1-831d-0fd545e5ba8c'}
        Body: b''
2026-02-19 12:13:05,942 123155 INFO     [tempest.lib.common.rest_client] Request (GroupsTest:_run_cleanups): 404 GET http://10.132.44.205/volume/v3/types/78504515-89e1-48b1-831d-0fd545e5ba8c 0.021s
2026-02-19 12:13:05,942 123155 DEBUG    [tempest.lib.common.rest_client] Request - Headers: {'Content-Type': 'application/json', 'Accept': 'application/json', 'X-Auth-Token': '<omitted>'}
        Body: None
    Response - Headers: {'date': 'Thu, 19 Feb 2026 12:13:05 GMT', 'server': 'Apache/2.4.58 (Ubuntu)', 'openstack-api-version': 'volume 3.0', 'vary': 'OpenStack-API-Version', 'content-length': '114', 'content-type': 'application/json', 'x-compute-request-id': 'req-72b8ee84-7544-44a8-b7cb-6de1d16f090b', 'x-openstack-request-id': 'req-72b8ee84-7544-44a8-b7cb-6de1d16f090b', 'connection': 'close', 'status': '404', 'content-location': 'http://10.132.44.205/volume/v3/types/78504515-89e1-48b1-831d-0fd545e5ba8c'}
        Body: b'{"itemNotFound": {"code": 404, "message": "Volume type 78504515-89e1-48b1-831d-0fd545e5ba8c could not be found."}}'


tempest.api.volume.admin.test_groups.GroupsV314Test.test_create_group_from_group[id-2424af8c-7851-4888-986a-794b10c3210e]
-------------------------------------------------------------------------------------------------------------------------

Captured traceback:
~~~~~~~~~~~~~~~~~~~
    Traceback (most recent call last):

      File "/opt/stack/tempest/tempest/api/volume/admin/test_groups.py", line 182, in test_create_group_from_group
    grp = self.create_group(group_type=group_type['id'],
          ^^^^^^^^^^^^^^^^^^^^^^^^^^^^^^^^^^^^^^^^^^^^^^

      File "/opt/stack/tempest/tempest/api/volume/base.py", line 293, in create_group
    waiters.wait_for_volume_resource_status(

      File "/opt/stack/tempest/tempest/common/waiters.py", line 379, in wait_for_volume_resource_status
    raise exceptions.VolumeResourceBuildErrorException(

    tempest.exceptions.VolumeResourceBuildErrorException: group 64d27870-7658-4255-b8a8-04be2ad682cf failed to build and is in ERROR status


Captured pythonlogging:
~~~~~~~~~~~~~~~~~~~~~~~
    2026-02-19 12:13:10,598 123155 INFO     [tempest.lib.common.rest_client] Request (GroupsV314Test:test_create_group_from_group): 200 POST http://10.132.44.205/volume/v3/types 0.203s
2026-02-19 12:13:10,599 123155 DEBUG    [tempest.lib.common.rest_client] Request - Headers: {'Content-Type': 'application/json', 'Accept': 'application/json', 'X-Auth-Token': '<omitted>'}
        Body: {"volume_type": {"name": "tempest-GroupsV314Test-volume-type-878083367"}}
    Response - Headers: {'date': 'Thu, 19 Feb 2026 12:13:10 GMT', 'server': 'Apache/2.4.58 (Ubuntu)', 'content-type': 'application/json', 'x-compute-request-id': 'req-ee60478a-5c7b-498b-bdbd-d2070eb0b5db', 'content-length': '219', 'openstack-api-version': 'volume 3.0', 'vary': 'OpenStack-API-Version', 'x-openstack-request-id': 'req-ee60478a-5c7b-498b-bdbd-d2070eb0b5db', 'connection': 'close', 'status': '200', 'content-location': 'http://10.132.44.205/volume/v3/types'}
        Body: b'{"volume_type": {"id": "676bb3eb-1411-4100-8968-baef49c07261", "name": "tempest-GroupsV314Test-volume-type-878083367", "is_public": true, "extra_specs": {}, "description": null, "os-volume-type-access:is_public": true}}'
2026-02-19 12:13:10,659 123155 INFO     [tempest.lib.common.rest_client] Request (GroupsV314Test:test_create_group_from_group): 202 POST http://10.132.44.205/volume/v3/group_types 0.056s
2026-02-19 12:13:10,660 123155 DEBUG    [tempest.lib.common.rest_client] Request - Headers: {'Content-Type': 'application/json', 'Accept': 'application/json', 'Openstack-Api-Version': 'volume 3.14', 'X-Auth-Token': '<omitted>'}
        Body: {"group_type": {"name": "tempest-GroupsV314Test-group-type-426323073"}}
    Response - Headers: {'date': 'Thu, 19 Feb 2026 12:13:10 GMT', 'server': 'Apache/2.4.58 (Ubuntu)', 'content-type': 'application/json', 'x-compute-request-id': 'req-689a7a1f-0d1f-46cb-8415-18c723133f10', 'content-length': '176', 'openstack-api-version': 'volume 3.14', 'vary': 'OpenStack-API-Version', 'x-openstack-request-id': 'req-689a7a1f-0d1f-46cb-8415-18c723133f10', 'connection': 'close', 'status': '202', 'content-location': 'http://10.132.44.205/volume/v3/group_types'}
        Body: b'{"group_type": {"id": "80b7e854-251a-48ae-80a1-3f7b70834ea4", "name": "tempest-GroupsV314Test-group-type-426323073", "description": null, "is_public": true, "group_specs": {}}}'
2026-02-19 12:13:10,936 123155 INFO     [tempest.lib.common.rest_client] Request (GroupsV314Test:test_create_group_from_group): 202 POST http://10.132.44.205/volume/v3/groups 0.273s
2026-02-19 12:13:10,937 123155 DEBUG    [tempest.lib.common.rest_client] Request - Headers: {'Content-Type': 'application/json', 'Accept': 'application/json', 'Openstack-Api-Version': 'volume 3.14', 'X-Auth-Token': '<omitted>'}
        Body: {"group": {"group_type": "80b7e854-251a-48ae-80a1-3f7b70834ea4", "volume_types": ["676bb3eb-1411-4100-8968-baef49c07261"], "name": "tempest-GroupsV314Test-Group-337189663"}}
    Response - Headers: {'date': 'Thu, 19 Feb 2026 12:13:10 GMT', 'server': 'Apache/2.4.58 (Ubuntu)', 'content-type': 'application/json', 'x-compute-request-id': 'req-a7ccfe3c-250c-4157-b59a-67466036eef6', 'content-length': '107', 'openstack-api-version': 'volume 3.14', 'vary': 'OpenStack-API-Version', 'x-openstack-request-id': 'req-a7ccfe3c-250c-4157-b59a-67466036eef6', 'connection': 'close', 'status': '202', 'content-location': 'http://10.132.44.205/volume/v3/groups'}
        Body: b'{"group": {"id": "64d27870-7658-4255-b8a8-04be2ad682cf", "name": "tempest-GroupsV314Test-Group-337189663"}}'
2026-02-19 12:13:10,986 123155 INFO     [tempest.lib.common.rest_client] Request (GroupsV314Test:test_create_group_from_group): 200 GET http://10.132.44.205/volume/v3/groups/64d27870-7658-4255-b8a8-04be2ad682cf 0.046s
2026-02-19 12:13:10,986 123155 DEBUG    [tempest.lib.common.rest_client] Request - Headers: {'Content-Type': 'application/json', 'Accept': 'application/json', 'Openstack-Api-Version': 'volume 3.14', 'X-Auth-Token': '<omitted>'}
        Body: None
    Response - Headers: {'date': 'Thu, 19 Feb 2026 12:13:10 GMT', 'server': 'Apache/2.4.58 
    (Ubuntu)', 'content-type': 'application/json', 'x-compute-request-id': 'req-2b125d98-0053-4f2d-8161-ea8e9fac186f', 'content-length': '387', 'openstack-api-version': 'volume 3.14', 'vary': 'OpenStack-API-Version', 'x-openstack-request-id': 'req-2b125d98-0053-4f2d-8161-ea8e9fac186f', 'connection': 'close', 'status': '200', 'content-location': 'http://10.132.44.205/volume/v3/groups/64d27870-7658-4255-b8a8-04be2ad682cf'}
        Body: b'{"group": {"id": "64d27870-7658-4255-b8a8-04be2ad682cf", "status": "creating", "availability_zone": "nova", "created_at": "2026-02-19T12:13:11.000000", "name": "tempest-GroupsV314Test-Group-337189663", "description": null, "group_type": "80b7e854-251a-48ae-80a1-3f7b70834ea4", "volume_types": ["676bb3eb-1411-4100-8968-baef49c07261"], "group_snapshot_id": null, "source_group_id": null}}'
2026-02-19 12:13:12,038 123155 INFO     [tempest.lib.common.rest_client] Request (GroupsV314Test:test_create_group_from_group): 200 GET http://10.132.44.205/volume/v3/groups/64d27870-7658-4255-b8a8-04be2ad682cf 0.045s
2026-02-19 12:13:12,038 123155 DEBUG    [tempest.lib.common.rest_client] Request - Headers: {'Content-Type': 'application/json', 'Accept': 'application/json', 'Openstack-Api-Version': 'volume 3.14', 'X-Auth-Token': '<omitted>'}
        Body: None
    Response - Headers: {'date': 'Thu, 19 Feb 2026 12:13:11 GMT', 'server': 'Apache/2.4.58 (Ubuntu)', 'content-type': 'application/json', 'x-compute-request-id': 'req-e69e272b-87c2-4de7-a400-639222fc8870', 'content-length': '384', 'openstack-api-version': 'volume 3.14', 'vary': 'OpenStack-API-Version', 'x-openstack-request-id': 'req-e69e272b-87c2-4de7-a400-639222fc8870', 'connection': 'close', 'status': '200', 'content-location': 'http://10.132.44.205/volume/v3/groups/64d27870-7658-4255-b8a8-04be2ad682cf'}
        Body: b'{"group": {"id": "64d27870-7658-4255-b8a8-04be2ad682cf", "status": "error", "availability_zone": "nova", "created_at": "2026-02-19T12:13:11.000000", "name": "tempest-GroupsV314Test-Group-337189663", "description": null, "group_type": "80b7e854-251a-48ae-80a1-3f7b70834ea4", "volume_types": ["676bb3eb-1411-4100-8968-baef49c07261"], "group_snapshot_id": null, "source_group_id": null}}'
2026-02-19 12:13:12,088 123155 INFO     [tempest.lib.common.rest_client] Request (GroupsV314Test:_run_cleanups): 200 GET http://10.132.44.205/volume/v3/volumes/detail 0.043s
2026-02-19 12:13:12,089 123155 DEBUG    [tempest.lib.common.rest_client] Request - Headers: {'Content-Type': 'application/json', 'Accept': 'application/json', 'Openstack-Api-Version': 'volume 3.14', 'X-Auth-Token': '<omitted>'}
        Body: None
    Response - Headers: {'date': 'Thu, 19 Feb 2026 12:13:12 GMT', 'server': 'Apache/2.4.58 (Ubuntu)', 'content-type': 'application/json', 'x-compute-request-id': 'req-1d7969f2-c904-4483-b22a-161fcd3a8898', 'content-length': '15', 'openstack-api-version': 'volume 3.14', 'vary': 'OpenStack-API-Version', 'x-openstack-request-id': 'req-1d7969f2-c904-4483-b22a-161fcd3a8898', 'connection': 'close', 'status': '200', 'content-location': 'http://10.132.44.205/volume/v3/volumes/detail'}
        Body: b'{"volumes": []}'
2026-02-19 12:13:12,212 123155 INFO     [tempest.lib.common.rest_client] Request (GroupsV314Test:_run_cleanups): 202 POST http://10.132.44.205/volume/v3/groups/64d27870-7658-4255-b8a8-04be2ad682cf/action 0.103s
2026-02-19 12:13:12,212 123155 DEBUG    [tempest.lib.common.rest_client] Request - Headers: {'Content-Type': 'application/json', 'Accept': 'application/json', 'Openstack-Api-Version': 'volume 3.14', 'X-Auth-Token': '<omitted>'}
        Body: {"delete": {"delete-volumes": true}}
    Response - Headers: {'date': 'Thu, 19 Feb 2026 12:13:12 GMT', 'server': 'Apache/2.4.58 (Ubuntu)', 'content-length': '0', 'content-type': 'text/html; charset=UTF-8', 'openstack-api-version': 'volume 3.14', 'vary': 'OpenStack-API-Version', 'x-openstack-request-id': 'req-510ee859-5992-40a9-9694-8c8cc50402bb', 'connection': 'close', 'status': '202', 'content-location': 'http://10.132.44.205/volume/v3/groups/64d27870-7658-4255-b8a8-04be2ad682cf/action'}
        
    Body: b''
2026-02-19 12:13:12,236 123155 INFO     [tempest.lib.common.rest_client] Request (GroupsV314Test:_run_cleanups): 404 GET http://10.132.44.205/volume/v3/groups/64d27870-7658-4255-b8a8-04be2ad682cf 0.022s
2026-02-19 12:13:12,236 123155 DEBUG    [tempest.lib.common.rest_client] Request - Headers: {'Content-Type': 'application/json', 'Accept': 'application/json', 'Openstack-Api-Version': 'volume 3.14', 'X-Auth-Token': '<omitted>'}
        Body: None
    Response - Headers: {'date': 'Thu, 19 Feb 2026 12:13:12 GMT', 'server': 'Apache/2.4.58 (Ubuntu)', 'openstack-api-version': 'volume 3.14', 'vary': 'OpenStack-API-Version', 'content-length': '108', 'content-type': 'application/json', 'x-compute-request-id': 'req-6aa4819d-6aba-4116-ab91-7291840a42a7', 'x-openstack-request-id': 'req-6aa4819d-6aba-4116-ab91-7291840a42a7', 'connection': 'close', 'status': '404', 'content-location': 'http://10.132.44.205/volume/v3/groups/64d27870-7658-4255-b8a8-04be2ad682cf'}
        Body: b'{"itemNotFound": {"code": 404, "message": "Group 64d27870-7658-4255-b8a8-04be2ad682cf could not be found."}}'
2026-02-19 12:13:12,288 123155 INFO     [tempest.lib.common.rest_client] Request (GroupsV314Test:_run_cleanups): 202 DELETE http://10.132.44.205/volume/v3/group_types/80b7e854-251a-48ae-80a1-3f7b70834ea4 0.050s
2026-02-19 12:13:12,288 123155 DEBUG    [tempest.lib.common.rest_client] Request - Headers: {'Content-Type': 'application/json', 'Accept': 'application/json', 'Openstack-Api-Version': 'volume 3.14', 'X-Auth-Token': '<omitted>'}
        Body: None
    Response - Headers: {'date': 'Thu, 19 Feb 2026 12:13:12 GMT', 'server': 'Apache/2.4.58 (Ubuntu)', 'content-length': '0', 'content-type': 'text/html; charset=UTF-8', 'openstack-api-version': 'volume 3.14', 'vary': 'OpenStack-API-Version', 'x-openstack-request-id': 'req-81d93007-6f5d-4ae2-b434-78d92119c62b', 'connection': 'close', 'status': '202', 'content-location': 'http://10.132.44.205/volume/v3/group_types/80b7e854-251a-48ae-80a1-3f7b70834ea4'}
        Body: b''
2026-02-19 12:13:12,372 123155 INFO     [tempest.lib.common.rest_client] Request (GroupsV314Test:_run_cleanups): 202 DELETE http://10.132.44.205/volume/v3/types/676bb3eb-1411-4100-8968-baef49c07261 0.083s
2026-02-19 12:13:12,373 123155 DEBUG    [tempest.lib.common.rest_client] Request - Headers: {'Content-Type': 'application/json', 'Accept': 'application/json', 'X-Auth-Token': '<omitted>'}
        Body: None
    Response - Headers: {'date': 'Thu, 19 Feb 2026 12:13:12 GMT', 'server': 'Apache/2.4.58 (Ubuntu)', 'content-length': '0', 'content-type': 'text/html; charset=UTF-8', 'openstack-api-version': 'volume 3.0', 'vary': 'OpenStack-API-Version', 'x-openstack-request-id': 'req-34bb2934-9b99-4bf4-ae26-cafff66d7dfa', 'connection': 'close', 'status': '202', 'content-location': 'http://10.132.44.205/volume/v3/types/676bb3eb-1411-4100-8968-baef49c07261'}
        Body: b''
2026-02-19 12:13:12,396 123155 INFO     [tempest.lib.common.rest_client] Request (GroupsV314Test:_run_cleanups): 404 GET http://10.132.44.205/volume/v3/types/676bb3eb-1411-4100-8968-baef49c07261 0.022s
2026-02-19 12:13:12,396 123155 DEBUG    [tempest.lib.common.rest_client] Request - Headers: {'Content-Type': 'application/json', 'Accept': 'application/json', 'X-Auth-Token': '<omitted>'}
        Body: None
    Response - Headers: {'date': 'Thu, 19 Feb 2026 12:13:12 GMT', 'server': 'Apache/2.4.58 (Ubuntu)', 'openstack-api-version': 'volume 3.0', 'vary': 'OpenStack-API-Version', 'content-length': '114', 'content-type': 'application/json', 'x-compute-request-id': 'req-b05d9581-80a1-49f2-aa87-de306b5d2a1d', 'x-openstack-request-id': 'req-b05d9581-80a1-49f2-aa87-de306b5d2a1d', 'connection': 'close', 'status': '404', 'content-location': 'http://10.132.44.205/volume/v3/types/676bb3eb-1411-4100-8968-baef49c07261'}
        Body: b'{"itemNotFound": {"code": 404, "message": "Volume type 676bb3eb-1411-4100-8968-baef49c07261 could not be found."}}'


tempest.api.volume.admin.test_groups.GroupsV320Test.test_reset_group_status[id-b20c696b-0cbc-49a5-8b3a-b1fb9338f45c]
--------------------------------------------------------------------------------------------------------------------

Captured traceback:
~~~~~~~~~~~~~~~~~~~
    Traceback (most recent call last):

      File "/opt/stack/tempest/tempest/api/volume/admin/test_groups.py", line 227, in test_reset_group_status
    group = self.create_group(group_type=group_type['id'],
            ^^^^^^^^^^^^^^^^^^^^^^^^^^^^^^^^^^^^^^^^^^^^^^

      File "/opt/stack/tempest/tempest/api/volume/base.py", line 293, in create_group
    waiters.wait_for_volume_resource_status(

      File "/opt/stack/tempest/tempest/common/waiters.py", line 379, in wait_for_volume_resource_status
    raise exceptions.VolumeResourceBuildErrorException(

    tempest.exceptions.VolumeResourceBuildErrorException: group 25c2809b-3a85-480e-b5f0-6c90d423e682 failed to build and is in ERROR status


Captured pythonlogging:
~~~~~~~~~~~~~~~~~~~~~~~
    2026-02-19 12:13:17,019 123155 INFO     [tempest.lib.common.rest_client] Request (GroupsV320Test:test_reset_group_status): 200 POST http://10.132.44.205/volume/v3/types 0.174s
2026-02-19 12:13:17,020 123155 DEBUG    [tempest.lib.common.rest_client] Request - Headers: {'Content-Type': 'application/json', 'Accept': 'application/json', 'X-Auth-Token': '<omitted>'}
        Body: {"volume_type": {"name": "tempest-GroupsV320Test-volume-type-1073895136"}}
    Response - Headers: {'date': 'Thu, 19 Feb 2026 12:13:16 GMT', 'server': 'Apache/2.4.58 (Ubuntu)', 'content-type': 'application/json', 'x-compute-request-id': 'req-da36eee6-b997-48d9-a227-b83e7e5194b4', 'content-length': '220', 'openstack-api-version': 'volume 3.0', 'vary': 'OpenStack-API-Version', 'x-openstack-request-id': 'req-da36eee6-b997-48d9-a227-b83e7e5194b4', 'connection': 'close', 'status': '200', 'content-location': 'http://10.132.44.205/volume/v3/types'}
        Body: b'{"volume_type": {"id": "6d3b19b3-5e45-4f1f-90d1-e737549e86e0", "name": "tempest-GroupsV320Test-volume-type-1073895136", "is_public": true, "extra_specs": {}, "description": null, "os-volume-type-access:is_public": true}}'
2026-02-19 12:13:17,072 123155 INFO     [tempest.lib.common.rest_client] Request (GroupsV320Test:test_reset_group_status): 202 POST http://10.132.44.205/volume/v3/group_types 0.049s
2026-02-19 12:13:17,073 123155 DEBUG    [tempest.lib.common.rest_client] Request - Headers: {'Content-Type': 'application/json', 'Accept': 'application/json', 'Openstack-Api-Version': 'volume 3.20', 'X-Auth-Token': '<omitted>'}
        Body: {"group_type": {"name": "tempest-GroupsV320Test-group-type-1312232047"}}
    Response - Headers: {'date': 'Thu, 19 Feb 2026 12:13:17 GMT', 'server': 'Apache/2.4.58 (Ubuntu)', 'content-type': 'application/json', 'x-compute-request-id': 'req-6c13e2c5-a3e5-470f-a7ba-70f02d5ec29a', 'content-length': '177', 'openstack-api-version': 'volume 3.20', 'vary': 'OpenStack-API-Version', 'x-openstack-request-id': 'req-6c13e2c5-a3e5-470f-a7ba-70f02d5ec29a', 'connection': 'close', 'status': '202', 'content-location': 'http://10.132.44.205/volume/v3/group_types'}
        Body: b'{"group_type": {"id": "6af6660f-02e1-46ab-bff4-30a4474926cd", "name": "tempest-GroupsV320Test-group-type-1312232047", "description": null, "is_public": true, "group_specs": {}}}'
2026-02-19 12:13:17,299 123155 INFO     [tempest.lib.common.rest_client] Request (GroupsV320Test:test_reset_group_status): 202 POST http://10.132.44.205/volume/v3/groups 0.219s
2026-02-19 12:13:17,300 123155 DEBUG    [tempest.lib.common.rest_client] Request - Headers: {'Content-Type': 'application/json', 'Accept': 'application/json', 'Openstack-Api-Version': 'volume 3.20', 'X-Auth-Token': '<omitted>'}
        Body: {"group": {"group_type": "6af6660f-02e1-46ab-bff4-30a4474926cd", "volume_types": ["6d3b19b3-5e45-4f1f-90d1-e737549e86e0"], "name": "tempest-GroupsV320Test-Group-878711415"}}
    Response - Headers: {'date': 'Thu, 19 Feb 2026 12:13:17 GMT', 'server': 'Apache/2.4.58 (Ubuntu)', 'content-type': 'application/json', 'x-compute-request-id': 'req-9891294d-394c-4f11-89a2-f46ed2539381', 'content-length': '107', 'openstack-api-version': 'volume 3.20', 'vary': 'OpenStack-API-Version', 'x-openstack-request-id': 'req-9891294d-394c-4f11-89a2-f46ed2539381', 'connection': 'close', 'status': '202', 'content-location': 'http://10.132.44.205/volume/v3/groups'}
        Body: b'{"group": {"id": "25c2809b-3a85-480e-b5f0-6c90d423e682", "name": "tempest-GroupsV320Test-Group-878711415"}}'
2026-02-19 12:13:17,344 123155 INFO     [tempest.lib.common.rest_client] Request (GroupsV320Test:test_reset_group_status): 200 GET http://10.132.44.205/volume/v3/groups/25c2809b-3a85-480e-b5f0-6c90d423e682 0.041s
2026-02-19 12:13:17,344 123155 DEBUG    [tempest.lib.common.rest_client] Request - Headers: {'Content-Type': 'application/json', 'Accept': 'application/json', 'Openstack-Api-Version': 'volume 3.20', 'X-Auth-Token': '<omitted>'}
        Body: None
    Response - Headers: {'date': 'Thu, 19 Feb 2026 12:13:17 GMT', 'server': 'Apache/2.4.58 (Ubuntu)', 'cont
    ent-type': 'application/json', 'x-compute-request-id': 'req-99c1ef36-c0d2-42db-92c0-6214fb093485', 'content-length': '387', 'openstack-api-version': 'volume 3.20', 'vary': 'OpenStack-API-Version', 'x-openstack-request-id': 'req-99c1ef36-c0d2-42db-92c0-6214fb093485', 'connection': 'close', 'status': '200', 'content-location': 'http://10.132.44.205/volume/v3/groups/25c2809b-3a85-480e-b5f0-6c90d423e682'}
        Body: b'{"group": {"id": "25c2809b-3a85-480e-b5f0-6c90d423e682", "status": "creating", "availability_zone": "nova", "created_at": "2026-02-19T12:13:17.000000", "name": "tempest-GroupsV320Test-Group-878711415", "description": null, "group_type": "6af6660f-02e1-46ab-bff4-30a4474926cd", "volume_types": ["6d3b19b3-5e45-4f1f-90d1-e737549e86e0"], "group_snapshot_id": null, "source_group_id": null}}'
2026-02-19 12:13:18,396 123155 INFO     [tempest.lib.common.rest_client] Request (GroupsV320Test:test_reset_group_status): 200 GET http://10.132.44.205/volume/v3/groups/25c2809b-3a85-480e-b5f0-6c90d423e682 0.045s
2026-02-19 12:13:18,397 123155 DEBUG    [tempest.lib.common.rest_client] Request - Headers: {'Content-Type': 'application/json', 'Accept': 'application/json', 'Openstack-Api-Version': 'volume 3.20', 'X-Auth-Token': '<omitted>'}
        Body: None
    Response - Headers: {'date': 'Thu, 19 Feb 2026 12:13:18 GMT', 'server': 'Apache/2.4.58 (Ubuntu)', 'content-type': 'application/json', 'x-compute-request-id': 'req-e500094f-945a-4fc1-8dd6-d2e4cccc6bb9', 'content-length': '384', 'openstack-api-version': 'volume 3.20', 'vary': 'OpenStack-API-Version', 'x-openstack-request-id': 'req-e500094f-945a-4fc1-8dd6-d2e4cccc6bb9', 'connection': 'close', 'status': '200', 'content-location': 'http://10.132.44.205/volume/v3/groups/25c2809b-3a85-480e-b5f0-6c90d423e682'}
        Body: b'{"group": {"id": "25c2809b-3a85-480e-b5f0-6c90d423e682", "status": "error", "availability_zone": "nova", "created_at": "2026-02-19T12:13:17.000000", "name": "tempest-GroupsV320Test-Group-878711415", "description": null, "group_type": "6af6660f-02e1-46ab-bff4-30a4474926cd", "volume_types": ["6d3b19b3-5e45-4f1f-90d1-e737549e86e0"], "group_snapshot_id": null, "source_group_id": null}}'
2026-02-19 12:13:18,445 123155 INFO     [tempest.lib.common.rest_client] Request (GroupsV320Test:_run_cleanups): 200 GET http://10.132.44.205/volume/v3/volumes/detail 0.041s
2026-02-19 12:13:18,446 123155 DEBUG    [tempest.lib.common.rest_client] Request - Headers: {'Content-Type': 'application/json', 'Accept': 'application/json', 'Openstack-Api-Version': 'volume 3.20', 'X-Auth-Token': '<omitted>'}
        Body: None
    Response - Headers: {'date': 'Thu, 19 Feb 2026 12:13:18 GMT', 'server': 'Apache/2.4.58 (Ubuntu)', 'content-type': 'application/json', 'x-compute-request-id': 'req-1a91e348-7e16-41c2-b181-62e62b201675', 'content-length': '15', 'openstack-api-version': 'volume 3.20', 'vary': 'OpenStack-API-Version', 'x-openstack-request-id': 'req-1a91e348-7e16-41c2-b181-62e62b201675', 'connection': 'close', 'status': '200', 'content-location': 'http://10.132.44.205/volume/v3/volumes/detail'}
        Body: b'{"volumes": []}'
2026-02-19 12:13:18,566 123155 INFO     [tempest.lib.common.rest_client] Request (GroupsV320Test:_run_cleanups): 202 POST http://10.132.44.205/volume/v3/groups/25c2809b-3a85-480e-b5f0-6c90d423e682/action 0.104s
2026-02-19 12:13:18,567 123155 DEBUG    [tempest.lib.common.rest_client] Request - Headers: {'Content-Type': 'application/json', 'Accept': 'application/json', 'Openstack-Api-Version': 'volume 3.20', 'X-Auth-Token': '<omitted>'}
        Body: {"delete": {"delete-volumes": true}}
    Response - Headers: {'date': 'Thu, 19 Feb 2026 12:13:18 GMT', 'server': 'Apache/2.4.58 (Ubuntu)', 'content-length': '0', 'content-type': 'text/html; charset=UTF-8', 'openstack-api-version': 'volume 3.20', 'vary': 'OpenStack-API-Version', 'x-openstack-request-id': 'req-c106e5c6-8060-4293-94e1-d855a14b9917', 'connection': 'close', 'status': '202', 'content-location': 'http://10.132.44.205/volume/v3/groups/25c2809b-3a85-480e-b5f0-6c90d423e682/action'}
        Body: b''
2026-02-19 
    12:13:18,589 123155 INFO     [tempest.lib.common.rest_client] Request (GroupsV320Test:_run_cleanups): 404 GET http://10.132.44.205/volume/v3/groups/25c2809b-3a85-480e-b5f0-6c90d423e682 0.021s
2026-02-19 12:13:18,590 123155 DEBUG    [tempest.lib.common.rest_client] Request - Headers: {'Content-Type': 'application/json', 'Accept': 'application/json', 'Openstack-Api-Version': 'volume 3.20', 'X-Auth-Token': '<omitted>'}
        Body: None
    Response - Headers: {'date': 'Thu, 19 Feb 2026 12:13:18 GMT', 'server': 'Apache/2.4.58 (Ubuntu)', 'openstack-api-version': 'volume 3.20', 'vary': 'OpenStack-API-Version', 'content-length': '108', 'content-type': 'application/json', 'x-compute-request-id': 'req-19268728-b2a1-4127-b834-281e44bf939e', 'x-openstack-request-id': 'req-19268728-b2a1-4127-b834-281e44bf939e', 'connection': 'close', 'status': '404', 'content-location': 'http://10.132.44.205/volume/v3/groups/25c2809b-3a85-480e-b5f0-6c90d423e682'}
        Body: b'{"itemNotFound": {"code": 404, "message": "Group 25c2809b-3a85-480e-b5f0-6c90d423e682 could not be found."}}'
2026-02-19 12:13:18,635 123155 INFO     [tempest.lib.common.rest_client] Request (GroupsV320Test:_run_cleanups): 202 DELETE http://10.132.44.205/volume/v3/group_types/6af6660f-02e1-46ab-bff4-30a4474926cd 0.043s
2026-02-19 12:13:18,635 123155 DEBUG    [tempest.lib.common.rest_client] Request - Headers: {'Content-Type': 'application/json', 'Accept': 'application/json', 'Openstack-Api-Version': 'volume 3.20', 'X-Auth-Token': '<omitted>'}
        Body: None
    Response - Headers: {'date': 'Thu, 19 Feb 2026 12:13:18 GMT', 'server': 'Apache/2.4.58 (Ubuntu)', 'content-length': '0', 'content-type': 'text/html; charset=UTF-8', 'openstack-api-version': 'volume 3.20', 'vary': 'OpenStack-API-Version', 'x-openstack-request-id': 'req-6bbb4554-2296-4165-ac88-8402bc689c92', 'connection': 'close', 'status': '202', 'content-location': 'http://10.132.44.205/volume/v3/group_types/6af6660f-02e1-46ab-bff4-30a4474926cd'}
        Body: b''
2026-02-19 12:13:18,712 123155 INFO     [tempest.lib.common.rest_client] Request (GroupsV320Test:_run_cleanups): 202 DELETE http://10.132.44.205/volume/v3/types/6d3b19b3-5e45-4f1f-90d1-e737549e86e0 0.076s
2026-02-19 12:13:18,713 123155 DEBUG    [tempest.lib.common.rest_client] Request - Headers: {'Content-Type': 'application/json', 'Accept': 'application/json', 'X-Auth-Token': '<omitted>'}
        Body: None
    Response - Headers: {'date': 'Thu, 19 Feb 2026 12:13:18 GMT', 'server': 'Apache/2.4.58 (Ubuntu)', 'content-length': '0', 'content-type': 'text/html; charset=UTF-8', 'openstack-api-version': 'volume 3.0', 'vary': 'OpenStack-API-Version', 'x-openstack-request-id': 'req-428e86d9-8895-47a2-bc7d-18edda78ba26', 'connection': 'close', 'status': '202', 'content-location': 'http://10.132.44.205/volume/v3/types/6d3b19b3-5e45-4f1f-90d1-e737549e86e0'}
        Body: b''
2026-02-19 12:13:18,734 123155 INFO     [tempest.lib.common.rest_client] Request (GroupsV320Test:_run_cleanups): 404 GET http://10.132.44.205/volume/v3/types/6d3b19b3-5e45-4f1f-90d1-e737549e86e0 0.021s
2026-02-19 12:13:18,735 123155 DEBUG    [tempest.lib.common.rest_client] Request - Headers: {'Content-Type': 'application/json', 'Accept': 'application/json', 'X-Auth-Token': '<omitted>'}
        Body: None
    Response - Headers: {'date': 'Thu, 19 Feb 2026 12:13:18 GMT', 'server': 'Apache/2.4.58 (Ubuntu)', 'openstack-api-version': 'volume 3.0', 'vary': 'OpenStack-API-Version', 'content-length': '114', 'content-type': 'application/json', 'x-compute-request-id': 'req-ad359174-c879-4b1e-b645-0331d3ca3a2d', 'x-openstack-request-id': 'req-ad359174-c879-4b1e-b645-0331d3ca3a2d', 'connection': 'close', 'status': '404', 'content-location': 'http://10.132.44.205/volume/v3/types/6d3b19b3-5e45-4f1f-90d1-e737549e86e0'}
        Body: b'{"itemNotFound": {"code": 404, "message": "Volume type 6d3b19b3-5e45-4f1f-90d1-e737549e86e0 could not be found."}}'


setUpClass (tempest.api.volume.admin.test_multi_backend.VolumeMultiBackendTest)
-------------------------------------------------------------------------------

Captured traceback:
~~~~~~~~~~~~~~~~~~~
    Traceback (most recent call last):

      File "/opt/stack/tempest/tempest/test.py", line 185, in setUpClass
    raise value.with_traceback(trace)

      File "/opt/stack/tempest/tempest/test.py", line 178, in setUpClass
    cls.resource_setup()

      File "/opt/stack/tempest/tempest/api/volume/admin/test_multi_backend.py", line 50, in resource_setup
    cls._create_type_and_volume(backend_name, False)

      File "/opt/stack/tempest/tempest/api/volume/admin/test_multi_backend.py", line 74, in _create_type_and_volume
    cls.volume = cls.create_volume(**params)
                 ^^^^^^^^^^^^^^^^^^^^^^^^^^^

      File "/opt/stack/tempest/tempest/api/volume/base.py", line 144, in create_volume
    waiters.wait_for_volume_resource_status(self.volumes_client,

      File "/opt/stack/tempest/tempest/common/waiters.py", line 379, in wait_for_volume_resource_status
    raise exceptions.VolumeResourceBuildErrorException(

    tempest.exceptions.VolumeResourceBuildErrorException: volume 90f5bcef-4d5b-4865-aef2-da60bdf674e5 failed to build and is in ERROR status


setUpClass (tempest.api.volume.admin.test_snapshots_actions.SnapshotsActionsTest)
---------------------------------------------------------------------------------

Captured traceback:
~~~~~~~~~~~~~~~~~~~
    Traceback (most recent call last):

      File "/opt/stack/tempest/tempest/test.py", line 185, in setUpClass
    raise value.with_traceback(trace)

      File "/opt/stack/tempest/tempest/test.py", line 178, in setUpClass
    cls.resource_setup()

      File "/opt/stack/tempest/tempest/api/volume/admin/test_snapshots_actions.py", line 38, in resource_setup
    cls.volume = cls.create_volume()
                 ^^^^^^^^^^^^^^^^^^^

      File "/opt/stack/tempest/tempest/api/volume/base.py", line 144, in create_volume
    waiters.wait_for_volume_resource_status(self.volumes_client,

      File "/opt/stack/tempest/tempest/common/waiters.py", line 379, in wait_for_volume_resource_status
    raise exceptions.VolumeResourceBuildErrorException(

    tempest.exceptions.VolumeResourceBuildErrorException: volume fe400210-84b9-4534-b410-9bd00f650481 failed to build and is in ERROR status


tempest.api.volume.admin.test_volume_pools.VolumePoolsAdminTestsJSON.test_get_pools_with_details[id-d4bb61f7-762d-4437-b8a4-5785759a0ced]
-----------------------------------------------------------------------------------------------------------------------------------------

Captured traceback:
~~~~~~~~~~~~~~~~~~~
    Traceback (most recent call last):

      File "/opt/stack/tempest/tempest/api/volume/admin/test_volume_pools.py", line 44, in test_get_pools_with_details
    self._assert_pools(with_detail=True)

      File "/opt/stack/tempest/tempest/api/volume/admin/test_volume_pools.py", line 29, in _assert_pools
    self.assertNotEmpty(cinder_pools, "no cinder pools listed.")

      File "/opt/stack/tempest/tempest/test.py", line 949, in assertNotEmpty
    self.assertTrue(items, msg)

      File "/usr/lib/python3.12/unittest/case.py", line 727, in assertTrue
    raise self.failureException(msg)

    AssertionError: [] is not true : no cinder pools listed.


Captured pythonlogging:
~~~~~~~~~~~~~~~~~~~~~~~
    2026-02-19 12:13:58,248 123155 INFO     [tempest.lib.common.rest_client] Request (VolumePoolsAdminTestsJSON:test_get_pools_with_details): 200 GET http://10.132.44.205/volume/v3/scheduler-stats/get_pools?detail=True 0.653s
2026-02-19 12:13:58,249 123155 DEBUG    [tempest.lib.common.rest_client] Request - Headers: {'Content-Type': 'application/json', 'Accept': 'application/json', 'X-Auth-Token': '<omitted>'}
        Body: None
    Response - Headers: {'date': 'Thu, 19 Feb 2026 12:13:57 GMT', 'server': 'Apache/2.4.58 (Ubuntu)', 'content-type': 'application/json', 'x-compute-request-id': 'req-14187850-c73b-4412-aa23-e5bd3ab5fe94', 'content-length': '13', 'openstack-api-version': 'volume 3.0', 'vary': 'OpenStack-API-Version', 'x-openstack-request-id': 'req-14187850-c73b-4412-aa23-e5bd3ab5fe94', 'connection': 'close', 'status': '200', 'content-location': 'http://10.132.44.205/volume/v3/scheduler-stats/get_pools?detail=True'}
        Body: b'{"pools": []}'


tempest.api.volume.admin.test_volume_pools.VolumePoolsAdminTestsJSON.test_get_pools_without_details[id-0248a46c-e226-4933-be10-ad6fca8227e7]
--------------------------------------------------------------------------------------------------------------------------------------------

Captured traceback:
~~~~~~~~~~~~~~~~~~~
    Traceback (most recent call last):

      File "/opt/stack/tempest/tempest/api/volume/admin/test_volume_pools.py", line 39, in test_get_pools_without_details
    self._assert_pools()

      File "/opt/stack/tempest/tempest/api/volume/admin/test_volume_pools.py", line 29, in _assert_pools
    self.assertNotEmpty(cinder_pools, "no cinder pools listed.")

      File "/opt/stack/tempest/tempest/test.py", line 949, in assertNotEmpty
    self.assertTrue(items, msg)

      File "/usr/lib/python3.12/unittest/case.py", line 727, in assertTrue
    raise self.failureException(msg)

    AssertionError: [] is not true : no cinder pools listed.


Captured pythonlogging:
~~~~~~~~~~~~~~~~~~~~~~~
    2026-02-19 12:13:58,795 123155 INFO     [tempest.lib.common.rest_client] Request (VolumePoolsAdminTestsJSON:test_get_pools_without_details): 200 GET http://10.132.44.205/volume/v3/scheduler-stats/get_pools 0.521s
2026-02-19 12:13:58,796 123155 DEBUG    [tempest.lib.common.rest_client] Request - Headers: {'Content-Type': 'application/json', 'Accept': 'application/json', 'X-Auth-Token': '<omitted>'}
        Body: None
    Response - Headers: {'date': 'Thu, 19 Feb 2026 12:13:58 GMT', 'server': 'Apache/2.4.58 (Ubuntu)', 'content-type': 'application/json', 'x-compute-request-id': 'req-6592b125-284f-4bc0-aa02-755794d4e496', 'content-length': '13', 'openstack-api-version': 'volume 3.0', 'vary': 'OpenStack-API-Version', 'x-openstack-request-id': 'req-6592b125-284f-4bc0-aa02-755794d4e496', 'connection': 'close', 'status': '200', 'content-location': 'http://10.132.44.205/volume/v3/scheduler-stats/get_pools'}
        Body: b'{"pools": []}'


tempest.api.volume.admin.test_volume_quotas.VolumeQuotasAdminTestJSON.test_quota_usage[id-ae8b6091-48ad-4bfa-a188-bbf5cc02115f]
-------------------------------------------------------------------------------------------------------------------------------

Captured traceback:
~~~~~~~~~~~~~~~~~~~
    Traceback (most recent call last):

      File "/opt/stack/tempest/tempest/api/volume/admin/test_volume_quotas.py", line 123, in test_quota_usage
    volume = self.create_volume()
             ^^^^^^^^^^^^^^^^^^^^

      File "/opt/stack/tempest/tempest/api/volume/base.py", line 144, in create_volume
    waiters.wait_for_volume_resource_status(self.volumes_client,

      File "/opt/stack/tempest/tempest/common/waiters.py", line 379, in wait_for_volume_resource_status
    raise exceptions.VolumeResourceBuildErrorException(

    tempest.exceptions.VolumeResourceBuildErrorException: volume 4b57ea8c-6b83-4647-8c95-eaa57c378b1a failed to build and is in ERROR status


Captured pythonlogging:
~~~~~~~~~~~~~~~~~~~~~~~
    2026-02-19 12:14:10,570 123155 INFO     [tempest.lib.common.rest_client] Request (VolumeQuotasAdminTestJSON:test_quota_usage): 200 GET http://10.132.44.205/volume/v3/os-quota-sets/fdca944c0a6344d1b130ccfafbf085d7?usage=True 0.088s
2026-02-19 12:14:10,571 123155 DEBUG    [tempest.lib.common.rest_client] Request - Headers: {'Content-Type': 'application/json', 'Accept': 'application/json', 'X-Auth-Token': '<omitted>'}
        Body: None
    Response - Headers: {'date': 'Thu, 19 Feb 2026 12:14:10 GMT', 'server': 'Apache/2.4.58 (Ubuntu)', 'content-type': 'application/json', 'x-compute-request-id': 'req-0aa82569-c0c6-493a-8e90-61f3a6b4f519', 'content-length': '1254', 'openstack-api-version': 'volume 3.0', 'vary': 'OpenStack-API-Version', 'x-openstack-request-id': 'req-0aa82569-c0c6-493a-8e90-61f3a6b4f519', 'connection': 'close', 'status': '200', 'content-location': 'http://10.132.44.205/volume/v3/os-quota-sets/fdca944c0a6344d1b130ccfafbf085d7?usage=True'}
        Body: b'{"quota_set": {"volumes": {"limit": 10, "in_use": 0, "reserved": 0}, "per_volume_gigabytes": {"limit": -1, "in_use": 0, "reserved": 0}, "snapshots": {"limit": 10, "in_use": 0, "reserved": 0}, "gigabytes": {"limit": 1000, "in_use": 0, "reserved": 0}, "backups": {"limit": 10, "in_use": 0, "reserved": 0}, "backup_gigabytes": {"limit": 1000, "in_use": 0, "reserved": 0}, "volumes_nvmetcp2": {"limit": -1, "in_use": 0, "reserved": 0}, "gigabytes_nvmetcp2": {"limit": -1, "in_use": 0, "reserved": 0}, "snapshots_nvmetcp2": {"limit": -1, "in_use": 0, "reserved": 0}, "volumes_nvmetcp1": {"limit": -1, "in_use": 0, "reserved": 0}, "gigabytes_nvmetcp1": {"limit": -1, "in_use": 0, "reserved": 0}, "snapshots_nvmetcp1": {"limit": -1, "in_use": 0, "reserved": 0}, "volumes_lvmdriver-1": {"limit": -1, "in_use": 0, "reserved": 0}, "gigabytes_lvmdriver-1": {"limit": -1, "in_use": 0, "reserved": 0}, "snapshots_lvmdriver-1": {"limit": -1, "in_use": 0, "reserved": 0}, "volumes___DEFAULT__": {"limit": -1, "in_use": 0, "reserved": 0}, "gigabytes___DEFAULT__": {"limit": -1, "in_use": 0, "reserved": 0}, "snapshots___DEFAULT__": {"limit": -1, "in_use": 0, "reserved": 0}, "groups": {"limit": 10, "in_use": 0, "reserved": 0}, "id": "fdca944c0a6344d1b130ccfafbf085d7"}}'
2026-02-19 12:14:11,124 123155 INFO     [tempest.lib.common.rest_client] Request (VolumeQuotasAdminTestJSON:test_quota_usage): 202 POST http://10.132.44.205/volume/v3/volumes 0.540s
2026-02-19 12:14:11,125 123155 DEBUG    [tempest.lib.common.rest_client] Request - Headers: {'Content-Type': 'application/json', 'Accept': 'application/json', 'X-Auth-Token': '<omitted>'}
        Body: {"volume": {"size": 1, "name": "tempest-VolumeQuotasAdminTestJSON-Volume-256925500"}}
    Response - Headers: {'date': 'Thu, 19 Feb 2026 12:14:10 GMT', 'server': 'Apache/2.4.58 (Ubuntu)', 'content-type': 'application/json', 'x-compute-request-id': 'req-45e6bbd7-60aa-41e1-b546-5b79bf494caf', 'content-length': '759', 'openstack-api-version': 'volume 3.0', 'vary': 'OpenStack-API-Version', 'x-openstack-request-id': 'req-45e6bbd7-60aa-41e1-b546-5b79bf494caf', 'connection': 'close', 'status': '202', 'content-location': 'http://10.132.44.205/volume/v3/volumes'}
        Body: b'{"volume": {"id": "4b57ea8c-6b83-4647-8c95-eaa57c378b1a", "status": "creating", "size": 1, "availability_zone": "nova", "created_at": "2026-02-19T12:14:11.019193", "updated_at": null, "name": "tempest-VolumeQuotasAdminTestJSON-Volume-256925500", "description": null, "volume_type": "nvmetcp1", "snapshot_id": null, "source_volid": null, "metadata": {}, "links": [{"rel": "self", "href": "http://10.132.44.205/volume/v3/volumes/4b57ea8c-6b83-4647-8c95-eaa57c378b1a"}, {"rel": "bookmark", "href": "http://10.132.44.205/volume/volumes/4b57ea8c-6b83-4647-8c95-eaa57c378b1a"}], "user_id": "d004663be06e4b599a391b8078dc9fff", "bootable": "false", "encrypted": false, "replication_status": null, "consistencygroup_id": null, "multiattach": false, "attachments": []}}'
2026-02-19 12:14:11,202 123155 INFO     [tempest.lib.common.rest_client] Request (VolumeQuotasAdminTestJSON:test_quota_usage): 200 GET htt
    p://10.132.44.205/volume/v3/volumes/4b57ea8c-6b83-4647-8c95-eaa57c378b1a 0.061s
2026-02-19 12:14:11,203 123155 DEBUG    [tempest.lib.common.rest_client] Request - Headers: {'Content-Type': 'application/json', 'Accept': 'application/json', 'X-Auth-Token': '<omitted>'}
        Body: None
    Response - Headers: {'date': 'Thu, 19 Feb 2026 12:14:11 GMT', 'server': 'Apache/2.4.58 (Ubuntu)', 'content-type': 'application/json', 'x-compute-request-id': 'req-9fa6af0a-0f5b-4b23-9ce2-d9ac8b5ad812', 'content-length': '827', 'openstack-api-version': 'volume 3.0', 'vary': 'OpenStack-API-Version', 'x-openstack-request-id': 'req-9fa6af0a-0f5b-4b23-9ce2-d9ac8b5ad812', 'connection': 'close', 'status': '200', 'content-location': 'http://10.132.44.205/volume/v3/volumes/4b57ea8c-6b83-4647-8c95-eaa57c378b1a'}
        Body: b'{"volume": {"id": "4b57ea8c-6b83-4647-8c95-eaa57c378b1a", "status": "creating", "size": 1, "availability_zone": "nova", "created_at": "2026-02-19T12:14:11.000000", "updated_at": null, "name": "tempest-VolumeQuotasAdminTestJSON-Volume-256925500", "description": null, "volume_type": "nvmetcp1", "snapshot_id": null, "source_volid": null, "metadata": {}, "links": [{"rel": "self", "href": "http://10.132.44.205/volume/v3/volumes/4b57ea8c-6b83-4647-8c95-eaa57c378b1a"}, {"rel": "bookmark", "href": "http://10.132.44.205/volume/volumes/4b57ea8c-6b83-4647-8c95-eaa57c378b1a"}], "user_id": "d004663be06e4b599a391b8078dc9fff", "bootable": "false", "encrypted": false, "replication_status": null, "consistencygroup_id": null, "multiattach": false, "attachments": [], "os-vol-tenant-attr:tenant_id": "fdca944c0a6344d1b130ccfafbf085d7"}}'
2026-02-19 12:14:12,326 123155 INFO     [tempest.lib.common.rest_client] Request (VolumeQuotasAdminTestJSON:test_quota_usage): 200 GET http://10.132.44.205/volume/v3/volumes/4b57ea8c-6b83-4647-8c95-eaa57c378b1a 0.104s
2026-02-19 12:14:12,327 123155 DEBUG    [tempest.lib.common.rest_client] Request - Headers: {'Content-Type': 'application/json', 'Accept': 'application/json', 'X-Auth-Token': '<omitted>'}
        Body: None
    Response - Headers: {'date': 'Thu, 19 Feb 2026 12:14:12 GMT', 'server': 'Apache/2.4.58 (Ubuntu)', 'content-type': 'application/json', 'x-compute-request-id': 'req-1cbb8fc6-faca-4a99-85f8-11942d45804e', 'content-length': '848', 'openstack-api-version': 'volume 3.0', 'vary': 'OpenStack-API-Version', 'x-openstack-request-id': 'req-1cbb8fc6-faca-4a99-85f8-11942d45804e', 'connection': 'close', 'status': '200', 'content-location': 'http://10.132.44.205/volume/v3/volumes/4b57ea8c-6b83-4647-8c95-eaa57c378b1a'}
        Body: b'{"volume": {"id": "4b57ea8c-6b83-4647-8c95-eaa57c378b1a", "status": "error", "size": 1, "availability_zone": "nova", "created_at": "2026-02-19T12:14:11.000000", "updated_at": "2026-02-19T12:14:11.000000", "name": "tempest-VolumeQuotasAdminTestJSON-Volume-256925500", "description": null, "volume_type": "nvmetcp1", "snapshot_id": null, "source_volid": null, "metadata": {}, "links": [{"rel": "self", "href": "http://10.132.44.205/volume/v3/volumes/4b57ea8c-6b83-4647-8c95-eaa57c378b1a"}, {"rel": "bookmark", "href": "http://10.132.44.205/volume/volumes/4b57ea8c-6b83-4647-8c95-eaa57c378b1a"}], "user_id": "d004663be06e4b599a391b8078dc9fff", "bootable": "false", "encrypted": false, "replication_status": null, "consistencygroup_id": null, "multiattach": false, "attachments": [], "os-vol-tenant-attr:tenant_id": "fdca944c0a6344d1b130ccfafbf085d7"}}'
2026-02-19 12:14:12,403 123155 INFO     [tempest.lib.common.rest_client] Request (VolumeQuotasAdminTestJSON:_run_cleanups): 200 GET http://10.132.44.205/volume/v3/volumes/4b57ea8c-6b83-4647-8c95-eaa57c378b1a 0.057s
2026-02-19 12:14:12,403 123155 DEBUG    [tempest.lib.common.rest_client] Request - Headers: {'Content-Type': 'application/json', 'Accept': 'application/json', 'X-Auth-Token': '<omitted>'}
        Body: None
    Response - Headers: {'date': 'Thu, 19 Feb 2026 12:14:12 GMT', 'server': 'Apache/2.4.58 (Ubuntu)', 'content-type': 'application/json', 'x-compute-request-id': 'req-bf3a057b-577c-4948-b5e1-22c22c327336', 'content-length': '84
    8', 'openstack-api-version': 'volume 3.0', 'vary': 'OpenStack-API-Version', 'x-openstack-request-id': 'req-bf3a057b-577c-4948-b5e1-22c22c327336', 'connection': 'close', 'status': '200', 'content-location': 'http://10.132.44.205/volume/v3/volumes/4b57ea8c-6b83-4647-8c95-eaa57c378b1a'}
        Body: b'{"volume": {"id": "4b57ea8c-6b83-4647-8c95-eaa57c378b1a", "status": "error", "size": 1, "availability_zone": "nova", "created_at": "2026-02-19T12:14:11.000000", "updated_at": "2026-02-19T12:14:11.000000", "name": "tempest-VolumeQuotasAdminTestJSON-Volume-256925500", "description": null, "volume_type": "nvmetcp1", "snapshot_id": null, "source_volid": null, "metadata": {}, "links": [{"rel": "self", "href": "http://10.132.44.205/volume/v3/volumes/4b57ea8c-6b83-4647-8c95-eaa57c378b1a"}, {"rel": "bookmark", "href": "http://10.132.44.205/volume/volumes/4b57ea8c-6b83-4647-8c95-eaa57c378b1a"}], "user_id": "d004663be06e4b599a391b8078dc9fff", "bootable": "false", "encrypted": false, "replication_status": null, "consistencygroup_id": null, "multiattach": false, "attachments": [], "os-vol-tenant-attr:tenant_id": "fdca944c0a6344d1b130ccfafbf085d7"}}'
2026-02-19 12:14:12,582 123155 INFO     [tempest.lib.common.rest_client] Request (VolumeQuotasAdminTestJSON:_run_cleanups): 202 DELETE http://10.132.44.205/volume/v3/volumes/4b57ea8c-6b83-4647-8c95-eaa57c378b1a 0.161s
2026-02-19 12:14:12,583 123155 DEBUG    [tempest.lib.common.rest_client] Request - Headers: {'Content-Type': 'application/json', 'Accept': 'application/json', 'X-Auth-Token': '<omitted>'}
        Body: None
    Response - Headers: {'date': 'Thu, 19 Feb 2026 12:14:12 GMT', 'server': 'Apache/2.4.58 (Ubuntu)', 'content-length': '0', 'content-type': 'text/html; charset=UTF-8', 'openstack-api-version': 'volume 3.0', 'vary': 'OpenStack-API-Version', 'x-openstack-request-id': 'req-93341c26-ac2c-443f-a3e3-df26e74dddf8', 'connection': 'close', 'status': '202', 'content-location': 'http://10.132.44.205/volume/v3/volumes/4b57ea8c-6b83-4647-8c95-eaa57c378b1a'}
        Body: b''
2026-02-19 12:14:12,636 123155 INFO     [tempest.lib.common.rest_client] Request (VolumeQuotasAdminTestJSON:_run_cleanups): 404 GET http://10.132.44.205/volume/v3/volumes/4b57ea8c-6b83-4647-8c95-eaa57c378b1a 0.051s
2026-02-19 12:14:12,636 123155 DEBUG    [tempest.lib.common.rest_client] Request - Headers: {'Content-Type': 'application/json', 'Accept': 'application/json', 'X-Auth-Token': '<omitted>'}
        Body: None
    Response - Headers: {'date': 'Thu, 19 Feb 2026 12:14:12 GMT', 'server': 'Apache/2.4.58 (Ubuntu)', 'openstack-api-version': 'volume 3.0', 'vary': 'OpenStack-API-Version', 'content-length': '109', 'content-type': 'application/json', 'x-compute-request-id': 'req-f88ef988-1c2c-404c-8023-55f5663707c5', 'x-openstack-request-id': 'req-f88ef988-1c2c-404c-8023-55f5663707c5', 'connection': 'close', 'status': '404', 'content-location': 'http://10.132.44.205/volume/v3/volumes/4b57ea8c-6b83-4647-8c95-eaa57c378b1a'}
        Body: b'{"itemNotFound": {"code": 404, "message": "Volume 4b57ea8c-6b83-4647-8c95-eaa57c378b1a could not be found."}}'


tempest.api.volume.admin.test_volume_quotas.VolumeQuotasAdminTestJSON.test_quota_usage_after_volume_transfer[id-8911036f-9d54-4720-80cc-a1c9796a8805]
-----------------------------------------------------------------------------------------------------------------------------------------------------

Captured traceback:
~~~~~~~~~~~~~~~~~~~
    Traceback (most recent call last):

      File "/opt/stack/tempest/tempest/api/volume/admin/test_volume_quotas.py", line 141, in test_quota_usage_after_volume_transfer
    volume = self.create_volume()
             ^^^^^^^^^^^^^^^^^^^^

      File "/opt/stack/tempest/tempest/api/volume/base.py", line 144, in create_volume
    waiters.wait_for_volume_resource_status(self.volumes_client,

      File "/opt/stack/tempest/tempest/common/waiters.py", line 379, in wait_for_volume_resource_status
    raise exceptions.VolumeResourceBuildErrorException(

    tempest.exceptions.VolumeResourceBuildErrorException: volume a00522ea-0422-44a1-a7c0-42f078019d39 failed to build and is in ERROR status


Captured pythonlogging:
~~~~~~~~~~~~~~~~~~~~~~~
    2026-02-19 12:14:13,000 123155 INFO     [tempest.lib.common.rest_client] Request (VolumeQuotasAdminTestJSON:test_quota_usage_after_volume_transfer): 202 POST http://10.132.44.205/volume/v3/volumes 0.358s
2026-02-19 12:14:13,001 123155 DEBUG    [tempest.lib.common.rest_client] Request - Headers: {'Content-Type': 'application/json', 'Accept': 'application/json', 'X-Auth-Token': '<omitted>'}
        Body: {"volume": {"size": 1, "name": "tempest-VolumeQuotasAdminTestJSON-Volume-1035950611"}}
    Response - Headers: {'date': 'Thu, 19 Feb 2026 12:14:12 GMT', 'server': 'Apache/2.4.58 (Ubuntu)', 'content-type': 'application/json', 'x-compute-request-id': 'req-796d09e0-da67-4b6d-9f12-89f561a47232', 'content-length': '760', 'openstack-api-version': 'volume 3.0', 'vary': 'OpenStack-API-Version', 'x-openstack-request-id': 'req-796d09e0-da67-4b6d-9f12-89f561a47232', 'connection': 'close', 'status': '202', 'content-location': 'http://10.132.44.205/volume/v3/volumes'}
        Body: b'{"volume": {"id": "a00522ea-0422-44a1-a7c0-42f078019d39", "status": "creating", "size": 1, "availability_zone": "nova", "created_at": "2026-02-19T12:14:12.887642", "updated_at": null, "name": "tempest-VolumeQuotasAdminTestJSON-Volume-1035950611", "description": null, "volume_type": "nvmetcp1", "snapshot_id": null, "source_volid": null, "metadata": {}, "links": [{"rel": "self", "href": "http://10.132.44.205/volume/v3/volumes/a00522ea-0422-44a1-a7c0-42f078019d39"}, {"rel": "bookmark", "href": "http://10.132.44.205/volume/volumes/a00522ea-0422-44a1-a7c0-42f078019d39"}], "user_id": "d004663be06e4b599a391b8078dc9fff", "bootable": "false", "encrypted": false, "replication_status": null, "consistencygroup_id": null, "multiattach": false, "attachments": []}}'
2026-02-19 12:14:13,088 123155 INFO     [tempest.lib.common.rest_client] Request (VolumeQuotasAdminTestJSON:test_quota_usage_after_volume_transfer): 200 GET http://10.132.44.205/volume/v3/volumes/a00522ea-0422-44a1-a7c0-42f078019d39 0.058s
2026-02-19 12:14:13,088 123155 DEBUG    [tempest.lib.common.rest_client] Request - Headers: {'Content-Type': 'application/json', 'Accept': 'application/json', 'X-Auth-Token': '<omitted>'}
        Body: None
    Response - Headers: {'date': 'Thu, 19 Feb 2026 12:14:13 GMT', 'server': 'Apache/2.4.58 (Ubuntu)', 'content-type': 'application/json', 'x-compute-request-id': 'req-004f8de0-1b12-4655-9858-788188e44b39', 'content-length': '828', 'openstack-api-version': 'volume 3.0', 'vary': 'OpenStack-API-Version', 'x-openstack-request-id': 'req-004f8de0-1b12-4655-9858-788188e44b39', 'connection': 'close', 'status': '200', 'content-location': 'http://10.132.44.205/volume/v3/volumes/a00522ea-0422-44a1-a7c0-42f078019d39'}
        Body: b'{"volume": {"id": "a00522ea-0422-44a1-a7c0-42f078019d39", "status": "creating", "size": 1, "availability_zone": "nova", "created_at": "2026-02-19T12:14:13.000000", "updated_at": null, "name": "tempest-VolumeQuotasAdminTestJSON-Volume-1035950611", "description": null, "volume_type": "nvmetcp1", "snapshot_id": null, "source_volid": null, "metadata": {}, "links": [{"rel": "self", "href": "http://10.132.44.205/volume/v3/volumes/a00522ea-0422-44a1-a7c0-42f078019d39"}, {"rel": "bookmark", "href": "http://10.132.44.205/volume/volumes/a00522ea-0422-44a1-a7c0-42f078019d39"}], "user_id": "d004663be06e4b599a391b8078dc9fff", "bootable": "false", "encrypted": false, "replication_status": null, "consistencygroup_id": null, "multiattach": false, "attachments": [], "os-vol-tenant-attr:tenant_id": "fdca944c0a6344d1b130ccfafbf085d7"}}'
2026-02-19 12:14:14,165 123155 INFO     [tempest.lib.common.rest_client] Request (VolumeQuotasAdminTestJSON:test_quota_usage_after_volume_transfer): 200 GET http://10.132.44.205/volume/v3/volumes/a00522ea-0422-44a1-a7c0-42f078019d39 0.062s
2026-02-19 12:14:14,166 123155 DEBUG    [tempest.lib.common.rest_client] Request - Headers: {'Content-Type': 'application/json', 'Accept': 'application/json', 'X-Auth-Token': '<omitted>'}
        Body: None
    Response - Headers: {'date': 'Thu, 19 Feb 2026 12:14:14 GMT', 'server': 'Apache/2.4.58 (Ubuntu
    )', 'content-type': 'application/json', 'x-compute-request-id': 'req-bb9c7566-965e-4cc9-b3b1-991934191775', 'content-length': '849', 'openstack-api-version': 'volume 3.0', 'vary': 'OpenStack-API-Version', 'x-openstack-request-id': 'req-bb9c7566-965e-4cc9-b3b1-991934191775', 'connection': 'close', 'status': '200', 'content-location': 'http://10.132.44.205/volume/v3/volumes/a00522ea-0422-44a1-a7c0-42f078019d39'}
        Body: b'{"volume": {"id": "a00522ea-0422-44a1-a7c0-42f078019d39", "status": "error", "size": 1, "availability_zone": "nova", "created_at": "2026-02-19T12:14:13.000000", "updated_at": "2026-02-19T12:14:13.000000", "name": "tempest-VolumeQuotasAdminTestJSON-Volume-1035950611", "description": null, "volume_type": "nvmetcp1", "snapshot_id": null, "source_volid": null, "metadata": {}, "links": [{"rel": "self", "href": "http://10.132.44.205/volume/v3/volumes/a00522ea-0422-44a1-a7c0-42f078019d39"}, {"rel": "bookmark", "href": "http://10.132.44.205/volume/volumes/a00522ea-0422-44a1-a7c0-42f078019d39"}], "user_id": "d004663be06e4b599a391b8078dc9fff", "bootable": "false", "encrypted": false, "replication_status": null, "consistencygroup_id": null, "multiattach": false, "attachments": [], "os-vol-tenant-attr:tenant_id": "fdca944c0a6344d1b130ccfafbf085d7"}}'
2026-02-19 12:14:14,259 123155 INFO     [tempest.lib.common.rest_client] Request (VolumeQuotasAdminTestJSON:_run_cleanups): 200 GET http://10.132.44.205/volume/v3/volumes/a00522ea-0422-44a1-a7c0-42f078019d39 0.067s
2026-02-19 12:14:14,260 123155 DEBUG    [tempest.lib.common.rest_client] Request - Headers: {'Content-Type': 'application/json', 'Accept': 'application/json', 'X-Auth-Token': '<omitted>'}
        Body: None
    Response - Headers: {'date': 'Thu, 19 Feb 2026 12:14:14 GMT', 'server': 'Apache/2.4.58 (Ubuntu)', 'content-type': 'application/json', 'x-compute-request-id': 'req-b663284a-b859-44d5-8923-030f5b580488', 'content-length': '849', 'openstack-api-version': 'volume 3.0', 'vary': 'OpenStack-API-Version', 'x-openstack-request-id': 'req-b663284a-b859-44d5-8923-030f5b580488', 'connection': 'close', 'status': '200', 'content-location': 'http://10.132.44.205/volume/v3/volumes/a00522ea-0422-44a1-a7c0-42f078019d39'}
        Body: b'{"volume": {"id": "a00522ea-0422-44a1-a7c0-42f078019d39", "status": "error", "size": 1, "availability_zone": "nova", "created_at": "2026-02-19T12:14:13.000000", "updated_at": "2026-02-19T12:14:13.000000", "name": "tempest-VolumeQuotasAdminTestJSON-Volume-1035950611", "description": null, "volume_type": "nvmetcp1", "snapshot_id": null, "source_volid": null, "metadata": {}, "links": [{"rel": "self", "href": "http://10.132.44.205/volume/v3/volumes/a00522ea-0422-44a1-a7c0-42f078019d39"}, {"rel": "bookmark", "href": "http://10.132.44.205/volume/volumes/a00522ea-0422-44a1-a7c0-42f078019d39"}], "user_id": "d004663be06e4b599a391b8078dc9fff", "bootable": "false", "encrypted": false, "replication_status": null, "consistencygroup_id": null, "multiattach": false, "attachments": [], "os-vol-tenant-attr:tenant_id": "fdca944c0a6344d1b130ccfafbf085d7"}}'
2026-02-19 12:14:14,469 123155 INFO     [tempest.lib.common.rest_client] Request (VolumeQuotasAdminTestJSON:_run_cleanups): 202 DELETE http://10.132.44.205/volume/v3/volumes/a00522ea-0422-44a1-a7c0-42f078019d39 0.171s
2026-02-19 12:14:14,470 123155 DEBUG    [tempest.lib.common.rest_client] Request - Headers: {'Content-Type': 'application/json', 'Accept': 'application/json', 'X-Auth-Token': '<omitted>'}
        Body: None
    Response - Headers: {'date': 'Thu, 19 Feb 2026 12:14:14 GMT', 'server': 'Apache/2.4.58 (Ubuntu)', 'content-length': '0', 'content-type': 'text/html; charset=UTF-8', 'openstack-api-version': 'volume 3.0', 'vary': 'OpenStack-API-Version', 'x-openstack-request-id': 'req-4f046416-d9f2-4569-b9c6-61ef31d68492', 'connection': 'close', 'status': '202', 'content-location': 'http://10.132.44.205/volume/v3/volumes/a00522ea-0422-44a1-a7c0-42f078019d39'}
        Body: b''
2026-02-19 12:14:14,502 123155 INFO     [tempest.lib.common.rest_client] Request (VolumeQuotasAdminTestJSON:_run_cleanups
    ): 404 GET http://10.132.44.205/volume/v3/volumes/a00522ea-0422-44a1-a7c0-42f078019d39 0.031s
2026-02-19 12:14:14,503 123155 DEBUG    [tempest.lib.common.rest_client] Request - Headers: {'Content-Type': 'application/json', 'Accept': 'application/json', 'X-Auth-Token': '<omitted>'}
        Body: None
    Response - Headers: {'date': 'Thu, 19 Feb 2026 12:14:14 GMT', 'server': 'Apache/2.4.58 (Ubuntu)', 'openstack-api-version': 'volume 3.0', 'vary': 'OpenStack-API-Version', 'content-length': '109', 'content-type': 'application/json', 'x-compute-request-id': 'req-99cf4d74-634e-417e-a844-fae10683e0c6', 'x-openstack-request-id': 'req-99cf4d74-634e-417e-a844-fae10683e0c6', 'connection': 'close', 'status': '404', 'content-location': 'http://10.132.44.205/volume/v3/volumes/a00522ea-0422-44a1-a7c0-42f078019d39'}
        Body: b'{"itemNotFound": {"code": 404, "message": "Volume a00522ea-0422-44a1-a7c0-42f078019d39 could not be found."}}'


setUpClass (tempest.api.volume.admin.test_volume_quotas_negative.VolumeQuotasNegativeTestJSON)
----------------------------------------------------------------------------------------------

Captured traceback:
~~~~~~~~~~~~~~~~~~~
    Traceback (most recent call last):

      File "/opt/stack/tempest/tempest/test.py", line 185, in setUpClass
    raise value.with_traceback(trace)

      File "/opt/stack/tempest/tempest/test.py", line 178, in setUpClass
    cls.resource_setup()

      File "/opt/stack/tempest/tempest/api/volume/admin/test_volume_quotas_negative.py", line 51, in resource_setup
    cls.volume = cls.create_volume()
                 ^^^^^^^^^^^^^^^^^^^

      File "/opt/stack/tempest/tempest/api/volume/base.py", line 144, in create_volume
    waiters.wait_for_volume_resource_status(self.volumes_client,

      File "/opt/stack/tempest/tempest/common/waiters.py", line 379, in wait_for_volume_resource_status
    raise exceptions.VolumeResourceBuildErrorException(

    tempest.exceptions.VolumeResourceBuildErrorException: volume 6c50fbdd-1112-4137-8c29-03f12efe9f66 failed to build and is in ERROR status


tempest.api.volume.admin.test_volume_retype.VolumeRetypeMultiattachTest.test_volume_retype_multiattach[id-c0521465-ed82-4d03-961d-a68d673a5051]
-----------------------------------------------------------------------------------------------------------------------------------------------

Captured traceback:
~~~~~~~~~~~~~~~~~~~
    Traceback (most recent call last):

      File "/opt/stack/tempest/tempest/api/volume/admin/test_volume_retype.py", line 247, in test_volume_retype_multiattach
    vol = self.create_volume(volume_type=self.src_vol_type['name'])
          ^^^^^^^^^^^^^^^^^^^^^^^^^^^^^^^^^^^^^^^^^^^^^^^^^^^^^^^^^

      File "/opt/stack/tempest/tempest/api/volume/base.py", line 144, in create_volume
    waiters.wait_for_volume_resource_status(self.volumes_client,

      File "/opt/stack/tempest/tempest/common/waiters.py", line 379, in wait_for_volume_resource_status
    raise exceptions.VolumeResourceBuildErrorException(

    tempest.exceptions.VolumeResourceBuildErrorException: volume ecc18093-8c8b-421d-9c4e-41efccbd2b64 failed to build and is in ERROR status


Captured pythonlogging:
~~~~~~~~~~~~~~~~~~~~~~~
    2026-02-19 12:14:28,172 123155 INFO     [tempest.lib.common.rest_client] Request (VolumeRetypeMultiattachTest:test_volume_retype_multiattach): 202 POST http://10.132.44.205/volume/v3/volumes 0.399s
2026-02-19 12:14:28,172 123155 DEBUG    [tempest.lib.common.rest_client] Request - Headers: {'Content-Type': 'application/json', 'Accept': 'application/json', 'Openstack-Api-Version': 'volume 3.50', 'X-Auth-Token': '<omitted>'}
        Body: {"volume": {"volume_type": "tempest-VolumeRetypeMultiattachTest-volume-type-1006656747", "size": 1, "name": "tempest-VolumeRetypeMultiattachTest-Volume-737866307"}}
    Response - Headers: {'date': 'Thu, 19 Feb 2026 12:14:27 GMT', 'server': 'Apache/2.4.58 (Ubuntu)', 'content-type': 'application/json', 'x-compute-request-id': 'req-89385c79-477b-4812-b195-788556300af0', 'content-length': '875', 'openstack-api-version': 'volume 3.50', 'vary': 'OpenStack-API-Version', 'x-openstack-request-id': 'req-89385c79-477b-4812-b195-788556300af0', 'connection': 'close', 'status': '202', 'content-location': 'http://10.132.44.205/volume/v3/volumes'}
        Body: b'{"volume": {"id": "ecc18093-8c8b-421d-9c4e-41efccbd2b64", "status": "creating", "size": 1, "availability_zone": "nova", "created_at": "2026-02-19T12:14:28.082576", "updated_at": null, "name": "tempest-VolumeRetypeMultiattachTest-Volume-737866307", "description": null, "volume_type": "tempest-VolumeRetypeMultiattachTest-volume-type-1006656747", "snapshot_id": null, "source_volid": null, "metadata": {}, "links": [{"rel": "self", "href": "http://10.132.44.205/volume/v3/volumes/ecc18093-8c8b-421d-9c4e-41efccbd2b64"}, {"rel": "bookmark", "href": "http://10.132.44.205/volume/volumes/ecc18093-8c8b-421d-9c4e-41efccbd2b64"}], "user_id": "3d7ec7be93f14176b838563c980fde1e", "bootable": "false", "encrypted": false, "replication_status": null, "consistencygroup_id": null, "multiattach": false, "attachments": [], "group_id": null, "shared_targets": true, "service_uuid": null}}'
2026-02-19 12:14:28,222 123155 INFO     [tempest.lib.common.rest_client] Request (VolumeRetypeMultiattachTest:test_volume_retype_multiattach): 200 GET http://10.132.44.205/volume/v3/volumes/ecc18093-8c8b-421d-9c4e-41efccbd2b64 0.035s
2026-02-19 12:14:28,223 123155 DEBUG    [tempest.lib.common.rest_client] Request - Headers: {'Content-Type': 'application/json', 'Accept': 'application/json', 'Openstack-Api-Version': 'volume 3.50', 'X-Auth-Token': '<omitted>'}
        Body: None
    Response - Headers: {'date': 'Thu, 19 Feb 2026 12:14:28 GMT', 'server': 'Apache/2.4.58 (Ubuntu)', 'content-type': 'application/json', 'x-compute-request-id': 'req-de6853d8-dbb8-4fda-9e30-14452da5e82a', 'content-length': '943', 'openstack-api-version': 'volume 3.50', 'vary': 'OpenStack-API-Version', 'x-openstack-request-id': 'req-de6853d8-dbb8-4fda-9e30-14452da5e82a', 'connection': 'close', 'status': '200', 'content-location': 'http://10.132.44.205/volume/v3/volumes/ecc18093-8c8b-421d-9c4e-41efccbd2b64'}
        Body: b'{"volume": {"id": "ecc18093-8c8b-421d-9c4e-41efccbd2b64", "status": "creating", "size": 1, "availability_zone": "nova", "created_at": "2026-02-19T12:14:28.000000", "updated_at": null, "name": "tempest-VolumeRetypeMultiattachTest-Volume-737866307", "description": null, "volume_type": "tempest-VolumeRetypeMultiattachTest-volume-type-1006656747", "snapshot_id": null, "source_volid": null, "metadata": {}, "links": [{"rel": "self", "href": "http://10.132.44.205/volume/v3/volumes/ecc18093-8c8b-421d-9c4e-41efccbd2b64"}, {"rel": "bookmark", "href": "http://10.132.44.205/volume/volumes/ecc18093-8c8b-421d-9c4e-41efccbd2b64"}], "user_id": "3d7ec7be93f14176b838563c980fde1e", "bootable": "false", "encrypted": false, "replication_status": null, "consistencygroup_id": null, "multiattach": false, "attachments": [], "group_id": null, "shared_targets": true, "service_uuid": null, "os-vol-tenant-attr:tenant_id": "8783d70e923241d19755af2699a55393"}}'
2026-02-19 12:14:29,294 123155 INFO     [tempest.lib.common.rest_client] Request (VolumeRetypeMultiattachTest:test_volume_retype_multiattach): 200 GET http://10.132.44
    .205/volume/v3/volumes/ecc18093-8c8b-421d-9c4e-41efccbd2b64 0.063s
2026-02-19 12:14:29,294 123155 DEBUG    [tempest.lib.common.rest_client] Request - Headers: {'Content-Type': 'application/json', 'Accept': 'application/json', 'Openstack-Api-Version': 'volume 3.50', 'X-Auth-Token': '<omitted>'}
        Body: None
    Response - Headers: {'date': 'Thu, 19 Feb 2026 12:14:29 GMT', 'server': 'Apache/2.4.58 (Ubuntu)', 'content-type': 'application/json', 'x-compute-request-id': 'req-4d5044a5-ff3d-4f87-aba0-2269851eb1a0', 'content-length': '964', 'openstack-api-version': 'volume 3.50', 'vary': 'OpenStack-API-Version', 'x-openstack-request-id': 'req-4d5044a5-ff3d-4f87-aba0-2269851eb1a0', 'connection': 'close', 'status': '200', 'content-location': 'http://10.132.44.205/volume/v3/volumes/ecc18093-8c8b-421d-9c4e-41efccbd2b64'}
        Body: b'{"volume": {"id": "ecc18093-8c8b-421d-9c4e-41efccbd2b64", "status": "error", "size": 1, "availability_zone": "nova", "created_at": "2026-02-19T12:14:28.000000", "updated_at": "2026-02-19T12:14:28.000000", "name": "tempest-VolumeRetypeMultiattachTest-Volume-737866307", "description": null, "volume_type": "tempest-VolumeRetypeMultiattachTest-volume-type-1006656747", "snapshot_id": null, "source_volid": null, "metadata": {}, "links": [{"rel": "self", "href": "http://10.132.44.205/volume/v3/volumes/ecc18093-8c8b-421d-9c4e-41efccbd2b64"}, {"rel": "bookmark", "href": "http://10.132.44.205/volume/volumes/ecc18093-8c8b-421d-9c4e-41efccbd2b64"}], "user_id": "3d7ec7be93f14176b838563c980fde1e", "bootable": "false", "encrypted": false, "replication_status": null, "consistencygroup_id": null, "multiattach": false, "attachments": [], "group_id": null, "shared_targets": true, "service_uuid": null, "os-vol-tenant-attr:tenant_id": "8783d70e923241d19755af2699a55393"}}'
2026-02-19 12:14:29,377 123155 INFO     [tempest.lib.common.rest_client] Request (VolumeRetypeMultiattachTest:_run_cleanups): 200 GET http://10.132.44.205/volume/v3/volumes/ecc18093-8c8b-421d-9c4e-41efccbd2b64 0.064s
2026-02-19 12:14:29,377 123155 DEBUG    [tempest.lib.common.rest_client] Request - Headers: {'Content-Type': 'application/json', 'Accept': 'application/json', 'Openstack-Api-Version': 'volume 3.50', 'X-Auth-Token': '<omitted>'}
        Body: None
    Response - Headers: {'date': 'Thu, 19 Feb 2026 12:14:29 GMT', 'server': 'Apache/2.4.58 (Ubuntu)', 'content-type': 'application/json', 'x-compute-request-id': 'req-c4ac9621-f3db-45dc-955d-ec55ba53f206', 'content-length': '964', 'openstack-api-version': 'volume 3.50', 'vary': 'OpenStack-API-Version', 'x-openstack-request-id': 'req-c4ac9621-f3db-45dc-955d-ec55ba53f206', 'connection': 'close', 'status': '200', 'content-location': 'http://10.132.44.205/volume/v3/volumes/ecc18093-8c8b-421d-9c4e-41efccbd2b64'}
        Body: b'{"volume": {"id": "ecc18093-8c8b-421d-9c4e-41efccbd2b64", "status": "error", "size": 1, "availability_zone": "nova", "created_at": "2026-02-19T12:14:28.000000", "updated_at": "2026-02-19T12:14:28.000000", "name": "tempest-VolumeRetypeMultiattachTest-Volume-737866307", "description": null, "volume_type": "tempest-VolumeRetypeMultiattachTest-volume-type-1006656747", "snapshot_id": null, "source_volid": null, "metadata": {}, "links": [{"rel": "self", "href": "http://10.132.44.205/volume/v3/volumes/ecc18093-8c8b-421d-9c4e-41efccbd2b64"}, {"rel": "bookmark", "href": "http://10.132.44.205/volume/volumes/ecc18093-8c8b-421d-9c4e-41efccbd2b64"}], "user_id": "3d7ec7be93f14176b838563c980fde1e", "bootable": "false", "encrypted": false, "replication_status": null, "consistencygroup_id": null, "multiattach": false, "attachments": [], "group_id": null, "shared_targets": true, "service_uuid": null, "os-vol-tenant-attr:tenant_id": "8783d70e923241d19755af2699a55393"}}'
2026-02-19 12:14:29,577 123155 INFO     [tempest.lib.common.rest_client] Request (VolumeRetypeMultiattachTest:_run_cleanups): 202 DELETE http://10.132.44.205/volume/v3/volumes/ecc18093-8c8b-421d-9c4e-41efccbd2b64 0.181s
2026-02-19 12:14:29,578 123155 DEBUG    [tempest.lib.common.rest_client] Request - Headers: {'Content-Type':
     'application/json', 'Accept': 'application/json', 'Openstack-Api-Version': 'volume 3.50', 'X-Auth-Token': '<omitted>'}
        Body: None
    Response - Headers: {'date': 'Thu, 19 Feb 2026 12:14:29 GMT', 'server': 'Apache/2.4.58 (Ubuntu)', 'content-length': '0', 'content-type': 'text/html; charset=UTF-8', 'openstack-api-version': 'volume 3.50', 'vary': 'OpenStack-API-Version', 'x-openstack-request-id': 'req-4fe78292-feba-45da-b360-a881658bf1b5', 'connection': 'close', 'status': '202', 'content-location': 'http://10.132.44.205/volume/v3/volumes/ecc18093-8c8b-421d-9c4e-41efccbd2b64'}
        Body: b''
2026-02-19 12:14:29,610 123155 INFO     [tempest.lib.common.rest_client] Request (VolumeRetypeMultiattachTest:_run_cleanups): 404 GET http://10.132.44.205/volume/v3/volumes/ecc18093-8c8b-421d-9c4e-41efccbd2b64 0.032s
2026-02-19 12:14:29,611 123155 DEBUG    [tempest.lib.common.rest_client] Request - Headers: {'Content-Type': 'application/json', 'Accept': 'application/json', 'Openstack-Api-Version': 'volume 3.50', 'X-Auth-Token': '<omitted>'}
        Body: None
    Response - Headers: {'date': 'Thu, 19 Feb 2026 12:14:29 GMT', 'server': 'Apache/2.4.58 (Ubuntu)', 'openstack-api-version': 'volume 3.50', 'vary': 'OpenStack-API-Version', 'content-length': '109', 'content-type': 'application/json', 'x-compute-request-id': 'req-8f83195a-aca1-4832-b28d-e05a6b5755e4', 'x-openstack-request-id': 'req-8f83195a-aca1-4832-b28d-e05a6b5755e4', 'connection': 'close', 'status': '404', 'content-location': 'http://10.132.44.205/volume/v3/volumes/ecc18093-8c8b-421d-9c4e-41efccbd2b64'}
        Body: b'{"itemNotFound": {"code": 404, "message": "Volume ecc18093-8c8b-421d-9c4e-41efccbd2b64 could not be found."}}'


tempest.api.volume.admin.test_volume_retype.VolumeRetypeWithoutMigrationTest.test_available_volume_retype[id-b90412ee-465d-46e9-b249-ec84a47d5f25]
--------------------------------------------------------------------------------------------------------------------------------------------------

Captured traceback:
~~~~~~~~~~~~~~~~~~~
    Traceback (most recent call last):

      File "/opt/stack/tempest/tempest/api/volume/admin/test_volume_retype.py", line 203, in test_available_volume_retype
    src_vol = self.create_volume(volume_type=self.src_vol_type['name'])
              ^^^^^^^^^^^^^^^^^^^^^^^^^^^^^^^^^^^^^^^^^^^^^^^^^^^^^^^^^

      File "/opt/stack/tempest/tempest/api/volume/base.py", line 144, in create_volume
    waiters.wait_for_volume_resource_status(self.volumes_client,

      File "/opt/stack/tempest/tempest/common/waiters.py", line 379, in wait_for_volume_resource_status
    raise exceptions.VolumeResourceBuildErrorException(

    tempest.exceptions.VolumeResourceBuildErrorException: volume 5608e1bb-70d9-4e59-881d-1dcf00989844 failed to build and is in ERROR status


Captured pythonlogging:
~~~~~~~~~~~~~~~~~~~~~~~
    2026-02-19 12:14:35,266 123155 INFO     [tempest.lib.common.rest_client] Request (VolumeRetypeWithoutMigrationTest:test_available_volume_retype): 202 POST http://10.132.44.205/volume/v3/volumes 0.474s
2026-02-19 12:14:35,266 123155 DEBUG    [tempest.lib.common.rest_client] Request - Headers: {'Content-Type': 'application/json', 'Accept': 'application/json', 'X-Auth-Token': '<omitted>'}
        Body: {"volume": {"volume_type": "volume-type-1", "size": 1, "name": "tempest-VolumeRetypeWithoutMigrationTest-Volume-1969381172"}}
    Response - Headers: {'date': 'Thu, 19 Feb 2026 12:14:34 GMT', 'server': 'Apache/2.4.58 (Ubuntu)', 'content-type': 'application/json', 'x-compute-request-id': 'req-06c973c9-9327-4480-a699-1d14df9c2073', 'content-length': '772', 'openstack-api-version': 'volume 3.0', 'vary': 'OpenStack-API-Version', 'x-openstack-request-id': 'req-06c973c9-9327-4480-a699-1d14df9c2073', 'connection': 'close', 'status': '202', 'content-location': 'http://10.132.44.205/volume/v3/volumes'}
        Body: b'{"volume": {"id": "5608e1bb-70d9-4e59-881d-1dcf00989844", "status": "creating", "size": 1, "availability_zone": "nova", "created_at": "2026-02-19T12:14:35.168417", "updated_at": null, "name": "tempest-VolumeRetypeWithoutMigrationTest-Volume-1969381172", "description": null, "volume_type": "volume-type-1", "snapshot_id": null, "source_volid": null, "metadata": {}, "links": [{"rel": "self", "href": "http://10.132.44.205/volume/v3/volumes/5608e1bb-70d9-4e59-881d-1dcf00989844"}, {"rel": "bookmark", "href": "http://10.132.44.205/volume/volumes/5608e1bb-70d9-4e59-881d-1dcf00989844"}], "user_id": "e895407eefa24c68a685b6b3b023ac34", "bootable": "false", "encrypted": false, "replication_status": null, "consistencygroup_id": null, "multiattach": false, "attachments": []}}'
2026-02-19 12:14:35,333 123155 INFO     [tempest.lib.common.rest_client] Request (VolumeRetypeWithoutMigrationTest:test_available_volume_retype): 200 GET http://10.132.44.205/volume/v3/volumes/5608e1bb-70d9-4e59-881d-1dcf00989844 0.050s
2026-02-19 12:14:35,334 123155 DEBUG    [tempest.lib.common.rest_client] Request - Headers: {'Content-Type': 'application/json', 'Accept': 'application/json', 'X-Auth-Token': '<omitted>'}
        Body: None
    Response - Headers: {'date': 'Thu, 19 Feb 2026 12:14:35 GMT', 'server': 'Apache/2.4.58 (Ubuntu)', 'content-type': 'application/json', 'x-compute-request-id': 'req-fe909a61-9ff9-498f-915e-cade164215e5', 'content-length': '840', 'openstack-api-version': 'volume 3.0', 'vary': 'OpenStack-API-Version', 'x-openstack-request-id': 'req-fe909a61-9ff9-498f-915e-cade164215e5', 'connection': 'close', 'status': '200', 'content-location': 'http://10.132.44.205/volume/v3/volumes/5608e1bb-70d9-4e59-881d-1dcf00989844'}
        Body: b'{"volume": {"id": "5608e1bb-70d9-4e59-881d-1dcf00989844", "status": "creating", "size": 1, "availability_zone": "nova", "created_at": "2026-02-19T12:14:35.000000", "updated_at": null, "name": "tempest-VolumeRetypeWithoutMigrationTest-Volume-1969381172", "description": null, "volume_type": "volume-type-1", "snapshot_id": null, "source_volid": null, "metadata": {}, "links": [{"rel": "self", "href": "http://10.132.44.205/volume/v3/volumes/5608e1bb-70d9-4e59-881d-1dcf00989844"}, {"rel": "bookmark", "href": "http://10.132.44.205/volume/volumes/5608e1bb-70d9-4e59-881d-1dcf00989844"}], "user_id": "e895407eefa24c68a685b6b3b023ac34", "bootable": "false", "encrypted": false, "replication_status": null, "consistencygroup_id": null, "multiattach": false, "attachments": [], "os-vol-tenant-attr:tenant_id": "b287b3cc1de14046bbf12db914b644a0"}}'
2026-02-19 12:14:36,408 123155 INFO     [tempest.lib.common.rest_client] Request (VolumeRetypeWithoutMigrationTest:test_available_volume_retype): 200 GET http://10.132.44.205/volume/v3/volumes/5608e1bb-70d9-4e59-881d-1dcf00989844 0.060s
2026-02-19 12:14:36,408 123155 DEBUG    [tempest.lib.common.rest_client] Request - Headers: {'Content-Type': 'application/json', 'Accept': 'application/json', 'X-Auth-Token': '<omitted>'}
        Body: None
    Response - Headers: {'date': 'Thu, 19 Fe
    b 2026 12:14:36 GMT', 'server': 'Apache/2.4.58 (Ubuntu)', 'content-type': 'application/json', 'x-compute-request-id': 'req-63e2fc3d-4ea4-4afe-b0a6-3fb7b47eaead', 'content-length': '861', 'openstack-api-version': 'volume 3.0', 'vary': 'OpenStack-API-Version', 'x-openstack-request-id': 'req-63e2fc3d-4ea4-4afe-b0a6-3fb7b47eaead', 'connection': 'close', 'status': '200', 'content-location': 'http://10.132.44.205/volume/v3/volumes/5608e1bb-70d9-4e59-881d-1dcf00989844'}
        Body: b'{"volume": {"id": "5608e1bb-70d9-4e59-881d-1dcf00989844", "status": "error", "size": 1, "availability_zone": "nova", "created_at": "2026-02-19T12:14:35.000000", "updated_at": "2026-02-19T12:14:35.000000", "name": "tempest-VolumeRetypeWithoutMigrationTest-Volume-1969381172", "description": null, "volume_type": "volume-type-1", "snapshot_id": null, "source_volid": null, "metadata": {}, "links": [{"rel": "self", "href": "http://10.132.44.205/volume/v3/volumes/5608e1bb-70d9-4e59-881d-1dcf00989844"}, {"rel": "bookmark", "href": "http://10.132.44.205/volume/volumes/5608e1bb-70d9-4e59-881d-1dcf00989844"}], "user_id": "e895407eefa24c68a685b6b3b023ac34", "bootable": "false", "encrypted": false, "replication_status": null, "consistencygroup_id": null, "multiattach": false, "attachments": [], "os-vol-tenant-attr:tenant_id": "b287b3cc1de14046bbf12db914b644a0"}}'
2026-02-19 12:14:36,488 123155 INFO     [tempest.lib.common.rest_client] Request (VolumeRetypeWithoutMigrationTest:_run_cleanups): 200 GET http://10.132.44.205/volume/v3/volumes/5608e1bb-70d9-4e59-881d-1dcf00989844 0.061s
2026-02-19 12:14:36,489 123155 DEBUG    [tempest.lib.common.rest_client] Request - Headers: {'Content-Type': 'application/json', 'Accept': 'application/json', 'X-Auth-Token': '<omitted>'}
        Body: None
    Response - Headers: {'date': 'Thu, 19 Feb 2026 12:14:36 GMT', 'server': 'Apache/2.4.58 (Ubuntu)', 'content-type': 'application/json', 'x-compute-request-id': 'req-c8624968-4cfb-4ed3-ba9e-e1984534ade7', 'content-length': '861', 'openstack-api-version': 'volume 3.0', 'vary': 'OpenStack-API-Version', 'x-openstack-request-id': 'req-c8624968-4cfb-4ed3-ba9e-e1984534ade7', 'connection': 'close', 'status': '200', 'content-location': 'http://10.132.44.205/volume/v3/volumes/5608e1bb-70d9-4e59-881d-1dcf00989844'}
        Body: b'{"volume": {"id": "5608e1bb-70d9-4e59-881d-1dcf00989844", "status": "error", "size": 1, "availability_zone": "nova", "created_at": "2026-02-19T12:14:35.000000", "updated_at": "2026-02-19T12:14:35.000000", "name": "tempest-VolumeRetypeWithoutMigrationTest-Volume-1969381172", "description": null, "volume_type": "volume-type-1", "snapshot_id": null, "source_volid": null, "metadata": {}, "links": [{"rel": "self", "href": "http://10.132.44.205/volume/v3/volumes/5608e1bb-70d9-4e59-881d-1dcf00989844"}, {"rel": "bookmark", "href": "http://10.132.44.205/volume/volumes/5608e1bb-70d9-4e59-881d-1dcf00989844"}], "user_id": "e895407eefa24c68a685b6b3b023ac34", "bootable": "false", "encrypted": false, "replication_status": null, "consistencygroup_id": null, "multiattach": false, "attachments": [], "os-vol-tenant-attr:tenant_id": "b287b3cc1de14046bbf12db914b644a0"}}'
2026-02-19 12:14:36,672 123155 INFO     [tempest.lib.common.rest_client] Request (VolumeRetypeWithoutMigrationTest:_run_cleanups): 202 DELETE http://10.132.44.205/volume/v3/volumes/5608e1bb-70d9-4e59-881d-1dcf00989844 0.168s
2026-02-19 12:14:36,673 123155 DEBUG    [tempest.lib.common.rest_client] Request - Headers: {'Content-Type': 'application/json', 'Accept': 'application/json', 'X-Auth-Token': '<omitted>'}
        Body: None
    Response - Headers: {'date': 'Thu, 19 Feb 2026 12:14:36 GMT', 'server': 'Apache/2.4.58 (Ubuntu)', 'content-length': '0', 'content-type': 'text/html; charset=UTF-8', 'openstack-api-version': 'volume 3.0', 'vary': 'OpenStack-API-Version', 'x-openstack-request-id': 'req-756b7bae-2bf0-4a66-9fa3-8af54f12e68f', 'connection': 'close', 'status': '202', 'content-location': 'http://10.132.44.205/volume/v3/volumes/5608e1bb-70d9-4e59-881d-1dcf00989844'}
        Body: b''
2026-02-19 12:14:36,707 12315
    5 INFO     [tempest.lib.common.rest_client] Request (VolumeRetypeWithoutMigrationTest:_run_cleanups): 404 GET http://10.132.44.205/volume/v3/volumes/5608e1bb-70d9-4e59-881d-1dcf00989844 0.033s
2026-02-19 12:14:36,708 123155 DEBUG    [tempest.lib.common.rest_client] Request - Headers: {'Content-Type': 'application/json', 'Accept': 'application/json', 'X-Auth-Token': '<omitted>'}
        Body: None
    Response - Headers: {'date': 'Thu, 19 Feb 2026 12:14:36 GMT', 'server': 'Apache/2.4.58 (Ubuntu)', 'openstack-api-version': 'volume 3.0', 'vary': 'OpenStack-API-Version', 'content-length': '109', 'content-type': 'application/json', 'x-compute-request-id': 'req-a24b4dd7-0bb9-4570-ab55-004030f78071', 'x-openstack-request-id': 'req-a24b4dd7-0bb9-4570-ab55-004030f78071', 'connection': 'close', 'status': '404', 'content-location': 'http://10.132.44.205/volume/v3/volumes/5608e1bb-70d9-4e59-881d-1dcf00989844'}
        Body: b'{"itemNotFound": {"code": 404, "message": "Volume 5608e1bb-70d9-4e59-881d-1dcf00989844 could not be found."}}'


tempest.api.volume.admin.test_volume_services.VolumesServicesTestJSON.test_get_service_by_volume_host_name[id-67ec6902-f91d-4dec-91fa-338523208bbc]
---------------------------------------------------------------------------------------------------------------------------------------------------

Captured traceback:
~~~~~~~~~~~~~~~~~~~
    Traceback (most recent call last):

      File "/opt/stack/tempest/tempest/api/volume/admin/test_volume_services.py", line 76, in test_get_service_by_volume_host_name
    volume_id = self.create_volume()['id']
                ^^^^^^^^^^^^^^^^^^^^

      File "/opt/stack/tempest/tempest/api/volume/base.py", line 144, in create_volume
    waiters.wait_for_volume_resource_status(self.volumes_client,

      File "/opt/stack/tempest/tempest/common/waiters.py", line 379, in wait_for_volume_resource_status
    raise exceptions.VolumeResourceBuildErrorException(

    tempest.exceptions.VolumeResourceBuildErrorException: volume 2cc855c2-e023-4467-873a-c9ef92ef1d99 failed to build and is in ERROR status


Captured pythonlogging:
~~~~~~~~~~~~~~~~~~~~~~~
    2026-02-19 12:14:42,372 123155 INFO     [tempest.lib.common.rest_client] Request (VolumesServicesTestJSON:test_get_service_by_volume_host_name): 202 POST http://10.132.44.205/volume/v3/volumes 0.493s
2026-02-19 12:14:42,372 123155 DEBUG    [tempest.lib.common.rest_client] Request - Headers: {'Content-Type': 'application/json', 'Accept': 'application/json', 'X-Auth-Token': '<omitted>'}
        Body: {"volume": {"size": 1, "name": "tempest-VolumesServicesTestJSON-Volume-2021832634"}}
    Response - Headers: {'date': 'Thu, 19 Feb 2026 12:14:41 GMT', 'server': 'Apache/2.4.58 (Ubuntu)', 'content-type': 'application/json', 'x-compute-request-id': 'req-97768a51-0975-46ec-8092-b269a0c799df', 'content-length': '758', 'openstack-api-version': 'volume 3.0', 'vary': 'OpenStack-API-Version', 'x-openstack-request-id': 'req-97768a51-0975-46ec-8092-b269a0c799df', 'connection': 'close', 'status': '202', 'content-location': 'http://10.132.44.205/volume/v3/volumes'}
        Body: b'{"volume": {"id": "2cc855c2-e023-4467-873a-c9ef92ef1d99", "status": "creating", "size": 1, "availability_zone": "nova", "created_at": "2026-02-19T12:14:42.265384", "updated_at": null, "name": "tempest-VolumesServicesTestJSON-Volume-2021832634", "description": null, "volume_type": "nvmetcp1", "snapshot_id": null, "source_volid": null, "metadata": {}, "links": [{"rel": "self", "href": "http://10.132.44.205/volume/v3/volumes/2cc855c2-e023-4467-873a-c9ef92ef1d99"}, {"rel": "bookmark", "href": "http://10.132.44.205/volume/volumes/2cc855c2-e023-4467-873a-c9ef92ef1d99"}], "user_id": "b52bc09704114cdf9640e842793a1af4", "bootable": "false", "encrypted": false, "replication_status": null, "consistencygroup_id": null, "multiattach": false, "attachments": []}}'
2026-02-19 12:14:42,458 123155 INFO     [tempest.lib.common.rest_client] Request (VolumesServicesTestJSON:test_get_service_by_volume_host_name): 200 GET http://10.132.44.205/volume/v3/volumes/2cc855c2-e023-4467-873a-c9ef92ef1d99 0.058s
2026-02-19 12:14:42,459 123155 DEBUG    [tempest.lib.common.rest_client] Request - Headers: {'Content-Type': 'application/json', 'Accept': 'application/json', 'X-Auth-Token': '<omitted>'}
        Body: None
    Response - Headers: {'date': 'Thu, 19 Feb 2026 12:14:42 GMT', 'server': 'Apache/2.4.58 (Ubuntu)', 'content-type': 'application/json', 'x-compute-request-id': 'req-4b730e1d-76bf-45ea-b32b-adf65d3b9db4', 'content-length': '826', 'openstack-api-version': 'volume 3.0', 'vary': 'OpenStack-API-Version', 'x-openstack-request-id': 'req-4b730e1d-76bf-45ea-b32b-adf65d3b9db4', 'connection': 'close', 'status': '200', 'content-location': 'http://10.132.44.205/volume/v3/volumes/2cc855c2-e023-4467-873a-c9ef92ef1d99'}
        Body: b'{"volume": {"id": "2cc855c2-e023-4467-873a-c9ef92ef1d99", "status": "creating", "size": 1, "availability_zone": "nova", "created_at": "2026-02-19T12:14:42.000000", "updated_at": null, "name": "tempest-VolumesServicesTestJSON-Volume-2021832634", "description": null, "volume_type": "nvmetcp1", "snapshot_id": null, "source_volid": null, "metadata": {}, "links": [{"rel": "self", "href": "http://10.132.44.205/volume/v3/volumes/2cc855c2-e023-4467-873a-c9ef92ef1d99"}, {"rel": "bookmark", "href": "http://10.132.44.205/volume/volumes/2cc855c2-e023-4467-873a-c9ef92ef1d99"}], "user_id": "b52bc09704114cdf9640e842793a1af4", "bootable": "false", "encrypted": false, "replication_status": null, "consistencygroup_id": null, "multiattach": false, "attachments": [], "os-vol-tenant-attr:tenant_id": "5a4d4c7761584880aa9a164380755cfd"}}'
2026-02-19 12:14:43,553 123155 INFO     [tempest.lib.common.rest_client] Request (VolumesServicesTestJSON:test_get_service_by_volume_host_name): 200 GET http://10.132.44.205/volume/v3/volumes/2cc855c2-e023-4467-873a-c9ef92ef1d99 0.061s
2026-02-19 12:14:43,554 123155 DEBUG    [tempest.lib.common.rest_client] Request - Headers: {'Content-Type': 'application/json', 'Accept': 'application/json', 'X-Auth-Token': '<omitted>'}
        Body: None
    Response - Headers: {'date': 'Thu, 19 Feb 2026 12:14:43 GMT', 'server': 'Apache/2.4.58 (Ubuntu)', 'content-type'
    : 'application/json', 'x-compute-request-id': 'req-b1a7236b-7946-4d57-a46a-7e1989561261', 'content-length': '847', 'openstack-api-version': 'volume 3.0', 'vary': 'OpenStack-API-Version', 'x-openstack-request-id': 'req-b1a7236b-7946-4d57-a46a-7e1989561261', 'connection': 'close', 'status': '200', 'content-location': 'http://10.132.44.205/volume/v3/volumes/2cc855c2-e023-4467-873a-c9ef92ef1d99'}
        Body: b'{"volume": {"id": "2cc855c2-e023-4467-873a-c9ef92ef1d99", "status": "error", "size": 1, "availability_zone": "nova", "created_at": "2026-02-19T12:14:42.000000", "updated_at": "2026-02-19T12:14:42.000000", "name": "tempest-VolumesServicesTestJSON-Volume-2021832634", "description": null, "volume_type": "nvmetcp1", "snapshot_id": null, "source_volid": null, "metadata": {}, "links": [{"rel": "self", "href": "http://10.132.44.205/volume/v3/volumes/2cc855c2-e023-4467-873a-c9ef92ef1d99"}, {"rel": "bookmark", "href": "http://10.132.44.205/volume/volumes/2cc855c2-e023-4467-873a-c9ef92ef1d99"}], "user_id": "b52bc09704114cdf9640e842793a1af4", "bootable": "false", "encrypted": false, "replication_status": null, "consistencygroup_id": null, "multiattach": false, "attachments": [], "os-vol-tenant-attr:tenant_id": "5a4d4c7761584880aa9a164380755cfd"}}'
2026-02-19 12:14:43,632 123155 INFO     [tempest.lib.common.rest_client] Request (VolumesServicesTestJSON:_run_cleanups): 200 GET http://10.132.44.205/volume/v3/volumes/2cc855c2-e023-4467-873a-c9ef92ef1d99 0.057s
2026-02-19 12:14:43,632 123155 DEBUG    [tempest.lib.common.rest_client] Request - Headers: {'Content-Type': 'application/json', 'Accept': 'application/json', 'X-Auth-Token': '<omitted>'}
        Body: None
    Response - Headers: {'date': 'Thu, 19 Feb 2026 12:14:43 GMT', 'server': 'Apache/2.4.58 (Ubuntu)', 'content-type': 'application/json', 'x-compute-request-id': 'req-e8e738d9-50f0-4c43-92dd-505c1555c269', 'content-length': '847', 'openstack-api-version': 'volume 3.0', 'vary': 'OpenStack-API-Version', 'x-openstack-request-id': 'req-e8e738d9-50f0-4c43-92dd-505c1555c269', 'connection': 'close', 'status': '200', 'content-location': 'http://10.132.44.205/volume/v3/volumes/2cc855c2-e023-4467-873a-c9ef92ef1d99'}
        Body: b'{"volume": {"id": "2cc855c2-e023-4467-873a-c9ef92ef1d99", "status": "error", "size": 1, "availability_zone": "nova", "created_at": "2026-02-19T12:14:42.000000", "updated_at": "2026-02-19T12:14:42.000000", "name": "tempest-VolumesServicesTestJSON-Volume-2021832634", "description": null, "volume_type": "nvmetcp1", "snapshot_id": null, "source_volid": null, "metadata": {}, "links": [{"rel": "self", "href": "http://10.132.44.205/volume/v3/volumes/2cc855c2-e023-4467-873a-c9ef92ef1d99"}, {"rel": "bookmark", "href": "http://10.132.44.205/volume/volumes/2cc855c2-e023-4467-873a-c9ef92ef1d99"}], "user_id": "b52bc09704114cdf9640e842793a1af4", "bootable": "false", "encrypted": false, "replication_status": null, "consistencygroup_id": null, "multiattach": false, "attachments": [], "os-vol-tenant-attr:tenant_id": "5a4d4c7761584880aa9a164380755cfd"}}'
2026-02-19 12:14:43,809 123155 INFO     [tempest.lib.common.rest_client] Request (VolumesServicesTestJSON:_run_cleanups): 202 DELETE http://10.132.44.205/volume/v3/volumes/2cc855c2-e023-4467-873a-c9ef92ef1d99 0.159s
2026-02-19 12:14:43,810 123155 DEBUG    [tempest.lib.common.rest_client] Request - Headers: {'Content-Type': 'application/json', 'Accept': 'application/json', 'X-Auth-Token': '<omitted>'}
        Body: None
    Response - Headers: {'date': 'Thu, 19 Feb 2026 12:14:43 GMT', 'server': 'Apache/2.4.58 (Ubuntu)', 'content-length': '0', 'content-type': 'text/html; charset=UTF-8', 'openstack-api-version': 'volume 3.0', 'vary': 'OpenStack-API-Version', 'x-openstack-request-id': 'req-1dd754f7-5d3a-4a26-9337-4ef8e00675a0', 'connection': 'close', 'status': '202', 'content-location': 'http://10.132.44.205/volume/v3/volumes/2cc855c2-e023-4467-873a-c9ef92ef1d99'}
        Body: b''
2026-02-19 12:14:43,842 123155 INFO     [tempest.lib.common.rest_client] Request (VolumesServicesTestJSON:_run_cleanups): 404 GET http://10.132.44.
    205/volume/v3/volumes/2cc855c2-e023-4467-873a-c9ef92ef1d99 0.031s
2026-02-19 12:14:43,843 123155 DEBUG    [tempest.lib.common.rest_client] Request - Headers: {'Content-Type': 'application/json', 'Accept': 'application/json', 'X-Auth-Token': '<omitted>'}
        Body: None
    Response - Headers: {'date': 'Thu, 19 Feb 2026 12:14:43 GMT', 'server': 'Apache/2.4.58 (Ubuntu)', 'openstack-api-version': 'volume 3.0', 'vary': 'OpenStack-API-Version', 'content-length': '109', 'content-type': 'application/json', 'x-compute-request-id': 'req-db3359ff-fc48-4a53-bce1-916d169a1d1f', 'x-openstack-request-id': 'req-db3359ff-fc48-4a53-bce1-916d169a1d1f', 'connection': 'close', 'status': '404', 'content-location': 'http://10.132.44.205/volume/v3/volumes/2cc855c2-e023-4467-873a-c9ef92ef1d99'}
        Body: b'{"itemNotFound": {"code": 404, "message": "Volume 2cc855c2-e023-4467-873a-c9ef92ef1d99 could not be found."}}'


setUpClass (tempest.api.volume.admin.test_volume_snapshot_quotas_negative.VolumeSnapshotQuotasNegativeTestJSON)
---------------------------------------------------------------------------------------------------------------

Captured traceback:
~~~~~~~~~~~~~~~~~~~
    Traceback (most recent call last):

      File "/opt/stack/tempest/tempest/test.py", line 185, in setUpClass
    raise value.with_traceback(trace)

      File "/opt/stack/tempest/tempest/test.py", line 178, in setUpClass
    cls.resource_setup()

      File "/opt/stack/tempest/tempest/api/volume/admin/test_volume_snapshot_quotas_negative.py", line 65, in resource_setup
    cls.volume = cls.create_volume()
                 ^^^^^^^^^^^^^^^^^^^

      File "/opt/stack/tempest/tempest/api/volume/base.py", line 144, in create_volume
    waiters.wait_for_volume_resource_status(self.volumes_client,

      File "/opt/stack/tempest/tempest/common/waiters.py", line 379, in wait_for_volume_resource_status
    raise exceptions.VolumeResourceBuildErrorException(

    tempest.exceptions.VolumeResourceBuildErrorException: volume fd655e0b-22c8-4884-9efa-2130beed0b39 failed to build and is in ERROR status


tempest.api.volume.admin.test_volume_type_access.VolumeTypesAccessTest.test_volume_type_access_add[id-d4dd0027-835f-4554-a6e5-50903fb79184]
-------------------------------------------------------------------------------------------------------------------------------------------

Captured traceback:
~~~~~~~~~~~~~~~~~~~
    Traceback (most recent call last):

      File "/opt/stack/tempest/tempest/api/volume/admin/test_volume_type_access.py", line 51, in test_volume_type_access_add
    volume = self.create_volume(volume_type=volume_type['id'])
             ^^^^^^^^^^^^^^^^^^^^^^^^^^^^^^^^^^^^^^^^^^^^^^^^^

      File "/opt/stack/tempest/tempest/api/volume/base.py", line 144, in create_volume
    waiters.wait_for_volume_resource_status(self.volumes_client,

      File "/opt/stack/tempest/tempest/common/waiters.py", line 379, in wait_for_volume_resource_status
    raise exceptions.VolumeResourceBuildErrorException(

    tempest.exceptions.VolumeResourceBuildErrorException: volume 902daa3f-ab37-4ed5-b653-601effb1e89c failed to build and is in ERROR status


Captured pythonlogging:
~~~~~~~~~~~~~~~~~~~~~~~
    2026-02-19 12:15:01,903 123155 INFO     [tempest.lib.common.rest_client] Request (VolumeTypesAccessTest:test_volume_type_access_add): 200 POST http://10.132.44.205/volume/v3/types 0.198s
2026-02-19 12:15:01,903 123155 DEBUG    [tempest.lib.common.rest_client] Request - Headers: {'Content-Type': 'application/json', 'Accept': 'application/json', 'X-Auth-Token': '<omitted>'}
        Body: {"volume_type": {"name": "tempest-VolumeTypesAccessTest-volume-type-45453125", "os-volume-type-access:is_public": false}}
    Response - Headers: {'date': 'Thu, 19 Feb 2026 12:15:01 GMT', 'server': 'Apache/2.4.58 (Ubuntu)', 'content-type': 'application/json', 'x-compute-request-id': 'req-0fdf171f-a262-464a-ae7f-442d411abd19', 'content-length': '227', 'openstack-api-version': 'volume 3.0', 'vary': 'OpenStack-API-Version', 'x-openstack-request-id': 'req-0fdf171f-a262-464a-ae7f-442d411abd19', 'connection': 'close', 'status': '200', 'content-location': 'http://10.132.44.205/volume/v3/types'}
        Body: b'{"volume_type": {"id": "52744623-3382-4348-8f9b-ea197175b3d6", "name": "tempest-VolumeTypesAccessTest-volume-type-45453125", "is_public": false, "extra_specs": {}, "description": null, "os-volume-type-access:is_public": false}}'
2026-02-19 12:15:02,116 123155 INFO     [tempest.lib.common.rest_client] Request (VolumeTypesAccessTest:test_volume_type_access_add): 404 POST http://10.132.44.205/volume/v3/volumes 0.209s
2026-02-19 12:15:02,116 123155 DEBUG    [tempest.lib.common.rest_client] Request - Headers: {'Content-Type': 'application/json', 'Accept': 'application/json', 'X-Auth-Token': '<omitted>'}
        Body: {"volume": {"volume_type": "52744623-3382-4348-8f9b-ea197175b3d6", "size": 1}}
    Response - Headers: {'date': 'Thu, 19 Feb 2026 12:15:01 GMT', 'server': 'Apache/2.4.58 (Ubuntu)', 'openstack-api-version': 'volume 3.0', 'vary': 'OpenStack-API-Version', 'content-length': '114', 'content-type': 'application/json', 'x-compute-request-id': 'req-e219d923-8fea-45f6-bdae-97bef4d8aa5c', 'x-openstack-request-id': 'req-e219d923-8fea-45f6-bdae-97bef4d8aa5c', 'connection': 'close', 'status': '404', 'content-location': 'http://10.132.44.205/volume/v3/volumes'}
        Body: b'{"itemNotFound": {"code": 404, "message": "Volume type 52744623-3382-4348-8f9b-ea197175b3d6 could not be found."}}'
2026-02-19 12:15:02,117 123155 WARNING  [tempest.lib.common.rest_client] Deprecated: "tenant_id" property is deprecated for removal, use "project_id" instead
2026-02-19 12:15:02,152 123155 INFO     [tempest.lib.common.rest_client] Request (VolumeTypesAccessTest:test_volume_type_access_add): 202 POST http://10.132.44.205/volume/v3/types/52744623-3382-4348-8f9b-ea197175b3d6/action 0.034s
2026-02-19 12:15:02,152 123155 DEBUG    [tempest.lib.common.rest_client] Request - Headers: {'Content-Type': 'application/json', 'Accept': 'application/json', 'X-Auth-Token': '<omitted>'}
        Body: {"addProjectAccess": {"project": "58f5d2ce4a8d457a815abe077ec1896c"}}
    Response - Headers: {'date': 'Thu, 19 Feb 2026 12:15:02 GMT', 'server': 'Apache/2.4.58 (Ubuntu)', 'content-length': '0', 'content-type': 'text/html; charset=UTF-8', 'openstack-api-version': 'volume 3.0', 'vary': 'OpenStack-API-Version', 'x-openstack-request-id': 'req-d6e5a67d-2edf-47cd-bd5d-e2847a71e7ba', 'connection': 'close', 'status': '202', 'content-location': 'http://10.132.44.205/volume/v3/types/52744623-3382-4348-8f9b-ea197175b3d6/action'}
        Body: b''
2026-02-19 12:15:02,485 123155 INFO     [tempest.lib.common.rest_client] Request (VolumeTypesAccessTest:test_volume_type_access_add): 202 POST http://10.132.44.205/volume/v3/volumes 0.332s
2026-02-19 12:15:02,485 123155 DEBUG    [tempest.lib.common.rest_client] Request - Headers: {'Content-Type': 'application/json', 'Accept': 'application/json', 'X-Auth-Token': '<omitted>'}
        Body: {"volume": {"volume_type": "52744623-3382-4348-8f9b-ea197175b3d6", "size": 1, "name": "tempest-VolumeTypesAccessTest-Volume-72280765"}}
    Response - Headers: {'date': 'Thu, 19 Feb 2026 12:15:02 GMT', 'server': 'Apache/2.4.58 (Ubuntu)', 'content-type': 'applicatio
    n/json', 'x-compute-request-id': 'req-865a3cce-9414-4e57-86fc-69b7108a996d', 'content-length': '796', 'openstack-api-version': 'volume 3.0', 'vary': 'OpenStack-API-Version', 'x-openstack-request-id': 'req-865a3cce-9414-4e57-86fc-69b7108a996d', 'connection': 'close', 'status': '202', 'content-location': 'http://10.132.44.205/volume/v3/volumes'}
        Body: b'{"volume": {"id": "902daa3f-ab37-4ed5-b653-601effb1e89c", "status": "creating", "size": 1, "availability_zone": "nova", "created_at": "2026-02-19T12:15:02.377461", "updated_at": null, "name": "tempest-VolumeTypesAccessTest-Volume-72280765", "description": null, "volume_type": "tempest-VolumeTypesAccessTest-volume-type-45453125", "snapshot_id": null, "source_volid": null, "metadata": {}, "links": [{"rel": "self", "href": "http://10.132.44.205/volume/v3/volumes/902daa3f-ab37-4ed5-b653-601effb1e89c"}, {"rel": "bookmark", "href": "http://10.132.44.205/volume/volumes/902daa3f-ab37-4ed5-b653-601effb1e89c"}], "user_id": "b32142230cbc44ef9b7ead073fe1c079", "bootable": "false", "encrypted": false, "replication_status": null, "consistencygroup_id": null, "multiattach": false, "attachments": []}}'
2026-02-19 12:15:02,561 123155 INFO     [tempest.lib.common.rest_client] Request (VolumeTypesAccessTest:test_volume_type_access_add): 200 GET http://10.132.44.205/volume/v3/volumes/902daa3f-ab37-4ed5-b653-601effb1e89c 0.060s
2026-02-19 12:15:02,562 123155 DEBUG    [tempest.lib.common.rest_client] Request - Headers: {'Content-Type': 'application/json', 'Accept': 'application/json', 'X-Auth-Token': '<omitted>'}
        Body: None
    Response - Headers: {'date': 'Thu, 19 Feb 2026 12:15:02 GMT', 'server': 'Apache/2.4.58 (Ubuntu)', 'content-type': 'application/json', 'x-compute-request-id': 'req-39cc0686-79f3-444a-8928-a6cce5046e6b', 'content-length': '864', 'openstack-api-version': 'volume 3.0', 'vary': 'OpenStack-API-Version', 'x-openstack-request-id': 'req-39cc0686-79f3-444a-8928-a6cce5046e6b', 'connection': 'close', 'status': '200', 'content-location': 'http://10.132.44.205/volume/v3/volumes/902daa3f-ab37-4ed5-b653-601effb1e89c'}
        Body: b'{"volume": {"id": "902daa3f-ab37-4ed5-b653-601effb1e89c", "status": "creating", "size": 1, "availability_zone": "nova", "created_at": "2026-02-19T12:15:02.000000", "updated_at": null, "name": "tempest-VolumeTypesAccessTest-Volume-72280765", "description": null, "volume_type": "tempest-VolumeTypesAccessTest-volume-type-45453125", "snapshot_id": null, "source_volid": null, "metadata": {}, "links": [{"rel": "self", "href": "http://10.132.44.205/volume/v3/volumes/902daa3f-ab37-4ed5-b653-601effb1e89c"}, {"rel": "bookmark", "href": "http://10.132.44.205/volume/volumes/902daa3f-ab37-4ed5-b653-601effb1e89c"}], "user_id": "b32142230cbc44ef9b7ead073fe1c079", "bootable": "false", "encrypted": false, "replication_status": null, "consistencygroup_id": null, "multiattach": false, "attachments": [], "os-vol-tenant-attr:tenant_id": "58f5d2ce4a8d457a815abe077ec1896c"}}'
2026-02-19 12:15:03,638 123155 INFO     [tempest.lib.common.rest_client] Request (VolumeTypesAccessTest:test_volume_type_access_add): 200 GET http://10.132.44.205/volume/v3/volumes/902daa3f-ab37-4ed5-b653-601effb1e89c 0.061s
2026-02-19 12:15:03,639 123155 DEBUG    [tempest.lib.common.rest_client] Request - Headers: {'Content-Type': 'application/json', 'Accept': 'application/json', 'X-Auth-Token': '<omitted>'}
        Body: None
    Response - Headers: {'date': 'Thu, 19 Feb 2026 12:15:03 GMT', 'server': 'Apache/2.4.58 (Ubuntu)', 'content-type': 'application/json', 'x-compute-request-id': 'req-38e90bc1-555f-465a-bfb3-2905959f7e19', 'content-length': '885', 'openstack-api-version': 'volume 3.0', 'vary': 'OpenStack-API-Version', 'x-openstack-request-id': 'req-38e90bc1-555f-465a-bfb3-2905959f7e19', 'connection': 'close', 'status': '200', 'content-location': 'http://10.132.44.205/volume/v3/volumes/902daa3f-ab37-4ed5-b653-601effb1e89c'}
        Body: b'{"volume": {"id": "902daa3f-ab37-4ed5-b653-601effb1e89c", "status": "error", "size": 1, "availability_zone": "nova", "created_at": "2026-02-19T12:15:0
    2.000000", "updated_at": "2026-02-19T12:15:03.000000", "name": "tempest-VolumeTypesAccessTest-Volume-72280765", "description": null, "volume_type": "tempest-VolumeTypesAccessTest-volume-type-45453125", "snapshot_id": null, "source_volid": null, "metadata": {}, "links": [{"rel": "self", "href": "http://10.132.44.205/volume/v3/volumes/902daa3f-ab37-4ed5-b653-601effb1e89c"}, {"rel": "bookmark", "href": "http://10.132.44.205/volume/volumes/902daa3f-ab37-4ed5-b653-601effb1e89c"}], "user_id": "b32142230cbc44ef9b7ead073fe1c079", "bootable": "false", "encrypted": false, "replication_status": null, "consistencygroup_id": null, "multiattach": false, "attachments": [], "os-vol-tenant-attr:tenant_id": "58f5d2ce4a8d457a815abe077ec1896c"}}'
2026-02-19 12:15:03,724 123155 INFO     [tempest.lib.common.rest_client] Request (VolumeTypesAccessTest:_run_cleanups): 200 GET http://10.132.44.205/volume/v3/volumes/902daa3f-ab37-4ed5-b653-601effb1e89c 0.058s
2026-02-19 12:15:03,725 123155 DEBUG    [tempest.lib.common.rest_client] Request - Headers: {'Content-Type': 'application/json', 'Accept': 'application/json', 'X-Auth-Token': '<omitted>'}
        Body: None
    Response - Headers: {'date': 'Thu, 19 Feb 2026 12:15:03 GMT', 'server': 'Apache/2.4.58 (Ubuntu)', 'content-type': 'application/json', 'x-compute-request-id': 'req-752db6d3-f98c-4cc4-93df-7482d2a91889', 'content-length': '885', 'openstack-api-version': 'volume 3.0', 'vary': 'OpenStack-API-Version', 'x-openstack-request-id': 'req-752db6d3-f98c-4cc4-93df-7482d2a91889', 'connection': 'close', 'status': '200', 'content-location': 'http://10.132.44.205/volume/v3/volumes/902daa3f-ab37-4ed5-b653-601effb1e89c'}
        Body: b'{"volume": {"id": "902daa3f-ab37-4ed5-b653-601effb1e89c", "status": "error", "size": 1, "availability_zone": "nova", "created_at": "2026-02-19T12:15:02.000000", "updated_at": "2026-02-19T12:15:03.000000", "name": "tempest-VolumeTypesAccessTest-Volume-72280765", "description": null, "volume_type": "tempest-VolumeTypesAccessTest-volume-type-45453125", "snapshot_id": null, "source_volid": null, "metadata": {}, "links": [{"rel": "self", "href": "http://10.132.44.205/volume/v3/volumes/902daa3f-ab37-4ed5-b653-601effb1e89c"}, {"rel": "bookmark", "href": "http://10.132.44.205/volume/volumes/902daa3f-ab37-4ed5-b653-601effb1e89c"}], "user_id": "b32142230cbc44ef9b7ead073fe1c079", "bootable": "false", "encrypted": false, "replication_status": null, "consistencygroup_id": null, "multiattach": false, "attachments": [], "os-vol-tenant-attr:tenant_id": "58f5d2ce4a8d457a815abe077ec1896c"}}'
2026-02-19 12:15:03,925 123155 INFO     [tempest.lib.common.rest_client] Request (VolumeTypesAccessTest:_run_cleanups): 202 DELETE http://10.132.44.205/volume/v3/volumes/902daa3f-ab37-4ed5-b653-601effb1e89c 0.184s
2026-02-19 12:15:03,926 123155 DEBUG    [tempest.lib.common.rest_client] Request - Headers: {'Content-Type': 'application/json', 'Accept': 'application/json', 'X-Auth-Token': '<omitted>'}
        Body: None
    Response - Headers: {'date': 'Thu, 19 Feb 2026 12:15:03 GMT', 'server': 'Apache/2.4.58 (Ubuntu)', 'content-length': '0', 'content-type': 'text/html; charset=UTF-8', 'openstack-api-version': 'volume 3.0', 'vary': 'OpenStack-API-Version', 'x-openstack-request-id': 'req-73296edc-3dbb-4350-babf-a1a788775bfd', 'connection': 'close', 'status': '202', 'content-location': 'http://10.132.44.205/volume/v3/volumes/902daa3f-ab37-4ed5-b653-601effb1e89c'}
        Body: b''
2026-02-19 12:15:03,957 123155 INFO     [tempest.lib.common.rest_client] Request (VolumeTypesAccessTest:_run_cleanups): 404 GET http://10.132.44.205/volume/v3/volumes/902daa3f-ab37-4ed5-b653-601effb1e89c 0.030s
2026-02-19 12:15:03,958 123155 DEBUG    [tempest.lib.common.rest_client] Request - Headers: {'Content-Type': 'application/json', 'Accept': 'application/json', 'X-Auth-Token': '<omitted>'}
        Body: None
    Response - Headers: {'date': 'Thu, 19 Feb 2026 12:15:03 GMT', 'server': 'Apache/2.4.58 (Ubuntu)', 'openstack-api-version': 'volume 3.0', 'vary': 'OpenStack-API-Version', 'content-length': '109', 'content-type': 'app
    lication/json', 'x-compute-request-id': 'req-bf58d236-84e5-44b2-b867-caf6feb4972b', 'x-openstack-request-id': 'req-bf58d236-84e5-44b2-b867-caf6feb4972b', 'connection': 'close', 'status': '404', 'content-location': 'http://10.132.44.205/volume/v3/volumes/902daa3f-ab37-4ed5-b653-601effb1e89c'}
        Body: b'{"itemNotFound": {"code": 404, "message": "Volume 902daa3f-ab37-4ed5-b653-601effb1e89c could not be found."}}'
2026-02-19 12:15:04,006 123155 INFO     [tempest.lib.common.rest_client] Request (VolumeTypesAccessTest:_run_cleanups): 202 POST http://10.132.44.205/volume/v3/types/52744623-3382-4348-8f9b-ea197175b3d6/action 0.047s
2026-02-19 12:15:04,007 123155 DEBUG    [tempest.lib.common.rest_client] Request - Headers: {'Content-Type': 'application/json', 'Accept': 'application/json', 'X-Auth-Token': '<omitted>'}
        Body: {"removeProjectAccess": {"project": "58f5d2ce4a8d457a815abe077ec1896c"}}
    Response - Headers: {'date': 'Thu, 19 Feb 2026 12:15:03 GMT', 'server': 'Apache/2.4.58 (Ubuntu)', 'content-length': '0', 'content-type': 'text/html; charset=UTF-8', 'openstack-api-version': 'volume 3.0', 'vary': 'OpenStack-API-Version', 'x-openstack-request-id': 'req-496513d9-b830-41ab-a0d2-4183ad250627', 'connection': 'close', 'status': '202', 'content-location': 'http://10.132.44.205/volume/v3/types/52744623-3382-4348-8f9b-ea197175b3d6/action'}
        Body: b''
2026-02-19 12:15:04,085 123155 INFO     [tempest.lib.common.rest_client] Request (VolumeTypesAccessTest:_run_cleanups): 202 DELETE http://10.132.44.205/volume/v3/types/52744623-3382-4348-8f9b-ea197175b3d6 0.077s
2026-02-19 12:15:04,086 123155 DEBUG    [tempest.lib.common.rest_client] Request - Headers: {'Content-Type': 'application/json', 'Accept': 'application/json', 'X-Auth-Token': '<omitted>'}
        Body: None
    Response - Headers: {'date': 'Thu, 19 Feb 2026 12:15:04 GMT', 'server': 'Apache/2.4.58 (Ubuntu)', 'content-length': '0', 'content-type': 'text/html; charset=UTF-8', 'openstack-api-version': 'volume 3.0', 'vary': 'OpenStack-API-Version', 'x-openstack-request-id': 'req-ad1de87d-fe47-4d89-9737-6f1cd8b24133', 'connection': 'close', 'status': '202', 'content-location': 'http://10.132.44.205/volume/v3/types/52744623-3382-4348-8f9b-ea197175b3d6'}
        Body: b''
2026-02-19 12:15:04,110 123155 INFO     [tempest.lib.common.rest_client] Request (VolumeTypesAccessTest:_run_cleanups): 404 GET http://10.132.44.205/volume/v3/types/52744623-3382-4348-8f9b-ea197175b3d6 0.023s
2026-02-19 12:15:04,110 123155 DEBUG    [tempest.lib.common.rest_client] Request - Headers: {'Content-Type': 'application/json', 'Accept': 'application/json', 'X-Auth-Token': '<omitted>'}
        Body: None
    Response - Headers: {'date': 'Thu, 19 Feb 2026 12:15:04 GMT', 'server': 'Apache/2.4.58 (Ubuntu)', 'openstack-api-version': 'volume 3.0', 'vary': 'OpenStack-API-Version', 'content-length': '114', 'content-type': 'application/json', 'x-compute-request-id': 'req-910587a2-c389-43b9-be23-393ea0a2d60f', 'x-openstack-request-id': 'req-910587a2-c389-43b9-be23-393ea0a2d60f', 'connection': 'close', 'status': '404', 'content-location': 'http://10.132.44.205/volume/v3/types/52744623-3382-4348-8f9b-ea197175b3d6'}
        Body: b'{"itemNotFound": {"code": 404, "message": "Volume type 52744623-3382-4348-8f9b-ea197175b3d6 could not be found."}}'


setUpClass (tempest.api.volume.admin.test_volumes_list.VolumesListAdminTestJSON)
--------------------------------------------------------------------------------

Captured traceback:
~~~~~~~~~~~~~~~~~~~
    Traceback (most recent call last):

      File "/opt/stack/tempest/tempest/test.py", line 185, in setUpClass
    raise value.with_traceback(trace)

      File "/opt/stack/tempest/tempest/test.py", line 178, in setUpClass
    cls.resource_setup()

      File "/opt/stack/tempest/tempest/api/volume/admin/test_volumes_list.py", line 37, in resource_setup
    volume = cls.create_volume()
             ^^^^^^^^^^^^^^^^^^^

      File "/opt/stack/tempest/tempest/api/volume/base.py", line 144, in create_volume
    waiters.wait_for_volume_resource_status(self.volumes_client,

      File "/opt/stack/tempest/tempest/common/waiters.py", line 379, in wait_for_volume_resource_status
    raise exceptions.VolumeResourceBuildErrorException(

    tempest.exceptions.VolumeResourceBuildErrorException: volume d489f7f2-015e-4281-92bf-d9576cef0d7e failed to build and is in ERROR status


setUpClass (tempest.api.volume.test_snapshot_metadata.SnapshotMetadataTestJSON)
-------------------------------------------------------------------------------

Captured traceback:
~~~~~~~~~~~~~~~~~~~
    Traceback (most recent call last):

      File "/opt/stack/tempest/tempest/test.py", line 185, in setUpClass
    raise value.with_traceback(trace)

      File "/opt/stack/tempest/tempest/test.py", line 178, in setUpClass
    cls.resource_setup()

      File "/opt/stack/tempest/tempest/api/volume/test_snapshot_metadata.py", line 38, in resource_setup
    cls.volume = cls.create_volume()
                 ^^^^^^^^^^^^^^^^^^^

      File "/opt/stack/tempest/tempest/api/volume/base.py", line 144, in create_volume
    waiters.wait_for_volume_resource_status(self.volumes_client,

      File "/opt/stack/tempest/tempest/common/waiters.py", line 379, in wait_for_volume_resource_status
    raise exceptions.VolumeResourceBuildErrorException(

    tempest.exceptions.VolumeResourceBuildErrorException: volume 237e2d7e-24e5-4b19-afb2-9571fbe3e158 failed to build and is in ERROR status


setUpClass (tempest.api.volume.test_volume_absolute_limits.AbsoluteLimitsTests)
-------------------------------------------------------------------------------

Captured traceback:
~~~~~~~~~~~~~~~~~~~
    Traceback (most recent call last):

      File "/opt/stack/tempest/tempest/test.py", line 185, in setUpClass
    raise value.with_traceback(trace)

      File "/opt/stack/tempest/tempest/test.py", line 178, in setUpClass
    cls.resource_setup()

      File "/opt/stack/tempest/tempest/api/volume/test_volume_absolute_limits.py", line 37, in resource_setup
    cls.volume = cls.create_volume()
                 ^^^^^^^^^^^^^^^^^^^

      File "/opt/stack/tempest/tempest/api/volume/base.py", line 144, in create_volume
    waiters.wait_for_volume_resource_status(self.volumes_client,

      File "/opt/stack/tempest/tempest/common/waiters.py", line 379, in wait_for_volume_resource_status
    raise exceptions.VolumeResourceBuildErrorException(

    tempest.exceptions.VolumeResourceBuildErrorException: volume 97f80e4a-cfc1-430d-b31a-18a16d710f01 failed to build and is in ERROR status


tempest.api.volume.test_volume_delete_cascade.VolumesDeleteCascade.test_volume_delete_cascade[id-994e2d40-de37-46e8-b328-a58fba7e4a95]
--------------------------------------------------------------------------------------------------------------------------------------

Captured traceback:
~~~~~~~~~~~~~~~~~~~
    Traceback (most recent call last):

      File "/opt/stack/tempest/tempest/api/volume/test_volume_delete_cascade.py", line 68, in test_volume_delete_cascade
    volume = self.create_volume()
             ^^^^^^^^^^^^^^^^^^^^

      File "/opt/stack/tempest/tempest/api/volume/base.py", line 144, in create_volume
    waiters.wait_for_volume_resource_status(self.volumes_client,

      File "/opt/stack/tempest/tempest/common/waiters.py", line 379, in wait_for_volume_resource_status
    raise exceptions.VolumeResourceBuildErrorException(

    tempest.exceptions.VolumeResourceBuildErrorException: volume b22e5129-aa52-437c-8fad-fa0abe023956 failed to build and is in ERROR status


Captured pythonlogging:
~~~~~~~~~~~~~~~~~~~~~~~
    2026-02-19 12:15:56,988 123155 INFO     [tempest.lib.common.rest_client] Request (VolumesDeleteCascade:test_volume_delete_cascade): 202 POST http://10.132.44.205/volume/v3/volumes 0.475s
2026-02-19 12:15:56,988 123155 DEBUG    [tempest.lib.common.rest_client] Request - Headers: {'Content-Type': 'application/json', 'Accept': 'application/json', 'X-Auth-Token': '<omitted>'}
        Body: {"volume": {"size": 1, "name": "tempest-VolumesDeleteCascade-Volume-831242596"}}
    Response - Headers: {'date': 'Thu, 19 Feb 2026 12:15:56 GMT', 'server': 'Apache/2.4.58 (Ubuntu)', 'content-type': 'application/json', 'x-compute-request-id': 'req-992b2a75-5900-4c8e-a9de-131fbb6d74b0', 'content-length': '754', 'openstack-api-version': 'volume 3.0', 'vary': 'OpenStack-API-Version', 'x-openstack-request-id': 'req-992b2a75-5900-4c8e-a9de-131fbb6d74b0', 'connection': 'close', 'status': '202', 'content-location': 'http://10.132.44.205/volume/v3/volumes'}
        Body: b'{"volume": {"id": "b22e5129-aa52-437c-8fad-fa0abe023956", "status": "creating", "size": 1, "availability_zone": "nova", "created_at": "2026-02-19T12:15:56.884512", "updated_at": null, "name": "tempest-VolumesDeleteCascade-Volume-831242596", "description": null, "volume_type": "nvmetcp1", "snapshot_id": null, "source_volid": null, "metadata": {}, "links": [{"rel": "self", "href": "http://10.132.44.205/volume/v3/volumes/b22e5129-aa52-437c-8fad-fa0abe023956"}, {"rel": "bookmark", "href": "http://10.132.44.205/volume/volumes/b22e5129-aa52-437c-8fad-fa0abe023956"}], "user_id": "42f582efae1940bbbe11d417c9ec1f8b", "bootable": "false", "encrypted": false, "replication_status": null, "consistencygroup_id": null, "multiattach": false, "attachments": []}}'
2026-02-19 12:15:57,060 123155 INFO     [tempest.lib.common.rest_client] Request (VolumesDeleteCascade:test_volume_delete_cascade): 200 GET http://10.132.44.205/volume/v3/volumes/b22e5129-aa52-437c-8fad-fa0abe023956 0.059s
2026-02-19 12:15:57,060 123155 DEBUG    [tempest.lib.common.rest_client] Request - Headers: {'Content-Type': 'application/json', 'Accept': 'application/json', 'X-Auth-Token': '<omitted>'}
        Body: None
    Response - Headers: {'date': 'Thu, 19 Feb 2026 12:15:57 GMT', 'server': 'Apache/2.4.58 (Ubuntu)', 'content-type': 'application/json', 'x-compute-request-id': 'req-0472c0bc-4d20-4a87-a1b2-63b7a2affff9', 'content-length': '822', 'openstack-api-version': 'volume 3.0', 'vary': 'OpenStack-API-Version', 'x-openstack-request-id': 'req-0472c0bc-4d20-4a87-a1b2-63b7a2affff9', 'connection': 'close', 'status': '200', 'content-location': 'http://10.132.44.205/volume/v3/volumes/b22e5129-aa52-437c-8fad-fa0abe023956'}
        Body: b'{"volume": {"id": "b22e5129-aa52-437c-8fad-fa0abe023956", "status": "creating", "size": 1, "availability_zone": "nova", "created_at": "2026-02-19T12:15:57.000000", "updated_at": null, "name": "tempest-VolumesDeleteCascade-Volume-831242596", "description": null, "volume_type": "nvmetcp1", "snapshot_id": null, "source_volid": null, "metadata": {}, "links": [{"rel": "self", "href": "http://10.132.44.205/volume/v3/volumes/b22e5129-aa52-437c-8fad-fa0abe023956"}, {"rel": "bookmark", "href": "http://10.132.44.205/volume/volumes/b22e5129-aa52-437c-8fad-fa0abe023956"}], "user_id": "42f582efae1940bbbe11d417c9ec1f8b", "bootable": "false", "encrypted": false, "replication_status": null, "consistencygroup_id": null, "multiattach": false, "attachments": [], "os-vol-tenant-attr:tenant_id": "79b48bbc8d91402ab5c9d1e331925d44"}}'
2026-02-19 12:15:58,138 123155 INFO     [tempest.lib.common.rest_client] Request (VolumesDeleteCascade:test_volume_delete_cascade): 200 GET http://10.132.44.205/volume/v3/volumes/b22e5129-aa52-437c-8fad-fa0abe023956 0.060s
2026-02-19 12:15:58,139 123155 DEBUG    [tempest.lib.common.rest_client] Request - Headers: {'Content-Type': 'application/json', 'Accept': 'application/json', 'X-Auth-Token': '<omitted>'}
        Body: None
    Response - Headers: {'date': 'Thu, 19 Feb 2026 12:15:58 GMT', 'server': 'Apache/2.4.58 (Ubuntu)', 'content-type': 'application/json', 'x-compute-request-id': 'req-
    f1ec89b4-c36a-443b-8ec6-e96a3446d0aa', 'content-length': '843', 'openstack-api-version': 'volume 3.0', 'vary': 'OpenStack-API-Version', 'x-openstack-request-id': 'req-f1ec89b4-c36a-443b-8ec6-e96a3446d0aa', 'connection': 'close', 'status': '200', 'content-location': 'http://10.132.44.205/volume/v3/volumes/b22e5129-aa52-437c-8fad-fa0abe023956'}
        Body: b'{"volume": {"id": "b22e5129-aa52-437c-8fad-fa0abe023956", "status": "error", "size": 1, "availability_zone": "nova", "created_at": "2026-02-19T12:15:57.000000", "updated_at": "2026-02-19T12:15:57.000000", "name": "tempest-VolumesDeleteCascade-Volume-831242596", "description": null, "volume_type": "nvmetcp1", "snapshot_id": null, "source_volid": null, "metadata": {}, "links": [{"rel": "self", "href": "http://10.132.44.205/volume/v3/volumes/b22e5129-aa52-437c-8fad-fa0abe023956"}, {"rel": "bookmark", "href": "http://10.132.44.205/volume/volumes/b22e5129-aa52-437c-8fad-fa0abe023956"}], "user_id": "42f582efae1940bbbe11d417c9ec1f8b", "bootable": "false", "encrypted": false, "replication_status": null, "consistencygroup_id": null, "multiattach": false, "attachments": [], "os-vol-tenant-attr:tenant_id": "79b48bbc8d91402ab5c9d1e331925d44"}}'
2026-02-19 12:15:58,215 123155 INFO     [tempest.lib.common.rest_client] Request (VolumesDeleteCascade:_run_cleanups): 200 GET http://10.132.44.205/volume/v3/volumes/b22e5129-aa52-437c-8fad-fa0abe023956 0.059s
2026-02-19 12:15:58,215 123155 DEBUG    [tempest.lib.common.rest_client] Request - Headers: {'Content-Type': 'application/json', 'Accept': 'application/json', 'X-Auth-Token': '<omitted>'}
        Body: None
    Response - Headers: {'date': 'Thu, 19 Feb 2026 12:15:58 GMT', 'server': 'Apache/2.4.58 (Ubuntu)', 'content-type': 'application/json', 'x-compute-request-id': 'req-57054e23-779f-4210-89bd-e25dc5daa5a6', 'content-length': '843', 'openstack-api-version': 'volume 3.0', 'vary': 'OpenStack-API-Version', 'x-openstack-request-id': 'req-57054e23-779f-4210-89bd-e25dc5daa5a6', 'connection': 'close', 'status': '200', 'content-location': 'http://10.132.44.205/volume/v3/volumes/b22e5129-aa52-437c-8fad-fa0abe023956'}
        Body: b'{"volume": {"id": "b22e5129-aa52-437c-8fad-fa0abe023956", "status": "error", "size": 1, "availability_zone": "nova", "created_at": "2026-02-19T12:15:57.000000", "updated_at": "2026-02-19T12:15:57.000000", "name": "tempest-VolumesDeleteCascade-Volume-831242596", "description": null, "volume_type": "nvmetcp1", "snapshot_id": null, "source_volid": null, "metadata": {}, "links": [{"rel": "self", "href": "http://10.132.44.205/volume/v3/volumes/b22e5129-aa52-437c-8fad-fa0abe023956"}, {"rel": "bookmark", "href": "http://10.132.44.205/volume/volumes/b22e5129-aa52-437c-8fad-fa0abe023956"}], "user_id": "42f582efae1940bbbe11d417c9ec1f8b", "bootable": "false", "encrypted": false, "replication_status": null, "consistencygroup_id": null, "multiattach": false, "attachments": [], "os-vol-tenant-attr:tenant_id": "79b48bbc8d91402ab5c9d1e331925d44"}}'
2026-02-19 12:15:58,383 123155 INFO     [tempest.lib.common.rest_client] Request (VolumesDeleteCascade:_run_cleanups): 202 DELETE http://10.132.44.205/volume/v3/volumes/b22e5129-aa52-437c-8fad-fa0abe023956 0.151s
2026-02-19 12:15:58,384 123155 DEBUG    [tempest.lib.common.rest_client] Request - Headers: {'Content-Type': 'application/json', 'Accept': 'application/json', 'X-Auth-Token': '<omitted>'}
        Body: None
    Response - Headers: {'date': 'Thu, 19 Feb 2026 12:15:58 GMT', 'server': 'Apache/2.4.58 (Ubuntu)', 'content-length': '0', 'content-type': 'text/html; charset=UTF-8', 'openstack-api-version': 'volume 3.0', 'vary': 'OpenStack-API-Version', 'x-openstack-request-id': 'req-f5958520-4296-419f-8184-29930633325a', 'connection': 'close', 'status': '202', 'content-location': 'http://10.132.44.205/volume/v3/volumes/b22e5129-aa52-437c-8fad-fa0abe023956'}
        Body: b''
2026-02-19 12:15:58,415 123155 INFO     [tempest.lib.common.rest_client] Request (VolumesDeleteCascade:_run_cleanups): 404 GET http://10.132.44.205/volume/v3/volumes/b22e5129-aa52-437c-8fad-fa0abe023956 0.030s
20
    26-02-19 12:15:58,416 123155 DEBUG    [tempest.lib.common.rest_client] Request - Headers: {'Content-Type': 'application/json', 'Accept': 'application/json', 'X-Auth-Token': '<omitted>'}
        Body: None
    Response - Headers: {'date': 'Thu, 19 Feb 2026 12:15:58 GMT', 'server': 'Apache/2.4.58 (Ubuntu)', 'openstack-api-version': 'volume 3.0', 'vary': 'OpenStack-API-Version', 'content-length': '109', 'content-type': 'application/json', 'x-compute-request-id': 'req-e64db80b-61a2-4d14-a0a6-c98a01f87be5', 'x-openstack-request-id': 'req-e64db80b-61a2-4d14-a0a6-c98a01f87be5', 'connection': 'close', 'status': '404', 'content-location': 'http://10.132.44.205/volume/v3/volumes/b22e5129-aa52-437c-8fad-fa0abe023956'}
        Body: b'{"itemNotFound": {"code": 404, "message": "Volume b22e5129-aa52-437c-8fad-fa0abe023956 could not be found."}}'


tempest.api.volume.test_volume_delete_cascade.VolumesDeleteCascade.test_volume_from_snapshot_cascade_delete[id-59a77ede-609b-4ee8-9f68-fc3c6ffe97b5]
----------------------------------------------------------------------------------------------------------------------------------------------------

Captured traceback:
~~~~~~~~~~~~~~~~~~~
    Traceback (most recent call last):

      File "/opt/stack/tempest/tempest/api/volume/test_volume_delete_cascade.py", line 93, in test_volume_from_snapshot_cascade_delete
    volume = self.create_volume()
             ^^^^^^^^^^^^^^^^^^^^

      File "/opt/stack/tempest/tempest/api/volume/base.py", line 144, in create_volume
    waiters.wait_for_volume_resource_status(self.volumes_client,

      File "/opt/stack/tempest/tempest/common/waiters.py", line 379, in wait_for_volume_resource_status
    raise exceptions.VolumeResourceBuildErrorException(

    tempest.exceptions.VolumeResourceBuildErrorException: volume c21872ee-9a14-41f3-9df6-bdb313b1a126 failed to build and is in ERROR status


Captured pythonlogging:
~~~~~~~~~~~~~~~~~~~~~~~
    2026-02-19 12:15:58,675 123155 INFO     [tempest.lib.common.rest_client] Request (VolumesDeleteCascade:test_volume_from_snapshot_cascade_delete): 202 POST http://10.132.44.205/volume/v3/volumes 0.255s
2026-02-19 12:15:58,675 123155 DEBUG    [tempest.lib.common.rest_client] Request - Headers: {'Content-Type': 'application/json', 'Accept': 'application/json', 'X-Auth-Token': '<omitted>'}
        Body: {"volume": {"size": 1, "name": "tempest-VolumesDeleteCascade-Volume-1928034044"}}
    Response - Headers: {'date': 'Thu, 19 Feb 2026 12:15:58 GMT', 'server': 'Apache/2.4.58 (Ubuntu)', 'content-type': 'application/json', 'x-compute-request-id': 'req-257bb70d-d0c5-41cd-a8fd-3bbbc8444bd8', 'content-length': '755', 'openstack-api-version': 'volume 3.0', 'vary': 'OpenStack-API-Version', 'x-openstack-request-id': 'req-257bb70d-d0c5-41cd-a8fd-3bbbc8444bd8', 'connection': 'close', 'status': '202', 'content-location': 'http://10.132.44.205/volume/v3/volumes'}
        Body: b'{"volume": {"id": "c21872ee-9a14-41f3-9df6-bdb313b1a126", "status": "creating", "size": 1, "availability_zone": "nova", "created_at": "2026-02-19T12:15:58.596847", "updated_at": null, "name": "tempest-VolumesDeleteCascade-Volume-1928034044", "description": null, "volume_type": "nvmetcp1", "snapshot_id": null, "source_volid": null, "metadata": {}, "links": [{"rel": "self", "href": "http://10.132.44.205/volume/v3/volumes/c21872ee-9a14-41f3-9df6-bdb313b1a126"}, {"rel": "bookmark", "href": "http://10.132.44.205/volume/volumes/c21872ee-9a14-41f3-9df6-bdb313b1a126"}], "user_id": "42f582efae1940bbbe11d417c9ec1f8b", "bootable": "false", "encrypted": false, "replication_status": null, "consistencygroup_id": null, "multiattach": false, "attachments": []}}'
2026-02-19 12:15:58,739 123155 INFO     [tempest.lib.common.rest_client] Request (VolumesDeleteCascade:test_volume_from_snapshot_cascade_delete): 200 GET http://10.132.44.205/volume/v3/volumes/c21872ee-9a14-41f3-9df6-bdb313b1a126 0.057s
2026-02-19 12:15:58,740 123155 DEBUG    [tempest.lib.common.rest_client] Request - Headers: {'Content-Type': 'application/json', 'Accept': 'application/json', 'X-Auth-Token': '<omitted>'}
        Body: None
    Response - Headers: {'date': 'Thu, 19 Feb 2026 12:15:58 GMT', 'server': 'Apache/2.4.58 (Ubuntu)', 'content-type': 'application/json', 'x-compute-request-id': 'req-d463aa63-9401-4185-b685-8777df953786', 'content-length': '823', 'openstack-api-version': 'volume 3.0', 'vary': 'OpenStack-API-Version', 'x-openstack-request-id': 'req-d463aa63-9401-4185-b685-8777df953786', 'connection': 'close', 'status': '200', 'content-location': 'http://10.132.44.205/volume/v3/volumes/c21872ee-9a14-41f3-9df6-bdb313b1a126'}
        Body: b'{"volume": {"id": "c21872ee-9a14-41f3-9df6-bdb313b1a126", "status": "creating", "size": 1, "availability_zone": "nova", "created_at": "2026-02-19T12:15:59.000000", "updated_at": null, "name": "tempest-VolumesDeleteCascade-Volume-1928034044", "description": null, "volume_type": "nvmetcp1", "snapshot_id": null, "source_volid": null, "metadata": {}, "links": [{"rel": "self", "href": "http://10.132.44.205/volume/v3/volumes/c21872ee-9a14-41f3-9df6-bdb313b1a126"}, {"rel": "bookmark", "href": "http://10.132.44.205/volume/volumes/c21872ee-9a14-41f3-9df6-bdb313b1a126"}], "user_id": "42f582efae1940bbbe11d417c9ec1f8b", "bootable": "false", "encrypted": false, "replication_status": null, "consistencygroup_id": null, "multiattach": false, "attachments": [], "os-vol-tenant-attr:tenant_id": "79b48bbc8d91402ab5c9d1e331925d44"}}'
2026-02-19 12:15:59,819 123155 INFO     [tempest.lib.common.rest_client] Request (VolumesDeleteCascade:test_volume_from_snapshot_cascade_delete): 200 GET http://10.132.44.205/volume/v3/volumes/c21872ee-9a14-41f3-9df6-bdb313b1a126 0.063s
2026-02-19 12:15:59,820 123155 DEBUG    [tempest.lib.common.rest_client] Request - Headers: {'Content-Type': 'application/json', 'Accept': 'application/json', 'X-Auth-Token': '<omitted>'}
        Body: None
    Response - Headers: {'date': 'Thu, 19 Feb 2026 12:15:59 GMT', 'server': 'Apache/2.4.58 (Ubuntu)', 'content-type': 'app
    lication/json', 'x-compute-request-id': 'req-90c0357f-9e32-46f1-a8b8-0c2afc882542', 'content-length': '844', 'openstack-api-version': 'volume 3.0', 'vary': 'OpenStack-API-Version', 'x-openstack-request-id': 'req-90c0357f-9e32-46f1-a8b8-0c2afc882542', 'connection': 'close', 'status': '200', 'content-location': 'http://10.132.44.205/volume/v3/volumes/c21872ee-9a14-41f3-9df6-bdb313b1a126'}
        Body: b'{"volume": {"id": "c21872ee-9a14-41f3-9df6-bdb313b1a126", "status": "error", "size": 1, "availability_zone": "nova", "created_at": "2026-02-19T12:15:59.000000", "updated_at": "2026-02-19T12:15:59.000000", "name": "tempest-VolumesDeleteCascade-Volume-1928034044", "description": null, "volume_type": "nvmetcp1", "snapshot_id": null, "source_volid": null, "metadata": {}, "links": [{"rel": "self", "href": "http://10.132.44.205/volume/v3/volumes/c21872ee-9a14-41f3-9df6-bdb313b1a126"}, {"rel": "bookmark", "href": "http://10.132.44.205/volume/volumes/c21872ee-9a14-41f3-9df6-bdb313b1a126"}], "user_id": "42f582efae1940bbbe11d417c9ec1f8b", "bootable": "false", "encrypted": false, "replication_status": null, "consistencygroup_id": null, "multiattach": false, "attachments": [], "os-vol-tenant-attr:tenant_id": "79b48bbc8d91402ab5c9d1e331925d44"}}'
2026-02-19 12:15:59,892 123155 INFO     [tempest.lib.common.rest_client] Request (VolumesDeleteCascade:_run_cleanups): 200 GET http://10.132.44.205/volume/v3/volumes/c21872ee-9a14-41f3-9df6-bdb313b1a126 0.056s
2026-02-19 12:15:59,892 123155 DEBUG    [tempest.lib.common.rest_client] Request - Headers: {'Content-Type': 'application/json', 'Accept': 'application/json', 'X-Auth-Token': '<omitted>'}
        Body: None
    Response - Headers: {'date': 'Thu, 19 Feb 2026 12:15:59 GMT', 'server': 'Apache/2.4.58 (Ubuntu)', 'content-type': 'application/json', 'x-compute-request-id': 'req-75143528-a0b2-45df-bf3b-6334c8dd993d', 'content-length': '844', 'openstack-api-version': 'volume 3.0', 'vary': 'OpenStack-API-Version', 'x-openstack-request-id': 'req-75143528-a0b2-45df-bf3b-6334c8dd993d', 'connection': 'close', 'status': '200', 'content-location': 'http://10.132.44.205/volume/v3/volumes/c21872ee-9a14-41f3-9df6-bdb313b1a126'}
        Body: b'{"volume": {"id": "c21872ee-9a14-41f3-9df6-bdb313b1a126", "status": "error", "size": 1, "availability_zone": "nova", "created_at": "2026-02-19T12:15:59.000000", "updated_at": "2026-02-19T12:15:59.000000", "name": "tempest-VolumesDeleteCascade-Volume-1928034044", "description": null, "volume_type": "nvmetcp1", "snapshot_id": null, "source_volid": null, "metadata": {}, "links": [{"rel": "self", "href": "http://10.132.44.205/volume/v3/volumes/c21872ee-9a14-41f3-9df6-bdb313b1a126"}, {"rel": "bookmark", "href": "http://10.132.44.205/volume/volumes/c21872ee-9a14-41f3-9df6-bdb313b1a126"}], "user_id": "42f582efae1940bbbe11d417c9ec1f8b", "bootable": "false", "encrypted": false, "replication_status": null, "consistencygroup_id": null, "multiattach": false, "attachments": [], "os-vol-tenant-attr:tenant_id": "79b48bbc8d91402ab5c9d1e331925d44"}}'
2026-02-19 12:16:00,075 123155 INFO     [tempest.lib.common.rest_client] Request (VolumesDeleteCascade:_run_cleanups): 202 DELETE http://10.132.44.205/volume/v3/volumes/c21872ee-9a14-41f3-9df6-bdb313b1a126 0.165s
2026-02-19 12:16:00,075 123155 DEBUG    [tempest.lib.common.rest_client] Request - Headers: {'Content-Type': 'application/json', 'Accept': 'application/json', 'X-Auth-Token': '<omitted>'}
        Body: None
    Response - Headers: {'date': 'Thu, 19 Feb 2026 12:15:59 GMT', 'server': 'Apache/2.4.58 (Ubuntu)', 'content-length': '0', 'content-type': 'text/html; charset=UTF-8', 'openstack-api-version': 'volume 3.0', 'vary': 'OpenStack-API-Version', 'x-openstack-request-id': 'req-2605f546-4bc7-4bc1-b97f-1fe8392bf3b5', 'connection': 'close', 'status': '202', 'content-location': 'http://10.132.44.205/volume/v3/volumes/c21872ee-9a14-41f3-9df6-bdb313b1a126'}
        Body: b''
2026-02-19 12:16:00,108 123155 INFO     [tempest.lib.common.rest_client] Request (VolumesDeleteCascade:_run_cleanups): 404 GET http://10.132.44.205/volume/v3/volumes
    /c21872ee-9a14-41f3-9df6-bdb313b1a126 0.032s
2026-02-19 12:16:00,108 123155 DEBUG    [tempest.lib.common.rest_client] Request - Headers: {'Content-Type': 'application/json', 'Accept': 'application/json', 'X-Auth-Token': '<omitted>'}
        Body: None
    Response - Headers: {'date': 'Thu, 19 Feb 2026 12:16:00 GMT', 'server': 'Apache/2.4.58 (Ubuntu)', 'openstack-api-version': 'volume 3.0', 'vary': 'OpenStack-API-Version', 'content-length': '109', 'content-type': 'application/json', 'x-compute-request-id': 'req-481d840d-0ec9-47c8-8be2-df6ab5ece724', 'x-openstack-request-id': 'req-481d840d-0ec9-47c8-8be2-df6ab5ece724', 'connection': 'close', 'status': '404', 'content-location': 'http://10.132.44.205/volume/v3/volumes/c21872ee-9a14-41f3-9df6-bdb313b1a126'}
        Body: b'{"itemNotFound": {"code": 404, "message": "Volume c21872ee-9a14-41f3-9df6-bdb313b1a126 could not be found."}}'


setUpClass (tempest.api.volume.test_volume_metadata.VolumesMetadataTest)
------------------------------------------------------------------------

Captured traceback:
~~~~~~~~~~~~~~~~~~~
    Traceback (most recent call last):

      File "/opt/stack/tempest/tempest/test.py", line 185, in setUpClass
    raise value.with_traceback(trace)

      File "/opt/stack/tempest/tempest/test.py", line 178, in setUpClass
    cls.resource_setup()

      File "/opt/stack/tempest/tempest/api/volume/test_volume_metadata.py", line 29, in resource_setup
    cls.volume = cls.create_volume()
                 ^^^^^^^^^^^^^^^^^^^

      File "/opt/stack/tempest/tempest/api/volume/base.py", line 144, in create_volume
    waiters.wait_for_volume_resource_status(self.volumes_client,

      File "/opt/stack/tempest/tempest/common/waiters.py", line 379, in wait_for_volume_resource_status
    raise exceptions.VolumeResourceBuildErrorException(

    tempest.exceptions.VolumeResourceBuildErrorException: volume 2c1f95fd-f691-4962-b156-22a51a7413a5 failed to build and is in ERROR status


tempest.api.volume.test_volume_transfers.VolumesTransfersTest.test_create_get_list_accept_volume_transfer[id-4d75b645-a478-48b1-97c8-503f64242f1a]
--------------------------------------------------------------------------------------------------------------------------------------------------

Captured traceback:
~~~~~~~~~~~~~~~~~~~
    Traceback (most recent call last):

      File "/opt/stack/tempest/tempest/api/volume/test_volume_transfers.py", line 40, in test_create_get_list_accept_volume_transfer
    volume = self.create_volume()
             ^^^^^^^^^^^^^^^^^^^^

      File "/opt/stack/tempest/tempest/api/volume/base.py", line 144, in create_volume
    waiters.wait_for_volume_resource_status(self.volumes_client,

      File "/opt/stack/tempest/tempest/common/waiters.py", line 379, in wait_for_volume_resource_status
    raise exceptions.VolumeResourceBuildErrorException(

    tempest.exceptions.VolumeResourceBuildErrorException: volume cd54bc08-dd8a-49b7-a1e8-b840fb0d13c1 failed to build and is in ERROR status


Captured pythonlogging:
~~~~~~~~~~~~~~~~~~~~~~~
    2026-02-19 12:16:08,827 123155 INFO     [tempest.lib.common.rest_client] Request (VolumesTransfersTest:test_create_get_list_accept_volume_transfer): 202 POST http://10.132.44.205/volume/v3/volumes 0.576s
2026-02-19 12:16:08,828 123155 DEBUG    [tempest.lib.common.rest_client] Request - Headers: {'Content-Type': 'application/json', 'Accept': 'application/json', 'X-Auth-Token': '<omitted>'}
        Body: {"volume": {"size": 1, "name": "tempest-VolumesTransfersTest-Volume-1421000671"}}
    Response - Headers: {'date': 'Thu, 19 Feb 2026 12:16:08 GMT', 'server': 'Apache/2.4.58 (Ubuntu)', 'content-type': 'application/json', 'x-compute-request-id': 'req-4d52d846-7002-4a36-9375-d20d3a75a5e9', 'content-length': '755', 'openstack-api-version': 'volume 3.0', 'vary': 'OpenStack-API-Version', 'x-openstack-request-id': 'req-4d52d846-7002-4a36-9375-d20d3a75a5e9', 'connection': 'close', 'status': '202', 'content-location': 'http://10.132.44.205/volume/v3/volumes'}
        Body: b'{"volume": {"id": "cd54bc08-dd8a-49b7-a1e8-b840fb0d13c1", "status": "creating", "size": 1, "availability_zone": "nova", "created_at": "2026-02-19T12:16:08.714021", "updated_at": null, "name": "tempest-VolumesTransfersTest-Volume-1421000671", "description": null, "volume_type": "nvmetcp1", "snapshot_id": null, "source_volid": null, "metadata": {}, "links": [{"rel": "self", "href": "http://10.132.44.205/volume/v3/volumes/cd54bc08-dd8a-49b7-a1e8-b840fb0d13c1"}, {"rel": "bookmark", "href": "http://10.132.44.205/volume/volumes/cd54bc08-dd8a-49b7-a1e8-b840fb0d13c1"}], "user_id": "e69318350cfd49bfafc910084b7b0264", "bootable": "false", "encrypted": false, "replication_status": null, "consistencygroup_id": null, "multiattach": false, "attachments": []}}'
2026-02-19 12:16:08,900 123155 INFO     [tempest.lib.common.rest_client] Request (VolumesTransfersTest:test_create_get_list_accept_volume_transfer): 200 GET http://10.132.44.205/volume/v3/volumes/cd54bc08-dd8a-49b7-a1e8-b840fb0d13c1 0.056s
2026-02-19 12:16:08,901 123155 DEBUG    [tempest.lib.common.rest_client] Request - Headers: {'Content-Type': 'application/json', 'Accept': 'application/json', 'X-Auth-Token': '<omitted>'}
        Body: None
    Response - Headers: {'date': 'Thu, 19 Feb 2026 12:16:08 GMT', 'server': 'Apache/2.4.58 (Ubuntu)', 'content-type': 'application/json', 'x-compute-request-id': 'req-79fc48f5-76ec-46df-bd06-bbc829197b41', 'content-length': '823', 'openstack-api-version': 'volume 3.0', 'vary': 'OpenStack-API-Version', 'x-openstack-request-id': 'req-79fc48f5-76ec-46df-bd06-bbc829197b41', 'connection': 'close', 'status': '200', 'content-location': 'http://10.132.44.205/volume/v3/volumes/cd54bc08-dd8a-49b7-a1e8-b840fb0d13c1'}
        Body: b'{"volume": {"id": "cd54bc08-dd8a-49b7-a1e8-b840fb0d13c1", "status": "creating", "size": 1, "availability_zone": "nova", "created_at": "2026-02-19T12:16:09.000000", "updated_at": null, "name": "tempest-VolumesTransfersTest-Volume-1421000671", "description": null, "volume_type": "nvmetcp1", "snapshot_id": null, "source_volid": null, "metadata": {}, "links": [{"rel": "self", "href": "http://10.132.44.205/volume/v3/volumes/cd54bc08-dd8a-49b7-a1e8-b840fb0d13c1"}, {"rel": "bookmark", "href": "http://10.132.44.205/volume/volumes/cd54bc08-dd8a-49b7-a1e8-b840fb0d13c1"}], "user_id": "e69318350cfd49bfafc910084b7b0264", "bootable": "false", "encrypted": false, "replication_status": null, "consistencygroup_id": null, "multiattach": false, "attachments": [], "os-vol-tenant-attr:tenant_id": "d7905bb907984de891c901648c369236"}}'
2026-02-19 12:16:09,969 123155 INFO     [tempest.lib.common.rest_client] Request (VolumesTransfersTest:test_create_get_list_accept_volume_transfer): 200 GET http://10.132.44.205/volume/v3/volumes/cd54bc08-dd8a-49b7-a1e8-b840fb0d13c1 0.059s
2026-02-19 12:16:09,969 123155 DEBUG    [tempest.lib.common.rest_client] Request - Headers: {'Content-Type': 'application/json', 'Accept': 'application/json', 'X-Auth-Token': '<omitted>'}
        Body: None
    Response - Headers: {'date': 'Thu, 19 Feb 2026 12:16:09 GMT', 'server': 'Apache/2.4.58 (Ubuntu)', 'content-ty
    pe': 'application/json', 'x-compute-request-id': 'req-fd62b70f-2162-4a7f-b1ea-f89438e53f04', 'content-length': '844', 'openstack-api-version': 'volume 3.0', 'vary': 'OpenStack-API-Version', 'x-openstack-request-id': 'req-fd62b70f-2162-4a7f-b1ea-f89438e53f04', 'connection': 'close', 'status': '200', 'content-location': 'http://10.132.44.205/volume/v3/volumes/cd54bc08-dd8a-49b7-a1e8-b840fb0d13c1'}
        Body: b'{"volume": {"id": "cd54bc08-dd8a-49b7-a1e8-b840fb0d13c1", "status": "error", "size": 1, "availability_zone": "nova", "created_at": "2026-02-19T12:16:09.000000", "updated_at": "2026-02-19T12:16:09.000000", "name": "tempest-VolumesTransfersTest-Volume-1421000671", "description": null, "volume_type": "nvmetcp1", "snapshot_id": null, "source_volid": null, "metadata": {}, "links": [{"rel": "self", "href": "http://10.132.44.205/volume/v3/volumes/cd54bc08-dd8a-49b7-a1e8-b840fb0d13c1"}, {"rel": "bookmark", "href": "http://10.132.44.205/volume/volumes/cd54bc08-dd8a-49b7-a1e8-b840fb0d13c1"}], "user_id": "e69318350cfd49bfafc910084b7b0264", "bootable": "false", "encrypted": false, "replication_status": null, "consistencygroup_id": null, "multiattach": false, "attachments": [], "os-vol-tenant-attr:tenant_id": "d7905bb907984de891c901648c369236"}}'
2026-02-19 12:16:10,045 123155 INFO     [tempest.lib.common.rest_client] Request (VolumesTransfersTest:_run_cleanups): 200 GET http://10.132.44.205/volume/v3/volumes/cd54bc08-dd8a-49b7-a1e8-b840fb0d13c1 0.059s
2026-02-19 12:16:10,046 123155 DEBUG    [tempest.lib.common.rest_client] Request - Headers: {'Content-Type': 'application/json', 'Accept': 'application/json', 'X-Auth-Token': '<omitted>'}
        Body: None
    Response - Headers: {'date': 'Thu, 19 Feb 2026 12:16:09 GMT', 'server': 'Apache/2.4.58 (Ubuntu)', 'content-type': 'application/json', 'x-compute-request-id': 'req-e63dd944-2b97-4fca-b691-b3215b0cb46f', 'content-length': '844', 'openstack-api-version': 'volume 3.0', 'vary': 'OpenStack-API-Version', 'x-openstack-request-id': 'req-e63dd944-2b97-4fca-b691-b3215b0cb46f', 'connection': 'close', 'status': '200', 'content-location': 'http://10.132.44.205/volume/v3/volumes/cd54bc08-dd8a-49b7-a1e8-b840fb0d13c1'}
        Body: b'{"volume": {"id": "cd54bc08-dd8a-49b7-a1e8-b840fb0d13c1", "status": "error", "size": 1, "availability_zone": "nova", "created_at": "2026-02-19T12:16:09.000000", "updated_at": "2026-02-19T12:16:09.000000", "name": "tempest-VolumesTransfersTest-Volume-1421000671", "description": null, "volume_type": "nvmetcp1", "snapshot_id": null, "source_volid": null, "metadata": {}, "links": [{"rel": "self", "href": "http://10.132.44.205/volume/v3/volumes/cd54bc08-dd8a-49b7-a1e8-b840fb0d13c1"}, {"rel": "bookmark", "href": "http://10.132.44.205/volume/volumes/cd54bc08-dd8a-49b7-a1e8-b840fb0d13c1"}], "user_id": "e69318350cfd49bfafc910084b7b0264", "bootable": "false", "encrypted": false, "replication_status": null, "consistencygroup_id": null, "multiattach": false, "attachments": [], "os-vol-tenant-attr:tenant_id": "d7905bb907984de891c901648c369236"}}'
2026-02-19 12:16:10,212 123155 INFO     [tempest.lib.common.rest_client] Request (VolumesTransfersTest:_run_cleanups): 202 DELETE http://10.132.44.205/volume/v3/volumes/cd54bc08-dd8a-49b7-a1e8-b840fb0d13c1 0.149s
2026-02-19 12:16:10,212 123155 DEBUG    [tempest.lib.common.rest_client] Request - Headers: {'Content-Type': 'application/json', 'Accept': 'application/json', 'X-Auth-Token': '<omitted>'}
        Body: None
    Response - Headers: {'date': 'Thu, 19 Feb 2026 12:16:10 GMT', 'server': 'Apache/2.4.58 (Ubuntu)', 'content-length': '0', 'content-type': 'text/html; charset=UTF-8', 'openstack-api-version': 'volume 3.0', 'vary': 'OpenStack-API-Version', 'x-openstack-request-id': 'req-a89156f0-756e-476f-bc02-af80eca09f43', 'connection': 'close', 'status': '202', 'content-location': 'http://10.132.44.205/volume/v3/volumes/cd54bc08-dd8a-49b7-a1e8-b840fb0d13c1'}
        Body: b''
2026-02-19 12:16:10,242 123155 INFO     [tempest.lib.common.rest_client] Request (VolumesTransfersTest:_run_cleanups): 404 GET http://10.132.44.205/volume/v
    3/volumes/cd54bc08-dd8a-49b7-a1e8-b840fb0d13c1 0.029s
2026-02-19 12:16:10,243 123155 DEBUG    [tempest.lib.common.rest_client] Request - Headers: {'Content-Type': 'application/json', 'Accept': 'application/json', 'X-Auth-Token': '<omitted>'}
        Body: None
    Response - Headers: {'date': 'Thu, 19 Feb 2026 12:16:10 GMT', 'server': 'Apache/2.4.58 (Ubuntu)', 'openstack-api-version': 'volume 3.0', 'vary': 'OpenStack-API-Version', 'content-length': '109', 'content-type': 'application/json', 'x-compute-request-id': 'req-6e78be13-befb-43f9-84ed-ef2d72865ffd', 'x-openstack-request-id': 'req-6e78be13-befb-43f9-84ed-ef2d72865ffd', 'connection': 'close', 'status': '404', 'content-location': 'http://10.132.44.205/volume/v3/volumes/cd54bc08-dd8a-49b7-a1e8-b840fb0d13c1'}
        Body: b'{"itemNotFound": {"code": 404, "message": "Volume cd54bc08-dd8a-49b7-a1e8-b840fb0d13c1 could not be found."}}'


tempest.api.volume.test_volume_transfers.VolumesTransfersTest.test_create_list_delete_volume_transfer[id-ab526943-b725-4c07-b875-8e8ef87a2c30]
----------------------------------------------------------------------------------------------------------------------------------------------

Captured traceback:
~~~~~~~~~~~~~~~~~~~
    Traceback (most recent call last):

      File "/opt/stack/tempest/tempest/api/volume/test_volume_transfers.py", line 81, in test_create_list_delete_volume_transfer
    volume = self.create_volume()
             ^^^^^^^^^^^^^^^^^^^^

      File "/opt/stack/tempest/tempest/api/volume/base.py", line 144, in create_volume
    waiters.wait_for_volume_resource_status(self.volumes_client,

      File "/opt/stack/tempest/tempest/common/waiters.py", line 379, in wait_for_volume_resource_status
    raise exceptions.VolumeResourceBuildErrorException(

    tempest.exceptions.VolumeResourceBuildErrorException: volume 9f29b286-9461-4ded-bf66-67761ce3fe48 failed to build and is in ERROR status


Captured pythonlogging:
~~~~~~~~~~~~~~~~~~~~~~~
    2026-02-19 12:16:10,568 123155 INFO     [tempest.lib.common.rest_client] Request (VolumesTransfersTest:test_create_list_delete_volume_transfer): 202 POST http://10.132.44.205/volume/v3/volumes 0.321s
2026-02-19 12:16:10,569 123155 DEBUG    [tempest.lib.common.rest_client] Request - Headers: {'Content-Type': 'application/json', 'Accept': 'application/json', 'X-Auth-Token': '<omitted>'}
        Body: {"volume": {"size": 1, "name": "tempest-VolumesTransfersTest-Volume-1734286246"}}
    Response - Headers: {'date': 'Thu, 19 Feb 2026 12:16:10 GMT', 'server': 'Apache/2.4.58 (Ubuntu)', 'content-type': 'application/json', 'x-compute-request-id': 'req-b0d867f6-2e68-4c0f-ad75-59b8430f6591', 'content-length': '755', 'openstack-api-version': 'volume 3.0', 'vary': 'OpenStack-API-Version', 'x-openstack-request-id': 'req-b0d867f6-2e68-4c0f-ad75-59b8430f6591', 'connection': 'close', 'status': '202', 'content-location': 'http://10.132.44.205/volume/v3/volumes'}
        Body: b'{"volume": {"id": "9f29b286-9461-4ded-bf66-67761ce3fe48", "status": "creating", "size": 1, "availability_zone": "nova", "created_at": "2026-02-19T12:16:10.468405", "updated_at": null, "name": "tempest-VolumesTransfersTest-Volume-1734286246", "description": null, "volume_type": "nvmetcp1", "snapshot_id": null, "source_volid": null, "metadata": {}, "links": [{"rel": "self", "href": "http://10.132.44.205/volume/v3/volumes/9f29b286-9461-4ded-bf66-67761ce3fe48"}, {"rel": "bookmark", "href": "http://10.132.44.205/volume/volumes/9f29b286-9461-4ded-bf66-67761ce3fe48"}], "user_id": "e69318350cfd49bfafc910084b7b0264", "bootable": "false", "encrypted": false, "replication_status": null, "consistencygroup_id": null, "multiattach": false, "attachments": []}}'
2026-02-19 12:16:10,627 123155 INFO     [tempest.lib.common.rest_client] Request (VolumesTransfersTest:test_create_list_delete_volume_transfer): 200 GET http://10.132.44.205/volume/v3/volumes/9f29b286-9461-4ded-bf66-67761ce3fe48 0.042s
2026-02-19 12:16:10,628 123155 DEBUG    [tempest.lib.common.rest_client] Request - Headers: {'Content-Type': 'application/json', 'Accept': 'application/json', 'X-Auth-Token': '<omitted>'}
        Body: None
    Response - Headers: {'date': 'Thu, 19 Feb 2026 12:16:10 GMT', 'server': 'Apache/2.4.58 (Ubuntu)', 'content-type': 'application/json', 'x-compute-request-id': 'req-77221252-7733-4078-96c1-416fa0e5ef41', 'content-length': '823', 'openstack-api-version': 'volume 3.0', 'vary': 'OpenStack-API-Version', 'x-openstack-request-id': 'req-77221252-7733-4078-96c1-416fa0e5ef41', 'connection': 'close', 'status': '200', 'content-location': 'http://10.132.44.205/volume/v3/volumes/9f29b286-9461-4ded-bf66-67761ce3fe48'}
        Body: b'{"volume": {"id": "9f29b286-9461-4ded-bf66-67761ce3fe48", "status": "creating", "size": 1, "availability_zone": "nova", "created_at": "2026-02-19T12:16:10.000000", "updated_at": null, "name": "tempest-VolumesTransfersTest-Volume-1734286246", "description": null, "volume_type": "nvmetcp1", "snapshot_id": null, "source_volid": null, "metadata": {}, "links": [{"rel": "self", "href": "http://10.132.44.205/volume/v3/volumes/9f29b286-9461-4ded-bf66-67761ce3fe48"}, {"rel": "bookmark", "href": "http://10.132.44.205/volume/volumes/9f29b286-9461-4ded-bf66-67761ce3fe48"}], "user_id": "e69318350cfd49bfafc910084b7b0264", "bootable": "false", "encrypted": false, "replication_status": null, "consistencygroup_id": null, "multiattach": false, "attachments": [], "os-vol-tenant-attr:tenant_id": "d7905bb907984de891c901648c369236"}}'
2026-02-19 12:16:11,708 123155 INFO     [tempest.lib.common.rest_client] Request (VolumesTransfersTest:test_create_list_delete_volume_transfer): 200 GET http://10.132.44.205/volume/v3/volumes/9f29b286-9461-4ded-bf66-67761ce3fe48 0.059s
2026-02-19 12:16:11,708 123155 DEBUG    [tempest.lib.common.rest_client] Request - Headers: {'Content-Type': 'application/json', 'Accept': 'application/json', 'X-Auth-Token': '<omitted>'}
        Body: None
    Response - Headers: {'date': 'Thu, 19 Feb 2026 12:16:11 GMT', 'server': 'Apache/2.4.58 (Ubuntu)', 'content-type': 'applic
    ation/json', 'x-compute-request-id': 'req-18d6397b-9ebb-4d51-818d-6e4565846197', 'content-length': '844', 'openstack-api-version': 'volume 3.0', 'vary': 'OpenStack-API-Version', 'x-openstack-request-id': 'req-18d6397b-9ebb-4d51-818d-6e4565846197', 'connection': 'close', 'status': '200', 'content-location': 'http://10.132.44.205/volume/v3/volumes/9f29b286-9461-4ded-bf66-67761ce3fe48'}
        Body: b'{"volume": {"id": "9f29b286-9461-4ded-bf66-67761ce3fe48", "status": "error", "size": 1, "availability_zone": "nova", "created_at": "2026-02-19T12:16:10.000000", "updated_at": "2026-02-19T12:16:11.000000", "name": "tempest-VolumesTransfersTest-Volume-1734286246", "description": null, "volume_type": "nvmetcp1", "snapshot_id": null, "source_volid": null, "metadata": {}, "links": [{"rel": "self", "href": "http://10.132.44.205/volume/v3/volumes/9f29b286-9461-4ded-bf66-67761ce3fe48"}, {"rel": "bookmark", "href": "http://10.132.44.205/volume/volumes/9f29b286-9461-4ded-bf66-67761ce3fe48"}], "user_id": "e69318350cfd49bfafc910084b7b0264", "bootable": "false", "encrypted": false, "replication_status": null, "consistencygroup_id": null, "multiattach": false, "attachments": [], "os-vol-tenant-attr:tenant_id": "d7905bb907984de891c901648c369236"}}'
2026-02-19 12:16:11,782 123155 INFO     [tempest.lib.common.rest_client] Request (VolumesTransfersTest:_run_cleanups): 200 GET http://10.132.44.205/volume/v3/volumes/9f29b286-9461-4ded-bf66-67761ce3fe48 0.056s
2026-02-19 12:16:11,783 123155 DEBUG    [tempest.lib.common.rest_client] Request - Headers: {'Content-Type': 'application/json', 'Accept': 'application/json', 'X-Auth-Token': '<omitted>'}
        Body: None
    Response - Headers: {'date': 'Thu, 19 Feb 2026 12:16:11 GMT', 'server': 'Apache/2.4.58 (Ubuntu)', 'content-type': 'application/json', 'x-compute-request-id': 'req-16fc3351-78ee-46a8-ab88-8db475833653', 'content-length': '844', 'openstack-api-version': 'volume 3.0', 'vary': 'OpenStack-API-Version', 'x-openstack-request-id': 'req-16fc3351-78ee-46a8-ab88-8db475833653', 'connection': 'close', 'status': '200', 'content-location': 'http://10.132.44.205/volume/v3/volumes/9f29b286-9461-4ded-bf66-67761ce3fe48'}
        Body: b'{"volume": {"id": "9f29b286-9461-4ded-bf66-67761ce3fe48", "status": "error", "size": 1, "availability_zone": "nova", "created_at": "2026-02-19T12:16:10.000000", "updated_at": "2026-02-19T12:16:11.000000", "name": "tempest-VolumesTransfersTest-Volume-1734286246", "description": null, "volume_type": "nvmetcp1", "snapshot_id": null, "source_volid": null, "metadata": {}, "links": [{"rel": "self", "href": "http://10.132.44.205/volume/v3/volumes/9f29b286-9461-4ded-bf66-67761ce3fe48"}, {"rel": "bookmark", "href": "http://10.132.44.205/volume/volumes/9f29b286-9461-4ded-bf66-67761ce3fe48"}], "user_id": "e69318350cfd49bfafc910084b7b0264", "bootable": "false", "encrypted": false, "replication_status": null, "consistencygroup_id": null, "multiattach": false, "attachments": [], "os-vol-tenant-attr:tenant_id": "d7905bb907984de891c901648c369236"}}'
2026-02-19 12:16:11,970 123155 INFO     [tempest.lib.common.rest_client] Request (VolumesTransfersTest:_run_cleanups): 202 DELETE http://10.132.44.205/volume/v3/volumes/9f29b286-9461-4ded-bf66-67761ce3fe48 0.171s
2026-02-19 12:16:11,971 123155 DEBUG    [tempest.lib.common.rest_client] Request - Headers: {'Content-Type': 'application/json', 'Accept': 'application/json', 'X-Auth-Token': '<omitted>'}
        Body: None
    Response - Headers: {'date': 'Thu, 19 Feb 2026 12:16:11 GMT', 'server': 'Apache/2.4.58 (Ubuntu)', 'content-length': '0', 'content-type': 'text/html; charset=UTF-8', 'openstack-api-version': 'volume 3.0', 'vary': 'OpenStack-API-Version', 'x-openstack-request-id': 'req-196ae43f-6c80-415c-9deb-41262cf516ac', 'connection': 'close', 'status': '202', 'content-location': 'http://10.132.44.205/volume/v3/volumes/9f29b286-9461-4ded-bf66-67761ce3fe48'}
        Body: b''
2026-02-19 12:16:12,001 123155 INFO     [tempest.lib.common.rest_client] Request (VolumesTransfersTest:_run_cleanups): 404 GET http://10.132.44.205/volume/v3/volumes/9f
    29b286-9461-4ded-bf66-67761ce3fe48 0.030s
2026-02-19 12:16:12,002 123155 DEBUG    [tempest.lib.common.rest_client] Request - Headers: {'Content-Type': 'application/json', 'Accept': 'application/json', 'X-Auth-Token': '<omitted>'}
        Body: None
    Response - Headers: {'date': 'Thu, 19 Feb 2026 12:16:11 GMT', 'server': 'Apache/2.4.58 (Ubuntu)', 'openstack-api-version': 'volume 3.0', 'vary': 'OpenStack-API-Version', 'content-length': '109', 'content-type': 'application/json', 'x-compute-request-id': 'req-d9517af8-b17c-4936-b06e-57be9b2463ab', 'x-openstack-request-id': 'req-d9517af8-b17c-4936-b06e-57be9b2463ab', 'connection': 'close', 'status': '404', 'content-location': 'http://10.132.44.205/volume/v3/volumes/9f29b286-9461-4ded-bf66-67761ce3fe48'}
        Body: b'{"itemNotFound": {"code": 404, "message": "Volume 9f29b286-9461-4ded-bf66-67761ce3fe48 could not be found."}}'


tempest.api.volume.test_volume_transfers.VolumesTransfersV355Test.test_create_get_list_accept_volume_transfer[id-9f36bb2b-619f-4507-b246-76aeb9a28851]
------------------------------------------------------------------------------------------------------------------------------------------------------

Captured traceback:
~~~~~~~~~~~~~~~~~~~
    Traceback (most recent call last):

      File "/opt/stack/tempest/tempest/api/volume/test_volume_transfers.py", line 125, in test_create_get_list_accept_volume_transfer
    test_create_get_list_accept_volume_transfer()

      File "/opt/stack/tempest/tempest/api/volume/test_volume_transfers.py", line 40, in test_create_get_list_accept_volume_transfer
    volume = self.create_volume()
             ^^^^^^^^^^^^^^^^^^^^

      File "/opt/stack/tempest/tempest/api/volume/base.py", line 144, in create_volume
    waiters.wait_for_volume_resource_status(self.volumes_client,

      File "/opt/stack/tempest/tempest/common/waiters.py", line 379, in wait_for_volume_resource_status
    raise exceptions.VolumeResourceBuildErrorException(

    tempest.exceptions.VolumeResourceBuildErrorException: volume fbd78f1f-60cb-4097-a4de-b960e7135215 failed to build and is in ERROR status


Captured pythonlogging:
~~~~~~~~~~~~~~~~~~~~~~~
    2026-02-19 12:16:18,860 123155 INFO     [tempest.lib.common.rest_client] Request (VolumesTransfersV355Test:test_create_get_list_accept_volume_transfer): 202 POST http://10.132.44.205/volume/v3/volumes 0.600s
2026-02-19 12:16:18,860 123155 DEBUG    [tempest.lib.common.rest_client] Request - Headers: {'Content-Type': 'application/json', 'Accept': 'application/json', 'Openstack-Api-Version': 'volume 3.55', 'X-Auth-Token': '<omitted>'}
        Body: {"volume": {"size": 1, "name": "tempest-VolumesTransfersV355Test-Volume-1572313344"}}
    Response - Headers: {'date': 'Thu, 19 Feb 2026 12:16:18 GMT', 'server': 'Apache/2.4.58 (Ubuntu)', 'content-type': 'application/json', 'x-compute-request-id': 'req-ce5d7b10-dd98-476e-910f-f61c90f234f1', 'content-length': '823', 'openstack-api-version': 'volume 3.55', 'vary': 'OpenStack-API-Version', 'x-openstack-request-id': 'req-ce5d7b10-dd98-476e-910f-f61c90f234f1', 'connection': 'close', 'status': '202', 'content-location': 'http://10.132.44.205/volume/v3/volumes'}
        Body: b'{"volume": {"id": "fbd78f1f-60cb-4097-a4de-b960e7135215", "status": "creating", "size": 1, "availability_zone": "nova", "created_at": "2026-02-19T12:16:18.716123", "updated_at": null, "name": "tempest-VolumesTransfersV355Test-Volume-1572313344", "description": null, "volume_type": "nvmetcp1", "snapshot_id": null, "source_volid": null, "metadata": {}, "links": [{"rel": "self", "href": "http://10.132.44.205/volume/v3/volumes/fbd78f1f-60cb-4097-a4de-b960e7135215"}, {"rel": "bookmark", "href": "http://10.132.44.205/volume/volumes/fbd78f1f-60cb-4097-a4de-b960e7135215"}], "user_id": "e79e612e847e4605aeb8f5072099872e", "bootable": "false", "encrypted": false, "replication_status": null, "consistencygroup_id": null, "multiattach": false, "attachments": [], "group_id": null, "shared_targets": true, "service_uuid": null}}'
2026-02-19 12:16:18,935 123155 INFO     [tempest.lib.common.rest_client] Request (VolumesTransfersV355Test:test_create_get_list_accept_volume_transfer): 200 GET http://10.132.44.205/volume/v3/volumes/fbd78f1f-60cb-4097-a4de-b960e7135215 0.060s
2026-02-19 12:16:18,935 123155 DEBUG    [tempest.lib.common.rest_client] Request - Headers: {'Content-Type': 'application/json', 'Accept': 'application/json', 'Openstack-Api-Version': 'volume 3.55', 'X-Auth-Token': '<omitted>'}
        Body: None
    Response - Headers: {'date': 'Thu, 19 Feb 2026 12:16:18 GMT', 'server': 'Apache/2.4.58 (Ubuntu)', 'content-type': 'application/json', 'x-compute-request-id': 'req-f9261bb6-a126-4c49-a740-4dd2f1eae0aa', 'content-length': '891', 'openstack-api-version': 'volume 3.55', 'vary': 'OpenStack-API-Version', 'x-openstack-request-id': 'req-f9261bb6-a126-4c49-a740-4dd2f1eae0aa', 'connection': 'close', 'status': '200', 'content-location': 'http://10.132.44.205/volume/v3/volumes/fbd78f1f-60cb-4097-a4de-b960e7135215'}
        Body: b'{"volume": {"id": "fbd78f1f-60cb-4097-a4de-b960e7135215", "status": "creating", "size": 1, "availability_zone": "nova", "created_at": "2026-02-19T12:16:19.000000", "updated_at": null, "name": "tempest-VolumesTransfersV355Test-Volume-1572313344", "description": null, "volume_type": "nvmetcp1", "snapshot_id": null, "source_volid": null, "metadata": {}, "links": [{"rel": "self", "href": "http://10.132.44.205/volume/v3/volumes/fbd78f1f-60cb-4097-a4de-b960e7135215"}, {"rel": "bookmark", "href": "http://10.132.44.205/volume/volumes/fbd78f1f-60cb-4097-a4de-b960e7135215"}], "user_id": "e79e612e847e4605aeb8f5072099872e", "bootable": "false", "encrypted": false, "replication_status": null, "consistencygroup_id": null, "multiattach": false, "attachments": [], "group_id": null, "shared_targets": true, "service_uuid": null, "os-vol-tenant-attr:tenant_id": "b16a2f805dbe4fca883b44d6d16adcbb"}}'
2026-02-19 12:16:20,010 123155 INFO     [tempest.lib.common.rest_client] Request (VolumesTransfersV355Test:test_create_get_list_accept_volume_transfer): 200 GET http://10.132.44.205/volume/v3/volumes/fbd78f1f-60cb-4097-a4de-b960e7135215 0.058s
2026-02-19 12:16:20,010 123155 DEBUG    [tempest.lib.common.rest_client] Request - Hea
    ders: {'Content-Type': 'application/json', 'Accept': 'application/json', 'Openstack-Api-Version': 'volume 3.55', 'X-Auth-Token': '<omitted>'}
        Body: None
    Response - Headers: {'date': 'Thu, 19 Feb 2026 12:16:19 GMT', 'server': 'Apache/2.4.58 (Ubuntu)', 'content-type': 'application/json', 'x-compute-request-id': 'req-92cde7a0-c42b-4870-9779-c27383142a3a', 'content-length': '912', 'openstack-api-version': 'volume 3.55', 'vary': 'OpenStack-API-Version', 'x-openstack-request-id': 'req-92cde7a0-c42b-4870-9779-c27383142a3a', 'connection': 'close', 'status': '200', 'content-location': 'http://10.132.44.205/volume/v3/volumes/fbd78f1f-60cb-4097-a4de-b960e7135215'}
        Body: b'{"volume": {"id": "fbd78f1f-60cb-4097-a4de-b960e7135215", "status": "error", "size": 1, "availability_zone": "nova", "created_at": "2026-02-19T12:16:19.000000", "updated_at": "2026-02-19T12:16:19.000000", "name": "tempest-VolumesTransfersV355Test-Volume-1572313344", "description": null, "volume_type": "nvmetcp1", "snapshot_id": null, "source_volid": null, "metadata": {}, "links": [{"rel": "self", "href": "http://10.132.44.205/volume/v3/volumes/fbd78f1f-60cb-4097-a4de-b960e7135215"}, {"rel": "bookmark", "href": "http://10.132.44.205/volume/volumes/fbd78f1f-60cb-4097-a4de-b960e7135215"}], "user_id": "e79e612e847e4605aeb8f5072099872e", "bootable": "false", "encrypted": false, "replication_status": null, "consistencygroup_id": null, "multiattach": false, "attachments": [], "group_id": null, "shared_targets": true, "service_uuid": null, "os-vol-tenant-attr:tenant_id": "b16a2f805dbe4fca883b44d6d16adcbb"}}'
2026-02-19 12:16:20,085 123155 INFO     [tempest.lib.common.rest_client] Request (VolumesTransfersV355Test:_run_cleanups): 200 GET http://10.132.44.205/volume/v3/volumes/fbd78f1f-60cb-4097-a4de-b960e7135215 0.059s
2026-02-19 12:16:20,085 123155 DEBUG    [tempest.lib.common.rest_client] Request - Headers: {'Content-Type': 'application/json', 'Accept': 'application/json', 'Openstack-Api-Version': 'volume 3.55', 'X-Auth-Token': '<omitted>'}
        Body: None
    Response - Headers: {'date': 'Thu, 19 Feb 2026 12:16:20 GMT', 'server': 'Apache/2.4.58 (Ubuntu)', 'content-type': 'application/json', 'x-compute-request-id': 'req-4cbcbcf7-cd4c-42ca-880a-64ebc3eb1894', 'content-length': '912', 'openstack-api-version': 'volume 3.55', 'vary': 'OpenStack-API-Version', 'x-openstack-request-id': 'req-4cbcbcf7-cd4c-42ca-880a-64ebc3eb1894', 'connection': 'close', 'status': '200', 'content-location': 'http://10.132.44.205/volume/v3/volumes/fbd78f1f-60cb-4097-a4de-b960e7135215'}
        Body: b'{"volume": {"id": "fbd78f1f-60cb-4097-a4de-b960e7135215", "status": "error", "size": 1, "availability_zone": "nova", "created_at": "2026-02-19T12:16:19.000000", "updated_at": "2026-02-19T12:16:19.000000", "name": "tempest-VolumesTransfersV355Test-Volume-1572313344", "description": null, "volume_type": "nvmetcp1", "snapshot_id": null, "source_volid": null, "metadata": {}, "links": [{"rel": "self", "href": "http://10.132.44.205/volume/v3/volumes/fbd78f1f-60cb-4097-a4de-b960e7135215"}, {"rel": "bookmark", "href": "http://10.132.44.205/volume/volumes/fbd78f1f-60cb-4097-a4de-b960e7135215"}], "user_id": "e79e612e847e4605aeb8f5072099872e", "bootable": "false", "encrypted": false, "replication_status": null, "consistencygroup_id": null, "multiattach": false, "attachments": [], "group_id": null, "shared_targets": true, "service_uuid": null, "os-vol-tenant-attr:tenant_id": "b16a2f805dbe4fca883b44d6d16adcbb"}}'
2026-02-19 12:16:20,254 123155 INFO     [tempest.lib.common.rest_client] Request (VolumesTransfersV355Test:_run_cleanups): 202 DELETE http://10.132.44.205/volume/v3/volumes/fbd78f1f-60cb-4097-a4de-b960e7135215 0.152s
2026-02-19 12:16:20,254 123155 DEBUG    [tempest.lib.common.rest_client] Request - Headers: {'Content-Type': 'application/json', 'Accept': 'application/json', 'Openstack-Api-Version': 'volume 3.55', 'X-Auth-Token': '<omitted>'}
        Body: None
    Response - Headers: {'date': 'Thu, 19 Feb 2026 12:16:20 GMT', 'server': 'Apache/2.4.58 (Ubuntu)', 'content-length': '0',
     'content-type': 'text/html; charset=UTF-8', 'openstack-api-version': 'volume 3.55', 'vary': 'OpenStack-API-Version', 'x-openstack-request-id': 'req-6eeaf0a5-b3f8-45b7-a2e1-d3958ac972e7', 'connection': 'close', 'status': '202', 'content-location': 'http://10.132.44.205/volume/v3/volumes/fbd78f1f-60cb-4097-a4de-b960e7135215'}
        Body: b''
2026-02-19 12:16:20,285 123155 INFO     [tempest.lib.common.rest_client] Request (VolumesTransfersV355Test:_run_cleanups): 404 GET http://10.132.44.205/volume/v3/volumes/fbd78f1f-60cb-4097-a4de-b960e7135215 0.030s
2026-02-19 12:16:20,286 123155 DEBUG    [tempest.lib.common.rest_client] Request - Headers: {'Content-Type': 'application/json', 'Accept': 'application/json', 'Openstack-Api-Version': 'volume 3.55', 'X-Auth-Token': '<omitted>'}
        Body: None
    Response - Headers: {'date': 'Thu, 19 Feb 2026 12:16:20 GMT', 'server': 'Apache/2.4.58 (Ubuntu)', 'openstack-api-version': 'volume 3.55', 'vary': 'OpenStack-API-Version', 'content-length': '109', 'content-type': 'application/json', 'x-compute-request-id': 'req-fd1d2f3d-cd5f-47b0-99dc-6d5abdd9e9e3', 'x-openstack-request-id': 'req-fd1d2f3d-cd5f-47b0-99dc-6d5abdd9e9e3', 'connection': 'close', 'status': '404', 'content-location': 'http://10.132.44.205/volume/v3/volumes/fbd78f1f-60cb-4097-a4de-b960e7135215'}
        Body: b'{"itemNotFound": {"code": 404, "message": "Volume fbd78f1f-60cb-4097-a4de-b960e7135215 could not be found."}}'


tempest.api.volume.test_volume_transfers.VolumesTransfersV355Test.test_create_list_delete_volume_transfer[id-af4a5b97-0859-4f31-aa3c-85b05bb63322]
--------------------------------------------------------------------------------------------------------------------------------------------------

Captured traceback:
~~~~~~~~~~~~~~~~~~~
    Traceback (most recent call last):

      File "/opt/stack/tempest/tempest/api/volume/test_volume_transfers.py", line 131, in test_create_list_delete_volume_transfer
    test_create_list_delete_volume_transfer()

      File "/opt/stack/tempest/tempest/api/volume/test_volume_transfers.py", line 81, in test_create_list_delete_volume_transfer
    volume = self.create_volume()
             ^^^^^^^^^^^^^^^^^^^^

      File "/opt/stack/tempest/tempest/api/volume/base.py", line 144, in create_volume
    waiters.wait_for_volume_resource_status(self.volumes_client,

      File "/opt/stack/tempest/tempest/common/waiters.py", line 379, in wait_for_volume_resource_status
    raise exceptions.VolumeResourceBuildErrorException(

    tempest.exceptions.VolumeResourceBuildErrorException: volume eebf43a1-d822-42f7-9e35-b03be7dda36b failed to build and is in ERROR status


Captured pythonlogging:
~~~~~~~~~~~~~~~~~~~~~~~
    2026-02-19 12:16:20,556 123155 INFO     [tempest.lib.common.rest_client] Request (VolumesTransfersV355Test:test_create_list_delete_volume_transfer): 202 POST http://10.132.44.205/volume/v3/volumes 0.267s
2026-02-19 12:16:20,557 123155 DEBUG    [tempest.lib.common.rest_client] Request - Headers: {'Content-Type': 'application/json', 'Accept': 'application/json', 'Openstack-Api-Version': 'volume 3.55', 'X-Auth-Token': '<omitted>'}
        Body: {"volume": {"size": 1, "name": "tempest-VolumesTransfersV355Test-Volume-159846129"}}
    Response - Headers: {'date': 'Thu, 19 Feb 2026 12:16:20 GMT', 'server': 'Apache/2.4.58 (Ubuntu)', 'content-type': 'application/json', 'x-compute-request-id': 'req-ea58a96d-e00e-4cbc-ac4b-489f920a8b11', 'content-length': '822', 'openstack-api-version': 'volume 3.55', 'vary': 'OpenStack-API-Version', 'x-openstack-request-id': 'req-ea58a96d-e00e-4cbc-ac4b-489f920a8b11', 'connection': 'close', 'status': '202', 'content-location': 'http://10.132.44.205/volume/v3/volumes'}
        Body: b'{"volume": {"id": "eebf43a1-d822-42f7-9e35-b03be7dda36b", "status": "creating", "size": 1, "availability_zone": "nova", "created_at": "2026-02-19T12:16:20.474856", "updated_at": null, "name": "tempest-VolumesTransfersV355Test-Volume-159846129", "description": null, "volume_type": "nvmetcp1", "snapshot_id": null, "source_volid": null, "metadata": {}, "links": [{"rel": "self", "href": "http://10.132.44.205/volume/v3/volumes/eebf43a1-d822-42f7-9e35-b03be7dda36b"}, {"rel": "bookmark", "href": "http://10.132.44.205/volume/volumes/eebf43a1-d822-42f7-9e35-b03be7dda36b"}], "user_id": "e79e612e847e4605aeb8f5072099872e", "bootable": "false", "encrypted": false, "replication_status": null, "consistencygroup_id": null, "multiattach": false, "attachments": [], "group_id": null, "shared_targets": true, "service_uuid": null}}'
2026-02-19 12:16:20,602 123155 INFO     [tempest.lib.common.rest_client] Request (VolumesTransfersV355Test:test_create_list_delete_volume_transfer): 200 GET http://10.132.44.205/volume/v3/volumes/eebf43a1-d822-42f7-9e35-b03be7dda36b 0.038s
2026-02-19 12:16:20,603 123155 DEBUG    [tempest.lib.common.rest_client] Request - Headers: {'Content-Type': 'application/json', 'Accept': 'application/json', 'Openstack-Api-Version': 'volume 3.55', 'X-Auth-Token': '<omitted>'}
        Body: None
    Response - Headers: {'date': 'Thu, 19 Feb 2026 12:16:20 GMT', 'server': 'Apache/2.4.58 (Ubuntu)', 'content-type': 'application/json', 'x-compute-request-id': 'req-777de017-cb36-49dd-81fb-8f436477581f', 'content-length': '890', 'openstack-api-version': 'volume 3.55', 'vary': 'OpenStack-API-Version', 'x-openstack-request-id': 'req-777de017-cb36-49dd-81fb-8f436477581f', 'connection': 'close', 'status': '200', 'content-location': 'http://10.132.44.205/volume/v3/volumes/eebf43a1-d822-42f7-9e35-b03be7dda36b'}
        Body: b'{"volume": {"id": "eebf43a1-d822-42f7-9e35-b03be7dda36b", "status": "creating", "size": 1, "availability_zone": "nova", "created_at": "2026-02-19T12:16:20.000000", "updated_at": null, "name": "tempest-VolumesTransfersV355Test-Volume-159846129", "description": null, "volume_type": "nvmetcp1", "snapshot_id": null, "source_volid": null, "metadata": {}, "links": [{"rel": "self", "href": "http://10.132.44.205/volume/v3/volumes/eebf43a1-d822-42f7-9e35-b03be7dda36b"}, {"rel": "bookmark", "href": "http://10.132.44.205/volume/volumes/eebf43a1-d822-42f7-9e35-b03be7dda36b"}], "user_id": "e79e612e847e4605aeb8f5072099872e", "bootable": "false", "encrypted": false, "replication_status": null, "consistencygroup_id": null, "multiattach": false, "attachments": [], "group_id": null, "shared_targets": true, "service_uuid": null, "os-vol-tenant-attr:tenant_id": "b16a2f805dbe4fca883b44d6d16adcbb"}}'
2026-02-19 12:16:21,676 123155 INFO     [tempest.lib.common.rest_client] Request (VolumesTransfersV355Test:test_create_list_delete_volume_transfer): 200 GET http://10.132.44.205/volume/v3/volumes/eebf43a1-d822-42f7-9e35-b03be7dda36b 0.059s
2026-02-19 12:16:21,676 123155 DEBUG    [tempest.lib.common.rest_client] Request - Headers: {'Content
    -Type': 'application/json', 'Accept': 'application/json', 'Openstack-Api-Version': 'volume 3.55', 'X-Auth-Token': '<omitted>'}
        Body: None
    Response - Headers: {'date': 'Thu, 19 Feb 2026 12:16:21 GMT', 'server': 'Apache/2.4.58 (Ubuntu)', 'content-type': 'application/json', 'x-compute-request-id': 'req-2bff12de-f239-416e-8d3a-77948dd06778', 'content-length': '911', 'openstack-api-version': 'volume 3.55', 'vary': 'OpenStack-API-Version', 'x-openstack-request-id': 'req-2bff12de-f239-416e-8d3a-77948dd06778', 'connection': 'close', 'status': '200', 'content-location': 'http://10.132.44.205/volume/v3/volumes/eebf43a1-d822-42f7-9e35-b03be7dda36b'}
        Body: b'{"volume": {"id": "eebf43a1-d822-42f7-9e35-b03be7dda36b", "status": "error", "size": 1, "availability_zone": "nova", "created_at": "2026-02-19T12:16:20.000000", "updated_at": "2026-02-19T12:16:21.000000", "name": "tempest-VolumesTransfersV355Test-Volume-159846129", "description": null, "volume_type": "nvmetcp1", "snapshot_id": null, "source_volid": null, "metadata": {}, "links": [{"rel": "self", "href": "http://10.132.44.205/volume/v3/volumes/eebf43a1-d822-42f7-9e35-b03be7dda36b"}, {"rel": "bookmark", "href": "http://10.132.44.205/volume/volumes/eebf43a1-d822-42f7-9e35-b03be7dda36b"}], "user_id": "e79e612e847e4605aeb8f5072099872e", "bootable": "false", "encrypted": false, "replication_status": null, "consistencygroup_id": null, "multiattach": false, "attachments": [], "group_id": null, "shared_targets": true, "service_uuid": null, "os-vol-tenant-attr:tenant_id": "b16a2f805dbe4fca883b44d6d16adcbb"}}'
2026-02-19 12:16:21,749 123155 INFO     [tempest.lib.common.rest_client] Request (VolumesTransfersV355Test:_run_cleanups): 200 GET http://10.132.44.205/volume/v3/volumes/eebf43a1-d822-42f7-9e35-b03be7dda36b 0.056s
2026-02-19 12:16:21,750 123155 DEBUG    [tempest.lib.common.rest_client] Request - Headers: {'Content-Type': 'application/json', 'Accept': 'application/json', 'Openstack-Api-Version': 'volume 3.55', 'X-Auth-Token': '<omitted>'}
        Body: None
    Response - Headers: {'date': 'Thu, 19 Feb 2026 12:16:21 GMT', 'server': 'Apache/2.4.58 (Ubuntu)', 'content-type': 'application/json', 'x-compute-request-id': 'req-16e3e44a-d0a1-43e7-9615-27a7be6615c4', 'content-length': '911', 'openstack-api-version': 'volume 3.55', 'vary': 'OpenStack-API-Version', 'x-openstack-request-id': 'req-16e3e44a-d0a1-43e7-9615-27a7be6615c4', 'connection': 'close', 'status': '200', 'content-location': 'http://10.132.44.205/volume/v3/volumes/eebf43a1-d822-42f7-9e35-b03be7dda36b'}
        Body: b'{"volume": {"id": "eebf43a1-d822-42f7-9e35-b03be7dda36b", "status": "error", "size": 1, "availability_zone": "nova", "created_at": "2026-02-19T12:16:20.000000", "updated_at": "2026-02-19T12:16:21.000000", "name": "tempest-VolumesTransfersV355Test-Volume-159846129", "description": null, "volume_type": "nvmetcp1", "snapshot_id": null, "source_volid": null, "metadata": {}, "links": [{"rel": "self", "href": "http://10.132.44.205/volume/v3/volumes/eebf43a1-d822-42f7-9e35-b03be7dda36b"}, {"rel": "bookmark", "href": "http://10.132.44.205/volume/volumes/eebf43a1-d822-42f7-9e35-b03be7dda36b"}], "user_id": "e79e612e847e4605aeb8f5072099872e", "bootable": "false", "encrypted": false, "replication_status": null, "consistencygroup_id": null, "multiattach": false, "attachments": [], "group_id": null, "shared_targets": true, "service_uuid": null, "os-vol-tenant-attr:tenant_id": "b16a2f805dbe4fca883b44d6d16adcbb"}}'
2026-02-19 12:16:21,930 123155 INFO     [tempest.lib.common.rest_client] Request (VolumesTransfersV355Test:_run_cleanups): 202 DELETE http://10.132.44.205/volume/v3/volumes/eebf43a1-d822-42f7-9e35-b03be7dda36b 0.164s
2026-02-19 12:16:21,931 123155 DEBUG    [tempest.lib.common.rest_client] Request - Headers: {'Content-Type': 'application/json', 'Accept': 'application/json', 'Openstack-Api-Version': 'volume 3.55', 'X-Auth-Token': '<omitted>'}
        Body: None
    Response - Headers: {'date': 'Thu, 19 Feb 2026 12:16:21 GMT', 'server': 'Apache/2.4.58 (Ubuntu)', 'content-length': '0', 'content-type': 
    'text/html; charset=UTF-8', 'openstack-api-version': 'volume 3.55', 'vary': 'OpenStack-API-Version', 'x-openstack-request-id': 'req-9a127d36-0f4f-42f2-9f50-d1000b891249', 'connection': 'close', 'status': '202', 'content-location': 'http://10.132.44.205/volume/v3/volumes/eebf43a1-d822-42f7-9e35-b03be7dda36b'}
        Body: b''
2026-02-19 12:16:21,966 123155 INFO     [tempest.lib.common.rest_client] Request (VolumesTransfersV355Test:_run_cleanups): 404 GET http://10.132.44.205/volume/v3/volumes/eebf43a1-d822-42f7-9e35-b03be7dda36b 0.034s
2026-02-19 12:16:21,966 123155 DEBUG    [tempest.lib.common.rest_client] Request - Headers: {'Content-Type': 'application/json', 'Accept': 'application/json', 'Openstack-Api-Version': 'volume 3.55', 'X-Auth-Token': '<omitted>'}
        Body: None
    Response - Headers: {'date': 'Thu, 19 Feb 2026 12:16:21 GMT', 'server': 'Apache/2.4.58 (Ubuntu)', 'openstack-api-version': 'volume 3.55', 'vary': 'OpenStack-API-Version', 'content-length': '109', 'content-type': 'application/json', 'x-compute-request-id': 'req-0d72e104-4d9a-4da5-b865-d303d8973a51', 'x-openstack-request-id': 'req-0d72e104-4d9a-4da5-b865-d303d8973a51', 'connection': 'close', 'status': '404', 'content-location': 'http://10.132.44.205/volume/v3/volumes/eebf43a1-d822-42f7-9e35-b03be7dda36b'}
        Body: b'{"itemNotFound": {"code": 404, "message": "Volume eebf43a1-d822-42f7-9e35-b03be7dda36b could not be found."}}'


tempest.api.volume.test_volume_transfers.VolumesTransfersV357Test.test_create_get_list_accept_volume_transfer[id-d746bd69-bb30-4414-9a1c-577959fac6a1]
------------------------------------------------------------------------------------------------------------------------------------------------------

Captured traceback:
~~~~~~~~~~~~~~~~~~~
    Traceback (most recent call last):

      File "/opt/stack/tempest/tempest/api/volume/test_volume_transfers.py", line 144, in test_create_get_list_accept_volume_transfer
    test_create_get_list_accept_volume_transfer()

      File "/opt/stack/tempest/tempest/api/volume/test_volume_transfers.py", line 125, in test_create_get_list_accept_volume_transfer
    test_create_get_list_accept_volume_transfer()

      File "/opt/stack/tempest/tempest/api/volume/test_volume_transfers.py", line 40, in test_create_get_list_accept_volume_transfer
    volume = self.create_volume()
             ^^^^^^^^^^^^^^^^^^^^

      File "/opt/stack/tempest/tempest/api/volume/base.py", line 144, in create_volume
    waiters.wait_for_volume_resource_status(self.volumes_client,

      File "/opt/stack/tempest/tempest/common/waiters.py", line 379, in wait_for_volume_resource_status
    raise exceptions.VolumeResourceBuildErrorException(

    tempest.exceptions.VolumeResourceBuildErrorException: volume 2bd2aece-6f7c-49c4-9125-fc8a11e1b437 failed to build and is in ERROR status


Captured pythonlogging:
~~~~~~~~~~~~~~~~~~~~~~~
    2026-02-19 12:16:29,187 123155 INFO     [tempest.lib.common.rest_client] Request (VolumesTransfersV357Test:test_create_get_list_accept_volume_transfer): 202 POST http://10.132.44.205/volume/v3/volumes 0.493s
2026-02-19 12:16:29,188 123155 DEBUG    [tempest.lib.common.rest_client] Request - Headers: {'Content-Type': 'application/json', 'Accept': 'application/json', 'Openstack-Api-Version': 'volume 3.57', 'X-Auth-Token': '<omitted>'}
        Body: {"volume": {"size": 1, "name": "tempest-VolumesTransfersV357Test-Volume-521134572"}}
    Response - Headers: {'date': 'Thu, 19 Feb 2026 12:16:28 GMT', 'server': 'Apache/2.4.58 (Ubuntu)', 'content-type': 'application/json', 'x-compute-request-id': 'req-50f47b28-fc8d-4375-9784-08dfa38ee5aa', 'content-length': '822', 'openstack-api-version': 'volume 3.57', 'vary': 'OpenStack-API-Version', 'x-openstack-request-id': 'req-50f47b28-fc8d-4375-9784-08dfa38ee5aa', 'connection': 'close', 'status': '202', 'content-location': 'http://10.132.44.205/volume/v3/volumes'}
        Body: b'{"volume": {"id": "2bd2aece-6f7c-49c4-9125-fc8a11e1b437", "status": "creating", "size": 1, "availability_zone": "nova", "created_at": "2026-02-19T12:16:29.093243", "updated_at": null, "name": "tempest-VolumesTransfersV357Test-Volume-521134572", "description": null, "volume_type": "nvmetcp1", "snapshot_id": null, "source_volid": null, "metadata": {}, "links": [{"rel": "self", "href": "http://10.132.44.205/volume/v3/volumes/2bd2aece-6f7c-49c4-9125-fc8a11e1b437"}, {"rel": "bookmark", "href": "http://10.132.44.205/volume/volumes/2bd2aece-6f7c-49c4-9125-fc8a11e1b437"}], "user_id": "5685fddab8a14b188e59abe0f39bfe85", "bootable": "false", "encrypted": false, "replication_status": null, "consistencygroup_id": null, "multiattach": false, "attachments": [], "group_id": null, "shared_targets": true, "service_uuid": null}}'
2026-02-19 12:16:29,250 123155 INFO     [tempest.lib.common.rest_client] Request (VolumesTransfersV357Test:test_create_get_list_accept_volume_transfer): 200 GET http://10.132.44.205/volume/v3/volumes/2bd2aece-6f7c-49c4-9125-fc8a11e1b437 0.056s
2026-02-19 12:16:29,251 123155 DEBUG    [tempest.lib.common.rest_client] Request - Headers: {'Content-Type': 'application/json', 'Accept': 'application/json', 'Openstack-Api-Version': 'volume 3.57', 'X-Auth-Token': '<omitted>'}
        Body: None
    Response - Headers: {'date': 'Thu, 19 Feb 2026 12:16:29 GMT', 'server': 'Apache/2.4.58 (Ubuntu)', 'content-type': 'application/json', 'x-compute-request-id': 'req-f13ad4fa-63df-4b78-b4b6-0f0c8cfe84b3', 'content-length': '890', 'openstack-api-version': 'volume 3.57', 'vary': 'OpenStack-API-Version', 'x-openstack-request-id': 'req-f13ad4fa-63df-4b78-b4b6-0f0c8cfe84b3', 'connection': 'close', 'status': '200', 'content-location': 'http://10.132.44.205/volume/v3/volumes/2bd2aece-6f7c-49c4-9125-fc8a11e1b437'}
        Body: b'{"volume": {"id": "2bd2aece-6f7c-49c4-9125-fc8a11e1b437", "status": "creating", "size": 1, "availability_zone": "nova", "created_at": "2026-02-19T12:16:29.000000", "updated_at": null, "name": "tempest-VolumesTransfersV357Test-Volume-521134572", "description": null, "volume_type": "nvmetcp1", "snapshot_id": null, "source_volid": null, "metadata": {}, "links": [{"rel": "self", "href": "http://10.132.44.205/volume/v3/volumes/2bd2aece-6f7c-49c4-9125-fc8a11e1b437"}, {"rel": "bookmark", "href": "http://10.132.44.205/volume/volumes/2bd2aece-6f7c-49c4-9125-fc8a11e1b437"}], "user_id": "5685fddab8a14b188e59abe0f39bfe85", "bootable": "false", "encrypted": false, "replication_status": null, "consistencygroup_id": null, "multiattach": false, "attachments": [], "group_id": null, "shared_targets": true, "service_uuid": null, "os-vol-tenant-attr:tenant_id": "2775d821edf04901a97b54bd6e6d349e"}}'
2026-02-19 12:16:30,328 123155 INFO     [tempest.lib.common.rest_client] Request (VolumesTransfersV357Test:test_create_get_list_accept_volume_transfer): 200 GET http://10.132.44.205/volume/v3/volumes/2bd2aece-6f7c-49c4-9125-fc8a11e1b437 0.062s
2026-02-19 12:16:30,329 123155 DEBUG    [tempest.lib.common.rest_client] Request - Header
    s: {'Content-Type': 'application/json', 'Accept': 'application/json', 'Openstack-Api-Version': 'volume 3.57', 'X-Auth-Token': '<omitted>'}
        Body: None
    Response - Headers: {'date': 'Thu, 19 Feb 2026 12:16:30 GMT', 'server': 'Apache/2.4.58 (Ubuntu)', 'content-type': 'application/json', 'x-compute-request-id': 'req-a0b678d5-6473-4b89-a101-bc2b84e4b3d2', 'content-length': '911', 'openstack-api-version': 'volume 3.57', 'vary': 'OpenStack-API-Version', 'x-openstack-request-id': 'req-a0b678d5-6473-4b89-a101-bc2b84e4b3d2', 'connection': 'close', 'status': '200', 'content-location': 'http://10.132.44.205/volume/v3/volumes/2bd2aece-6f7c-49c4-9125-fc8a11e1b437'}
        Body: b'{"volume": {"id": "2bd2aece-6f7c-49c4-9125-fc8a11e1b437", "status": "error", "size": 1, "availability_zone": "nova", "created_at": "2026-02-19T12:16:29.000000", "updated_at": "2026-02-19T12:16:29.000000", "name": "tempest-VolumesTransfersV357Test-Volume-521134572", "description": null, "volume_type": "nvmetcp1", "snapshot_id": null, "source_volid": null, "metadata": {}, "links": [{"rel": "self", "href": "http://10.132.44.205/volume/v3/volumes/2bd2aece-6f7c-49c4-9125-fc8a11e1b437"}, {"rel": "bookmark", "href": "http://10.132.44.205/volume/volumes/2bd2aece-6f7c-49c4-9125-fc8a11e1b437"}], "user_id": "5685fddab8a14b188e59abe0f39bfe85", "bootable": "false", "encrypted": false, "replication_status": null, "consistencygroup_id": null, "multiattach": false, "attachments": [], "group_id": null, "shared_targets": true, "service_uuid": null, "os-vol-tenant-attr:tenant_id": "2775d821edf04901a97b54bd6e6d349e"}}'
2026-02-19 12:16:30,402 123155 INFO     [tempest.lib.common.rest_client] Request (VolumesTransfersV357Test:_run_cleanups): 200 GET http://10.132.44.205/volume/v3/volumes/2bd2aece-6f7c-49c4-9125-fc8a11e1b437 0.056s
2026-02-19 12:16:30,403 123155 DEBUG    [tempest.lib.common.rest_client] Request - Headers: {'Content-Type': 'application/json', 'Accept': 'application/json', 'Openstack-Api-Version': 'volume 3.57', 'X-Auth-Token': '<omitted>'}
        Body: None
    Response - Headers: {'date': 'Thu, 19 Feb 2026 12:16:30 GMT', 'server': 'Apache/2.4.58 (Ubuntu)', 'content-type': 'application/json', 'x-compute-request-id': 'req-8b134762-8e3c-498e-ae00-f18d416d3d71', 'content-length': '911', 'openstack-api-version': 'volume 3.57', 'vary': 'OpenStack-API-Version', 'x-openstack-request-id': 'req-8b134762-8e3c-498e-ae00-f18d416d3d71', 'connection': 'close', 'status': '200', 'content-location': 'http://10.132.44.205/volume/v3/volumes/2bd2aece-6f7c-49c4-9125-fc8a11e1b437'}
        Body: b'{"volume": {"id": "2bd2aece-6f7c-49c4-9125-fc8a11e1b437", "status": "error", "size": 1, "availability_zone": "nova", "created_at": "2026-02-19T12:16:29.000000", "updated_at": "2026-02-19T12:16:29.000000", "name": "tempest-VolumesTransfersV357Test-Volume-521134572", "description": null, "volume_type": "nvmetcp1", "snapshot_id": null, "source_volid": null, "metadata": {}, "links": [{"rel": "self", "href": "http://10.132.44.205/volume/v3/volumes/2bd2aece-6f7c-49c4-9125-fc8a11e1b437"}, {"rel": "bookmark", "href": "http://10.132.44.205/volume/volumes/2bd2aece-6f7c-49c4-9125-fc8a11e1b437"}], "user_id": "5685fddab8a14b188e59abe0f39bfe85", "bootable": "false", "encrypted": false, "replication_status": null, "consistencygroup_id": null, "multiattach": false, "attachments": [], "group_id": null, "shared_targets": true, "service_uuid": null, "os-vol-tenant-attr:tenant_id": "2775d821edf04901a97b54bd6e6d349e"}}'
2026-02-19 12:16:30,578 123155 INFO     [tempest.lib.common.rest_client] Request (VolumesTransfersV357Test:_run_cleanups): 202 DELETE http://10.132.44.205/volume/v3/volumes/2bd2aece-6f7c-49c4-9125-fc8a11e1b437 0.154s
2026-02-19 12:16:30,579 123155 DEBUG    [tempest.lib.common.rest_client] Request - Headers: {'Content-Type': 'application/json', 'Accept': 'application/json', 'Openstack-Api-Version': 'volume 3.57', 'X-Auth-Token': '<omitted>'}
        Body: None
    Response - Headers: {'date': 'Thu, 19 Feb 2026 12:16:30 GMT', 'server': 'Apache/2.4.58 (Ubuntu)', 'content-length': '0', 'con
    tent-type': 'text/html; charset=UTF-8', 'openstack-api-version': 'volume 3.57', 'vary': 'OpenStack-API-Version', 'x-openstack-request-id': 'req-6e11269b-45ca-403a-a1d4-1ecce6603a7d', 'connection': 'close', 'status': '202', 'content-location': 'http://10.132.44.205/volume/v3/volumes/2bd2aece-6f7c-49c4-9125-fc8a11e1b437'}
        Body: b''
2026-02-19 12:16:30,609 123155 INFO     [tempest.lib.common.rest_client] Request (VolumesTransfersV357Test:_run_cleanups): 404 GET http://10.132.44.205/volume/v3/volumes/2bd2aece-6f7c-49c4-9125-fc8a11e1b437 0.029s
2026-02-19 12:16:30,609 123155 DEBUG    [tempest.lib.common.rest_client] Request - Headers: {'Content-Type': 'application/json', 'Accept': 'application/json', 'Openstack-Api-Version': 'volume 3.57', 'X-Auth-Token': '<omitted>'}
        Body: None
    Response - Headers: {'date': 'Thu, 19 Feb 2026 12:16:30 GMT', 'server': 'Apache/2.4.58 (Ubuntu)', 'openstack-api-version': 'volume 3.57', 'vary': 'OpenStack-API-Version', 'content-length': '109', 'content-type': 'application/json', 'x-compute-request-id': 'req-4ae0eca4-2c6c-48ca-a596-f7166ec603a3', 'x-openstack-request-id': 'req-4ae0eca4-2c6c-48ca-a596-f7166ec603a3', 'connection': 'close', 'status': '404', 'content-location': 'http://10.132.44.205/volume/v3/volumes/2bd2aece-6f7c-49c4-9125-fc8a11e1b437'}
        Body: b'{"itemNotFound": {"code": 404, "message": "Volume 2bd2aece-6f7c-49c4-9125-fc8a11e1b437 could not be found."}}'


tempest.api.volume.test_volume_transfers.VolumesTransfersV357Test.test_create_list_delete_volume_transfer[id-d4b20ec2-e1bb-4068-adcf-6c20020a8e05]
--------------------------------------------------------------------------------------------------------------------------------------------------

Captured traceback:
~~~~~~~~~~~~~~~~~~~
    Traceback (most recent call last):

      File "/opt/stack/tempest/tempest/api/volume/test_volume_transfers.py", line 150, in test_create_list_delete_volume_transfer
    test_create_list_delete_volume_transfer()

      File "/opt/stack/tempest/tempest/api/volume/test_volume_transfers.py", line 131, in test_create_list_delete_volume_transfer
    test_create_list_delete_volume_transfer()

      File "/opt/stack/tempest/tempest/api/volume/test_volume_transfers.py", line 81, in test_create_list_delete_volume_transfer
    volume = self.create_volume()
             ^^^^^^^^^^^^^^^^^^^^

      File "/opt/stack/tempest/tempest/api/volume/base.py", line 144, in create_volume
    waiters.wait_for_volume_resource_status(self.volumes_client,

      File "/opt/stack/tempest/tempest/common/waiters.py", line 379, in wait_for_volume_resource_status
    raise exceptions.VolumeResourceBuildErrorException(

    tempest.exceptions.VolumeResourceBuildErrorException: volume 8e012455-f500-4a7f-adf1-7ca8f60f9440 failed to build and is in ERROR status


Captured pythonlogging:
~~~~~~~~~~~~~~~~~~~~~~~
    2026-02-19 12:16:30,849 123155 INFO     [tempest.lib.common.rest_client] Request (VolumesTransfersV357Test:test_create_list_delete_volume_transfer): 202 POST http://10.132.44.205/volume/v3/volumes 0.234s
2026-02-19 12:16:30,849 123155 DEBUG    [tempest.lib.common.rest_client] Request - Headers: {'Content-Type': 'application/json', 'Accept': 'application/json', 'Openstack-Api-Version': 'volume 3.57', 'X-Auth-Token': '<omitted>'}
        Body: {"volume": {"size": 1, "name": "tempest-VolumesTransfersV357Test-Volume-895943546"}}
    Response - Headers: {'date': 'Thu, 19 Feb 2026 12:16:30 GMT', 'server': 'Apache/2.4.58 (Ubuntu)', 'content-type': 'application/json', 'x-compute-request-id': 'req-3a8244ce-bb1e-4bbc-ae21-9116469fc49e', 'content-length': '822', 'openstack-api-version': 'volume 3.57', 'vary': 'OpenStack-API-Version', 'x-openstack-request-id': 'req-3a8244ce-bb1e-4bbc-ae21-9116469fc49e', 'connection': 'close', 'status': '202', 'content-location': 'http://10.132.44.205/volume/v3/volumes'}
        Body: b'{"volume": {"id": "8e012455-f500-4a7f-adf1-7ca8f60f9440", "status": "creating", "size": 1, "availability_zone": "nova", "created_at": "2026-02-19T12:16:30.762390", "updated_at": null, "name": "tempest-VolumesTransfersV357Test-Volume-895943546", "description": null, "volume_type": "nvmetcp1", "snapshot_id": null, "source_volid": null, "metadata": {}, "links": [{"rel": "self", "href": "http://10.132.44.205/volume/v3/volumes/8e012455-f500-4a7f-adf1-7ca8f60f9440"}, {"rel": "bookmark", "href": "http://10.132.44.205/volume/volumes/8e012455-f500-4a7f-adf1-7ca8f60f9440"}], "user_id": "5685fddab8a14b188e59abe0f39bfe85", "bootable": "false", "encrypted": false, "replication_status": null, "consistencygroup_id": null, "multiattach": false, "attachments": [], "group_id": null, "shared_targets": true, "service_uuid": null}}'
2026-02-19 12:16:30,910 123155 INFO     [tempest.lib.common.rest_client] Request (VolumesTransfersV357Test:test_create_list_delete_volume_transfer): 200 GET http://10.132.44.205/volume/v3/volumes/8e012455-f500-4a7f-adf1-7ca8f60f9440 0.052s
2026-02-19 12:16:30,910 123155 DEBUG    [tempest.lib.common.rest_client] Request - Headers: {'Content-Type': 'application/json', 'Accept': 'application/json', 'Openstack-Api-Version': 'volume 3.57', 'X-Auth-Token': '<omitted>'}
        Body: None
    Response - Headers: {'date': 'Thu, 19 Feb 2026 12:16:30 GMT', 'server': 'Apache/2.4.58 (Ubuntu)', 'content-type': 'application/json', 'x-compute-request-id': 'req-974d16aa-8c52-40f3-b303-fe2f103d69da', 'content-length': '890', 'openstack-api-version': 'volume 3.57', 'vary': 'OpenStack-API-Version', 'x-openstack-request-id': 'req-974d16aa-8c52-40f3-b303-fe2f103d69da', 'connection': 'close', 'status': '200', 'content-location': 'http://10.132.44.205/volume/v3/volumes/8e012455-f500-4a7f-adf1-7ca8f60f9440'}
        Body: b'{"volume": {"id": "8e012455-f500-4a7f-adf1-7ca8f60f9440", "status": "creating", "size": 1, "availability_zone": "nova", "created_at": "2026-02-19T12:16:31.000000", "updated_at": null, "name": "tempest-VolumesTransfersV357Test-Volume-895943546", "description": null, "volume_type": "nvmetcp1", "snapshot_id": null, "source_volid": null, "metadata": {}, "links": [{"rel": "self", "href": "http://10.132.44.205/volume/v3/volumes/8e012455-f500-4a7f-adf1-7ca8f60f9440"}, {"rel": "bookmark", "href": "http://10.132.44.205/volume/volumes/8e012455-f500-4a7f-adf1-7ca8f60f9440"}], "user_id": "5685fddab8a14b188e59abe0f39bfe85", "bootable": "false", "encrypted": false, "replication_status": null, "consistencygroup_id": null, "multiattach": false, "attachments": [], "group_id": null, "shared_targets": true, "service_uuid": null, "os-vol-tenant-attr:tenant_id": "2775d821edf04901a97b54bd6e6d349e"}}'
2026-02-19 12:16:31,996 123155 INFO     [tempest.lib.common.rest_client] Request (VolumesTransfersV357Test:test_create_list_delete_volume_transfer): 200 GET http://10.132.44.205/volume/v3/volumes/8e012455-f500-4a7f-adf1-7ca8f60f9440 0.062s
2026-02-19 12:16:31,996 123155 DEBUG    [tempest.lib.common.rest_client] Request - Headers: {'Content
    -Type': 'application/json', 'Accept': 'application/json', 'Openstack-Api-Version': 'volume 3.57', 'X-Auth-Token': '<omitted>'}
        Body: None
    Response - Headers: {'date': 'Thu, 19 Feb 2026 12:16:31 GMT', 'server': 'Apache/2.4.58 (Ubuntu)', 'content-type': 'application/json', 'x-compute-request-id': 'req-24901274-1232-4488-9402-d38038151300', 'content-length': '911', 'openstack-api-version': 'volume 3.57', 'vary': 'OpenStack-API-Version', 'x-openstack-request-id': 'req-24901274-1232-4488-9402-d38038151300', 'connection': 'close', 'status': '200', 'content-location': 'http://10.132.44.205/volume/v3/volumes/8e012455-f500-4a7f-adf1-7ca8f60f9440'}
        Body: b'{"volume": {"id": "8e012455-f500-4a7f-adf1-7ca8f60f9440", "status": "error", "size": 1, "availability_zone": "nova", "created_at": "2026-02-19T12:16:31.000000", "updated_at": "2026-02-19T12:16:31.000000", "name": "tempest-VolumesTransfersV357Test-Volume-895943546", "description": null, "volume_type": "nvmetcp1", "snapshot_id": null, "source_volid": null, "metadata": {}, "links": [{"rel": "self", "href": "http://10.132.44.205/volume/v3/volumes/8e012455-f500-4a7f-adf1-7ca8f60f9440"}, {"rel": "bookmark", "href": "http://10.132.44.205/volume/volumes/8e012455-f500-4a7f-adf1-7ca8f60f9440"}], "user_id": "5685fddab8a14b188e59abe0f39bfe85", "bootable": "false", "encrypted": false, "replication_status": null, "consistencygroup_id": null, "multiattach": false, "attachments": [], "group_id": null, "shared_targets": true, "service_uuid": null, "os-vol-tenant-attr:tenant_id": "2775d821edf04901a97b54bd6e6d349e"}}'
2026-02-19 12:16:32,073 123155 INFO     [tempest.lib.common.rest_client] Request (VolumesTransfersV357Test:_run_cleanups): 200 GET http://10.132.44.205/volume/v3/volumes/8e012455-f500-4a7f-adf1-7ca8f60f9440 0.057s
2026-02-19 12:16:32,073 123155 DEBUG    [tempest.lib.common.rest_client] Request - Headers: {'Content-Type': 'application/json', 'Accept': 'application/json', 'Openstack-Api-Version': 'volume 3.57', 'X-Auth-Token': '<omitted>'}
        Body: None
    Response - Headers: {'date': 'Thu, 19 Feb 2026 12:16:32 GMT', 'server': 'Apache/2.4.58 (Ubuntu)', 'content-type': 'application/json', 'x-compute-request-id': 'req-4a2ff40f-a0b1-4b65-8220-20795f989827', 'content-length': '911', 'openstack-api-version': 'volume 3.57', 'vary': 'OpenStack-API-Version', 'x-openstack-request-id': 'req-4a2ff40f-a0b1-4b65-8220-20795f989827', 'connection': 'close', 'status': '200', 'content-location': 'http://10.132.44.205/volume/v3/volumes/8e012455-f500-4a7f-adf1-7ca8f60f9440'}
        Body: b'{"volume": {"id": "8e012455-f500-4a7f-adf1-7ca8f60f9440", "status": "error", "size": 1, "availability_zone": "nova", "created_at": "2026-02-19T12:16:31.000000", "updated_at": "2026-02-19T12:16:31.000000", "name": "tempest-VolumesTransfersV357Test-Volume-895943546", "description": null, "volume_type": "nvmetcp1", "snapshot_id": null, "source_volid": null, "metadata": {}, "links": [{"rel": "self", "href": "http://10.132.44.205/volume/v3/volumes/8e012455-f500-4a7f-adf1-7ca8f60f9440"}, {"rel": "bookmark", "href": "http://10.132.44.205/volume/volumes/8e012455-f500-4a7f-adf1-7ca8f60f9440"}], "user_id": "5685fddab8a14b188e59abe0f39bfe85", "bootable": "false", "encrypted": false, "replication_status": null, "consistencygroup_id": null, "multiattach": false, "attachments": [], "group_id": null, "shared_targets": true, "service_uuid": null, "os-vol-tenant-attr:tenant_id": "2775d821edf04901a97b54bd6e6d349e"}}'
2026-02-19 12:16:32,272 123155 INFO     [tempest.lib.common.rest_client] Request (VolumesTransfersV357Test:_run_cleanups): 202 DELETE http://10.132.44.205/volume/v3/volumes/8e012455-f500-4a7f-adf1-7ca8f60f9440 0.186s
2026-02-19 12:16:32,273 123155 DEBUG    [tempest.lib.common.rest_client] Request - Headers: {'Content-Type': 'application/json', 'Accept': 'application/json', 'Openstack-Api-Version': 'volume 3.57', 'X-Auth-Token': '<omitted>'}
        Body: None
    Response - Headers: {'date': 'Thu, 19 Feb 2026 12:16:32 GMT', 'server': 'Apache/2.4.58 (Ubuntu)', 'content-length': '0', 'content-type': 
    'text/html; charset=UTF-8', 'openstack-api-version': 'volume 3.57', 'vary': 'OpenStack-API-Version', 'x-openstack-request-id': 'req-97510077-13ab-4634-b3f8-6111fece2020', 'connection': 'close', 'status': '202', 'content-location': 'http://10.132.44.205/volume/v3/volumes/8e012455-f500-4a7f-adf1-7ca8f60f9440'}
        Body: b''
2026-02-19 12:16:32,307 123155 INFO     [tempest.lib.common.rest_client] Request (VolumesTransfersV357Test:_run_cleanups): 404 GET http://10.132.44.205/volume/v3/volumes/8e012455-f500-4a7f-adf1-7ca8f60f9440 0.033s
2026-02-19 12:16:32,308 123155 DEBUG    [tempest.lib.common.rest_client] Request - Headers: {'Content-Type': 'application/json', 'Accept': 'application/json', 'Openstack-Api-Version': 'volume 3.57', 'X-Auth-Token': '<omitted>'}
        Body: None
    Response - Headers: {'date': 'Thu, 19 Feb 2026 12:16:32 GMT', 'server': 'Apache/2.4.58 (Ubuntu)', 'openstack-api-version': 'volume 3.57', 'vary': 'OpenStack-API-Version', 'content-length': '109', 'content-type': 'application/json', 'x-compute-request-id': 'req-58be0d84-c0b2-4ca2-a5f1-8c2851bf4d03', 'x-openstack-request-id': 'req-58be0d84-c0b2-4ca2-a5f1-8c2851bf4d03', 'connection': 'close', 'status': '404', 'content-location': 'http://10.132.44.205/volume/v3/volumes/8e012455-f500-4a7f-adf1-7ca8f60f9440'}
        Body: b'{"itemNotFound": {"code": 404, "message": "Volume 8e012455-f500-4a7f-adf1-7ca8f60f9440 could not be found."}}'


tempest.api.volume.test_volumes_clone.VolumesCloneTest.test_create_from_volume[id-9adae371-a257-43a5-9555-dc7c88e66e0e]
-----------------------------------------------------------------------------------------------------------------------

Captured traceback:
~~~~~~~~~~~~~~~~~~~
    Traceback (most recent call last):

      File "/opt/stack/tempest/tempest/api/volume/test_volumes_clone.py", line 54, in test_create_from_volume
    src_vol = self.create_volume(size=src_size)
              ^^^^^^^^^^^^^^^^^^^^^^^^^^^^^^^^^

      File "/opt/stack/tempest/tempest/api/volume/base.py", line 144, in create_volume
    waiters.wait_for_volume_resource_status(self.volumes_client,

      File "/opt/stack/tempest/tempest/common/waiters.py", line 379, in wait_for_volume_resource_status
    raise exceptions.VolumeResourceBuildErrorException(

    tempest.exceptions.VolumeResourceBuildErrorException: volume 6dc39155-279c-4206-8474-c4c0ef707e20 failed to build and is in ERROR status


Captured pythonlogging:
~~~~~~~~~~~~~~~~~~~~~~~
    2026-02-19 12:16:37,469 123155 INFO     [tempest.lib.common.rest_client] Request (VolumesCloneTest:test_create_from_volume): 202 POST http://10.132.44.205/volume/v3/volumes 0.495s
2026-02-19 12:16:37,470 123155 DEBUG    [tempest.lib.common.rest_client] Request - Headers: {'Content-Type': 'application/json', 'Accept': 'application/json', 'X-Auth-Token': '<omitted>'}
        Body: {"volume": {"size": 1, "name": "tempest-VolumesCloneTest-Volume-2125408558"}}
    Response - Headers: {'date': 'Thu, 19 Feb 2026 12:16:36 GMT', 'server': 'Apache/2.4.58 (Ubuntu)', 'content-type': 'application/json', 'x-compute-request-id': 'req-edce53a7-0c54-4ae9-bd85-b123ab0ed0a1', 'content-length': '751', 'openstack-api-version': 'volume 3.0', 'vary': 'OpenStack-API-Version', 'x-openstack-request-id': 'req-edce53a7-0c54-4ae9-bd85-b123ab0ed0a1', 'connection': 'close', 'status': '202', 'content-location': 'http://10.132.44.205/volume/v3/volumes'}
        Body: b'{"volume": {"id": "6dc39155-279c-4206-8474-c4c0ef707e20", "status": "creating", "size": 1, "availability_zone": "nova", "created_at": "2026-02-19T12:16:37.340480", "updated_at": null, "name": "tempest-VolumesCloneTest-Volume-2125408558", "description": null, "volume_type": "nvmetcp1", "snapshot_id": null, "source_volid": null, "metadata": {}, "links": [{"rel": "self", "href": "http://10.132.44.205/volume/v3/volumes/6dc39155-279c-4206-8474-c4c0ef707e20"}, {"rel": "bookmark", "href": "http://10.132.44.205/volume/volumes/6dc39155-279c-4206-8474-c4c0ef707e20"}], "user_id": "30c92d33889e4caf9d6958d65a3df9d1", "bootable": "false", "encrypted": false, "replication_status": null, "consistencygroup_id": null, "multiattach": false, "attachments": []}}'
2026-02-19 12:16:37,530 123155 INFO     [tempest.lib.common.rest_client] Request (VolumesCloneTest:test_create_from_volume): 200 GET http://10.132.44.205/volume/v3/volumes/6dc39155-279c-4206-8474-c4c0ef707e20 0.048s
2026-02-19 12:16:37,531 123155 DEBUG    [tempest.lib.common.rest_client] Request - Headers: {'Content-Type': 'application/json', 'Accept': 'application/json', 'X-Auth-Token': '<omitted>'}
        Body: None
    Response - Headers: {'date': 'Thu, 19 Feb 2026 12:16:37 GMT', 'server': 'Apache/2.4.58 (Ubuntu)', 'content-type': 'application/json', 'x-compute-request-id': 'req-0e33ca27-0bbf-4c26-a4a7-0ab2c22cfd18', 'content-length': '819', 'openstack-api-version': 'volume 3.0', 'vary': 'OpenStack-API-Version', 'x-openstack-request-id': 'req-0e33ca27-0bbf-4c26-a4a7-0ab2c22cfd18', 'connection': 'close', 'status': '200', 'content-location': 'http://10.132.44.205/volume/v3/volumes/6dc39155-279c-4206-8474-c4c0ef707e20'}
        Body: b'{"volume": {"id": "6dc39155-279c-4206-8474-c4c0ef707e20", "status": "creating", "size": 1, "availability_zone": "nova", "created_at": "2026-02-19T12:16:37.000000", "updated_at": null, "name": "tempest-VolumesCloneTest-Volume-2125408558", "description": null, "volume_type": "nvmetcp1", "snapshot_id": null, "source_volid": null, "metadata": {}, "links": [{"rel": "self", "href": "http://10.132.44.205/volume/v3/volumes/6dc39155-279c-4206-8474-c4c0ef707e20"}, {"rel": "bookmark", "href": "http://10.132.44.205/volume/volumes/6dc39155-279c-4206-8474-c4c0ef707e20"}], "user_id": "30c92d33889e4caf9d6958d65a3df9d1", "bootable": "false", "encrypted": false, "replication_status": null, "consistencygroup_id": null, "multiattach": false, "attachments": [], "os-vol-tenant-attr:tenant_id": "a9aaca5f8e8049da9226dbb338990065"}}'
2026-02-19 12:16:38,612 123155 INFO     [tempest.lib.common.rest_client] Request (VolumesCloneTest:test_create_from_volume): 200 GET http://10.132.44.205/volume/v3/volumes/6dc39155-279c-4206-8474-c4c0ef707e20 0.063s
2026-02-19 12:16:38,613 123155 DEBUG    [tempest.lib.common.rest_client] Request - Headers: {'Content-Type': 'application/json', 'Accept': 'application/json', 'X-Auth-Token': '<omitted>'}
        Body: None
    Response - Headers: {'date': 'Thu, 19 Feb 2026 12:16:38 GMT', 'server': 'Apache/2.4.58 (Ubuntu)', 'content-type': 'application/json', 'x-compute-request-id': 'req-182740be-fe4c-4eb3-91e7-df17cb
    480e1f', 'content-length': '840', 'openstack-api-version': 'volume 3.0', 'vary': 'OpenStack-API-Version', 'x-openstack-request-id': 'req-182740be-fe4c-4eb3-91e7-df17cb480e1f', 'connection': 'close', 'status': '200', 'content-location': 'http://10.132.44.205/volume/v3/volumes/6dc39155-279c-4206-8474-c4c0ef707e20'}
        Body: b'{"volume": {"id": "6dc39155-279c-4206-8474-c4c0ef707e20", "status": "error", "size": 1, "availability_zone": "nova", "created_at": "2026-02-19T12:16:37.000000", "updated_at": "2026-02-19T12:16:38.000000", "name": "tempest-VolumesCloneTest-Volume-2125408558", "description": null, "volume_type": "nvmetcp1", "snapshot_id": null, "source_volid": null, "metadata": {}, "links": [{"rel": "self", "href": "http://10.132.44.205/volume/v3/volumes/6dc39155-279c-4206-8474-c4c0ef707e20"}, {"rel": "bookmark", "href": "http://10.132.44.205/volume/volumes/6dc39155-279c-4206-8474-c4c0ef707e20"}], "user_id": "30c92d33889e4caf9d6958d65a3df9d1", "bootable": "false", "encrypted": false, "replication_status": null, "consistencygroup_id": null, "multiattach": false, "attachments": [], "os-vol-tenant-attr:tenant_id": "a9aaca5f8e8049da9226dbb338990065"}}'
2026-02-19 12:16:38,690 123155 INFO     [tempest.lib.common.rest_client] Request (VolumesCloneTest:_run_cleanups): 200 GET http://10.132.44.205/volume/v3/volumes/6dc39155-279c-4206-8474-c4c0ef707e20 0.059s
2026-02-19 12:16:38,690 123155 DEBUG    [tempest.lib.common.rest_client] Request - Headers: {'Content-Type': 'application/json', 'Accept': 'application/json', 'X-Auth-Token': '<omitted>'}
        Body: None
    Response - Headers: {'date': 'Thu, 19 Feb 2026 12:16:38 GMT', 'server': 'Apache/2.4.58 (Ubuntu)', 'content-type': 'application/json', 'x-compute-request-id': 'req-de3f06e7-9155-49c1-80e9-ebb1a3e5bfa8', 'content-length': '840', 'openstack-api-version': 'volume 3.0', 'vary': 'OpenStack-API-Version', 'x-openstack-request-id': 'req-de3f06e7-9155-49c1-80e9-ebb1a3e5bfa8', 'connection': 'close', 'status': '200', 'content-location': 'http://10.132.44.205/volume/v3/volumes/6dc39155-279c-4206-8474-c4c0ef707e20'}
        Body: b'{"volume": {"id": "6dc39155-279c-4206-8474-c4c0ef707e20", "status": "error", "size": 1, "availability_zone": "nova", "created_at": "2026-02-19T12:16:37.000000", "updated_at": "2026-02-19T12:16:38.000000", "name": "tempest-VolumesCloneTest-Volume-2125408558", "description": null, "volume_type": "nvmetcp1", "snapshot_id": null, "source_volid": null, "metadata": {}, "links": [{"rel": "self", "href": "http://10.132.44.205/volume/v3/volumes/6dc39155-279c-4206-8474-c4c0ef707e20"}, {"rel": "bookmark", "href": "http://10.132.44.205/volume/volumes/6dc39155-279c-4206-8474-c4c0ef707e20"}], "user_id": "30c92d33889e4caf9d6958d65a3df9d1", "bootable": "false", "encrypted": false, "replication_status": null, "consistencygroup_id": null, "multiattach": false, "attachments": [], "os-vol-tenant-attr:tenant_id": "a9aaca5f8e8049da9226dbb338990065"}}'
2026-02-19 12:16:38,878 123155 INFO     [tempest.lib.common.rest_client] Request (VolumesCloneTest:_run_cleanups): 202 DELETE http://10.132.44.205/volume/v3/volumes/6dc39155-279c-4206-8474-c4c0ef707e20 0.169s
2026-02-19 12:16:38,879 123155 DEBUG    [tempest.lib.common.rest_client] Request - Headers: {'Content-Type': 'application/json', 'Accept': 'application/json', 'X-Auth-Token': '<omitted>'}
        Body: None
    Response - Headers: {'date': 'Thu, 19 Feb 2026 12:16:38 GMT', 'server': 'Apache/2.4.58 (Ubuntu)', 'content-length': '0', 'content-type': 'text/html; charset=UTF-8', 'openstack-api-version': 'volume 3.0', 'vary': 'OpenStack-API-Version', 'x-openstack-request-id': 'req-1fb3ee03-408d-4992-afe7-3d41882a1fb9', 'connection': 'close', 'status': '202', 'content-location': 'http://10.132.44.205/volume/v3/volumes/6dc39155-279c-4206-8474-c4c0ef707e20'}
        Body: b''
2026-02-19 12:16:38,913 123155 INFO     [tempest.lib.common.rest_client] Request (VolumesCloneTest:_run_cleanups): 404 GET http://10.132.44.205/volume/v3/volumes/6dc39155-279c-4206-8474-c4c0ef707e20 0.033s
2026-02-19 12:16:38,914 123155 DEBUG    [tempest.l
    ib.common.rest_client] Request - Headers: {'Content-Type': 'application/json', 'Accept': 'application/json', 'X-Auth-Token': '<omitted>'}
        Body: None
    Response - Headers: {'date': 'Thu, 19 Feb 2026 12:16:38 GMT', 'server': 'Apache/2.4.58 (Ubuntu)', 'openstack-api-version': 'volume 3.0', 'vary': 'OpenStack-API-Version', 'content-length': '109', 'content-type': 'application/json', 'x-compute-request-id': 'req-39aeec57-f4bd-4d95-b884-418c2fbc5e01', 'x-openstack-request-id': 'req-39aeec57-f4bd-4d95-b884-418c2fbc5e01', 'connection': 'close', 'status': '404', 'content-location': 'http://10.132.44.205/volume/v3/volumes/6dc39155-279c-4206-8474-c4c0ef707e20'}
        Body: b'{"itemNotFound": {"code": 404, "message": "Volume 6dc39155-279c-4206-8474-c4c0ef707e20 could not be found."}}'


tempest.api.volume.test_volumes_clone_negative.VolumesCloneNegativeTest.test_create_from_volume_decreasing_size[id-9adae371-a257-43a5-459a-dc7c88e66e0e,negative]
-----------------------------------------------------------------------------------------------------------------------------------------------------------------

Captured traceback:
~~~~~~~~~~~~~~~~~~~
    Traceback (most recent call last):

      File "/opt/stack/tempest/tempest/api/volume/test_volumes_clone_negative.py", line 40, in test_create_from_volume_decreasing_size
    src_vol = self.create_volume(size=src_size)
              ^^^^^^^^^^^^^^^^^^^^^^^^^^^^^^^^^

      File "/opt/stack/tempest/tempest/api/volume/base.py", line 144, in create_volume
    waiters.wait_for_volume_resource_status(self.volumes_client,

      File "/opt/stack/tempest/tempest/common/waiters.py", line 379, in wait_for_volume_resource_status
    raise exceptions.VolumeResourceBuildErrorException(

    tempest.exceptions.VolumeResourceBuildErrorException: volume 8b2f8f0a-6d16-47c3-8dd6-c3577a63a38b failed to build and is in ERROR status


Captured pythonlogging:
~~~~~~~~~~~~~~~~~~~~~~~
    2026-02-19 12:16:41,992 123155 INFO     [tempest.lib.common.rest_client] Request (VolumesCloneNegativeTest:test_create_from_volume_decreasing_size): 202 POST http://10.132.44.205/volume/v3/volumes 0.470s
2026-02-19 12:16:41,993 123155 DEBUG    [tempest.lib.common.rest_client] Request - Headers: {'Content-Type': 'application/json', 'Accept': 'application/json', 'X-Auth-Token': '<omitted>'}
        Body: {"volume": {"size": 2, "name": "tempest-VolumesCloneNegativeTest-Volume-1279234968"}}
    Response - Headers: {'date': 'Thu, 19 Feb 2026 12:16:41 GMT', 'server': 'Apache/2.4.58 (Ubuntu)', 'content-type': 'application/json', 'x-compute-request-id': 'req-1a8e625c-c706-4c85-8457-92ffa4d90e76', 'content-length': '759', 'openstack-api-version': 'volume 3.0', 'vary': 'OpenStack-API-Version', 'x-openstack-request-id': 'req-1a8e625c-c706-4c85-8457-92ffa4d90e76', 'connection': 'close', 'status': '202', 'content-location': 'http://10.132.44.205/volume/v3/volumes'}
        Body: b'{"volume": {"id": "8b2f8f0a-6d16-47c3-8dd6-c3577a63a38b", "status": "creating", "size": 2, "availability_zone": "nova", "created_at": "2026-02-19T12:16:41.901920", "updated_at": null, "name": "tempest-VolumesCloneNegativeTest-Volume-1279234968", "description": null, "volume_type": "nvmetcp1", "snapshot_id": null, "source_volid": null, "metadata": {}, "links": [{"rel": "self", "href": "http://10.132.44.205/volume/v3/volumes/8b2f8f0a-6d16-47c3-8dd6-c3577a63a38b"}, {"rel": "bookmark", "href": "http://10.132.44.205/volume/volumes/8b2f8f0a-6d16-47c3-8dd6-c3577a63a38b"}], "user_id": "21bdf4ac764247f5b41e22297da0108a", "bootable": "false", "encrypted": false, "replication_status": null, "consistencygroup_id": null, "multiattach": false, "attachments": []}}'
2026-02-19 12:16:42,074 123155 INFO     [tempest.lib.common.rest_client] Request (VolumesCloneNegativeTest:test_create_from_volume_decreasing_size): 200 GET http://10.132.44.205/volume/v3/volumes/8b2f8f0a-6d16-47c3-8dd6-c3577a63a38b 0.060s
2026-02-19 12:16:42,074 123155 DEBUG    [tempest.lib.common.rest_client] Request - Headers: {'Content-Type': 'application/json', 'Accept': 'application/json', 'X-Auth-Token': '<omitted>'}
        Body: None
    Response - Headers: {'date': 'Thu, 19 Feb 2026 12:16:42 GMT', 'server': 'Apache/2.4.58 (Ubuntu)', 'content-type': 'application/json', 'x-compute-request-id': 'req-2b68c39d-0023-4436-8c61-cb764fc36c49', 'content-length': '827', 'openstack-api-version': 'volume 3.0', 'vary': 'OpenStack-API-Version', 'x-openstack-request-id': 'req-2b68c39d-0023-4436-8c61-cb764fc36c49', 'connection': 'close', 'status': '200', 'content-location': 'http://10.132.44.205/volume/v3/volumes/8b2f8f0a-6d16-47c3-8dd6-c3577a63a38b'}
        Body: b'{"volume": {"id": "8b2f8f0a-6d16-47c3-8dd6-c3577a63a38b", "status": "creating", "size": 2, "availability_zone": "nova", "created_at": "2026-02-19T12:16:42.000000", "updated_at": null, "name": "tempest-VolumesCloneNegativeTest-Volume-1279234968", "description": null, "volume_type": "nvmetcp1", "snapshot_id": null, "source_volid": null, "metadata": {}, "links": [{"rel": "self", "href": "http://10.132.44.205/volume/v3/volumes/8b2f8f0a-6d16-47c3-8dd6-c3577a63a38b"}, {"rel": "bookmark", "href": "http://10.132.44.205/volume/volumes/8b2f8f0a-6d16-47c3-8dd6-c3577a63a38b"}], "user_id": "21bdf4ac764247f5b41e22297da0108a", "bootable": "false", "encrypted": false, "replication_status": null, "consistencygroup_id": null, "multiattach": false, "attachments": [], "os-vol-tenant-attr:tenant_id": "28c4bb23f85644f79c17ae373fe9775f"}}'
2026-02-19 12:16:43,153 123155 INFO     [tempest.lib.common.rest_client] Request (VolumesCloneNegativeTest:test_create_from_volume_decreasing_size): 200 GET http://10.132.44.205/volume/v3/volumes/8b2f8f0a-6d16-47c3-8dd6-c3577a63a38b 0.061s
2026-02-19 12:16:43,154 123155 DEBUG    [tempest.lib.common.rest_client] Request - Headers: {'Content-Type': 'application/json', 'Accept': 'application/json', 'X-Auth-Token': '<omitted>'}
        Body: None
    Response - Headers: {'date': 'Thu, 19 Feb 2026 12:16:43 GMT', 'server': 'Apache/2.4.58 (Ubuntu)',
     'content-type': 'application/json', 'x-compute-request-id': 'req-995729c5-e2d1-45e4-b07c-d548d4ff247f', 'content-length': '848', 'openstack-api-version': 'volume 3.0', 'vary': 'OpenStack-API-Version', 'x-openstack-request-id': 'req-995729c5-e2d1-45e4-b07c-d548d4ff247f', 'connection': 'close', 'status': '200', 'content-location': 'http://10.132.44.205/volume/v3/volumes/8b2f8f0a-6d16-47c3-8dd6-c3577a63a38b'}
        Body: b'{"volume": {"id": "8b2f8f0a-6d16-47c3-8dd6-c3577a63a38b", "status": "error", "size": 2, "availability_zone": "nova", "created_at": "2026-02-19T12:16:42.000000", "updated_at": "2026-02-19T12:16:42.000000", "name": "tempest-VolumesCloneNegativeTest-Volume-1279234968", "description": null, "volume_type": "nvmetcp1", "snapshot_id": null, "source_volid": null, "metadata": {}, "links": [{"rel": "self", "href": "http://10.132.44.205/volume/v3/volumes/8b2f8f0a-6d16-47c3-8dd6-c3577a63a38b"}, {"rel": "bookmark", "href": "http://10.132.44.205/volume/volumes/8b2f8f0a-6d16-47c3-8dd6-c3577a63a38b"}], "user_id": "21bdf4ac764247f5b41e22297da0108a", "bootable": "false", "encrypted": false, "replication_status": null, "consistencygroup_id": null, "multiattach": false, "attachments": [], "os-vol-tenant-attr:tenant_id": "28c4bb23f85644f79c17ae373fe9775f"}}'
2026-02-19 12:16:43,226 123155 INFO     [tempest.lib.common.rest_client] Request (VolumesCloneNegativeTest:_run_cleanups): 200 GET http://10.132.44.205/volume/v3/volumes/8b2f8f0a-6d16-47c3-8dd6-c3577a63a38b 0.054s
2026-02-19 12:16:43,227 123155 DEBUG    [tempest.lib.common.rest_client] Request - Headers: {'Content-Type': 'application/json', 'Accept': 'application/json', 'X-Auth-Token': '<omitted>'}
        Body: None
    Response - Headers: {'date': 'Thu, 19 Feb 2026 12:16:43 GMT', 'server': 'Apache/2.4.58 (Ubuntu)', 'content-type': 'application/json', 'x-compute-request-id': 'req-29e386f9-774a-408a-b18e-a3604a72d8c0', 'content-length': '848', 'openstack-api-version': 'volume 3.0', 'vary': 'OpenStack-API-Version', 'x-openstack-request-id': 'req-29e386f9-774a-408a-b18e-a3604a72d8c0', 'connection': 'close', 'status': '200', 'content-location': 'http://10.132.44.205/volume/v3/volumes/8b2f8f0a-6d16-47c3-8dd6-c3577a63a38b'}
        Body: b'{"volume": {"id": "8b2f8f0a-6d16-47c3-8dd6-c3577a63a38b", "status": "error", "size": 2, "availability_zone": "nova", "created_at": "2026-02-19T12:16:42.000000", "updated_at": "2026-02-19T12:16:42.000000", "name": "tempest-VolumesCloneNegativeTest-Volume-1279234968", "description": null, "volume_type": "nvmetcp1", "snapshot_id": null, "source_volid": null, "metadata": {}, "links": [{"rel": "self", "href": "http://10.132.44.205/volume/v3/volumes/8b2f8f0a-6d16-47c3-8dd6-c3577a63a38b"}, {"rel": "bookmark", "href": "http://10.132.44.205/volume/volumes/8b2f8f0a-6d16-47c3-8dd6-c3577a63a38b"}], "user_id": "21bdf4ac764247f5b41e22297da0108a", "bootable": "false", "encrypted": false, "replication_status": null, "consistencygroup_id": null, "multiattach": false, "attachments": [], "os-vol-tenant-attr:tenant_id": "28c4bb23f85644f79c17ae373fe9775f"}}'
2026-02-19 12:16:43,404 123155 INFO     [tempest.lib.common.rest_client] Request (VolumesCloneNegativeTest:_run_cleanups): 202 DELETE http://10.132.44.205/volume/v3/volumes/8b2f8f0a-6d16-47c3-8dd6-c3577a63a38b 0.162s
2026-02-19 12:16:43,404 123155 DEBUG    [tempest.lib.common.rest_client] Request - Headers: {'Content-Type': 'application/json', 'Accept': 'application/json', 'X-Auth-Token': '<omitted>'}
        Body: None
    Response - Headers: {'date': 'Thu, 19 Feb 2026 12:16:43 GMT', 'server': 'Apache/2.4.58 (Ubuntu)', 'content-length': '0', 'content-type': 'text/html; charset=UTF-8', 'openstack-api-version': 'volume 3.0', 'vary': 'OpenStack-API-Version', 'x-openstack-request-id': 'req-15bbbe72-62bb-4579-9f8f-90236f02e25e', 'connection': 'close', 'status': '202', 'content-location': 'http://10.132.44.205/volume/v3/volumes/8b2f8f0a-6d16-47c3-8dd6-c3577a63a38b'}
        Body: b''
2026-02-19 12:16:43,437 123155 INFO     [tempest.lib.common.rest_client] Request (VolumesCloneNegativeTest:_run_cleanups): 404 G
    ET http://10.132.44.205/volume/v3/volumes/8b2f8f0a-6d16-47c3-8dd6-c3577a63a38b 0.031s
2026-02-19 12:16:43,437 123155 DEBUG    [tempest.lib.common.rest_client] Request - Headers: {'Content-Type': 'application/json', 'Accept': 'application/json', 'X-Auth-Token': '<omitted>'}
        Body: None
    Response - Headers: {'date': 'Thu, 19 Feb 2026 12:16:43 GMT', 'server': 'Apache/2.4.58 (Ubuntu)', 'openstack-api-version': 'volume 3.0', 'vary': 'OpenStack-API-Version', 'content-length': '109', 'content-type': 'application/json', 'x-compute-request-id': 'req-0b534f25-dfd5-4188-b573-f9533ec6c307', 'x-openstack-request-id': 'req-0b534f25-dfd5-4188-b573-f9533ec6c307', 'connection': 'close', 'status': '404', 'content-location': 'http://10.132.44.205/volume/v3/volumes/8b2f8f0a-6d16-47c3-8dd6-c3577a63a38b'}
        Body: b'{"itemNotFound": {"code": 404, "message": "Volume 8b2f8f0a-6d16-47c3-8dd6-c3577a63a38b could not be found."}}'


tempest.api.volume.test_volumes_get.VolumesGetTest.test_volume_create_get_update_delete[id-27fb0e9f-fb64-41dd-8bdb-1ffa762f0d51,smoke]
--------------------------------------------------------------------------------------------------------------------------------------

Captured traceback:
~~~~~~~~~~~~~~~~~~~
    Traceback (most recent call last):

      File "/opt/stack/tempest/tempest/api/volume/test_volumes_get.py", line 117, in test_volume_create_get_update_delete
    self._volume_create_get_update_delete(size=CONF.volume.volume_size)

      File "/opt/stack/tempest/tempest/api/volume/test_volumes_get.py", line 40, in _volume_create_get_update_delete
    volume = self.create_volume(wait_until='available', **kwargs)
             ^^^^^^^^^^^^^^^^^^^^^^^^^^^^^^^^^^^^^^^^^^^^^^^^^^^^

      File "/opt/stack/tempest/tempest/api/volume/base.py", line 144, in create_volume
    waiters.wait_for_volume_resource_status(self.volumes_client,

      File "/opt/stack/tempest/tempest/common/waiters.py", line 379, in wait_for_volume_resource_status
    raise exceptions.VolumeResourceBuildErrorException(

    tempest.exceptions.VolumeResourceBuildErrorException: volume d3a39bd0-6146-4907-9956-bc7e2ea580fc failed to build and is in ERROR status


Captured pythonlogging:
~~~~~~~~~~~~~~~~~~~~~~~
    2026-02-19 12:16:46,243 123155 INFO     [tempest.lib.common.rest_client] Request (VolumesGetTest:test_volume_create_get_update_delete): 202 POST http://10.132.44.205/volume/v3/volumes 0.367s
2026-02-19 12:16:46,244 123155 DEBUG    [tempest.lib.common.rest_client] Request - Headers: {'Content-Type': 'application/json', 'Accept': 'application/json', 'X-Auth-Token': '<omitted>'}
        Body: {"volume": {"size": 1, "name": "tempest-VolumesGetTest-Volume-125375971", "metadata": {"Type": "Test"}}}
    Response - Headers: {'date': 'Thu, 19 Feb 2026 12:16:45 GMT', 'server': 'Apache/2.4.58 (Ubuntu)', 'content-type': 'application/json', 'x-compute-request-id': 'req-7e52de06-84cd-4519-9770-e505bcda103d', 'content-length': '762', 'openstack-api-version': 'volume 3.0', 'vary': 'OpenStack-API-Version', 'x-openstack-request-id': 'req-7e52de06-84cd-4519-9770-e505bcda103d', 'connection': 'close', 'status': '202', 'content-location': 'http://10.132.44.205/volume/v3/volumes'}
        Body: b'{"volume": {"id": "d3a39bd0-6146-4907-9956-bc7e2ea580fc", "status": "creating", "size": 1, "availability_zone": "nova", "created_at": "2026-02-19T12:16:46.157437", "updated_at": null, "name": "tempest-VolumesGetTest-Volume-125375971", "description": null, "volume_type": "nvmetcp1", "snapshot_id": null, "source_volid": null, "metadata": {"Type": "Test"}, "links": [{"rel": "self", "href": "http://10.132.44.205/volume/v3/volumes/d3a39bd0-6146-4907-9956-bc7e2ea580fc"}, {"rel": "bookmark", "href": "http://10.132.44.205/volume/volumes/d3a39bd0-6146-4907-9956-bc7e2ea580fc"}], "user_id": "744b750a21da4e35bb767ac34eeb1d1d", "bootable": "false", "encrypted": false, "replication_status": null, "consistencygroup_id": null, "multiattach": false, "attachments": []}}'
2026-02-19 12:16:46,300 123155 INFO     [tempest.lib.common.rest_client] Request (VolumesGetTest:test_volume_create_get_update_delete): 200 GET http://10.132.44.205/volume/v3/volumes/d3a39bd0-6146-4907-9956-bc7e2ea580fc 0.045s
2026-02-19 12:16:46,301 123155 DEBUG    [tempest.lib.common.rest_client] Request - Headers: {'Content-Type': 'application/json', 'Accept': 'application/json', 'X-Auth-Token': '<omitted>'}
        Body: None
    Response - Headers: {'date': 'Thu, 19 Feb 2026 12:16:46 GMT', 'server': 'Apache/2.4.58 (Ubuntu)', 'content-type': 'application/json', 'x-compute-request-id': 'req-28a6c4e0-0eb3-4acb-8624-a4a1aef2858a', 'content-length': '830', 'openstack-api-version': 'volume 3.0', 'vary': 'OpenStack-API-Version', 'x-openstack-request-id': 'req-28a6c4e0-0eb3-4acb-8624-a4a1aef2858a', 'connection': 'close', 'status': '200', 'content-location': 'http://10.132.44.205/volume/v3/volumes/d3a39bd0-6146-4907-9956-bc7e2ea580fc'}
        Body: b'{"volume": {"id": "d3a39bd0-6146-4907-9956-bc7e2ea580fc", "status": "creating", "size": 1, "availability_zone": "nova", "created_at": "2026-02-19T12:16:46.000000", "updated_at": null, "name": "tempest-VolumesGetTest-Volume-125375971", "description": null, "volume_type": "nvmetcp1", "snapshot_id": null, "source_volid": null, "metadata": {"Type": "Test"}, "links": [{"rel": "self", "href": "http://10.132.44.205/volume/v3/volumes/d3a39bd0-6146-4907-9956-bc7e2ea580fc"}, {"rel": "bookmark", "href": "http://10.132.44.205/volume/volumes/d3a39bd0-6146-4907-9956-bc7e2ea580fc"}], "user_id": "744b750a21da4e35bb767ac34eeb1d1d", "bootable": "false", "encrypted": false, "replication_status": null, "consistencygroup_id": null, "multiattach": false, "attachments": [], "os-vol-tenant-attr:tenant_id": "ed01743ef84b42a991e3d110a5ddc1ff"}}'
2026-02-19 12:16:47,386 123155 INFO     [tempest.lib.common.rest_client] Request (VolumesGetTest:test_volume_create_get_update_delete): 200 GET http://10.132.44.205/volume/v3/volumes/d3a39bd0-6146-4907-9956-bc7e2ea580fc 0.070s
2026-02-19 12:16:47,386 123155 DEBUG    [tempest.lib.common.rest_client] Request - Headers: {'Content-Type': 'application/json', 'Accept': 'application/json', 'X-Auth-Token': '<omitted>'}
        Body: None
    Response - Headers: {'date': 'Thu, 19 Feb 2026 12:16:47 GMT', 'server': 'Apache/2.4.58 (Ubuntu)', 'content-type
    ': 'application/json', 'x-compute-request-id': 'req-178a2748-b51f-453a-8ea1-fd83ba9a41c1', 'content-length': '851', 'openstack-api-version': 'volume 3.0', 'vary': 'OpenStack-API-Version', 'x-openstack-request-id': 'req-178a2748-b51f-453a-8ea1-fd83ba9a41c1', 'connection': 'close', 'status': '200', 'content-location': 'http://10.132.44.205/volume/v3/volumes/d3a39bd0-6146-4907-9956-bc7e2ea580fc'}
        Body: b'{"volume": {"id": "d3a39bd0-6146-4907-9956-bc7e2ea580fc", "status": "error", "size": 1, "availability_zone": "nova", "created_at": "2026-02-19T12:16:46.000000", "updated_at": "2026-02-19T12:16:46.000000", "name": "tempest-VolumesGetTest-Volume-125375971", "description": null, "volume_type": "nvmetcp1", "snapshot_id": null, "source_volid": null, "metadata": {"Type": "Test"}, "links": [{"rel": "self", "href": "http://10.132.44.205/volume/v3/volumes/d3a39bd0-6146-4907-9956-bc7e2ea580fc"}, {"rel": "bookmark", "href": "http://10.132.44.205/volume/volumes/d3a39bd0-6146-4907-9956-bc7e2ea580fc"}], "user_id": "744b750a21da4e35bb767ac34eeb1d1d", "bootable": "false", "encrypted": false, "replication_status": null, "consistencygroup_id": null, "multiattach": false, "attachments": [], "os-vol-tenant-attr:tenant_id": "ed01743ef84b42a991e3d110a5ddc1ff"}}'
2026-02-19 12:16:47,466 123155 INFO     [tempest.lib.common.rest_client] Request (VolumesGetTest:_run_cleanups): 200 GET http://10.132.44.205/volume/v3/volumes/d3a39bd0-6146-4907-9956-bc7e2ea580fc 0.061s
2026-02-19 12:16:47,466 123155 DEBUG    [tempest.lib.common.rest_client] Request - Headers: {'Content-Type': 'application/json', 'Accept': 'application/json', 'X-Auth-Token': '<omitted>'}
        Body: None
    Response - Headers: {'date': 'Thu, 19 Feb 2026 12:16:47 GMT', 'server': 'Apache/2.4.58 (Ubuntu)', 'content-type': 'application/json', 'x-compute-request-id': 'req-115b1230-24d0-4c5c-8e67-05da338e39e3', 'content-length': '851', 'openstack-api-version': 'volume 3.0', 'vary': 'OpenStack-API-Version', 'x-openstack-request-id': 'req-115b1230-24d0-4c5c-8e67-05da338e39e3', 'connection': 'close', 'status': '200', 'content-location': 'http://10.132.44.205/volume/v3/volumes/d3a39bd0-6146-4907-9956-bc7e2ea580fc'}
        Body: b'{"volume": {"id": "d3a39bd0-6146-4907-9956-bc7e2ea580fc", "status": "error", "size": 1, "availability_zone": "nova", "created_at": "2026-02-19T12:16:46.000000", "updated_at": "2026-02-19T12:16:46.000000", "name": "tempest-VolumesGetTest-Volume-125375971", "description": null, "volume_type": "nvmetcp1", "snapshot_id": null, "source_volid": null, "metadata": {"Type": "Test"}, "links": [{"rel": "self", "href": "http://10.132.44.205/volume/v3/volumes/d3a39bd0-6146-4907-9956-bc7e2ea580fc"}, {"rel": "bookmark", "href": "http://10.132.44.205/volume/volumes/d3a39bd0-6146-4907-9956-bc7e2ea580fc"}], "user_id": "744b750a21da4e35bb767ac34eeb1d1d", "bootable": "false", "encrypted": false, "replication_status": null, "consistencygroup_id": null, "multiattach": false, "attachments": [], "os-vol-tenant-attr:tenant_id": "ed01743ef84b42a991e3d110a5ddc1ff"}}'
2026-02-19 12:16:47,634 123155 INFO     [tempest.lib.common.rest_client] Request (VolumesGetTest:_run_cleanups): 202 DELETE http://10.132.44.205/volume/v3/volumes/d3a39bd0-6146-4907-9956-bc7e2ea580fc 0.151s
2026-02-19 12:16:47,635 123155 DEBUG    [tempest.lib.common.rest_client] Request - Headers: {'Content-Type': 'application/json', 'Accept': 'application/json', 'X-Auth-Token': '<omitted>'}
        Body: None
    Response - Headers: {'date': 'Thu, 19 Feb 2026 12:16:47 GMT', 'server': 'Apache/2.4.58 (Ubuntu)', 'content-length': '0', 'content-type': 'text/html; charset=UTF-8', 'openstack-api-version': 'volume 3.0', 'vary': 'OpenStack-API-Version', 'x-openstack-request-id': 'req-0e39905f-6f16-410b-ad87-48b0f6e1f3da', 'connection': 'close', 'status': '202', 'content-location': 'http://10.132.44.205/volume/v3/volumes/d3a39bd0-6146-4907-9956-bc7e2ea580fc'}
        Body: b''
2026-02-19 12:16:47,666 123155 INFO     [tempest.lib.common.rest_client] Request (VolumesGetTest:_run_cleanups): 404 GET http://10.132.44.205/volume/v3/volu
    mes/d3a39bd0-6146-4907-9956-bc7e2ea580fc 0.030s
2026-02-19 12:16:47,667 123155 DEBUG    [tempest.lib.common.rest_client] Request - Headers: {'Content-Type': 'application/json', 'Accept': 'application/json', 'X-Auth-Token': '<omitted>'}
        Body: None
    Response - Headers: {'date': 'Thu, 19 Feb 2026 12:16:47 GMT', 'server': 'Apache/2.4.58 (Ubuntu)', 'openstack-api-version': 'volume 3.0', 'vary': 'OpenStack-API-Version', 'content-length': '109', 'content-type': 'application/json', 'x-compute-request-id': 'req-3523ecd7-18e8-40c5-97aa-081dad0c91df', 'x-openstack-request-id': 'req-3523ecd7-18e8-40c5-97aa-081dad0c91df', 'connection': 'close', 'status': '404', 'content-location': 'http://10.132.44.205/volume/v3/volumes/d3a39bd0-6146-4907-9956-bc7e2ea580fc'}
        Body: b'{"itemNotFound": {"code": 404, "message": "Volume d3a39bd0-6146-4907-9956-bc7e2ea580fc could not be found."}}'


tempest.api.volume.test_volumes_get.VolumesGetTest.test_volume_create_get_update_delete_as_clone[id-3f591b4a-7dc6-444c-bd51-77469506b3a1]
-----------------------------------------------------------------------------------------------------------------------------------------

Captured traceback:
~~~~~~~~~~~~~~~~~~~
    Traceback (most recent call last):

      File "/opt/stack/tempest/tempest/api/volume/test_volumes_get.py", line 135, in test_volume_create_get_update_delete_as_clone
    origin = self.create_volume()
             ^^^^^^^^^^^^^^^^^^^^

      File "/opt/stack/tempest/tempest/api/volume/base.py", line 144, in create_volume
    waiters.wait_for_volume_resource_status(self.volumes_client,

      File "/opt/stack/tempest/tempest/common/waiters.py", line 379, in wait_for_volume_resource_status
    raise exceptions.VolumeResourceBuildErrorException(

    tempest.exceptions.VolumeResourceBuildErrorException: volume 568d708e-89cc-48f4-8dbe-0a1e7c8fd474 failed to build and is in ERROR status


Captured pythonlogging:
~~~~~~~~~~~~~~~~~~~~~~~
    2026-02-19 12:16:47,991 123155 INFO     [tempest.lib.common.rest_client] Request (VolumesGetTest:test_volume_create_get_update_delete_as_clone): 202 POST http://10.132.44.205/volume/v3/volumes 0.321s
2026-02-19 12:16:47,992 123155 DEBUG    [tempest.lib.common.rest_client] Request - Headers: {'Content-Type': 'application/json', 'Accept': 'application/json', 'X-Auth-Token': '<omitted>'}
        Body: {"volume": {"size": 1, "name": "tempest-VolumesGetTest-Volume-1268100135"}}
    Response - Headers: {'date': 'Thu, 19 Feb 2026 12:16:47 GMT', 'server': 'Apache/2.4.58 (Ubuntu)', 'content-type': 'application/json', 'x-compute-request-id': 'req-af3eed3c-48f2-4aff-92f4-8ce433018c68', 'content-length': '749', 'openstack-api-version': 'volume 3.0', 'vary': 'OpenStack-API-Version', 'x-openstack-request-id': 'req-af3eed3c-48f2-4aff-92f4-8ce433018c68', 'connection': 'close', 'status': '202', 'content-location': 'http://10.132.44.205/volume/v3/volumes'}
        Body: b'{"volume": {"id": "568d708e-89cc-48f4-8dbe-0a1e7c8fd474", "status": "creating", "size": 1, "availability_zone": "nova", "created_at": "2026-02-19T12:16:47.887486", "updated_at": null, "name": "tempest-VolumesGetTest-Volume-1268100135", "description": null, "volume_type": "nvmetcp1", "snapshot_id": null, "source_volid": null, "metadata": {}, "links": [{"rel": "self", "href": "http://10.132.44.205/volume/v3/volumes/568d708e-89cc-48f4-8dbe-0a1e7c8fd474"}, {"rel": "bookmark", "href": "http://10.132.44.205/volume/volumes/568d708e-89cc-48f4-8dbe-0a1e7c8fd474"}], "user_id": "744b750a21da4e35bb767ac34eeb1d1d", "bootable": "false", "encrypted": false, "replication_status": null, "consistencygroup_id": null, "multiattach": false, "attachments": []}}'
2026-02-19 12:16:48,060 123155 INFO     [tempest.lib.common.rest_client] Request (VolumesGetTest:test_volume_create_get_update_delete_as_clone): 200 GET http://10.132.44.205/volume/v3/volumes/568d708e-89cc-48f4-8dbe-0a1e7c8fd474 0.054s
2026-02-19 12:16:48,061 123155 DEBUG    [tempest.lib.common.rest_client] Request - Headers: {'Content-Type': 'application/json', 'Accept': 'application/json', 'X-Auth-Token': '<omitted>'}
        Body: None
    Response - Headers: {'date': 'Thu, 19 Feb 2026 12:16:48 GMT', 'server': 'Apache/2.4.58 (Ubuntu)', 'content-type': 'application/json', 'x-compute-request-id': 'req-3f3632fc-480e-402a-82e9-36b41e511d41', 'content-length': '817', 'openstack-api-version': 'volume 3.0', 'vary': 'OpenStack-API-Version', 'x-openstack-request-id': 'req-3f3632fc-480e-402a-82e9-36b41e511d41', 'connection': 'close', 'status': '200', 'content-location': 'http://10.132.44.205/volume/v3/volumes/568d708e-89cc-48f4-8dbe-0a1e7c8fd474'}
        Body: b'{"volume": {"id": "568d708e-89cc-48f4-8dbe-0a1e7c8fd474", "status": "creating", "size": 1, "availability_zone": "nova", "created_at": "2026-02-19T12:16:48.000000", "updated_at": null, "name": "tempest-VolumesGetTest-Volume-1268100135", "description": null, "volume_type": "nvmetcp1", "snapshot_id": null, "source_volid": null, "metadata": {}, "links": [{"rel": "self", "href": "http://10.132.44.205/volume/v3/volumes/568d708e-89cc-48f4-8dbe-0a1e7c8fd474"}, {"rel": "bookmark", "href": "http://10.132.44.205/volume/volumes/568d708e-89cc-48f4-8dbe-0a1e7c8fd474"}], "user_id": "744b750a21da4e35bb767ac34eeb1d1d", "bootable": "false", "encrypted": false, "replication_status": null, "consistencygroup_id": null, "multiattach": false, "attachments": [], "os-vol-tenant-attr:tenant_id": "ed01743ef84b42a991e3d110a5ddc1ff"}}'
2026-02-19 12:16:49,132 123155 INFO     [tempest.lib.common.rest_client] Request (VolumesGetTest:test_volume_create_get_update_delete_as_clone): 200 GET http://10.132.44.205/volume/v3/volumes/568d708e-89cc-48f4-8dbe-0a1e7c8fd474 0.060s
2026-02-19 12:16:49,132 123155 DEBUG    [tempest.lib.common.rest_client] Request - Headers: {'Content-Type': 'application/json', 'Accept': 'application/json', 'X-Auth-Token': '<omitted>'}
        Body: None
    Response - Headers: {'date': 'Thu, 19 Feb 2026 12:16:49 GMT', 'server': 'Apache/2.4.58 (Ubuntu)', 'content-type': 'application/json', 'x-co
    mpute-request-id': 'req-dba2840d-9120-471a-8b45-35a6b6f1e2ca', 'content-length': '838', 'openstack-api-version': 'volume 3.0', 'vary': 'OpenStack-API-Version', 'x-openstack-request-id': 'req-dba2840d-9120-471a-8b45-35a6b6f1e2ca', 'connection': 'close', 'status': '200', 'content-location': 'http://10.132.44.205/volume/v3/volumes/568d708e-89cc-48f4-8dbe-0a1e7c8fd474'}
        Body: b'{"volume": {"id": "568d708e-89cc-48f4-8dbe-0a1e7c8fd474", "status": "error", "size": 1, "availability_zone": "nova", "created_at": "2026-02-19T12:16:48.000000", "updated_at": "2026-02-19T12:16:48.000000", "name": "tempest-VolumesGetTest-Volume-1268100135", "description": null, "volume_type": "nvmetcp1", "snapshot_id": null, "source_volid": null, "metadata": {}, "links": [{"rel": "self", "href": "http://10.132.44.205/volume/v3/volumes/568d708e-89cc-48f4-8dbe-0a1e7c8fd474"}, {"rel": "bookmark", "href": "http://10.132.44.205/volume/volumes/568d708e-89cc-48f4-8dbe-0a1e7c8fd474"}], "user_id": "744b750a21da4e35bb767ac34eeb1d1d", "bootable": "false", "encrypted": false, "replication_status": null, "consistencygroup_id": null, "multiattach": false, "attachments": [], "os-vol-tenant-attr:tenant_id": "ed01743ef84b42a991e3d110a5ddc1ff"}}'
2026-02-19 12:16:49,205 123155 INFO     [tempest.lib.common.rest_client] Request (VolumesGetTest:_run_cleanups): 200 GET http://10.132.44.205/volume/v3/volumes/568d708e-89cc-48f4-8dbe-0a1e7c8fd474 0.055s
2026-02-19 12:16:49,205 123155 DEBUG    [tempest.lib.common.rest_client] Request - Headers: {'Content-Type': 'application/json', 'Accept': 'application/json', 'X-Auth-Token': '<omitted>'}
        Body: None
    Response - Headers: {'date': 'Thu, 19 Feb 2026 12:16:49 GMT', 'server': 'Apache/2.4.58 (Ubuntu)', 'content-type': 'application/json', 'x-compute-request-id': 'req-ed50a89b-ef9d-4530-9489-a9308703e875', 'content-length': '838', 'openstack-api-version': 'volume 3.0', 'vary': 'OpenStack-API-Version', 'x-openstack-request-id': 'req-ed50a89b-ef9d-4530-9489-a9308703e875', 'connection': 'close', 'status': '200', 'content-location': 'http://10.132.44.205/volume/v3/volumes/568d708e-89cc-48f4-8dbe-0a1e7c8fd474'}
        Body: b'{"volume": {"id": "568d708e-89cc-48f4-8dbe-0a1e7c8fd474", "status": "error", "size": 1, "availability_zone": "nova", "created_at": "2026-02-19T12:16:48.000000", "updated_at": "2026-02-19T12:16:48.000000", "name": "tempest-VolumesGetTest-Volume-1268100135", "description": null, "volume_type": "nvmetcp1", "snapshot_id": null, "source_volid": null, "metadata": {}, "links": [{"rel": "self", "href": "http://10.132.44.205/volume/v3/volumes/568d708e-89cc-48f4-8dbe-0a1e7c8fd474"}, {"rel": "bookmark", "href": "http://10.132.44.205/volume/volumes/568d708e-89cc-48f4-8dbe-0a1e7c8fd474"}], "user_id": "744b750a21da4e35bb767ac34eeb1d1d", "bootable": "false", "encrypted": false, "replication_status": null, "consistencygroup_id": null, "multiattach": false, "attachments": [], "os-vol-tenant-attr:tenant_id": "ed01743ef84b42a991e3d110a5ddc1ff"}}'
2026-02-19 12:16:49,380 123155 INFO     [tempest.lib.common.rest_client] Request (VolumesGetTest:_run_cleanups): 202 DELETE http://10.132.44.205/volume/v3/volumes/568d708e-89cc-48f4-8dbe-0a1e7c8fd474 0.159s
2026-02-19 12:16:49,381 123155 DEBUG    [tempest.lib.common.rest_client] Request - Headers: {'Content-Type': 'application/json', 'Accept': 'application/json', 'X-Auth-Token': '<omitted>'}
        Body: None
    Response - Headers: {'date': 'Thu, 19 Feb 2026 12:16:49 GMT', 'server': 'Apache/2.4.58 (Ubuntu)', 'content-length': '0', 'content-type': 'text/html; charset=UTF-8', 'openstack-api-version': 'volume 3.0', 'vary': 'OpenStack-API-Version', 'x-openstack-request-id': 'req-464764f6-7886-422a-bae3-eb6516f8010d', 'connection': 'close', 'status': '202', 'content-location': 'http://10.132.44.205/volume/v3/volumes/568d708e-89cc-48f4-8dbe-0a1e7c8fd474'}
        Body: b''
2026-02-19 12:16:49,414 123155 INFO     [tempest.lib.common.rest_client] Request (VolumesGetTest:_run_cleanups): 404 GET http://10.132.44.205/volume/v3/volumes/568d708e-89cc-48f4-8dbe-0a1e7c8fd474 0.032s
2026-0
    2-19 12:16:49,414 123155 DEBUG    [tempest.lib.common.rest_client] Request - Headers: {'Content-Type': 'application/json', 'Accept': 'application/json', 'X-Auth-Token': '<omitted>'}
        Body: None
    Response - Headers: {'date': 'Thu, 19 Feb 2026 12:16:49 GMT', 'server': 'Apache/2.4.58 (Ubuntu)', 'openstack-api-version': 'volume 3.0', 'vary': 'OpenStack-API-Version', 'content-length': '109', 'content-type': 'application/json', 'x-compute-request-id': 'req-3f0a4d9f-d3a8-4279-b5ee-ef4576849317', 'x-openstack-request-id': 'req-3f0a4d9f-d3a8-4279-b5ee-ef4576849317', 'connection': 'close', 'status': '404', 'content-location': 'http://10.132.44.205/volume/v3/volumes/568d708e-89cc-48f4-8dbe-0a1e7c8fd474'}
        Body: b'{"itemNotFound": {"code": 404, "message": "Volume 568d708e-89cc-48f4-8dbe-0a1e7c8fd474 could not be found."}}'


setUpClass (tempest.api.volume.test_volumes_list.VolumesListTestJSON)
---------------------------------------------------------------------

Captured traceback:
~~~~~~~~~~~~~~~~~~~
    Traceback (most recent call last):

      File "/opt/stack/tempest/tempest/test.py", line 185, in setUpClass
    raise value.with_traceback(trace)

      File "/opt/stack/tempest/tempest/test.py", line 178, in setUpClass
    cls.resource_setup()

      File "/opt/stack/tempest/tempest/api/volume/test_volumes_list.py", line 89, in resource_setup
    volume = cls.create_volume(metadata=cls.metadata)
             ^^^^^^^^^^^^^^^^^^^^^^^^^^^^^^^^^^^^^^^^

      File "/opt/stack/tempest/tempest/api/volume/base.py", line 144, in create_volume
    waiters.wait_for_volume_resource_status(self.volumes_client,

      File "/opt/stack/tempest/tempest/common/waiters.py", line 379, in wait_for_volume_resource_status
    raise exceptions.VolumeResourceBuildErrorException(

    tempest.exceptions.VolumeResourceBuildErrorException: volume 4cac443c-13c1-425d-814c-7aee4f0e3774 failed to build and is in ERROR status


setUpClass (tempest.api.volume.test_volumes_negative.VolumesNegativeTest)
-------------------------------------------------------------------------

Captured traceback:
~~~~~~~~~~~~~~~~~~~
    Traceback (most recent call last):

      File "/opt/stack/tempest/tempest/test.py", line 185, in setUpClass
    raise value.with_traceback(trace)

      File "/opt/stack/tempest/tempest/test.py", line 178, in setUpClass
    cls.resource_setup()

      File "/opt/stack/tempest/tempest/api/volume/test_volumes_negative.py", line 38, in resource_setup
    cls.volume = cls.create_volume()
                 ^^^^^^^^^^^^^^^^^^^

      File "/opt/stack/tempest/tempest/api/volume/base.py", line 144, in create_volume
    waiters.wait_for_volume_resource_status(self.volumes_client,

      File "/opt/stack/tempest/tempest/common/waiters.py", line 379, in wait_for_volume_resource_status
    raise exceptions.VolumeResourceBuildErrorException(

    tempest.exceptions.VolumeResourceBuildErrorException: volume 126c1b32-557c-4ee7-a9d5-cad8860f6b0e failed to build and is in ERROR status


setUpClass (tempest.api.volume.test_volumes_snapshots_list.VolumesSnapshotListTestJSON)
---------------------------------------------------------------------------------------

Captured traceback:
~~~~~~~~~~~~~~~~~~~
    Traceback (most recent call last):

      File "/opt/stack/tempest/tempest/test.py", line 185, in setUpClass
    raise value.with_traceback(trace)

      File "/opt/stack/tempest/tempest/test.py", line 178, in setUpClass
    cls.resource_setup()

      File "/opt/stack/tempest/tempest/api/volume/test_volumes_snapshots_list.py", line 32, in resource_setup
    volume_origin = cls.create_volume()
                    ^^^^^^^^^^^^^^^^^^^

      File "/opt/stack/tempest/tempest/api/volume/base.py", line 144, in create_volume
    waiters.wait_for_volume_resource_status(self.volumes_client,

      File "/opt/stack/tempest/tempest/common/waiters.py", line 379, in wait_for_volume_resource_status
    raise exceptions.VolumeResourceBuildErrorException(

    tempest.exceptions.VolumeResourceBuildErrorException: volume 52442a03-4497-4dc3-b5b0-0ad948f41cdc failed to build and is in ERROR status


tempest.api.volume.test_volumes_snapshots_negative.VolumesSnapshotNegativeTestJSON.test_volume_from_snapshot_decreasing_size[id-677863d1-34f9-456d-b6ac-9924f667a7f4,negative]
------------------------------------------------------------------------------------------------------------------------------------------------------------------------------

Captured traceback:
~~~~~~~~~~~~~~~~~~~
    Traceback (most recent call last):

      File "/opt/stack/tempest/tempest/api/volume/test_volumes_snapshots_negative.py", line 65, in test_volume_from_snapshot_decreasing_size
    src_vol = self.create_volume(size=src_size)
              ^^^^^^^^^^^^^^^^^^^^^^^^^^^^^^^^^

      File "/opt/stack/tempest/tempest/api/volume/base.py", line 144, in create_volume
    waiters.wait_for_volume_resource_status(self.volumes_client,

      File "/opt/stack/tempest/tempest/common/waiters.py", line 379, in wait_for_volume_resource_status
    raise exceptions.VolumeResourceBuildErrorException(

    tempest.exceptions.VolumeResourceBuildErrorException: volume 178e51da-3d76-441c-bdda-c31ba688d2ff failed to build and is in ERROR status


Captured pythonlogging:
~~~~~~~~~~~~~~~~~~~~~~~
    2026-02-19 12:17:08,681 123155 INFO     [tempest.lib.common.rest_client] Request (VolumesSnapshotNegativeTestJSON:test_volume_from_snapshot_decreasing_size): 202 POST http://10.132.44.205/volume/v3/volumes 0.313s
2026-02-19 12:17:08,681 123155 DEBUG    [tempest.lib.common.rest_client] Request - Headers: {'Content-Type': 'application/json', 'Accept': 'application/json', 'X-Auth-Token': '<omitted>'}
        Body: {"volume": {"size": 2, "name": "tempest-VolumesSnapshotNegativeTestJSON-Volume-1641446155"}}
    Response - Headers: {'date': 'Thu, 19 Feb 2026 12:17:08 GMT', 'server': 'Apache/2.4.58 (Ubuntu)', 'content-type': 'application/json', 'x-compute-request-id': 'req-444c696d-eae7-4bf5-a802-ea4ff8e992e6', 'content-length': '766', 'openstack-api-version': 'volume 3.0', 'vary': 'OpenStack-API-Version', 'x-openstack-request-id': 'req-444c696d-eae7-4bf5-a802-ea4ff8e992e6', 'connection': 'close', 'status': '202', 'content-location': 'http://10.132.44.205/volume/v3/volumes'}
        Body: b'{"volume": {"id": "178e51da-3d76-441c-bdda-c31ba688d2ff", "status": "creating", "size": 2, "availability_zone": "nova", "created_at": "2026-02-19T12:17:08.596656", "updated_at": null, "name": "tempest-VolumesSnapshotNegativeTestJSON-Volume-1641446155", "description": null, "volume_type": "nvmetcp1", "snapshot_id": null, "source_volid": null, "metadata": {}, "links": [{"rel": "self", "href": "http://10.132.44.205/volume/v3/volumes/178e51da-3d76-441c-bdda-c31ba688d2ff"}, {"rel": "bookmark", "href": "http://10.132.44.205/volume/volumes/178e51da-3d76-441c-bdda-c31ba688d2ff"}], "user_id": "3d40241df64a42e69674fbf581e7d726", "bootable": "false", "encrypted": false, "replication_status": null, "consistencygroup_id": null, "multiattach": false, "attachments": []}}'
2026-02-19 12:17:08,744 123155 INFO     [tempest.lib.common.rest_client] Request (VolumesSnapshotNegativeTestJSON:test_volume_from_snapshot_decreasing_size): 200 GET http://10.132.44.205/volume/v3/volumes/178e51da-3d76-441c-bdda-c31ba688d2ff 0.055s
2026-02-19 12:17:08,745 123155 DEBUG    [tempest.lib.common.rest_client] Request - Headers: {'Content-Type': 'application/json', 'Accept': 'application/json', 'X-Auth-Token': '<omitted>'}
        Body: None
    Response - Headers: {'date': 'Thu, 19 Feb 2026 12:17:08 GMT', 'server': 'Apache/2.4.58 (Ubuntu)', 'content-type': 'application/json', 'x-compute-request-id': 'req-06997740-4468-4d0d-b548-63b5e16407b0', 'content-length': '834', 'openstack-api-version': 'volume 3.0', 'vary': 'OpenStack-API-Version', 'x-openstack-request-id': 'req-06997740-4468-4d0d-b548-63b5e16407b0', 'connection': 'close', 'status': '200', 'content-location': 'http://10.132.44.205/volume/v3/volumes/178e51da-3d76-441c-bdda-c31ba688d2ff'}
        Body: b'{"volume": {"id": "178e51da-3d76-441c-bdda-c31ba688d2ff", "status": "creating", "size": 2, "availability_zone": "nova", "created_at": "2026-02-19T12:17:09.000000", "updated_at": null, "name": "tempest-VolumesSnapshotNegativeTestJSON-Volume-1641446155", "description": null, "volume_type": "nvmetcp1", "snapshot_id": null, "source_volid": null, "metadata": {}, "links": [{"rel": "self", "href": "http://10.132.44.205/volume/v3/volumes/178e51da-3d76-441c-bdda-c31ba688d2ff"}, {"rel": "bookmark", "href": "http://10.132.44.205/volume/volumes/178e51da-3d76-441c-bdda-c31ba688d2ff"}], "user_id": "3d40241df64a42e69674fbf581e7d726", "bootable": "false", "encrypted": false, "replication_status": null, "consistencygroup_id": null, "multiattach": false, "attachments": [], "os-vol-tenant-attr:tenant_id": "cb8d0e9a6fbd46a19660af430826a567"}}'
2026-02-19 12:17:09,825 123155 INFO     [tempest.lib.common.rest_client] Request (VolumesSnapshotNegativeTestJSON:test_volume_from_snapshot_decreasing_size): 200 GET http://10.132.44.205/volume/v3/volumes/178e51da-3d76-441c-bdda-c31ba688d2ff 0.061s
2026-02-19 12:17:09,826 123155 DEBUG    [tempest.lib.common.rest_client] Request - Headers: {'Content-Type': 'application/json', 'Accept': 'application/json', 'X-Auth-Token': '<omitted>'}
        Body: None
    Response - Headers: {'date': 'Thu, 19 Feb 2026 12
    :17:09 GMT', 'server': 'Apache/2.4.58 (Ubuntu)', 'content-type': 'application/json', 'x-compute-request-id': 'req-e67c9da1-9f92-45e3-a232-d4ba7efb5070', 'content-length': '855', 'openstack-api-version': 'volume 3.0', 'vary': 'OpenStack-API-Version', 'x-openstack-request-id': 'req-e67c9da1-9f92-45e3-a232-d4ba7efb5070', 'connection': 'close', 'status': '200', 'content-location': 'http://10.132.44.205/volume/v3/volumes/178e51da-3d76-441c-bdda-c31ba688d2ff'}
        Body: b'{"volume": {"id": "178e51da-3d76-441c-bdda-c31ba688d2ff", "status": "error", "size": 2, "availability_zone": "nova", "created_at": "2026-02-19T12:17:09.000000", "updated_at": "2026-02-19T12:17:09.000000", "name": "tempest-VolumesSnapshotNegativeTestJSON-Volume-1641446155", "description": null, "volume_type": "nvmetcp1", "snapshot_id": null, "source_volid": null, "metadata": {}, "links": [{"rel": "self", "href": "http://10.132.44.205/volume/v3/volumes/178e51da-3d76-441c-bdda-c31ba688d2ff"}, {"rel": "bookmark", "href": "http://10.132.44.205/volume/volumes/178e51da-3d76-441c-bdda-c31ba688d2ff"}], "user_id": "3d40241df64a42e69674fbf581e7d726", "bootable": "false", "encrypted": false, "replication_status": null, "consistencygroup_id": null, "multiattach": false, "attachments": [], "os-vol-tenant-attr:tenant_id": "cb8d0e9a6fbd46a19660af430826a567"}}'
2026-02-19 12:17:09,902 123155 INFO     [tempest.lib.common.rest_client] Request (VolumesSnapshotNegativeTestJSON:_run_cleanups): 200 GET http://10.132.44.205/volume/v3/volumes/178e51da-3d76-441c-bdda-c31ba688d2ff 0.056s
2026-02-19 12:17:09,902 123155 DEBUG    [tempest.lib.common.rest_client] Request - Headers: {'Content-Type': 'application/json', 'Accept': 'application/json', 'X-Auth-Token': '<omitted>'}
        Body: None
    Response - Headers: {'date': 'Thu, 19 Feb 2026 12:17:09 GMT', 'server': 'Apache/2.4.58 (Ubuntu)', 'content-type': 'application/json', 'x-compute-request-id': 'req-7a3d77f8-4172-4a39-b694-24f48ce0503e', 'content-length': '855', 'openstack-api-version': 'volume 3.0', 'vary': 'OpenStack-API-Version', 'x-openstack-request-id': 'req-7a3d77f8-4172-4a39-b694-24f48ce0503e', 'connection': 'close', 'status': '200', 'content-location': 'http://10.132.44.205/volume/v3/volumes/178e51da-3d76-441c-bdda-c31ba688d2ff'}
        Body: b'{"volume": {"id": "178e51da-3d76-441c-bdda-c31ba688d2ff", "status": "error", "size": 2, "availability_zone": "nova", "created_at": "2026-02-19T12:17:09.000000", "updated_at": "2026-02-19T12:17:09.000000", "name": "tempest-VolumesSnapshotNegativeTestJSON-Volume-1641446155", "description": null, "volume_type": "nvmetcp1", "snapshot_id": null, "source_volid": null, "metadata": {}, "links": [{"rel": "self", "href": "http://10.132.44.205/volume/v3/volumes/178e51da-3d76-441c-bdda-c31ba688d2ff"}, {"rel": "bookmark", "href": "http://10.132.44.205/volume/volumes/178e51da-3d76-441c-bdda-c31ba688d2ff"}], "user_id": "3d40241df64a42e69674fbf581e7d726", "bootable": "false", "encrypted": false, "replication_status": null, "consistencygroup_id": null, "multiattach": false, "attachments": [], "os-vol-tenant-attr:tenant_id": "cb8d0e9a6fbd46a19660af430826a567"}}'
2026-02-19 12:17:10,083 123155 INFO     [tempest.lib.common.rest_client] Request (VolumesSnapshotNegativeTestJSON:_run_cleanups): 202 DELETE http://10.132.44.205/volume/v3/volumes/178e51da-3d76-441c-bdda-c31ba688d2ff 0.161s
2026-02-19 12:17:10,083 123155 DEBUG    [tempest.lib.common.rest_client] Request - Headers: {'Content-Type': 'application/json', 'Accept': 'application/json', 'X-Auth-Token': '<omitted>'}
        Body: None
    Response - Headers: {'date': 'Thu, 19 Feb 2026 12:17:09 GMT', 'server': 'Apache/2.4.58 (Ubuntu)', 'content-length': '0', 'content-type': 'text/html; charset=UTF-8', 'openstack-api-version': 'volume 3.0', 'vary': 'OpenStack-API-Version', 'x-openstack-request-id': 'req-e9f14889-e44d-4569-98b1-f0105bbbea5c', 'connection': 'close', 'status': '202', 'content-location': 'http://10.132.44.205/volume/v3/volumes/178e51da-3d76-441c-bdda-c31ba688d2ff'}
        Body: b''
2026-02-19 12:17:10,114 123155 INFO     [tempest.lib
    .common.rest_client] Request (VolumesSnapshotNegativeTestJSON:_run_cleanups): 404 GET http://10.132.44.205/volume/v3/volumes/178e51da-3d76-441c-bdda-c31ba688d2ff 0.030s
2026-02-19 12:17:10,115 123155 DEBUG    [tempest.lib.common.rest_client] Request - Headers: {'Content-Type': 'application/json', 'Accept': 'application/json', 'X-Auth-Token': '<omitted>'}
        Body: None
    Response - Headers: {'date': 'Thu, 19 Feb 2026 12:17:10 GMT', 'server': 'Apache/2.4.58 (Ubuntu)', 'openstack-api-version': 'volume 3.0', 'vary': 'OpenStack-API-Version', 'content-length': '109', 'content-type': 'application/json', 'x-compute-request-id': 'req-1504172e-1945-4976-89e0-fb4bbcba8381', 'x-openstack-request-id': 'req-1504172e-1945-4976-89e0-fb4bbcba8381', 'connection': 'close', 'status': '404', 'content-location': 'http://10.132.44.205/volume/v3/volumes/178e51da-3d76-441c-bdda-c31ba688d2ff'}
        Body: b'{"itemNotFound": {"code": 404, "message": "Volume 178e51da-3d76-441c-bdda-c31ba688d2ff could not be found."}}'



======
Totals
======
Ran: 126 tests in 303.1601 sec.
 - Passed: 75
 - Skipped: 7
 - Expected Fail: 0
 - Unexpected Success: 0
 - Failed: 44
Sum of execute time for each test: 73.9577 sec.

==============
Worker Balance
==============
 - Worker 0 (126 tests) => 0:05:03.160083
