"pcp-dstat 6.2.0 CSV Output"
"Author:","PCP team <pcp@groups.io> and Dag Wieers <dag@wieers.com>",,,,"URL:","https://pcp.io/ and http://dag.wieers.com/home-made/dstat/"
"Host:","np0000056525",,,,"User:","ubuntu"
"Cmdline:","dstat -tcmndrylpg --tcp --output /tmp/devstack_logs/dstat-csv.log",,,,"Date:","26 Feb 2026 15:24:23 UTC"
"system","total usage",,,,,"memory usage",,,,"net/total",,"dsk/total",,"io/total",,"system",,"load avg",,,"procs",,,"paging",,"tcp sockets",,,,
"time","total usage:usr","total usage:sys","total usage:idl","total usage:wai","total usage:stl","used","free","buf","cach","net/total:recv","net/total:send","dsk/total:read","dsk/total:writ","read","writ","int","csw","1m","5m","15m","run","blk","new","in","out","lis","act","syn","tim","clo"
26-02 15:24:23,,1036220,1470120,162988,5148848,,,,,,,1.770,1.230,0.760,3,0,,,,10,5,0,17,1
26-02 15:24:24,24.456,20.962,52.655,0.499,0,1040752,1465048,163116,5149176,44344.989,11483.281,0,1265.716,0,41.924,5082,3022,1.770,1.230,0.760,3,0,225.593,0,0,10,4,0,17,2
26-02 15:24:25,24.499,20.249,53.497,0.500,0.250,1018928,1479156,163248,5156476,143659.990,12018.414,0,1195.942,0,35.998,4890,2810,1.710,1.230,0.760,3,0,208.990,0,0,10,4,0,15,2
26-02 15:24:26,30.750,21.750,45.500,0.750,0,1021912,1461788,163548,5169556,55141.439,2783.972,0,2739.972,0,138.999,5034,2789,1.710,1.230,0.760,3,0,183.998,0,0,10,4,0,15,2
26-02 15:24:27,35.465,20.730,41.959,0.500,0,1038444,1428120,164364,5184040,7355.761,1564.460,0,1506.517,0,39.961,5370,4279,1.710,1.230,0.760,5,0,196.806,0,0,10,4,0,15,2
26-02 15:24:28,37.981,18.241,42.729,0.250,0,1026048,1427624,164692,5194608,6733.699,1457.286,0,731.641,0,21.989,4282,3057,1.710,1.230,0.760,2,0,135.933,0,0,10,4,0,15,2
26-02 15:24:29,38.125,17.443,41.116,1.246,0,1040244,1391184,165384,5214148,11398.715,1453.246,0,2320.410,0,110.638,5098,5016,1.710,1.230,0.760,5,0,123.596,0,0,10,4,0,11,2
26-02 15:24:30,37.181,18.842,41.955,1.005,0,1175440,1226364,166448,5364640,9942.487,1465.145,0,2311.272,0,84.412,5838,6439,1.730,1.240,0.760,3,0,135.662,0,0,11,6,0,11,2
26-02 15:24:31,41.644,8.728,48.377,0.748,0,1182156,1206360,167256,5375428,11600.601,1292.724,15.960,12304.816,0.997,612.448,3949,2092,1.730,1.240,0.760,3,0,42.891,0,0,11,6,0,11,2
26-02 15:24:32,33.077,14.033,51.119,0.251,0,1191616,1213720,167268,5358780,16053.262,3990.262,0,392.912,0,16.037,4190,2407,1.730,1.240,0.760,2,0,130.302,0,0,11,4,0,11,0
26-02 15:24:33,40.262,10.003,48.515,0.750,0,1215552,1189640,167284,5358972,10457.177,1512.459,288.088,700.213,13.004,18.005,3799,2353,1.730,1.240,0.760,2,0,70.021,0,0,11,4,0,13,0
26-02 15:24:34,39.728,5.497,53.221,0.500,0,1228272,1170040,167308,5364864,15881.354,3739.964,303.835,3382.159,9.995,29.984,2854,1759,1.730,1.240,0.760,2,0,15.991,0,0,11,4,0,13,0
26-02 15:24:35,40.984,6.248,47.232,3.249,0,1256384,1138980,167568,5367224,7123.243,1457.436,15.994,4874.113,1.000,418.838,4831,5649,1.830,1.270,0.780,5,1,12.995,0,0,11,6,0,13,0
26-02 15:24:36,29.454,8.986,44.431,13.229,0,1262928,1127224,168128,5371724,16917.689,4458.067,0,37705.358,0,1871.090,9803,16468,1.830,1.270,0.780,7,1,33.947,0,0,11,7,0,13,0
26-02 15:24:37,34.540,11.013,38.294,12.514,0,1247944,1132388,168980,5379400,9386.845,1633.888,0,27708.011,0,2080.403,15120,26605,1.830,1.270,0.780,3,0,33.038,0,0,11,6,0,13,0
26-02 15:24:38,37.043,10.762,37.794,11.013,0,1259912,1117804,169368,5381424,8304.579,1459.684,0,24752.550,0,1790.065,13754,23935,1.830,1.270,0.780,2,0,35.040,0,0,11,6,0,13,0
26-02 15:24:39,42.329,14.026,37.320,3.507,0,1258424,1119060,169464,5381520,9524.884,1460.743,0,14695.592,0,827.554,11948,20584,1.830,1.270,0.780,2,0,86.162,0,0,11,4,0,13,0
26-02 15:24:40,41.648,8.978,48.631,0,0,1220224,1170132,169516,5370276,8435.400,1508.317,0,1408.560,0,41.898,3057,1670,1.850,1.280,0.780,2,0,7.981,0,0,11,4,0,13,0
26-02 15:24:41,46.519,5.752,45.018,1.251,0,1240568,1149720,169560,5370300,10424.215,1458.590,0,17687.152,0,519.210,3951,3270,1.850,1.280,0.780,2,0,25.010,0,0,11,4,0,12,0
26-02 15:24:42,27.995,6.749,64.989,0,0,1206072,1184212,169560,5370304,8493.526,1565.728,0,719.875,0,10.998,2699,1709,1.850,1.280,0.780,3,0,60.989,0,0,11,4,0,12,0
26-02 15:24:43,24.703,3.493,71.615,0,0,1232628,1157628,169560,5370316,8010.875,1455.252,0,7.985,0,0.998,1921,1173,1.850,1.280,0.780,3,0,5.989,0,0,11,4,0,12,0
26-02 15:24:44,9.772,17.539,70.907,0,0,1198760,1191476,169560,5370336,10645.561,1503.327,0,0,0,0,4381,2730,1.850,1.280,0.780,1,0,192.426,0,0,11,4,0,12,0
26-02 15:24:45,9.713,19.925,68.492,0,0,1182372,1207836,169560,5370360,8290.738,806.957,0,11.955,0,2.989,4640,2953,1.780,1.280,0.780,1,0,199.249,0,0,11,4,0,11,0
26-02 15:24:46,10.025,21.554,66.666,0,0,1167760,1222308,169560,5370500,6234.509,1082.693,0,30018.677,0,165.411,4879,3144,1.780,1.280,0.780,1,0,195.486,0,0,11,4,0,11,0
26-02 15:24:47,14.018,21.028,62.833,0.250,0,1149856,1240200,169560,5370936,44909.187,1189.568,0,748.987,0,8.011,5802,5406,1.780,1.280,0.780,1,0,193.255,0,0,11,4,0,11,0
26-02 15:24:48,21.724,12.735,63.923,0,0,1108468,1281568,169560,5370520,8664.553,1498.194,0,135.836,0,10.987,4381,5089,1.780,1.280,0.780,4,0,66.919,0,0,11,4,0,11,0
26-02 15:24:49,37.295,15.519,42.301,3.755,0,1136460,1245728,169560,5378700,10401.593,1459.767,7713.338,2731.307,78.095,41.050,4251,2671,1.780,1.280,0.780,2,0,127.154,0,0,11,5,0,11,0
26-02 15:24:50,46.503,4.250,48.754,0.250,0,1212344,1169884,169568,5378764,8482.615,1350.098,20.001,80.006,4.000,6.000,2719,1184,1.800,1.290,0.790,3,0,0,0,0,11,5,0,11,0
26-02 15:24:51,43.371,6.979,48.356,0.249,0,1237156,1144080,169568,5379748,7250.408,1022.954,490.539,570.302,5.982,28.914,2818,1370,1.800,1.290,0.790,3,0,0,0,0,11,5,0,11,0
26-02 15:24:52,31.592,13.790,54.158,0,0,1270124,1108800,169568,5381936,10662.103,974.844,0,1083.160,0,92.269,5214,5038,1.800,1.290,0.790,1,0,100.293,0,0,11,4,0,12,0
26-02 15:24:53,10.254,5.002,83.529,0,0,1259416,1119296,169576,5382136,9892.448,1134.395,0,4.001,0,1.000,1983,1653,1.800,1.290,0.790,1,0,42.015,0,0,11,4,0,12,0
26-02 15:24:54,22.760,3.001,73.783,0,0,1317244,1061464,169576,5382140,10587.667,1458.643,0,1304.575,0,6.003,1822,1216,1.800,1.290,0.790,1,0,0,0,0,11,4,0,12,0
26-02 15:24:55,24.469,1.498,73.905,0,0,1337656,1041052,169576,5382140,8717.807,1510.061,0,0,0,0,1693,1003,1.730,1.280,0.790,1,0,0,0,0,11,4,0,12,0
26-02 15:24:56,33.018,7.504,56.531,1.001,0,1344060,1034364,169620,5382380,11717.381,1566.853,0,3597.959,0,198.108,4772,12353,1.730,1.280,0.790,1,0,41.022,0,0,11,4,0,15,0
26-02 15:24:57,19.747,6.749,71.991,0.750,0,1405092,973264,169640,5382428,10771.585,1457.809,43.994,4975.347,3.000,207.973,2721,2354,1.730,1.280,0.790,1,0,38.995,0,0,11,4,0,14,0
26-02 15:24:58,18.232,1.748,77.424,0.500,0,1424548,953216,169780,5382808,9281.848,3845.209,327.677,523.484,10.989,9.990,1717,1256,1.730,1.280,0.790,1,0,0,0,0,11,11,0,14,0
26-02 15:24:59,20.779,3.004,73.604,3.004,0,1421060,956380,169820,5382912,10092.291,3212.549,140.199,604.857,34.048,19.027,2490,2368,1.730,1.280,0.790,0,1,1.001,0,0,11,17,0,14,0
26-02 15:25:00,18.240,1.999,75.710,3.498,0,1416676,960436,169828,5383180,16105.398,5918.839,127.932,1311.300,31.983,15.991,2088,1733,1.680,1.280,0.790,1,0,1.999,0,0,11,28,0,15,0
26-02 15:25:01,19.676,10.710,68.491,0,0.249,1381248,995812,169828,5383216,11884.074,1452.509,0,56550.220,0,242.085,3101,2166,1.680,1.280,0.790,3,0,45.827,0,0,11,28,0,15,0
26-02 15:25:02,18.068,4.266,76.789,1.004,0,1413264,963768,169832,5383220,14328.912,5565.941,0,32955.995,0,548.062,2127,1565,1.680,1.280,0.790,3,0,1.004,0,0,11,29,0,15,0
26-02 15:25:03,19.236,3.997,75.195,0,0,1342204,1034812,169832,5383236,13177.376,4233.908,0,367.731,0,66.951,2327,1713,1.680,1.280,0.790,2,0,25.981,0,0,11,28,0,16,0
26-02 15:25:04,31.326,16.791,51.125,0,0,1370900,1006104,169832,5383248,11215.318,1461.560,0,12.029,0,3.007,3934,2288,1.680,1.280,0.790,2,0,130.317,0,0,11,28,0,16,0
26-02 15:25:05,38.691,3.744,56.664,0,0,1436628,940372,169832,5383252,15038.212,7335.884,0,3.994,0,0.998,2988,1874,1.620,1.270,0.800,3,0,0,0,0,11,30,0,15,0
26-02 15:25:06,35.942,4.742,57.657,0,0,1436884,940148,169836,5383312,16238.860,10183.607,0,191.691,0,16.973,4545,5354,1.620,1.270,0.800,3,0,0,0,0,11,30,0,15,0
26-02 15:25:07,37.330,15.032,46.098,0,0,1347108,1029756,169844,5383472,11068.600,5381.474,0,1667.556,0,37.079,5777,5549,1.620,1.270,0.800,6,0,152.325,0,0,11,28,0,16,0
26-02 15:25:08,67.377,28.804,3.757,0.250,0,1450880,925924,169844,5383500,9133.275,1027.944,0,448.849,0,18.034,5501,4056,1.620,1.270,0.800,7,0,426.807,0,0,11,28,0,16,0
26-02 15:25:09,87.364,11.981,0.250,0,0,1690960,685824,169844,5383516,17749.442,9742.873,0,179.721,0,7.988,5212,2790,1.620,1.270,0.800,6,0,0,0,0,11,31,0,16,0
26-02 15:25:10,79.601,8.983,11.479,0,0,1740056,636488,169852,5383744,44530.889,32626.107,0,666.756,0,52.901,8139,11685,1.810,1.320,0.810,5,0,0,0,0,11,32,0,14,0
26-02 15:25:11,43.549,15.017,39.294,1.001,0,1561060,815380,169896,5383804,15622.519,8209.206,0,4172.679,0,260.292,6999,8380,1.810,1.320,0.810,1,0,310.348,0,0,11,28,0,18,0
26-02 15:25:12,18.489,2.748,77.702,0,0,1544936,831500,169896,5383808,13465.686,3812.646,0,547.662,0,21.986,1734,1298,1.810,1.320,0.810,2,0,0,0,0,11,29,0,18,0
26-02 15:25:13,14.754,1.750,81.770,0.250,0.250,1521920,854500,169908,5383812,11545.781,5310.279,0,392.094,0,17.004,2291,2319,1.810,1.320,0.810,2,0,1.000,0,0,11,29,0,18,0
26-02 15:25:14,3.247,0.999,95.156,0,0,1501500,874912,169912,5383816,7824.307,1596.430,0,647.363,0,17.982,1069,1375,1.810,1.320,0.810,3,0,0,0,0,11,29,0,18,0
26-02 15:25:15,28.265,30.517,40.022,0,0,1422964,953316,169936,5383852,12093.545,2340.266,0,632.342,0,34.018,6300,5269,1.830,1.330,0.820,3,0,486.263,0,0,11,28,0,19,0
26-02 15:25:16,18.753,2.750,78.013,0.250,0,1470804,905496,169936,5383828,13898.263,3803.619,0,344.056,0,14.002,1703,1260,1.830,1.330,0.820,2,0,0,0,0,11,29,0,19,0
26-02 15:25:17,18.722,1.997,77.385,0,0,1459004,917284,169940,5383836,48250.416,5279.168,0,343.490,0,16.975,2552,2421,1.830,1.330,0.820,2,0,0,0,0,11,29,0,19,0
26-02 15:25:18,15.262,13.511,69.306,0.500,0,1350864,1025408,169948,5383848,11345.133,2317.866,0,380.306,0,29.023,4334,3269,1.830,1.330,0.820,1,0,150.121,0,0,11,28,0,17,0
26-02 15:25:19,7.507,23.271,67.561,0,0,1346264,1030000,169952,5383852,8917.108,1567.425,0,284.258,0,13.012,5113,3017,1.830,1.330,0.820,1,0,267.243,0,0,11,28,0,17,0
26-02 15:25:20,18.766,31.027,48.292,0,0.250,1352928,1023308,169960,5383872,12074.513,1459.271,0,552.481,0,63.055,5381,3443,1.920,1.360,0.830,3,0,350.305,0,0,11,28,0,17,0
26-02 15:25:21,73.811,25.021,1.751,0,0,1497612,878580,169984,5383892,6516.420,1459.214,0,1441.199,0,85.071,5184,3638,1.920,1.360,0.830,5,0,271.226,0,0,11,28,0,17,0
26-02 15:25:22,82.508,8.251,8.501,0,0,1664580,711568,169996,5383924,24148.299,19532.859,0,128.012,0,11.001,5873,4343,1.920,1.360,0.830,3,0,0,0,0,11,33,0,17,0
26-02 15:25:23,73.065,10.009,16.265,0.250,0,1645580,730368,170016,5384104,42425.834,30964.614,0,316.282,0,39.035,8740,14198,1.920,1.360,0.830,3,0,51.046,0,0,11,30,0,17,1
26-02 15:25:24,82.007,16.751,0.500,0,0,1560044,815824,170028,5384172,12599.082,3387.291,0,384.033,0,45.004,6131,5649,1.920,1.360,0.830,6,0,260.022,0,0,11,28,0,18,0
26-02 15:25:25,85.252,10.719,4.487,0,0,1713608,662052,170028,5384396,22502.473,17389.362,0,650.107,0,11.965,5757,4927,2.330,1.450,0.860,6,0,0,0,0,11,32,0,18,0
26-02 15:25:26,77.457,9.776,11.782,0,0,1733256,642176,170028,5384624,48883.905,40183.606,0,184.494,0,12.032,9326,14039,2.330,1.450,0.860,6,0,50.134,0,0,11,31,0,20,1
26-02 15:25:27,50.401,13.973,34.432,0,0,1497780,877464,170044,5384796,19941.852,9955.456,0,658.707,0,36.928,6394,7512,2.330,1.450,0.860,2,0,247.514,0,0,11,28,0,23,0
26-02 15:25:28,40.412,5.488,53.383,0,0,1545544,829692,170044,5384804,15411.284,5363.267,0,2562.394,0,78.828,3054,1934,2.330,1.450,0.860,3,0,0,0,0,11,29,0,23,0
26-02 15:25:29,37.271,3.502,58.532,0.250,0,1533984,841216,170056,5384828,17638.776,10397.763,0,284.157,0,23.013,4474,4365,2.330,1.450,0.860,1,0,0,0,0,11,29,0,24,0
26-02 15:25:30,43.882,27.332,28.085,0,0,1500436,874732,170060,5384856,13515.669,7197.658,0,192.579,0,14.042,6223,5427,2.460,1.490,0.880,4,0,328.990,0,0,11,28,0,25,0
26-02 15:25:31,67.013,11.252,21.504,0,0,1546460,828680,170068,5384876,11136.150,2073.400,0,232.045,0,11.002,3840,1683,2.460,1.490,0.880,2,0,50.010,0,0,11,29,0,25,0
26-02 15:25:32,50.984,5.998,41.987,0.250,0,1565168,809960,170072,5384868,26488.669,17218.584,0,239.925,0,8.997,5272,5069,2.460,1.490,0.880,3,0,1.999,0,0,11,31,0,25,0
26-02 15:25:33,51.911,16.222,29.949,0.250,0,1476656,898316,170100,5385048,22785.029,13307.239,0,3038.802,0,151.740,7916,9152,2.460,1.490,0.880,5,0,228.609,0,0,11,28,0,26,0
26-02 15:25:34,84.225,14.037,2.005,0,0,1560428,814524,170100,5385068,11362.346,3505.362,0,1327.546,0,152.407,5023,2062,2.460,1.490,0.880,4,0,30.080,0,0,11,29,0,24,0
26-02 15:25:35,66.171,6.742,26.468,0,0,1607764,767172,170100,5385084,28964.354,20384.617,0,163.804,0,10.987,4905,4886,2.510,1.520,0.890,3,0,0,0,0,11,32,0,24,0
26-02 15:25:36,55.489,17.747,25.495,0.250,0,1555800,818904,170112,5385304,29599.240,20984.916,0,655.872,0,50.990,8495,11043,2.510,1.520,0.890,4,0,243.953,0,0,11,28,1,26,1
26-02 15:25:37,69.590,13.267,17.022,0,0,1538992,835696,170112,5385320,8258.709,1688.189,0,168.218,0,13.017,4315,2214,2.510,1.520,0.890,3,0,80.104,0,0,11,28,0,27,0
26-02 15:25:38,52.930,5.243,40.946,0,0,1579772,794900,170112,5385336,20331.128,14923.275,0,199.736,0,9.987,4262,3313,2.510,1.520,0.890,2,0,0,0,0,11,31,0,27,0
26-02 15:25:39,51.108,8.975,38.892,0.249,0,1480960,893624,170140,5385396,25868.241,15233.741,0,753.909,0,71.801,7216,8698,2.510,1.520,0.890,5,0,36.898,0,0,11,29,0,28,0
26-02 15:25:40,61.605,23.039,14.525,0,0,1459656,914904,170140,5385420,12724.615,3482.916,0,224.381,0,14.024,4876,3335,2.550,1.540,0.910,3,0,262.446,0,0,11,28,0,29,0
26-02 15:25:41,53.487,5.999,39.991,0,0,1556400,818148,170140,5385432,22949.591,13139.903,0,215.949,0,9.998,4215,2828,2.550,1.540,0.910,3,0,0,0,0,11,31,0,29,0
26-02 15:25:42,51.477,5.471,40.784,0.249,0,1561504,812700,170148,5385768,22346.425,14928.785,0,234.754,0,20.889,6675,7484,2.550,1.540,0.910,4,0,0,0,0,11,29,0,31,0
26-02 15:25:43,58.306,26.137,15.331,0,0,1459876,914288,170156,5385792,13941.242,4410.169,0,225.183,0,17.090,5213,3976,2.550,1.540,0.910,4,0,295.553,0,0,11,28,0,32,0
26-02 15:25:44,56.059,6.006,37.789,0,0,1539612,834532,170160,5385804,19247.090,10153.598,0,1946.031,0,126.132,3600,2008,2.550,1.540,0.910,5,0,0,0,0,11,31,0,32,0
26-02 15:25:45,54.405,6.239,37.684,0,0,1539304,834532,170164,5386108,22471.824,16756.788,0,283.506,0,27.951,6598,7496,2.580,1.570,0.920,3,0,0,0,0,11,30,0,32,0
26-02 15:25:46,57.656,17.046,24.567,0.251,0,1449784,924024,170176,5386124,9961.029,3288.924,0,228.620,0,19.052,5053,3477,2.580,1.570,0.920,3,0,112.305,0,0,11,28,0,34,0
26-02 15:25:47,59.139,6.737,34.186,0,0.250,1551788,822016,170176,5386128,51010.676,7685.638,0,199.627,0,8.983,3622,1458,2.580,1.570,0.920,2,0,0,0,0,11,31,0,34,0
26-02 15:25:48,52.330,6.260,39.811,0,0,1551736,822016,170184,5386172,25155.383,16514.198,0,400.611,0,25.038,6463,6924,2.580,1.570,0.920,1,0,0,0,0,11,31,0,34,0
26-02 15:25:49,52.018,28.010,18.757,0.250,0,1472784,900936,170196,5386196,15985.627,5968.101,0,396.139,0,36.013,6613,6108,2.580,1.570,0.920,7,0,389.137,0,0,11,28,0,36,0
26-02 15:25:50,78.808,21.016,0,0,0,1570932,802736,170196,5386244,10716.942,1621.201,0,204.151,0,16.012,5467,4260,3.020,1.680,0.950,7,0,354.263,0,0,11,28,0,36,0
26-02 15:25:51,83.741,15.998,0.500,0,0,1730876,642772,170196,5386264,26696.204,16074.316,0,0,0,0,6018,4911,3.020,1.680,0.950,8,0,373.961,0,0,11,32,0,36,0
26-02 15:25:52,74.139,19.471,5.741,0,0,1685024,688332,170224,5386516,52121.665,42697.828,0,1182.223,0,85.871,8740,11945,3.020,1.680,0.950,8,0,447.328,0,0,11,30,0,36,1
26-02 15:25:53,81.882,17.528,0.501,0,0,1574576,798544,170232,5386740,18174.210,9218.817,0,460.741,0,43.069,6207,5415,3.020,1.680,0.950,7,0,290.467,0,0,11,28,0,37,0
26-02 15:25:54,85.171,9.241,5.245,0,0,1665576,707520,170232,5386764,22966.700,15898.256,0,207.807,0,9.991,5429,3708,3.020,1.680,0.950,2,0,0,0,0,11,32,0,37,0
26-02 15:25:55,72.463,8.964,18.676,0,0,1632432,740436,170232,5386992,43365.093,33021.098,0,143.431,0,9.961,8442,13105,3.100,1.720,0.970,4,0,65.739,0,0,11,30,0,39,0
26-02 15:25:56,36.051,22.281,39.806,0.250,0,1446424,926400,170232,5387036,17695.981,11231.856,0,1065.504,0,12.017,7997,18411,3.100,1.720,0.970,2,0,502.710,0,0,11,28,0,42,0
26-02 15:25:57,9.247,24.242,64.728,0,0,1429588,943220,170236,5387044,11912.897,1457.498,0,183.937,0,10.996,5057,3094,3.100,1.720,0.970,2,0,267.908,0,0,11,28,0,42,0
26-02 15:25:58,34.598,38.861,25.573,0,0,1453784,919008,170236,5387060,10358.485,1462.162,0,200.571,0,15.043,5624,3801,3.100,1.720,0.970,4,0,465.325,0,0,11,28,0,42,0
26-02 15:25:59,73.066,22.020,5.004,0,0.250,1524140,848600,170244,5387096,16336.671,5433.880,0,408.367,0,32.029,5200,3870,3.100,1.720,0.970,4,0,339.305,0,0,11,31,0,39,0
26-02 15:26:00,69.486,8.248,21.746,0,0,1577908,794784,170260,5387128,24908.104,18255.412,0,2263.555,0,117.977,5679,5307,3.090,1.740,0.980,5,0,67.987,0,0,11,35,0,40,0
26-02 15:26:01,67.922,13.734,17.730,0.250,0,1544752,827704,170276,5387344,20158.983,13776.271,0,511.416,0,51.941,7162,8512,3.090,1.740,0.980,4,0,132.848,0,0,11,32,0,43,0
26-02 15:26:02,80.113,13.269,6.760,0,0,1564244,808168,170292,5387372,14860.895,7188.107,0,2227.131,0,126.177,5264,3682,3.090,1.740,0.980,3,0,68.096,0,0,11,33,0,43,0
26-02 15:26:03,64.866,6.736,26.945,0,0,1595140,777212,170296,5387428,34386.183,23683.225,0,323.334,0,43.910,6398,7312,3.090,1.740,0.980,5,0,0.998,0,0,11,36,0,42,0
26-02 15:26:04,54.523,7.003,37.016,0,0,1594904,777212,170308,5387648,37518.943,28093.938,0,212.090,0,18.008,9829,14277,3.090,1.740,0.980,5,0,0,0,0,11,35,0,42,0
26-02 15:26:05,65.877,11.229,20.961,0.250,0,1589304,782612,170308,5387844,30404.098,20409.803,0,275.484,0,29.944,8373,10692,3.080,1.760,0.990,5,0,89.832,0,0,11,33,0,42,0
26-02 15:26:06,80.683,12.027,7.016,0,0,1567568,804324,170316,5387860,13504.575,6483.679,0,188.427,0,21.048,5081,3439,3.080,1.760,0.990,4,0,30.068,0,0,11,33,0,42,0
26-02 15:26:07,67.119,6.737,25.700,0,0,1644376,727464,170316,5387908,31858.002,21692.784,0,115.775,0,7.984,5533,6578,3.080,1.760,0.990,4,0,0,0,0,11,36,0,41,0
26-02 15:26:08,57.869,7.483,32.177,0,0,1626992,744616,170324,5388128,35578.506,26196.731,0,159.639,0,15.964,9975,13430,3.080,1.760,0.990,4,0,9.977,0,0,11,35,0,42,0
26-02 15:26:09,59.886,11.526,27.062,0,0,1658452,712928,170328,5388344,32059.925,24168.976,0,96.219,0,6.014,9618,11750,3.080,1.760,0.990,7,0,61.139,0,0,11,34,0,42,1
26-02 15:26:10,77.246,16.051,7.273,0,0,1516808,854556,170328,5388360,15397.944,7441.654,0,0,0,0,5001,3489,3.070,1.780,1.010,4,0,189.603,0,0,11,33,0,45,0
26-02 15:26:11,73.042,7.229,18.697,0,0,1622704,748604,170340,5388404,25316.007,17013.617,0,127.637,0,12.963,5011,4705,3.070,1.780,1.010,2,0,0,0,0,11,36,0,38,0
26-02 15:26:12,60.134,8.268,30.819,0,0,1614884,756208,170344,5388608,32818.294,23397.254,0,701.567,0,11.025,8630,11148,3.070,1.780,1.010,3,0,34.076,0,0,11,35,0,39,0
26-02 15:26:13,72.945,13.490,12.990,0,0,1543308,827716,170360,5388660,24067.937,13689.726,0,223.832,0,20.984,6609,7790,3.070,1.780,1.010,4,0,64.951,0,0,11,33,0,40,0
26-02 15:26:14,77.349,9.981,11.977,0,0,1560924,810088,170360,5388672,20484.107,8183.063,0,199.611,0,17.965,4943,3161,3.070,1.780,1.010,7,0,29.942,0,0,11,34,0,40,0
26-02 15:26:15,65.212,12.039,22.323,0,0,1561728,809116,170368,5388832,24153.580,17283.228,0,3094.066,0,162.529,6358,6546,3.070,1.800,1.020,3,0,120.392,0,0,11,34,0,41,0
26-02 15:26:16,75.745,9.499,14.249,0,0,1651276,719512,170368,5388888,22007.626,15628.025,0,167.990,0,9.999,6323,7648,3.070,1.800,1.020,2,0,0,0,0,11,35,0,41,0
26-02 15:26:17,62.384,8.450,27.340,0.249,0,1654584,715988,170372,5389084,66777.307,24866.144,0,147.137,0,10.936,7213,9568,3.070,1.800,1.020,3,0,58.656,0,0,11,35,0,42,0
26-02 15:26:18,75.428,14.583,9.303,0,0,1496672,873860,170372,5389124,21995.752,12465.701,0,152.867,0,9.051,6099,6406,3.070,1.800,1.020,6,0,168.958,0,0,11,32,0,45,0
26-02 15:26:19,77.823,8.730,13.719,0,0,1594268,776240,170372,5389148,17539.052,11889.919,0,119.727,0,6.984,4863,2540,3.070,1.800,1.020,3,0,0,0,0,11,35,0,44,0
26-02 15:26:20,69.534,8.004,21.761,0,0,1595460,774860,170376,5389328,28252.978,18075.943,0,108.053,0,8.004,6519,7140,3.060,1.820,1.030,5,0,34.017,0,0,11,34,0,46,0
26-02 15:26:21,73.386,12.730,13.230,0,0,1609932,760344,170384,5389364,18998.606,11350.439,0,151.765,0,15.975,5675,6310,3.060,1.820,1.030,4,0,105.836,0,0,11,33,0,47,0
26-02 15:26:22,61.554,10.009,28.275,0,0,1587488,782760,170388,5389388,21017.460,12364.860,0,628.552,0,25.022,4698,3802,3.060,1.820,1.030,3,0,66.058,0,0,11,34,0,48,0
26-02 15:26:23,50.985,11.996,35.490,0.250,0.250,1492316,877852,170396,5389452,18316.591,10657.853,0,427.874,0,41.988,5236,5058,3.060,1.820,1.030,7,0,99.970,0,0,11,33,0,50,0
26-02 15:26:24,56.868,15.031,27.808,0,0.251,1496880,873152,170396,5389588,10318.447,5674.795,0,440.916,0,17.035,5259,3852,3.060,1.820,1.030,2,0,117.244,0,0,11,33,0,51,0
26-02 15:26:25,53.994,5.999,39.496,0,0,1562560,807464,170396,5389596,16942.166,11100.799,0,187.980,0,7.999,3728,2828,3.060,1.840,1.040,3,0,0,0,0,11,34,0,51,0
26-02 15:26:26,53.316,5.232,39.115,0,0,1552872,817108,170400,5389636,25221.068,14712.290,0,107.629,0,7.973,6252,5928,3.060,1.840,1.040,4,0,0,0,0,11,34,0,52,0
26-02 15:26:27,55.459,15.810,28.859,0.251,0,1460912,908968,170412,5389720,15523.436,8194.848,0,188.710,0,14.053,6444,6140,3.060,1.840,1.040,5,0,133.503,0,0,11,32,0,48,0
26-02 15:26:28,42.384,7.230,49.864,0,0,1525172,844688,170416,5389732,11002.882,3151.374,0,175.520,0,9.973,3004,1535,3.060,1.840,1.040,2,0,38.894,0,0,11,33,0,48,0
26-02 15:26:29,35.553,3.978,58.674,0,0.249,1522460,847320,170420,5389808,19425.112,11771.620,0,202.873,0,10.939,3831,3334,3.060,1.840,1.040,3,0,0,0,0,11,34,0,48,0
26-02 15:26:30,36.967,4.778,56.331,0.251,0,1515388,854216,170428,5389968,19325.632,9902.224,0,2691.828,0,150.887,5532,5760,3.050,1.860,1.050,4,0,0,0,0,11,33,0,49,0
26-02 15:26:31,32.478,15.240,50.716,0.250,0,1415176,954416,170432,5389976,12320.651,3873.375,0,259.824,0,27.981,4926,3846,3.050,1.860,1.050,4,0,122.917,0,0,11,32,0,48,0
26-02 15:26:32,41.794,7.258,50.053,0,0,1484352,885228,170440,5389980,7532.988,2925.102,0,144.153,0,6.006,2936,1471,3.050,1.860,1.050,1,0,12.013,0,0,11,33,0,48,0
26-02 15:26:33,35.206,3.995,59.426,0.250,0,1500072,869368,170440,5390120,22777.565,11551.579,0,395.506,0,10.986,3799,3256,3.050,1.860,1.050,3,0,0.999,0,0,11,34,0,48,0
26-02 15:26:34,36.528,8.006,53.040,0.250,0,1430136,939240,170440,5390184,15345.620,7620.771,0,852.646,0,78.059,5269,5531,3.050,1.860,1.050,3,0,34.026,0,0,11,32,0,50,0
26-02 15:26:35,38.088,14.190,46.801,0,0,1428912,940456,170440,5390192,6529.249,1451.829,0,19.915,0,3.983,3911,2047,2.970,1.860,1.050,3,0,103.560,0,0,11,32,0,50,0
26-02 15:26:36,41.677,5.272,53.226,0,0,1498432,870932,170440,5390196,14778.703,6273.618,0,0,0,0,3042,1743,2.970,1.860,1.050,3,0,0,0,0,11,33,0,49,0
26-02 15:26:37,33.812,8.516,56.103,0,0,1453372,915948,170460,5390216,15882.259,9158.873,0,316.583,0,25.046,4346,3709,2.970,1.860,1.050,3,0,60.111,0,0,11,33,0,50,0
26-02 15:26:38,25.623,4.975,68.411,0,0,1467948,901368,170460,5390220,10739.734,2876.732,0,0,0,0,2420,1886,2.970,1.860,1.050,2,0,0,0,0,11,33,0,50,0
26-02 15:26:39,30.370,3.514,65.007,0,0,1493448,875856,170460,5390232,15880.859,8721.521,0,128.509,0,13.052,3550,3263,2.970,1.860,1.050,2,0,0,0,0,11,33,0,51,0
26-02 15:26:40,41.983,5.748,51.479,0,0,1454940,914348,170464,5390244,11470.369,4496.185,0,115.953,0,7.997,3810,2947,2.970,1.880,1.060,4,0,4.998,0,0,11,33,0,46,0
26-02 15:26:41,37.248,7.000,54.997,0,0,1420268,948856,170476,5390396,17736.928,9590.420,0,111.993,0,13.999,4587,4123,2.970,1.880,1.060,2,0,34.998,0,0,11,33,0,47,0
26-02 15:26:42,38.972,5.246,54.212,0.250,0,1466476,902624,170480,5390416,15102.338,5909.828,0,119.915,0,7.994,3898,3345,2.970,1.880,1.060,1,0,7.994,0,0,11,33,0,47,0
26-02 15:26:43,38.103,7.270,54.648,0,0,1425724,943360,170484,5390428,13469.482,7458.200,0,216.587,0,23.062,3673,2988,2.970,1.880,1.060,3,0,12.033,0,0,11,33,0,48,0
26-02 15:26:44,38.663,4.739,55.874,0,0,1471736,897336,170484,5390440,15670.546,6839.526,0,147.666,0,9.977,3539,2624,2.970,1.880,1.060,3,0,0,0,0,11,34,0,45,0
26-02 15:26:45,38.476,4.497,54.716,0.250,0,1424808,944220,170496,5390468,17840.821,9727.905,0,239.850,0,23.985,4580,4634,2.890,1.880,1.070,4,0,1.999,0,0,11,33,0,46,0
26-02 15:26:46,26.749,23.499,48.748,0,0,1397732,971208,170500,5390548,15372.452,5483.804,0,1879.933,0,161.994,5807,4516,2.890,1.880,1.070,3,0,239.991,0,0,11,32,0,47,0
26-02 15:26:47,22.766,7.755,68.298,0,0,1408260,960684,170500,5390544,43423.406,1459.022,0,192.135,0,10.007,2451,1518,2.890,1.880,1.070,3,0,40.028,0,0,11,32,0,47,0
26-02 15:26:48,19.471,1.997,77.384,0.250,0,1421796,947180,170500,5390548,13969.055,6533.204,0,155.766,0,8.987,2168,1739,2.890,1.880,1.070,2,0,0.999,0,0,11,33,0,45,0
26-02 15:26:49,17.776,2.754,78.366,0.501,0,1412908,955912,170508,5390696,16525.562,7199.701,0,652.971,0,49.073,3596,4340,2.890,1.880,1.070,1,0,0,0,0,11,32,0,46,0
26-02 15:26:50,11.751,17.251,68.755,0,0,1370968,997840,170512,5390704,9617.637,1524.101,0,120.008,0,13.001,4138,2545,2.740,1.870,1.070,1,0,183.012,0,0,11,32,0,46,0
26-02 15:26:51,15.228,12.482,70.899,0,0,1376940,991864,170512,5390708,10115.657,1563.783,0,7.989,0,1.997,3122,1922,2.740,1.870,1.070,3,0,100.857,0,0,11,32,0,46,0
26-02 15:26:52,19.531,2.254,77.373,0.250,0,1418356,950440,170520,5390708,12093.283,3680.869,0,248.396,0,15.024,1838,1352,2.740,1.870,1.070,0,0,0,0,0,11,33,0,44,0
26-02 15:26:53,21.740,2.249,74.966,0,0,1411676,957096,170528,5390720,14993.100,6152.169,0,167.923,0,19.991,2811,2691,2.740,1.870,1.070,2,0,1.000,0,0,11,33,0,44,0
26-02 15:26:54,19.261,5.253,74.041,0,0,1334068,1034684,170532,5390736,13351.467,5337.985,0,128.072,0,8.004,3398,3163,2.740,1.870,1.070,1,0,36.020,0,0,11,32,0,45,0
26-02 15:26:55,20.980,4.995,73.181,0,0,1344928,1023824,170532,5390736,7123.248,1564.517,0,3.996,0,0.999,1900,1257,2.600,1.850,1.070,3,0,9.991,0,0,11,32,0,45,0
26-02 15:26:56,25.131,5.225,68.923,0,0,1395128,973620,170532,5393268,9635.356,3797.013,0,0,0,0,2548,4676,2.600,1.850,1.070,3,0,33.840,0,0,11,33,0,39,0
26-02 15:26:57,23.639,4.275,70.918,0,0,1389596,979136,170536,5390748,16688.353,7482.096,0,261.541,0,15.089,3484,8226,2.600,1.850,1.070,4,0,2.012,0,0,11,33,0,40,0
26-02 15:26:58,18.984,2.498,76.937,0,0,1387836,980876,170536,5390768,14057.522,6777.466,0,0,0,0,3587,3868,2.600,1.850,1.070,1,0,0,0,0,11,33,0,40,0
26-02 15:26:59,14.493,13.993,69.215,0.500,0,1335536,1033096,170540,5390844,12363.792,1988.002,0,131.934,0,18.990,3918,2590,2.600,1.850,1.070,3,0,129.935,0,0,11,32,0,40,0
26-02 15:27:00,9.507,22.768,66.803,0,0,1329396,1039164,170540,5390916,10243.054,1459.147,0,148.116,0,2.002,4884,2781,2.390,1.820,1.060,2,0,223.175,0,0,11,32,0,39,0
26-02 15:27:01,15.521,27.537,55.574,0,0,1333896,1034592,170548,5390972,10306.680,1459.938,0,448.595,0,29.039,5152,3334,2.390,1.820,1.060,3,0,258.343,0,0,11,32,0,41,0
26-02 15:27:02,42.972,7.495,48.469,0,0,1382084,986308,170564,5391052,9535.821,1457.056,35.977,1475.044,0.999,189.877,3134,1794,2.390,1.820,1.060,2,0,14.990,0,0,11,32,0,41,0
26-02 15:27:03,42.757,6.501,47.507,3.000,0,1486448,879044,170860,5393296,6843.042,1458.222,372.057,4452.678,13.002,332.051,4714,5192,2.390,1.820,1.060,1,2,21.003,0,0,11,36,0,41,0
26-02 15:27:04,37.813,8.264,38.314,12.521,0,1479828,881524,171484,5396592,7410.338,1514.522,64.107,20890.781,4.007,1787.977,10652,17324,2.390,1.820,1.060,2,0,55.092,0,0,11,36,0,37,0
26-02 15:27:05,36.878,8.472,39.369,11.213,0,1522580,836484,171768,5398440,9772.553,1453.175,0,22573.052,0,1920.623,10141,17711,2.520,1.860,1.080,4,1,53.821,0,0,11,36,0,37,0
26-02 15:27:06,36.052,10.265,37.805,12.518,0,1568440,789120,172156,5399524,11676.857,1460.108,0,23413.802,0,2062.978,10213,18123,2.520,1.860,1.080,2,1,29.042,0,0,11,36,0,37,0
26-02 15:27:07,38.403,8.370,37.665,11.078,0,1542096,815132,172376,5399596,10005.540,1542.041,0,29194.394,0,2331.770,10837,19551,2.520,1.860,1.080,2,1,15.755,0,0,11,36,0,37,0
26-02 15:27:08,45.956,7.109,44.686,2.539,0,1507700,849624,172424,5399452,10067.605,1535.581,0,8941.308,0,585.999,4610,5214,2.520,1.860,1.080,2,0,7.109,0,0,11,32,0,36,0
26-02 15:27:09,45.698,5.494,48.445,0.250,0,1517328,839984,172424,5399464,10545.060,1456.351,0,587.335,0,42.951,2875,1617,2.520,1.860,1.080,2,0,0.999,0,0,11,32,0,36,0
26-02 15:27:10,39.361,7.225,43.846,6.477,0,1564272,792732,172576,5399648,10355.512,1452.881,0,8019.742,0,1226.678,9080,14022,2.480,1.860,1.080,3,1,2.989,0,0,11,34,0,36,0
26-02 15:27:11,38.033,8.257,42.537,9.508,0.250,1546288,810120,172852,5399960,6888.945,1459.259,0,15277.185,0,1778.535,11591,18292,2.480,1.860,1.080,2,1,1.001,0,0,11,34,0,36,0
26-02 15:27:12,35.598,12.785,46.378,3.760,0,1506640,849656,172936,5399988,10656.381,1462.031,0,11202.887,0,775.137,6261,7236,2.480,1.860,1.080,1,0,98.271,0,0,11,32,0,32,0
26-02 15:27:13,22.753,3.250,73.011,0,0,1539404,816884,172936,5399992,9667.445,1336.200,0,528.079,0,29.004,1954,1383,2.480,1.860,1.080,1,0,3.000,0,0,11,32,0,32,0
26-02 15:27:14,22.025,3.504,73.584,0,0,1510256,846020,172936,5400004,8363.556,1243.421,0,180.206,0,11.013,1853,1287,2.480,1.860,1.080,1,0,1.001,0,0,11,32,0,32,0
26-02 15:27:15,22.238,4.248,71.712,0.750,0,1541608,814644,172968,5399996,10879.240,1565.171,0,3414.192,0,180.904,2245,2056,2.360,1.850,1.080,1,0,1.999,0,0,11,32,0,32,0
26-02 15:27:16,22.740,2.499,73.969,0,0,1496440,859684,172972,5400076,7252.919,1457.381,0,0,0,0,1737,1110,2.360,1.850,1.080,1,0,1.000,0,0,11,32,0,32,0
26-02 15:27:17,22.261,4.002,73.536,0,0,1530416,825708,172972,5400076,46091.319,1458.706,0,128.062,0,28.014,1950,1207,2.360,1.850,1.080,1,0,2.001,0,0,11,32,0,29,0
26-02 15:27:18,22.738,2.749,73.461,0,0,1487188,868840,172972,5400164,6524.501,1457.219,0,0,0,0,1782,1201,2.360,1.850,1.080,1,0,0.999,0,0,11,32,0,29,0
26-02 15:27:19,22.762,3.252,73.289,0,0,1466948,889056,172980,5400180,8234.378,1458.776,0,0,0,0,1843,1351,2.360,1.850,1.080,2,0,1.001,0,0,11,32,0,29,0
26-02 15:27:20,22.243,3.749,73.726,0,0,1482328,873660,172980,5400192,10369.557,1457.516,0,203.932,0,1.999,1861,1182,2.250,1.830,1.080,1,0,1.999,0,0,11,32,0,29,0
26-02 15:27:21,23.489,2.499,73.215,0.250,0,1465956,890032,172980,5400192,11529.486,1511.277,0,67.967,0,8.996,1986,1413,2.250,1.830,1.080,1,0,1.000,0,0,11,32,0,23,0
26-02 15:27:22,23.017,3.002,73.304,0,0,1454708,901244,172988,5400220,11700.691,1459.084,0,440.327,0,29.022,1931,1403,2.250,1.830,1.080,1,0,0,0,0,11,32,0,23,0
26-02 15:27:23,21.992,3.749,73.222,0,0,1438884,917044,172992,5400240,8442.823,1565.411,0,3.998,0,1.000,1901,1307,2.250,1.830,1.080,1,0,1.999,0,0,11,32,0,23,0
26-02 15:27:24,21.984,3.497,73.446,0,0.250,1486000,869928,172992,5400240,10414.351,1456.930,0,0,0,0,1884,1225,2.250,1.830,1.080,3,0,1.999,0,0,11,32,0,23,0
26-02 15:27:25,13.517,14.268,71.088,0,0,1448264,907508,173000,5400384,9603.909,1513.877,0,0,0,0,3940,2493,2.150,1.820,1.080,1,0,173.215,0,0,11,32,0,18,0
26-02 15:27:26,8.000,22.250,67.749,0,0,1446072,909684,173000,5400396,8399.815,1457.968,0,527.988,0,6.000,4911,2992,2.150,1.820,1.080,2,0,246.995,0,0,11,32,0,18,0
26-02 15:27:27,9.498,20.496,68.238,0,0.250,1430904,924708,173004,5400536,7954.554,1457.735,0,539.902,0,6.999,4716,2942,2.150,1.820,1.080,1,0,226.959,0,0,11,32,0,18,0
26-02 15:27:28,8.503,20.508,69.527,0,0,1411328,944244,173004,5400572,10918.176,1512.579,0,588.225,0,84.032,4644,2867,2.150,1.820,1.080,2,0,196.075,0,0,11,32,0,18,0
26-02 15:27:29,8.996,21.991,67.222,0,0,1396492,959068,173004,5400584,9701.934,1565.344,0,95.960,0,1.999,4829,3033,2.150,1.820,1.080,2,0,234.902,0,0,11,32,0,15,0
26-02 15:27:30,7.753,21.008,69.526,0,0,1375740,979800,173004,5400600,10339.793,1512.555,0,184.068,0,2.001,4768,2960,1.980,1.790,1.080,2,0,223.082,0,0,11,32,0,15,0
26-02 15:27:31,17.726,9.737,71.402,0,0,1400312,955204,173008,5400616,10596.421,1563.848,0,243.665,0,11.984,3133,2331,1.980,1.790,1.080,1,0,68.905,0,0,11,32,0,15,0
26-02 15:27:32,21.764,4.003,73.296,0.250,0,1447424,908104,173012,5400600,11358.179,1458.922,0,396.250,0,27.017,1971,1380,1.980,1.790,1.080,1,0,2.001,0,0,11,32,0,15,0
26-02 15:27:33,22.754,3.251,73.511,0,0,1445976,909536,173012,5400616,10573.653,1404.220,0,16.003,0,1.000,1821,1159,1.980,1.790,1.080,2,0,2.000,0,0,11,32,0,13,0
26-02 15:27:34,21.987,3.248,73.707,0,0,1506796,848736,173012,5400596,6877.987,1079.370,0,7.995,0,0.999,1750,1210,1.980,1.790,1.080,3,0,0,0,0,11,32,0,13,0
26-02 15:27:35,22.442,3.242,73.061,0,0,1494268,861240,173012,5400616,9096.506,1508.105,0,654.310,0,3.990,1799,1119,1.980,1.790,1.080,3,0,2.992,0,0,11,32,0,13,0
26-02 15:27:36,22.588,3.765,73.787,0,0,1489412,866108,173012,5400604,10436.557,1517.899,0,1441.602,0,14.055,1860,1308,1.900,1.770,1.080,2,0,0,0,0,11,32,0,13,0
26-02 15:27:37,22.481,3.247,73.439,0,0,1520320,835196,173012,5400608,10497.309,1456.794,0,159.868,0,2.998,1881,1189,1.900,1.770,1.080,3,0,1.998,0,0,11,32,0,10,0
26-02 15:27:38,22.245,3.249,73.485,0,0,1485992,869512,173012,5400620,10146.925,1565.680,0,0,0,0,1829,1259,1.900,1.770,1.080,3,0,1.000,0,0,11,32,0,10,0
26-02 15:27:39,22.508,3.751,73.526,0,0,1522764,832756,173012,5400604,8339.913,1512.528,0,0,0,0,1857,1270,1.900,1.770,1.080,2,0,2.001,0,0,11,32,0,10,0
26-02 15:27:40,22.306,3.258,73.686,0,0.251,1482432,873068,173012,5400624,10751.122,1461.687,0,36.091,0,2.005,1860,1178,1.900,1.770,1.080,1,0,1.003,0,0,11,32,0,10,0
26-02 15:27:41,22.426,3.738,73.258,0,0,1494916,860588,173020,5400612,8188.001,1507.031,0,506.330,0,70.767,2102,1714,1.910,1.780,1.080,3,0,1.993,0,0,11,32,0,8,0
26-02 15:27:42,22.505,3.001,73.266,0,0,1475612,879872,173028,5400624,8853.906,1512.326,0,316.068,0,23.005,1832,1211,1.910,1.780,1.080,3,0,1.000,0,0,11,32,0,8,0
26-02 15:27:43,23.781,4.506,71.593,0,0,1482028,873464,173028,5400600,11109.458,1513.970,0,0,0,0,2022,1326,1.910,1.780,1.080,4,0,7.009,0,0,11,32,0,8,0
26-02 15:27:44,22.224,3.496,73.913,0,0,1484188,871280,173028,5400624,10093.150,1498.241,0,23.972,0,0.999,1890,1208,1.910,1.780,1.080,3,0,2.996,0,0,11,32,0,8,0
26-02 15:27:45,22.771,3.003,73.318,0.250,0,1476040,879512,173032,5400536,10062.363,1459.358,0,428.399,0,79.074,1825,1218,1.910,1.780,1.080,3,0,2.002,0,0,11,32,0,6,0
26-02 15:27:46,22.702,2.994,73.095,0,0,1526524,829024,173036,5400536,9737.307,1454.908,0,163.652,0,3.992,1882,1242,2,1.800,1.090,2,0,1.996,0,0,11,32,0,6,0
26-02 15:27:47,23.050,3.257,73.660,0,0,1489548,865912,173036,5400624,46835.450,1515.282,0,4.009,0,1.002,1908,1313,2,1.800,1.090,2,0,1.002,0,0,11,32,0,6,0
26-02 15:27:48,21.711,3.743,73.118,0,0,1470036,885424,173036,5400624,10130.770,1497.306,0,11.978,0,0.998,1846,1262,2,1.800,1.090,4,0,0.998,0,0,11,32,0,6,0
26-02 15:27:49,23.041,3.757,73.381,0,0,1484388,871092,173036,5400604,8565.305,1460.610,0,0,0,0,1874,1231,2,1.800,1.090,2,0,2.004,0,0,11,32,0,5,0
26-02 15:27:50,22.984,2.498,73.699,0,0,1442856,912604,173036,5400624,6250.709,1457.000,0,19.986,0,0.999,1786,1268,2,1.800,1.090,3,0,0.999,0,0,11,32,0,5,0
26-02 15:27:51,22.701,2.994,73.093,0,0,1439028,916412,173048,5400632,10130.213,1454.871,0,167.639,0,15.966,2019,1593,2.160,1.840,1.110,2,0,0.998,0,0,11,32,0,5,0
26-02 15:27:52,22.567,3.761,73.219,0.251,0,1475084,880356,173060,5400620,10331.894,1570.697,0,405.212,0,29.087,1893,1349,2.160,1.840,1.110,3,0,0,0,0,11,32,0,5,0
26-02 15:27:53,20.991,5.748,72.719,0,0,1468996,886404,173060,5400660,8733.314,1511.362,0,147.938,0,28.988,2205,1365,2.160,1.840,1.110,2,0,36.984,0,0,11,32,0,4,0
26-02 15:27:54,8.246,22.240,68.218,0,0,1437364,918024,173060,5400672,10674.015,1457.319,0,139.935,0,6.997,4875,2965,2.160,1.840,1.110,2,0,250.883,0,0,11,32,0,4,0
26-02 15:27:55,10.750,17.500,69.251,0,0,1435868,919512,173060,5400680,7230.094,1566.020,0,60.001,0,3.000,4025,2620,2.160,1.840,1.110,1,0,175.002,0,0,11,32,0,4,0
26-02 15:27:56,23.018,3.002,73.558,0,0,1497168,858200,173060,5400692,10793.440,1459.141,0,36.028,0,1.001,1844,1291,2.140,1.840,1.110,2,0,0,0,0,11,32,0,4,0
26-02 15:27:57,30.497,6.249,62.494,0,0,1455856,899264,173060,5400940,10437.964,1511.850,0,147.985,0,2.000,2987,9003,2.140,1.840,1.110,3,0,44.996,0,0,11,32,0,5,0
26-02 15:27:58,22.247,3.499,73.739,0,0,1502520,852600,173060,5400940,5834.103,1457.776,0,0,0,0,1807,1282,2.140,1.840,1.110,3,0,0,0,0,11,32,0,3,0
26-02 15:27:59,18.505,13.504,67.019,0.250,0,1468676,886324,173060,5401060,11001.147,1458.417,40.011,4.001,2.001,1.000,3351,2101,2.140,1.840,1.110,2,0,154.044,0,0,11,32,0,3,0
26-02 15:28:00,9.250,21.000,68.750,0,0,1472344,882624,173060,5401076,8816.984,1457.997,0,72.000,0,3.000,4648,2923,2.140,1.840,1.110,5,0,224.000,0,0,11,32,0,3,0
26-02 15:28:01,8.497,22.243,67.229,0,0,1424628,930272,173068,5401136,10268.752,1457.539,0,395.875,0,16.995,4952,3349,2.130,1.840,1.120,1,0,234.926,0,0,11,32,0,3,0
26-02 15:28:02,8.502,21.504,68.012,0,0,1408892,945988,173072,5401152,7422.316,1026.182,0,496.088,0,24.004,4823,3027,2.130,1.840,1.120,2,0,237.042,0,0,11,32,0,1,0
26-02 15:28:03,8.496,22.989,67.217,0,0,1405184,949676,173072,5401168,10366.914,1133.444,0,91.955,0,1.000,4883,3054,2.130,1.840,1.120,1,0,247.878,0,0,11,32,0,1,0
26-02 15:28:04,8.499,21.248,68.242,0,0,1398656,956184,173072,5401180,8475.059,1403.844,0,251.972,0,34.996,4732,2940,2.130,1.840,1.120,2,0,234.974,0,0,11,32,0,1,0
26-02 15:28:05,9.977,21.451,67.346,0,0,1369524,985284,173072,5401200,8114.408,1023.655,0,466.930,0,6.984,4797,2928,2.130,1.840,1.120,3,0,225.483,0,0,11,32,0,1,0
26-02 15:28:06,8.764,22.287,67.861,0,0,1355868,998932,173072,5401208,7428.204,1514.488,0,645.060,0,7.012,4820,2906,2.200,1.860,1.130,3,0,240.395,0,0,11,32,0,1,0
26-02 15:28:07,8.512,21.530,67.594,0.250,0,1358196,996592,173072,5401220,12700.714,1514.112,0,660.922,0,8.011,4866,2942,2.200,1.860,1.130,3,0,231.323,0,0,11,32,0,1,0
26-02 15:28:08,8.500,22.250,67.251,0,0,1337884,1016892,173072,5401232,10371.192,1458.027,0,552.010,0,6.000,4777,2889,2.200,1.860,1.130,3,0,228.004,0,0,11,32,0,1,0
26-02 15:28:09,8.750,22.999,66.497,0,0,1324984,1029776,173072,5401244,12407.348,1511.921,0,667.965,0,30.998,4893,2938,2.200,1.860,1.130,1,0,234.988,0,0,11,32,0,1,0
26-02 15:28:10,9.244,20.236,69.953,0,0,1319904,1034836,173072,5401264,12207.713,1564.938,0,207.859,0,2.998,4658,2933,2.200,1.860,1.130,3,0,220.850,0,0,11,32,0,1,0
26-02 15:28:11,8.006,20.766,68.804,0.250,0,1328908,1025808,173080,5401280,10736.453,1459.149,0,440.347,0,61.048,4948,3310,2.270,1.880,1.140,1,0,218.172,0,0,11,32,0,1,0
26-02 15:28:12,8.997,20.744,68.731,0,0,1332404,1022300,173080,5401292,9445.337,1457.589,0,559.842,0,29.992,4868,3114,2.270,1.880,1.140,2,0,235.933,0,0,11,32,0,1,0
26-02 15:28:13,7.751,20.502,68.508,0,0,1329544,1025140,173080,5401312,8411.923,1714.188,0,232.025,0,4.000,4734,2962,2.270,1.880,1.140,2,0,221.024,0,0,11,32,0,1,0
26-02 15:28:14,9.006,22.016,67.549,0,0,1329768,1024900,173080,5401328,6912.971,1459.049,0,24.017,0,6.004,4721,2930,2.270,1.880,1.140,2,0,226.163,0,0,11,32,0,1,0
26-02 15:28:15,8.229,23.440,66.830,0,0,1332172,1022484,173080,5401340,10683.790,1454.296,0,315.197,0,65.832,4888,2887,2.270,1.880,1.140,2,0,232.408,0,0,11,32,0,1,0
26-02 15:28:16,9.266,21.537,68.118,0,0,1332092,1022540,173080,5401360,8212.277,1460.539,0,20.035,0,5.009,4746,2871,2.400,1.920,1.150,1,0,223.388,0,0,11,32,0,1,0
26-02 15:28:17,11.494,18.741,68.466,0,0,1299900,1054700,173100,5401364,44764.635,1457.272,0,139.930,0,5.997,4548,2970,2.400,1.920,1.150,2,0,206.897,0,0,11,32,0,1,0
26-02 15:28:18,20.997,29.746,46.994,0.500,0,1320340,1034200,173104,5401388,10254.631,1457.805,0,391.948,0,19.997,5522,3519,2.400,1.920,1.150,4,0,290.961,0,0,11,32,0,3,0
26-02 15:28:19,35.094,29.078,34.844,0.251,0,1375348,979168,173104,5401412,11300.352,1624.363,0,393.056,0,25.067,5462,3619,2.400,1.920,1.150,6,0,290.781,0,0,11,34,0,4,0
26-02 15:28:20,62.659,16.726,19.971,0,0,1534064,819636,173228,5402072,7984.414,1455.887,0,1102.400,0,148.784,4626,3079,2.400,1.920,1.150,3,0,179.739,0,0,11,32,0,7,0
26-02 15:28:21,57.954,8.243,27.229,5.995,0,1618108,729156,173708,5407108,6704.712,1456.851,15.987,10016.100,0.999,860.321,7086,10071,2.530,1.950,1.170,2,2,45.964,0,0,11,36,0,8,0
26-02 15:28:22,35.230,8.995,35.479,14.991,0,1617300,722380,174316,5413724,9683.367,1457.152,427.751,42415.328,8.995,2961.277,13786,24797,2.530,1.950,1.170,7,0,38.977,0,0,11,38,0,8,0
26-02 15:28:23,33.518,10.255,36.019,16.008,0,1538452,796920,174548,5417588,8602.544,1458.770,0,37827.980,0,2782.470,13292,23218,2.530,1.950,1.170,7,0,52.027,0,0,11,36,0,8,0
26-02 15:28:24,35.685,15.971,30.943,13.475,0,1574660,756656,174692,5421364,6868.454,1617.046,0,41895.475,0,2828.833,13084,22945,2.530,1.950,1.170,8,0,82.849,0,0,11,36,0,8,0
26-02 15:28:25,38.324,9.769,34.316,13.777,0,1612092,714332,174760,5426020,12455.103,3888.525,0,33861.529,0,2503.845,12263,21598,2.530,1.950,1.170,3,1,42.081,0,0,11,37,0,8,0
26-02 15:28:26,38.567,9.206,32.347,13.934,0,1612388,710048,174892,5429720,16482.917,7216.812,0,44146.866,0,3269.512,13451,23935,2.730,2,1.190,4,1,20.901,0,0,11,37,0,8,0
26-02 15:28:27,38.167,14.062,30.634,13.308,0,1612204,705336,175100,5434216,14046.611,2768.142,0,31401.734,0,2413.586,12736,20922,2.730,2,1.190,2,1,76.335,0,0,11,36,0,9,0
26-02 15:28:28,47.511,11.253,25.006,13.003,0,1657440,656184,175372,5437756,11191.699,1458.352,0,38529.290,0,2747.663,12159,21427,2.730,2,1.190,4,0,24.006,0,0,11,36,0,9,0
26-02 15:28:29,49.488,9.498,28.243,9.998,0,1551472,759056,175624,5440476,11806.113,6499.411,0,29920.684,0,2263.447,11813,19458,2.730,2,1.190,6,0,38.990,0,0,11,35,0,9,0
26-02 15:28:30,31.188,22.206,30.689,12.226,0,1561880,743740,175712,5445148,17535.954,7267.476,371.258,34327.395,5.988,2259.484,14074,22763,2.730,2,1.190,6,0,234.531,0,0,11,35,0,9,0
26-02 15:28:31,45.363,20.551,23.308,8.521,0,1566400,736284,175844,5448248,17466.361,8099.107,0,35700.629,0,2692.685,15492,27936,3.070,2.080,1.220,4,0,152.378,0,0,11,37,0,9,0
26-02 15:28:32,47.445,21.225,20.975,8.989,0.250,1536036,764156,175876,5450172,9080.382,3615.772,1094.720,28012.244,14.982,2022.635,12315,20242,3.070,2.080,1.220,4,0,146.828,0,0,11,36,0,9,0
26-02 15:28:33,36.046,15.019,34.544,11.515,0,1570136,728804,175936,5451280,11916.272,3434.402,668.857,30022.478,12.015,2308.959,12507,20266,3.070,2.080,1.220,1,0,117.150,0,0,11,37,0,9,0
26-02 15:28:34,32.489,7.498,43.736,11.996,0,1564176,732668,176044,5453220,16876.411,7855.399,0,27426.917,0,2281.245,12517,20894,3.070,2.080,1.220,1,0,29.990,0,0,11,37,0,9,0
26-02 15:28:35,33.413,8.478,42.390,11.470,0,1562032,734692,176228,5453136,18026.130,6758.427,0,25657.288,0,2066.627,12183,20426,3.070,2.080,1.220,7,0,11.969,0,0,11,37,0,9,0
26-02 15:28:36,32.156,8.475,43.124,11.217,0,1559172,738384,176284,5452244,14356.111,6889.896,0,25605.287,0,2055.004,11775,19528,3.390,2.170,1.250,3,0,5.983,0,0,11,37,0,9,0
26-02 15:28:37,33.747,12.999,39.996,10.249,0,1473632,822968,176396,5453080,7836.275,2645.755,0,16018.519,0,1502.861,9862,15004,3.390,2.170,1.250,3,0,82.992,0,0,11,36,0,10,0
26-02 15:28:38,36.706,7.794,38.214,12.571,0,1528248,767276,176460,5454076,14217.774,1466.227,0,29670.476,0,2393.429,11892,19322,3.390,2.170,1.250,3,1,24.135,0,0,11,36,0,10,0
26-02 15:28:39,33.224,8.244,43.965,10.742,0,1537484,758524,176496,5453548,17829.976,7284.271,0,22546.266,0,2071.371,11434,19034,3.390,2.170,1.250,3,0,14.988,0,0,11,37,0,10,0
26-02 15:28:40,30.799,8.514,44.070,11.018,0,1536668,758272,176528,5454580,14980.806,6071.649,0,26638.332,0,2064.280,11484,19287,3.390,2.170,1.250,3,0,9.014,0,0,11,37,0,10,0
26-02 15:28:41,33.981,8.495,41.726,11.244,0,1536144,758048,176536,5455300,15380.337,6706.223,0,25713.517,0,2161.782,11615,18764,3.600,2.230,1.280,4,0,17.990,0,0,11,37,0,10,0
26-02 15:28:42,40.828,5.975,38.090,10.705,0,1454216,839048,176568,5456164,14780.844,5614.391,0,20700.949,0,1760.596,10513,17083,3.600,2.230,1.280,4,0,14.937,0,0,11,36,0,10,0
26-02 15:28:43,40.979,11.816,35.197,10.308,0,1492516,799660,176620,5457148,10257.292,1466.189,0,17493.712,0,1739.717,10662,17339,3.600,2.230,1.280,3,0,61.343,0,0,11,36,0,10,0
26-02 15:28:44,31.988,8.431,43.394,11.902,0,1522932,767908,176676,5458396,12580.783,6448.097,0,27347.630,0,2245.576,11867,20632,3.600,2.230,1.280,3,1,29.756,0,0,11,37,0,10,0
26-02 15:28:45,34.342,9.275,40.609,12.032,0,1521692,767908,176748,5459536,10210.337,4922.179,0,29446.840,0,2189.863,11703,19605,3.600,2.230,1.280,5,0,15.040,0,0,11,37,0,10,0
26-02 15:28:46,32.499,8.500,43.749,11.250,0,1520608,767684,176808,5460744,15942.703,6493.879,0,22755.576,0,1845.966,11362,18798,3.790,2.290,1.300,4,0,26.999,0,0,11,37,0,10,0
26-02 15:28:47,32.146,8.036,43.196,11.301,0,1519372,767180,176828,5462416,49978.732,6290.537,0,25993.923,0,2007.105,11719,19245,3.790,2.290,1.300,2,1,18.082,0,0,11,37,0,10,0
26-02 15:28:48,29.727,13.739,40.219,12.240,0,1484436,801112,176844,5463376,11803.783,2685.903,0,26399.386,0,2114.349,11471,18845,3.790,2.290,1.300,4,0,75.941,0,0,11,36,0,11,0
26-02 15:28:49,36.432,7.736,40.923,11.229,0,1516104,767848,176860,5464920,9876.496,1509.172,0,28578.456,0,2383.534,11530,20632,3.790,2.290,1.300,6,0,50.905,0,0,11,36,0,11,0
26-02 15:28:50,33.751,8.500,42.251,12.250,0,1524212,758536,176860,5466084,16936.539,7135.227,0,24772.789,0,2125.068,11659,19500,3.790,2.290,1.300,3,0,36.001,0,0,11,37,0,11,0
26-02 15:28:51,33.482,9.745,40.728,11.744,0.250,1500616,780948,176872,5467236,15552.443,4683.423,0,24558.488,0,2048.873,12067,19910,3.970,2.350,1.330,4,0,52.971,0,0,11,36,0,12,0
26-02 15:28:52,36.024,11.007,39.776,11.007,0,1547252,733412,176880,5468096,8667.723,1458.963,0,26821.709,0,1897.253,9993,17027,3.970,2.350,1.330,5,2,29.019,0,0,11,36,0,12,0
26-02 15:28:53,32.565,7.265,43.838,13.026,0,1572524,707128,176908,5469044,13444.955,4277.576,0,27118.368,0,2199.409,10618,18212,3.970,2.350,1.330,4,1,13.026,0,0,11,37,0,12,0
26-02 15:28:54,31.562,8.201,41.751,13.420,0,1570352,712068,176916,5466272,13238.059,5897.830,0,23464.080,0,2091.528,11282,19495,3.970,2.350,1.330,4,1,5.964,0,0,11,36,0,13,0
26-02 15:28:55,32.219,15.103,37.253,13.089,0,1498004,787516,176932,5463152,7239.195,1522.345,0,33620.471,0,2527.174,12179,21218,3.970,2.350,1.330,2,1,63.431,0,0,11,36,0,13,0
26-02 15:28:56,37.538,8.452,38.035,12.678,0.249,1532172,752336,176944,5464144,11199.668,1449.802,0,33482.663,0,2563.504,11759,20500,4.050,2.400,1.350,2,0,26.848,0,0,11,36,0,13,0
26-02 15:28:57,42.683,11.801,37.410,5.775,0,1409604,875068,176944,5463888,15764.620,6807.198,0,16032.770,0,1142.902,8176,21265,4.050,2.400,1.350,2,0,90.388,0,0,11,33,0,15,0
26-02 15:28:58,24.772,16.765,57.051,0,0,1333148,951336,176944,5464168,15428.787,6880.148,0,748.669,0,45.040,5107,4780,4.050,2.400,1.350,1,0,173.155,0,0,11,32,0,16,0
26-02 15:28:59,19.789,6.763,73.143,0,0,1366632,917848,176944,5464172,10179.886,1514.959,0,625.221,0,35.069,2316,1578,4.050,2.400,1.350,1,0,37.072,0,0,11,32,0,15,0
26-02 15:29:00,17.494,2.749,78.225,0.250,0,1398612,885856,176944,5464184,11940.225,6601.913,0,587.814,0,35.989,2100,1886,4.050,2.400,1.350,1,0,0,0,0,11,33,0,15,0
26-02 15:29:01,20.705,2.993,74.588,0.499,0,1398560,885856,176944,5464228,13001.722,4712.750,0,1875.920,0,91.800,3146,3132,3.890,2.390,1.350,2,0,0,0,0,11,33,0,15,0
26-02 15:29:02,14.501,8.751,75.507,0,0,1349144,935260,176948,5464236,12496.133,3884.352,0,464.042,0,38.003,3430,3055,3.890,2.390,1.350,3,0,83.008,0,0,11,32,0,16,0
26-02 15:29:03,9.253,22.507,66.520,0.250,0,1356688,927616,176948,5464336,8021.404,1458.437,0,288.086,0,15.004,4956,3017,3.890,2.390,1.350,2,0,247.074,0,0,11,32,0,16,0
26-02 15:29:04,9.750,23.249,65.497,0,0,1365440,918796,176948,5464404,11023.532,1457.938,0,79.997,0,7.000,4925,3015,3.890,2.390,1.350,2,0,257.989,0,0,11,32,0,16,0
26-02 15:29:05,44.590,22.796,31.814,0.251,0,1394408,889624,176964,5464592,6752.576,1623.264,0,773.555,0,57.115,5483,3888,3.890,2.390,1.350,3,0,210.423,0,0,11,32,0,22,0
26-02 15:29:06,65.900,8.986,23.714,0,0,1551804,731368,176996,5465420,11229.874,1455.780,0,311.525,0,12.980,3811,1647,3.810,2.400,1.360,3,0,2.995,0,0,11,32,0,22,0
26-02 15:29:07,69.470,5.997,24.240,0.500,0.250,1709136,571124,177116,5468060,10239.607,1457.375,0,2067.113,0,62.973,3907,1858,3.810,2.400,1.360,3,0,0,0,0,11,32,0,22,0
26-02 15:29:08,53.200,7.493,29.972,6.744,0,1776232,497344,177224,5474008,7542.901,1456.629,0,21839.446,0,1479.608,9633,14107,3.810,2.400,1.360,3,1,71.932,0,0,11,38,0,22,0
26-02 15:29:09,30.470,8.741,40.210,16.234,0,1773232,494824,177228,5479360,11084.094,1456.567,0,34781.776,0,2642.400,13164,22788,3.810,2.400,1.360,5,0,86.914,0,0,11,38,0,22,0
26-02 15:29:10,31.039,7.760,41.302,14.518,0,1771560,491044,177236,5484632,9932.620,1459.855,0,27326.719,0,2185.777,12864,21566,3.810,2.400,1.360,7,0,111.141,0,0,11,38,0,22,0
26-02 15:29:11,27.212,10.486,40.694,16.477,0,1770356,488524,177264,5488212,10859.987,1455.987,0,54836.192,0,3707.874,15015,27330,3.590,2.380,1.360,4,0,74.896,0,0,11,38,0,22,0
26-02 15:29:12,26.191,8.980,43.652,15.715,0.249,1769024,485248,177284,5492624,7784.513,1454.732,0,30483.524,0,2434.531,13234,22199,3.590,2.380,1.360,3,0,92.792,0,0,11,38,0,22,0
26-02 15:29:13,22.825,10.535,43.643,18.059,0,1768424,482728,177296,5495656,9892.425,1557.104,0,48775.874,0,3534.585,14339,25732,3.590,2.380,1.360,6,1,55.181,0,0,11,38,0,22,0
26-02 15:29:14,38.808,8.012,32.299,17.026,0,1771072,476680,177308,5498924,8938.430,1460.194,0,40184.375,0,3058.595,13165,23947,3.590,2.380,1.360,12,0,78.117,0,0,11,38,0,22,0
26-02 15:29:15,39.535,14.263,30.527,13.262,0,1668540,574936,177312,5503056,6901.130,1459.296,0,30795.355,0,2387.120,13079,21935,3.590,2.380,1.360,3,3,156.139,0,0,11,36,0,22,0
26-02 15:29:16,42.248,9.692,28.331,15.160,0,1719896,517760,177324,5508648,7775.642,1449.359,0,55051.786,0,3714.852,14960,28033,4.180,2.520,1.410,6,1,57.656,0,0,11,36,0,22,0
26-02 15:29:17,52.589,8.304,26.672,10.065,0,1766028,468620,177328,5511568,45634.272,1467.463,0,36487.288,0,2500.122,12592,20926,4.180,2.520,1.410,6,1,44.286,0,0,11,38,0,22,0
26-02 15:29:18,25.416,13.456,40.367,15.698,0,1717760,510428,177340,5517736,9257.540,1130.281,0,52981.676,0,3397.820,13775,25435,4.180,2.520,1.410,3,0,74.754,0,0,11,36,0,22,0
26-02 15:29:19,18.260,8.004,51.529,16.759,0,1708976,512696,177340,5524024,10561.905,918.514,0,30433.014,0,2169.213,11225,19353,4.180,2.520,1.410,1,1,0,0,0,11,36,0,19,0
26-02 15:29:20,19.242,9.746,47.981,17.993,0,1702044,517464,177340,5526120,11228.593,1457.428,0,47777.250,0,3336.690,13843,25188,4.180,2.520,1.410,4,1,26.989,0,0,11,36,0,19,0
26-02 15:29:21,22.509,9.254,48.270,14.506,0,1695952,521676,177344,5527888,10452.231,1296.525,0,42269.109,0,3230.308,14489,26056,4.010,2.510,1.420,1,0,45.018,0,0,11,36,0,19,0
26-02 15:29:22,27.979,9.243,42.468,14.489,0,1690320,525184,177368,5529920,10617.913,1187.096,0,41420.452,0,3127.618,14267,25576,4.010,2.510,1.420,4,1,53.959,0,0,11,36,0,19,0
26-02 15:29:23,35.305,12.019,43.818,7.512,0,1382480,831828,177372,5531080,7124.005,1622.506,0,25158.866,0,1470.271,7355,9425,4.010,2.510,1.420,2,0,114.176,0,0,11,32,0,19,0
26-02 15:29:24,13.993,14.742,69.714,0.500,0,1384340,829960,177372,5531088,7206.237,1619.155,0,979.489,0,49.974,3782,2565,4.010,2.510,1.420,2,0,141.926,0,0,11,32,0,15,0
26-02 15:29:25,22.516,3.002,72.801,0.500,0,1435496,778804,177372,5531088,9919.917,1621.130,0,1901.326,0,103.072,2052,1604,4.010,2.510,1.420,1,0,1.001,0,0,11,32,0,15,0
26-02 15:29:26,23.255,2.751,73.766,0,0,1487156,727144,177372,5531088,10213.239,1512.332,0,0,0,0,1843,1162,3.770,2.490,1.410,1,0,2.000,0,0,11,36,0,15,0
26-02 15:29:27,22.493,3.999,71.979,0,0,1353576,860712,177372,5531096,11944.450,1565.535,0,183.945,0,14.996,2724,2040,3.770,2.490,1.410,1,0,26.992,0,0,11,32,0,15,0
26-02 15:29:28,21.978,3.247,73.676,0,0,1407248,807036,177372,5531100,8440.465,1510.473,0,231.766,0,37.962,1862,1274,3.770,2.490,1.410,2,0,0.999,0,0,11,32,0,14,0
26-02 15:29:29,23.005,2.751,73.516,0,0,1465460,748824,177372,5531100,9606.112,1080.237,0,4.001,0,1.000,1838,1222,3.770,2.490,1.410,1,0,0,0,0,11,32,0,14,0
26-02 15:29:30,18.996,9.248,70.733,0.250,0,1426616,787648,177376,5531116,10570.524,1511.646,0,135.968,0,16.996,3154,2225,3.770,2.490,1.410,4,0,91.978,0,0,11,32,0,14,0
26-02 15:29:31,15.515,41.039,42.040,0,0.250,1428024,786212,177376,5531140,8430.109,1459.404,0,704.678,0,45.043,6149,4240,3.620,2.480,1.420,6,0,455.438,0,0,11,32,0,14,0
26-02 15:29:32,16.231,42.699,39.952,0,0,1423080,791116,177376,5531180,10520.451,1510.199,0,243.709,0,15.981,6099,4091,3.620,2.480,1.420,3,0,471.438,0,0,11,32,0,14,0
26-02 15:29:33,10.762,29.033,58.817,0,0,1414028,800160,177376,5531188,8809.075,1513.731,0,260.298,0,57.065,5283,3298,3.620,2.480,1.420,1,0,332.380,0,0,11,32,0,14,0
26-02 15:29:34,8.748,21.494,68.482,0,0,1402128,812056,177376,5531192,7362.076,1457.619,0,19.995,0,4.999,4694,2784,3.620,2.480,1.420,1,0,243.936,0,0,11,32,0,14,0
26-02 15:29:35,8.750,21.750,67.499,0,0,1383968,830156,177376,5531252,9923.837,1457.976,0,16.000,0,4.000,4736,2913,3.620,2.480,1.420,4,0,230.996,0,0,11,32,0,14,0
26-02 15:29:36,7.752,20.256,70.522,0,0,1383836,830264,177376,5531276,7693.374,1512.467,0,0,0,0,4620,2966,3.490,2.470,1.420,3,0,209.065,0,0,11,32,0,14,0
26-02 15:29:37,8.992,20.481,67.689,0,0,1375008,839072,177376,5531292,10281.685,1456.680,0,163.852,0,5.995,4696,2845,3.490,2.470,1.420,3,0,192.825,0,0,11,32,0,14,0
26-02 15:29:38,10.509,20.017,68.558,0,0,1379856,834208,177376,5531308,8417.060,1459.224,0,3410.861,0,38.032,4643,2787,3.490,2.470,1.420,2,0,175.147,0,0,11,32,0,14,0
26-02 15:29:39,13.015,21.775,62.571,0,0,1369204,844812,177376,5531760,9192.377,1459.648,0,16.018,0,4.005,5135,4835,3.490,2.470,1.420,2,0,190.215,0,0,11,32,0,14,0
26-02 15:29:40,23.684,12.216,63.323,0.499,0,1358512,855496,177376,5531320,10425.891,1453.941,0,251.298,0,9.972,4382,5460,3.490,2.470,1.420,3,0,66.813,0,0,11,32,0,13,0
26-02 15:29:41,45.413,16.058,37.635,0.251,0,1425752,788216,177388,5531808,8996.231,1463.242,0,533.913,0,28.101,4407,2485,3.290,2.450,1.420,3,0,126.453,0,0,11,33,0,13,0
26-02 15:29:42,42.161,8.482,48.397,0,0,1518136,695732,177388,5531908,8740.488,1562.690,0,0,0,0,2864,1466,3.290,2.450,1.420,2,0,0,0,0,11,33,0,13,0
26-02 15:29:43,48.230,4.748,45.482,0,0,1594168,619372,177404,5532224,10359.791,1457.408,103.958,763.690,1.000,75.969,3833,2847,3.290,2.450,1.420,3,0,23.990,0,0,11,49,0,13,0
26-02 15:29:44,46.577,9.015,43.071,0.250,0,1631444,577932,177460,5535916,9518.795,1514.513,0,1246.068,0,114.189,6568,8485,3.290,2.450,1.420,4,0,46.076,0,0,11,48,0,14,0
26-02 15:29:45,9.741,19.981,68.684,0,0,1645036,564108,177464,5536136,9981.467,1456.609,0,267.744,0,6.993,5025,3780,3.290,2.450,1.420,2,0,232.778,0,0,11,48,0,14,0
26-02 15:29:46,20.736,15.989,61.208,0,0,1655500,553596,177464,5536488,7650.694,1564.915,0,135.906,0,9.993,5021,5445,3.110,2.420,1.420,7,0,133.907,0,0,11,48,0,14,0
26-02 15:29:47,13.759,9.506,76.052,0,0,1656364,552680,177464,5536152,42533.804,1458.988,0,4.003,0,1.001,3151,3520,3.110,2.420,1.420,1,0,85.058,0,0,11,48,0,14,0
26-02 15:29:48,0.500,0.750,97.994,0,0,1656364,552680,177464,5536152,10975.297,1457.907,0,0,0,0,780,949,3.110,2.420,1.420,1,0,3.000,0,0,11,48,0,13,0
26-02 15:29:49,0.750,0.500,97.990,0,0,1656364,552680,177464,5536152,9892.940,1511.838,0,811.913,0,2.000,781,956,3.110,2.420,1.420,0,0,3.000,0,0,11,48,0,13,0
26-02 15:29:50,0.500,0.500,98.250,0.250,0,1656356,552680,177464,5536160,9483.001,1458.000,0,124.000,0,11.000,878,1331,3.110,2.420,1.420,1,0,1.000,0,0,11,48,0,13,0
26-02 15:29:51,2.499,3.998,91.701,0.250,0,1629924,579124,177464,5536148,8781.276,1457.216,0,307.834,0,21.988,1667,1643,2.860,2.380,1.410,1,0,34.981,0,0,11,48,0,13,0
26-02 15:29:52,20.032,15.775,63.350,0,0,1627620,581432,177464,5536156,9779.416,1460.302,0,0,0,0,4600,5195,2.860,2.380,1.410,4,0,172.272,0,0,11,48,0,12,0
26-02 15:29:53,19.979,17.232,60.935,0,0,1612156,596888,177464,5536156,8979.491,1498.413,0,283.700,0,28.969,5108,5853,2.860,2.380,1.410,1,0,171.818,0,0,11,64,0,12,0
26-02 15:29:54,13.998,20.248,64.242,0,0,1667412,541572,177464,5536196,7005.167,1457.827,0,0,0,0,4945,3460,2.860,2.380,1.410,1,0,220.974,0,0,12,64,0,12,0
26-02 15:29:55,15.210,20.446,63.084,0,0,1666940,541864,177464,5536796,7101.347,1691.557,0,3.990,0,0.997,5668,5291,2.860,2.380,1.410,4,0,190.500,0,0,12,64,0,12,0
26-02 15:29:56,23.247,15.248,60.242,0,0,1680196,528596,177464,5536352,10009.732,1457.815,0,655.917,0,3.000,4663,6140,2.710,2.360,1.410,3,0,91.988,0,0,12,64,0,11,0
26-02 15:29:57,23.008,19.257,55.269,0.500,0,1688732,520044,177464,5539924,10750.695,1404.483,0,336.116,0,17.006,4836,10435,2.710,2.360,1.410,2,0,222.076,0,0,13,65,0,11,0
26-02 15:29:58,8.769,16.787,73.159,0,0,1675824,532896,177464,5536392,9634.970,1082.356,0,0,0,0,3911,3062,2.710,2.360,1.410,4,0,143.312,0,0,14,66,0,12,0
26-02 15:29:59,30.466,18.329,49.538,0,0,1667516,541080,177464,5536992,11142.047,1551.525,11.889,19.815,1.982,4.954,6170,7773,2.710,2.360,1.410,3,0,142.669,0,0,14,66,0,12,0
26-02 15:30:00,20.425,16.642,62.031,0,0,1662272,546268,177464,5536588,9864.431,1738.883,20.173,36.311,1.009,6.052,4385,3133,2.710,2.360,1.410,2,0,161.381,0,0,14,66,1,10,0
26-02 15:30:01,8.499,21.248,68.744,0,0,1667272,541252,177464,5536604,8725.216,1573.859,0,4.000,0,1.000,4767,2956,2.650,2.350,1.410,4,0,209.981,0,0,14,66,1,10,0
26-02 15:30:02,9.512,19.525,69.087,0,0,1672508,535960,177468,5536656,6450.112,1587.997,0,180.227,0,11.014,4581,2859,2.650,2.350,1.410,1,0,174.219,0,0,14,66,1,10,0
26-02 15:30:03,9.477,21.449,67.588,0,0,1673092,535360,177468,5536668,10935.807,1528.339,0,15.962,0,3.990,4642,2905,2.650,2.350,1.410,2,0,192.539,0,0,14,66,1,10,0
26-02 15:30:04,22.836,19.072,56.966,0,0,1686448,521984,177468,5537108,10021.928,1537.820,0,4167.773,0,255.969,6121,7915,2.650,2.350,1.410,1,0,140.532,0,0,14,66,1,9,0
26-02 15:30:05,24.940,15.463,58.359,0,0,1694000,514396,177468,5536680,7129.756,1510.347,0,19.952,0,4.988,3779,2485,2.650,2.350,1.410,4,0,89.783,0,0,14,66,1,9,0
26-02 15:30:06,30.781,24.525,43.544,0,0.250,1759700,448652,177480,5536716,9655.731,1243.253,0,108.109,0,5.005,5253,3031,2.840,2.400,1.430,3,0,232.234,0,0,14,66,1,9,0
26-02 15:30:07,31.504,24.503,42.506,0,0,1853960,352776,177556,5538128,9028.245,1532.211,8.001,756.104,1.000,5.001,5642,4925,2.840,2.400,1.430,4,0,235.032,0,0,14,70,1,11,0
26-02 15:30:08,28.239,26.740,43.983,0,0,1953928,252748,177556,5538180,10263.068,1457.442,0,0,0,0,5384,3160,2.840,2.400,1.430,3,0,263.899,0,0,14,70,1,11,0
26-02 15:30:09,31.508,22.006,45.012,0,0,1980940,225544,177560,5538368,8665.255,1026.267,0,196.051,0,2.001,5160,2869,2.840,2.400,1.430,3,0,200.052,0,0,14,70,1,5,0
26-02 15:30:10,14.250,20.251,64.252,0,0,1978332,228104,177560,5538404,6933.223,1458.047,0,1528.049,0,113.004,4761,3014,2.840,2.400,1.430,2,0,183.006,0,0,14,70,1,5,0
26-02 15:30:11,11.227,19.461,67.863,0,0,1982556,223860,177560,5538416,12587.620,1528.917,0,782.422,0,9.980,4655,2843,2.690,2.370,1.430,1,0,189.618,0,0,14,70,1,5,0
26-02 15:30:12,9.007,20.267,68.557,0,0,1981008,225392,177560,5538432,11786.776,1459.210,0,260.216,0,7.006,4561,2806,2.690,2.370,1.430,3,0,176.146,0,0,14,70,1,5,0
26-02 15:30:13,24.278,16.519,58.068,0,0,1985364,221008,177560,5538884,8588.074,1553.823,0,20.023,0,5.006,5416,6981,2.690,2.370,1.430,2,0,124.146,0,0,14,70,1,5,0
26-02 15:30:14,39.969,19.735,39.969,0.250,0,2032344,173888,177572,5538912,28632.527,1456.857,0,747.413,0,102.919,4938,3067,2.690,2.370,1.430,3,0,154.878,0,0,14,70,1,5,0
26-02 15:30:15,52.648,26.575,19.555,0.251,0,2112716,173644,165644,5472576,12544.300,1552.368,0,20.056,0,5.014,5766,4232,2.690,2.370,1.430,4,0,260.734,0,0,14,70,1,5,0
26-02 15:30:16,58.581,22.685,18.198,0.499,0,2178116,163752,164288,5419796,11829.916,1453.811,47.862,19.943,7.977,4.986,6060,6468,2.800,2.400,1.440,5,0,240.308,0,0,14,70,1,5,0
26-02 15:30:17,63.133,16.469,17.218,2.495,0,2219064,141036,164864,5401396,72527.328,1497.220,802.510,1237.702,92.828,3.993,5449,5713,2.800,2.400,1.440,5,0,103.807,0,0,14,72,1,5,0
26-02 15:30:18,68.836,25.123,3.768,2.010,0,2381308,128236,164860,5255196,9294.376,1627.948,24.118,6423.360,3.015,687.356,8340,11139,2.800,2.400,1.440,8,1,483.360,0,0,14,74,1,5,0
26-02 15:30:19,58.455,18.736,14.239,7.744,0,2417460,156940,164856,5192560,11351.227,1530.817,0,27442.791,0,1881.546,14917,25200,2.800,2.400,1.440,3,1,204.842,0,0,14,74,1,5,0
26-02 15:30:20,69.614,21.708,5.240,2.246,0,2508932,138712,164768,5120664,17828.233,1455.162,55.891,10076.350,3.992,500.025,9259,12938,2.800,2.400,1.440,7,0,407.206,0,0,14,80,1,8,0
26-02 15:30:21,72.111,22.956,4.491,0.250,0,2633640,153512,164768,4984564,6983.545,1024.027,15.969,1377.346,2.994,86.833,9187,17740,2.900,2.430,1.450,21,0,345.335,0,0,14,88,1,13,0
26-02 15:30:22,51.473,21.845,24.355,1.507,0,2714012,146608,164772,4912568,9583.477,1464.338,84.365,7371.906,4.017,356.543,6415,6991,2.900,2.430,1.450,3,0,259.121,0,0,14,93,1,14,0
26-02 15:30:23,52.759,26.379,19.162,0.747,0,2822584,179292,164780,4774360,21302.549,1536.969,278.725,641.067,17.918,35.836,7837,10003,2.900,2.430,1.450,3,0,409.128,0,0,14,93,1,14,0
26-02 15:30:24,32.086,23.312,43.617,0,0,2863764,137936,164780,4774552,10442.980,1461.917,4.011,657.762,1.003,40.107,5409,3562,2.900,2.430,1.450,2,0,222.596,0,0,14,95,1,14,0
26-02 15:30:25,40.848,20.424,36.863,0.249,0,2910480,158688,164784,4708688,8340.891,1542.248,0,11445.313,0,607.733,7971,9500,2.900,2.430,1.450,4,0,143.465,0,0,14,97,1,17,0
26-02 15:30:26,34.920,19.344,45.722,0,0.251,2947048,122008,164792,4709124,8669.165,1031.015,4.020,8.039,1.005,1.005,5347,5251,3.140,2.490,1.480,4,0,159.777,0,0,14,97,1,17,0
26-02 15:30:27,46.191,9.488,41.697,1.248,0,3049380,150556,164792,4580696,10630.480,1564.011,1134.557,0,13.982,0,3327,1683,3.140,2.490,1.480,4,0,36.953,0,0,14,98,1,17,0
26-02 15:30:28,18.000,16.250,62.999,1.250,0,3081620,117640,164812,4581404,8852.825,1457.971,8.000,671.987,2.000,36.999,4601,3736,3.140,2.490,1.480,2,0,146.997,0,0,14,101,1,17,0
26-02 15:30:29,8.233,20.208,69.356,0.249,0,3076492,190236,164812,4515384,15318.211,1540.803,7.983,746.451,1.996,47.901,4810,3242,3.140,2.490,1.480,4,0,194.596,0,0,14,101,1,17,0
26-02 15:30:30,9.270,19.542,70.149,0,0,3084292,182432,164812,4515388,8560.216,1461.109,0,104.222,0,10.021,4576,2970,3.140,2.490,1.480,1,0,200.427,0,0,14,101,1,17,0
26-02 15:30:31,8.991,19.730,69.679,0,0,3085832,180856,164812,4515424,9805.017,1456.517,3.996,143.854,0.999,6.993,4617,2984,2.970,2.460,1.480,2,0,197.799,0,0,14,105,1,17,0
26-02 15:30:32,9.759,20.018,68.810,0,0,3090304,176352,164816,4515452,10385.100,1459.279,4.004,640.561,1.001,26.023,4705,3129,2.970,2.460,1.480,1,0,201.176,0,0,14,109,1,17,0
26-02 15:30:33,17.753,9.252,71.763,0,0,3131124,135532,164816,4515452,8097.512,1512.282,0,48.009,0,4.001,2633,1852,2.970,2.460,1.480,2,0,56.010,0,0,14,111,1,17,0
26-02 15:30:34,17.748,3.250,77.241,0.250,0,3162976,169560,164816,4451256,12821.572,7291.188,59.993,0,4.000,0,1957,1570,2.970,2.460,1.480,3,0,0,0,0,14,112,1,17,0
26-02 15:30:35,23.500,2.500,72.999,0.750,0,3166228,166284,164816,4451284,31238.514,18349.715,12.000,327.995,3.000,33.999,2929,2668,2.970,2.460,1.480,2,0,2.000,0,0,14,115,1,18,0
26-02 15:30:36,28.225,10.491,59.946,0.250,0,3147424,184992,164816,4451380,8253.561,1530.620,63.942,519.532,2.997,41.962,3718,3253,2.810,2.440,1.470,1,0,66.940,0,0,14,117,1,18,0
26-02 15:30:37,19.014,2.252,78.559,0,0,3183944,148464,164816,4451388,12986.817,3849.910,4.003,200.151,1.001,15.011,1791,1285,2.810,2.440,1.470,2,0,0,0,0,14,118,1,18,0
26-02 15:30:38,19.752,3.000,75.256,0.250,0,3185816,146448,164816,4451532,12294.949,5624.434,0,408.031,0,45.003,2779,2849,2.810,2.440,1.470,3,0,2.000,0,0,14,124,1,18,0
26-02 15:30:39,22.248,4.250,71.743,0.500,0,3190008,141672,164828,4452088,10181.945,1457.849,319.967,775.920,18.998,80.992,2615,2682,2.810,2.440,1.470,3,0,0,0,0,14,124,1,18,0
26-02 15:30:40,26.245,5.749,63.987,2.000,0,3196564,134364,164828,4452840,6503.705,1457.710,655.869,5150.974,20.996,235.953,5609,7989,2.810,2.440,1.470,3,0,2.999,0,0,14,127,1,18,0
26-02 15:30:41,30.259,4.751,62.019,1.250,0,3130640,200140,164828,4452988,7722.346,2733.830,64.019,1616.491,4.001,144.044,5268,6764,2.750,2.430,1.480,2,0,8.002,0,0,14,128,1,20,0
26-02 15:30:42,15.243,11.995,70.968,0.250,0,3156160,174608,164832,4452996,11112.978,1457.341,0,635.713,0,34.984,3370,2387,2.750,2.430,1.480,2,0,103.953,0,0,14,128,1,20,0
26-02 15:30:43,18.960,4.241,75.841,0.249,0,3199464,131304,164832,4452996,12465.878,3839.953,31.933,514.921,1.996,33.929,1993,1381,2.750,2.430,1.480,2,0,6.985,0,0,14,129,1,20,0
26-02 15:30:44,21.417,3.985,72.718,0.498,0,3201436,129288,164832,4453040,11197.604,5456.852,0,1781.097,0,117.544,2578,2518,2.750,2.430,1.480,1,0,0,0,0,14,129,1,20,0
26-02 15:30:45,20.315,2.759,75.239,0.502,0,3204960,125760,164832,4453044,14508.085,3454.975,36.115,493.568,3.010,60.191,2914,3182,2.750,2.430,1.480,3,0,0,0,0,14,129,1,19,0
26-02 15:30:46,44.688,11.800,41.425,0.502,0,3283672,176168,164832,4327112,9492.004,2530.665,16.068,1140.808,4.017,116.491,8929,13450,2.610,2.410,1.470,2,0,34.144,0,0,14,139,1,22,0
26-02 15:30:47,39.051,13.768,45.810,0.250,0,3323428,136380,164836,4327124,45690.503,1754.285,0,500.652,0,30.039,4070,2513,2.610,2.410,1.470,3,0,92.120,0,0,14,136,1,24,0
26-02 15:30:48,41.388,6.233,51.361,0,0,3382876,140648,164840,4264920,11330.395,3420.760,0,438.815,0,22.938,2835,1422,2.610,2.410,1.470,5,0,3.989,0,0,14,137,1,24,0
26-02 15:30:49,26.016,6.754,66.291,0.250,0,3332808,190516,164840,4265120,27938.204,22117.620,180.111,780.481,1.001,48.030,3066,2140,2.610,2.410,1.470,1,0,55.034,0,0,14,136,1,25,0
26-02 15:30:50,22.968,3.745,72.401,0.250,0,3399568,123764,164840,4265128,11451.268,1456.000,11.984,1945.327,2.996,272.625,2193,1790,2.610,2.410,1.470,1,0,0.999,0,0,14,136,1,25,0
26-02 15:30:51,18.509,2.001,78.789,0.500,0,3325996,197308,164840,4265156,31344.617,24088.001,4.002,1380.688,1.000,52.026,2250,2132,2.400,2.370,1.470,2,0,2.001,0,0,14,136,1,26,0
26-02 15:30:52,19.755,7.252,71.269,0.750,0,3378596,144696,164840,4265168,6103.639,906.243,0,1736.466,0,95.026,2571,2020,2.400,2.370,1.470,2,0,50.013,0,0,14,136,1,26,0
26-02 15:30:53,17.255,2.251,79.524,0,0,3399100,124184,164840,4265176,15970.907,7470.295,0,428.132,0,20.006,1832,1371,2.400,2.370,1.470,1,0,1.000,0,0,14,137,1,26,0
26-02 15:30:54,18.246,6.749,71.984,1.000,0,3330244,192936,164840,4265280,11651.465,2434.470,55.988,2207.520,4.999,169.963,3726,4355,2.400,2.370,1.470,2,0,39.991,0,0,14,136,1,27,0
26-02 15:30:55,19.999,7.499,72.245,0.250,0,3364104,159072,164840,4265284,10473.272,1457.899,0,395.972,0,25.998,2484,1715,2.400,2.370,1.470,1,0,41.997,0,0,14,136,1,27,0
26-02 15:30:56,18.711,1.996,78.089,0.249,0,3395536,127632,164840,4265292,16994.856,7223.063,0,5309.021,0,514.935,2171,1389,2.290,2.340,1.460,4,0,0,0,0,14,137,1,27,0
26-02 15:30:57,20.046,6.264,72.166,0.501,0,3318396,204752,164840,4265312,24188.624,18326.143,0,1038.388,0,72.166,2742,2164,2.290,2.340,1.460,2,0,50.115,0,0,14,138,1,28,0
26-02 15:30:58,31.595,9.278,58.175,0,0,3368820,154304,164840,4265336,11418.405,1462.406,24.073,108.326,2.006,10.030,3205,11299,2.290,2.340,1.460,1,0,41.124,0,0,14,138,1,28,0
26-02 15:30:59,18.194,1.994,78.759,0,0,3387828,135164,164840,4265468,16273.171,7323.575,0,31.902,0,4.985,1777,1232,2.290,2.340,1.460,2,0,0,0,0,14,139,1,28,0
26-02 15:31:00,22.301,3.007,73.169,0.501,0,3395360,127604,164840,4265496,11816.278,2478.722,0,521.203,0,72.167,2930,3187,2.290,2.340,1.460,1,1,1.002,0,0,14,139,1,28,2
26-02 15:31:01,27.615,6.220,61.946,1.990,0,3399912,122828,164840,4265720,8608.804,1524.527,79.610,1942.479,4.976,247.785,6104,8511,2.340,2.350,1.470,4,0,0.995,0,0,14,140,1,29,2
26-02 15:31:02,22.805,7.769,68.166,0.501,0.251,3354492,168220,164840,4265748,13190.060,2778.754,0,1186.885,0,89.217,3450,3121,2.340,2.350,1.470,2,0,53.129,0,0,14,139,1,29,2
26-02 15:31:03,19.229,3.496,75.916,0,0,3397900,188036,164840,4204052,32498.011,3939.637,0,571.367,0,35.960,1986,1264,2.340,2.350,1.470,1,0,0.999,0,0,14,140,1,29,2
26-02 15:31:04,19.276,2.253,76.355,1.252,0,3410708,175184,164840,4204096,26390.163,9345.807,36.049,2731.743,3.004,163.224,2564,2394,2.340,2.350,1.470,2,0,1.001,0,0,14,142,1,29,0
26-02 15:31:05,26.233,6.746,63.958,0.750,0.250,3411928,173868,164840,4204192,11465.558,1531.006,43.971,979.364,4.997,118.923,6010,8395,2.340,2.350,1.470,3,0,0.999,0,0,14,144,1,29,0
26-02 15:31:06,28.136,7.968,60.754,1.245,0,3414288,171360,164844,4204336,12067.077,1452.113,0,1203.122,0,99.596,6068,8195,2.320,2.350,1.470,5,0,0.996,0,0,14,144,1,29,0
26-02 15:31:07,33.396,9.793,55.743,0,0,3347688,237892,164844,4204404,18497.705,2516.982,0,787.436,0,70.307,6027,6849,2.320,2.350,1.470,1,0,71.311,0,0,14,143,1,30,0
26-02 15:31:08,21.239,4.248,72.962,0.250,0,3399344,186232,164844,4204408,16863.177,1457.238,0,391.795,0,23.987,1903,1282,2.320,2.350,1.470,2,0,0,0,0,14,143,1,30,0
26-02 15:31:09,20.758,2.501,76.030,0,0,3421264,164308,164844,4204412,15214.020,7306.891,0,320.127,0,20.008,1979,1410,2.320,2.350,1.470,3,0,0,0,0,14,144,1,30,0
26-02 15:31:10,20.504,3.001,73.765,1.250,0,3421492,164056,164844,4204436,21331.361,5372.098,0,1744.357,0,176.036,3779,4606,2.320,2.350,1.470,1,0,0,0,0,14,145,1,29,0
26-02 15:31:11,16.658,16.658,63.649,1.740,0,3410096,175356,164844,4204532,20780.428,1523.600,63.649,5581.228,3.978,292.388,4608,3936,2.210,2.330,1.470,3,0,146.194,0,0,14,145,1,29,0
26-02 15:31:12,31.638,3.515,63.527,0.251,0,3457088,128340,164844,4204556,11688.979,1572.860,0,642.803,0,51.223,3070,2802,2.210,2.330,1.470,2,0,0,0,0,14,145,1,29,0
26-02 15:31:13,16.255,2.251,80.276,0,0,3455868,129548,164844,4204568,17817.833,12822.198,0,324.106,0,18.006,2215,1973,2.210,2.330,1.470,2,0,1.000,0,0,14,146,1,29,0
26-02 15:31:14,21.249,2.750,73.745,0.500,0,3451116,134296,164844,4204572,13378.068,1820.873,0,547.962,0,52.996,3312,3669,2.210,2.330,1.470,2,0,1.000,0,0,14,148,1,29,0
26-02 15:31:15,26.754,6.001,64.509,0.500,0,3447168,138208,164844,4204608,11818.671,1458.206,8.001,980.139,1.000,112.016,5653,7555,2.210,2.330,1.470,2,0,0,0,0,14,148,1,29,0
26-02 15:31:16,23.024,6.256,70.322,0.250,0,3446864,138480,164844,4204640,11236.554,1567.612,4.004,576.593,1.001,30.031,3711,4033,2.110,2.300,1.470,14,1,1.001,0,0,14,148,1,29,0
26-02 15:31:17,40.204,13.734,43.201,0.499,0,3386968,198112,164844,4204888,45828.960,3098.482,31.964,1122.725,1.998,110.874,10368,14520,2.110,2.300,1.470,2,0,93.893,0,0,14,147,1,30,0
26-02 15:31:18,36.508,20.254,40.759,0.750,0,3400960,184016,164844,4204976,15907.330,1872.392,16.003,1200.251,1.000,114.024,7348,7892,2.110,2.300,1.470,2,0,194.041,0,0,14,147,1,30,0
26-02 15:31:19,24.514,4.252,70.289,0.250,0,3451768,133200,164844,4204984,11624.477,1784.995,0,456.254,0,25.014,2119,1513,2.110,2.300,1.470,2,0,0,0,0,14,147,1,30,0
26-02 15:31:20,18.196,2.243,78.017,0.499,0,3460076,124872,164844,4204988,14982.215,8946.257,0,530.414,0,39.881,2342,2134,2.110,2.300,1.470,2,0,0.997,0,0,14,147,1,30,1
26-02 15:31:21,12.273,16.782,69.382,0,0,3380332,204584,164848,4205016,10799.553,769.464,0,709.350,0,64.122,4671,3345,2.020,2.280,1.460,2,0,178.339,0,0,14,147,1,31,0
26-02 15:31:22,9.511,19.021,69.076,0,0,3379996,204908,164852,4205024,9806.851,1513.675,0,348.385,0,23.025,4818,3263,2.020,2.280,1.460,4,0,208.230,0,0,14,147,1,22,0
26-02 15:31:23,9.496,21.741,67.723,0.250,0,3377620,207256,164852,4205052,7863.858,1457.418,0,355.858,0,22.991,4703,3073,2.020,2.280,1.460,2,0,190.924,0,0,14,147,1,22,0
26-02 15:31:24,17.951,16.705,63.079,0.249,0,3367960,216904,164852,4205408,12225.760,1523.857,3.989,965.375,0.997,57.843,4972,5569,2.020,2.280,1.460,3,0,133.637,0,0,14,147,1,22,0
26-02 15:31:25,27.586,17.555,53.918,0,0,3412952,171912,164852,4205068,6640.746,1625.077,0,272.852,0,21.066,5294,5626,2.020,2.280,1.460,3,0,155.486,0,0,14,147,1,22,0
26-02 15:31:26,30.434,23.699,44.903,0,0,3454088,193228,164852,4144184,11343.525,1454.861,15.966,291.371,0.998,18.959,5261,3091,2.020,2.280,1.470,5,0,207.552,0,0,14,147,1,19,0
26-02 15:31:27,26.039,22.534,49.825,0.751,0,3476212,170524,164864,4144720,10133.229,1460.195,96.144,3240.871,7.011,320.482,6092,4887,2.020,2.280,1.470,1,0,211.318,0,0,14,153,1,19,0
26-02 15:31:28,20.160,23.644,54.008,0,0,3486264,159056,164864,4146176,7357.086,1702.384,0,234.949,0,15.929,6974,8757,2.020,2.280,1.470,5,0,203.091,0,0,14,153,1,19,0
26-02 15:31:29,26.881,19.847,51.752,0,0,3534556,170720,164872,4088140,10212.725,1465.134,0,474.309,0,31.152,6682,9354,2.020,2.280,1.470,1,0,196.959,0,0,14,159,1,19,0
26-02 15:31:30,36.796,15.269,46.809,0.501,0,3577768,127468,164872,4088168,9845.307,1459.825,16.020,520.651,4.005,41.051,4494,3257,2.020,2.280,1.470,3,0,110.138,0,0,16,159,1,19,0
26-02 15:31:31,51.830,26.541,20.532,0,0,3680320,136612,164872,3978692,10859.765,1622.505,104.161,556.860,7.011,27.042,6080,4402,2.100,2.290,1.480,4,0,406.628,0,0,16,159,1,19,0
26-02 15:31:32,56.109,23.690,19.700,0,0,3751372,148144,164876,3897028,11109.001,1524.159,7.980,219.447,1.995,19.950,6569,6457,2.100,2.290,1.480,4,0,388.022,0,0,16,175,1,19,0
26-02 15:31:33,38.473,19.487,41.471,0,0,3781456,167196,164876,3847784,7202.036,1456.996,0,371.744,0,17.988,8178,11209,2.100,2.290,1.480,2,0,172.881,0,0,16,175,1,19,0
26-02 15:31:34,38.126,22.427,38.375,0.249,0,3845216,149752,164876,3802312,12511.344,1453.278,11.961,350.860,2.990,24.919,6206,3761,2.100,2.290,1.480,3,0,224.271,0,0,16,175,1,19,0
26-02 15:31:35,15.249,22.249,60.497,0,0,3871776,123108,164888,3802384,13744.402,1619.930,11.999,375.984,3.000,26.999,5071,3455,2.100,2.290,1.480,3,0,213.991,0,0,17,175,1,19,0
26-02 15:31:36,9.537,20.078,68.516,0.251,0,3859856,185672,164888,3752492,19656.308,1537.971,8.031,337.309,2.008,27.105,4911,3367,2.090,2.280,1.480,2,0,197.768,0,0,17,175,1,19,0
26-02 15:31:37,10.998,21.246,65.489,0.250,0,3866028,179344,164888,3752648,16583.219,1457.756,0,455.924,0,29.995,5017,3363,2.090,2.280,1.480,2,0,186.969,0,0,17,181,1,19,0
26-02 15:31:38,11.499,20.249,66.746,0,0,3869032,176328,164888,3753004,9827.434,1547.911,0,83.995,0,5.000,4968,4020,2.090,2.280,1.480,4,0,178.990,0,0,17,181,1,19,0
26-02 15:31:39,23.995,16.247,57.488,1.000,0,3875668,169684,164888,3753128,12680.451,1619.674,0,3231.350,0,193.961,5336,7664,2.090,2.280,1.480,2,0,110.978,0,0,17,181,1,18,0
26-02 15:31:40,27.513,18.759,52.775,0,0,3904024,141312,164888,3752688,22408.637,1458.692,4.002,344.163,1.000,19.009,4600,2879,2.090,2.280,1.480,3,0,137.065,0,0,17,181,1,18,0
26-02 15:31:41,30.798,23.099,44.707,0.248,0,3949964,148968,164888,3700492,16037.850,1448.503,3.974,556.352,0.993,30.798,5409,3375,2.080,2.280,1.480,5,0,208.632,0,0,17,181,1,18,0
26-02 15:31:42,37.083,25.227,35.065,1.009,0,4024372,126012,164896,3650312,8891.891,1471.218,141.269,12149.156,4.036,885.960,7425,8263,2.080,2.280,1.480,1,0,223.004,0,0,17,207,1,18,0
26-02 15:31:43,18.877,16.890,61.847,0,0,4034248,142572,164896,3624392,14039.597,1555.871,0,309.982,0,20.864,5120,5193,2.080,2.280,1.480,3,0,166.913,0,0,17,209,1,16,0
26-02 15:31:44,25.777,18.019,54.806,0,0.250,4044444,132556,164896,3624304,19152.712,1513.558,12.012,272.280,3.003,27.028,5720,6463,2.080,2.280,1.480,3,0,129.133,0,0,17,213,1,16,0
26-02 15:31:45,30.497,24.748,43.496,0.250,0,4090392,125692,164896,3586092,17128.480,1457.871,39.996,475.958,4.000,23.998,5532,3509,2.080,2.280,1.480,4,0,242.978,0,0,17,213,1,16,0
26-02 15:31:46,30.756,24.755,42.508,0.250,0,4137884,144216,164896,3521540,9571.820,1458.277,4.001,120.023,1.000,9.002,5469,3578,2.080,2.270,1.480,4,0,241.046,0,0,17,213,1,16,0
26-02 15:31:47,21.788,25.044,52.091,0.250,0,4180520,139092,164896,3485068,52158.012,1460.549,28.049,621.084,4.007,44.077,7897,8518,2.080,2.270,1.480,3,0,315.551,0,0,17,219,1,11,0
26-02 15:31:48,9.260,20.772,67.823,0.250,0,4190072,129524,164896,3485084,16606.834,1529.643,4.004,296.318,1.001,18.019,5134,3626,2.080,2.270,1.480,2,0,218.234,0,0,17,219,1,11,0
26-02 15:31:49,10.999,18.998,67.994,0.250,0,4178180,177496,164896,3449864,10829.011,1547.859,15.999,359.967,1.000,27.997,4964,3693,2.080,2.270,1.480,2,0,189.983,0,0,17,219,1,11,0
26-02 15:31:50,10.748,20.996,66.237,0,0,4183632,172232,164896,3449768,8606.279,1457.709,3.999,395.921,1.000,27.994,4914,3658,2.080,2.270,1.480,3,0,183.963,0,0,17,219,1,11,0
26-02 15:31:51,15.464,19.954,61.608,0.249,0,4195184,160676,164896,3450240,16320.451,1616.281,0,1416.740,0,129.702,5862,6305,1.990,2.250,1.480,2,0,178.589,0,0,17,219,1,10,0
26-02 15:31:52,26.044,17.029,55.093,0.250,0,4209968,145872,164896,3449796,13504.828,1460.469,0,444.752,0,35.059,5182,5659,1.990,2.250,1.480,6,0,128.217,0,0,17,225,1,10,0
26-02 15:31:53,40.537,12.512,45.542,0.500,0,4270636,129296,164896,3406932,12974.964,1459.346,308.284,192.177,5.005,11.010,3980,2542,1.990,2.250,1.480,4,0,68.063,0,0,17,225,1,10,0
26-02 15:31:54,44.990,7.748,45.740,0.750,0,4368204,148224,164896,3292860,17555.045,1499.662,227.949,127.971,8.998,13.997,3297,1796,1.990,2.250,1.480,4,0,1.000,0,0,17,225,1,10,0
26-02 15:31:55,34.967,5.745,57.695,0.749,0,4438012,138300,164900,3234468,10003.435,1456.607,95.908,203.805,5.994,12.988,3181,2427,1.990,2.250,1.480,4,0,5.994,0,0,17,230,1,8,0
26-02 15:31:56,34.381,19.073,45.173,0.251,0.251,4345876,229764,164908,3235132,10239.150,1463.596,16.061,96.368,1.004,6.023,6077,6916,1.990,2.250,1.480,3,0,229.879,0,0,17,229,1,8,0
26-02 15:31:57,32.838,28.360,36.072,1.493,0,4415688,158628,164908,3236480,12129.985,3038.964,939.352,274.641,10.946,19.902,6292,5037,1.990,2.250,1.480,6,0,369.173,0,0,17,238,1,8,0
26-02 15:31:58,42.432,27.367,25.108,3.515,0,4434376,165684,164916,3211300,15710.442,8601.927,1040.467,7833.628,28.121,742.186,7842,13681,1.990,2.250,1.480,3,0,376.617,0,0,17,239,1,10,0
26-02 15:31:59,44.363,20.686,33.646,0,0,4426504,172604,164916,3212704,7892.691,1495.394,79.754,378.833,2.991,21.932,6579,8288,1.990,2.250,1.480,4,0,212.346,0,0,17,239,1,8,0
26-02 15:32:00,64.992,17.816,15.558,1.255,0,4521252,166672,164920,3126740,20132.075,9383.994,461.722,421.572,11.041,18.067,5553,4985,1.990,2.250,1.480,2,0,146.546,0,0,17,241,1,8,0
26-02 15:32:01,64.708,12.942,18.915,2.987,0,4534784,227772,164940,3053276,12402.053,4670.929,1668.473,856.138,44.798,48.780,5225,4580,1.990,2.240,1.490,4,0,23.892,0,0,17,244,1,9,0
26-02 15:32:02,66.341,12.565,13.067,6.785,0,4635272,159428,164988,3021656,8624.370,1891.732,5620.918,7369.916,367.893,66.341,5350,4639,1.990,2.240,1.490,1,2,25.129,0,0,17,246,2,9,0
26-02 15:32:03,52.546,16.436,29.137,0.996,0,4671752,162120,165016,2984072,20654.004,11230.503,633.546,2705.521,86.664,83.676,6926,8233,1.990,2.240,1.490,4,0,141.452,0,0,17,246,1,12,0
26-02 15:32:04,39.575,27.302,32.060,0,0,4642868,189876,165016,2985216,12218.053,2469.660,32.060,408.771,1.002,36.068,6355,5398,1.990,2.240,1.490,4,0,239.452,0,0,17,245,1,13,0
26-02 15:32:05,35.849,27.135,35.102,0.249,0,4685376,145652,165016,2986936,17354.662,7227.458,0,545.694,0,34.853,6434,5545,1.990,2.240,1.490,5,0,242.973,0,0,17,246,1,13,0
26-02 15:32:06,40.693,19.342,38.432,0.754,0,4675404,154868,165016,2988040,15338.661,6843.418,0,1225.807,0,88.419,6834,9687,2.070,2.260,1.500,4,0,178.847,0,0,17,245,1,14,0
26-02 15:32:07,55.140,21.707,22.705,0,0,4684980,143868,165016,2989084,7211.671,1594.831,3.992,191.619,0.998,11.976,5144,5070,2.070,2.260,1.500,4,0,271.461,0,0,17,245,1,13,0
26-02 15:32:08,55.344,25.794,18.532,0,0,4744844,143592,165020,2930908,16039.325,7507.791,32.055,348.594,1.002,22.038,6385,6149,2.070,2.260,1.500,4,0,399.681,0,0,17,246,1,13,0
26-02 15:32:09,55.476,17.992,24.739,1.000,0,4727844,237228,165044,2856468,13899.018,6335.273,1139.510,1143.508,55.976,72.969,7800,14319,2.070,2.260,1.500,3,0,176.924,0,0,17,249,1,16,0
26-02 15:32:10,55.345,25.066,18.614,0,0,4822220,140744,165044,2858516,12304.856,7161.535,11.913,258.109,1.985,14.891,6143,5653,2.070,2.260,1.500,3,0,350.433,0,0,17,250,1,16,0
26-02 15:32:11,55.456,25.093,16.562,2.007,0,4775184,240672,165056,2806928,18866.105,6880.568,1160.312,935.476,43.160,62.231,13087,25379,2.390,2.320,1.520,7,0,378.406,0,0,17,256,1,17,0
26-02 15:32:12,49.098,19.689,29.409,0.249,0,4874044,141552,165056,2806816,11550.238,1453.500,27.914,805.506,3.988,35.889,6530,7173,2.390,2.320,1.520,5,0,151.531,0,0,17,257,1,17,0
26-02 15:32:13,42.346,15.880,40.582,0,0,4956892,119860,165056,2746564,9258.652,1808.779,68.560,1201.820,4.033,159.302,4728,3492,2.390,2.320,1.520,3,0,108.890,0,0,17,261,2,17,0
26-02 15:32:14,60.169,8.738,29.960,0.749,0,5036352,152068,165072,2637844,15543.993,11250.795,507.314,339.541,13.981,16.977,5139,5736,2.390,2.320,1.520,5,0,2.996,0,0,17,265,1,18,0
26-02 15:32:15,59.455,11.741,26.230,2.248,0,5042344,144264,165072,2639640,14624.865,8965.174,1514.847,827.370,80.938,58.955,6590,7719,2.390,2.320,1.520,3,0,14.989,0,0,17,266,1,23,0
26-02 15:32:16,60.381,10.230,28.444,0.250,0,5090452,151120,165104,2586112,17627.240,8787.671,718.583,1129.772,21.957,40.919,4939,3925,2.440,2.330,1.530,6,0,7.984,0,0,17,273,1,23,0
26-02 15:32:17,48.361,22.803,25.058,3.007,0,5089740,147520,165364,2590108,52800.569,7467.193,4366.052,1771.078,84.194,127.293,8154,9042,2.440,2.330,1.530,3,0,268.618,0,0,17,275,1,25,0
26-02 15:32:18,54.338,26.793,18.279,0.250,0,5098684,138044,165368,2590612,9562.429,1460.356,1121.810,2123.426,27.044,200.323,7222,8141,2.440,2.330,1.530,6,0,415.671,0,0,17,275,1,25,0
26-02 15:32:19,51.342,20.981,25.424,0.494,0,5093428,155016,165368,2579512,18104.025,9770.802,758.284,3372.783,5.924,209.318,7777,10444,2.440,2.330,1.530,7,0,277.445,0,0,17,280,1,25,0
26-02 15:32:20,68.099,19.098,12.313,0.251,0,5088556,173408,165372,2566240,12764.407,3887.922,607.111,607.111,12.062,50.258,5916,5113,2.440,2.330,1.530,4,0,172.886,0,0,18,282,1,25,0
26-02 15:32:21,83.092,10.827,2.014,4.029,0,5215248,138104,165372,2478580,10657.928,1564.143,2981.238,511.645,157.119,26.187,5477,3601,2.560,2.360,1.540,3,0,9.065,0,0,18,283,1,25,0
26-02 15:32:22,73.128,8.457,15.670,2.487,0,5287616,146228,165400,2400708,13841.663,8968.426,1086.479,2968.913,41.788,241.771,5245,3498,2.560,2.360,1.540,4,0,10.944,0,0,18,289,1,25,0
26-02 15:32:23,34.347,18.552,44.626,1.755,0,5306588,148136,165408,2380440,11517.520,4021.354,894.526,20485.842,16.045,1204.401,7508,7886,2.560,2.360,1.540,3,0,223.631,0,0,18,291,1,27,0
26-02 15:32:24,42.569,9.958,45.556,0.249,0,5274916,179660,165416,2380584,14354.990,3132.686,633.308,485.935,11.949,46.801,4648,4035,2.560,2.360,1.540,3,0,11.949,0,0,18,293,1,27,0
26-02 15:32:25,40.642,7.526,50.677,0,0,5337768,145568,165416,2352896,20216.514,6745.528,513.792,272.952,4.014,21.074,3429,2256,2.560,2.360,1.540,4,0,5.018,0,0,18,297,1,27,1
26-02 15:32:26,43.818,15.349,37.629,0.990,0,5336928,128376,165420,2370924,16422212.169,102753.798,2511.214,427.778,28.717,30.697,9302,3948,2.680,2.390,1.560,5,0,111.896,0,0,18,295,1,27,0
26-02 15:32:27,38.658,17.687,43.459,0.505,0,5310652,154512,165420,2371048,11385.218,2275.022,274.903,557.891,3.032,49.523,5169,4211,2.680,2.390,1.560,2,0,156.654,0,0,18,294,1,28,0
26-02 15:32:28,41.877,6.018,51.406,0.251,0,5372436,138120,165424,2327040,15528.131,7205.871,32.097,12225.105,2.006,261.795,3670,2514,2.680,2.390,1.560,2,0,0,0,0,18,295,1,28,0
26-02 15:32:29,32.610,2.987,62.232,0.498,0,5380748,129656,165424,2327208,23441.139,15254.364,0,1322.310,0,89.614,3527,3257,2.680,2.390,1.560,2,0,0,0,0,18,295,1,30,0
26-02 15:32:30,27.266,6.754,64.289,0.500,0,5359816,150424,165424,2327376,9234.582,1951.179,0,348.210,0,29.018,4662,4864,2.680,2.390,1.560,2,0,37.022,0,0,18,300,1,30,0
26-02 15:32:31,13.988,2.498,79.931,0.250,0,5355316,154380,165424,2327920,137257.286,4733577.404,527.548,427.633,27.976,48.958,3860,3773,2.540,2.360,1.550,1,0,0.999,0,0,18,298,1,31,0
26-02 15:32:32,4.755,1.752,90.345,0.250,0,5353828,155864,165424,2327924,328018.046,11715151.297,0,360.379,0,29.031,3925,2591,2.540,2.360,1.550,1,0,0,0,0,18,298,1,31,0
26-02 15:32:33,2.000,1.000,95.512,0,0,5346288,163404,165424,2327924,8909.082,1620.197,0,268.033,0,18.002,1362,1844,2.540,2.360,1.550,2,0,2.000,0,0,18,300,1,31,0
26-02 15:32:34,2.000,0.750,96.491,0.250,0,5341264,168428,165424,2327924,13087.841,1457.871,0,219.981,0,10.999,1275,1710,2.540,2.360,1.550,1,0,0,0,0,18,300,1,31,0
26-02 15:32:35,20.501,3.250,73.252,0.750,0,5347064,162500,165424,2328052,7621025.821,34764.939,80.002,1056.029,3.000,83.002,6102,6000,2.540,2.360,1.550,2,0,2.000,0,0,18,306,1,31,0
26-02 15:32:36,22.198,5.986,67.842,0.499,0,5233644,259872,165424,2344052,8903714.996,100024.366,31.925,953.772,1.995,78.816,7893,6390,2.500,2.360,1.560,3,0,19.953,0,0,18,302,1,34,0
26-02 15:32:37,9.990,21.978,65.434,0.499,0,5241060,252312,165424,2344196,9978.895,1456.525,67.931,215.782,4.995,19.980,5274,3845,2.500,2.360,1.560,2,0,239.757,0,0,18,306,1,34,0
26-02 15:32:38,15.267,14.016,68.828,0.250,0,5264448,228904,165424,2344216,6479.355,1621.841,0,232.264,0,13.015,4394,3523,2.500,2.360,1.560,3,0,208.236,0,0,18,306,1,34,0
26-02 15:32:39,27.383,3.517,67.830,0.251,0,5323880,169472,165424,2344216,10115.232,1465.131,0,514.504,0,51.249,2683,2163,2.500,2.360,1.560,3,0,2.010,0,0,18,308,1,34,0
26-02 15:32:40,9.654,18.071,69.807,0,0,5306512,186808,165424,2344248,8351.081,1443.666,0,110.899,0,6.931,4783,3386,2.500,2.360,1.560,3,0,183.181,0,0,18,308,1,34,0
26-02 15:32:41,9.566,20.895,68.726,0,0,5297588,195712,165424,2344268,7035.776,1468.178,0,16268.785,0,36.251,4824,3522,2.380,2.330,1.550,3,0,189.312,0,0,18,308,1,34,0
26-02 15:32:42,9.498,20.996,65.487,0.500,0,5295716,197540,165424,2344312,10710.918,1619.685,11.998,251.951,1.000,29.994,5303,4180,2.380,2.330,1.550,3,0,202.961,0,0,18,312,1,34,0
26-02 15:32:43,5.502,10.253,83.026,0.250,0,5286416,206820,165424,2344332,9625.003,1458.455,16.005,4977.553,1.000,95.030,3080,2689,2.380,2.330,1.550,1,0,98.031,0,0,18,314,1,34,0
26-02 15:32:44,12.540,4.765,81.008,0,0,5307112,186124,165424,2344332,11455.526,1462.664,0,0,0,0,2076,1931,2.380,2.330,1.550,2,0,15.048,0,0,18,314,1,34,0
26-02 15:32:45,24.414,3.488,70.751,0.249,0,5323988,169240,165424,2344340,12462.112,1452.883,0,151.467,0,19.930,2493,2207,2.380,2.330,1.550,2,0,0,0,0,18,314,1,34,0
26-02 15:32:46,18.255,3.251,76.020,0.500,0,5312672,180488,165424,2344408,15320.987,10424.713,64.017,2584.673,4.001,388.101,3241,3147,2.190,2.290,1.540,4,0,6.002,0,0,18,320,1,35,0
26-02 15:32:47,13.734,13.984,69.671,0.499,0,5244072,249024,165428,2344468,45551.368,1456.349,11.986,3.995,2.997,0.999,4401,3238,2.190,2.290,1.540,2,0,123.860,0,0,18,320,1,35,0
26-02 15:32:48,13.261,16.764,68.809,0,0,5239316,253576,165428,2344656,8528.290,1459.247,0,11926.195,0,20.017,4342,3145,2.190,2.290,1.540,2,0,98.084,0,0,18,320,1,35,0
26-02 15:32:49,12.508,17.011,68.793,0,0,5240220,252572,165428,2344756,11192.927,1458.903,0,40.025,0,3.002,4409,3173,2.190,2.290,1.540,5,0,108.067,0,0,18,322,1,35,0
26-02 15:32:50,12.249,16.748,68.492,0,0,5245492,247232,165428,2344792,9187.987,1457.839,0,107.988,0,11.999,4559,3437,2.190,2.290,1.540,3,0,108.988,0,0,18,322,1,35,0
26-02 15:32:51,12.751,17.001,68.254,0.250,0,5250124,242404,165432,2344984,9577.535,1458.081,0,316.018,0,24.001,4641,3472,2.090,2.270,1.540,2,0,98.005,0,0,18,322,1,35,0
26-02 15:32:52,19.488,8.994,69.206,0.500,0,5283024,209448,165432,2345008,7516.215,1565.004,3.997,219.860,0.999,19.987,3326,2718,2.090,2.270,1.540,2,0,63.959,0,0,18,322,1,35,0
26-02 15:32:53,23.492,3.499,72.475,0,0,5354840,137628,165432,2345012,6538.710,1499.475,0,115.959,0,9.996,2289,1811,2.090,2.270,1.540,3,0,1.999,0,0,18,322,1,35,0
26-02 15:32:54,24.216,2.996,70.651,0.999,0,5376264,140512,165432,2321396,6874.376,1509.886,387.458,299.581,11.983,31.955,2735,2603,2.090,2.270,1.540,3,0,3.994,0,0,18,326,1,35,0
26-02 15:32:55,25.606,3.514,69.286,0.251,0,5288788,228028,165432,2321444,9626.694,1464.037,88.364,590.435,7.029,47.195,2958,2787,2.090,2.270,1.540,7,0,5.021,0,0,18,322,1,35,0
26-02 15:32:56,30.315,7.015,61.382,0,0,5346604,170072,165432,2321584,10329.239,1461.146,0,260.561,0,23.050,4115,5262,2.170,2.280,1.550,2,0,1.002,0,0,18,322,1,35,0
26-02 15:32:57,21.611,3.478,73.277,0.248,0,5365104,151424,165432,2321732,17441.503,8675.046,0,198.718,0,16.891,3192,2987,2.170,2.280,1.550,4,0,3.974,0,0,18,328,1,36,0
26-02 15:32:58,28.295,8.513,61.346,0.501,0,5318684,197836,165432,2324028,8747.759,1460.297,0,2063.245,0,124.195,3457,5842,2.170,2.280,1.550,7,0,49.077,0,0,18,322,1,36,0
26-02 15:32:59,27.987,5.248,65.969,0,0,5344064,172440,165432,2321740,10638.949,1499.288,0,2706.715,0,384.817,3219,8650,2.170,2.280,1.550,3,0,1.999,0,0,18,322,1,37,0
26-02 15:33:00,17.269,11.012,70.077,0.250,0,5315172,201172,165432,2321900,8270.040,1263.381,388.425,740.810,4.004,34.037,3815,2916,2.170,2.280,1.550,4,0,109.119,0,0,18,322,1,37,0
26-02 15:33:01,9.751,21.251,67.504,0.500,0,5317144,199016,165440,2322076,8476.472,1370.076,8.000,388.022,2.000,12.001,4954,3753,1.990,2.250,1.540,2,0,203.011,0,0,18,322,1,35,0
26-02 15:33:02,12.975,17.467,67.123,0,0,5309828,206192,165444,2322212,10720.687,1583.001,39.924,147.720,5.989,11.977,5005,3936,1.990,2.250,1.540,4,0,200.620,0,0,18,322,1,35,0
26-02 15:33:03,19.546,8.269,70.666,0,0,5336616,179380,165448,2322232,10072.624,1535.601,16.038,252.592,2.005,15.035,3231,2453,1.990,2.250,1.540,3,0,87.205,0,0,18,322,1,35,0
26-02 15:33:04,22.232,3.747,73.441,0,0,5338560,177404,165468,2322244,9350.456,2605.898,0,0,0,0,2256,1849,1.990,2.250,1.540,1,0,16.986,0,0,18,323,1,35,0
26-02 15:33:05,21.684,2.243,74.026,0.498,0,5318124,192800,165484,2327172,16368.476,2731.735,35.891,1020.911,1.994,33.897,2435,2373,1.990,2.250,1.540,2,0,1.994,0,0,18,322,1,28,0
26-02 15:33:06,20.828,3.513,74.779,0.251,0,5323628,186420,165500,2328000,11955.624,3128.678,0,983.672,0,44.165,2692,2719,1.910,2.230,1.540,3,0,19.071,0,0,18,323,1,28,0
26-02 15:33:07,24.048,3.006,71.392,0.501,0,5324672,179680,166008,2333072,13215.198,2561.077,0,1174.328,0,35.070,5524,8369,1.910,2.230,1.540,2,0,8.016,0,0,18,322,1,28,0
26-02 15:33:08,20.948,4.489,71.822,0,0,5317856,185976,166032,2333552,14093.067,2830.983,27.931,474.823,1.995,12.968,7990,14257,1.910,2.230,1.540,2,0,6.983,0,0,18,323,1,28,0
26-02 15:33:09,23.321,4.764,69.461,0.251,0,5332012,171520,166080,2333800,10394.565,3136.525,52.158,200.609,8.024,6.018,10429,19491,1.910,2.230,1.540,1,0,5.015,0,0,18,323,1,27,0
26-02 15:33:10,21.083,5.705,71.186,0,0,5303028,200296,166124,2333964,9911.516,1500.121,0,166.680,0,1.984,2483,1899,1.910,2.230,1.540,3,0,13.890,0,0,18,323,1,27,0
26-02 15:33:11,20.230,7.493,70.931,0.250,0,5262164,251136,166212,2323992,9046.221,1882.173,0,683.337,0,21.979,3187,2545,1.840,2.200,1.530,2,0,66.935,0,0,18,322,1,27,0
26-02 15:33:12,13.049,18.319,66.248,0.502,0,5263312,249980,166212,2324012,7139.720,1626.086,0,590.209,0,19.071,4926,4000,1.840,2.200,1.530,1,0,198.744,0,0,18,322,1,27,0
26-02 15:33:13,23.233,4.247,71.947,0,0,5306152,207140,166212,2324012,10222.535,1604.828,0,1490.911,0,97.928,2319,1995,1.840,2.200,1.530,2,0,0.999,0,0,18,322,1,22,0
26-02 15:33:14,20.569,1.505,77.260,0,0,5326364,186740,166212,2324200,14453.609,7382.829,0,0,0,0,2215,1961,1.840,2.200,1.530,3,0,0,0,0,18,323,1,22,0
26-02 15:33:15,18.999,7.000,72.246,0,0,5289760,223280,166212,2324268,14281.255,6082.683,47.997,239.987,2.000,16.999,3564,3046,1.840,2.200,1.530,3,0,64.997,0,0,18,322,1,25,0
26-02 15:33:16,21.228,7.742,69.929,0.250,0,5337064,175968,166212,2324276,9160.697,1456.521,0,151.846,0,13.986,2888,2356,1.850,2.200,1.540,2,0,46.952,0,0,18,322,1,25,0
26-02 15:33:17,20.026,3.004,76.098,0,0,5362128,150892,166212,2324288,47815.530,7301.396,0,116.149,0,9.012,2409,2008,1.850,2.200,1.540,5,0,0,0,0,18,323,1,18,0
26-02 15:33:18,19.013,8.506,71.047,0,0,5334180,178836,166212,2324292,15676.478,4379.927,0,160.107,0,10.007,3198,2537,1.850,2.200,1.540,4,0,70.047,0,0,18,322,1,19,0
26-02 15:33:19,22.718,2.996,73.148,0.250,0,5366020,146900,166212,2324388,15849.878,3479.144,95.866,75.894,5.992,6.990,2288,1908,1.850,2.200,1.540,1,0,0,0,0,18,323,1,19,0
26-02 15:33:20,18.756,3.251,76.275,0.250,0,5346176,166700,166212,2324432,18863.156,12694.143,32.010,208.068,2.001,20.007,2725,2623,1.850,2.200,1.540,4,0,7.002,0,0,18,322,1,20,0
26-02 15:33:21,20.760,8.254,70.285,0,0,5373428,139436,166212,2324444,9891.918,1566.779,0,200.099,0,20.010,3193,2831,1.700,2.160,1.530,2,0,51.025,0,0,18,322,1,18,0
26-02 15:33:22,19.801,2.757,75.694,0.251,0,5358072,185004,166212,2295016,15553.958,7202.503,0,180.464,0,20.052,2578,2463,1.700,2.160,1.530,1,0,0,0,0,18,323,1,18,0
26-02 15:33:23,21.174,5.231,72.987,0,0,5273320,269748,166212,2295024,14672.105,6015.314,0,115.583,0,8.968,2873,2299,1.700,2.160,1.530,2,0,32.881,0,0,18,322,1,21,0
26-02 15:33:24,22.833,4.265,72.263,0,0,5318072,224996,166212,2295024,8679.532,1463.316,0,120.438,0,8.029,2185,1987,1.700,2.160,1.530,2,0,0,0,0,18,322,1,21,0
26-02 15:33:25,18.447,2.493,77.777,0.249,0,5334028,208996,166212,2295068,13773.555,9426.005,31.909,227.349,0.997,17.949,2360,2279,1.700,2.160,1.530,1,0,0,0,0,18,323,1,18,0
26-02 15:33:26,31.952,9.486,56.416,0.250,0,5319220,223756,166212,2295116,14135.937,4553.216,287.572,619.078,3.994,49.926,4078,3507,1.570,2.130,1.520,3,0,51.923,0,0,18,322,1,19,0
26-02 15:33:27,41.809,9.513,47.066,0,0.250,5374360,168612,166212,2295120,10801.187,1514.129,512.721,124.175,4.006,8.011,3582,2311,1.570,2.130,1.520,3,0,6.008,0,0,18,322,1,19,0
26-02 15:33:28,21.995,3.249,73.732,0,0,5380640,162184,166212,2295268,20939.905,10282.498,255.938,107.974,2.000,5.999,2769,2377,1.570,2.130,1.520,3,0,1.000,0,0,18,325,1,20,0
26-02 15:33:29,21.733,6.245,70.696,0,0,5370740,172080,166212,2295272,12051.780,2987.714,0,219.832,0,20.984,3093,2613,1.570,2.130,1.520,2,0,31.976,0,0,18,322,1,21,0
26-02 15:33:30,22.850,3.766,72.566,0.251,0,5363464,179348,166212,2295280,11638.723,2276.923,0,2418.540,0,381.663,2470,1996,1.570,2.130,1.520,2,0,0,0,0,18,323,1,21,0
26-02 15:33:31,15.444,1.495,81.453,0.498,0,5355516,187264,166212,2295312,18418.892,10543.585,15.942,203.259,0.996,24.909,2531,2640,1.440,2.090,1.510,4,0,0,0,0,18,323,1,21,0
26-02 15:33:32,17.791,9.271,70.411,0.501,0,5274732,268028,166216,2295328,8738.017,2505.740,0,372.854,0,36.083,4020,3788,1.440,2.090,1.510,1,0,88.202,0,0,18,322,1,22,0
26-02 15:33:33,23.675,3.489,71.523,0,0,5304912,237848,166216,2295328,6469.474,1453.389,0,183.418,0,8.972,2244,1844,1.440,2.090,1.510,3,0,0.997,0,0,18,322,1,19,0
26-02 15:33:34,18.501,2.250,77.504,0,0,5322440,220308,166216,2295340,33408.724,23879.232,0,356.018,0,24.001,2624,2597,1.440,2.090,1.510,1,0,0,0,0,18,323,1,20,0
26-02 15:33:35,20.757,7.252,71.273,0.250,0,5338300,204432,166216,2295356,7998.606,1632.532,0,280.091,0,23.007,3110,2627,1.440,2.090,1.510,2,0,48.016,0,0,18,322,1,21,0
26-02 15:33:36,19.257,2.501,76.778,0,0,5372792,169932,166216,2295364,17453.337,7260.636,0,224.081,0,23.008,2546,2456,1.410,2.070,1.510,2,0,1.000,0,0,18,323,1,21,0
26-02 15:33:37,21.268,3.753,73.561,0,0,5342512,199800,166216,2295776,14680.165,4606.818,404.335,144.119,25.021,8.007,2816,2399,1.410,2.070,1.510,2,0,14.012,0,0,18,322,1,20,0
26-02 15:33:38,23.486,3.498,71.956,0.250,0.250,5391708,150604,166216,2295776,17034.664,1565.050,0,159.903,0,10.993,2267,1838,1.410,2.070,1.510,2,0,0,0,0,18,322,1,20,0
26-02 15:33:39,19.507,2.251,77.277,0,0,5391512,150796,166216,2295780,15366.395,7748.720,0,120.042,0,11.004,2240,1906,1.410,2.070,1.510,2,0,0,0,0,18,323,1,20,0
26-02 15:33:40,24.985,5.497,65.460,1.749,0,5382780,157808,166216,2297500,7777.206,1733.931,1694.955,1710.945,60.962,179.889,6168,8752,1.410,2.070,1.510,7,0,0.999,0,0,18,325,1,20,0
26-02 15:33:41,24.603,4.225,69.086,0.249,0,5347376,193004,166216,2297708,7509.016,2735.612,0,632.213,0,65.607,3118,3277,1.450,2.070,1.510,2,0,4.970,0,0,18,324,1,21,0
26-02 15:33:42,22.307,3.258,72.186,1.003,0,5350344,190028,166216,2297716,12526.211,3718.562,0,3152.106,0,199.513,2901,3081,1.450,2.070,1.510,3,0,0,0,0,18,325,1,21,0
26-02 15:33:43,19.593,3.014,75.610,0.502,0,5347132,193212,166216,2297744,19040.559,9042.005,0,1828.698,0,118.564,3225,3604,1.450,2.070,1.510,2,0,1.005,0,0,18,325,1,21,0
26-02 15:33:44,24.963,6.490,65.402,0.749,0.499,5342848,197396,166216,2297844,12666.990,2679.978,63.904,2723.912,2.996,119.820,4980,6267,1.450,2.070,1.510,2,0,5.991,0,0,18,324,1,22,0
26-02 15:33:45,12.258,20.013,65.791,0.250,0,5294104,246128,166216,2297856,8404.286,1188.748,0,340.214,0,25.016,4952,3650,1.450,2.070,1.510,3,0,227.143,0,0,18,324,1,22,0
26-02 15:33:46,9.483,22.460,65.134,0.250,0,5283108,257112,166216,2297868,9875.403,1363.570,0,2359.795,0,358.361,5600,3903,1.340,2.040,1.500,2,0,260.536,0,0,18,324,1,22,0
26-02 15:33:47,10.014,23.032,64.088,0.501,0,5273884,266320,166216,2297884,43459.482,1459.998,0,1706.335,0,98.134,5748,4585,1.340,2.040,1.500,1,0,250.343,0,0,18,324,1,22,0
26-02 15:33:48,9.751,22.753,65.760,0.500,0,5265512,274684,166216,2297892,7492.118,1458.218,0,360.054,0,25.004,5395,4001,1.340,2.040,1.500,3,0,260.039,0,0,18,324,1,22,0
26-02 15:33:49,9.233,22.459,65.631,0,0,5265940,274244,166216,2297904,11216.737,1455.371,0,558.990,0,59.892,5408,3799,1.340,2.040,1.500,3,0,253.542,0,0,18,324,1,22,0
26-02 15:33:50,10.518,22.289,64.864,0,0,5270064,270104,166216,2297920,9992.535,1460.563,0,300.527,0,22.039,5519,4156,1.340,2.040,1.500,2,0,253.445,0,0,18,324,1,21,0
26-02 15:33:51,10.501,22.252,64.755,0,0,5265144,275004,166216,2297940,7700.599,1458.113,0,392.030,0,29.002,5445,4177,1.230,2,1.500,3,0,252.020,0,0,18,324,1,21,0
26-02 15:33:52,10.494,22.487,64.464,0.250,0,5267864,272272,166216,2297952,11345.647,1349.244,0,283.841,0,25.985,5556,4175,1.230,2,1.500,2,0,259.854,0,0,18,324,1,21,0
26-02 15:33:53,8.998,22.995,66.237,0.250,0,5262572,277552,166216,2297964,7046.618,701.862,0,287.944,0,21.996,5273,3812,1.230,2,1.500,1,0,250.951,0,0,18,324,1,21,0
26-02 15:33:54,11.261,22.021,64.810,0,0,5258664,281436,166216,2297988,10715.993,1459.361,0,276.258,0,22.021,5465,4158,1.230,2,1.500,2,0,247.231,0,0,18,324,1,21,0
26-02 15:33:55,9.737,21.721,66.161,0.499,0,5261828,278260,166216,2298000,8675.361,1456.046,0,163.780,0,12.983,5321,3825,1.230,2,1.500,2,0,253.660,0,0,18,324,1,21,0
26-02 15:33:56,9.255,21.512,66.536,0,0,5260212,279864,166216,2298012,6442.511,1458.795,0,456.249,0,29.016,5236,3830,1.210,1.990,1.490,2,0,242.132,0,0,18,324,1,21,0
26-02 15:33:57,10.258,22.518,65.301,0,0,5257032,283024,166216,2298032,10409.202,1555.225,0,140.110,0,13.010,5583,4288,1.210,1.990,1.490,4,0,289.228,0,0,18,324,1,21,0
26-02 15:33:58,12.485,22.972,62.673,0,0,5259452,280552,166216,2298084,9747.950,1564.067,0,11.985,0,2.996,5644,4514,1.210,1.990,1.490,5,0,239.704,0,0,18,324,1,20,0
26-02 15:33:59,25.530,18.772,52.062,1.001,0,5284744,254620,166216,2298724,11784.973,1501.781,532.632,24.028,42.050,4.005,6007,14465,1.210,1.990,1.490,2,0,188.223,0,0,18,324,1,21,0
26-02 15:34:00,21.749,9.000,65.996,1.750,0,5298116,343784,166216,2206780,7792.568,1531.915,323.982,1863.897,43.998,21.999,3474,3241,1.210,1.990,1.490,3,0,39.998,0,0,18,324,1,23,0
26-02 15:34:01,22.470,4.744,69.907,1.248,0,5308016,323844,166364,2216672,10020.598,1625.826,1901.457,1146.467,195.738,25.965,3006,2844,1.190,1.970,1.490,2,0,2.996,0,0,18,324,1,23,0
26-02 15:34:02,21.458,2.994,73.856,0.499,0,5319024,309896,166424,2219544,15078.525,3532.096,15.969,810.416,2.994,19.961,2768,2658,1.190,1.970,1.490,2,0,15.969,0,0,18,325,1,22,0
26-02 15:34:03,17.561,2.007,76.514,3.512,0,5330340,297844,166424,2220276,19271.490,8196.279,634.188,1296.473,34.118,42.145,2182,2001,1.190,1.970,1.490,1,1,1.003,0,0,18,325,1,22,0
26-02 15:34:04,16.503,2.000,78.766,2.000,0,5328952,298488,166424,2221008,23367.730,12716.574,400.081,1388.281,47.010,61.012,2293,2429,1.190,1.970,1.490,3,0,0,0,0,18,325,1,22,0
26-02 15:34:05,21.239,1.499,74.210,1.249,0,5353620,272936,166424,2221888,18720.998,7238.133,731.609,855.543,28.985,44.976,2460,2289,1.190,1.970,1.490,4,0,0.999,0,0,18,325,1,22,0
26-02 15:34:06,20.934,1.246,75.511,0.997,0,5351568,274348,166424,2222520,19146.400,8685.510,490.448,1048.681,37.880,54.826,2421,2424,1.100,1.940,1.480,2,0,0.997,0,0,18,325,1,22,0
26-02 15:34:07,17.997,1.250,75.737,2.999,0,5362196,262708,166424,2223528,22700.002,8821.446,831.853,1967.653,40.993,233.959,2259,2058,1.100,1.940,1.480,2,0,2.000,0,0,18,325,1,22,0
26-02 15:34:08,18.542,1.754,77.677,1.754,0,5364420,260028,166424,2223972,20789.361,9425.473,132.301,930.119,21.048,39.089,2101,1923,1.100,1.940,1.480,1,0,0,0,0,18,325,1,22,0
26-02 15:34:09,17.776,2.253,72.605,5.508,0,5365684,231264,166424,2251468,14692.211,3191.608,11772.997,264.382,124.179,9.013,2309,2063,1.100,1.940,1.480,3,0,0,0,0,18,325,1,22,0
26-02 15:34:10,24.254,3.000,71.761,0.750,0,5383172,201036,166864,2263760,10229.557,1458.222,0,1460.222,0,66.010,2705,2512,1.100,1.940,1.480,2,0,1.000,0,0,18,325,1,22,0
26-02 15:34:11,24.751,1.750,71.503,0.250,0,5372156,195504,167048,2279720,8985.349,1640.064,0,1288.050,0,31.001,2511,2297,1.090,1.920,1.480,4,0,0,0,0,18,325,1,22,0
26-02 15:34:12,23.462,2.995,69.887,1.498,0,5391220,155952,167420,2299684,6445.597,1455.651,0,2879.353,0,125.797,3116,3326,1.090,1.920,1.480,2,0,0,0,0,18,325,1,22,0
26-02 15:34:13,24.536,2.754,71.354,0.751,0,5386052,151932,167420,2308592,10538.300,1460.120,0,1754.547,0,75.109,2698,2543,1.090,1.920,1.480,3,0,1.001,0,0,18,325,1,22,0
26-02 15:34:14,22.972,2.747,71.164,1.248,0,5385984,126744,168052,2333036,6829.755,1604.063,0,2564.903,0,97.882,2856,2947,1.090,1.920,1.480,2,0,0,0,0,18,325,1,22,0
26-02 15:34:15,24.981,3.747,70.446,0.500,0,5309560,247980,168244,2289148,10149.201,1630.747,0,1283.014,0,42.967,2619,2287,1.090,1.920,1.480,3,0,1.998,0,0,18,324,1,22,0
26-02 15:34:16,20.277,3.505,74.601,0.501,0,5340200,217272,168244,2289228,13887.771,2733.695,64.087,560.758,1.001,25.034,2621,2273,1.080,1.910,1.470,1,0,33.045,0,0,18,325,1,22,0
26-02 15:34:17,23.268,3.002,72.555,0,0,5306860,245036,168244,2294800,46928.760,2579.966,0,948.723,0,10.008,2450,1967,1.080,1.910,1.470,3,0,2.002,0,0,18,324,1,22,0
26-02 15:34:18,18.740,2.749,76.459,0,0,5319544,232184,168244,2294948,15545.728,4462.626,0,447.762,0,5.997,2241,1934,1.080,1.910,1.470,4,0,16.991,0,0,18,325,1,18,0
26-02 15:34:19,24.111,5.717,67.610,0.249,0,5315436,230780,168256,2300304,8251.358,1749.896,0,894.833,0,15.908,11612,21348,1.080,1.910,1.470,2,0,12.925,0,0,18,324,1,18,0
26-02 15:34:20,24.151,4.780,70.439,0,0,5320004,226020,168284,2300468,7500.779,1467.150,0,1674.443,0,16.100,4718,6760,1.080,1.910,1.470,1,0,6.038,0,0,18,324,1,18,0
26-02 15:34:21,22.722,7.491,67.665,0.250,0,5328344,217480,168320,2300632,11280.873,1564.041,0,579.275,0,24.969,9658,16427,1.080,1.890,1.470,1,0,14.981,0,0,18,324,1,18,0
26-02 15:34:22,22.947,4.240,71.087,0,0,5297060,260136,168328,2289340,7823.020,1454.657,0,1540.460,0,177.592,2895,2618,1.080,1.890,1.470,2,0,9.977,0,0,18,324,1,18,0
26-02 15:34:23,23.584,5.269,69.749,0,0,5293696,263496,168332,2289340,10561.668,1517.412,0,401.432,0,12.043,4822,6370,1.080,1.890,1.470,7,0,46.165,0,0,18,324,1,17,0
26-02 15:34:24,26.251,5.750,65.253,0.500,0,5319884,237284,168332,2289364,9531.458,1458.070,0,408.020,0,38.002,9148,16337,1.080,1.890,1.470,6,0,19.001,0,0,18,324,1,17,0
26-02 15:34:25,21.238,2.998,74.209,0.500,0,5338272,217516,168332,2290744,15870.189,3673.960,0,8131.485,0,308.829,2726,2555,1.080,1.890,1.470,2,0,15.991,0,0,18,325,1,17,0
26-02 15:34:26,39.479,7.996,51.722,0,0.250,5343152,208472,168332,2295020,7938.701,1631.117,255.861,663.641,1.999,6.996,3282,2094,1.070,1.880,1.470,3,0,7.996,0,0,18,324,1,17,0
26-02 15:34:27,38.865,8.275,51.402,0.752,0,5381800,164680,168332,2300100,15992.446,4640.768,513.523,1628.832,4.012,47.140,3815,2762,1.070,1.880,1.470,2,0,27.080,0,0,18,324,1,13,0
26-02 15:34:28,29.014,9.004,60.279,0,0,5377544,168436,168332,2300600,9694.655,1512.726,256.123,84.040,2.001,1.000,14192,25673,1.070,1.880,1.470,2,0,14.007,0,0,18,324,1,13,0
26-02 15:34:29,21.771,8.008,68.568,0.250,0,5367824,177972,168336,2300764,9016.904,1513.495,0,864.854,0,14.014,10222,17772,1.070,1.880,1.470,1,0,15.015,0,0,18,324,1,13,0
26-02 15:34:30,23.505,4.251,71.265,0,0,5333484,223804,168352,2289372,6197.305,1458.307,0,856.180,0,17.004,2719,2314,1.070,1.880,1.470,2,0,22.005,0,0,18,324,1,13,0
26-02 15:34:31,21.084,7.442,69.951,0.248,0,5295016,262252,168352,2289392,10237.620,1500.221,0,142.878,0,6.945,3055,2446,1.060,1.860,1.470,2,0,53.579,0,0,18,324,1,10,0
26-02 15:34:32,23.059,5.263,70.179,0,0,5294988,254988,168856,2296180,8693.133,1515.859,0,268.684,0,16.041,3414,3265,1.060,1.860,1.470,1,0,43.110,0,0,18,324,1,10,0
26-02 15:34:33,24.509,3.001,70.775,0.250,0,5306104,239912,169076,2299904,11029.896,1512.534,0,1560.551,0,18.006,2633,2166,1.060,1.860,1.470,2,0,17.006,0,0,18,324,1,10,0
26-02 15:34:34,17.738,1.499,79.197,0.500,0,5322348,223204,169096,2300268,21269.735,7625.886,3.997,691.536,0.999,23.984,2065,1823,1.060,1.860,1.470,2,0,0,0,0,18,325,1,10,0
26-02 15:34:35,13.777,2.254,82.160,0.751,0,5322140,223204,169096,2300460,20061.007,10399.221,0,12171.667,0,115.224,2132,2235,1.060,1.860,1.470,2,0,1.002,0,0,18,325,1,7,0
26-02 15:34:36,13.501,1.500,82.005,0.500,0,5323544,221440,169104,2300812,148459.222,13870.862,0,1552.096,0,71.004,2307,2487,0.980,1.830,1.460,3,0,1.000,0,0,18,326,1,7,0
26-02 15:34:37,20.248,1.500,76.742,0.750,0,5347760,196992,169112,2301016,35030.483,9480.048,0,1047.895,0,44.995,2291,2085,0.980,1.830,1.460,2,0,0,0,0,18,326,1,7,0
26-02 15:34:38,18.999,1.500,77.996,0.500,0,5348788,195760,169112,2301216,20028.941,10181.461,0,1759.907,0,192.990,2163,1866,0.980,1.830,1.460,3,0,0,0,0,18,326,1,7,0
26-02 15:34:39,20.250,1.500,75.750,0.250,0,5367332,176640,169112,2301772,291354.444,12543.933,0,1191.994,0,42.000,2390,1987,0.980,1.830,1.460,4,0,0,0,0,18,326,1,5,0
26-02 15:34:40,11.162,3.224,82.596,1.984,0,5367096,176576,169216,2301952,101844.871,17909.244,27.780,14814.737,3.969,153.783,2491,2564,0.980,1.830,1.460,1,0,0,0,0,18,326,1,5,0
26-02 15:34:41,16.818,1.004,79.570,1.004,0,5370148,173140,169260,2302272,58416.936,12363.723,104.420,1506.057,6.024,61.246,2234,2098,0.980,1.820,1.450,3,0,0,0,0,18,326,1,5,0
26-02 15:34:42,14.280,3.507,79.168,0.752,0,5360212,161300,169324,2323916,7077866.977,45849.161,0,6750.305,0,71.151,4138,2934,0.980,1.820,1.450,2,0,4.008,0,0,18,326,1,5,0
26-02 15:34:43,16.532,3.507,76.897,1.503,0,5363960,128300,169444,2352960,10785996.846,57425.964,164.315,13249.371,4.008,79.152,4595,2830,0.980,1.820,1.450,4,0,2.004,0,0,18,326,1,4,0
26-02 15:34:44,24.221,4.245,68.667,0.999,0,5350360,159060,172252,2334264,11254.380,1456.238,0,4338.749,0,93.886,2940,2556,0.980,1.820,1.450,3,0,6.992,0,0,18,326,1,4,0
26-02 15:34:45,24.692,2.245,71.084,0.748,0,5362908,130752,173020,2348976,9373.116,1562.352,0,1440.636,0,39.907,2673,2412,0.980,1.820,1.450,3,0,0,0,0,18,326,1,4,0
26-02 15:34:46,25.832,6.019,67.463,0.251,0,5356760,124992,173340,2360328,10181.219,1462.629,0,74026.262,0,318.006,3140,2769,1.140,1.840,1.460,5,0,0,0,0,18,326,1,4,0
26-02 15:34:47,23.238,3.748,69.965,0.750,0,5364532,137132,174176,2340464,43016.478,1457.271,0,2318.840,0,96.951,3040,2846,1.140,1.840,1.460,2,0,0.999,0,0,18,326,1,3,0
26-02 15:34:48,22.921,4.235,71.256,0.747,0,5363852,139104,175052,2337496,10903.591,1494.871,0,2666.850,0,184.367,2724,2385,1.140,1.840,1.460,4,0,0,0,0,18,326,1,3,0
26-02 15:34:49,24.172,2.741,70.771,0.498,0,5364576,133388,176360,2340120,8617.152,1507.129,0,538.261,0,25.916,2495,2136,1.140,1.840,1.460,2,0,0,0,0,18,326,1,3,0
26-02 15:34:50,25.193,3.275,70.541,0.504,0,5369172,132200,177116,2335664,8145.515,1469.276,8.062,3079.636,2.015,73.565,2858,2843,1.140,1.840,1.460,5,0,1.008,0,0,18,326,1,3,0
26-02 15:34:51,21.488,2.749,73.460,0.999,0,5373956,128488,177948,2333344,10876.127,2728.527,3.998,2498.651,0.999,93.949,2722,2869,1.130,1.820,1.460,3,0,0.999,0,0,18,327,1,3,0
26-02 15:34:52,23.501,2.750,72.752,0.250,0,5307212,229816,177948,2298808,11658.272,2025.047,0,724.017,0,28.001,2614,2412,1.130,1.820,1.460,3,0,2.000,0,0,18,324,1,3,0
26-02 15:34:53,19.247,3.499,75.988,0,0,5337676,199332,177952,2298824,14057.839,3459.468,0,3.999,0,1.000,2423,2176,1.130,1.820,1.460,1,0,33.995,0,0,18,325,1,3,0
26-02 15:34:54,23.767,3.252,72.551,0,0,5331304,199936,177952,2304396,11918.415,1699.200,0,1216.859,0,9.006,2409,1961,1.130,1.820,1.460,1,0,2.001,0,0,18,324,1,3,0
26-02 15:34:55,18.498,2.750,77.740,0.250,0,5346344,184592,177952,2304548,15470.929,4464.402,0,795.893,0,28.996,2374,2173,1.130,1.820,1.460,2,0,16.998,0,0,18,325,1,3,0
26-02 15:34:56,24.483,5.496,67.704,0,0,5332892,191804,178084,2309764,10200.079,1630.893,0,14554.124,0,408.723,10033,18245,1.120,1.810,1.460,2,0,9.993,0,0,18,324,1,3,0
26-02 15:34:57,23.770,4.003,71.309,0,0,5328912,195360,178116,2310068,8475.047,1459.213,0,84.070,0,1.001,2453,1984,1.120,1.810,1.460,3,0,4.003,0,0,18,324,1,3,0
26-02 15:34:58,21.748,8.249,68.243,0,0,5332584,191472,178164,2310232,6706.286,1499.840,0,87.991,0,2.000,9064,16801,1.120,1.810,1.460,3,0,17.998,0,0,18,324,1,3,0
26-02 15:34:59,28.488,7.997,62.474,0.250,0,5285216,251260,178180,2298912,7477.943,1457.404,0,2347.041,0,15.993,3363,12677,1.120,1.810,1.460,2,0,36.985,0,0,18,324,1,3,0
26-02 15:35:00,23.747,4.250,70.742,0.500,0,5311476,222308,178596,2301196,11051.746,1565.822,251.971,1719.805,4.999,7.999,2720,2446,1.120,1.810,1.460,2,0,6.999,0,0,18,324,0,3,0
26-02 15:35:01,25.478,5.245,65.942,1.499,0,5316608,216008,178608,2302352,10350.914,1510.674,535.530,1262.891,18.983,58.948,5163,6416,1.110,1.790,1.450,4,0,2.997,0,0,18,328,0,4,0
26-02 15:35:02,29.861,9.954,55.741,1.493,0.249,5326556,205364,178608,2303048,12521.879,1451.264,461.856,1998.723,26.875,187.131,7490,10003,1.110,1.790,1.450,3,0,0.995,0,0,18,331,0,9,0
26-02 15:35:03,30.273,5.802,60.041,1.514,0,5262668,268796,178608,2303504,9559.127,1471.256,500.510,1493.456,24.218,183.655,6230,7808,1.110,1.790,1.450,2,0,10.091,0,0,18,330,0,9,0
26-02 15:35:04,10.708,21.416,64.746,0.249,0,5265576,265696,178608,2303696,11323.653,1559.891,0,1143.522,0,69.727,5355,4083,1.110,1.790,1.450,2,0,234.083,0,0,18,330,0,9,0
26-02 15:35:05,11.505,18.508,68.528,0,0,5270940,260312,178608,2303716,7978.302,1512.626,0,304.126,0,23.010,4833,3777,1.110,1.790,1.450,2,0,174.072,0,0,18,330,0,9,0
26-02 15:35:06,16.244,7.497,67.476,6.998,0,5248288,278972,178624,2307712,7759.241,1619.424,4022.570,3318.820,578.794,195.930,3986,4695,1.180,1.800,1.460,3,0,33.988,0,0,18,330,0,11,0
26-02 15:35:07,10.962,4.734,69.759,11.211,0,5231368,265628,178624,2337976,9794.201,1237.729,30139.990,10758.872,1334.395,57.801,3933,4888,1.180,1.800,1.460,1,1,1.993,0,0,18,330,0,11,0
26-02 15:35:08,11.045,5.523,69.535,11.547,0,5227260,260840,178628,2346872,7695.580,1598.560,8924.623,3434.092,1571.449,129.532,4223,5968,1.180,1.800,1.460,1,0,6.025,0,0,18,330,1,11,0
26-02 15:35:09,5.000,1.750,84.994,7.499,0,5234084,253028,179032,2347456,7331.499,2338.840,987.932,2635.820,246.983,366.975,1942,2232,1.180,1.800,1.460,1,0,0,0,0,18,331,0,11,0
26-02 15:35:10,2.500,0.750,94.767,0.250,0.250,5234836,252272,179032,2347460,50766.200,3421.620,0,1472.267,0,71.013,1456,1987,1.180,1.800,1.460,3,0,0,0,0,18,331,0,11,0
26-02 15:35:11,5.982,5.733,86.237,0.498,0,5227092,259660,179080,2347768,88216.944,4698.669,103.684,482.528,3.988,5.982,2229,2186,1.090,1.770,1.450,3,0,24.924,0,0,18,330,0,12,0
26-02 15:35:12,48.064,8.511,42.807,0,0,4988996,497692,179080,2347832,10303.708,1514.014,0,312.416,0,21.028,3859,2545,1.090,1.770,1.450,1,0,4.005,0,0,18,314,0,16,0
26-02 15:35:13,58.172,12.234,28.712,0.250,0,5057336,429328,179080,2347848,8780.263,1456.054,19.973,431.423,1.997,41.944,4277,2721,1.090,1.770,1.450,4,0,6.991,0,0,18,314,0,16,0
26-02 15:35:14,66.062,11.303,22.607,0,0,5001200,485268,179080,2348044,7783.768,1613.622,4.019,321.519,1.005,10.047,4145,2105,1.090,1.770,1.450,3,0,6.028,0,0,18,301,0,17,0
26-02 15:35:15,80.965,8.996,9.246,0.500,0,5040248,445792,179080,2348472,10515.390,1295.432,159.930,143.937,5.997,8.996,5494,5607,1.090,1.770,1.450,2,0,3.998,0,0,18,295,0,21,0
26-02 15:35:16,45.416,5.739,47.163,0,0,5154836,331032,179088,2348656,10248.147,1239.719,0,403.258,0,26.950,3441,2291,1.240,1.790,1.460,4,0,0.998,0,0,18,297,0,23,0
26-02 15:35:17,49.353,11.105,38.249,0.247,0,5073752,411588,179088,2349180,42463.632,1492.446,0,49183.585,0,233.935,4978,5045,1.240,1.790,1.460,4,0,4.935,0,0,18,287,0,26,0
26-02 15:35:18,26.794,4.297,68.249,0.253,0,5114336,370300,179088,2349884,12622.518,1528.777,0,198.175,0,25.277,3377,4820,1.240,1.790,1.460,2,0,1.011,0,0,18,291,0,27,0
26-02 15:35:19,10.530,2.758,83.991,1.504,0,5111716,371804,179088,2351000,8163.411,1516.349,324.932,946.715,19.055,8.023,2968,6150,1.240,1.790,1.460,1,0,0,0,0,18,293,0,27,0
26-02 15:35:20,1.500,1.250,95.265,0.250,0,5084612,398900,179088,2351008,10764.714,1458.232,0,8397.337,0,1055.168,2058,2001,1.240,1.790,1.460,1,0,1.000,0,0,18,293,0,27,0
26-02 15:35:21,2.248,0.500,96.156,0.250,0,5082368,401144,179088,2351008,9571.607,1456.571,0,183.820,0,20.979,1399,2016,1.220,1.770,1.450,1,0,0.999,0,0,18,293,0,27,0
26-02 15:35:22,1.251,5.506,90.844,0,0,5080112,403380,179092,2351024,6949.165,1513.561,0,108579.951,0,898.927,3096,3663,1.220,1.770,1.450,1,0,0,0,0,18,293,0,27,0
26-02 15:35:23,2.000,0.750,95.985,0.250,0,5078164,405328,179092,2351024,9895.460,1457.773,0,1655.742,0,18.997,1412,1968,1.220,1.770,1.450,1,0,1.000,0,0,18,293,0,27,0
26-02 15:35:24,1.749,0.500,96.721,0,0,5076012,407484,179092,2351024,8550.440,1457.564,0,99.970,0,6.998,1121,1522,1.220,1.770,1.450,1,0,0,0,0,18,293,0,27,0
26-02 15:35:25,1.250,0.750,96.970,0,0,5074120,409376,179092,2351024,9541.070,1511.536,0,103.968,0,6.998,1061,1474,1.220,1.770,1.450,1,0,0,0,0,18,293,0,27,0
26-02 15:35:26,1.250,0.750,96.531,0.250,0,5074104,409392,179092,2351024,8804.819,1512.484,0,548.176,0,38.012,1166,1651,1.120,1.750,1.450,1,0,0,0,0,18,293,0,27,0
26-02 15:35:27,1.000,0.250,96.996,0,0,5074104,409392,179092,2351024,10909.578,1457.944,0,0,0,0,1106,1502,1.120,1.750,1.450,2,0,0,0,0,18,293,0,27,0
26-02 15:35:28,1.250,0.750,96.980,0,0,5074104,409392,179092,2351024,8741.161,1457.693,0,0,0,0,1099,1491,1.120,1.750,1.450,1,0,0,0,0,18,293,0,27,0
26-02 15:35:29,2.248,0.749,97.163,0,0,5074100,409392,179092,2351028,6230.447,1510.654,0,35.968,0,3.996,1108,1516,1.120,1.750,1.450,0,0,0,0,0,18,293,0,27,0
26-02 15:35:30,1.752,0.250,96.606,0,0,5074100,409392,179092,2351028,6880.548,1459.601,0,52.057,0,6.007,1094,1572,1.120,1.750,1.450,1,0,0,0,0,18,293,0,27,0
26-02 15:35:31,1.000,1.000,96.490,0.250,0,5074356,409136,179092,2351028,9742.028,1565.844,0,47.995,0,5.999,1138,1550,1.030,1.720,1.440,1,0,0,0,0,18,293,0,27,0
26-02 15:35:32,2.500,0.750,95.269,0.250,0,5073856,409632,179092,2351032,11208.189,1582.309,0,316.062,0,21.004,1399,1904,1.030,1.720,1.440,2,0,0,0,0,18,293,0,27,0
26-02 15:35:33,1.749,1.249,95.946,0.250,0,5074064,409632,179092,2351036,12065.166,1457.175,31.982,8547.159,0.999,170.903,1612,2082,1.030,1.720,1.440,1,0,0.999,0,0,18,293,0,27,0
26-02 15:35:34,1.750,1.000,95.513,0.250,0,5074032,409632,179092,2351068,10906.521,1566.218,0,180.025,0,20.003,1375,1986,1.030,1.720,1.440,1,0,0,0,0,18,293,0,27,0
26-02 15:35:35,2.001,3.001,93.046,0.750,0,5079668,403996,179092,2351068,10434.119,1554.763,0,88.043,0,13.006,1470,1973,1.030,1.720,1.440,1,0,0,0,0,18,293,0,27,0
26-02 15:35:36,2.000,0.750,95.991,0.250,0,5079656,403996,179092,2351080,8784.143,1457.858,0,527.949,0,38.996,1406,2073,0.950,1.690,1.430,1,0,0,0,0,18,293,0,27,0
26-02 15:35:37,9.748,17.995,70.482,0.500,0,5084528,398928,179092,2351276,6494.338,1457.627,179.954,0,8.998,0,4834,3605,0.950,1.690,1.430,2,0,256.934,0,0,18,293,0,27,0
26-02 15:35:38,9.000,20.000,68.501,0,0,5087400,396032,179096,2351296,5789.059,1134.012,0,44.000,0,4.000,5362,3928,0.950,1.690,1.430,2,0,281.003,0,0,18,293,0,27,0
26-02 15:35:39,9.250,18.750,69.251,0.500,0,5080116,403300,179096,2351312,10086.186,1404.026,0,240.004,0,15.000,5450,4023,0.950,1.690,1.430,3,0,277.005,0,0,18,293,0,27,0
26-02 15:35:40,9.005,20.011,69.038,0,0,5085404,397996,179096,2351328,8771.881,1458.812,0,0,0,0,5394,3968,0.950,1.690,1.430,5,0,270.150,0,0,18,293,0,27,0
26-02 15:35:41,9.246,19.992,68.472,0,0,5091776,391612,179096,2351340,9414.157,1511.383,0,3.998,0,1.000,5402,3922,0.950,1.680,1.430,4,0,284.884,0,0,18,293,0,27,0
26-02 15:35:42,9.237,22.468,66.155,0,0,5089240,394124,179096,2351364,8574.654,1509.826,0,143.793,0,17.974,5628,4389,0.950,1.680,1.430,6,0,292.579,0,0,18,293,0,27,0
26-02 15:35:43,10.012,23.027,64.826,0.250,0,5092852,390424,179100,2351448,10512.252,1501.750,52.061,869.013,4.005,32.037,5708,4563,0.950,1.680,1.430,2,0,292.341,0,0,18,293,0,27,0
26-02 15:35:44,9.753,18.757,67.024,2.251,0,5089780,393332,179252,2351476,11420.005,1458.512,280.098,108.038,36.013,12.004,5252,3986,0.950,1.680,1.430,1,1,246.086,0,0,18,293,0,27,0
26-02 15:35:45,19.502,3.250,72.259,4.251,0,5116004,311128,179260,2407448,8270.029,1512.188,55866.953,60.007,441.055,6.001,2416,2023,0.950,1.680,1.430,2,0,1.000,0,0,18,293,0,27,0
26-02 15:35:46,24.747,5.749,66.241,1.000,0,5127948,299112,179268,2407480,10985.476,2025.719,27.996,1871.740,3.999,297.959,4658,5045,0.960,1.660,1.430,2,0,26.996,0,0,18,294,0,27,0
26-02 15:35:47,2.492,0.997,95.181,0.249,0,5128020,299028,179268,2407492,43548.825,699.652,0,629.886,0,47.839,1498,1991,0.960,1.660,1.430,1,0,0,0,0,18,294,0,27,0
26-02 15:35:48,1.504,0.752,97.002,0,0,5128020,299028,179268,2407492,10216.490,1461.790,0,0,0,0,1118,1555,0.960,1.660,1.430,1,0,0,0,0,18,294,0,27,0
26-02 15:35:49,1.501,0.500,96.585,0,0,5128020,299028,179268,2407492,10245.027,1621.429,0,0,0,0,1111,1505,0.960,1.660,1.430,1,0,0,0,0,18,294,0,27,0
26-02 15:35:50,1.490,0.745,95.368,0.248,0,5128012,299028,179268,2407500,12402.802,1579.532,0,429.156,0,31.789,1294,1913,0.960,1.660,1.430,1,0,0,0,0,18,294,0,27,0
26-02 15:35:51,2.014,0.755,96.664,0.252,0,5128012,299028,179268,2407500,11103.311,1468.090,0,285.965,0,25.173,1320,1953,0.880,1.640,1.420,2,0,0,0,0,18,294,0,27,0
26-02 15:35:52,1.750,1.250,95.978,0.500,0,5128004,299028,179268,2407508,9618.818,1523.654,0,83.981,0,11.997,1347,1970,0.880,1.640,1.420,1,0,0,0,0,18,294,0,27,0
26-02 15:35:53,2.733,0.994,95.397,0.248,0,5127980,299028,179268,2407532,24514.017,2158.354,0,131.171,0,15.899,1412,2044,0.880,1.640,1.420,1,0,0.994,0,0,18,294,0,27,0
26-02 15:35:54,1.510,1.258,94.851,0.503,0,5128100,298776,179268,2407664,150683.803,5826.922,0,2680.988,0,167.059,1649,2384,0.880,1.640,1.420,1,0,0,0,0,18,294,0,27,0
26-02 15:35:55,1.999,0.750,95.688,0,0,5128016,298524,179268,2408000,371233.863,10427.255,0,0,0,0,1410,1698,0.880,1.640,1.420,1,0,0,0,0,18,294,0,27,0
26-02 15:35:56,2.246,1.498,94.349,0.250,0,5127752,298300,179268,2408488,518334.767,14239.275,0,527.159,0,110.823,1823,1899,0.810,1.610,1.410,1,0,0,0,0,18,294,0,27,0
26-02 15:35:57,2.756,1.002,94.442,0.251,0,5127464,297892,179268,2409184,868865.543,23417.558,0,84.171,0,9.018,2028,2190,0.810,1.610,1.410,1,0,0,0,0,18,294,0,27,0
26-02 15:35:58,1.751,1.000,95.779,0.250,0,5125444,299372,179396,2409596,317221.750,11474.463,128.039,2080.628,4.001,4.001,1579,1724,0.810,1.610,1.410,1,0,0,0,0,18,294,0,27,0
26-02 15:35:59,8.988,4.744,84.889,0,0,5140324,284284,179396,2412324,103502.197,3367.581,0,3.995,0,0.999,2589,5430,0.810,1.610,1.410,2,0,33.955,0,0,18,294,0,27,0
26-02 15:36:00,5.507,2.754,90.372,0,0,5106360,318068,179396,2409984,317242.825,8333.264,0,124.168,0,6.008,2095,6851,0.810,1.610,1.410,1,0,2.003,0,0,18,294,0,28,0
26-02 15:36:01,2.499,1.000,94.976,0,0,5102316,321804,179396,2410292,471762.702,11625.036,0,63.984,0,5.998,1629,1952,0.740,1.580,1.400,1,0,0,0,0,18,294,0,27,0
26-02 15:36:02,2.499,1.500,94.476,0.250,0,5101688,321804,179396,2410920,490758.157,12355.907,0,1387.653,0,13.996,1867,2248,0.740,1.580,1.400,1,0,0,0,0,18,294,0,27,0
26-02 15:36:03,3.745,0.999,93.369,0,0,5101660,321804,179396,2410948,86943.298,3206.512,0,734.971,0,67.905,1675,2126,0.740,1.580,1.400,4,0,0.999,0,0,18,294,0,27,0
26-02 15:36:04,8.264,4.758,85.395,0,0,5105048,318028,179396,2411336,218555.179,3544.019,0,208.354,0,3.005,3565,4651,0.740,1.580,1.400,1,0,1.002,0,0,18,294,0,27,0
26-02 15:36:05,6.250,1.000,91.254,0.500,0,5105264,317776,179396,2411408,68634.838,1986.082,0,300.012,0,25.001,2090,2508,0.740,1.580,1.400,1,0,0,0,0,18,294,0,21,0
26-02 15:36:06,2.001,1.000,95.530,0,0,5105484,317552,179396,2411412,9240.936,1458.463,0,768.244,0,149.047,1508,2167,0.680,1.560,1.390,1,0,0,0,0,18,294,0,21,0
26-02 15:36:07,1.000,1.000,96.474,0,0,5105484,317552,179396,2411412,11791.806,1619.561,0,107.971,0,7.998,1149,1615,0.680,1.560,1.390,4,0,1.999,0,0,18,294,0,21,0
26-02 15:36:08,1.500,0.250,96.770,0,0,5105476,317552,179396,2411420,8270.742,1458.307,0,0,0,0,1088,1486,0.680,1.560,1.390,1,0,0,0,0,18,294,0,21,0
26-02 15:36:09,1.750,0.500,96.226,0.250,0,5105476,317552,179396,2411420,7166.192,1457.632,0,447.887,0,23.994,1142,1621,0.680,1.560,1.390,1,0,0,0,0,18,294,0,19,0
26-02 15:36:10,1.500,1.250,97.015,0,0,5105476,317552,179396,2411420,10053.600,1458.232,0,36.006,0,4.001,1103,1500,0.680,1.560,1.390,2,0,0,0,0,18,294,0,19,0
26-02 15:36:11,1.500,0.500,97.260,0,0,5105476,317552,179396,2411420,10706.107,1458.151,0,8.001,0,2.000,998,1419,0.630,1.530,1.390,1,0,0,0,0,18,294,0,19,0
26-02 15:36:12,2.000,1.000,95.746,0,0,5105476,317552,179396,2411420,23994.987,1655.930,0,111.995,0,12.999,1360,1965,0.630,1.530,1.390,1,0,0,0,0,18,294,0,19,0
26-02 15:36:13,1.750,0.750,95.491,0.250,0,5105076,317552,179396,2411820,400084.208,6017.402,0,651.935,0,16.998,1381,1755,0.630,1.530,1.390,1,0,1.000,0,0,18,294,0,14,0
26-02 15:36:14,5.264,1.253,93.003,0.251,0,5120956,301452,179400,2412036,235060.465,2879.847,4.011,224.612,1.003,3.008,1434,1616,0.630,1.530,1.390,1,0,0,0,0,18,293,0,15,0
26-02 15:36:15,14.711,5.735,71.060,6.732,0,5139840,277732,179868,2416348,7933.753,1454.106,4623.617,646.269,134.639,35.904,2733,2409,0.630,1.530,1.390,2,0,28.923,0,0,18,293,0,15,0
26-02 15:36:16,11.747,14.247,67.984,3.999,0,5156268,241144,180064,2435896,6889.400,1457.661,15.996,24382.337,3.999,792.816,6049,7206,0.660,1.520,1.380,4,0,77.982,0,0,18,293,0,15,0
26-02 15:36:17,8.264,13.774,69.369,4.758,0,5149864,239280,180372,2442732,43783.136,1460.506,4.007,13130.533,1.002,1413.426,7488,9679,0.660,1.520,1.380,2,1,82.141,0,0,18,293,0,7,0
26-02 15:36:18,24.021,7.256,67.058,1.001,0,5135008,253392,180520,2443328,10963.560,1621.414,148.129,988.862,5.004,44.038,3021,2421,0.660,1.520,1.380,2,0,22.019,0,0,18,293,0,7,0
26-02 15:36:19,26.418,6.978,65.047,0.498,0,5140484,247488,180520,2443704,7444.792,1453.469,0,785.551,0,45.857,3216,2456,0.660,1.520,1.380,2,0,19.938,0,0,18,293,0,7,0
26-02 15:36:20,26.014,6.503,65.535,0.750,0.250,5141916,245496,180524,2444188,9624.170,1458.784,0,1188.639,0,72.039,3380,2856,0.660,1.520,1.380,2,0,20.011,0,0,18,293,0,7,0
26-02 15:36:21,25.259,7.253,65.274,0.750,0,5137336,249584,180524,2444596,8102.994,1458.539,0,1136.420,0,74.027,3351,2951,0.770,1.530,1.390,1,0,18.007,0,0,18,293,0,4,0
26-02 15:36:22,27.474,6.744,64.440,0.500,0,5136972,249184,180524,2445260,9914.796,1618.497,0,1758.368,0,198.815,3610,3303,0.770,1.530,1.390,2,0,16.984,0,0,18,293,0,4,0
26-02 15:36:23,24.836,6.021,67.482,0,0,5141448,242436,180568,2447172,8950.824,1463.038,0,666.295,0,19.066,3057,2653,0.770,1.530,1.390,1,0,12.041,0,0,18,293,0,4,0
26-02 15:36:24,24.163,4.235,68.253,2.242,0,5122984,257452,180676,2450084,6715.711,1452.746,111.596,749.290,14.946,44.838,2944,2738,0.770,1.530,1.390,4,0,7.971,0,0,18,293,0,4,0
26-02 15:36:25,21.763,2.501,71.291,3.002,0,5124164,255716,180676,2450192,10242.944,1458.847,108.063,0,27.016,0,2566,2516,0.770,1.530,1.390,5,0,4.002,0,0,18,293,0,4,0
26-02 15:36:26,18.261,9.506,69.040,2.501,0,5130500,193444,180696,2505732,11164.539,1458.854,56.033,5851.427,8.005,125.073,3994,4800,0.790,1.520,1.390,3,0,27.016,0,0,18,293,0,4,0
26-02 15:36:27,17.500,8.250,71.998,1.250,0,5151456,171316,180728,2505944,7259.836,1619.963,199.995,16.000,19.000,3.000,2709,2259,0.790,1.520,1.390,2,0,27.999,0,0,18,293,0,4,0
26-02 15:36:28,18.495,9.497,70.479,0.250,0,5153508,165392,180728,2507484,10139.036,1457.574,55.984,2855.165,2.999,25.992,2908,2433,0.790,1.520,1.390,5,0,21.994,0,0,18,293,0,4,0
26-02 15:36:29,23.069,3.260,72.716,0.251,0,5169976,148748,180732,2507656,9290.609,1191.541,172.513,4.012,8.024,1.003,2351,1761,0.790,1.520,1.390,2,0,12.036,0,0,18,293,0,4,0
26-02 15:36:30,21.676,3.986,71.507,1.495,0,5104380,275368,180768,2446596,8915.744,1291.617,51.824,302.972,9.966,16.943,2606,2153,0.790,1.520,1.390,3,0,13.953,0,0,18,293,0,4,0
26-02 15:36:31,1.749,1.749,95.170,0,0,5103608,276360,180768,2446484,8960.482,1456.778,0,71.940,0,5.995,1184,1546,0.720,1.490,1.380,0,0,3.997,0,0,18,293,0,4,0
26-02 15:36:32,2.002,0.751,96.362,0,0,5090072,289896,180768,2446484,6051.061,1459.703,0,128.150,0,14.016,1166,1778,0.720,1.490,1.380,1,0,0,0,0,18,293,0,4,0
26-02 15:36:33,1.751,1.000,96.036,0.250,0,5086012,293952,180768,2446488,10726.000,1458.544,0,896.334,0,161.060,1271,1654,0.720,1.490,1.380,1,0,1.000,0,0,18,293,0,4,0
26-02 15:36:34,1.250,0.750,96.969,0,0,5086012,293952,180768,2446488,9055.078,1457.530,0,123.960,0,1.000,1010,1422,0.720,1.490,1.380,1,0,0,0,0,18,293,0,4,0
26-02 15:36:35,2.000,0.750,96.259,0,0,5086232,293728,180768,2446492,10599.005,1608.152,0,124.012,0,14.001,1270,1734,0.720,1.490,1.380,1,0,0,0,0,18,293,0,4,0
26-02 15:36:36,2.000,1.000,96.268,0.250,0.250,5086232,293728,180768,2446492,8559.622,1458.276,0,256.049,0,23.004,1363,1963,0.660,1.470,1.370,2,0,0,0,0,18,293,0,4,0
26-02 15:36:37,2.000,0.500,96.246,0,0,5085976,293984,180768,2446492,10820.599,1511.944,0,19.999,0,2.000,1150,1564,0.660,1.470,1.370,1,0,0,0,0,18,293,0,4,0
26-02 15:36:38,1.750,1.000,96.009,0,0,5085972,293984,180768,2446496,7834.720,1458.134,0,120.011,0,12.001,1358,1981,0.660,1.470,1.370,1,0,0,0,0,18,293,0,4,0
26-02 15:36:39,1.500,0.750,96.745,0.250,0,5085972,293984,180768,2446496,7070.607,1457.919,0,2359.869,0,223.988,1124,1459,0.660,1.470,1.370,1,0,0,0,0,18,293,0,4,0
26-02 15:36:40,1.500,0.250,97.002,0,0,5085992,293984,180768,2446496,6113.110,1458.026,0,316.006,0,24.000,1056,1527,0.660,1.470,1.370,1,0,0,0,0,18,293,0,4,0
26-02 15:36:41,1.500,0.750,97.005,0,0,5085992,293984,180768,2446496,11385.529,1458.068,0,4.000,0,1.000,1077,1446,0.610,1.450,1.360,1,0,0,0,0,18,293,0,4,0
26-02 15:36:42,2.249,0.750,95.716,0,0,5085988,293984,180768,2446500,9585.593,1349.520,0,143.949,0,22.992,1439,2053,0.610,1.450,1.360,1,0,0,0,0,18,293,0,4,0
26-02 15:36:43,1.500,1.000,96.516,0.250,0,5086212,293760,180768,2446500,10397.748,1176.198,0,700.118,0,113.019,1286,1687,0.610,1.450,1.360,1,0,1.000,0,0,18,293,0,4,0
26-02 15:36:44,2.000,2.250,94.768,0,0,5086716,293256,180768,2446500,9867.849,1458.273,0,0,0,0,1280,1561,0.610,1.450,1.360,1,0,6.001,0,0,18,293,0,4,0
26-02 15:36:45,1.500,0.500,96.242,0,0,5086716,293256,180768,2446500,10855.079,1457.876,0,47.996,0,5.999,1093,1545,0.610,1.450,1.360,1,0,0,0,0,18,293,0,4,0
26-02 15:36:46,1.498,0.999,96.643,0,0,5086716,293256,180768,2446500,8640.441,1456.389,0,47.947,0,5.993,1088,1561,0.560,1.420,1.350,2,0,0,0,0,18,293,0,4,0
26-02 15:36:47,1.499,0.750,96.947,0.250,0,5086712,293256,180768,2446504,42224.875,1457.202,0,51.972,0,3.998,1138,1530,0.560,1.420,1.350,1,0,0,0,0,18,293,0,4,0
26-02 15:36:48,1.749,0.250,95.424,0,0,5086708,293256,180768,2446508,9151.728,1618.714,0,591.530,0,96.923,1372,1843,0.560,1.420,1.350,1,0,0,0,0,18,293,0,4,0
26-02 15:36:49,2.005,1.002,96.735,0.251,0,5086700,293256,180772,2446512,11266.312,1461.543,4.010,1094.654,1.002,19.046,1154,1507,0.560,1.420,1.350,1,0,0,0,0,18,293,0,4,0
26-02 15:36:50,1.747,0.998,96.350,0.250,0,5086700,293256,180772,2446512,10095.251,1455.729,0,187.707,0,11.981,1234,1771,0.560,1.420,1.350,1,0,0,0,0,18,293,0,4,0
26-02 15:36:51,2.502,1.251,96.083,0.250,0,5086700,293256,180772,2446512,12806.105,1459.265,0,240.208,0,22.019,1299,1834,0.520,1.400,1.350,1,0,0,0,0,18,293,0,4,0
26-02 15:36:52,1.500,0.500,96.280,0.250,0,5086700,293256,180772,2446512,8210.581,1620.509,0,84.026,0,12.004,1345,1930,0.520,1.400,1.350,1,0,0,0,0,18,293,0,4,0
26-02 15:36:53,2.751,0.750,95.781,0,0,5086696,293256,180772,2446516,11120.552,1458.466,0,32.010,0,4.001,1316,1757,0.520,1.400,1.350,1,0,1.000,0,0,18,293,0,4,0
26-02 15:36:54,1.250,0.750,96.754,0,0,5086696,293256,180772,2446516,9931.388,1458.057,0,340.013,0,75.003,1012,1410,0.520,1.400,1.350,2,0,0,0,0,18,293,0,4,0
26-02 15:36:55,3.239,0.997,94.170,0.498,0,5086680,293256,180776,2446524,7608.330,1452.907,3.986,5520.648,0.997,43.846,1422,1755,0.520,1.400,1.350,1,0,0,0,0,18,293,0,4,0
26-02 15:36:56,2.002,0.751,95.349,0,0,5086680,293256,180776,2446524,10157.534,1459.514,0,60.062,0,7.007,1408,1794,0.470,1.370,1.340,2,0,0,0,0,18,293,0,4,0
26-02 15:36:57,1.757,0.753,97.363,0,0,5086548,293256,180776,2446656,11003.009,1547.769,0,0,0,0,1158,1513,0.470,1.370,1.340,0,0,0,0,0,18,293,0,4,0
26-02 15:36:58,1.997,0.749,95.870,0,0,5086548,293256,180776,2446656,8795.072,1456.025,0,327.556,0,26.963,1392,2005,0.470,1.370,1.340,1,0,0,0,0,18,293,0,4,0
26-02 15:36:59,1.750,0.250,96.764,0,0,5086544,293256,180776,2446660,13687.943,1620.230,0,332.047,0,65.009,1159,1546,0.470,1.370,1.340,2,0,0,0,0,18,293,0,4,0
26-02 15:37:00,12.000,6.750,80.000,0,0,5075056,304736,180784,2446676,9581.973,1457.996,0,55935.844,0,62.000,2696,7776,0.470,1.370,1.340,1,0,36.000,0,0,18,293,0,5,0
26-02 15:37:01,16.006,5.252,70.026,7.253,0,5093064,284016,180992,2448572,10660.918,1458.536,2136.785,364.134,483.178,6.002,2893,3142,0.520,1.370,1.340,4,0,5.002,0,0,18,293,0,5,0
26-02 15:37:02,17.511,6.004,72.544,1.501,0,5100368,274860,181160,2448880,16207.853,8989.465,204.124,712.433,21.013,12.007,4375,5815,0.520,1.370,1.340,1,0,1.001,0,0,18,294,0,4,0
26-02 15:37:03,27.046,3.005,68.868,0.250,0,5107308,267804,181160,2449004,9908.951,3347.727,0,1771.030,0,97.166,3542,3643,0.520,1.370,1.340,1,0,1.002,0,0,18,297,0,4,1
26-02 15:37:04,17.454,4.488,75.801,0,0,5110548,264556,181160,2449012,12653.851,3822.985,0,1368.415,0,186.511,2487,2084,0.520,1.370,1.340,1,0,4.987,0,0,18,298,0,5,0
26-02 15:37:05,19.527,2.003,77.609,0.250,0,5121436,253524,181160,2449156,16834.613,8868.439,0,340.478,0,15.021,2476,2349,0.520,1.370,1.340,1,0,0,0,0,18,302,0,5,0
26-02 15:37:06,20.199,4.489,73.564,0.499,0,5123144,251792,181160,2449180,11636.543,4139.521,15.960,315.202,0.997,36.907,2655,2674,0.640,1.380,1.340,1,0,4.987,0,0,18,302,0,4,0
26-02 15:37:07,15.748,3.499,78.989,0,0,5110224,264492,181160,2449400,19302.205,9940.561,0,211.969,0,19.997,2834,2842,0.640,1.380,1.340,3,0,6.999,0,0,18,301,0,5,0
26-02 15:37:08,15.767,3.754,79.837,0.250,0,5128356,246348,181160,2449412,18036.739,9637.547,0,220.241,0,20.022,2327,2311,0.640,1.380,1.340,2,0,0,0,0,18,302,0,5,0
26-02 15:37:09,19.014,4.253,75.054,0.250,0,5132464,242104,181160,2449548,13697.916,4425.203,0,236.171,0,24.017,2630,2387,0.640,1.380,1.340,1,0,5.004,0,0,18,302,0,6,0
26-02 15:37:10,14.965,2.993,80.564,0.249,0,5133460,241096,181160,2449560,17582.411,9856.247,0,1320.951,0,116.731,2679,2680,0.640,1.380,1.340,2,0,4.988,0,0,18,301,0,7,0
26-02 15:37:11,13.505,3.001,82.282,0.250,0.250,5141124,233284,181160,2449708,16660.561,11151.392,0,128.050,0,9.004,2222,2197,0.670,1.370,1.340,2,0,0,0,0,18,302,0,7,0
26-02 15:37:12,52.053,7.257,40.041,0,0,4918032,456372,181160,2449716,11043.276,2277.325,0,196.200,0,24.025,4425,3034,0.670,1.370,1.340,1,0,20.020,0,0,18,293,0,10,0
26-02 15:37:13,49.442,7.991,41.701,0,0,5008808,365500,181160,2449892,8714.848,1498.255,0,107.874,0,6.992,3624,2275,0.670,1.370,1.340,4,0,7.991,0,0,18,293,0,10,0
26-02 15:37:14,84.701,6.786,8.546,0,0,4990608,383696,181160,2449904,10976.451,1614.598,0,76.407,0,6.032,4956,2840,0.670,1.370,1.340,4,0,4.021,0,0,18,289,0,12,0
26-02 15:37:15,68.098,9.693,20.628,0.249,0,5062116,311828,181160,2450288,10009.945,1556.815,0,3793.619,0,479.173,4887,3499,0.670,1.370,1.340,4,0,4.971,0,0,18,293,0,11,0
26-02 15:37:16,39.298,6.007,52.815,0,0,5014196,358492,181160,2451592,11577.263,1459.798,0,380.469,0,28.035,6986,9669,0.850,1.400,1.350,2,0,7.009,0,0,18,289,0,17,0
26-02 15:37:17,23.497,3.750,72.241,0,0,5052628,320060,181160,2451592,42411.515,1457.811,0,3.999,0,1.000,2338,1776,0.850,1.400,1.350,2,0,1.000,0,0,18,289,0,17,0
26-02 15:37:18,23.518,3.753,71.054,0.250,0,5082384,289316,181160,2452580,9254.979,1459.100,0,156.118,0,16.012,4093,6235,0.850,1.400,1.350,1,0,0,0,0,18,293,0,19,0
26-02 15:37:19,1.000,1.000,96.758,0,0,5082608,289092,181160,2452580,8304.658,1458.115,0,596.047,0,31.002,1188,1660,0.850,1.400,1.350,2,0,0,0,0,18,293,0,19,0
26-02 15:37:20,2.500,0.750,95.765,0.500,0,5081328,290360,181160,2452592,10769.717,1512.241,0,176.028,0,25.004,1546,2308,0.850,1.400,1.350,1,0,0,0,0,18,293,0,19,0
26-02 15:37:21,1.993,0.498,95.420,0.498,0,5081580,290108,181160,2452592,10106.093,1560.610,0,546.114,0,46.838,1489,2159,0.780,1.380,1.340,1,0,0,0,0,18,293,0,19,0
26-02 15:37:22,2.257,0.752,96.068,0,0,5079204,292480,181160,2452596,10619.133,1462.840,0,88.292,0,12.040,1328,1851,0.780,1.380,1.340,1,0,0,0,0,18,293,0,19,0
26-02 15:37:23,1.500,0.750,97.004,0,0,5079448,292232,181160,2452600,9999.415,1458.060,0,8.000,0,2.000,1146,1528,0.780,1.380,1.340,1,0,1.000,0,0,18,293,0,19,0
26-02 15:37:24,1.500,0.500,96.751,0,0,5079448,292232,181160,2452600,10263.066,1512.010,0,44.000,0,3.000,1126,1517,0.780,1.380,1.340,1,0,0,0,0,18,293,0,19,0
26-02 15:37:25,1.000,0.750,97.000,0.250,0,5079448,292232,181160,2452600,7015.001,1566.000,0,304.000,0,23.000,1144,1641,0.780,1.380,1.340,1,0,0,0,0,18,293,0,19,0
26-02 15:37:26,1.500,0.250,96.496,0,0,5079448,292232,181160,2452600,8662.656,1457.942,0,0,0,0,1035,1469,0.720,1.350,1.330,2,0,1.000,0,0,18,293,0,19,0
26-02 15:37:27,1.750,0.500,97.002,0,0,5079448,292232,181160,2452600,8047.149,1512.028,0,0,0,0,1079,1523,0.720,1.350,1.330,1,0,0,0,0,18,293,0,19,0
26-02 15:37:28,1.250,0.750,97.246,0,0,5079668,292008,181160,2452604,11575.583,1457.947,0,0,0,0,1093,1517,0.720,1.350,1.330,1,0,0,0,0,18,293,0,19,0
26-02 15:37:29,2.000,0.500,96.756,0,0,5079668,292008,181160,2452604,9624.550,1458.083,0,4.000,0,1.000,1061,1461,0.720,1.350,1.330,1,0,0,0,0,18,293,0,19,0
26-02 15:37:30,1.499,1.249,95.426,0.749,0,5079668,292008,181160,2452604,10299.018,1456.871,0,7773.975,0,951.263,1547,1932,0.720,1.350,1.330,1,0,0,0,0,18,293,0,19,0
26-02 15:37:31,1.500,1.000,96.499,0,0,5079668,292008,181160,2452604,9858.938,1457.991,0,48.000,0,6.000,1114,1530,0.820,1.360,1.340,1,0,0,0,0,18,293,0,19,0
26-02 15:37:32,2.251,1.001,96.061,0,0,5079668,292008,181160,2452604,10932.895,1458.920,0,212.134,0,24.015,1360,1935,0.820,1.360,1.340,3,0,0,0,0,18,293,0,19,0
26-02 15:37:33,1.500,0.750,96.237,0.250,0,5079664,292008,181160,2452608,8250.843,1565.780,0,223.969,0,14.998,1210,1608,0.820,1.360,1.340,1,0,1.000,0,0,18,293,0,19,0
26-02 15:37:34,2.000,0.750,95.751,0,0,5079664,292008,181160,2452608,6821.045,1458.010,0,92.001,0,12.000,1333,1886,0.820,1.360,1.340,2,0,0,0,0,18,293,0,19,0
26-02 15:37:35,2.250,1.000,96.229,0.250,0,5079660,292008,181160,2452612,10042.775,1499.668,0,83.981,0,13.997,1336,1840,0.820,1.360,1.340,1,0,0,0,0,18,293,0,19,0
26-02 15:37:36,2.001,1.251,95.295,0,0,5080416,291252,181160,2452612,9799.632,1080.511,0,484.229,0,38.018,1474,2031,0.760,1.340,1.330,2,0,5.002,0,0,18,293,0,19,0
26-02 15:37:37,39.367,13.791,42.627,3.761,0,4823980,547328,181172,2453008,7154.330,1646.910,381.136,4.012,30.090,1.003,4557,2943,0.760,1.340,1.330,1,0,67.200,0,0,18,289,0,21,0
26-02 15:37:38,23.177,4.486,71.027,0,0,4763148,608208,181172,2452988,11435.048,1678.722,71.774,0,4.984,0,2375,1922,0.760,1.340,1.330,2,0,7.975,0,0,18,289,0,21,0
26-02 15:37:39,23.507,3.501,71.770,0.500,0,4821740,549388,181172,2453216,9817.734,1958.545,156.043,304.085,19.005,15.004,2289,1805,0.760,1.340,1.330,2,0,2.001,0,0,18,289,0,21,0
26-02 15:37:40,23.750,6.250,68.500,0.250,0,4869288,500828,181172,2454248,10823.036,1458.005,172.001,0,12.000,0,3195,3915,0.760,1.340,1.330,3,0,16.000,0,0,18,293,0,23,0
26-02 15:37:41,22.494,5.499,71.731,0.250,0,4928872,441276,181172,2454248,9565.433,1457.609,0,187.950,0,44.988,2405,1743,0.780,1.330,1.330,2,0,4.999,0,0,18,293,0,23,0
26-02 15:37:42,23.980,2.997,70.940,0,0,4947092,422880,181172,2454424,7337.786,1638.612,0,179.848,0,15.986,2455,2182,0.780,1.330,1.330,2,0,0,0,0,18,293,0,23,0
26-02 15:37:43,4.254,1.752,93.587,0.250,0,4954028,415928,181172,2454440,11609.741,1081.000,0,232.215,0,15.014,1441,1772,0.780,1.330,1.330,1,0,2.002,0,0,18,293,0,23,0
26-02 15:37:44,2.500,1.750,94.249,0.250,0,4951132,418836,181172,2454444,8905.942,1445.991,0,95.999,0,12.000,1346,1691,0.780,1.330,1.330,2,0,6.000,0,0,18,293,0,23,0
26-02 15:37:45,1.500,0.750,96.739,0.250,0,4949292,420676,181172,2454444,11172.678,1457.827,0,243.971,0,6.999,1141,1582,0.780,1.330,1.330,1,0,0,0,0,18,293,0,23,0
26-02 15:37:46,1.750,1.250,95.239,0,0,4946348,423620,181172,2454444,10783.771,1619.815,0,5815.337,0,620.929,1919,1710,0.710,1.310,1.320,1,0,2.000,0,0,18,293,0,23,0
26-02 15:37:47,2.250,1.000,95.742,0.250,0,4942628,427328,181172,2454456,47022.950,1547.867,0,123.989,0,13.999,1405,1785,0.710,1.310,1.320,1,0,0,0,0,18,293,0,23,0
26-02 15:37:48,1.246,0.747,96.164,0,0.249,4940496,429460,181172,2454456,8682.626,1452.917,0,271.052,0,17.937,1228,1779,0.710,1.310,1.320,1,0,0,0,0,18,293,0,23,0
26-02 15:37:49,1.753,0.751,96.683,0,0,4938624,431328,181172,2454460,7299.789,1460.759,0,52.098,0,7.013,1100,1510,0.710,1.310,1.320,1,0,0,0,0,18,293,0,23,0
26-02 15:37:50,1.751,1.000,96.288,0.250,0,4937472,432480,181172,2454460,7209.879,1598.638,0,84.034,0,12.005,1239,1828,0.710,1.310,1.320,1,0,0,0,0,18,293,0,23,0
26-02 15:37:51,2.483,0.993,95.113,0.248,0,4936704,433244,181172,2454464,11064.838,1448.293,0,266.216,0,23.840,1339,1930,0.660,1.290,1.310,1,0,0,0,0,18,293,0,23,0
26-02 15:37:52,2.254,1.002,94.665,0.501,0,4935828,434116,181172,2454468,11459.995,1622.832,0,320.559,0,27.047,1495,2303,0.660,1.290,1.310,1,0,0,0,0,18,293,0,23,0
26-02 15:37:53,1.258,0.755,97.643,0,0,4935476,434468,181172,2454468,12134.867,1467.660,0,8.053,0,2.013,1174,1588,0.660,1.290,1.310,2,0,1.007,0,0,18,293,0,23,0
26-02 15:37:54,1.500,0.500,96.495,0,0,4935328,434616,181172,2454468,9936.530,1457.931,0,0,0,0,1052,1485,0.660,1.290,1.310,1,0,0,0,0,18,293,0,23,0
26-02 15:37:55,1.489,0.496,96.509,0,0,4935416,434528,181172,2454468,10631.416,1446.897,0,353.289,0,22.825,1140,1596,0.660,1.290,1.310,1,0,0,0,0,18,293,0,23,0
26-02 15:37:56,2.015,0.756,96.976,0,0,4935416,434528,181172,2454468,10367.609,1632.218,0,36.272,0,3.023,1230,1693,0.600,1.270,1.310,1,0,0,0,0,18,293,0,23,0
26-02 15:37:57,1.739,1.491,94.658,0.745,0,4935416,434528,181172,2454468,7351.001,1538.374,0,1951.787,0,95.403,1411,2009,0.600,1.270,1.310,2,0,0,0,0,18,293,0,23,0
26-02 15:37:58,1.759,0.251,97.483,0,0,4935416,434528,181172,2454468,6970.502,1507.462,0,16.080,0,2.010,1119,1546,0.600,1.270,1.310,1,0,0,0,0,18,293,0,23,0
26-02 15:37:59,0.998,0.998,96.795,0,0,4935412,434528,181172,2454472,13714.933,1454.916,0,3.992,0,0.998,1155,1474,0.600,1.270,1.310,2,0,0,0,0,18,293,0,23,0
26-02 15:38:00,12.294,5.018,81.541,0,0,4937672,432268,181172,2454548,21196.532,1625.793,0,60.215,0,6.021,2768,7824,0.600,1.270,1.310,1,0,36.129,0,0,18,293,0,24,0
26-02 15:38:01,3.495,1.498,93.613,0,0,4935436,434496,181172,2454480,8571.457,916.659,0,690.989,0,131.807,1612,1962,0.560,1.250,1.300,2,0,0,0,0,18,293,0,24,0
26-02 15:38:02,9.762,5.006,83.353,0,0,4937076,432692,181172,2454644,7583.392,594.737,0,88.109,0,12.015,4055,5569,0.560,1.250,1.300,1,0,1.001,0,0,18,295,0,24,0
26-02 15:38:03,16.428,2.987,78.656,0.249,0,4935584,434040,181172,2454788,10110.801,1559.184,63.721,250.903,3.983,14.935,3070,3160,0.560,1.250,1.300,4,0,0.996,0,0,18,296,0,26,0
26-02 15:38:04,4.772,1.256,93.180,0,0,4934296,435256,181172,2454860,11218.822,1464.766,0,136.631,0,16.074,1784,2122,0.560,1.250,1.300,1,0,0,0,0,18,295,0,24,0
26-02 15:38:05,1.749,0.750,95.712,0.250,0,4933288,436256,181172,2454868,6537.413,1457.423,0,91.964,0,12.995,1342,1939,0.560,1.250,1.300,2,0,0,0,0,18,295,0,24,0
26-02 15:38:06,2.251,1.000,95.773,0,0,4931968,437576,181172,2454868,8296.987,1598.383,0,80.019,0,12.003,1379,2010,0.510,1.230,1.290,1,0,0,0,0,18,295,0,24,0
26-02 15:38:07,1.250,1.000,96.728,0,0,4931060,438480,181176,2454868,11905.296,1547.649,0,235.946,0,8.998,1075,1543,0.510,1.230,1.290,2,0,0,0,0,18,295,0,24,0
26-02 15:38:08,7.995,15.990,73.953,0.250,0,4931076,438448,181176,2454884,10323.390,1457.067,0,143.908,0,8.994,4605,3505,0.510,1.230,1.290,2,0,218.860,0,0,18,295,0,22,0
26-02 15:38:09,16.764,10.759,71.058,0.500,0,4961732,407784,181176,2454892,10526.574,1621.321,0,324.264,0,21.017,3409,2642,0.510,1.230,1.290,2,0,92.075,0,0,18,295,0,22,0
26-02 15:38:10,19.252,2.000,77.508,0,0,5003020,366496,181176,2454892,11239.154,3849.395,0,0,0,0,2044,1707,0.510,1.230,1.290,2,0,0,0,0,18,296,0,22,0
26-02 15:38:11,18.499,2.750,77.495,0,0,5005272,364228,181176,2454908,19037.703,9121.379,0,359.975,0,38.997,2860,2907,0.550,1.220,1.290,2,0,0,0,0,18,296,0,24,0
26-02 15:38:12,26.465,5.743,64.666,0.749,0,5003512,365700,181176,2455196,9264.920,1456.101,239.687,751.021,13.982,102.866,5595,7316,0.550,1.220,1.290,3,0,0.999,0,0,18,296,0,21,0
26-02 15:38:13,44.489,8.043,45.243,1.005,0,5076568,292600,181308,2455108,8265.394,2718.602,180.972,474.549,6.032,50.270,4111,3473,0.550,1.220,1.290,4,0,27.146,0,0,18,295,0,22,0
26-02 15:38:14,31.074,6.215,61.153,0,0,5113832,255052,181308,2455392,18881.928,9951.569,111.368,23.865,4.972,2.983,3011,2089,0.550,1.220,1.290,5,0,3.977,0,0,18,296,0,23,0
26-02 15:38:15,24.294,3.757,70.377,0.250,0,5139924,228912,181308,2455440,30402.920,23793.982,0,2989.400,0,162.293,3727,3828,0.550,1.220,1.290,1,0,0,0,0,18,297,0,29,0
26-02 15:38:16,11.498,17.246,69.985,0.250,0,5115772,253048,181308,2455456,13172.176,7358.422,0,2115.546,0,349.925,5094,3739,0.590,1.220,1.290,2,0,214.954,0,0,18,295,0,22,0
26-02 15:38:17,7.997,18.993,70.972,0.250,0,5103692,265112,181308,2455472,45522.052,2021.203,0,527.792,0,77.969,5000,3664,0.590,1.220,1.290,1,0,219.913,0,0,18,296,0,22,0
26-02 15:38:18,16.799,7.522,74.720,0.251,0,5095176,273608,181308,2455492,19867.442,2011.918,0,228.673,0,12.035,2790,2353,0.590,1.220,1.290,2,0,38.112,0,0,18,295,0,24,0
26-02 15:38:19,21.679,3.987,72.014,0.498,0,5126076,242620,181312,2455572,10225.464,1130.293,71.765,0,3.987,0,2199,1764,0.590,1.220,1.290,2,0,1.993,0,0,18,295,0,24,0
26-02 15:38:20,23.748,3.500,71.744,0,0,5164884,203808,181312,2455576,9567.239,1511.880,0,387.969,0,11.999,2280,1921,0.590,1.220,1.290,3,0,0,0,0,18,295,0,22,0
26-02 15:38:21,24.369,2.735,71.117,0.746,0,5184088,180184,181532,2459288,7489.612,1450.180,35.807,954.851,5.968,23.871,2522,2314,0.620,1.210,1.290,2,0,0,0,0,18,295,0,22,0
26-02 15:38:22,22.859,4.773,70.839,0.251,0,5223972,163088,181328,2436884,9146.714,596.852,0,156.749,0,15.072,2435,2178,0.620,1.210,1.290,3,0,3.014,0,0,18,295,0,22,0
26-02 15:38:23,26.513,5.253,66.033,0.250,0,5224080,162684,181328,2437180,10534.260,1458.728,16.008,816.408,1.000,69.034,5451,6507,0.620,1.210,1.290,2,0,2.001,0,0,18,296,0,22,0
26-02 15:38:24,25.412,4.485,67.019,0.498,0,5205080,181632,181328,2437232,10206.774,1560.614,0,601.923,0,76.735,5618,6984,0.620,1.210,1.290,2,0,0,0,0,18,300,0,24,0
26-02 15:38:25,24.381,3.268,70.126,1.508,0,5206164,179900,181328,2437880,8585.072,1465.867,739.971,643.453,48.259,82.442,3685,4169,0.620,1.210,1.290,3,0,0,0,0,18,301,0,24,0
26-02 15:38:26,28.341,4.475,62.399,1.989,0,5215876,169464,181328,2438608,11581.933,1503.553,175.017,3914.011,10.939,311.251,4874,6142,0.650,1.210,1.290,3,0,0.994,0,0,18,306,0,27,0
26-02 15:38:27,3.764,1.004,93.586,0,0,5210408,174924,181328,2438616,10665.259,1463.249,0,622.232,0,39.140,1441,1779,0.650,1.210,1.290,1,0,1.004,0,0,18,304,0,27,0
26-02 15:38:28,23.089,3.972,69.019,1.738,0,5201688,183328,181328,2438932,8398.471,1555.162,95.336,1112.249,5.958,160.879,5160,6488,0.650,1.210,1.290,3,0,0,0,0,18,307,0,27,0
26-02 15:38:29,25.253,5.808,66.415,1.515,0,5197920,187052,181328,2438976,8552.673,1472.753,0,2404.082,0,232.327,5540,7495,0.650,1.210,1.290,2,0,0,0,0,18,307,0,27,0
26-02 15:38:30,25.199,3.992,65.617,1.497,0,5195360,189328,181328,2439260,10868.038,1508.951,15.968,2838.265,0.998,249.496,5990,7921,0.650,1.210,1.290,2,0,0,0,0,18,307,0,27,0
26-02 15:38:31,24.547,4.258,67.881,1.252,0,5193268,191228,181328,2439452,11503.130,1460.810,0,4588.828,0,588.131,5502,6355,0.840,1.240,1.290,2,0,0,0,0,18,308,0,27,0
26-02 15:38:32,19.961,4.491,71.611,1.497,0,5190748,193640,181328,2439560,9530.531,1455.180,31.938,1700.704,1.996,220.573,4722,6277,0.840,1.240,1.290,1,0,0,0,0,18,306,0,28,0
26-02 15:38:33,9.239,1.998,87.646,0.749,0,5188612,195748,181328,2439588,6677.044,1456.265,0,2129.463,0,139.833,2296,2957,0.840,1.240,1.290,7,1,0.999,0,0,18,308,0,28,0
26-02 15:38:34,24.016,5.254,65.795,2.001,0,5186892,197392,181328,2439664,10572.177,1458.990,0,5879.992,0,403.274,5906,7836,0.840,1.240,1.290,2,0,0,0,0,18,307,0,29,0
26-02 15:38:35,26.239,4.998,63.974,2.249,0,5183436,200776,181328,2439736,10220.874,1457.412,31.987,1939.217,1.000,253.898,6080,8169,0.840,1.240,1.290,2,0,0,0,0,18,307,0,30,0
26-02 15:38:36,24.254,4.251,68.011,0.750,0,5182948,201040,181328,2439960,6755.133,1458.245,0,1436.241,0,112.019,5429,6829,0.850,1.240,1.290,3,0,0,0,0,18,307,0,30,0
26-02 15:38:37,23.990,4.248,69.471,0.250,0,5182400,201532,181328,2440016,7708.773,1597.331,0,383.839,0,47.980,4718,5707,0.850,1.240,1.290,3,0,0,0,0,18,307,0,30,0
26-02 15:38:38,8.259,2.753,85.341,1.502,0.250,5189216,194532,181328,2440200,13026.847,1459.551,0,2438.592,0,199.212,3180,4675,0.850,1.240,1.290,1,0,0,0,0,18,306,0,32,0
26-02 15:38:39,20.226,2.996,73.411,1.248,0,5189076,194628,181328,2440244,11582.978,1456.237,0,1314.409,0,154.813,4797,6161,0.850,1.240,1.290,3,0,0,0,0,18,307,0,32,0
26-02 15:38:40,25.510,5.752,65.276,1.501,0,5189012,194604,181328,2440332,8891.552,594.237,0,2272.908,0,224.090,5662,7366,0.850,1.240,1.290,2,1,2.001,0,0,18,307,0,32,0
26-02 15:38:41,24.757,4.001,67.268,1.500,0,5189092,194352,181332,2440500,8880.424,1512.413,0,2308.630,0,196.054,5408,6925,0.940,1.250,1.300,4,0,0,0,0,18,307,0,28,0
26-02 15:38:42,25.265,4.252,67.789,0.750,0,5189736,193596,181332,2440612,10527.059,1566.902,0,1028.592,0,104.060,5288,6608,0.940,1.250,1.300,2,0,0,0,0,18,307,0,28,0
26-02 15:38:43,24.726,5.495,66.186,1.998,0,5190196,193092,181332,2440656,12322.135,1456.597,0,5646.563,0,360.653,5831,7274,0.940,1.250,1.300,2,0,0.999,0,0,18,307,0,28,0
26-02 15:38:44,25.472,6.493,63.931,1.249,0,5190408,192688,181332,2440848,7008.381,1498.371,0,1054.853,0,155.831,5578,7253,0.940,1.250,1.300,2,0,5.993,0,0,18,307,0,28,0
26-02 15:38:45,24.283,4.256,67.092,1.502,0,5190564,192436,181332,2440944,11143.332,1460.009,0,2074.855,0,192.265,5652,7378,0.940,1.250,1.300,2,0,0,0,0,18,307,0,28,0
26-02 15:38:46,23.518,4.504,68.304,0.500,0,5191108,191680,181332,2441156,8721.854,1459.147,0,916.720,0,79.062,5129,6488,0.950,1.240,1.290,3,0,0,0,0,18,307,0,28,0
26-02 15:38:47,13.240,3.247,81.686,0.250,0,5191332,191428,181332,2441184,42185.857,1456.855,0,455.642,0,38.969,3427,4171,0.950,1.240,1.290,2,0,2.998,0,0,18,310,0,29,0
26-02 15:38:48,14.504,2.501,80.273,1.000,0,5191288,191428,181332,2441228,11515.293,1512.433,0,808.231,0,98.028,3851,5078,0.950,1.240,1.290,3,0,0,0,0,18,310,0,29,0
26-02 15:38:49,24.975,5.245,65.435,1.499,0,5191228,191428,181332,2441288,10319.676,1456.543,0,1798.201,0,219.780,5926,7957,0.950,1.240,1.290,2,0,0,0,0,18,310,0,29,0
26-02 15:38:50,25.780,5.757,64.076,2.253,0,5190992,191428,181332,2441524,9606.327,973.147,0,1934.281,0,242.286,6396,8812,0.950,1.240,1.290,3,0,0,0,0,18,310,0,29,0
26-02 15:38:51,24.251,4.750,68.503,0.250,0,5191944,190420,181332,2441580,8336.357,1458.062,0,1192.051,0,107.005,5161,6345,0.950,1.240,1.290,1,0,0,0,0,18,310,0,29,0
26-02 15:38:52,24.230,5.246,65.696,1.749,0,5188516,193744,181332,2441684,9617.023,1456.792,0,12301.797,0,925.233,6396,7160,0.950,1.240,1.290,3,0,0,0,0,18,311,0,29,0
26-02 15:38:53,17.568,3.712,73.490,2.474,0,5188680,193240,181332,2442024,12984.639,1443.068,285.050,6845.168,15.836,452.320,4506,6206,0.950,1.240,1.290,1,0,0.990,0,0,18,309,0,30,0
26-02 15:38:54,9.858,2.022,86.700,0.758,0,5189176,192736,181332,2442032,10896.416,1637.951,84.931,594.515,5.055,58.643,2321,2839,0.950,1.240,1.290,2,0,0,0,0,18,310,0,30,0
26-02 15:38:55,15.257,3.001,79.534,1.251,0,5189348,192232,181332,2442364,7323.138,1620.695,16.007,1368.586,1.000,140.060,3647,4935,0.950,1.240,1.290,1,0,0,0,0,18,309,0,30,0
26-02 15:38:56,11.980,1.997,83.611,0.499,0,5190356,191224,181332,2442364,10466.593,1659.241,0,579.037,0,64.892,2665,3170,0.880,1.220,1.290,3,0,0,0,0,18,310,0,30,0
26-02 15:38:57,10.516,2.003,85.130,0.751,0,5191276,190216,181332,2442452,10262.661,1460.228,0,1013.547,0,104.159,2948,4009,0.880,1.220,1.290,1,0,0,0,0,18,309,0,30,0
26-02 15:38:58,16.770,2.753,77.343,1.252,0.501,5191516,189964,181332,2442464,11052.300,1621.952,0,1081.301,0,134.161,4220,5587,0.880,1.220,1.290,2,0,0,0,0,18,310,0,31,0
26-02 15:38:59,24.214,5.492,65.652,1.248,0.250,5191248,189964,181332,2442732,9397.922,1455.819,0,1753.373,0,200.699,5561,7321,0.880,1.220,1.290,2,0,0,0,0,18,310,0,31,0
26-02 15:39:00,30.730,6.995,57.962,2.249,0,5227468,153684,181332,2444880,6860.524,1457.049,0,2814.164,0,326.787,6656,10070,0.880,1.220,1.290,3,0,33.978,0,0,18,310,0,31,0
26-02 15:39:01,30.556,7.204,56.392,2.981,0,5213696,167288,181336,2442940,9925.041,1609.788,0,6403.380,0,462.069,6830,12825,1.290,1.300,1.310,2,0,1.987,0,0,18,310,0,31,0
26-02 15:39:02,25.186,4.785,67.497,1.007,0,5192264,188524,181336,2443136,8792.803,1468.825,0,4158.649,0,493.638,5491,6679,1.290,1.300,1.310,3,0,0,0,0,18,310,0,32,0
26-02 15:39:03,25.784,5.257,66.839,0.751,0,5192960,187768,181336,2443196,11064.709,1459.941,0,656.873,0,68.091,5507,6502,1.290,1.300,1.310,7,0,1.001,0,0,18,311,0,32,0
26-02 15:39:04,14.477,5.741,76.378,0.250,0,5195824,184748,181336,2443352,11476.616,1509.582,0,1006.388,0,89.856,4729,6836,1.290,1.300,1.310,1,0,0.998,0,0,18,309,0,32,0
26-02 15:39:05,21.459,4.492,71.116,0.749,0,5195656,184852,181340,2443412,11486.299,1563.047,0,978.152,0,125.762,4685,5835,1.290,1.300,1.310,9,0,0,0,0,18,310,0,32,0
26-02 15:39:06,28.193,5.988,61.127,2.744,0,5195256,185008,181340,2443656,9916.085,1455.078,0,2730.516,0,313.371,6799,9391,1.260,1.290,1.310,2,0,0,0,0,18,310,0,32,0
26-02 15:39:07,26.829,5.265,62.684,2.006,0,5195412,184756,181340,2443752,8679.541,1353.984,0,3710.920,0,356.048,6424,8799,1.260,1.290,1.310,2,0,0,0,0,18,310,0,32,0
26-02 15:39:08,24.764,5.003,67.289,1.001,0,5195332,184756,181340,2443832,8062.675,1134.658,32.019,2877.669,1.001,163.095,5464,6971,1.260,1.290,1.310,3,0,0,0,0,18,310,0,33,0
26-02 15:39:09,24.496,4.999,65.489,2.250,0,5195100,184756,181340,2444064,10000.340,1457.758,0,6162.977,0,392.935,5997,8057,1.260,1.290,1.310,2,0,0,0,0,18,310,0,35,0
26-02 15:39:10,24.992,4.499,67.728,1.500,0,5195276,184504,181340,2444140,8479.216,1511.504,0,1467.518,0,159.947,5579,7074,1.260,1.290,1.310,3,0,0,0,0,18,310,0,37,0
26-02 15:39:11,24.708,4.742,66.137,1.248,0,5195332,184252,181340,2444336,12449.750,1455.516,0,1589.287,0,184.685,5605,7367,1.320,1.310,1.310,5,0,0,0,0,18,310,0,37,0
26-02 15:39:12,27.161,5.980,62.297,2.492,0,5195224,184252,181340,2444444,9204.934,1507.077,0,2671.275,0,330.919,6514,9038,1.320,1.310,1.310,8,0,0.997,0,0,18,310,0,37,0
26-02 15:39:13,24.943,4.787,67.774,0.756,0,5195420,184000,181340,2444500,10715.857,1566.109,0,1269.818,0,115.896,5490,6967,1.320,1.310,1.310,3,0,1.008,0,0,18,309,0,34,0
26-02 15:39:14,24.447,4.490,67.854,1.247,0,5196200,182992,181340,2444728,10610.104,1548.658,0,1197.416,0,99.785,5399,6709,1.320,1.310,1.310,2,0,0,0,0,18,309,0,34,0
26-02 15:39:15,23.982,4.497,67.950,0.749,0,5196624,182488,181340,2444808,6521.196,1456.927,0,1319.028,0,121.910,4797,5787,1.320,1.310,1.310,3,1,0,0,0,18,310,0,35,0
26-02 15:39:16,23.501,6.250,64.504,3.000,0,5196392,182488,181340,2445040,7289.405,1620.090,32.002,6380.354,1.000,467.026,6695,9307,1.300,1.300,1.310,1,1,0,0,0,18,310,0,35,0
26-02 15:39:17,25.024,5.255,65.564,2.002,0,5196580,182236,181340,2445104,45905.519,1459.415,0,2013.953,0,274.266,6386,8806,1.300,1.300,1.310,2,0,0,0,0,18,310,0,25,0
26-02 15:39:18,24.749,4.750,66.996,1.000,0,5196736,181984,181340,2445200,8693.526,1457.921,0,1251.932,0,147.992,5507,6993,1.300,1.300,1.310,3,0,0,0,0,18,310,0,25,0
26-02 15:39:19,23.477,3.996,68.683,0.999,0,5197552,180976,181340,2445392,10447.734,1456.569,0,979.038,0,96.905,5261,6551,1.300,1.300,1.310,2,0,0,0,0,18,310,0,25,0
26-02 15:39:20,25.024,4.504,67.565,1.001,0,5197500,180976,181340,2445444,8788.429,1459.400,0,1141.094,0,128.123,5482,7033,1.300,1.300,1.310,5,0,0,0,0,18,309,0,26,0
26-02 15:39:21,1.747,0.998,95.087,0.250,0,5197464,180976,181340,2445480,11932.560,1563.322,0,782.659,0,54.906,1660,2442,1.190,1.280,1.300,2,0,0,0,0,18,310,0,26,0
26-02 15:39:22,17.035,2.505,76.910,1.754,0,5197416,180976,181344,2445524,9813.384,1515.147,16.033,1883.913,1.002,209.435,4263,5819,1.190,1.280,1.300,1,0,0,0,0,18,309,0,25,0
26-02 15:39:23,10.708,2.490,83.921,0.996,0,5198008,180312,181344,2445596,7926.905,1452.303,0,7797.413,0,892.499,3364,3831,1.190,1.280,1.300,3,0,0.996,0,0,18,310,0,26,0
26-02 15:39:24,24.788,6.260,64.850,3.005,0,5198032,180060,181344,2445824,10333.922,1460.250,0,6502.018,0,464.716,6352,8822,1.190,1.280,1.300,2,0,0,0,0,18,310,0,26,0
26-02 15:39:25,24.536,5.508,65.346,1.753,0,5197956,180060,181344,2445900,6644.735,1568.298,0,2595.803,0,294.431,6412,8940,1.190,1.280,1.300,2,0,0,0,0,18,310,0,26,0
26-02 15:39:26,24.271,4.254,67.809,1.251,0,5197972,179808,181344,2446136,7119.186,1459.268,0,1253.089,0,138.120,5474,6959,1.180,1.270,1.300,2,0,0,0,0,18,310,0,24,0
26-02 15:39:27,24.219,4.994,68.414,0.749,0,5198684,179052,181344,2446180,11929.925,1510.092,0,978.763,0,89.886,5381,6672,1.180,1.270,1.300,3,0,0,0,0,18,310,0,24,0
26-02 15:39:28,24.774,3.754,68.317,1.001,0,5198840,178800,181344,2446276,10128.915,1459.429,32.031,1433.403,1.001,148.145,5151,6372,1.180,1.270,1.300,1,0,0,0,0,18,311,0,24,0
26-02 15:39:29,2.748,0.999,94.928,0.250,0,5198812,178800,181344,2446304,10198.286,1456.898,0,1035.217,0,60.954,1490,2080,1.180,1.270,1.300,1,0,0,0,0,18,312,0,24,0
26-02 15:39:30,22.521,5.255,67.564,1.501,0.250,5198612,178800,181344,2446504,11060.430,1459.376,0,1629.537,0,173.163,5402,6968,1.180,1.270,1.300,2,0,0,0,0,18,312,0,21,0
26-02 15:39:31,25.745,5.499,64.238,2.000,0,5198732,178548,181344,2446636,7981.497,1565.705,0,2407.547,0,295.944,6412,8872,1.160,1.270,1.300,4,0,0,0,0,18,312,0,21,0
26-02 15:39:32,25.973,5.494,61.685,3.496,0,5198692,178548,181344,2446676,10332.175,1510.417,0,7384.263,0,569.403,6803,9756,1.160,1.270,1.300,1,0,0,0,0,18,312,0,21,0
26-02 15:39:33,24.279,4.255,68.082,0.751,0,5199444,177540,181344,2446932,8536.330,1459.767,0,1553.880,0,120.145,5519,6939,1.160,1.270,1.300,2,0,1.001,0,0,18,312,0,21,0
26-02 15:39:34,24.991,4.498,67.975,1.000,0,5199880,177036,181344,2447000,7791.102,1457.458,0,983.634,0,94.965,5391,6844,1.160,1.270,1.300,2,0,0,0,0,18,313,0,20,0
26-02 15:39:35,9.494,2.249,84.947,0.500,0,5199844,177036,181344,2447036,9484.127,1457.098,0,1758.911,0,146.909,3143,4264,1.160,1.270,1.300,1,0,0,0,0,18,311,0,20,0
26-02 15:39:36,17.516,3.003,75.818,1.501,0,5199892,176784,181344,2447240,9590.645,1459.315,0,1141.029,0,140.126,4324,5542,1.150,1.260,1.300,2,0,0,0,0,18,312,0,20,0
26-02 15:39:37,23.026,6.007,67.077,1.251,0,5199868,176784,181344,2447264,9562.970,1297.488,0,1826.095,0,200.230,5771,7634,1.150,1.260,1.300,3,0,0,0,0,18,312,0,21,0
26-02 15:39:38,26.997,5.499,62.492,2.500,0,5199764,176784,181344,2447368,9757.751,1187.848,0,2567.671,0,284.964,6327,8671,1.150,1.260,1.300,11,0,0,0,0,18,312,0,17,0
26-02 15:39:39,25.899,4.731,63.750,2.739,0,5199792,176532,181344,2447592,8202.856,1452.309,0,7980.727,0,482.111,6321,8561,1.150,1.260,1.300,2,1,0,0,0,18,312,0,19,0
26-02 15:39:40,23.821,4.764,68.203,0.752,0,5200980,175284,181344,2447636,10610.564,1462.350,0,902.685,0,94.280,5419,6813,1.150,1.260,1.300,2,0,2.006,0,0,18,312,0,19,0
26-02 15:39:41,23.440,4.738,67.577,1.247,0,5201888,174276,181344,2447736,10957.881,1454.268,0,1456.263,0,173.555,5290,6851,1.140,1.260,1.300,8,0,0.997,0,0,18,312,0,20,0
26-02 15:39:42,5.012,1.754,91.476,0.501,0,5202572,173268,181344,2448060,12225.225,1601.961,32.079,789.953,1.002,74.183,2145,3110,1.140,1.260,1.300,1,0,0,0,0,18,309,0,22,0
26-02 15:39:43,22.962,4.243,69.136,1.498,0,5202484,173268,181344,2448148,9987.487,1455.593,0,1493.531,0,188.688,5227,6708,1.140,1.260,1.300,4,0,0.998,0,0,18,310,0,23,0
26-02 15:39:44,26.334,6.521,63.703,1.756,0,5199572,176132,181348,2448192,10867.617,1625.177,0,7098.612,0,879.803,5629,6439,1.140,1.260,1.300,3,0,6.019,0,0,18,310,0,23,0
26-02 15:39:45,25.701,5.490,62.881,2.495,0,5199500,176132,181348,2448264,8074.746,1455.251,0,3381.612,0,339.359,6361,8758,1.140,1.260,1.300,5,0,0,0,0,18,310,0,23,0
26-02 15:39:46,25.752,5.000,63.754,2.250,0,5199276,176132,181348,2448488,7343.508,1458.101,0,5884.407,0,434.030,6137,8567,1.130,1.250,1.290,4,0,0,0,0,18,310,0,25,0
26-02 15:39:47,24.010,4.752,68.528,0.750,0,5199220,176132,181348,2448544,42280.000,1512.608,0,1136.457,0,100.040,5215,6558,1.130,1.250,1.290,4,0,0,0,0,18,309,0,25,0
26-02 15:39:48,25.489,2.749,67.970,1.000,0,5199800,175376,181348,2448720,10515.317,1565.303,95.957,963.571,4.998,111.950,5004,6094,1.130,1.250,1.290,2,0,0,0,0,18,310,0,25,0
26-02 15:39:49,26.235,3.498,67.461,0.999,0,5199836,175124,181348,2448936,8331.203,1457.161,0,1343.227,0,156.910,5458,6745,1.130,1.250,1.290,2,0,0,0,0,18,310,0,26,0
26-02 15:39:50,24.774,4.755,66.316,1.501,0,5199788,174872,181348,2449236,9803.687,1529.511,0,1457.440,0,162.160,5834,7269,1.130,1.250,1.290,2,0,0,0,0,18,310,0,25,0
26-02 15:39:51,25.047,5.260,66.125,1.753,0,5199732,174872,181348,2449292,8934.832,1460.752,0,2196.137,0,222.419,5756,7815,1.120,1.250,1.290,2,0,0,0,0,18,310,0,25,0
26-02 15:39:52,28.199,6.738,58.144,3.743,0,5199868,174620,181348,2449408,12014.178,1455.357,0,8221.068,0,677.769,7644,11220,1.120,1.250,1.290,2,1,0,0,0,18,310,0,25,0
26-02 15:39:53,24.225,4.495,68.179,0.499,0,5200172,174116,181348,2449608,8517.132,1456.484,0,1182.769,0,108.887,5307,6633,1.120,1.250,1.290,2,0,0.999,0,0,18,310,0,25,0
26-02 15:39:54,23.073,4.514,68.969,1.254,0,5200880,173360,181348,2449656,7118.568,1462.637,0,1552.923,0,115.366,5117,6359,1.120,1.250,1.290,3,0,0,0,0,18,310,0,26,0
26-02 15:39:55,20.955,4.490,70.848,1.497,0,5202152,171596,181348,2450148,6002.141,1119.601,0,1780.186,0,218.532,5275,7138,1.120,1.250,1.290,1,0,0,0,0,18,309,0,27,0
26-02 15:39:56,7.240,1.498,90.371,0,0,5202136,171596,181348,2450164,11443.717,1402.005,0,914.699,0,54.922,1854,2141,1.110,1.250,1.290,2,0,0,0,0,18,310,0,27,0
26-02 15:39:57,23.277,5.006,67.580,1.752,0,5201948,171596,181348,2450352,6657.834,1663.958,0,1966.314,0,209.246,5689,7640,1.110,1.250,1.290,4,0,0,0,0,18,310,0,27,0
26-02 15:39:58,25.991,5.998,62.729,2.749,0.250,5202220,171092,181348,2450584,12435.911,1457.521,0,3114.976,0,388.872,7163,10457,1.110,1.250,1.290,3,0,0,0,0,18,310,0,26,0
26-02 15:39:59,25.512,5.503,64.031,2.001,0,5200212,173052,181348,2450632,8156.936,1458.704,0,11137.374,0,1065.514,6498,8384,1.110,1.250,1.290,3,0,0,0,0,18,310,0,26,0
26-02 15:40:00,23.474,4.495,67.925,0.749,0,5200744,172296,181348,2450856,10410.488,1456.390,0,2389.358,0,173.808,5408,7052,1.110,1.250,1.290,3,0,0,0,0,18,310,0,26,0
26-02 15:40:01,32.079,10.275,54.635,1.253,0,5209852,162976,181352,2451064,8742.601,1624.013,68.168,1026.536,9.022,93.230,6255,13486,1.100,1.240,1.290,2,0,38.094,0,0,18,310,0,28,0
26-02 15:40:02,9.988,2.497,83.902,1.748,0,5209804,162976,181352,2451112,7446.315,1456.301,0,1410.355,0,171.800,3166,4663,1.100,1.240,1.290,1,0,0,0,0,18,309,0,27,0
26-02 15:40:03,17.964,3.243,75.846,0.998,0,5209744,162976,181352,2451172,9322.125,1455.054,0,1221.527,0,130.735,3957,4947,1.100,1.240,1.290,1,0,0.998,0,0,18,310,0,28,0
26-02 15:40:04,10.018,2.504,84.648,1.002,0,5209548,162976,181352,2451368,9628.890,1622.847,0,1759.086,0,189.332,3034,4380,1.100,1.240,1.290,1,0,0,0,0,18,309,0,29,0
26-02 15:40:05,19.702,3.741,72.324,1.247,0,5209484,162976,181352,2451432,6297.687,1454.463,0,1316.798,0,155.622,4601,5770,1.100,1.240,1.290,5,0,0,0,0,18,310,0,29,0
26-02 15:40:06,30.389,8.790,57.513,1.758,0,5212784,159448,181352,2451660,10935.963,1464.692,0,2314.575,0,268.225,7887,11701,1.250,1.270,1.300,5,0,1.005,0,0,18,310,0,30,0
26-02 15:40:07,29.902,5.731,59.804,1.993,0,5212556,159448,181352,2451888,8049.615,1453.237,0,2455.950,0,294.036,6492,8766,1.250,1.270,1.300,4,0,0,0,0,18,310,0,30,0
26-02 15:40:08,26.264,5.503,63.535,2.752,0,5212480,159448,181352,2451964,11313.228,1620.892,0,6123.371,0,435.240,6493,8962,1.250,1.270,1.300,2,0,0,0,0,18,310,0,30,0
26-02 15:40:09,23.763,4.502,68.287,0.500,0,5212396,159448,181352,2452048,8789.807,1458.798,0,892.488,0,88.048,5442,6957,1.250,1.270,1.300,2,0,0,0,0,18,310,0,31,0
26-02 15:40:10,24.034,4.757,68.848,1.001,0,5212444,159196,181352,2452252,6254.895,811.154,32.046,2119.013,1.001,110.157,5283,6722,1.250,1.270,1.300,5,1,0,0,0,18,310,0,32,0
26-02 15:40:11,24.385,4.976,64.943,2.239,0,5212576,158944,181352,2452372,9430.402,1236.154,0,2301.118,0,248.823,5838,7827,1.310,1.280,1.300,3,0,0,0,0,18,310,0,27,0
26-02 15:40:12,27.359,5.522,62.499,2.259,0,5212476,158944,181352,2452472,10212.677,1246.967,0,2927.661,0,338.348,6936,9704,1.310,1.280,1.300,9,0,0,0,0,18,310,0,27,0
26-02 15:40:13,24.210,4.742,68.136,0.749,0.250,5213020,158188,181352,2452684,10661.226,1239.933,0,1976.705,0,149.750,5650,7022,1.310,1.280,1.300,3,0,0.998,0,0,18,310,0,27,0
26-02 15:40:14,24.022,6.506,65.310,2.502,0,5212120,159004,181352,2452768,8826.137,1553.432,0,11526.627,0,1122.034,6572,8265,1.310,1.280,1.300,4,0,0,0,0,18,311,0,27,0
26-02 15:40:15,4.752,1.251,92.541,0.250,0,5212360,158752,181352,2452780,10535.632,1458.641,60.026,496.218,3.001,23.010,1740,1993,1.310,1.280,1.300,1,0,0,0,0,18,310,0,27,0
26-02 15:40:16,21.683,4.486,70.283,0.997,0,5212124,158752,181352,2453016,10274.249,1507.342,0,1072.685,0,115.643,5209,6646,1.290,1.280,1.300,3,0,0,0,0,18,310,0,27,0
26-02 15:40:17,26.861,5.774,62.509,2.259,0.251,5212048,158752,181352,2453092,41864.278,1518.284,0,2156.928,0,264.093,6423,8848,1.290,1.280,1.300,1,1,1.004,0,0,18,310,0,27,0
26-02 15:40:18,24.967,4.744,66.162,1.248,0,5211976,158752,181352,2453164,6615.244,1510.001,0,1741.695,0,200.734,5566,7299,1.290,1.280,1.300,5,0,0,0,0,18,310,0,27,0
26-02 15:40:19,23.738,4.248,68.216,0.750,0,5212012,158500,181356,2453376,10207.910,1511.247,0,1003.500,0,90.955,5287,6479,1.290,1.280,1.300,2,0,0,0,0,18,310,0,26,0
26-02 15:40:20,24.497,4.249,67.742,0.750,0,5212464,157996,181356,2453428,9456.840,1511.815,0,1039.872,0,94.988,5447,6770,1.290,1.280,1.300,3,0,0,0,0,18,310,0,26,0
26-02 15:40:21,24.266,4.503,67.294,1.751,0,5212620,157744,181360,2453520,9860.410,1512.984,0,2069.345,0,241.157,5795,7549,1.260,1.270,1.300,3,0,0,0,0,18,310,0,27,0
26-02 15:40:22,24.894,4.979,66.467,1.494,0,5212392,157744,181360,2453748,8362.450,1505.600,0,2095.094,0,231.018,6161,8403,1.260,1.270,1.300,4,0,0,0,0,18,310,0,27,0
26-02 15:40:23,26.614,6.026,61.764,3.766,0,5212828,157240,181360,2453816,10520.950,1301.561,0,7664.747,0,597.553,7169,10406,1.260,1.270,1.300,3,0,1.004,0,0,18,310,0,25,0
26-02 15:40:24,25.248,4.500,66.244,1.250,0,5213016,156988,181360,2453880,8292.240,1187.891,0,1319.879,0,140.987,5550,6982,1.260,1.270,1.300,2,0,0,0,0,18,310,0,25,0
26-02 15:40:25,24.253,4.000,67.508,0.750,0,5213768,155992,181360,2454108,6102.695,1458.166,0,2000.228,0,177.020,5430,7090,1.260,1.270,1.300,3,0,0,0,0,18,310,0,25,0
26-02 15:40:26,24.253,5.251,68.510,1.000,0,5214000,155740,181360,2454128,6422.916,1458.208,0,992.141,0,83.012,5260,6511,1.160,1.250,1.290,2,0,0,0,0,18,310,0,25,0
26-02 15:40:27,23.933,3.241,68.806,1.246,0,5214640,154984,181360,2454244,10113.492,1507.750,0,1272.413,0,143.595,5241,6464,1.160,1.250,1.290,5,0,0,0,0,18,310,0,26,0
26-02 15:40:28,18.302,4.011,74.460,1.254,0,5215212,154228,181360,2454428,8395.637,1462.116,0,1688.755,0,201.567,4444,5974,1.160,1.250,1.290,1,0,0,0,0,18,309,0,27,0
26-02 15:40:29,10.482,1.497,85.350,0.998,0,5215384,153976,181360,2454508,10722.208,1455.449,0,1441.474,0,127.776,2523,3315,1.160,1.250,1.290,3,0,0,0,0,18,310,0,27,0
26-02 15:40:30,12.246,3.249,81.225,1.500,0,5215192,153976,181360,2454700,10107.827,1457.542,0,2507.213,0,195.938,3366,4845,1.160,1.250,1.290,3,0,0,0,0,18,309,0,28,0
26-02 15:40:31,15.759,3.002,76.291,3.002,0.250,5215172,153976,181360,2454720,10553.693,1512.816,0,6215.353,0,435.235,4183,5774,1.070,1.230,1.280,2,0,0,0,0,18,310,0,28,0
26-02 15:40:32,23.263,4.502,67.287,1.251,0,5215324,153724,181360,2454820,10260.631,1458.801,0,1760.966,0,230.126,6034,8226,1.070,1.230,1.280,2,0,0,0,0,18,310,0,28,0
26-02 15:40:33,26.024,5.505,64.809,2.252,0,5215536,153472,181360,2454860,6770.214,1459.339,0,2029.863,0,244.224,5885,7872,1.070,1.230,1.280,2,0,1.001,0,0,18,310,0,28,0
26-02 15:40:34,26.130,5.226,64.455,1.991,0,5215744,152996,181360,2455128,10606.430,1558.862,0,2588.148,0,310.578,6327,8717,1.070,1.230,1.280,3,0,0,0,0,18,310,0,28,0
26-02 15:40:35,26.154,5.533,62.367,2.515,0,5215684,152996,181360,2455188,9378.233,1466.638,0,8156.035,0,1036.102,6907,8549,1.070,1.230,1.280,5,0,0,0,0,18,310,0,28,0
26-02 15:40:36,25.190,3.990,68.337,0.998,0,5216076,152492,181360,2455300,7707.583,1508.396,0,1743.833,0,138.669,5217,6656,1.300,1.280,1.300,6,0,0,0,0,18,310,0,28,0
26-02 15:40:37,24.266,5.504,66.044,2.001,0,5216412,151988,181360,2455468,10329.878,1458.971,0,5979.981,0,382.255,5896,7924,1.300,1.280,1.300,2,0,0,0,0,18,310,0,29,0
26-02 15:40:38,25.259,4.752,65.524,1.751,0,5216312,151988,181360,2455568,8414.112,1458.539,0,1956.724,0,223.083,5410,6989,1.300,1.280,1.300,1,0,0,0,0,18,311,0,30,0
26-02 15:40:39,2.999,1.000,95.215,0.250,0,5216292,151988,181360,2455588,10799.996,1457.460,0,699.741,0,39.985,1383,1949,1.300,1.280,1.300,2,0,0,0,0,18,312,0,27,0
26-02 15:40:40,23.275,4.255,68.074,2.002,0,5216468,151736,181360,2455664,8014.729,1459.590,16.017,1910.080,1.001,220.240,5962,7780,1.300,1.280,1.300,3,0,3.003,0,0,18,312,0,28,0
26-02 15:40:41,25.710,4.743,64.400,1.997,0,5217024,150980,181360,2455864,6642.716,1455.746,0,2767.715,0,306.525,6215,8390,1.280,1.270,1.290,2,0,0,0,0,18,312,0,28,0
26-02 15:40:42,26.267,5.504,63.291,2.001,0,5216932,150980,181360,2455956,10248.699,1458.954,0,2941.923,0,323.211,6407,8789,1.280,1.270,1.290,3,0,0,0,0,18,312,0,28,0
26-02 15:40:43,23.748,4.750,68.245,1.000,0,5217104,150728,181360,2456036,11774.063,1565.875,0,1475.883,0,115.991,5244,6415,1.280,1.270,1.290,3,0,1.000,0,0,18,312,0,25,0
26-02 15:40:44,25.035,5.758,66.593,1.001,0,5218160,149472,181360,2456236,10687.969,1460.045,0,1442.020,0,112.157,5418,6592,1.280,1.270,1.290,2,0,6.008,0,0,18,313,0,26,0
26-02 15:40:45,20.725,5.244,69.915,1.748,0,5217740,149816,181360,2456312,8555.655,1510.174,0,5729.073,0,722.127,5232,6575,1.280,1.270,1.290,2,0,0,0,0,18,309,0,28,0
26-02 15:40:46,11.747,2.499,81.729,2.249,0,5217708,149816,181360,2456344,10326.304,1457.619,0,5630.530,0,314.918,3139,4210,1.180,1.250,1.290,3,0,0,0,0,18,310,0,28,0
26-02 15:40:47,24.248,4.250,66.994,1.750,0,5217652,149816,181360,2456400,45176.202,1565.868,31.997,2091.824,1.000,219.982,5825,7449,1.180,1.250,1.290,2,0,0,0,0,18,310,0,28,0
26-02 15:40:48,26.490,5.748,62.727,2.749,0,5217436,149816,181360,2456616,6956.453,1511.447,0,3414.750,0,335.877,6184,8335,1.180,1.250,1.290,3,0,0,0,0,18,310,0,26,0
26-02 15:40:49,26.694,5.239,63.866,1.497,0,5217308,149816,181360,2456744,6714.916,1616.609,0,2430.902,0,266.441,6066,8265,1.180,1.250,1.290,2,0,0,0,0,18,309,0,26,0
26-02 15:40:50,24.463,4.244,67.648,0.749,0,5219028,148052,181360,2456788,10651.994,1617.569,0,1381.923,0,104.842,5110,6388,1.180,1.250,1.290,2,0,0,0,0,18,310,0,26,0
26-02 15:40:51,24.821,5.014,67.944,0.752,0,5219100,147800,181360,2456968,10939.284,1570.491,0,1468.199,0,119.341,5381,6836,1.160,1.250,1.290,2,0,0,0,0,18,311,0,26,0
26-02 15:40:52,21.026,4.506,69.837,2.253,0,5219324,147548,181360,2456996,10248.764,1459.818,16.020,2066.574,1.001,236.294,5074,6738,1.160,1.250,1.290,1,0,0,0,0,18,309,0,26,0
26-02 15:40:53,7.745,1.249,89.692,0.250,0,5219184,147548,181360,2457136,9837.688,1511.030,0,1187.238,0,81.947,1956,2394,1.160,1.250,1.290,4,0,0.999,0,0,18,310,0,26,0
26-02 15:40:54,23.519,5.755,65.052,2.752,0,5219084,147548,181360,2457236,9547.596,1134.903,0,6333.039,0,453.361,6277,8625,1.160,1.250,1.290,3,0,0,0,0,18,311,0,26,0
26-02 15:40:55,25.315,5.212,64.032,2.234,0,5218996,147548,181368,2457316,9329.835,911.342,0,3204.587,0,354.411,6480,9227,1.160,1.250,1.290,2,0,0,0,0,18,310,0,26,0
26-02 15:40:56,26.631,5.276,63.813,2.010,0,5219700,146552,181368,2457592,6772.200,1573.715,0,3099.194,0,259.271,6134,8177,1.230,1.260,1.290,3,0,0,0,0,18,310,0,23,0
26-02 15:40:57,24.058,4.762,69.167,0.501,0,5220152,146048,181368,2457644,9801.676,1599.865,0,994.402,0,89.216,4958,6071,1.230,1.260,1.290,2,0,0,0,0,18,310,0,24,0
26-02 15:40:58,24.516,4.753,68.045,1.001,0,5220924,145040,181368,2457880,9852.577,1458.974,0,1100.735,0,100.067,5496,6903,1.230,1.260,1.290,5,0,0,0,0,18,310,0,24,0
26-02 15:40:59,16.303,3.458,76.327,0.988,0.247,5221580,144284,181368,2457980,10530.682,1440.583,0,1486.034,0,187.730,4243,5608,1.230,1.260,1.290,1,0,0,0,0,18,309,0,26,0
26-02 15:41:00,12.643,1.264,84.206,0.759,0,5221436,144284,181368,2458124,9147.816,1092.397,0,1266.372,0,111.263,2698,3254,1.230,1.260,1.290,7,0,0,0,0,18,310,0,26,0
26-02 15:41:01,33.442,11.730,51.411,1.747,0,5234168,170508,181240,2420140,8934.487,1401.566,0,2156.256,0,240.582,7253,16989,1.370,1.290,1.300,2,0,35.938,0,0,18,310,0,27,0
26-02 15:41:02,26.501,5.449,62.662,1.981,0,5232200,172428,181240,2420348,10201.274,1444.446,0,2627.346,0,316.034,6466,8922,1.370,1.290,1.300,3,0,0,0,0,18,310,0,27,0
26-02 15:41:03,26.538,5.308,63.692,2.780,0,5232208,172204,181240,2420564,9249.450,1583.194,0,6894.879,0,455.952,5951,8079,1.370,1.290,1.300,3,0,1.011,0,0,18,310,0,27,0
26-02 15:41:04,25.013,4.753,68.036,0.750,0,5230884,173448,181240,2420644,7300.891,1458.777,0,1236.659,0,103.055,5216,6432,1.370,1.290,1.300,2,0,0,0,0,18,310,0,23,0
26-02 15:41:05,27.079,9.440,58.877,1.491,0,5226688,170200,181244,2428068,10928.818,1502.489,0,6781.074,0,868.502,6400,6624,1.370,1.290,1.300,2,0,1.987,0,0,18,310,0,23,0
26-02 15:41:06,25.259,5.252,65.273,1.501,0,5226700,169980,181244,2428276,10150.614,1458.519,0,1876.668,0,226.080,6289,8603,1.340,1.280,1.300,8,0,0,0,0,18,310,0,23,0
26-02 15:41:07,29.726,5.995,59.701,2.248,0,5226412,170204,181244,2428340,6901.348,1618.674,0,3077.480,0,281.769,6611,8832,1.340,1.280,1.300,7,0,0,0,0,18,310,0,23,0
26-02 15:41:08,31.470,9.063,56.646,0.755,0,5229056,167184,181244,2428716,10991.792,1468.258,0,2130.887,0,209.463,8274,11742,1.340,1.280,1.300,1,0,1.007,0,0,18,310,0,21,0
26-02 15:41:09,26.997,4.706,63.653,1.238,0,5229636,166428,181244,2428892,10415.314,1444.452,0,1517.765,0,124.829,5753,7176,1.340,1.280,1.300,5,0,0,0,0,18,311,0,23,0
26-02 15:41:10,24.944,5.291,66.015,2.268,0,5229756,166204,181244,2428996,10675.219,1523.879,0,2761.527,0,287.239,5655,7406,1.340,1.280,1.300,1,0,0,0,0,18,309,0,25,0
26-02 15:41:11,3.753,1.752,91.078,1.251,0,5229744,166204,181244,2429008,11090.540,1513.302,0,4984.287,0,294.253,2077,3057,1.230,1.260,1.290,2,0,0,0,0,18,310,0,25,0
26-02 15:41:12,24.249,3.959,66.809,2.227,0,5229952,165952,181244,2429052,7209.401,1496.515,0,2058.698,0,236.552,5662,7421,1.230,1.260,1.290,2,0,0,0,0,18,310,0,23,0
26-02 15:41:13,25.455,5.293,65.779,1.512,0,5229984,165700,181244,2429272,10635.555,1469.824,0,2242.036,0,223.800,5851,7820,1.230,1.260,1.290,3,0,1.008,0,0,18,310,0,23,0
26-02 15:41:14,24.282,5.507,65.586,2.253,0,5229896,165700,181248,2429356,11928.557,1662.168,0,3312.320,0,340.444,6445,8921,1.230,1.260,1.290,3,0,0,0,0,18,310,0,23,0
26-02 15:41:15,23.524,4.755,68.319,1.001,0,5230324,165196,181248,2429432,8208.298,1513.530,0,1437.453,0,111.112,5264,6503,1.230,1.260,1.290,4,0,0,0,0,18,310,0,23,0
26-02 15:41:16,24.747,4.249,68.741,0.750,0,5230108,165196,181248,2429648,12173.359,1457.803,0,1479.800,0,110.985,5273,6691,1.210,1.260,1.290,6,0,0,0,0,18,310,0,23,0
26-02 15:41:17,23.972,4.495,68.169,0.999,0,5230064,165196,181248,2429692,42694.264,1510.205,0,1346.400,0,116.861,5638,7038,1.210,1.260,1.290,2,0,0,0,0,18,311,0,24,0
26-02 15:41:18,16.504,4.501,75.766,1.750,0,5230064,164944,181248,2429944,11990.603,1512.328,16.003,1940.421,1.000,221.048,4119,5725,1.210,1.260,1.290,2,0,0,0,0,18,309,0,25,0
26-02 15:41:19,12.520,2.504,79.877,2.504,0,5230176,164692,181248,2430084,8161.982,1514.409,0,6265.966,0,431.687,3812,5279,1.210,1.260,1.290,2,0,0,0,0,18,310,0,25,0
26-02 15:41:20,24.722,4.495,66.923,1.748,0,5230536,164188,181252,2430224,6542.486,1456.328,0,2321.334,0,245.718,6151,8494,1.210,1.260,1.290,7,0,0,0,0,18,310,0,25,0
26-02 15:41:21,26.280,5.756,64.072,2.002,0,5230456,164188,181252,2430304,9916.177,1513.706,0,11308.746,0,341.385,6822,9687,1.280,1.270,1.290,3,0,1.001,0,0,18,310,0,25,0
26-02 15:41:22,24.998,5.500,64.745,2.250,0,5230672,163684,181256,2430588,8772.338,1457.890,0,3299.751,0,371.972,6815,9726,1.280,1.270,1.290,4,0,0,0,0,18,310,0,25,0
26-02 15:41:23,25.996,4.499,65.741,1.750,0,5230876,163432,181256,2430636,10312.529,1565.777,0,2031.710,0,221.968,5803,7561,1.280,1.270,1.290,3,0,1.000,0,0,18,310,0,25,0
26-02 15:41:24,23.743,4.749,68.479,0.250,0.250,5230688,163432,181256,2430824,10527.816,1457.559,0,1255.620,0,104.968,4887,5920,1.280,1.270,1.290,2,0,0,0,0,18,310,0,24,0
26-02 15:41:25,24.499,4.750,66.249,2.500,0,5230596,163432,181256,2430916,9734.799,1241.974,0,5715.882,0,360.993,5978,7823,1.280,1.270,1.290,2,0,0,0,0,18,311,0,25,0
26-02 15:41:26,24.748,4.250,67.996,1.250,0,5231512,162424,181260,2431004,9684.399,1295.920,0,2431.849,0,205.987,5259,6355,1.250,1.270,1.290,4,0,0,0,0,18,310,0,26,0
26-02 15:41:27,22.731,5.246,67.942,0.999,0,5231588,162172,181260,2431180,6490.439,1456.752,0,1366.829,0,142.878,5546,7270,1.250,1.270,1.290,4,0,0,0,0,18,310,0,26,0
26-02 15:41:28,25.885,5.227,63.965,2.240,0,5231476,162172,181260,2431292,6728.037,1559.057,0,2401.306,0,296.679,6201,8585,1.250,1.270,1.290,4,0,0,0,0,18,310,0,26,0
26-02 15:41:29,25.638,4.776,64.597,1.759,0,5231564,161920,181260,2431456,10834.118,1465.863,0,2429.030,0,256.375,5922,7927,1.250,1.270,1.290,2,0,0,0,0,18,310,0,23,0
26-02 15:41:30,24.244,3.999,69.232,1.000,0,5231960,161416,181260,2431564,8450.858,1511.617,0,1175.702,0,103.974,5101,6419,1.250,1.270,1.290,3,0,0,0,0,18,310,0,23,0
26-02 15:41:31,23.256,5.001,68.519,1.000,0,5231768,161416,181260,2431756,9843.729,1458.404,0,1192.331,0,105.029,5418,6658,1.230,1.260,1.290,2,0,0,0,0,18,309,0,23,0
26-02 15:41:32,25.250,4.500,67.001,1.000,0,5232716,160412,181260,2431812,11139.161,1566.023,0,1680.024,0,179.003,5301,6669,1.230,1.260,1.290,5,0,1.000,0,0,18,310,0,24,0
26-02 15:41:33,23.766,6.004,64.544,3.002,0,5232628,160412,181260,2431896,10024.842,1458.996,0,5619.835,0,433.296,6257,8634,1.230,1.260,1.290,2,0,1.001,0,0,18,310,0,23,0
26-02 15:41:34,26.808,5.011,64.390,2.004,0,5232432,160412,181260,2432092,8967.480,1461.174,0,2136.641,0,263.573,6230,8558,1.230,1.260,1.290,2,0,0,0,0,18,310,0,23,0
26-02 15:41:35,24.914,4.484,66.021,1.246,0,5232620,160160,181260,2432156,6180.546,1506.770,0,1781.815,0,155.460,5514,7072,1.230,1.260,1.290,2,0,0,0,0,18,310,0,23,0
26-02 15:41:36,23.970,4.744,68.166,1.248,0,5233780,158928,181260,2432228,7212.086,1564.067,0,1442.217,0,137.830,5638,7286,1.220,1.260,1.290,3,1,0,0,0,18,310,0,24,0
26-02 15:41:37,25.552,4.509,67.638,0.752,0,5233788,158676,181260,2432472,10303.957,1460.971,0,1026.087,0,87.177,5126,6023,1.220,1.260,1.290,3,0,0,0,0,18,310,0,24,0
26-02 15:41:38,23.757,5.002,67.520,1.000,0.250,5233992,158424,181260,2432520,10242.098,1512.458,0,1616.489,0,157.048,5660,7203,1.220,1.260,1.290,5,1,0,0,0,18,310,0,24,0
26-02 15:41:39,26.483,6.246,61.960,2.998,0,5233960,158172,181260,2432804,11985.223,1457.055,0,3085.997,0,372.758,6816,9650,1.220,1.260,1.290,2,0,0,0,0,18,310,0,24,0
26-02 15:41:40,25.007,5.251,64.017,2.251,0,5234176,157920,181260,2432840,7147.940,1566.425,0,7690.087,0,546.148,6650,9564,1.220,1.260,1.290,6,0,2.001,0,0,18,310,0,24,0
26-02 15:41:41,24.019,4.504,68.053,1.001,0,5234428,157444,181260,2433064,9898.741,1459.141,0,5884.602,0,312.244,5575,7125,1.280,1.270,1.290,1,0,0,0,0,18,310,0,22,0
26-02 15:41:42,25.487,4.498,67.716,0.750,0.250,5234600,157192,181260,2433144,8677.588,1511.232,0,2234.864,0,95.951,5198,6286,1.280,1.270,1.290,3,0,0,0,0,18,310,0,22,0
26-02 15:41:43,23.752,5.000,67.256,1.000,0,5235116,156436,181260,2433384,7155.609,1458.124,0,1548.132,0,167.014,5726,7527,1.280,1.270,1.290,3,0,1.000,0,0,18,311,0,22,0
26-02 15:41:44,25.761,6.753,62.277,2.001,0,5236052,155176,181260,2433708,11157.852,1566.681,0,2393.041,0,295.128,6402,8556,1.280,1.270,1.290,3,0,6.003,0,0,18,310,0,22,0
26-02 15:41:45,25.727,5.495,63.442,2.248,0,5236004,155176,181260,2433756,8348.431,1456.679,0,2565.674,0,281.745,6206,8584,1.280,1.270,1.290,3,0,0,0,0,18,310,0,20,0
26-02 15:41:46,24.547,4.258,68.632,0.501,0,5236684,154420,181260,2433832,7490.421,1460.812,0,1418.731,0,109.210,5328,6482,1.340,1.280,1.290,2,0,0,0,0,18,310,0,21,0
26-02 15:41:47,24.206,4.492,67.626,1.248,0,5236536,154420,181260,2433980,46932.256,1455.341,0,1641.002,0,139.745,5331,6509,1.340,1.280,1.290,3,0,0,0,0,18,310,0,21,0
26-02 15:41:48,21.261,5.253,69.034,2.501,0,5236452,154420,181260,2434064,9737.842,1458.725,16.008,6459.212,1.000,465.231,5466,7684,1.340,1.280,1.290,3,0,0,0,0,18,309,0,23,0
26-02 15:41:49,6.983,0.998,89.526,0.249,0,5236284,154420,181260,2434232,10377.021,1594.009,0,522.691,0,33.915,1877,2179,1.340,1.280,1.290,1,0,0,0,0,18,310,0,21,0
26-02 15:41:50,23.769,5.254,66.805,2.002,0,5236104,154420,181260,2434412,9112.461,1513.239,0,1853.518,0,214.175,5857,7871,1.340,1.280,1.290,2,0,0,0,0,18,310,0,21,0
26-02 15:41:51,26.094,5.269,63.479,2.509,0,5236036,154420,181260,2434480,8346.129,1463.282,0,2665.623,0,314.134,6415,9062,1.310,1.280,1.290,3,0,0,0,0,18,310,0,21,0
26-02 15:41:52,26.211,5.741,63.905,1.747,0,5236216,154168,181260,2434552,10461.443,1563.675,0,2368.478,0,240.642,5974,7968,1.310,1.280,1.290,3,0,0,0,0,18,310,0,21,0
26-02 15:41:53,23.435,4.737,68.310,0.499,0.249,5236524,153664,181260,2434748,12083.462,1453.965,0,1184.712,0,99.723,5106,6267,1.310,1.280,1.290,2,0,0.997,0,0,18,310,0,21,0
26-02 15:41:54,24.973,5.244,66.178,1.498,0,5236424,153664,181260,2434848,7379.977,1456.417,0,2017.807,0,206.775,5667,7578,1.310,1.280,1.290,2,0,0,0,0,18,310,0,21,0
26-02 15:41:55,26.055,4.760,65.639,1.002,0,5236352,153664,181260,2434920,9837.900,1461.104,0,1980.207,0,194.413,5434,6988,1.310,1.280,1.290,2,0,0,0,0,18,310,0,22,0
26-02 15:41:56,23.815,5.515,66.682,2.507,0,5237148,152656,181260,2435132,8755.834,1558.242,0,6702.244,0,429.168,6008,8082,1.280,1.270,1.290,1,0,0,0,0,18,311,0,22,0
26-02 15:41:57,25.959,5.242,63.649,1.997,0,5237096,152656,181264,2435180,10684.049,1497.624,0,2923.362,0,309.509,6280,8672,1.280,1.270,1.290,2,0,0,0,0,18,310,0,21,0
26-02 15:41:58,23.504,4.251,68.761,0.500,0,5237380,152152,181264,2435400,8493.407,1458.242,0,1156.191,0,100.017,5277,6612,1.280,1.270,1.290,3,0,0,0,0,18,311,0,21,0
26-02 15:41:59,12.725,2.745,82.087,1.248,0,5237540,151900,181264,2435492,6402.267,1562.892,0,1660.697,0,184.633,3420,4880,1.280,1.270,1.290,1,0,0,0,0,18,309,0,23,0
26-02 15:42:00,13.730,2.746,80.385,0.749,0,5237532,151900,181264,2435500,13733.406,1455.923,0,1525.823,0,131.812,3339,4321,1.280,1.270,1.290,3,0,0,0,0,18,310,0,23,0
26-02 15:42:01,30.492,7.685,59.000,1.735,0,5262468,126700,181264,2437792,10188.722,1445.757,0,2332.251,0,263.766,6490,10646,1.180,1.250,1.280,7,0,33.715,0,0,18,310,0,21,0
26-02 15:42:02,28.827,6.322,60.941,1.264,0,5240672,179856,181172,2405536,12113.272,1474.712,0,1828.724,0,175.994,6393,14171,1.180,1.250,1.280,2,0,2.023,0,0,18,310,0,22,0
26-02 15:42:03,25.951,4.991,65.377,1.248,0,5240956,179356,181172,2405752,10578.143,1455.268,0,1764.687,0,173.674,5683,7325,1.180,1.250,1.280,1,0,0.998,0,0,18,310,0,23,0
26-02 15:42:04,26.316,5.013,65.665,1.754,0,5234736,185492,181172,2405836,10653.834,1461.682,0,2097.282,0,207.523,5445,7107,1.180,1.250,1.280,3,1,0,0,0,18,310,0,23,0
26-02 15:42:05,24.414,5.232,65.021,2.242,0,5234988,185016,181172,2406060,7973.907,1452.881,0,6249.981,0,406.568,6029,8320,1.180,1.250,1.280,1,0,0,0,0,18,310,0,21,0
26-02 15:42:06,26.833,4.514,65.953,0.752,0,5234528,185424,181172,2406112,9137.147,1462.505,0,1079.325,0,101.312,5404,6671,1.170,1.250,1.280,4,1,0,0,0,18,310,0,23,0
26-02 15:42:07,8.500,2.250,85.748,1.500,0,5235184,184708,181172,2406172,7172.871,1457.974,0,6571.882,0,366.993,3040,4471,1.170,1.250,1.280,1,0,0,0,0,18,309,0,25,0
26-02 15:42:08,19.279,3.004,74.611,1.753,0,5235612,184232,181172,2406220,11567.275,1460.181,0,1614.411,0,177.265,4439,5967,1.170,1.250,1.280,3,0,0,0,0,18,310,0,25,0
26-02 15:42:09,25.463,5.242,64.408,1.997,0,5234840,184832,181172,2406392,10735.606,1455.912,0,2164.896,0,255.633,6057,8345,1.170,1.250,1.280,3,0,0,0,0,18,310,0,23,0
26-02 15:42:10,28.734,5.997,61.217,2.249,0,5234736,184832,181172,2406496,10433.363,1241.329,0,3230.255,0,329.822,6483,8902,1.170,1.250,1.280,3,0,0,0,0,18,310,0,23,0
26-02 15:42:11,29.504,8.501,58.759,1.250,0,5239720,179636,181172,2406708,7488.107,1350.200,0,1780.263,0,157.023,7223,9973,1.230,1.260,1.280,2,0,1.000,0,0,18,310,0,27,0
26-02 15:42:12,22.242,5.748,67.725,2.249,0,5235816,183284,181172,2406964,12045.565,1457.463,15.994,6129.743,1.000,452.833,5595,7571,1.230,1.260,1.280,1,0,0,0,0,18,309,0,31,0
26-02 15:42:13,9.969,1.745,85.483,0.748,0,5236772,182304,181172,2406988,8868.277,1507.288,0,2141.306,0,97.695,2655,3309,1.230,1.260,1.280,4,0,0.997,0,0,18,309,0,31,0
26-02 15:42:14,14.047,3.512,80.520,1.505,0,5236908,182080,181172,2407076,7961.705,1340.496,0,1464.914,0,150.505,3478,4724,1.230,1.260,1.280,2,0,0,0,0,18,309,0,31,0
26-02 15:42:15,13.740,2.748,80.939,0.500,0,5236356,182632,181172,2407076,5884.581,1187.108,0,1147.138,0,107.919,3130,4057,1.230,1.260,1.280,2,0,0,0,0,18,310,0,32,0
26-02 15:42:16,26.038,5.258,65.094,2.253,0,5236040,182680,181172,2407344,11971.346,1081.567,0,2487.604,0,269.390,6492,8934,1.210,1.250,1.280,3,0,0,0,0,18,310,0,32,0
26-02 15:42:17,23.240,4.498,68.222,0.750,0,5236768,181924,181172,2407372,40824.047,1403.417,0,1431.406,0,124.948,5217,6407,1.210,1.250,1.280,2,0,0,0,0,18,311,0,32,0
26-02 15:42:18,13.754,3.251,79.523,1.751,0,5236916,181672,181172,2407476,11548.374,1512.442,0,2072.606,0,227.066,3836,5390,1.210,1.250,1.280,1,0,0,0,0,18,309,0,33,0
26-02 15:42:19,14.435,1.991,80.888,0.747,0,5236908,181672,181172,2407484,9271.561,1505.272,0,1608.810,0,127.430,3203,4074,1.210,1.250,1.280,2,0,0,0,0,18,310,0,33,0
26-02 15:42:20,25.316,5.264,65.671,2.256,0,5236680,181672,181172,2407712,10630.624,1515.939,0,2410.263,0,279.727,6293,8660,1.210,1.250,1.280,3,0,0,0,0,18,310,0,33,0
26-02 15:42:21,25.553,4.008,67.641,1.002,0,5237700,180412,181172,2407952,8847.432,1461.044,0,2052.276,0,157.328,5669,7226,1.200,1.250,1.280,2,0,0,0,0,18,310,0,33,0
26-02 15:42:22,23.260,6.003,64.777,2.251,0,5238488,179432,181172,2408144,7049.972,1512.638,0,10268.329,0,745.314,6691,9033,1.200,1.250,1.280,2,0,0,0,0,18,310,0,32,0
26-02 15:42:23,23.967,5.742,68.156,0.499,0.250,5239184,178696,181172,2408184,10395.601,1509.909,0,890.766,0,68.905,5317,6519,1.200,1.250,1.280,3,1,0.999,0,0,18,310,0,32,0
26-02 15:42:24,9.255,2.251,85.300,1.501,0,5239380,178380,181172,2408304,9096.365,1512.892,0,1640.968,0,191.113,3178,4528,1.200,1.250,1.280,2,0,0,0,0,18,309,0,33,0
26-02 15:42:25,19.996,3.499,72.987,2.000,0,5239360,178380,181172,2408324,6525.821,1457.737,0,1871.662,0,226.959,4301,5764,1.200,1.250,1.280,2,0,0,0,0,18,309,0,34,0
26-02 15:42:26,3.252,1.001,94.300,0,0,5239512,178156,181172,2408396,11938.317,1512.800,0,672.356,0,36.019,1503,1960,1.100,1.230,1.270,2,0,0,0,0,18,310,0,33,0
26-02 15:42:27,23.987,3.998,67.713,1.749,0,5239932,177664,181176,2408464,9485.794,1511.171,0,2262.758,0,222.878,5523,7206,1.100,1.230,1.270,2,0,0,0,0,18,309,0,33,0
26-02 15:42:28,27.340,5.716,62.136,1.491,0,5239876,177664,181176,2408520,10631.681,1503.189,0,2083.786,0,244.566,6217,8601,1.100,1.230,1.270,3,0,0.994,0,0,18,310,0,33,0
26-02 15:42:29,25.907,5.030,64.390,2.515,0,5239692,177664,181176,2408704,8717.819,1466.888,0,3223.531,0,315.914,6230,8669,1.100,1.230,1.270,2,0,0,0,0,18,310,0,33,0
26-02 15:42:30,26.262,4.752,63.779,2.501,0,5239204,177920,181176,2408936,8698.977,1512.692,0,2729.248,0,303.139,6273,8783,1.100,1.230,1.270,2,0,0,0,0,18,310,0,33,0
26-02 15:42:31,24.001,4.250,68.252,0.750,0,5239800,177164,181176,2409096,10498.315,1512.045,0,1588.048,0,128.004,5295,6583,1.170,1.240,1.280,3,0,0,0,0,18,310,0,34,0
26-02 15:42:32,24.212,5.741,65.148,1.997,0.250,5239696,177164,181176,2409200,8691.353,1509.630,0,5731.002,0,375.411,6142,8307,1.170,1.240,1.280,3,0,0,0,0,18,310,0,34,0
26-02 15:42:33,24.276,4.755,68.324,0.751,0,5240420,176412,181176,2409228,7043.658,1459.587,0,1337.454,0,105.114,5415,6745,1.170,1.240,1.280,3,0,1.001,0,0,18,310,0,34,0
26-02 15:42:34,13.505,3.251,79.781,2.001,0,5240196,176412,181176,2409452,11664.601,1512.597,0,1616.638,0,186.073,3686,5041,1.170,1.240,1.280,1,0,0,0,0,18,309,0,34,0
26-02 15:42:35,15.001,3.250,78.507,1.000,0,5240440,176160,181176,2409460,10172.927,1512.138,0,1344.123,0,146.013,3666,4500,1.170,1.240,1.280,2,0,0,0,0,18,310,0,34,0
26-02 15:42:36,7.500,1.750,88.746,1.000,0,5240344,176160,181176,2409556,9876.548,1511.931,0,1247.943,0,129.994,2599,3704,1.080,1.220,1.270,1,0,0,0,0,18,309,0,36,0
26-02 15:42:37,21.713,3.494,71.378,1.248,0,5240540,175908,181176,2409612,8243.860,1455.504,0,1529.377,0,167.712,4965,6494,1.080,1.220,1.270,4,0,0,0,0,18,310,0,36,0
26-02 15:42:38,24.548,6.012,66.130,1.753,0,5240552,175656,181176,2409852,7302.303,1514.967,0,2104.121,0,223.438,5866,7825,1.080,1.220,1.270,4,1,0,0,0,18,310,0,35,0
26-02 15:42:39,26.967,5.493,61.175,2.747,0,5241204,174928,181176,2409928,11797.514,1510.146,0,3411.811,0,377.536,6597,9331,1.080,1.220,1.270,4,1,0,0,0,18,310,0,35,0
26-02 15:42:40,25.764,6.003,62.534,3.252,0,5241116,174928,181176,2410016,8314.556,1512.829,0,6707.676,0,524.287,6636,9599,1.080,1.220,1.270,4,0,2.001,0,0,18,310,0,35,0
26-02 15:42:41,23.488,3.998,68.464,0.750,0,5241424,174424,181176,2410212,10069.687,1511.203,0,2426.720,0,154.918,5241,6552,1.070,1.220,1.270,3,0,0,0,0,18,310,0,35,0
26-02 15:42:42,23.998,4.750,67.995,1.000,0,5242644,173164,181176,2410252,10425.210,1565.881,0,1207.908,0,120.991,5458,6880,1.070,1.220,1.270,5,0,0,0,0,18,310,0,35,0
26-02 15:42:43,24.984,4.497,68.205,0.999,0,5243388,172184,181176,2410488,10940.816,1618.937,0,5364.478,0,351.769,6000,7186,1.070,1.220,1.270,1,0,0.999,0,0,18,311,0,35,0
26-02 15:42:44,15.508,5.503,75.541,1.501,0,5244844,170676,181176,2410540,9411.127,1620.883,0,2625.430,0,187.102,4147,5417,1.070,1.220,1.270,2,0,5.003,0,0,18,309,0,37,0
26-02 15:42:45,12.741,2.498,82.694,0.500,0,5244204,171300,181176,2410556,7958.634,1564.945,0,1075.275,0,93.937,2867,3506,1.070,1.220,1.270,4,0,0.999,0,0,18,310,0,37,0
26-02 15:42:46,10.012,2.753,83.853,1.502,0,5244104,171300,181176,2410656,7751.561,1513.867,0,2651.270,0,384.474,3405,4562,0.990,1.200,1.260,1,0,2.002,0,0,18,309,0,37,0
26-02 15:42:47,18.741,3.498,75.213,1.499,0,5244084,171300,181176,2410676,45835.211,1511.249,0,1275.366,0,129.935,4375,5364,0.990,1.200,1.260,3,0,0,0,0,18,310,0,37,0
26-02 15:42:48,23.969,5.493,66.164,1.748,0,5244088,171048,181176,2410924,8087.457,1563.961,0,2201.131,0,252.671,6133,8342,0.990,1.200,1.260,3,0,0,0,0,18,310,0,37,0
26-02 15:42:49,26.738,5.248,61.723,2.999,0.250,5243996,171048,181176,2411016,10187.543,1457.362,0,7288.811,0,559.755,6772,9807,0.990,1.200,1.260,4,0,0,0,0,18,310,0,38,0
26-02 15:42:50,26.523,5.505,62.304,2.752,0,5243944,171048,181176,2411068,7852.799,1189.030,0,3442.981,0,356.309,7003,9902,0.990,1.200,1.260,1,1,0,0,0,18,310,0,36,0
26-02 15:42:51,24.509,4.502,68.276,1.000,0,5243956,170796,181176,2411308,9175.544,918.355,0,1236.478,0,116.045,5185,6517,0.990,1.190,1.260,2,0,0,0,0,18,310,0,36,0
26-02 15:42:52,22.527,5.256,68.082,1.502,0.250,5244668,170040,181176,2411352,8045.690,1459.758,0,1994.402,0,231.279,5484,7309,0.990,1.190,1.260,1,0,0,0,0,18,309,0,38,0
26-02 15:42:53,6.001,1.250,91.021,0.750,0,5245340,169316,181176,2411404,7550.732,1458.334,0,3136.719,0,360.083,1842,2204,0.990,1.190,1.260,3,0,1.000,0,0,18,310,0,38,0
26-02 15:42:54,23.463,4.493,68.393,0.998,0,5245400,169064,181176,2411596,7500.297,1455.729,0,1621.470,0,170.734,4948,6251,0.990,1.190,1.260,5,0,0,0,0,18,310,0,38,0
26-02 15:42:55,25.754,5.501,64.010,2.250,0,5245364,169064,181176,2411632,10515.656,1500.236,0,2472.389,0,263.041,6042,8090,0.990,1.190,1.260,4,0,0,0,0,18,310,0,37,0
26-02 15:42:56,23.748,4.250,68.995,0.250,0,5246004,168308,181176,2411748,8613.364,1511.888,0,1451.893,0,105.992,5108,6157,0.990,1.190,1.260,2,0,0,0,0,18,310,0,37,0
26-02 15:42:57,12.933,4.228,78.346,2.736,0,5245960,168308,181176,2411792,10705.842,1599.758,0,6538.314,0,469.581,4102,6041,0.990,1.190,1.260,2,0,0,0,0,18,309,0,38,0
26-02 15:42:58,15.595,2.515,78.981,1.006,0,5246188,168056,181180,2411812,9631.694,1412.608,0,1762.742,0,168.024,3575,4589,0.990,1.190,1.260,2,0,0,0,0,18,310,0,38,0
26-02 15:42:59,25.249,5.250,65.248,2.000,0,5245944,168056,181180,2412056,9354.720,1079.968,0,2647.921,0,304.991,6378,8915,0.990,1.190,1.260,3,0,0,0,0,18,310,0,38,0
26-02 15:43:00,23.751,4.500,68.252,1.250,0,5246824,167060,181180,2412156,6282.222,1458.051,0,2304.081,0,173.006,5374,6861,0.990,1.190,1.260,2,0,0,0,0,18,310,0,38,0
26-02 15:43:01,15.745,4.249,76.227,1.250,0,5246900,166808,181180,2412332,9223.273,1457.569,0,1647.513,0,185.945,4004,5410,0.990,1.190,1.260,3,0,0,0,0,18,309,0,40,0
26-02 15:43:02,21.994,7.498,68.230,0.750,0,5255924,157660,181180,2412440,12086.437,1565.539,0,1535.547,0,134.960,4468,8044,0.990,1.190,1.260,2,0,35.989,0,0,18,310,0,41,0
26-02 15:43:03,9.762,2.503,85.105,1.252,0,5255884,157660,181180,2412480,10898.451,1513.868,0,1622.002,0,160.198,2962,4121,0.990,1.190,1.260,1,0,1.001,0,0,18,309,0,40,0
26-02 15:43:04,18.218,4.243,75.119,0.749,0,5255824,157660,181180,2412540,7121.598,1455.465,0,1333.677,0,143.750,4190,5251,0.990,1.190,1.260,4,0,0,0,0,18,309,0,40,0
26-02 15:43:05,25.987,5.497,64.468,2.249,0,5255612,157660,181180,2412752,10210.910,1511.247,0,2534.736,0,281.859,6153,8133,0.990,1.190,1.260,5,0,0,0,0,18,310,0,40,0
26-02 15:43:06,24.338,5.520,64.984,2.509,0,5255532,157660,181180,2412832,9092.775,1463.274,0,6820.585,0,446.610,6077,8315,0.990,1.180,1.260,2,0,0,0,0,18,310,0,40,0
26-02 15:43:07,24.427,5.484,66.550,1.496,0,5255464,157660,181180,2412900,9632.107,1130.609,0,1379.861,0,154.536,5522,7047,0.990,1.180,1.260,2,0,0,0,0,18,310,0,35,0
26-02 15:43:08,24.789,5.008,66.104,1.502,0,5255432,157660,181180,2412932,7955.485,1460.292,0,5600.790,0,516.811,5776,7437,0.990,1.180,1.260,2,0,0,0,0,18,310,0,35,0
26-02 15:43:09,25.931,4.987,67.072,0.748,0,5255176,157660,181180,2413188,7042.353,1454.150,0,1388.324,0,97.741,5188,6465,0.990,1.180,1.260,6,0,0,0,0,18,310,0,35,0
26-02 15:43:10,14.038,5.766,76.959,1.253,0,5257500,155140,181180,2413384,10175.645,1461.972,0,2719.388,0,233.635,4868,7581,0.990,1.180,1.260,1,0,1.003,0,0,18,309,0,37,0
26-02 15:43:11,29.251,5.750,62.252,1.000,0,5256736,155140,181180,2414148,8751.310,1458.052,0,1416.050,0,136.005,5743,6994,0.910,1.160,1.250,2,0,0,0,0,18,311,0,36,0
26-02 15:43:12,28.001,6.250,61.503,2.250,0,5256504,155140,181180,2414380,6676.323,1458.071,0,3036.147,0,343.017,6529,8821,0.910,1.160,1.250,2,0,0,0,0,18,309,0,36,0
26-02 15:43:13,24.227,3.996,67.936,0.749,0,5256376,155140,181180,2414508,10844.771,1456.626,0,1526.560,0,119.887,5184,6439,0.910,1.160,1.250,4,0,0.999,0,0,18,310,0,36,0
26-02 15:43:14,16.762,4.754,75.056,2.001,0,5256164,155140,181180,2414720,8386.212,1715.270,0,2429.800,0,235.174,4188,5787,0.910,1.160,1.250,1,0,0,0,0,18,309,0,38,0
26-02 15:43:15,11.208,2.491,81.690,2.740,0,5255988,155140,181180,2414896,10461.361,1452.496,0,7391.991,0,403.471,3393,4802,0.910,1.160,1.250,3,0,0,0,0,18,310,0,31,0
26-02 15:43:16,23.835,5.770,66.235,1.254,0,5255960,155140,181180,2414924,8077.643,1463.188,0,1794.363,0,191.680,5758,7532,0.920,1.160,1.250,4,0,0,0,0,18,310,0,31,0
26-02 15:43:17,25.381,4.728,66.438,1.244,0,5255704,155140,181180,2415180,39537.149,1451.179,0,2006.568,0,178.163,5616,7084,0.920,1.160,1.250,3,1,0,0,0,18,310,0,31,0
26-02 15:43:18,23.825,4.765,67.965,1.756,0,5255628,155140,181180,2415256,13341.148,1462.621,0,1817.743,0,217.688,5482,7313,0.920,1.160,1.250,1,0,0,0,0,18,309,0,33,0
26-02 15:43:19,4.749,0.750,92.983,0.250,0,5255612,155140,181180,2415272,13377.622,1457.741,0,1055.812,0,60.989,1532,2049,0.920,1.160,1.250,4,0,0,0,0,18,310,0,30,0
26-02 15:43:20,25.354,4.518,66.271,2.008,0,5255792,154888,181180,2415344,11557.214,1463.981,0,2028.286,0,239.980,5794,7653,0.920,1.160,1.250,2,0,0,0,0,18,310,0,30,0
26-02 15:43:21,24.941,4.988,66.593,1.496,0,5255676,154664,181180,2415684,10304.708,1616.190,0,2210.788,0,231.454,5753,7630,0.930,1.160,1.250,2,0,0,0,0,18,310,0,31,0
26-02 15:43:22,24.832,4.966,66.053,1.242,0,5256264,153908,181180,2415852,9811.631,1448.204,15.892,2101.783,0.993,216.535,5770,7514,0.930,1.160,1.250,2,1,0,0,0,18,310,0,32,0
26-02 15:43:23,8.033,2.008,85.098,2.510,0,5256396,153656,181180,2415972,10206.752,1463.989,0,6936.374,0,464.902,3144,4918,0.930,1.160,1.250,1,0,1.004,0,0,18,309,0,33,0
26-02 15:43:24,21.579,4.961,70.936,0.992,0,5256384,153656,181180,2415984,7024.186,1446.506,0,4908.993,0,455.382,4829,5506,0.930,1.160,1.250,3,0,0,0,0,18,311,0,33,0
26-02 15:43:25,25.773,4.801,65.697,1.769,0,5256132,153656,181180,2416236,6612.130,1473.630,0,2231.670,0,241.562,5471,7315,0.930,1.160,1.250,5,0,0,0,0,18,309,0,33,0
26-02 15:43:26,20.502,3.250,75.007,0.500,0,5083468,325680,181192,2416896,20029.796,267674.000,16.001,808.072,4.000,48.004,2337,1932,0.930,1.150,1.240,2,0,0,0,0,18,309,0,33,0
26-02 15:43:27,1.746,0.997,95.755,0,0,5073668,335512,181192,2416896,7938.649,1454.272,0,666.292,0,38.900,1281,1876,0.930,1.150,1.240,1,0,0,0,0,18,309,0,31,0
26-02 15:43:28,1.752,1.251,95.109,0.751,0,5073660,335516,181192,2416900,10905.457,1459.667,0,2134.438,0,123.141,1483,2246,0.930,1.150,1.240,1,0,0,0,0,18,309,0,31,0
26-02 15:43:29,1.000,0.500,96.747,0.250,0,5073656,335516,181196,2416900,9364.742,1457.960,0,719.980,0,62.998,1198,1734,0.930,1.150,1.240,1,0,0,0,0,18,309,0,31,0
26-02 15:43:30,1.500,0.750,96.507,0.250,0,5073656,335516,181196,2416900,9358.688,1458.107,0,108.008,0,9.001,1179,1591,0.930,1.150,1.240,2,0,0,0,0,18,309,0,31,0
26-02 15:43:31,1.250,0.750,97.005,0,0,5073652,335516,181196,2416904,8022.436,1458.079,0,0,0,0,998,1439,0.860,1.130,1.240,1,0,0,0,0,18,309,0,29,0
26-02 15:43:32,2.249,0.500,95.704,0,0,5073652,335516,181196,2416904,7266.489,1619.218,0,163.921,0,17.991,1281,1892,0.860,1.130,1.240,1,0,0,0,0,18,309,0,29,0
26-02 15:43:33,1.499,1.749,95.679,0.250,0,5073884,335268,181196,2416920,6580.136,1456.923,0,491.637,0,38.971,1430,2103,0.860,1.130,1.240,1,0,0.999,0,0,18,309,0,29,0
26-02 15:43:34,2.006,0.501,95.774,0.501,0,5073884,335268,181196,2416920,10474.917,1462.176,0,304.871,0,30.086,1336,1904,0.860,1.130,1.240,2,0,0,0,0,18,309,0,29,0
26-02 15:43:35,2.500,1.250,94.742,0.500,0,5073872,335268,181196,2416932,9262.171,1457.870,0,387.965,0,54.995,1590,2244,0.860,1.130,1.240,3,0,0,0,0,18,309,0,28,0
26-02 15:43:36,1.750,0.750,95.771,0,0,5073872,335268,181196,2416932,10359.251,1458.317,0,272.059,0,23.005,1337,1951,0.790,1.120,1.230,2,0,0,0,0,18,309,0,28,0
26-02 15:43:37,1.750,0.750,96.730,0,0,5073868,335268,181196,2416936,7874.333,1241.737,0,175.963,0,10.998,1105,1600,0.790,1.120,1.230,2,0,0,0,0,18,309,0,28,0
26-02 15:43:38,1.750,0.750,96.008,0.250,0,5073868,335268,181196,2416936,9809.785,810.065,0,108.009,0,16.001,1302,1816,0.790,1.120,1.230,1,0,0,0,0,18,309,0,28,0
26-02 15:43:39,2.000,0.750,96.755,0,0,5073864,335268,181200,2416936,7815.426,1242.068,0,524.029,0,13.001,1114,1593,0.790,1.120,1.230,1,0,0,0,0,18,309,0,28,0
26-02 15:43:40,1.500,1.000,96.750,0,0,5073860,335268,181200,2416940,7233.002,810.000,0,56.000,0,4.000,1187,1600,0.790,1.120,1.230,1,0,2.000,0,0,18,309,0,26,0
26-02 15:43:41,1.750,0.250,96.976,0,0,5073860,335268,181200,2416940,11068.285,1457.642,0,3.999,0,1.000,1047,1455,0.720,1.100,1.220,1,0,0,0,0,18,309,0,26,0
26-02 15:43:42,2.000,1.500,95.513,0.250,0,5073860,335268,181200,2416940,9907.358,1458.200,0,128.018,0,18.002,1460,2041,0.720,1.100,1.220,1,0,0,0,0,18,309,0,26,0
26-02 15:43:43,1.750,0.500,96.499,0.250,0,5074108,335020,181200,2416940,8458.912,1457.985,0,463.995,0,38.000,1290,1962,0.720,1.100,1.220,2,0,1.000,0,0,18,309,0,26,0
26-02 15:43:44,1.750,1.000,96.256,0.250,0,5074328,334796,181200,2416944,10512.695,1458.096,0,1212.080,0,226.015,1335,1691,0.720,1.100,1.220,1,0,0,0,0,18,309,0,25,0
26-02 15:43:45,2.244,2.244,94.240,0,0,5074576,334544,181200,2416948,10399.279,1507.836,0,446.766,0,6.981,1426,1684,0.720,1.100,1.220,3,0,5.983,0,0,18,309,0,25,0
26-02 15:43:46,2.256,0.501,96.512,0,0,5074576,334544,181200,2416948,11454.041,1570.255,0,48.130,0,6.016,1219,1563,0.670,1.080,1.220,1,0,0,0,0,18,309,0,25,0
26-02 15:43:47,2.250,0.750,96.002,0,0,5074576,334544,181200,2416948,39969.848,1458.031,0,88.002,0,13.000,1288,1761,0.670,1.080,1.220,2,0,0,0,0,18,309,0,25,0
26-02 15:43:48,1.749,1.000,95.968,0.500,0,5074576,334544,181200,2416948,10741.368,1457.507,0,247.916,0,22.992,1303,1887,0.670,1.080,1.220,1,0,0,0,0,18,309,0,22,0
26-02 15:43:49,1.250,0.500,96.480,0,0,5074576,334544,181200,2416948,9391.016,1457.692,0,171.964,0,10.998,1142,1589,0.670,1.080,1.220,2,0,0,0,0,18,309,0,22,0
26-02 15:43:50,2.000,1.000,96.024,0,0,5074572,334544,181200,2416952,10300.540,1458.360,0,112.028,0,16.004,1278,1824,0.670,1.080,1.220,1,0,0,0,0,18,309,0,22,0
26-02 15:43:51,2.244,0.748,95.748,0.249,0,5074572,334544,181200,2416952,6040.110,1454.175,0,251.339,0,22.940,1289,1900,0.610,1.060,1.210,1,0,0,0,0,18,309,0,22,0
26-02 15:43:52,2.006,1.254,95.795,0,0,5074560,334544,181200,2416964,10078.018,1462.501,0,296.914,0,28.086,1496,2089,0.610,1.060,1.210,1,0,0,0,0,18,309,0,21,0
26-02 15:43:53,0.998,0.998,96.038,0.499,0,5074552,334544,181200,2416972,9349.385,1508.673,0,339.252,0,29.934,1303,1989,0.610,1.060,1.210,1,0,0.998,0,0,18,309,0,21,0
26-02 15:43:54,2.004,0.501,96.703,0,0,5074552,334544,181200,2416972,13034.334,1461.064,0,216.454,0,15.032,1162,1554,0.610,1.060,1.210,1,0,0,0,0,18,309,0,21,0
26-02 15:43:55,1.000,0.500,97.001,0,0,5074552,334544,181200,2416972,9706.143,1458.021,0,32.000,0,4.000,1156,1584,0.610,1.060,1.210,1,0,0,0,0,18,309,0,21,0
26-02 15:43:56,1.747,0.749,96.329,0,0,5074552,334544,181200,2416972,8454.020,1401.517,0,0,0,0,1104,1527,0.560,1.040,1.200,1,0,0,0,0,18,309,0,19,0
26-02 15:43:57,8.236,2.246,88.603,0.499,0,5086396,322700,181204,2416968,142297.137,3248.615,3.993,135.775,0.998,13.977,1877,2011,0.560,1.040,1.200,2,0,2.995,0,0,18,309,0,19,0
26-02 15:43:58,15.152,3.974,77.996,0.745,0,5088640,320444,181208,2416976,292637.767,9613.868,0,3127.786,0,143.075,3244,3107,0.560,1.040,1.200,2,0,21.859,0,0,18,309,0,19,0
26-02 15:43:59,14.880,3.783,79.948,0.252,0.504,5082640,326328,181212,2417088,159585.626,8808.926,108.951,246.150,5.044,16.141,2795,2261,0.560,1.040,1.200,1,0,19.167,0,0,18,309,0,19,0
26-02 15:44:00,17.958,5.737,74.078,0,0.249,5102292,303824,181212,2419940,154038.957,3916.921,15.963,1269.058,0.998,144.665,2834,2110,0.560,1.040,1.200,2,0,16.961,0,0,18,309,0,17,0
26-02 15:44:01,22.836,6.023,71.017,0.251,0,5091596,306188,181212,2428272,8194.799,487.833,0,96.362,0,9.034,2401,1761,0.600,1.040,1.200,2,0,6.023,0,0,18,309,0,17,0
