"pcp-dstat 6.2.0 CSV Output"
"Author:","PCP team <pcp@groups.io> and Dag Wieers <dag@wieers.com>",,,,"URL:","https://pcp.io/ and http://dag.wieers.com/home-made/dstat/"
"Host:","np0000094293",,,,"User:","ubuntu"
"Cmdline:","dstat -tcmndrylpg --tcp --output /tmp/devstack_logs/dstat-csv.log",,,,"Date:","09 Jun 2026 19:25:42 UTC"
"system","total usage",,,,,"memory usage",,,,"net/total",,"dsk/total",,"io/total",,"system",,"load avg",,,"procs",,,"paging",,"tcp sockets",,,,
"time","total usage:usr","total usage:sys","total usage:idl","total usage:wai","total usage:stl","used","free","buf","cach","net/total:recv","net/total:send","dsk/total:read","dsk/total:writ","read","writ","int","csw","1m","5m","15m","run","blk","new","in","out","lis","act","syn","tim","clo"
09-06 19:25:42,,1017356,1628648,160956,5015332,,,,,,,1.370,1.090,0.700,4,0,,,,10,3,0,15,0
09-06 19:25:43,34.166,21.447,42.894,0.249,0,1051660,1594044,160960,5015632,15134.626,3400.602,0,167.586,0,13.966,6102,5096,1.370,1.090,0.700,3,0,280.308,0,0,10,4,0,15,0
09-06 19:25:44,31.779,20.769,45.541,0,0,1043716,1601832,161020,5015664,30138.386,8593.809,0,696.633,0,22.020,5202,3132,1.370,1.090,0.700,3,0,246.224,0,0,10,5,0,15,0
09-06 19:25:45,23.999,20.249,54.497,0.500,0,1058064,1587268,161124,5015776,29191.521,8017.594,0,1739.912,0,128.993,4798,2695,1.370,1.090,0.700,2,0,169.991,0,0,10,6,0,15,0
09-06 19:25:46,28.739,20.992,48.232,0.500,0,1037636,1607168,161220,5016492,33612.526,10292.180,0,1011.625,0,33.987,5661,5093,1.340,1.090,0.700,1,0,189.930,0,0,10,6,0,11,0
09-06 19:25:47,31.498,15.999,50.247,0.500,0,1048316,1596076,161324,5016300,25685.662,9569.502,0,1119.942,0,36.998,4468,2544,1.340,1.090,0.700,2,0,122.994,0,0,10,5,0,11,1
09-06 19:25:48,37.982,17.492,43.979,0.500,0,1036516,1607352,161448,5016984,24602.441,10082.263,0,1195.438,0,59.972,5506,5745,1.340,1.090,0.700,3,0,141.933,0,0,10,5,0,11,1
09-06 19:25:49,30.781,16.767,50.802,0.250,0,1137360,1505840,161548,5141920,42530.433,8545.727,0,1065.088,0,35.036,4869,4150,1.340,1.090,0.700,2,0,108.110,0,0,11,6,0,11,2
09-06 19:25:50,36.499,6.250,55.748,0.750,0,1146852,1495792,161700,5142224,27512.162,11920.637,16.000,1243.962,1.000,42.999,3168,1875,1.340,1.090,0.700,1,0,36.999,0,0,11,6,0,11,2
09-06 19:25:51,34.570,15.281,48.097,0.501,0,1160420,1459796,161868,5163484,176136.472,4699.458,0,1298.613,0,37.075,4551,2806,1.390,1.100,0.710,2,0,149.300,0,0,11,8,0,12,2
09-06 19:25:52,41.905,8.231,48.391,1.497,0,1182512,1421980,162816,5175852,22353.510,1616.349,287.351,2027.421,12.971,84.808,3651,2554,1.390,1.100,0.710,3,0,29.932,0,0,11,6,0,13,2
09-06 19:25:53,43.011,4.751,48.262,2.501,0,1230288,1353112,163388,5193908,14389.622,1620.408,1724.434,2868.722,115.029,138.035,3161,1864,1.390,1.100,0.710,3,0,0,0,0,11,6,0,13,2
09-06 19:25:54,42.202,5.744,47.946,2.997,0,1274920,1283992,164276,5215300,12616.788,1618.177,15.982,7199.890,0.999,351.604,4424,4527,1.390,1.100,0.710,3,0,4.994,0,0,11,8,0,13,2
09-06 19:25:55,33.802,6.260,42.565,14.022,0,1270380,1269556,165964,5230232,12668.485,1460.246,0,35438.508,0,2280.508,10140,18735,1.390,1.100,0.710,5,0,33.051,0,0,11,8,0,13,2
09-06 19:25:56,34.177,6.985,40.414,15.218,0,1274148,1237932,167092,5254956,11177.182,1616.555,0,38394.183,0,2607.444,10486,19510,1.520,1.130,0.720,2,0,17.962,0,0,11,8,0,13,2
09-06 19:25:57,37.564,8.514,37.063,13.523,0.250,1293012,1224196,168228,5247296,13698.208,1995.381,0,51835.824,0,3114.276,10722,17108,1.520,1.130,0.720,2,0,27.046,0,0,11,6,0,13,1
09-06 19:25:58,40.761,10.753,47.262,0.750,0,1153904,1363384,168264,5247188,10824.845,1458.383,0,3841.010,0,227.060,4235,2935,1.520,1.130,0.720,2,0,94.025,0,0,11,4,0,13,0
09-06 19:25:59,39.754,5.001,54.256,0.250,0,1242820,1274444,168276,5247200,15196.701,4249.476,0,1352.151,0,69.008,2843,1672,1.520,1.130,0.720,2,0,16.002,0,0,11,5,0,13,0
09-06 19:26:00,44.999,5.750,45.749,2.250,0,1213088,1296728,168684,5253416,12995.665,1793.954,0,8955.769,0,435.989,3854,3215,1.520,1.130,0.720,2,0,13.000,0,0,11,4,0,13,0
09-06 19:26:01,43.465,9.492,44.964,0.250,0,1260732,1247868,168720,5254448,10452.575,1456.826,0,635.488,0,21.982,13466,22801,1.560,1.150,0.730,2,0,9.992,0,0,11,4,0,13,0
09-06 19:26:02,46.172,6.739,45.923,0,0,1244016,1264292,168772,5254616,9574.896,1617.280,0,135.772,0,4.992,10502,16764,1.560,1.150,0.730,3,0,11.980,0,0,11,4,0,13,0
09-06 19:26:03,28.324,24.314,45.369,0.251,0,1239272,1271236,168832,5252308,11596.297,1515.961,0,2273.941,0,49.128,8339,9025,1.560,1.150,0.730,2,0,286.749,0,0,11,4,0,12,0
09-06 19:26:04,31.016,23.762,44.523,0,0,1156552,1359428,168832,5247492,11970.145,1620.832,0,40.021,0,8.004,5425,3376,1.560,1.150,0.730,2,0,240.123,0,0,11,4,0,12,0
09-06 19:26:05,28.458,25.213,44.685,0,0,1136724,1379176,168832,5247972,12537.646,1563.711,0,31.953,0,7.988,5868,4542,1.560,1.150,0.730,2,0,270.604,0,0,11,4,0,12,0
09-06 19:26:06,20.209,12.973,61.624,3.493,0,1099684,1409080,168832,5254896,12568.313,1616.696,7077.535,23.951,70.855,1.996,4636,5425,1.510,1.150,0.730,1,0,103.788,0,0,11,4,0,12,0
09-06 19:26:07,46.601,16.536,36.078,0.251,0,1197016,1311140,168836,5255820,9639.805,1623.504,613.324,11364.527,7.015,68.147,4272,2783,1.510,1.150,0.730,2,0,123.266,0,0,11,5,0,11,0
09-06 19:26:08,47.029,3.252,49.030,0.500,0,1265756,1241336,168848,5256864,14653.908,1620.985,512.311,600.365,10.006,27.016,2715,1296,1.510,1.150,0.730,2,0,0,0,0,11,5,0,11,0
09-06 19:26:09,44.054,8.761,47.057,0,0,1295032,1211224,168848,5257700,12495.201,1621.973,0,588.716,0,46.056,3109,2502,1.510,1.150,0.730,4,0,0,0,0,11,5,0,11,0
09-06 19:26:10,18.723,12.482,67.155,0,0,1289696,1215044,168848,5259180,9499.550,1617.710,0,2788.053,0,60.914,4543,4002,1.510,1.150,0.730,1,0,117.833,0,0,11,4,0,12,0
09-06 19:26:11,10.497,3.999,84.723,0,0,1305376,1199352,168852,5259184,12446.095,1511.526,0,2755.135,0,72.977,1703,1514,1.470,1.140,0.730,1,0,22.993,0,0,11,4,0,12,0
09-06 19:26:12,22.002,5.501,71.508,0,0,1365008,1139716,168852,5259188,10887.172,1620.174,0,37768.064,0,335.036,2088,1587,1.470,1.140,0.730,1,0,0,0,0,11,4,0,12,0
09-06 19:26:13,24.260,2.001,73.529,0.250,0,1380352,1124200,168852,5259368,12374.866,1620.637,0,1660.653,0,5.002,1771,1134,1.470,1.140,0.730,1,0,0,0,0,11,4,0,12,0
09-06 19:26:14,21.748,4.250,71.243,1.250,0,1288260,1216232,168908,5259436,10649.933,1619.838,0,1435.856,0,182.982,3868,4905,1.470,1.140,0.730,1,0,21.998,0,0,11,4,0,14,0
09-06 19:26:15,20.250,6.000,71.750,1.250,0,1338964,1165452,168936,5259480,8961.999,1620.000,44.000,2632.000,3.000,152.000,2405,2185,1.470,1.140,0.730,1,0,22.000,0,0,11,4,0,14,0
09-06 19:26:16,19.248,2.000,77.742,0.250,0,1373456,1130492,168948,5259856,17261.161,3956.578,187.980,935.900,2.000,66.993,1738,1105,1.430,1.140,0.730,1,0,0,0,0,11,9,0,14,0
09-06 19:26:17,18.495,2.499,73.230,4.749,0,1373308,1130248,168992,5260088,16449.520,3965.920,267.927,791.784,65.982,13.996,2371,2346,1.430,1.140,0.730,1,0,1.000,0,0,11,25,0,14,0
09-06 19:26:18,21.508,2.251,75.278,0.250,0,1361676,1141860,168992,5260108,16777.211,5218.932,0,1324.490,0,16.006,2293,1829,1.430,1.140,0.730,1,0,9.003,0,0,11,28,0,15,0
09-06 19:26:19,19.257,7.002,73.026,0,0,1360148,1143384,168992,5260112,11211.961,1620.573,0,0,0,0,2405,1669,1.430,1.140,0.730,1,0,36.013,0,0,11,28,0,15,0
09-06 19:26:20,17.483,2.498,78.672,0,0,1376840,1126688,168992,5260116,16853.385,5539.539,0,55.945,0,3.996,1849,1312,1.430,1.140,0.730,1,0,0,0,0,11,29,0,15,0
09-06 19:26:21,17.243,10.995,70.220,0,0,1350076,1153432,168992,5260136,14711.700,3707.412,0,11.995,0,2.999,3436,2390,1.480,1.160,0.740,2,0,121.948,0,0,11,28,0,16,0
09-06 19:26:22,40.911,10.290,48.440,0,0,1431564,1071936,168992,5260144,10183.957,1505.908,0,0,0,0,3144,1680,1.480,1.160,0.740,2,0,34.134,0,0,11,28,0,16,0
09-06 19:26:23,37.157,4.489,57.106,0.499,0,1505852,997636,168992,5260152,16343.873,7808.351,0,17587.743,0,138.651,3100,2075,1.480,1.160,0.740,1,0,0,0,0,11,30,0,16,0
09-06 19:26:24,39.929,4.991,52.656,0,0,1506324,996908,168992,5260408,22206.309,10049.039,0,570.979,0,17.968,5212,5929,1.480,1.160,0.740,2,0,0.998,0,0,11,30,0,16,0
09-06 19:26:25,37.605,18.803,42.619,0.251,0,1395804,1107400,168992,5260436,17349.460,5613.680,0,256.717,0,28.078,5439,5000,1.480,1.160,0.740,3,0,196.549,0,0,11,28,0,17,0
09-06 19:26:26,71.106,27.040,2.003,0,0,1522844,980300,168996,5260460,12936.316,1622.422,0,224.335,0,18.027,5417,4015,1.840,1.240,0.770,7,0,382.571,0,0,11,28,0,17,0
09-06 19:26:27,87.468,10.746,1.749,0,0,1764336,738636,169004,5260608,15613.304,7864.131,0,1523.444,0,145.947,5207,2816,1.840,1.240,0.770,5,0,0,0,0,11,31,0,17,0
09-06 19:26:28,74.245,9.249,15.499,0.250,0,1838656,664100,169092,5260704,47712.489,28991.867,0,82845.904,0,656.952,8174,10633,1.840,1.240,0.770,4,0,0,0,0,11,34,0,17,0
09-06 19:26:29,69.900,14.230,14.979,0.250,0,1578808,923748,169112,5260884,25002.238,13992.985,0,818.829,0,78.887,8058,9755,1.840,1.240,0.770,1,0,309.557,0,0,11,28,0,23,0
09-06 19:26:30,19.993,2.249,76.471,0,0,1583480,919060,169120,5260892,11262.778,3590.654,0,199.925,0,7.997,1716,1211,1.840,1.240,0.770,0,0,0,0,0,11,29,0,23,0
09-06 19:26:31,18.955,2.245,77.315,0,0,1560224,942304,169124,5260900,13632.312,5706.317,0,139.665,0,8.978,2748,2753,1.770,1.230,0.770,1,0,0,0,0,11,29,0,19,0
09-06 19:26:32,17.526,8.763,71.608,0,0,1515488,987012,169144,5260908,14523.959,2450.705,0,228.345,0,22.033,2995,2312,1.770,1.230,0.770,1,0,68.103,0,0,11,28,0,20,0
09-06 19:26:33,22.505,3.501,73.766,0.250,0,1536292,966208,169144,5260908,12140.561,1620.342,0,132.028,0,7.001,1944,1332,1.770,1.230,0.770,1,0,0,0,0,11,28,0,20,0
09-06 19:26:34,17.490,3.248,78.454,0,0,1525080,977384,169144,5260920,18854.998,7801.448,0,343.799,0,17.990,2727,2487,1.770,1.230,0.770,2,0,6.996,0,0,11,29,0,20,0
09-06 19:26:35,16.261,12.509,69.798,0.250,0,1468844,1033584,169160,5260940,11043.529,2479.691,0,204.139,0,30.020,4176,3294,1.770,1.230,0.770,1,0,138.094,0,0,11,28,0,17,0
09-06 19:26:36,8.500,22.499,67.497,0,0,1448992,1053436,169164,5260936,24718.062,1619.939,0,207.992,0,8.000,5177,3115,1.770,1.230,0.770,3,0,289.989,0,0,11,28,0,17,0
09-06 19:26:37,18.037,32.316,47.847,0.251,0,1429112,1073292,169168,5260956,10944.250,1515.080,0,1462.974,0,137.279,5535,3474,1.710,1.230,0.770,3,0,348.709,0,0,11,28,0,17,0
09-06 19:26:38,75.236,23.496,1.250,0,0,1537300,965068,169184,5260852,10116.075,1619.692,0,907.827,0,47.991,5737,11985,1.710,1.230,0.770,5,0,297.943,0,0,11,28,0,18,0
09-06 19:26:39,86.121,8.737,4.993,0,0,1753444,748896,169184,5261000,27723.598,15027.558,0,0,0,0,5189,2964,1.710,1.230,0.770,4,0,0,0,0,11,33,0,18,0
09-06 19:26:40,71.564,8.758,19.267,0,0,1732968,769060,169192,5261304,47213.911,33704.920,0,444.394,0,48.043,9337,14769,1.710,1.230,0.770,5,0,30.027,0,0,11,30,0,18,0
09-06 19:26:41,78.398,20.224,0.749,0,0,1598296,903548,169204,5261476,11640.873,4677.921,0,407.471,0,30.960,6121,5935,1.710,1.230,0.770,6,0,279.637,0,0,11,28,0,18,0
09-06 19:26:42,91.011,9.026,0,0,0,1765700,736136,169208,5261480,13683.228,3894.164,0,605.737,0,10.029,4900,2266,2.060,1.310,0.800,5,0,0,0,0,11,29,1,18,0
09-06 19:26:43,84.059,8.730,6.485,0,0,1838916,662884,169212,5261512,44380.385,34972.714,0,925.901,0,9.977,6784,9450,2.060,1.310,0.800,4,0,0,0,0,11,34,0,18,0
09-06 19:26:44,76.168,12.778,10.273,0,0,1686008,815616,169228,5261768,42495.743,28643.185,0,5556.257,0,437.966,9241,13926,2.060,1.310,0.800,3,0,219.484,0,0,11,28,0,23,0
09-06 19:26:45,49.825,9.218,40.856,0,0,1528928,972684,169228,5261780,10605.682,1363.203,0,211.257,0,10.961,3463,1938,2.060,1.310,0.800,1,0,79.719,0,0,11,28,0,23,0
09-06 19:26:46,32.526,3.503,62.799,0.250,0,1551916,949520,169228,5261956,21071.541,11397.948,0,216.170,0,11.009,3249,2970,2.060,1.310,0.800,2,0,0,0,0,11,30,0,23,0
09-06 19:26:47,36.059,23.789,37.561,0.751,0,1510172,991220,169228,5262000,19810.239,8730.208,0,1666.712,0,115.187,6319,6543,2.050,1.320,0.800,6,0,303.494,0,0,11,29,0,24,0
09-06 19:26:48,73.475,12.996,13.745,0,0,1562900,938476,169228,5262016,12218.903,2753.077,0,3.999,0,1.000,4585,2582,2.050,1.320,0.800,3,0,74.975,0,0,11,28,0,25,0
09-06 19:26:49,52.981,5.970,40.046,0,0,1622628,878736,169228,5262028,25237.701,14449.544,0,187.049,0,1.990,4109,3083,2.050,1.320,0.800,4,0,1.990,0,0,11,31,0,25,0
09-06 19:26:50,54.315,7.041,37.216,0,0.251,1574372,926896,169240,5262080,29679.919,17171.464,0,506.936,0,59.344,8049,10200,2.050,1.320,0.800,3,0,71.414,0,0,11,28,0,26,0
09-06 19:26:51,78.811,20.516,0.751,0,0,1562820,938432,169240,5262096,13043.064,1621.251,0,252.195,0,11.008,5056,2582,2.050,1.320,0.800,4,0,187.144,0,0,11,28,0,26,0
09-06 19:26:52,72.739,7.999,18.747,0,0,1660648,840456,169244,5262240,27752.822,17231.406,0,191.971,0,7.999,5092,3320,2.210,1.360,0.820,4,0,0,0,0,11,32,0,24,0
09-06 19:26:53,61.228,9.247,27.490,0.250,0,1635124,865888,169256,5262320,34629.636,26300.609,0,3346.805,0,166.940,8461,11993,2.210,1.360,0.820,5,0,65.976,0,0,11,29,0,26,0
09-06 19:26:54,69.101,17.213,13.471,0,0,1558592,942268,169256,5262472,10659.044,1879.951,0,203.562,0,12.972,4625,2979,2.210,1.360,0.820,3,0,258.443,0,0,11,28,0,27,0
09-06 19:26:55,56.273,5.502,37.766,0,0,1635064,865784,169260,5262480,24154.931,13376.499,0,296.122,0,35.014,4042,2947,2.210,1.360,0.820,3,0,0,0,0,11,31,0,27,0
09-06 19:26:56,54.498,7.500,35.498,0,0,1614388,886396,169276,5262528,29103.666,15544.288,0,551.975,0,37.998,7218,8048,2.210,1.360,0.820,3,0,22.999,0,0,11,30,0,28,0
09-06 19:26:57,62.616,22.542,14.277,0.250,0,1523496,977256,169276,5262560,15616.053,4873.066,0,356.664,0,28.052,5771,4809,2.270,1.390,0.830,3,0,276.514,0,0,11,28,0,29,0
09-06 19:26:58,58.107,6.733,34.415,0,0,1634900,865716,169276,5262696,16843.609,7071.623,0,151.627,0,5.985,3744,1867,2.270,1.390,0.830,2,0,0,0,0,11,31,0,29,0
09-06 19:26:59,54.039,5.754,39.529,0.250,0,1628356,872228,169280,5262724,25761.797,14757.768,0,244.178,0,22.016,5695,5956,2.270,1.390,0.830,3,0,0,0,0,11,30,0,30,0
09-06 19:27:00,59.834,22.031,16.774,0.250,0,1432696,1067708,169300,5262884,23098.567,10891.356,0,296.418,0,23.032,6515,6350,2.270,1.390,0.830,3,0,287.405,0,0,11,28,0,32,0
09-06 19:27:01,67.287,8.255,24.513,0,0,1569668,930708,169304,5262908,8488.631,1620.884,0,180.098,0,8.004,3661,1504,2.270,1.390,0.830,3,0,0,0,0,11,28,0,32,0
09-06 19:27:02,49.615,4.986,43.881,0,0,1597836,902524,169304,5262924,22845.036,16331.703,0,143.610,0,7.978,4810,3972,2.330,1.420,0.840,1,0,0,0,0,11,31,0,32,0
09-06 19:27:03,51.261,9.752,36.758,0.250,0,1557612,942608,169316,5263048,24588.117,12419.585,0,824.172,0,63.013,6998,7869,2.330,1.420,0.840,4,0,64.013,0,0,11,28,0,34,0
09-06 19:27:04,62.688,12.737,23.976,0,0,1531368,968836,169316,5263056,11353.749,1618.396,0,107.893,0,7.992,4099,2039,2.330,1.420,0.840,3,0,48.951,0,0,11,28,0,34,0
09-06 19:27:05,55.512,6.501,37.508,0,0,1611356,888712,169316,5263192,22549.019,11332.522,0,116.026,0,9.002,3925,2304,2.330,1.420,0.840,2,0,0,0,0,11,31,0,34,0
09-06 19:27:06,52.741,7.499,38.744,0,0,1587240,912656,169324,5263356,25061.798,12474.909,0,587.901,0,52.991,5781,6249,2.330,1.420,0.840,5,0,29.995,0,0,11,30,0,35,0
09-06 19:27:07,65.947,25.577,8.275,0,0,1527136,972716,169324,5263400,21550.485,6565.646,0,328.984,0,34.102,6342,6169,2.380,1.440,0.860,5,0,415.243,0,0,11,28,0,36,0
09-06 19:27:08,80.759,18.752,0,0,0,1663452,836356,169324,5263440,14220.626,3903.446,0,180.021,0,12.001,5612,4422,2.380,1.440,0.860,9,0,378.043,0,0,11,29,0,36,0
09-06 19:27:09,80.620,17.472,1.248,0,0,1815848,683904,169324,5263496,32882.118,24279.952,0,427.313,0,20.966,6795,7087,2.380,1.440,0.860,6,0,449.277,0,0,11,32,0,36,0
09-06 19:27:10,79.672,17.037,2.505,0,0,1829144,670344,169332,5263744,45398.923,33025.233,0,473.020,0,42.091,8407,10104,2.380,1.440,0.860,7,0,328.709,0,0,11,31,0,36,0
09-06 19:27:11,84.176,15.237,0.749,0,0,1613640,885792,169344,5263784,20352.141,9580.593,0,259.772,0,24.978,6314,5553,2.380,1.440,0.860,5,0,253.777,0,0,11,29,0,37,0
09-06 19:27:12,83.050,10.006,7.004,0,0,1720232,779032,169344,5263952,28746.153,21674.933,0,148.088,0,8.005,6622,6603,2.590,1.500,0.880,3,0,0,0,0,11,32,0,36,0
09-06 19:27:13,67.591,13.967,17.708,0,0,1656080,843108,169352,5264020,44115.226,30474.314,0,981.691,0,11.972,8928,12863,2.590,1.500,0.880,5,0,265.376,0,0,11,30,0,38,1
09-06 19:27:14,32.673,22.198,43.648,0,0,1546708,952288,169352,5264208,20450.095,8354.429,0,427.000,0,37.911,7027,6619,2.590,1.500,0.880,1,0,396.072,0,0,11,28,0,41,0
09-06 19:27:15,18.271,31.536,49.306,0,0,1526440,972540,169352,5264224,12499.230,1621.846,0,24.027,0,6.007,5352,3326,2.590,1.500,0.880,3,0,329.375,0,0,11,28,0,41,0
09-06 19:27:16,59.441,34.109,6.521,0,0,1534388,964568,169356,5264244,11266.131,1625.212,0,220.708,0,19.061,5747,4621,2.590,1.500,0.880,5,0,572.837,0,0,11,28,0,39,0
09-06 19:27:17,76.295,11.006,11.507,0.500,0,1651372,847516,169376,5264296,22232.113,14607.616,0,2341.381,0,124.073,5696,4791,2.950,1.600,0.910,2,0,41.024,0,0,11,33,0,39,0
09-06 19:27:18,66.089,9.726,22.944,0.249,0,1676896,821916,169396,5264344,32121.846,18353.345,0,2972.767,0,126.692,6279,7914,2.950,1.600,0.910,5,0,67.835,0,0,11,34,0,41,0
09-06 19:27:19,75.437,15.037,9.524,0,0,1583616,915156,169396,5264384,18631.222,8745.697,0,441.094,0,39.097,5719,5484,2.950,1.600,0.910,3,0,201.500,0,0,11,33,0,43,0
09-06 19:27:20,76.205,7.995,15.741,0,0,1699972,798632,169400,5264548,29868.180,14909.105,0,199.881,0,8.995,5214,5063,2.950,1.600,0.910,2,0,0,0,0,11,36,0,42,0
09-06 19:27:21,57.021,7.470,33.615,0,0,1699736,798800,169400,5264612,50133.367,24045.292,0,155.375,0,7.968,7434,9813,2.950,1.600,0.910,2,0,0,0,0,11,36,0,42,0
09-06 19:27:22,57.485,8.248,32.241,0.250,0,1659548,838788,169408,5264800,28941.292,17116.441,0,235.937,0,22.994,8143,9793,3.030,1.640,0.930,4,0,29.992,0,0,11,35,0,42,0
09-06 19:27:23,65.630,7.014,25.801,0,0,1706824,791432,169420,5264864,27034.604,17764.223,0,216.429,0,18.036,7821,9076,3.030,1.640,0.930,4,0,0,0,0,11,34,1,42,0
09-06 19:27:24,75.958,14.540,9.275,0.251,0,1557444,940752,169448,5264892,19190.528,8762.986,0,401.098,0,43.118,5943,5444,3.030,1.640,0.930,5,0,91.250,0,0,11,33,0,42,0
09-06 19:27:25,71.759,9.187,17.878,0,0,1689196,808836,169448,5265056,23145.576,15301.268,0,170.831,0,10.925,5834,5936,3.030,1.640,0.930,3,0,0,0,0,11,35,0,41,0
09-06 19:27:26,64.647,6.989,26.957,0,0,1694624,803340,169448,5265120,38365.835,23749.138,0,143.771,0,7.987,7821,9689,3.030,1.640,0.930,4,0,0,0,0,11,35,0,42,0
09-06 19:27:27,60.780,11.804,26.623,0,0,1703704,794040,169452,5265332,36038.839,23507.173,0,160.740,0,10.046,9481,12379,3.110,1.670,0.950,3,0,71.328,0,0,11,35,0,42,0
09-06 19:27:28,69.774,12.298,17.318,0,0,1521208,976356,169452,5265508,36338.484,19938.178,0,124.488,0,8.031,7083,8165,3.110,1.670,0.950,5,0,151.594,0,0,11,33,0,45,0
09-06 19:27:29,77.007,12.001,10.501,0,0,1622756,874756,169460,5265552,19632.716,10864.949,0,124.011,0,9.001,5672,5433,3.110,1.670,0.950,3,0,38.003,0,0,11,34,0,42,0
09-06 19:27:30,63.445,7.435,27.510,0,0,1670296,827152,169460,5265612,35443.230,23560.087,0,202.233,0,16.853,7115,8429,3.110,1.670,0.950,4,0,0,0,0,11,35,0,42,0
09-06 19:27:31,72.257,11.581,16.113,0,0,1637772,859488,169460,5265792,24812.147,15395.052,0,132.933,0,10.071,6732,8163,3.110,1.670,0.950,4,0,64.452,0,0,11,33,0,44,0
09-06 19:27:32,78.590,12.514,8.510,0,0,1592212,905020,169468,5265812,16866.352,9261.627,0,212.244,0,19.022,5093,3873,3.180,1.710,0.960,3,0,64.074,0,0,11,34,0,44,0
09-06 19:27:33,70.125,8.235,20.963,0,0,1622100,875072,169480,5265856,25851.819,19414.319,0,235.579,0,21.961,5470,6783,3.180,1.710,0.960,2,0,33.939,0,0,11,35,0,40,0
09-06 19:27:34,72.170,12.028,14.785,0.251,0,1646792,850180,169484,5266044,33857.829,19817.726,0,2966.996,0,131.310,7291,9527,3.180,1.710,0.960,4,0,93.220,0,0,11,33,0,42,0
09-06 19:27:35,73.135,9.984,16.724,0,0,1701024,795892,169484,5266096,29402.930,18062.699,0,139.781,0,9.984,5550,6506,3.180,1.710,0.960,5,0,58.908,0,0,11,34,0,43,0
09-06 19:27:36,70.357,12.519,16.275,0,0,1641928,854800,169488,5266276,32055.683,19283.285,0,132.201,0,8.012,6886,8143,3.180,1.710,0.960,4,0,125.190,0,0,11,34,0,44,0
09-06 19:27:37,79.752,10.750,9.250,0,0,1574776,921924,169488,5266304,20707.506,10297.252,0,116.003,0,8.000,5436,4249,3.330,1.770,0.980,4,0,77.002,0,0,11,33,0,45,0
09-06 19:27:38,75.922,12.487,10.739,0,0,1647848,848820,169488,5266336,26911.445,15480.150,0,119.877,0,7.992,5967,18593,3.330,1.770,0.980,3,0,69.928,0,0,11,34,0,47,0
09-06 19:27:39,71.529,9.254,18.257,0,0,1634564,861916,169496,5266508,27852.297,17321.025,0,232.094,0,24.010,6285,7722,3.330,1.770,0.980,4,0,44.018,0,0,11,34,0,48,0
09-06 19:27:40,58.279,15.508,25.513,0,0,1594668,901756,169516,5266544,19373.805,10470.299,0,516.261,0,38.019,5720,4914,3.330,1.770,0.980,3,0,154.078,0,0,11,32,0,51,0
09-06 19:27:41,59.221,12.494,27.736,0,0,1573440,922980,169520,5266548,15235.501,3975.043,0,159.921,0,13.993,4355,2343,3.330,1.770,0.980,3,0,59.970,0,0,11,33,0,49,0
09-06 19:27:42,57.121,6.236,35.669,0.249,0,1634128,862096,169520,5266744,26287.573,14455.322,0,211.522,0,13.968,4742,4611,3.300,1.790,1,2,0,0,0,0,11,35,0,49,0
09-06 19:27:43,52.112,12.276,34.324,0,0,1518036,978140,169528,5266784,24564.891,15824.071,0,144.311,0,9.019,6594,7565,3.300,1.790,1,3,0,98.211,0,0,11,33,0,51,0
09-06 19:27:44,59.605,14.714,24.690,0,0,1525124,970908,169528,5266928,16492.803,3695.992,0,1288.859,0,10.973,4454,2602,3.300,1.790,1,4,0,84.793,0,0,11,32,0,52,0
09-06 19:27:45,52.610,5.984,41.141,0,0,1618444,877572,169532,5266940,19663.852,11003.818,0,167.556,0,9.974,3790,2320,3.300,1.790,1,4,0,0,0,0,11,34,0,47,0
09-06 19:27:46,53.482,6.277,39.421,0.251,0.251,1624456,871424,169544,5267056,27098.564,14424.579,0,470.039,0,31.135,5956,6512,3.300,1.790,1,4,0,0,0,0,11,35,0,47,0
09-06 19:27:47,45.651,11.725,40.662,0.249,0,1561700,934124,169560,5267092,21343.700,11650.727,0,395.143,0,34.924,6804,6934,3.360,1.830,1.010,2,0,126.725,0,0,11,32,0,50,0
09-06 19:27:48,36.273,15.009,47.780,0.250,0,1491904,1003916,169564,5267092,10593.622,1512.946,0,112.070,0,6.004,3865,2114,3.360,1.830,1.010,2,0,94.059,0,0,11,32,0,50,0
09-06 19:27:49,41.573,4.508,52.842,0,0,1552428,943252,169564,5267232,17544.679,5987.470,0,2648.631,0,140.245,3420,2328,3.360,1.830,1.010,2,0,0,0,0,11,33,0,48,0
09-06 19:27:50,37.960,4.246,56.191,0.250,0,1549632,946024,169568,5267252,21326.615,10436.046,0,815.144,0,76.919,4307,3773,3.360,1.830,1.010,0,0,0,0,0,11,34,0,48,0
09-06 19:27:51,39.551,7.259,51.816,0,0,1504000,991604,169568,5267304,12979.588,5415.922,0,100.128,0,6.008,4679,4316,3.360,1.830,1.010,2,0,34.044,0,0,11,32,0,50,0
09-06 19:27:52,34.702,14.230,49.931,0,0,1530484,965108,169568,5267316,14660.660,3533.098,0,7.989,0,1.997,3821,2078,3.250,1.830,1.020,1,0,103.856,0,0,11,33,0,50,0
09-06 19:27:53,40.572,4.508,54.347,0,0,1569448,926156,169580,5267320,14544.924,6562.697,0,164.293,0,17.030,3193,2696,3.250,1.830,1.020,0,0,1.002,0,0,11,34,0,48,0
09-06 19:27:54,35.065,10.196,53.717,0.249,0,1488616,1006972,169580,5267332,19411.816,6630.099,0,1138.010,0,156.178,3929,2965,3.250,1.830,1.020,2,0,60.681,0,0,11,33,0,49,0
09-06 19:27:55,41.633,3.762,52.919,0,0,1537676,957884,169588,5267348,18776.856,6922.066,0,132.422,0,13.042,3986,3560,3.250,1.830,1.020,1,0,1.003,0,0,11,32,1,50,0
09-06 19:27:56,38.933,6.489,53.908,0.250,0,1487780,1007764,169592,5267360,16745.354,7961.381,0,123.788,0,7.986,3588,2967,3.250,1.830,1.020,3,0,4.991,0,0,11,33,0,50,0
09-06 19:27:57,39.294,4.755,54.811,0,0,1494920,1000484,169592,5267508,23636.313,11321.604,0,112.125,0,8.009,3933,3614,3.390,1.880,1.040,2,0,12.013,0,0,11,33,0,47,0
09-06 19:27:58,38.999,7.750,52.998,0,0,1493288,1002096,169592,5267528,17788.357,6377.769,0,0,0,0,3999,3343,3.390,1.880,1.040,2,0,30.999,0,0,11,33,0,47,0
09-06 19:27:59,40.083,6.513,52.860,0.251,0,1496412,998944,169600,5267548,19365.118,7433.399,0,264.548,0,23.048,3615,2870,3.390,1.880,1.040,2,0,5.010,0,0,11,33,0,48,0
09-06 19:28:00,42.781,4.753,51.288,0,0,1554628,940708,169604,5267564,16425.047,6853.026,0,120.088,0,9.007,4363,3952,3.390,1.880,1.040,5,0,0,0,0,11,34,0,48,0
09-06 19:28:01,33.148,9.969,54.583,0,0,1515764,979540,169616,5267584,21271.860,10034.272,0,211.353,0,19.939,4908,4507,3.390,1.880,1.040,4,0,82.747,0,0,11,33,0,46,0
09-06 19:28:02,25.766,19.012,53.783,0,0,1466220,1029004,169620,5267656,15734.592,5541.378,0,264.161,0,20.012,5242,4129,3.280,1.880,1.040,1,0,199.121,0,0,11,32,0,47,0
09-06 19:28:03,21.741,3.998,73.471,0,0,1460632,1034592,169620,5267656,16515.527,1619.365,0,167.934,0,8.996,1871,1225,3.280,1.880,1.040,2,0,0,0,0,11,32,0,47,0
09-06 19:28:04,18.750,2.500,77.748,0,0,1476448,1018772,169620,5267660,14463.720,6566.873,0,103.998,0,7.000,2056,1635,3.280,1.880,1.040,1,0,1.000,0,0,11,33,0,47,0
09-06 19:28:05,17.991,2.249,77.960,0.500,0,1465912,1029160,169628,5267800,22176.648,6377.735,0,491.748,0,34.982,3394,3799,3.280,1.880,1.040,1,0,0,0,0,11,33,0,47,0
09-06 19:28:06,13.260,15.262,69.555,0,0,1404104,1090944,169636,5267812,24121.999,2537.999,0,224.177,0,24.019,4236,2859,3.280,1.880,1.040,2,0,181.143,0,0,11,32,0,46,0
09-06 19:28:07,16.745,10.747,71.228,0,0,1401152,1093888,169636,5267820,12018.232,1457.543,0,15.995,0,3.999,3078,1979,3.010,1.850,1.040,1,0,102.968,0,0,11,32,0,46,0
09-06 19:28:08,18.495,2.249,77.978,0,0,1441836,1053200,169636,5267824,15287.784,3975.903,0,259.928,0,14.996,1768,1292,3.010,1.850,1.040,1,0,0,0,0,11,33,0,46,0
09-06 19:28:09,20.511,3.002,75.039,0.250,0.250,1435480,1059532,169644,5267840,19913.265,7445.838,0,348.179,0,26.013,3390,3597,3.010,1.850,1.040,1,0,0,0,0,11,33,0,46,0
09-06 19:28:10,19.251,6.500,73.502,0,0,1401712,1093292,169644,5267848,15870.470,4016.119,0,1420.042,0,138.004,3042,2419,3.010,1.850,1.040,1,0,46.001,0,0,11,32,0,45,0
09-06 19:28:11,23.002,2.750,73.257,0,0,1419240,1075764,169644,5267848,9827.944,1620.156,0,48.005,0,3.000,1825,1220,3.010,1.850,1.040,2,0,0,0,0,11,32,0,45,0
09-06 19:28:12,17.748,2.500,78.743,0,0,1427212,1067784,169644,5267856,14195.763,7128.379,0,0,0,0,1975,1569,2.850,1.840,1.040,3,0,0,0,0,11,33,0,45,0
09-06 19:28:13,19.497,2.500,75.989,0,0,1422676,1072300,169644,5267872,17763.429,6667.035,0,147.979,0,5.999,3516,3638,2.850,1.840,1.040,0,0,0,0,0,11,33,0,45,0
09-06 19:28:14,20.509,2.751,75.033,0.250,0,1378240,1116716,169648,5267888,16032.041,4477.967,0,116.051,0,13.006,3308,3291,2.850,1.840,1.040,1,0,2.001,0,0,11,32,0,40,0
09-06 19:28:15,10.997,21.494,66.982,0,0,1371980,1122856,169656,5268000,12742.603,1457.611,0,495.868,0,5.998,5015,2971,2.850,1.840,1.040,1,0,252.933,0,0,11,32,0,40,0
09-06 19:28:16,9.001,24.752,64.256,0,0,1363356,1131432,169656,5268044,13647.193,1620.142,0,12.001,0,3.000,5051,3054,2.850,1.840,1.040,2,0,267.023,0,0,11,32,0,40,0
09-06 19:28:17,36.256,14.752,47.758,0.750,0,1394520,1100204,169668,5268092,13321.200,1620.268,36.006,508.084,1.000,30.005,3979,2547,2.940,1.870,1.050,2,0,105.017,0,0,11,32,0,42,0
09-06 19:28:18,44.473,5.247,48.720,0.750,0,1511884,981260,169696,5269392,10516.544,1619.006,303.813,543.666,11.993,18.988,2888,1606,2.940,1.870,1.050,2,0,1.999,0,0,11,34,0,40,0
09-06 19:28:19,36.759,6.002,41.010,13.753,0,1543692,944748,170316,5273040,9474.387,1620.408,132.033,15111.807,5.001,1566.395,9209,15413,2.940,1.870,1.050,3,0,63.016,0,0,11,36,0,40,0
09-06 19:28:20,38.476,8.495,36.477,13.991,0.250,1507760,977916,170584,5275428,12309.271,1618.983,0,30620.774,0,2598.369,11110,20864,2.940,1.870,1.050,2,1,60.962,0,0,11,36,0,40,0
09-06 19:28:21,36.254,9.188,37.247,13.409,0,1540476,943860,170848,5276484,13537.966,1650.778,0,29058.455,0,2390.747,10433,17882,2.940,1.870,1.050,4,1,25.824,0,0,11,36,0,40,0
09-06 19:28:22,38.402,7.327,40.676,10.864,0,1537168,946048,171256,5277136,9398.377,1679.581,0,18040.841,0,1738.194,8969,15332,3.030,1.910,1.070,1,1,22.233,0,0,11,36,0,37,0
09-06 19:28:23,43.460,8.742,40.463,5.994,0,1509892,973672,171508,5276540,12556.381,1456.652,0,16792.461,0,1179.908,6323,8958,3.030,1.910,1.070,2,0,6.994,0,0,11,32,0,37,0
09-06 19:28:24,45.411,5.240,48.155,0,0,1505588,977956,171520,5276544,11472.424,1616.818,0,618.782,0,47.906,2962,1783,3.030,1.910,1.070,2,0,1.996,0,0,11,32,0,37,0
09-06 19:28:25,39.232,7.247,42.731,7.996,0,1519164,963648,172004,5276776,12675.303,1619.272,0,8724.079,0,1449.349,10432,16080,3.030,1.910,1.070,4,1,1.000,0,0,11,34,0,37,0
09-06 19:28:26,36.262,8.503,43.514,8.253,0.250,1549684,932320,172496,5277072,12132.907,1458.470,40.013,12407.995,3.001,1648.531,10155,17625,3.030,1.910,1.070,2,0,2.001,0,0,11,34,0,37,0
09-06 19:28:27,29.748,11.249,57.746,0.750,0,1449040,1032888,172528,5277112,8293.425,1619.888,0,2835.804,0,153.989,3708,2761,2.950,1.910,1.080,1,0,98.993,0,0,11,32,0,37,0
09-06 19:28:28,22.990,2.999,73.219,0,0,1509012,972912,172532,5277112,12594.611,1619.307,0,787.663,0,41.982,2003,1546,2.950,1.910,1.080,1,0,1.999,0,0,11,32,0,37,0
09-06 19:28:29,22.770,3.753,70.312,1.501,0,1480192,1001640,172612,5277124,11000.755,1459.294,0,7486.639,0,384.341,2545,2802,2.950,1.910,1.080,1,0,1.001,0,0,11,32,0,37,0
09-06 19:28:30,22.748,3.500,73.243,0.250,0,1528076,953744,172624,5277124,9136.093,1403.861,0,447.956,0,29.997,1856,1425,2.950,1.910,1.080,1,0,0,0,0,11,32,0,33,0
09-06 19:28:31,23.247,2.750,73.741,0,0,1549008,932812,172632,5277116,12972.384,1241.845,0,0,0,0,1829,1139,2.950,1.910,1.080,3,0,2.000,0,0,11,32,0,33,0
09-06 19:28:32,21.254,4.251,73.265,0,0,1507684,974040,172632,5277204,11792.398,1566.318,0,0,0,0,1869,1260,2.790,1.900,1.070,1,0,1.000,0,0,11,32,0,33,0
09-06 19:28:33,22.746,3.499,73.737,0,0,1539924,941800,172632,5277204,13388.677,1619.719,0,0,0,0,1866,1171,2.790,1.900,1.070,1,0,2.000,0,0,11,32,0,33,0
09-06 19:28:34,23.247,3.749,71.490,0,0,1491040,990584,172632,5277292,10197.579,1457.797,0,0,0,0,1971,1146,2.790,1.900,1.070,1,0,7.999,0,0,11,32,0,29,0
09-06 19:28:35,22.757,3.751,73.273,0,0,1490372,991252,172640,5277284,9895.072,1620.503,0,8.002,0,2.001,1844,1300,2.790,1.900,1.070,1,0,0,0,0,11,32,0,29,0
09-06 19:28:36,22.240,3.498,72.968,0,0,1470636,1010936,172644,5277324,13558.987,1619.282,0,307.863,0,11.995,2098,1663,2.790,1.900,1.070,1,0,1.000,0,0,11,32,0,29,0
09-06 19:28:37,23.502,2.500,73.507,0,0,1506576,974988,172648,5277324,12375.170,1620.153,0,304.029,0,22.002,1863,1191,2.650,1.880,1.070,1,0,2.000,0,0,11,32,0,29,0
09-06 19:28:38,25.634,5.226,68.439,0,0,1458604,1022920,172652,5278272,13731.594,1612.671,0,0,0,0,2312,3797,2.650,1.880,1.070,3,0,34.842,0,0,11,32,0,23,0
09-06 19:28:39,29.140,5.024,65.062,0,0,1477712,1003768,172652,5277356,11493.109,1519.285,0,0,0,0,2573,8910,2.650,1.880,1.070,2,0,2.010,0,0,11,32,0,24,0
09-06 19:28:40,22.499,2.750,73.997,0,0,1432516,1048940,172652,5277380,12889.500,1659.936,0,0,0,0,1859,1238,2.650,1.880,1.070,2,0,1.000,0,0,11,32,0,24,0
09-06 19:28:41,22.000,3.750,73.251,0.250,0,1471672,1009784,172652,5277380,10788.165,1620.025,0,276.004,0,38.001,1906,1232,2.650,1.880,1.070,3,0,2.000,0,0,11,32,0,24,0
09-06 19:28:42,14.708,12.714,71.295,0,0,1426108,1055192,172660,5277524,9634.355,1615.365,0,0,0,0,3644,2294,2.510,1.870,1.070,1,0,143.588,0,0,11,32,0,19,0
09-06 19:28:43,9.518,21.291,67.380,0,0,1423464,1057808,172660,5277540,8854.079,1623.131,0,657.268,0,8.015,4921,3062,2.510,1.870,1.070,2,0,244.472,0,0,11,32,0,19,0
09-06 19:28:44,8.245,21.987,68.211,0,0,1418792,1062468,172660,5277552,14884.437,1619.069,0,439.747,0,4.997,5040,3140,2.510,1.870,1.070,1,0,248.857,0,0,11,32,0,19,0
09-06 19:28:45,9.237,19.473,69.154,0,0,1410760,1070468,172664,5277580,13362.354,1617.743,0,199.721,0,5.992,4640,2921,2.510,1.870,1.070,2,0,197.724,0,0,11,32,0,19,0
09-06 19:28:46,9.277,22.316,66.948,0,0,1395916,1085288,172672,5277596,13053.546,1624.798,0,336.995,0,12.036,4996,3423,2.510,1.870,1.070,2,0,235.696,0,0,11,32,0,16,0
09-06 19:28:47,7.238,20.966,69.638,0.250,0,1387216,1093936,172672,5277648,9903.118,1455.666,0,834.661,0,106.829,4854,3170,2.390,1.850,1.070,1,0,227.635,0,0,11,32,0,16,0
09-06 19:28:48,16.768,10.261,72.327,0,0,1414556,1066592,172672,5277652,11989.721,1621.721,0,0,0,0,2817,1884,2.390,1.850,1.070,1,0,72.076,0,0,11,32,0,16,0
09-06 19:28:49,22.756,4.001,73.020,0,0,1478264,1002900,172672,5277636,12810.595,1512.424,0,0,0,0,1949,1407,2.390,1.850,1.070,1,0,2.001,0,0,11,32,0,16,0
09-06 19:28:50,22.755,2.000,74.017,0,0,1456160,1024988,172672,5277652,8920.990,1566.349,0,16.004,0,1.000,1749,1141,2.390,1.850,1.070,1,0,1.000,0,0,11,32,0,16,0
09-06 19:28:51,22.993,3.249,73.229,0,0,1454924,1026244,172672,5277632,23022.379,1619.534,0,3.999,0,1.000,1826,1286,2.390,1.850,1.070,1,0,0,0,0,11,32,0,12,0
09-06 19:28:52,23.004,3.501,73.514,0,0,1483208,997960,172672,5277632,13125.531,1512.292,0,2692.519,0,95.018,1830,1131,2.280,1.840,1.070,1,0,2.000,0,0,11,32,0,12,0
09-06 19:28:53,21.511,3.502,73.286,0,0,1481260,999900,172672,5277640,12495.187,1566.776,0,240.119,0,50.025,1919,1262,2.280,1.840,1.070,1,0,1.000,0,0,11,32,0,12,0
09-06 19:28:54,22.751,3.250,73.502,0,0,1526736,954424,172672,5277640,11798.292,1512.037,0,0,0,0,1917,1212,2.280,1.840,1.070,1,0,3.000,0,0,11,32,0,12,0
09-06 19:28:55,22.932,2.742,73.033,0,0,1491200,989944,172672,5277656,10410.115,1561.368,0,11.965,0,0.997,1869,1210,2.280,1.840,1.070,1,0,0.997,0,0,11,32,0,10,0
09-06 19:28:56,23.307,3.258,72.928,0,0,1500544,980616,172680,5277640,13381.731,1623.972,0,104.255,0,12.029,2060,1706,2.280,1.840,1.070,1,0,0,0,0,11,32,0,10,0
09-06 19:28:57,21.752,4.250,72.756,0.750,0,1522948,958188,172700,5277640,10669.899,1620.136,0,2700.227,0,134.011,2089,1672,2.180,1.820,1.070,1,0,2.000,0,0,11,32,0,10,0
09-06 19:28:58,23.999,3.000,73.497,0,0,1477600,1003508,172700,5277668,9419.644,1619.939,0,147.994,0,26.999,1798,1202,2.180,1.820,1.070,1,0,1.000,0,0,11,32,0,10,0
09-06 19:28:59,22.501,2.750,73.504,0,0,1511472,969644,172700,5277656,12916.662,1512.078,0,8.000,0,2.000,1861,1224,2.180,1.820,1.070,1,0,2.000,0,0,11,32,0,7,0
09-06 19:29:00,22.492,2.999,73.975,0,0,1478060,1003044,172700,5277668,13193.573,1619.457,0,11.996,0,1.000,1805,1170,2.180,1.820,1.070,1,0,1.000,0,0,11,32,0,7,0
09-06 19:29:01,21.758,4.252,73.527,0,0,1507320,973812,172700,5277640,10088.695,1620.593,0,0,0,0,1854,1223,2.180,1.820,1.070,1,0,2.001,0,0,11,32,0,7,0
09-06 19:29:02,23.504,2.250,73.513,0.250,0,1483068,997904,172704,5277796,14270.446,1620.278,0,320.055,0,34.006,1854,1155,2.080,1.810,1.070,1,0,3.001,0,0,11,32,0,7,0
09-06 19:29:03,23.000,2.500,73.500,0,0,1511316,969744,172704,5277708,10191.999,1620.000,0,32.000,0,3.000,1768,1205,2.080,1.810,1.070,1,0,0,0,0,11,32,0,5,0
09-06 19:29:04,21.500,4.250,73.750,0,0,1527548,953512,172704,5277708,12757.949,1565.994,0,0,0,0,1810,1124,2.080,1.810,1.070,2,0,3.000,0,0,11,32,0,5,0
09-06 19:29:05,23.499,2.250,73.496,0,0,1474928,1006044,172704,5277796,12916.381,1619.922,0,91.996,0,2.000,1838,1181,2.080,1.810,1.070,1,0,1.000,0,0,11,32,0,5,0
09-06 19:29:06,22.250,3.250,73.249,0,0,1449860,1031096,172712,5277804,9244.864,1661.975,0,123.998,0,10.000,1995,1626,2.080,1.810,1.070,1,0,1.000,0,0,11,32,0,5,0
09-06 19:29:07,23.000,3.000,73.500,0,0,1503048,977928,172712,5277784,13712.931,1619.992,0,335.998,0,23.000,1902,1296,2,1.800,1.070,1,0,2.000,0,0,11,32,0,4,0
09-06 19:29:08,22.997,3.000,73.739,0,0,1462876,1018080,172712,5277804,10514.495,1511.784,0,19.997,0,1.000,1804,1239,2,1.800,1.070,2,0,1.000,0,0,11,32,0,4,0
09-06 19:29:09,23.255,2.250,73.516,0,0,1464168,1016812,172712,5277780,9344.053,1620.356,0,152.033,0,29.006,1816,1275,2,1.800,1.070,2,0,1.000,0,0,11,32,0,4,0
09-06 19:29:10,22.257,3.751,73.525,0,0,1465152,1015816,172712,5277792,14491.851,1620.542,0,0,0,0,1856,1300,2,1.800,1.070,1,0,0,0,0,11,32,0,4,0
09-06 19:29:11,23.497,2.500,73.990,0,0,1490496,990472,172712,5277792,11999.312,1565.780,0,15.998,0,2.000,1798,1127,2,1.800,1.070,1,0,2.000,0,0,11,32,0,3,0
09-06 19:29:12,9.996,20.491,67.721,0,0,1451984,1028928,172712,5277848,13266.388,1511.361,0,219.907,0,8.996,4799,2908,1.920,1.780,1.070,1,0,236.900,0,0,11,32,0,3,0
09-06 19:29:13,8.249,22.247,67.489,0.250,0,1429680,1051220,172712,5277860,10988.271,1565.754,0,171.973,0,5.999,4808,2888,1.920,1.780,1.070,1,0,222.965,0,0,11,32,0,3,0
09-06 19:29:14,21.246,4.499,73.486,0,0,1471388,1009512,172712,5277860,9479.222,1511.716,0,0,0,0,1852,1299,1.920,1.780,1.070,1,0,0,0,0,11,32,0,3,0
09-06 19:29:15,24.256,1.500,73.519,0,0,1509916,970800,172712,5278044,11669.965,1620.412,0,124.032,0,26.007,1756,1030,1.920,1.780,1.070,1,0,1.000,0,0,11,32,0,3,0
09-06 19:29:16,21.753,4.501,73.009,0,0,1498264,982380,172712,5278112,11105.338,1458.176,0,208.025,0,12.001,2107,1747,1.920,1.780,1.070,2,0,9.001,0,0,11,32,0,3,0
09-06 19:29:17,22.755,3.001,73.265,0.250,0,1541684,938960,172712,5278112,12214.465,1620.327,0,524.106,0,30.006,1812,1223,1.840,1.770,1.070,1,0,0,0,0,11,32,0,3,0
09-06 19:29:18,14.248,18.997,64.740,0.250,0,1507604,972944,172712,5278208,12567.051,1619.749,39.994,27.996,2.000,1.000,4317,2781,1.840,1.770,1.070,1,0,218.966,0,0,11,32,0,3,0
09-06 19:29:19,7.999,21.748,67.995,0,0,1480060,1000432,172712,5278264,12509.005,1457.884,0,83.993,0,3.000,4776,2934,1.840,1.770,1.070,1,0,213.983,0,0,11,32,0,1,0
09-06 19:29:20,8.495,21.738,67.711,0,0,1461864,1018616,172712,5278276,11417.444,1619.070,0,203.883,0,28.983,4795,3037,1.840,1.770,1.070,1,0,224.871,0,0,11,32,0,1,0
09-06 19:29:21,9.258,22.018,67.556,0,0,1445648,1034820,172712,5278288,10063.282,1621.334,0,116.096,0,2.002,4759,2984,1.840,1.770,1.070,2,0,230.189,0,0,11,32,0,1,0
09-06 19:29:22,8.500,21.999,67.248,0.250,0,1429996,1050456,172712,5278304,9450.769,1607.961,0,455.989,0,45.999,4837,3079,1.770,1.760,1.070,2,0,245.994,0,0,11,32,0,1,0
09-06 19:29:23,8.500,22.250,67.749,0,0,1415096,1065324,172712,5278324,13830.832,1619.980,0,95.999,0,3.000,4849,3042,1.770,1.760,1.070,1,0,233.997,0,0,11,32,0,1,0
09-06 19:29:24,8.745,21.738,68.211,0,0,1400044,1080360,172712,5278336,14256.849,1511.136,0,439.749,0,4.997,4837,3000,1.770,1.760,1.070,1,0,231.867,0,0,11,32,0,1,0
09-06 19:29:25,8.750,22.001,67.254,0,0,1391380,1089004,172712,5278352,13072.727,1620.090,0,616.034,0,7.000,4896,3058,1.770,1.760,1.070,1,0,247.014,0,0,11,32,0,1,0
09-06 19:29:26,8.486,22.213,68.135,0,0,1386992,1093380,172712,5278364,12300.314,1617.280,0,650.905,0,31.946,4806,2898,1.770,1.760,1.070,1,0,231.610,0,0,11,32,0,1,0
09-06 19:29:27,8.268,22.299,67.398,0,0,1375452,1104908,172716,5278372,12692.852,1623.563,0,641.407,0,8.018,4768,2984,1.710,1.740,1.070,2,0,235.517,0,0,11,32,0,1,0
09-06 19:29:28,8.997,22.243,67.729,0,0,1369196,1111152,172716,5278384,14310.660,1619.509,0,615.813,0,6.998,4879,3014,1.710,1.740,1.070,3,0,241.927,0,0,11,32,0,1,0
09-06 19:29:29,7.501,20.754,69.762,0,0,1363240,1117088,172716,5278404,8668.485,1620.278,0,148.025,0,4.001,4678,3011,1.710,1.740,1.070,1,0,214.037,0,0,11,32,0,1,0
09-06 19:29:30,10.000,20.250,69.251,0,0,1359552,1120760,172716,5278420,12947.200,1566.024,0,84.001,0,3.000,4741,3027,1.710,1.740,1.070,1,0,227.004,0,0,11,32,0,1,0
09-06 19:29:31,7.997,19.992,69.222,0,0,1356992,1123304,172716,5278436,10123.921,1511.391,0,111.955,0,3.998,4781,3004,1.710,1.740,1.070,1,0,220.911,0,0,11,32,0,1,0
09-06 19:29:32,8.502,22.005,68.516,0,0,1352224,1128060,172716,5278452,9514.193,1620.373,0,464.107,0,35.008,4700,2959,1.660,1.730,1.070,2,0,218.050,0,0,11,32,0,1,0
09-06 19:29:33,8.001,21.753,67.510,0,0,1351068,1129196,172716,5278472,11776.737,1458.215,0,24.004,0,6.001,4869,2975,1.660,1.730,1.070,1,0,240.035,0,0,11,32,0,1,0
09-06 19:29:34,9.500,23.999,65.498,0,0,1349680,1130576,172716,5278476,12582.574,1661.944,0,27.999,0,7.000,4974,3098,1.660,1.730,1.070,1,0,250.991,0,0,11,32,0,1,0
09-06 19:29:35,8.751,20.502,69.007,0,0,1349268,1130964,172716,5278500,12289.226,1458.145,0,16.002,0,4.000,4674,2922,1.660,1.730,1.070,1,0,210.021,0,0,11,32,0,1,0
09-06 19:29:36,12.001,22.751,63.503,0,0,1322820,1157344,172732,5278516,22605.121,1620.080,0,136.007,0,6.000,4975,3483,1.660,1.730,1.070,3,0,286.014,0,0,11,34,0,1,0
09-06 19:29:37,26.493,27.493,44.489,0.250,0,1357860,1122276,172744,5278532,9865.504,1619.590,0,655.834,0,35.991,5729,3974,1.680,1.740,1.070,3,0,268.932,0,0,11,32,0,3,0
09-06 19:29:38,50.771,28.011,20.758,0.250,0.250,1465456,1014656,172760,5278540,13035.301,1458.593,0,1252.509,0,161.066,5642,4177,1.680,1.740,1.070,4,0,380.155,0,0,11,32,0,7,0
09-06 19:29:39,69.484,11.247,18.246,0.500,0,1615820,862888,172872,5279724,12255.190,1619.629,15.996,439.899,1.000,18.996,4507,11109,1.680,1.740,1.070,4,0,37.991,0,0,11,32,0,8,0
09-06 19:29:40,49.971,7.496,29.733,10.994,0,1648568,821276,173424,5286904,9659.432,1713.013,427.753,18505.333,8.995,1348.223,9459,14976,1.680,1.740,1.070,4,1,62.964,0,0,11,38,0,8,0
09-06 19:29:41,27.192,10.228,42.160,14.968,0,1647608,818000,173772,5290656,12572.214,1454.900,0,43710.869,0,3016.573,13197,23602,1.680,1.740,1.070,3,1,35.923,0,0,11,38,0,8,0
09-06 19:29:42,37.571,13.776,33.313,11.772,0,1650704,810776,173864,5294556,10855.387,1623.048,0,28874.227,0,2211.153,12115,19741,1.630,1.720,1.070,2,1,90.169,0,0,11,36,0,8,0
09-06 19:29:43,42.758,10.502,28.255,13.752,0,1689860,766644,174048,5299152,14053.545,1620.293,0,39995.242,0,2807.508,13115,22599,1.630,1.720,1.070,5,0,45.008,0,0,11,36,0,8,0
09-06 19:29:44,35.752,9.001,36.502,15.001,0,1700876,750764,174332,5303596,17199.974,6729.381,0,46598.639,0,3313.188,12962,24277,1.630,1.720,1.070,7,0,39.002,0,0,11,37,0,8,0
09-06 19:29:45,40.967,8.743,30.475,15.987,0,1696644,751496,174568,5306728,14527.178,5924.179,0,31610.276,0,2576.903,12203,21095,1.630,1.720,1.070,5,0,6.994,0,0,11,36,0,9,0
09-06 19:29:46,38.497,15.499,29.498,12.499,0,1612068,831128,174936,5311136,13402.076,1619.888,0,40309.221,0,2732.812,12462,21467,1.630,1.720,1.070,3,1,96.993,0,0,11,36,0,9,0
09-06 19:29:47,49.675,8.530,26.594,12.043,0,1654560,785012,175216,5314364,12417.866,1625.743,0,26890.993,0,2115.473,10810,18112,1.820,1.760,1.090,2,1,12.043,0,0,11,36,0,9,0
09-06 19:29:48,35.730,20.738,29.234,10.994,0,1609028,826204,175380,5318396,20636.428,8535.214,0,37498.972,0,2748.459,13409,22803,1.820,1.760,1.090,5,0,221.876,0,0,11,35,0,9,0
09-06 19:29:49,43.187,18.972,24.714,10.485,0.250,1583524,847964,175468,5322220,23027.579,9532.165,371.461,36275.352,5.991,2437.462,15174,27645,1.820,1.760,1.090,9,1,159.768,0,0,11,35,0,9,0
09-06 19:29:50,45.448,18.479,22.724,11.237,0,1543828,884404,175572,5324776,17793.687,6158.969,1094.750,30837.796,14.983,2343.325,14174,24920,1.820,1.760,1.090,3,0,155.822,0,0,11,36,0,9,0
09-06 19:29:51,41.463,17.235,27.226,10.990,0,1585308,840712,175696,5326792,10954.305,971.141,667.409,32247.461,11.989,2325.942,10885,19259,1.820,1.760,1.090,4,1,124.889,0,0,11,36,0,9,0
09-06 19:29:52,31.517,7.754,44.524,11.506,0,1603652,821056,175804,5327960,14346.762,6354.438,0,23792.872,0,1991.077,10394,17915,1.830,1.770,1.100,3,0,27.015,0,0,11,37,0,9,0
09-06 19:29:53,17.010,6.504,57.533,14.258,0,1599244,823616,175972,5329596,8880.043,2076.179,0,31974.160,0,2478.408,10731,19603,1.830,1.770,1.100,3,0,21.012,0,0,11,37,0,9,0
09-06 19:29:54,29.468,7.492,48.197,10.738,0,1596580,826260,176096,5329432,17614.664,5543.914,0,24293.332,0,2168.619,11175,18793,1.830,1.770,1.100,2,1,11.987,0,0,11,37,0,9,0
09-06 19:29:55,33.044,9.012,43.558,10.264,0,1594792,828764,176184,5328628,16810.527,5531.412,0,24136.343,0,1871.508,11122,19045,1.830,1.770,1.100,3,1,7.009,0,0,11,37,0,9,0
09-06 19:29:56,36.440,6.739,41.682,10.233,0,1591752,831124,176232,5329256,21499.723,7192.199,0,24859.211,0,1926.838,11041,17839,1.830,1.770,1.100,7,0,14.975,0,0,11,37,0,9,0
09-06 19:29:57,31.311,13.526,40.579,10.771,0,1502088,919796,176276,5330192,12349.009,2759.365,0,22211.183,0,1977.845,10654,17420,1.930,1.790,1.110,3,0,92.179,0,0,11,36,0,10,0
09-06 19:29:58,37.725,9.744,38.724,10.743,0,1551400,870908,176304,5329728,13109.317,1510.999,0,21281.904,0,1914.732,10358,16660,1.930,1.790,1.110,3,0,14.990,0,0,11,36,0,10,0
09-06 19:29:59,32.162,6.732,45.376,11.219,0,1576388,845212,176364,5330376,16051.033,6644.799,0,27121.709,0,2207.952,11741,19989,1.930,1.790,1.110,5,0,8.975,0,0,11,37,0,10,0
09-06 19:30:00,35.326,7.214,43.287,9.702,0,1573996,846868,176396,5331068,14556.251,5999.428,0,19280.962,0,1688.676,9988,16790,1.930,1.790,1.110,3,2,17.912,0,0,11,37,0,10,0
09-06 19:30:01,41.067,7.054,39.807,8.566,0,1571684,848328,176440,5331860,13419.477,5699.952,0,20385.190,0,1616.465,10035,16160,1.930,1.790,1.110,5,0,12.093,0,0,11,37,0,10,0
09-06 19:30:02,38.966,7.494,39.466,10.241,0,1569236,849668,176472,5332908,21275.583,7108.846,0,20290.436,0,1779.460,10973,18269,2.090,1.820,1.120,3,0,20.982,0,0,11,37,0,10,0
09-06 19:30:03,38.066,10.769,36.313,11.770,0,1544940,872984,176524,5333816,14334.674,2154.709,0,22029.920,0,1846.178,9624,16295,2.090,1.820,1.120,1,1,54.093,0,0,11,36,0,10,0
09-06 19:30:04,36.016,8.504,40.018,11.505,0,1571452,845024,176600,5335148,14216.377,1620.727,0,26039.681,0,2136.959,10673,18665,2.090,1.820,1.120,4,1,24.011,0,0,11,36,0,10,0
09-06 19:30:05,33.554,8.013,44.822,11.018,0,1586584,828384,176648,5336572,15950.643,7235.632,0,25192.501,0,2139.439,10385,18023,2.090,1.820,1.120,1,1,25.040,0,0,11,37,0,10,0
09-06 19:30:06,31.421,9.227,44.139,10.474,0,1581660,831748,176672,5338072,21622.840,8098.715,0,25835.288,0,2172.558,12574,21642,2.090,1.820,1.120,2,2,23.940,0,0,11,37,0,10,0
09-06 19:30:07,31.501,9.250,43.001,11.500,0.250,1576956,834336,176692,5340104,16639.568,6941.237,0,28588.975,0,2160.074,12131,20398,2.250,1.860,1.140,2,0,18.001,0,0,11,37,0,10,0
09-06 19:30:08,31.260,12.754,41.014,12.004,0,1512488,897376,176712,5341484,11833.961,4463.494,0,25396.500,0,2107.705,10985,18540,2.250,1.860,1.140,3,0,82.027,0,0,11,36,0,11,0
09-06 19:30:09,37.189,9.984,36.190,12.479,0,1556380,851864,176744,5343028,12928.671,1455.599,0,27047.379,0,2229.322,10835,18289,2.250,1.860,1.140,4,0,47.921,0,0,11,36,0,11,0
09-06 19:30:10,33.584,8.271,42.106,12.030,0,1584056,822684,176760,5344488,16714.914,6679.750,0,26169.623,0,2193.500,11202,20007,2.250,1.860,1.140,1,1,39.098,0,0,11,37,0,11,0
09-06 19:30:11,35.806,7.011,40.062,12.770,0,1565860,839780,176812,5345488,12225.965,5424.414,0,33908.599,0,2567.983,11964,21175,2.250,1.860,1.140,2,0,21.033,0,0,11,36,0,12,0
09-06 19:30:12,36.879,12.210,35.383,12.459,0,1527512,877288,176836,5346284,12512.790,1614.682,0,21469.292,0,1846.917,9850,16503,2.230,1.860,1.140,4,0,50.833,0,0,11,36,0,12,0
09-06 19:30:13,33.760,8.502,41.762,12.003,0,1576784,830668,176868,5343588,12157.474,3978.137,0,29296.372,0,2466.705,12035,22152,2.230,1.860,1.140,2,0,6.002,0,0,11,37,0,12,0
09-06 19:30:14,33.949,7.988,43.185,10.984,0,1579512,830668,176880,5340840,17329.969,5816.264,0,29136.236,0,2132.796,11675,20526,2.230,1.860,1.140,4,0,2.996,0,0,11,36,0,13,0
09-06 19:30:15,32.807,14.275,38.316,11.019,0,1584808,823904,176888,5342300,11038.022,1622.797,0,25972.758,0,1950.361,10134,16579,2.230,1.860,1.140,3,1,73.126,0,0,11,36,0,13,0
09-06 19:30:16,35.515,7.253,41.517,12.505,0,1629388,778556,176900,5343052,10534.350,3431.417,0,29224.069,0,2369.979,10378,18354,2.230,1.860,1.140,1,1,24.010,0,0,11,37,0,13,0
09-06 19:30:17,35.763,12.254,48.767,1.000,0,1494208,914064,176900,5342720,18330.566,6622.372,0,4593.646,0,345.124,5732,6096,2.210,1.860,1.150,4,0,118.042,0,0,11,33,0,14,0
09-06 19:30:18,20.741,14.494,62.972,0,0,1394320,1013768,176900,5342904,12700.400,5207.704,0,1395.385,0,62.972,4448,3688,2.210,1.860,1.150,1,0,139.938,0,0,11,32,0,15,0
09-06 19:30:19,22.756,3.001,73.269,0.250,0,1452836,955252,176900,5342904,8833.232,1458.369,0,700.177,0,46.012,1971,1621,2.210,1.860,1.150,1,0,0,0,0,11,32,0,15,0
09-06 19:30:20,18.742,2.749,77.466,0.500,0,1466424,941660,176900,5342908,31371.143,6910.947,0,2878.728,0,159.929,2490,2438,2.210,1.860,1.150,1,0,0,0,0,11,33,0,15,0
09-06 19:30:21,18.003,2.250,77.765,0,0,1461748,946308,176900,5342936,16542.113,6744.269,0,104.020,0,13.002,3379,3500,2.210,1.860,1.150,1,0,0,0,0,11,32,0,16,0
09-06 19:30:22,11.229,18.215,68.869,0.250,0,1430184,977836,176900,5342972,12499.255,1455.235,0,295.439,0,15.970,4441,2590,2.110,1.850,1.150,1,0,195.628,0,0,11,32,0,16,0
09-06 19:30:23,9.769,21.542,66.882,0,0,1427416,980484,176900,5343092,11897.414,1623.194,0,420.828,0,27.053,5047,3393,2.110,1.850,1.150,1,0,233.459,0,0,11,32,0,16,0
09-06 19:30:24,15.719,27.945,54.643,0,0,1415392,992476,176912,5343112,10796.849,1616.833,0,455.108,0,33.934,5395,3589,2.110,1.850,1.150,3,0,288.435,0,0,11,32,0,18,0
09-06 19:30:25,60.275,14.315,25.115,0.251,0,1497260,910416,176920,5343296,13116.936,1627.436,0,1687.712,0,209.959,4775,2872,2.110,1.850,1.150,3,0,81.372,0,0,11,32,0,22,0
09-06 19:30:26,67.244,8.249,24.748,0,0,1695604,709956,177004,5345320,10437.125,1619.864,0,419.965,0,12.999,3980,1821,2.110,1.850,1.150,3,0,2.000,0,0,11,32,0,22,0
09-06 19:30:27,68.242,6.749,23.997,0.500,0,1829720,571680,177140,5348832,13861.434,1619.817,0,5455.384,0,183.979,4238,1857,2.180,1.870,1.160,3,0,5.999,0,0,11,32,0,22,0
09-06 19:30:28,37.580,8.213,37.083,12.195,0,1843688,550752,177192,5355384,10613.123,1505.210,0,34329.138,0,2569.409,13273,23087,2.180,1.870,1.160,2,1,101.542,0,0,11,38,0,22,0
09-06 19:30:29,27.688,10.227,41.657,14.967,0,1839208,551252,177236,5359200,12751.657,1616.407,0,41591.555,0,3025.276,13406,24011,2.180,1.870,1.160,4,2,77.827,0,0,11,38,0,22,0
09-06 19:30:30,28.590,10.533,40.627,14.796,0,1835228,550808,177284,5363440,14657.911,1570.920,0,38267.860,0,2732.559,13226,22743,2.180,1.870,1.160,8,1,84.264,0,0,11,38,0,22,0
09-06 19:30:31,31.619,10.457,39.835,13.195,0,1831136,550420,177324,5367700,11016.267,1613.302,0,30640.797,0,2390.078,12613,21499,2.180,1.870,1.160,7,1,107.553,0,0,11,38,0,22,0
09-06 19:30:32,22.556,10.025,46.115,15.288,0,1827232,551152,177340,5370776,12321.799,1624.059,0,43641.083,0,3093.733,13289,23858,2.490,1.940,1.180,4,0,63.158,0,0,11,38,0,22,0
09-06 19:30:33,22.304,9.272,48.367,15.788,0,1822568,552584,177356,5373892,14544.200,1623.930,0,34724.041,0,2673.470,12622,22638,2.490,1.940,1.180,2,1,60.146,0,0,11,38,0,22,0
09-06 19:30:34,40.070,14.776,28.299,12.522,0.250,1701088,669516,177388,5378268,14844.845,1664.899,0,38270.629,0,2717.732,13582,23427,2.490,1.940,1.180,4,1,137.239,0,0,11,36,0,22,0
09-06 19:30:35,44.880,11.469,26.928,12.716,0,1717900,649088,177416,5381728,13426.045,1615.673,0,39881.199,0,2898.239,13066,23066,2.490,1.940,1.180,7,1,83.776,0,0,11,36,0,22,0
09-06 19:30:36,44.052,8.510,31.788,12.515,0,1770584,590400,177456,5387492,10395.278,1513.788,0,24356.768,0,2145.534,12873,20936,2.490,1.940,1.180,11,1,81.096,0,0,11,36,0,22,0
09-06 19:30:37,47.936,10.486,25.966,12.983,0,1810348,547808,177484,5390212,13112.614,1563.926,0,54927.171,0,3512.343,14137,25164,2.690,1.990,1.200,2,1,31.958,0,0,11,38,0,20,0
09-06 19:30:38,29.027,12.261,41.038,12.512,0,1695664,654352,177500,5397972,10684.019,1513.419,0,25952.338,0,1877.761,11257,18495,2.690,1.990,1.200,5,0,75.070,0,0,11,36,0,20,0
09-06 19:30:39,26.244,13.997,39.491,15.246,0,1693548,651252,177508,5402976,9039.847,1565.627,0,52423.513,0,3320.209,13822,34015,2.690,1.990,1.200,5,2,35.991,0,0,11,36,0,21,0
09-06 19:30:40,19.196,8.726,51.357,15.706,0,1691300,650992,177520,5405376,7826.165,1063.034,0,38380.917,0,2736.366,12292,22434,2.690,1.990,1.200,3,0,26.925,0,0,11,36,0,21,0
09-06 19:30:41,17.789,9.020,52.113,15.534,0,1688976,652136,177520,5406524,13188.602,1136.465,0,35797.633,0,2771.009,12206,21780,2.690,1.990,1.200,3,1,39.085,0,0,11,36,0,15,0
09-06 19:30:42,26.018,7.505,44.280,16.511,0.250,1688716,650612,177520,5408252,10207.896,1621.095,0,38461.983,0,2790.885,12076,21584,2.870,2.040,1.220,2,0,33.022,0,0,11,36,0,15,0
09-06 19:30:43,30.768,6.254,45.026,12.007,0,1686716,651348,177528,5409468,13704.029,1512.886,0,25903.176,0,2080.219,10417,17586,2.870,2.040,1.220,6,0,45.026,0,0,11,36,0,15,0
09-06 19:30:44,24.998,21.248,46.496,5.500,0,1416544,921488,177528,5409500,12590.948,1565.869,0,18514.453,0,1072.910,6852,7185,2.870,2.040,1.220,1,0,237.980,0,0,11,32,0,15,0
09-06 19:30:45,21.248,4.500,71.993,0.500,0,1421640,916384,177528,5409504,14692.592,1619.845,0,3059.707,0,178.983,2381,2096,2.870,2.040,1.220,1,0,11.999,0,0,11,32,0,15,0
09-06 19:30:46,22.758,3.751,73.026,0,0,1492636,845356,177528,5409536,10766.885,1458.526,0,36.013,0,4.001,1950,1299,2.870,2.040,1.220,1,0,1.000,0,0,11,32,0,15,0
09-06 19:30:47,24.246,2.500,72.737,0.500,0,1531000,806980,177532,5409540,8595.504,1619.718,0,291.949,0,41.993,2371,2029,2.720,2.020,1.220,1,0,2.000,0,0,11,38,0,15,0
09-06 19:30:48,21.035,4.507,73.121,0,0,1477944,860032,177532,5409544,13086.571,1622.675,0,44.073,0,1.002,2306,1411,2.720,2.020,1.220,1,0,27.045,0,0,11,32,0,15,0
09-06 19:30:49,22.521,3.253,73.317,0,0,1524564,813412,177532,5409544,11473.505,1621.485,0,360.330,0,7.006,1938,1335,2.720,2.020,1.220,1,0,1.001,0,0,11,32,0,14,0
09-06 19:30:50,22.694,2.244,74.068,0,0,1550268,787708,177532,5409544,9480.753,1616.037,0,0,0,0,1699,1119,2.720,2.020,1.220,1,0,0,0,0,11,32,0,14,0
09-06 19:30:51,21.252,6.000,72.006,0.250,0,1460868,877088,177532,5409564,15099.157,1620.124,0,784.060,0,52.004,2835,2205,2.720,2.020,1.220,1,0,46.004,0,0,11,32,0,14,0
09-06 19:30:52,14.478,36.945,45.932,0,0,1462532,875404,177532,5409584,13345.167,1509.756,0,479.288,0,68.898,5930,4012,2.590,2,1.220,4,0,404.399,0,0,11,32,0,14,0
09-06 19:30:53,14.773,41.314,42.817,0,0,1452516,885396,177532,5409608,14635.820,1622.530,0,100.156,0,11.017,6016,4073,2.590,2,1.220,2,0,453.707,0,0,11,32,0,14,0
09-06 19:30:54,11.249,29.748,56.996,0,0,1443900,893980,177532,5409640,13385.955,1619.874,0,59.995,0,9.999,5665,3926,2.590,2,1.220,1,0,435.966,0,0,11,32,0,14,0
09-06 19:30:55,8.466,21.663,67.729,0,0,1439384,898492,177532,5409644,10552.767,1613.542,0,23.904,0,5.976,4835,2886,2.590,2,1.220,1,0,237.051,0,0,11,32,0,14,0
09-06 19:30:56,9.037,22.844,67.528,0,0,1431892,905924,177532,5409704,13947.373,1572.468,0,12.050,0,3.012,4822,2868,2.590,2,1.220,2,0,225.929,0,0,11,32,0,14,0
09-06 19:30:57,8.476,18.199,70.554,0,0,1423788,914008,177532,5409724,13015.803,1507.807,0,0,0,0,4653,2921,2.460,1.990,1.220,2,0,199.445,0,0,11,32,0,14,0
09-06 19:30:58,9.498,20.745,67.483,0,0,1415432,922332,177532,5409748,9454.566,1619.583,0,575.852,0,88.977,4708,2898,2.460,1.990,1.220,2,0,189.951,0,0,11,32,0,13,0
09-06 19:30:59,9.778,20.810,68.698,0,0,1411280,926472,177532,5409760,13639.382,1570.535,0,24.069,0,6.017,4648,2826,2.460,1.990,1.220,1,0,173.501,0,0,11,32,0,13,0
09-06 19:31:00,14.003,21.255,62.764,0,0,1398664,939032,177532,5410208,10936.414,1080.238,0,3436.758,0,70.015,5487,5073,2.460,1.990,1.220,1,0,185.041,0,0,11,32,0,13,0
09-06 19:31:01,23.489,12.994,62.470,0,0,1396704,940980,177532,5409776,12076.127,1565.239,0,607.704,0,26.987,4213,4511,2.460,1.990,1.220,1,0,69.966,0,0,11,32,0,13,0
09-06 19:31:02,44.359,16.541,38.344,0,0,1461724,875800,177544,5410384,14305.040,1569.845,0,152.373,0,7.017,4369,2469,2.500,2,1.230,2,0,124.304,0,0,11,33,0,13,0
09-06 19:31:03,45.263,5.502,48.764,0,0,1574012,763408,177544,5410484,8858.602,1566.460,0,0,0,0,2809,1384,2.500,2,1.230,2,0,0,0,0,11,33,0,13,0
09-06 19:31:04,51.114,3.241,43.634,1.496,0,1617304,719812,177560,5410752,14491.450,1561.845,103.724,674.206,0.997,35.904,4223,3201,2.500,2,1.230,2,0,16.955,0,0,11,49,0,13,0
09-06 19:31:05,45.776,5.503,47.777,0,0,1668708,666948,177616,5411928,23831.587,1620.924,0,1000.570,0,109.062,3272,1708,2.500,2,1.230,2,0,3.002,0,0,11,49,0,13,0
09-06 19:31:06,19.238,18.238,60.211,0,0,1674976,657828,177620,5414600,13395.372,1606.965,0,371.761,0,12.992,9009,11057,2.500,2,1.230,1,0,230.851,0,0,11,48,0,13,0
09-06 19:31:07,16.999,17.249,64.247,0,0,1678260,654484,177620,5414612,10363.490,1619.920,0,43.998,0,4.000,4898,4895,2.300,1.970,1.220,1,0,172.991,0,0,11,48,0,13,0
09-06 19:31:08,18.000,12.500,67.749,0,0,1683036,649696,177620,5414616,12256.902,1619.987,0,4135.967,0,303.998,4244,5075,2.300,1.970,1.220,0,0,90.999,0,0,11,48,0,13,0
09-06 19:31:09,1.000,0.500,97.758,0,0,1683036,649696,177620,5414616,12447.985,1620.128,0,0,0,0,843,987,2.300,1.970,1.220,0,0,3.000,0,0,11,48,0,13,0
09-06 19:31:10,0.500,0.750,98.234,0,0,1682296,650436,177620,5414616,11146.151,1619.731,0,0,0,0,798,953,2.300,1.970,1.220,0,0,2.000,0,0,11,48,0,12,0
09-06 19:31:11,0.750,0.500,97.504,0.250,0,1682260,650464,177620,5414624,11125.417,1566.059,0,480.018,0,37.001,1126,1535,2.300,1.970,1.220,0,0,2.000,0,0,11,48,0,12,0
09-06 19:31:12,2.244,1.745,94.977,0,0,1682008,650716,177620,5414620,13754.489,1657.239,0,31.908,0,3.989,1226,1326,2.120,1.940,1.210,2,0,10.968,0,0,11,48,0,12,0
09-06 19:31:13,15.799,15.548,66.457,0,0,1670612,661996,177620,5415196,12556.111,1625.062,0,0,0,0,4696,4490,2.120,1.940,1.210,1,0,190.594,0,0,11,48,0,12,0
09-06 19:31:14,36.247,14.499,48.746,0.500,0,1704416,628152,177620,5414772,11681.084,1565.877,0,283.978,0,29.998,5027,5252,2.120,1.940,1.210,1,0,140.989,0,0,11,64,0,11,0
09-06 19:31:15,12.729,20.466,64.891,0,0,1728228,604304,177620,5414796,10285.661,1563.365,0,3.993,0,0.998,4929,3615,2.120,1.940,1.210,2,0,223.623,0,0,12,64,0,11,0
09-06 19:31:16,13.992,19.239,65.213,0,0,1730116,602364,177620,5415168,13850.050,1856.934,0,0,0,0,4878,3272,2.120,1.940,1.210,4,0,183.894,0,0,12,64,0,11,0
09-06 19:31:17,24.812,15.539,58.397,0,0,1706100,626372,177620,5415184,10570.558,1569.944,0,477.199,0,6.015,5050,6508,2.190,1.960,1.220,1,0,119.300,0,0,12,64,0,11,0
09-06 19:31:18,13.490,14.989,69.451,0,0,1692456,640028,177620,5414824,9777.043,863.386,0,327.767,0,17.987,3965,3519,2.190,1.960,1.220,0,0,186.867,0,0,12,64,0,8,0
09-06 19:31:19,8.250,15.501,74.753,0,0,1696196,636268,177620,5414844,10259.435,1296.055,0,816.035,0,2.000,3874,2543,2.190,1.960,1.220,1,0,142.006,0,0,14,64,0,8,0
09-06 19:31:20,25.993,16.745,56.485,0,0,1693404,639000,177620,5415316,13354.344,1565.571,0,747.795,0,53.985,6239,7831,2.190,1.960,1.220,1,0,124.966,0,0,14,66,0,8,0
09-06 19:31:21,15.000,13.250,70.250,0,0,1685240,647136,177620,5414884,10022.001,1554.000,0,12.000,0,3.000,3976,2972,2.190,1.960,1.220,1,0,129.000,0,0,14,66,0,9,0
09-06 19:31:22,9.508,20.267,68.807,0,0,1671356,661004,177620,5414900,13472.092,1567.290,0,0,0,0,4740,2976,2.010,1.920,1.220,1,0,215.177,0,0,14,66,0,8,0
09-06 19:31:23,8.468,20.921,68.741,0,0,1665536,666664,177624,5415048,10653.855,1506.324,0,151.429,0,6.974,4567,2896,2.010,1.920,1.220,1,0,185.302,0,0,14,66,0,8,0
09-06 19:31:24,9.534,20.322,68.491,0,0,1661592,670592,177624,5415064,12813.118,1625.725,0,92.325,0,10.035,4803,2966,2.010,1.920,1.220,1,0,186.657,0,0,14,66,0,8,0
09-06 19:31:25,22.010,17.508,58.528,0,0,1662332,669844,177624,5415416,13612.419,1620.764,0,4.002,0,1.000,6137,7509,2.010,1.920,1.220,7,0,151.071,0,0,14,66,0,8,0
09-06 19:31:26,26.550,19.788,53.351,0,0,1710664,621460,177636,5415076,11189.278,1659.155,0,0,0,0,4803,3114,2.010,1.920,1.220,2,0,155.295,0,0,14,66,0,2,0
09-06 19:31:27,31.381,23.162,43.585,0,0,1767012,565036,177636,5415120,13100.444,1613.895,0,119.548,0,4.981,5253,2995,2.090,1.940,1.230,2,0,213.194,0,0,14,66,0,2,0
09-06 19:31:28,31.056,25.296,42.326,0.250,0,1832200,498212,177712,5416572,15672.324,1514.737,8.014,753.362,1.002,5.009,5723,4738,2.090,1.940,1.230,3,0,261.473,0,0,14,70,0,4,0
09-06 19:31:29,31.530,23.022,44.041,0,0,1919596,410800,177712,5416588,8787.235,1621.520,0,4320.049,0,358.336,5692,3320,2.090,1.940,1.230,3,0,280.263,0,0,14,70,0,4,0
09-06 19:31:30,30.201,23.270,45.302,0,0.248,1951992,378336,177712,5416620,11854.745,1604.134,0,7.922,0,1.980,5343,3344,2.090,1.940,1.230,3,0,240.620,0,0,14,70,0,4,0
09-06 19:31:31,26.232,21.691,50.193,0,0,1969620,360492,177720,5416824,8860.196,1634.425,0,20.178,0,5.045,5010,3156,2.090,1.940,1.230,1,0,198.754,0,0,14,70,0,4,0
09-06 19:31:32,8.745,20.987,68.708,0,0,1949792,380304,177720,5416840,12532.370,1565.047,0,795.516,0,8.995,4654,2971,2.160,1.960,1.240,1,0,180.890,0,0,14,70,0,4,0
09-06 19:31:33,25.010,14.756,58.273,0,0,1949728,380188,177720,5417416,12706.944,1554.605,0,168.065,0,2.001,5335,7488,2.160,1.960,1.240,1,0,121.047,0,0,14,70,0,4,0
09-06 19:31:34,39.754,21.752,38.254,0,0,1993940,335968,177720,5417440,10004.046,1620.169,0,0,0,0,4726,3289,2.160,1.960,1.240,5,0,194.020,0,0,14,70,0,4,0
09-06 19:31:35,54.623,24.305,20.797,0,0,2111908,217932,177728,5417496,14134.901,1461.298,0,24.054,0,6.014,5718,3870,2.160,1.960,1.240,3,0,312.706,0,0,14,70,0,4,0
09-06 19:31:36,60.177,19.147,18.899,0,0,2176056,152904,177756,5418632,11047.721,1700.874,0,306.356,0,23.872,5631,6193,2.160,1.960,1.240,2,0,164.119,0,0,14,70,0,4,0
09-06 19:31:37,62.603,23.633,11.314,3.017,0,2235284,182716,172020,5336368,8673.974,1629.199,917.178,772.361,78.443,56.318,6295,6139,2.550,2.040,1.270,5,0,396.237,0,0,14,72,0,4,0
09-06 19:31:38,71.756,19.502,5.250,2.500,0,2363972,157060,170704,5237832,12092.964,1458.116,12.001,9512.759,3.000,839.067,9522,14447,2.550,2.040,1.270,3,0,323.026,0,0,14,74,0,4,0
09-06 19:31:39,63.246,23.655,7.470,4.482,0,2419652,145820,170448,5195076,11597.440,1613.522,1151.378,26816.341,77.688,1826.667,13963,25785,2.550,2.040,1.270,19,0,396.409,0,0,14,74,0,4,0
09-06 19:31:40,73.834,22.351,2.511,0.502,0,2582248,129100,170020,5052028,13829.597,1559.057,64.291,7072.010,6.027,446.019,9685,22781,2.550,2.040,1.270,5,0,367.664,0,0,14,80,0,8,0
09-06 19:31:41,73.040,22.186,3.989,0,0,2637276,144312,169984,4983484,10687.301,161.536,11.966,1376.047,1.994,73.788,11662,17289,2.550,2.040,1.270,7,1,343.015,0,0,14,91,0,16,0
09-06 19:31:42,53.010,24.505,21.504,0.250,0,2772228,156392,169996,4839784,8779.688,1620.312,16.003,936.180,4.001,56.011,6607,6206,2.670,2.080,1.280,4,0,566.109,0,0,14,93,0,17,0
09-06 19:31:43,48.713,17.986,32.475,0,0.250,2816092,180688,169996,4773212,12012.851,1618.767,0,103.921,0,7.994,7472,10044,2.670,2.080,1.280,2,0,262.800,0,0,14,93,0,19,0
09-06 19:31:44,68.921,17.042,13.032,0.752,0,2949700,182544,170004,4640836,10743.692,1624.035,36.090,0,3.007,0,5784,7167,2.670,2.080,1.280,4,0,137.341,0,0,14,96,0,22,0
09-06 19:31:45,37.127,12.459,47.592,1.744,0,3011128,187012,170024,4576284,12567.196,1614.629,7.973,12773.510,1.993,737.547,4997,4244,2.670,2.080,1.280,5,0,70.765,0,0,14,99,0,22,0
09-06 19:31:46,9.256,20.013,67.794,1.001,0.250,3022184,175536,170096,4576704,14241.271,1458.950,72.047,2793.819,4.003,157.102,5036,3685,2.670,2.080,1.280,2,0,206.134,0,0,14,99,0,22,0
09-06 19:31:47,8.974,18.944,70.542,0,0,3031512,166180,170096,4576732,12438.292,1704.968,7.976,159.529,1.994,13.959,4699,3108,2.700,2.090,1.290,3,0,193.429,0,0,14,99,0,22,0
09-06 19:31:48,8.526,18.808,70.968,0,0,3037772,159912,170096,4576740,11951.757,1624.998,0,40.123,0,4.012,4642,2869,2.700,2.090,1.290,1,0,195.602,0,0,14,99,0,22,0
09-06 19:31:49,8.740,19.229,70.173,0,0,3037960,159700,170096,4576764,8491.700,1618.228,0,375.589,0,0.999,4580,2952,2.700,2.090,1.290,1,0,203.777,0,0,14,99,0,22,0
09-06 19:31:50,13.517,14.017,70.838,0,0,3065424,132224,170096,4576776,22396.719,1622.007,0,3015.732,0,6.007,3520,2321,2.700,2.090,1.290,1,0,122.151,0,0,14,99,0,22,0
09-06 19:31:51,24.523,3.753,70.565,0.751,0,3100396,165064,170104,4510612,13550.497,1621.495,140.129,520.480,8.007,5.005,2059,1274,2.700,2.090,1.290,3,0,1.001,0,0,14,101,0,22,0
09-06 19:31:52,20.730,3.247,75.929,0,0,3116944,148472,170104,4510656,15107.779,6919.487,35.966,143.865,2.997,15.985,2180,1798,2.640,2.090,1.300,2,0,0.999,0,0,14,104,0,22,0
09-06 19:31:53,26.002,3.750,68.755,0.250,0,3123488,141920,170104,4510664,12367.834,2122.143,4.000,376.025,1.000,31.002,2914,2721,2.640,2.090,1.300,2,0,2.000,0,0,14,110,0,22,0
09-06 19:31:54,22.745,7.498,67.735,0,0,3060932,204444,170104,4510696,30760.182,18400.921,3.999,127.972,1.000,15.996,3071,2029,2.640,2.090,1.300,2,0,64.986,0,0,14,113,0,23,0
09-06 19:31:55,45.504,8.501,44.504,1.000,0,3197380,133348,169992,4446860,12919.101,1566.133,28.002,3084.263,4.000,181.015,4290,3683,2.640,2.090,1.300,4,1,8.001,0,0,14,119,0,23,0
09-06 19:31:56,18.994,3.749,75.225,0.500,0,3214012,181748,169992,4383388,17163.378,7414.571,7.997,2615.143,1.999,335.890,2777,2595,2.640,2.090,1.300,2,0,1.000,0,0,14,120,0,23,0
09-06 19:31:57,20.249,3.500,74.998,0.500,0,3214040,181524,170004,4383560,9282.745,2281.937,0,407.989,0,26.999,2298,2174,2.670,2.100,1.310,1,0,0,0,0,14,122,0,23,0
09-06 19:31:58,30.847,5.768,59.437,1.254,0,3219956,173752,170004,4385384,9304.313,1625.120,1685.309,1918.043,70.221,238.752,5735,7704,2.670,2.100,1.310,5,0,4.013,0,0,14,127,0,23,0
09-06 19:31:59,28.886,4.731,63.998,1.494,0.249,3138416,255040,170004,4385636,13251.828,2710.329,15.937,1812.863,0.996,178.298,4674,5807,2.670,2.100,1.310,1,0,7.969,0,0,14,126,0,25,0
09-06 19:32:00,15.294,11.784,70.952,0,0,3172648,220800,170004,4385644,12500.574,1191.390,0,525.495,0,33.094,3260,2284,2.670,2.100,1.310,1,0,103.294,0,0,14,126,0,25,0
09-06 19:32:01,21.712,2.995,74.870,0.250,0,3231612,161832,170004,4385648,14083.454,3477.938,0,1880.722,0,107.812,1996,1553,2.670,2.100,1.310,2,0,0,0,0,14,127,0,25,0
09-06 19:32:02,21.001,2.500,75.502,0.500,0,3231564,161832,170004,4385696,14108.466,5950.197,36.001,492.016,3.000,42.001,2353,2198,2.530,2.090,1.300,2,0,0,0,0,14,127,0,25,0
09-06 19:32:03,19.247,3.999,74.738,0.750,0,3233576,159816,170004,4385700,14472.630,3605.410,15.997,783.872,1.000,77.987,2950,3530,2.530,2.090,1.300,2,0,0,0,0,14,127,0,25,0
09-06 19:32:04,32.555,6.010,59.350,0.501,0,3266536,126816,170008,4385736,13316.407,2818.743,4.007,937.578,1.002,98.165,4485,5104,2.530,2.090,1.300,3,0,3.005,0,0,14,126,0,26,0
09-06 19:32:05,52.987,13.747,32.242,0.250,0,3317532,140964,170008,4322500,8952.775,1619.597,7.998,635.842,2.000,47.988,5911,5007,2.530,2.090,1.300,3,0,101.975,0,0,14,128,0,27,0
09-06 19:32:06,42.384,4.986,51.609,0.249,0,3350776,171892,170008,4259952,14862.481,3624.120,167.543,3063.648,0.997,314.144,2884,1453,2.530,2.090,1.300,1,0,0,0,0,14,129,0,27,0
09-06 19:32:07,23.741,7.747,67.723,0.250,0,3286712,235936,170008,4259972,32431.081,22855.895,0,799.681,0,46.981,3050,2216,2.570,2.100,1.310,2,0,57.977,0,0,14,128,0,28,0
09-06 19:32:08,21.847,3.767,73.076,0,0,3341128,181504,170008,4259988,11017.144,1573.017,12.054,120.538,3.013,16.072,2057,1620,2.570,2.100,1.310,1,0,0,0,0,14,128,0,28,0
09-06 19:32:09,18.446,2.243,78.270,0.249,0,3371604,151024,170008,4259992,18629.217,7739.241,0,382.874,0,32.903,2050,1712,2.570,2.100,1.310,0,0,0,0,0,14,129,0,28,0
09-06 19:32:10,19.507,7.253,72.277,0,0,3363656,158940,170008,4260024,30094.285,18726.022,0,2532.950,0,38.014,2991,2362,2.570,2.100,1.310,1,0,51.019,0,0,14,128,0,29,0
09-06 19:32:11,18.743,2.249,77.473,0.250,0,3363848,158736,170008,4260036,14577.918,3845.659,0,263.908,0,23.992,2041,1679,2.570,2.100,1.310,1,0,0,0,0,14,129,0,29,0
09-06 19:32:12,20.493,3.249,74.475,0.500,0,3367200,155344,170008,4260076,15768.745,5758.081,0,803.732,0,86.971,2921,3253,2.690,2.130,1.330,1,0,0,0,0,14,129,0,29,0
09-06 19:32:13,17.509,9.255,71.537,0.500,0,3327804,194732,170008,4260084,9637.937,2769.419,0,456.234,0,37.019,3252,2532,2.690,2.130,1.330,2,0,82.042,0,0,14,128,0,30,0
09-06 19:32:14,22.749,3.250,72.996,0.250,0,3364336,158192,170008,4260092,14341.195,1457.918,0,247.986,0,12.999,1862,1191,2.690,2.130,1.330,3,0,0,0,0,14,128,0,30,0
09-06 19:32:15,19.748,1.750,76.743,0,0,3364916,157476,170008,4260228,34849.709,24834.654,0,811.923,0,54.995,2286,1862,2.690,2.130,1.330,1,0,2.000,0,0,14,130,0,31,0
09-06 19:32:16,19.749,7.749,71.995,0.250,0,3337168,185208,170008,4260244,9158.332,1457.894,0,115.992,0,12.999,2654,1938,2.690,2.130,1.330,2,0,54.996,0,0,14,130,0,31,0
09-06 19:32:17,18.499,2.250,78.744,0,0,3368372,154000,170008,4260248,17497.616,7345.419,0,83.993,0,7.999,1777,1254,2.710,2.150,1.340,1,0,0,0,0,14,131,0,31,0
09-06 19:32:18,20.730,5.245,69.683,1.998,0,3368524,153760,170008,4260336,13200.391,2396.711,0,2925.206,0,316.698,5149,7570,2.710,2.150,1.340,1,1,0.999,0,0,14,132,0,31,0
09-06 19:32:19,28.218,5.244,62.429,1.998,0,3371224,150988,170012,4260404,14209.785,1618.154,15.982,5849.325,0.999,388.557,5472,7670,2.710,2.150,1.340,5,0,0,0,0,14,132,0,32,0
09-06 19:32:20,21.045,7.516,70.652,0,0,3324740,197440,170012,4260436,13860.821,2866.166,0,537.156,0,40.086,3064,2615,2.710,2.150,1.340,1,0,53.114,0,0,14,131,0,33,0
09-06 19:32:21,21.501,2.500,74.255,0.250,0,3369316,152864,170012,4260436,10137.662,3592.234,0,432.028,0,33.002,2005,1563,2.710,2.150,1.340,0,0,0,0,0,14,132,0,33,0
09-06 19:32:22,16.761,2.502,79.552,0.500,0,3370568,151604,170012,4260444,22295.698,9771.442,0,2821.860,0,278.183,2358,2065,2.500,2.110,1.330,2,0,0,0,0,14,132,0,33,0
09-06 19:32:23,27.728,4.746,64.200,0.749,0,3374300,147824,170016,4260488,12456.296,1618.739,15.988,1766.624,0.999,186.854,5880,7895,2.500,2.110,1.330,4,0,0,0,0,14,132,0,33,0
09-06 19:32:24,38.628,8.224,51.587,0.498,0,3383404,138512,170016,4260696,12041.948,1614.897,0,809.442,0,81.742,7076,9146,2.500,2.110,1.330,7,0,1.994,0,0,14,134,0,32,0
09-06 19:32:25,36.112,9.780,51.410,0.502,0,3321240,200640,170020,4260728,10944.986,2331.239,0,686.131,0,64.199,6294,7454,2.500,2.110,1.330,2,0,80.249,0,0,14,137,0,33,0
09-06 19:32:26,23.255,4.001,72.265,0.250,0,3377424,144444,170020,4260740,12630.559,1620.328,0,872.177,0,31.006,2130,1750,2.500,2.110,1.330,2,0,0,0,0,14,137,0,33,0
09-06 19:32:27,17.996,2.249,78.982,0,0,3397072,124788,170020,4260748,20856.363,9694.845,0,731.837,0,64.986,2106,1679,2.370,2.090,1.330,0,0,0,0,0,14,138,0,33,0
09-06 19:32:28,21.004,5.751,70.262,1.000,0,3313120,208704,170020,4260784,13638.276,3182.531,0,1136.190,0,116.019,4366,5195,2.370,2.090,1.330,2,0,47.008,0,0,14,137,0,34,0
09-06 19:32:29,16.749,11.749,70.245,0,0,3349904,171908,170020,4260796,10966.187,1457.892,0,479.964,0,28.998,3151,2227,2.370,2.090,1.330,1,0,101.992,0,0,14,137,0,34,0
09-06 19:32:30,24.003,4.001,70.510,0.250,0,3399948,184808,170020,4199228,14837.017,3592.488,8.001,1532.208,2.000,96.013,2676,2397,2.370,2.090,1.330,1,2,0,0,0,14,138,0,34,0
09-06 19:32:31,20.484,2.748,75.191,0.500,0,3400076,184920,170020,4199136,16804.735,6118.170,0,1358.927,0,69.945,2547,2497,2.370,2.090,1.330,1,0,0,0,0,14,139,0,34,0
09-06 19:32:32,7.002,1.000,90.770,0.250,0,3399780,185216,170020,4199136,17607.915,6559.458,4.001,116.026,1.000,13.003,1653,1653,2.260,2.070,1.330,2,0,0,0,0,14,138,0,32,0
09-06 19:32:33,21.764,5.253,70.545,0.250,0,3400664,184316,170020,4199152,11752.426,1663.051,4.003,584.369,1.001,64.040,3966,4632,2.260,2.070,1.330,1,0,0,0,0,14,138,0,32,0
09-06 19:32:34,29.486,7.246,60.471,1.000,0,3403612,181324,170020,4199196,27301.742,1619.214,0,1691.179,0,134.934,5791,7434,2.260,2.070,1.330,2,1,6.997,0,0,14,140,0,32,0
09-06 19:32:35,35.408,9.974,50.868,1.496,0,3407848,176824,170020,4199428,16236.791,3040.097,35.907,5425.895,2.992,361.061,8759,12536,2.260,2.070,1.330,2,0,3.990,0,0,14,139,0,33,0
09-06 19:32:36,35.663,18.585,43.198,0.502,0,3339972,244636,170020,4199492,10215.785,1627.453,0,1141.226,0,94.432,7371,7914,2.260,2.070,1.330,2,0,213.980,0,0,14,139,0,33,0
09-06 19:32:37,33.192,10.232,54.654,0.749,0,3377400,207152,170020,4199532,9454.432,1958.568,15.972,2759.165,0.998,328.424,4844,5040,2.560,2.140,1.350,1,0,72.872,0,0,14,139,0,33,0
09-06 19:32:38,23.745,3.499,72.235,0,0,3414436,170108,170020,4199540,13301.291,1779.638,0,323.934,0,19.996,2029,1310,2.560,2.140,1.350,1,0,0,0,0,14,139,0,33,0
09-06 19:32:39,19.501,2.250,76.506,0.250,0,3423724,160812,170020,4199548,17242.257,8205.598,0,344.025,0,20.001,2150,1710,2.560,2.140,1.350,2,0,0,0,0,14,140,0,33,0
09-06 19:32:40,21.504,18.003,58.760,0.500,0,3339152,245340,170024,4199572,13747.405,2484.435,12.002,448.078,2.000,31.005,4776,13488,2.560,2.140,1.350,1,0,181.032,0,0,14,139,0,34,0
09-06 19:32:41,9.756,19.261,69.291,0,0,3342168,242292,170024,4199604,10411.151,1620.958,0,416.246,0,31.018,4805,3364,2.560,2.140,1.350,1,0,201.119,0,0,14,139,0,34,0
09-06 19:32:42,9.744,20.487,67.957,0,0,3346088,238360,170024,4199616,13126.692,1688.931,0,295.813,0,17.989,4639,2990,2.520,2.140,1.360,1,0,189.880,0,0,14,139,0,34,0
09-06 19:32:43,16.251,18.751,63.505,0.250,0,3358748,225688,170024,4199984,10729.773,1458.105,0,744.054,0,45.003,5081,5209,2.520,2.140,1.360,1,0,165.012,0,0,14,139,0,34,0
09-06 19:32:44,25.911,17.440,55.062,0,0,3356032,228396,170024,4199644,10003.814,1614.483,0,183.373,0,12.956,5278,5383,2.520,2.140,1.360,3,0,142.513,0,0,14,139,0,19,0
09-06 19:32:45,31.366,22.081,45.919,0,0,3417120,167276,170024,4199672,12250.214,1626.001,0,52.193,0,5.019,5363,3360,2.520,2.140,1.360,3,0,233.863,0,0,14,139,0,19,0
09-06 19:32:46,33.703,23.295,40.642,0.496,0,3445768,138048,170036,4200240,13984.648,1605.836,103.091,816.795,5.948,55.510,5889,4643,2.520,2.140,1.360,3,0,196.269,0,0,14,141,0,20,0
09-06 19:32:47,15.114,21.159,62.974,0,0,3456556,127248,170036,4200252,8741.850,1722.979,0,24.182,0,6.046,4991,3514,2.480,2.140,1.360,1,0,199.503,0,0,14,145,0,20,0
09-06 19:32:48,37.755,21.361,38.252,0.248,0,3498204,145236,170048,4142488,12374.692,1609.554,11.923,520.621,2.981,38.749,9464,13848,2.480,2.140,1.360,5,0,143.072,0,0,14,151,0,17,0
09-06 19:32:49,37.345,20.186,42.896,0,0,3541532,158088,169992,4087332,14300.992,1635.091,56.522,270.497,3.028,17.158,5319,4983,2.480,2.140,1.360,3,0,172.593,0,0,16,151,0,17,0
09-06 19:32:50,50.651,27.446,20.211,0.499,0,3641224,145764,169852,4000836,13002.628,1525.024,119.766,562.902,4.990,23.953,5733,3849,2.480,2.140,1.360,4,0,287.439,0,0,16,151,0,17,0
09-06 19:32:51,56.548,23.770,17.765,0.250,0,3723964,164636,169852,3900428,11905.111,1621.377,48.041,576.490,4.003,43.037,6979,7221,2.480,2.140,1.360,6,0,325.276,0,0,16,165,0,17,0
09-06 19:32:52,26.986,17.241,54.222,0.250,0,3735032,152240,169852,3901740,8672.458,1619.152,0,8771.406,0,732.616,7282,10244,2.600,2.170,1.370,1,0,189.901,0,0,16,167,0,17,0
09-06 19:32:53,26.679,17.952,54.355,0.249,0,3755548,131708,169852,3901764,11125.261,592.416,11.968,414.891,2.992,30.917,4917,5780,2.600,2.170,1.370,3,0,133.643,0,0,16,167,0,17,0
09-06 19:32:54,35.843,23.311,39.603,0,0,3803040,136420,169780,3850416,10712.825,1353.516,0,232.604,0,7.018,13775,3644,2.600,2.170,1.370,4,0,273.711,0,0,16,167,0,17,0
09-06 19:32:55,28.757,23.756,45.511,0,0,3845820,148932,169780,3796488,8565.044,1296.309,12.003,356.085,3.001,27.006,5494,3669,2.600,2.170,1.370,2,0,247.059,0,0,17,167,0,17,0
09-06 19:32:56,12.265,20.024,65.830,0.501,0,3855560,139156,169780,3796524,12580.226,1459.767,4.005,2310.797,1.001,35.042,5062,3585,2.600,2.170,1.370,2,0,211.256,0,0,17,169,0,16,0
09-06 19:32:57,16.479,20.724,60.923,0,0,3861132,133568,169780,3796540,13179.305,1707.837,0,135.828,0,13.982,4937,3363,2.470,2.150,1.370,3,0,190.758,0,0,17,173,0,16,0
09-06 19:32:58,17.497,18.246,62.488,0.250,0,3876716,172920,169780,3743380,14327.229,1457.718,7.998,503.903,2.000,33.993,5594,6357,2.470,2.150,1.370,1,0,145.972,0,0,17,173,0,16,0
09-06 19:32:59,24.971,15.232,58.681,0,0,3875352,174284,169780,3742932,12181.771,1618.110,0,3.995,0,0.999,5410,6607,2.470,2.150,1.370,4,0,128.849,0,0,17,173,0,16,0
09-06 19:33:00,28.843,23.124,45.752,0,0,3902912,169916,169780,3720256,9155.284,1611.250,0,83.546,0,3.978,5487,3590,2.470,2.150,1.370,4,0,260.585,0,0,17,173,0,14,0
09-06 19:33:01,41.124,21.445,36.835,0,0,3955712,165180,169788,3673308,14288.797,1634.851,8.073,318.897,2.018,23.211,5637,4078,2.470,2.150,1.370,4,0,242.200,0,0,17,185,0,14,0
09-06 19:33:02,32.673,19.704,46.391,0.249,0,3991540,129300,169788,3673808,16035.212,1616.191,0,742.251,0,84.800,6804,8435,2.830,2.230,1.400,2,0,245.422,0,0,17,195,0,14,0
09-06 19:33:03,47.449,24.474,26.971,0.250,0,4084564,123300,169796,3588380,14617.418,1618.275,7.991,627.331,1.998,46.950,6896,11599,2.830,2.230,1.400,3,0,291.689,0,0,17,205,0,14,0
09-06 19:33:04,31.275,24.270,43.035,0,0,4127932,156620,169796,3513268,15439.433,1459.175,0,204.164,0,13.010,5661,3671,2.830,2.230,1.400,2,0,263.212,0,0,17,207,0,15,0
09-06 19:33:05,29.996,27.246,40.995,0.250,0,4185316,129576,169800,3483308,13848.216,1619.791,27.996,811.895,3.999,45.994,7887,12319,2.830,2.230,1.400,3,0,326.958,0,0,17,211,0,14,0
09-06 19:33:06,7.733,22.200,68.097,0,0,4178996,159636,169800,3459776,13617.399,1728.117,3.991,243.453,0.998,18.957,4842,3150,2.830,2.230,1.400,2,0,220.504,0,0,17,211,0,14,0
09-06 19:33:07,9.259,19.520,69.571,0.250,0,4191464,147008,169800,3459936,8959.096,1711.738,8.008,276.280,2.002,15.015,4778,3311,2.690,2.210,1.400,1,0,191.194,0,0,17,211,0,14,0
09-06 19:33:08,10.247,20.994,65.981,0,0,4199456,138988,169800,3459964,9221.370,1619.538,0,679.806,0,56.984,5068,3677,2.690,2.210,1.400,1,1,190.946,0,0,17,211,0,14,0
09-06 19:33:09,16.813,18.319,63.740,0,0,4203652,134776,169800,3460440,13459.744,1626.131,0,72.272,0,11.042,4935,4471,2.690,2.210,1.400,2,0,166.628,0,0,17,211,0,12,0
09-06 19:33:10,24.667,13.953,59.299,0.249,0,4197708,140704,169800,3459976,12692.063,1614.538,0,877.033,0,54.815,4844,5586,2.690,2.210,1.400,2,1,89.697,0,0,17,211,0,12,0
09-06 19:33:11,37.034,16.265,45.041,0.751,0,4269392,141816,169800,3388608,13022.819,1621.472,340.309,2682.435,7.006,141.128,4360,3057,2.690,2.210,1.400,4,0,101.092,0,0,17,211,0,12,0
09-06 19:33:12,50.773,9.254,38.767,0.750,0,4369180,161376,169800,3271316,9868.412,1500.671,648.290,2088.934,10.004,13.006,3590,1963,2.710,2.220,1.410,3,0,6.003,0,0,17,217,0,12,0
09-06 19:33:13,30.989,5.748,58.229,4.248,0,4446916,134092,169808,3221704,13051.350,1661.408,67.976,11112.041,4.998,957.659,3351,2301,2.710,2.220,1.410,2,0,6.998,0,0,17,220,0,10,0
09-06 19:33:14,25.032,13.767,59.826,0.250,0,4335520,245544,169816,3221720,12656.081,1459.855,0,120.153,0,7.009,3787,2607,2.710,2.220,1.410,4,0,159.202,0,0,17,221,0,10,0
09-06 19:33:15,36.528,34.026,27.271,1.501,0,4433552,145168,169820,3224096,12721.627,1621.227,1957.481,120.091,31.023,5.004,6040,4729,2.710,2.220,1.410,3,0,347.263,0,0,17,223,0,10,0
09-06 19:33:16,35.441,25.707,37.188,0.250,0,4461808,142672,169828,3199004,15047.856,7333.746,127.786,698.832,0.998,14.975,6423,6208,2.710,2.220,1.410,4,0,353.409,0,0,17,224,0,10,0
09-06 19:33:17,40.909,18.209,39.412,0.249,0,4391656,211796,169832,3200020,16287.679,4425.132,31.929,343.235,1.996,16.962,6014,6544,2.650,2.220,1.410,3,0,194.566,0,0,17,225,0,10,0
09-06 19:33:18,54.059,19.271,26.028,0,0,4477236,125408,169836,3201180,12110.108,1621.755,44.048,528.572,4.004,38.041,5736,5810,2.650,2.220,1.410,5,0,159.172,0,0,17,229,0,10,0
09-06 19:33:19,69.255,13.751,15.251,1.000,0,4604044,148868,169836,3053744,32704.351,7184.517,120.009,280.020,9.001,10.001,4902,3385,2.650,2.220,1.410,5,0,72.005,0,0,17,231,0,10,0
09-06 19:33:20,57.957,10.447,22.387,7.462,0,4675292,157536,169864,2977420,16568.186,6762.789,2212.806,6554.841,81.587,75.617,5218,4620,2.650,2.220,1.410,4,0,19.899,0,0,17,236,0,11,0
09-06 19:33:21,69.087,13.267,10.764,6.008,0,4675180,149444,169928,2985544,12621.863,1622.039,5715.183,1409.772,412.518,93.117,6082,6314,2.650,2.220,1.410,4,0,24.030,0,0,17,238,0,11,0
09-06 19:33:22,41.993,24.391,32.941,0,0,4699568,165092,169928,2946396,18679.128,8693.323,0,185.071,0,7.041,6916,6462,2.920,2.280,1.440,1,1,303.758,0,0,17,236,0,13,0
09-06 19:33:23,33.560,26.798,38.068,0.250,0,4611848,251048,169932,2948148,14058.089,5473.769,100.179,4892.732,5.009,491.878,6884,6578,2.920,2.280,1.440,2,0,272.486,0,0,17,235,0,14,0
09-06 19:33:24,46.262,19.649,33.577,0,0,4708628,152828,169932,2949916,12847.819,1611.698,0,198.975,0,6.964,5836,6945,2.920,2.280,1.440,7,0,191.016,0,0,17,235,0,14,0
09-06 19:33:25,43.921,20.329,34.635,0.251,0,4728756,131452,169932,2950824,19026.046,9473.871,4.016,558.172,1.004,25.098,5688,6238,2.920,2.280,1.440,4,1,246.961,0,0,17,236,0,13,0
09-06 19:33:26,55.560,26.779,18.270,0.250,0,4730860,157180,169932,2923880,13246.294,4771.149,8.009,1181.275,2.002,89.096,6911,7402,2.920,2.280,1.440,3,1,445.481,0,0,17,235,0,14,0
09-06 19:33:27,62.793,19.777,14.833,0.742,0,4817084,186064,169956,2811068,14115.184,3966.373,1151.049,411.371,55.377,16.811,6034,8143,3.490,2.410,1.480,7,0,231.396,0,0,17,238,0,16,0
09-06 19:33:28,55.890,26.807,17.956,0,0,4859840,172636,169960,2781916,18929.657,10310.002,198.269,817.355,8.093,52.602,7065,10608,3.490,2.410,1.480,4,1,409.689,0,0,17,239,0,17,0
09-06 19:33:29,61.495,24.748,10.999,1.500,0,4864792,161272,169968,2788428,12696.978,1457.883,1299.895,667.946,42.997,39.997,10603,23511,3.490,2.410,1.480,2,1,264.979,0,0,17,243,0,17,0
09-06 19:33:30,48.117,18.948,31.164,0,0.249,4916192,140724,169968,2757916,16866.422,7325.769,19.945,454.744,3.989,30.915,6890,7954,3.490,2.410,1.480,3,1,189.477,0,0,17,248,0,17,0
09-06 19:33:31,57.042,13.010,29.022,0.500,0,4966448,184496,169820,2666312,14625.838,6796.036,320.237,780.578,7.005,49.036,4896,3656,3.490,2.410,1.480,5,0,77.057,0,0,17,247,0,18,0
09-06 19:33:32,65.638,11.524,21.545,1.002,0,5065716,154880,169836,2598656,18394.637,7361.462,737.549,2629.523,42.088,25.053,4893,3643,3.450,2.420,1.490,3,1,7.015,0,0,17,254,0,20,0
09-06 19:33:33,55.489,9.953,29.860,2.986,0.249,5153732,127160,169836,2539644,23385.085,11938.885,1226.236,1047.079,65.691,73.654,6570,8063,3.450,2.420,1.490,4,0,10.949,0,0,17,261,0,22,0
09-06 19:33:34,60.969,16.810,21.828,0.502,0,5057800,257100,169836,2506676,14812.221,5321.119,537.933,766.755,7.025,30.108,5389,3808,3.450,2.420,1.490,4,0,152.548,0,0,17,261,0,24,0
09-06 19:33:35,47.536,25.635,20.657,3.235,0,5138408,171980,170096,2510844,19791.923,7151.812,4360.375,6509.702,85.615,99.552,7690,8715,3.450,2.420,1.490,5,0,404.181,0,0,17,267,0,25,0
09-06 19:33:36,48.553,24.650,25.895,0.249,0,5138544,171328,170096,2511660,16677.223,6826.258,908.309,1968.002,14.939,236.041,7893,10131,3.450,2.420,1.490,5,1,308.745,0,0,17,267,0,27,0
09-06 19:33:37,60.998,19.499,19.000,0,0,5082676,227092,170096,2511420,12321.676,1577.958,771.980,583.985,7.000,26.999,5390,5893,3.410,2.430,1.500,8,0,123.997,0,0,17,267,0,26,0
09-06 19:33:38,68.791,17.323,7.030,7.030,0,5194248,148924,170104,2479416,22399.867,7268.784,1004.253,14549.620,43.183,1332.644,6909,4512,3.410,2.430,1.500,3,2,166.706,0,0,18,273,0,26,0
09-06 19:33:39,64.292,9.543,10.297,15.068,0,5158308,216740,170104,2448328,15792.674,6824.975,1422.456,2427.015,59.269,144.657,4921,3724,3.410,2.430,1.500,3,1,11.050,0,0,18,272,0,27,0
09-06 19:33:40,78.476,12.378,1.238,7.674,0,5276132,127812,170120,2422016,13453.303,1697.259,2269.614,9617.141,106.945,58.424,5645,5932,3.410,2.430,1.500,16,0,44.560,0,0,18,272,0,27,0
09-06 19:33:41,77.393,12.646,9.105,0.253,0,5357708,135876,170136,2333708,17081.048,7338.659,1015.717,2763.884,36.420,194.241,7729,13533,3.410,2.430,1.500,4,0,107.237,0,0,18,276,0,27,0
09-06 19:33:42,38.095,11.951,48.552,0.747,0,5319140,174152,170144,2333988,18165.076,7866.985,673.260,764.887,14.939,51.789,4571,3928,3.220,2.400,1.500,2,0,126.485,0,0,18,276,0,28,0
09-06 19:33:43,44.749,9.250,44.249,0,0,5370500,153912,170144,2304096,27080.162,5665.825,559.983,1131.965,7.000,38.999,4430,3387,3.220,2.400,1.500,3,0,7.000,0,0,18,283,0,28,1
09-06 19:33:44,40.227,15.991,42.226,0.999,0,5329788,207236,170148,2292140,16545811.677,98296.142,2782.419,459.739,28.984,33.981,8363,3953,3.220,2.400,1.500,3,0,118.932,0,0,18,281,0,28,0
09-06 19:33:45,50.303,14.515,34.286,0.250,0,5335324,201964,170148,2292060,12337.081,2211.345,272.289,500.531,3.003,39.041,5027,3813,3.220,2.400,1.500,2,0,151.160,0,0,18,280,0,29,0
09-06 19:33:46,38.534,5.004,54.799,0.250,0,5414724,152976,170152,2262684,17789.804,9679.599,16.014,372.331,1.001,35.031,3236,2305,3.220,2.400,1.500,1,0,0,0,0,18,282,0,29,0
09-06 19:33:47,35.928,3.493,58.383,0,0,5414712,152976,170152,2262700,22548.896,13601.793,3.992,510.978,0.998,52.894,4142,3904,3.040,2.380,1.490,3,0,0,0,0,18,286,0,31,0
09-06 19:33:48,25.496,6.249,66.241,0.500,0,5330040,237140,170152,2263208,16895.592,191569.696,467.933,1463.791,25.996,39.994,4515,4683,3.040,2.380,1.490,0,0,37.995,0,0,18,284,0,32,0
09-06 19:33:49,4.252,1.251,91.288,0.250,0,5335724,231416,170152,2263248,4833973.954,16244123.940,0,304.126,0,21.009,3426,1667,3.040,2.380,1.490,1,0,0,0,0,18,286,0,32,0
09-06 19:33:50,24.986,3.248,68.711,0.250,0,5340212,226864,170152,2263312,3467758.293,1816.973,31.982,515.709,0.999,49.972,4648,4579,3.040,2.380,1.490,2,0,0,0,0,18,288,0,31,0
09-06 19:33:51,23.753,4.251,69.010,1.000,0,5333148,217732,170160,2279484,8640682.051,69545.715,36.005,1996.279,3.000,132.018,6858,5562,3.040,2.380,1.490,1,0,1.000,0,0,18,286,0,34,1
09-06 19:33:52,14.000,16.000,67.499,0,0,5288332,262492,170160,2279540,13462.816,1751.976,16.000,179.998,1.000,13.000,4286,2726,2.880,2.360,1.490,1,0,167.998,0,0,18,286,0,35,0
09-06 19:33:53,11.501,19.001,66.504,0.250,0,5288796,261952,170160,2279600,10327.697,1620.109,28.002,332.022,2.000,22.001,5394,4078,2.880,2.360,1.490,2,0,297.020,0,0,18,286,0,35,0
09-06 19:33:54,22.068,4.263,72.976,0.251,0.251,5338072,212676,170160,2279600,9812.372,1625.030,0,521.615,0,23.071,2111,1763,2.880,2.360,1.490,1,0,0,0,0,18,286,0,35,0
09-06 19:33:55,22.937,8.726,67.316,0.499,0.249,5349212,201528,170160,2279608,9930.914,1454.034,0,323.119,0,38.894,3495,2778,2.880,2.360,1.490,3,0,72.801,0,0,18,290,0,35,0
09-06 19:33:56,9.248,18.995,68.732,0,0,5343732,206984,170160,2279632,12908.588,1619.572,0,16247.705,0,48.987,5136,3786,2.880,2.360,1.490,2,0,208.945,0,0,18,290,0,35,0
09-06 19:33:57,10.496,18.243,70.221,0.250,0,5331560,219132,170160,2279656,12226.974,1619.334,0,295.878,0,31.987,4867,3422,2.730,2.330,1.490,2,0,190.922,0,0,18,290,0,35,0
09-06 19:33:58,7.997,18.743,70.974,0,0,5319424,231240,170160,2279684,13144.239,1619.413,0,259.906,0,12.995,4456,3173,2.730,2.330,1.490,0,0,198.928,0,0,18,290,0,35,0
09-06 19:33:59,3.252,2.252,93.316,0.250,0,5311680,238984,170160,2279684,12691.921,1621.139,0,9866.935,0,695.489,1482,1460,2.730,2.330,1.490,1,0,9.006,0,0,18,290,0,35,0
09-06 19:34:00,27.250,5.250,65.999,0.500,0,5352084,198536,170160,2279728,14809.849,1457.985,32.000,343.996,2.000,41.000,2861,2490,2.730,2.330,1.490,1,0,2.000,0,0,18,294,0,35,0
09-06 19:34:01,22.762,2.501,72.789,0.500,0,5381548,168976,170160,2279824,17547.365,7349.923,80.043,752.402,5.003,62.033,2655,2505,2.730,2.330,1.490,2,0,1.001,0,0,18,297,0,35,0
09-06 19:34:02,20.483,6.744,71.440,0,0,5340240,210204,170160,2279904,12364.582,4692.047,63.946,99.916,3.997,11.990,3358,2618,2.670,2.330,1.490,2,0,65.944,0,0,18,302,0,36,0
09-06 19:34:03,11.238,17.482,69.178,0.250,0,5324824,225552,170164,2279952,14051.457,1618.325,11.988,855.115,2.997,163.830,4536,2919,2.670,2.330,1.490,1,0,115.880,0,0,18,302,0,36,0
09-06 19:34:04,12.984,15.730,69.664,0,0,5323836,226384,170164,2280092,25394.489,1617.992,3.995,11877.262,0.999,16.979,4315,2777,2.670,2.330,1.490,1,0,93.884,0,0,18,302,0,36,0
09-06 19:34:05,12.448,16.431,67.966,0.249,0,5318116,232072,170164,2280124,8626.962,1613.261,0,87.634,0,6.971,4443,3098,2.670,2.330,1.490,1,0,114.522,0,0,18,302,0,36,0
09-06 19:34:06,13.089,16.865,69.726,0,0,5307860,242216,170164,2280236,13299.753,1468.017,0,72.495,0,6.041,4270,2797,2.670,2.330,1.490,1,0,96.660,0,0,18,302,0,35,0
09-06 19:34:07,12.750,15.500,69.499,0,0,5302092,247916,170164,2280288,10740.854,1619.978,4.000,0,1.000,0,4112,2743,2.540,2.310,1.490,2,0,117.998,0,0,18,302,0,35,0
09-06 19:34:08,23.256,3.751,72.269,0,0,5345396,204612,170164,2280288,14948.946,1620.428,0,0,0,0,2077,1519,2.540,2.310,1.490,1,0,1.000,0,0,18,302,0,35,0
09-06 19:34:09,23.254,3.000,73.012,0,0,5407736,142272,170164,2280288,9430.568,1620.269,104.017,24.004,1.000,2.000,1986,1533,2.540,2.310,1.490,2,0,0,0,0,18,302,0,35,0
09-06 19:34:10,25.486,3.248,69.213,1.249,0,5349616,230236,170164,2251256,9406.909,1619.124,331.820,427.769,12.993,57.969,3143,3260,2.540,2.310,1.490,7,0,4.997,0,0,18,302,0,35,0
09-06 19:34:11,23.102,3.515,71.062,1.004,0,5361992,217780,170164,2251336,12127.288,1464.435,24.106,1104.855,4.018,77.340,2538,2465,2.540,2.310,1.490,1,0,4.018,0,0,18,302,0,35,0
09-06 19:34:12,23.947,3.243,72.091,0.499,0,5398612,181136,170164,2251360,10603.576,1658.337,0,215.524,0,19.956,2143,1683,2.410,2.280,1.480,1,0,0,0,0,18,302,0,35,0
09-06 19:34:13,15.218,3.243,80.579,0,0,5420036,159576,170164,2251496,17896.025,10550.612,0,159.661,0,14.968,2436,2234,2.410,2.280,1.480,0,0,2.994,0,0,18,305,0,36,0
09-06 19:34:14,18.294,1.504,78.939,0,0,5420312,159292,170164,2251504,24924.826,11477.549,0,76.183,0,6.014,2279,2024,2.410,2.280,1.480,1,0,1.002,0,0,18,308,0,37,0
09-06 19:34:15,22.788,5.509,70.619,0,0,5327884,251708,170164,2251516,12980.917,1622.740,0,40.068,0,2.003,2434,1839,2.410,2.280,1.480,2,0,16.027,0,0,18,302,0,37,0
09-06 19:34:16,22.904,3.236,72.445,0,0,5352580,227012,170164,2251516,12483.507,1613.216,0,0,0,0,1969,1362,2.410,2.280,1.480,1,0,0,0,0,18,302,0,37,0
09-06 19:34:17,21.514,5.503,72.296,0,0,5312616,266848,170164,2251644,10990.972,1458.926,0,164.104,0,8.005,2630,1729,2.300,2.260,1.480,1,0,51.032,0,0,18,302,0,37,0
09-06 19:34:18,8.999,19.248,69.742,0,0,5314968,264464,170168,2251676,9402.986,1619.825,391.958,231.975,4.999,3.000,4535,3223,2.300,2.260,1.480,1,0,190.979,0,0,18,302,0,36,0
09-06 19:34:19,8.999,20.247,68.239,0.250,0,5300884,278404,170168,2251820,12857.941,1457.767,43.993,2531.595,3.999,393.937,5209,3412,2.300,2.260,1.480,1,0,245.961,0,0,18,302,0,36,0
09-06 19:34:20,18.487,10.493,69.203,0.250,0,5309772,269444,170168,2251892,11525.111,1618.892,47.967,303.792,1.999,26.982,3671,3060,2.300,2.260,1.480,2,1,94.935,0,0,18,302,0,36,0
09-06 19:34:21,21.518,4.254,71.810,1.001,0,5341388,237644,170308,2251936,13020.832,1621.349,156.130,612.510,7.006,40.033,2639,2217,2.300,2.260,1.480,1,0,32.027,0,0,18,302,0,36,0
09-06 19:34:22,21.238,1.999,75.708,0.250,0,5352760,222284,170632,2255600,20526.510,4624.411,0,351.803,0,15.991,2062,1549,2.190,2.240,1.480,2,0,2.998,0,0,18,303,0,31,0
09-06 19:34:23,25.349,5.271,67.514,0.251,0,5353500,218196,170948,2258480,12557.046,1801.035,0,722.823,0,13.051,7037,11107,2.190,2.240,1.480,1,0,10.039,0,0,18,302,0,31,0
09-06 19:34:24,24.417,5.232,68.516,0,0,5359180,211448,170968,2259496,14649.964,2786.483,7.973,589.985,1.993,6.976,8911,14836,2.190,2.240,1.480,0,0,9.966,0,0,18,303,0,31,0
09-06 19:34:25,25.041,5.008,67.359,0.250,0,5363408,206912,171012,2259760,13271.563,3336.421,48.078,745.211,7.011,42.068,10616,18987,2.190,2.240,1.480,2,0,7.011,0,0,18,303,0,31,0
09-06 19:34:26,21.210,6.737,70.118,0.749,0,5363524,206660,171052,2259864,12024.302,1616.948,0,2423.425,0,136.742,2902,2777,2.190,2.240,1.480,1,0,14.972,0,0,18,303,0,29,0
09-06 19:34:27,21.237,4.997,72.205,0.500,0,5317532,258628,171148,2253824,16444.784,1792.886,7.995,715.555,1.999,28.982,2536,1970,2.100,2.220,1.480,1,0,25.984,0,0,18,302,0,29,0
09-06 19:34:28,9.758,19.767,68.809,0,0,5325132,251016,171148,2253848,11251.629,1621.388,0,388.332,0,7.006,5053,3596,2.100,2.220,1.480,1,0,241.206,0,0,18,302,0,29,0
09-06 19:34:29,22.754,4.251,71.763,0,0,5379224,196924,171148,2253848,14012.467,1458.257,0,336.059,0,23.004,2122,1680,2.100,2.220,1.480,1,0,0,0,0,18,302,0,29,0
09-06 19:34:30,20.237,1.999,76.452,0.250,0,5400564,175392,171148,2254040,18183.581,7407.348,0,575.639,0,14.991,2340,2167,2.100,2.220,1.480,1,0,0,0,0,18,303,0,29,0
09-06 19:34:31,17.506,8.753,71.777,0.500,0,5381984,193772,171148,2254240,18965.024,6031.234,192.071,524.194,11.004,38.014,3645,3125,2.100,2.220,1.480,4,0,105.039,0,0,18,302,0,28,0
09-06 19:34:32,21.253,5.251,72.760,0,0,5428636,147112,171148,2254248,10917.526,1620.227,0,144.020,0,10.001,2190,1681,2.010,2.200,1.470,1,0,7.001,0,0,18,302,0,28,0
09-06 19:34:33,19.747,2.500,76.990,0,0,5418824,186832,171148,2225324,15140.976,7411.009,0,0,0,0,2123,1646,2.010,2.200,1.470,1,0,0,0,0,18,303,0,28,0
09-06 19:34:34,18.738,10.243,69.704,0,0,5372416,233228,171148,2225336,14352.445,4374.088,0,95.936,0,5.996,3287,2385,2.010,2.200,1.470,1,0,75.949,0,0,18,302,0,29,0
09-06 19:34:35,24.007,3.501,71.270,0.250,0,5394904,210740,171148,2225340,12946.617,1620.453,0,2304.644,0,387.108,2466,1816,2.010,2.200,1.470,1,0,1.000,0,0,18,302,0,22,0
09-06 19:34:36,18.269,2.252,78.832,0.250,0,5409020,196600,171148,2225364,20524.239,14272.770,16.017,92.095,1.001,8.008,2130,1756,2.010,2.200,1.470,0,0,0,0,0,18,303,0,22,0
09-06 19:34:37,19.209,6.985,72.094,0,0,5366348,239252,171148,2225384,17647.927,1879.944,0,0,0,0,2761,1996,1.930,2.180,1.470,1,0,55.879,0,0,18,302,0,23,0
09-06 19:34:38,20.262,2.502,77.046,0,0,5407024,198576,171148,2225384,12554.540,3947.371,0,0,0,0,1943,1483,1.930,2.180,1.470,0,0,0,0,0,18,303,0,23,0
09-06 19:34:39,20.767,4.253,74.060,0,0,5387304,218280,171148,2225400,21594.550,9391.633,144.117,0,8.007,0,2722,2136,1.930,2.180,1.470,1,0,32.026,0,0,18,302,0,23,0
09-06 19:34:40,23.512,3.752,71.538,0.250,0,5395584,209856,171148,2225544,13561.181,1714.908,0,196.104,0,24.013,2396,2304,1.930,2.180,1.470,1,0,0,0,0,18,302,0,23,0
09-06 19:34:41,24.988,6.497,66.968,0.250,0,5382876,222480,171148,2225692,19153.808,11471.495,63.969,455.781,2.999,49.976,3863,12960,1.930,2.180,1.470,0,0,35.983,0,0,18,303,0,24,0
09-06 19:34:42,17.243,6.747,74.222,0.250,0,5366652,238644,171148,2225688,14702.447,2660.995,47.982,255.903,2.999,24.991,2911,2613,1.770,2.140,1.460,2,0,46.982,0,0,18,302,0,25,0
09-06 19:34:43,23.512,2.501,72.537,0,0,5425056,180240,171148,2225688,12622.427,1620.825,0,140.071,0,10.005,2126,1636,1.770,2.140,1.460,1,0,0,0,0,18,302,0,21,0
09-06 19:34:44,18.500,2.000,78.499,0,0,5411584,193700,171148,2225700,19079.706,11870.817,0,0,0,0,2188,1859,1.770,2.140,1.460,1,0,0,0,0,18,302,0,25,0
09-06 19:34:45,21.503,6.251,71.011,0.250,0,5415504,189780,171148,2225700,12365.953,1458.230,0,780.123,0,45.007,2711,2361,1.770,2.140,1.460,1,0,33.005,0,0,18,302,0,25,0
09-06 19:34:46,18.502,3.250,77.010,0,0,5442192,163048,171152,2225740,16570.057,7346.912,0,36.004,0,2.000,2027,1584,1.770,2.140,1.460,1,0,0,0,0,18,303,0,25,0
09-06 19:34:47,16.227,3.745,78.639,0.250,0,5397592,207472,171152,2225916,18639.630,6785.401,15.977,319.548,0.999,35.949,2804,2775,1.710,2.120,1.460,1,0,27.960,0,0,18,302,0,25,0
09-06 19:34:48,19.767,8.007,71.060,0,0,5392800,212260,171152,2225920,12415.497,1459.234,0,156.132,0,9.008,2939,2285,1.710,2.120,1.460,2,0,60.051,0,0,18,302,0,25,0
09-06 19:34:49,20.003,2.500,76.512,0,0,5419308,185744,171152,2225928,27162.319,7347.168,0,148.024,0,8.001,1995,1551,1.710,2.120,1.460,2,0,0,0,0,18,303,0,25,0
09-06 19:34:50,20.998,6.249,71.993,0.250,0.250,5378876,226152,171152,2225952,30778.912,19109.083,0,727.927,0,46.995,3127,2760,1.710,2.120,1.460,2,0,46.995,0,0,18,302,0,27,0
09-06 19:34:51,20.001,2.500,75.754,0,0,5404728,200300,171152,2225952,12208.605,3941.195,0,1648.082,0,289.014,1943,1551,1.710,2.120,1.460,1,0,0,0,0,18,303,0,24,0
09-06 19:34:52,21.757,2.751,74.526,0.250,0,5376468,228516,171152,2225996,15674.371,8242.825,32.011,36.012,2.001,1.000,2534,2076,1.570,2.090,1.450,1,0,13.004,0,0,18,302,0,26,0
09-06 19:34:53,24.241,3.499,71.724,0.250,0,5373488,231496,171152,2225996,12328.546,1457.473,0,359.870,0,33.988,2443,2168,1.570,2.090,1.450,1,0,1.000,0,0,18,302,0,26,0
09-06 19:34:54,16.919,2.488,79.368,0,0,5387504,217464,171152,2226012,17287.748,8145.773,0,67.674,0,3.981,2082,1755,1.570,2.090,1.450,1,0,0,0,0,18,304,0,26,0
09-06 19:34:55,29.056,4.509,62.620,1.252,0,5384372,218376,171152,2228232,15416.492,2865.482,2132.079,1218.331,86.165,171.328,6091,8475,1.570,2.090,1.450,1,0,2.004,0,0,18,304,0,23,0
09-06 19:34:56,23.067,5.265,71.208,0.251,0,5398508,204216,171152,2228256,13451.303,1624.747,0,465.360,0,37.108,2434,2129,1.570,2.090,1.450,2,0,5.015,0,0,18,304,0,23,0
09-06 19:34:57,20.665,2.241,75.938,0.249,0.249,5428648,174064,171152,2228268,15819.087,7154.641,0,398.365,0,34.857,2216,1891,1.530,2.070,1.450,2,0,0,0,0,18,305,0,23,0
09-06 19:34:58,19.581,3.012,75.061,0.753,0,5421888,180720,171152,2228372,17394.074,5601.209,80.333,727.012,4.017,80.333,3615,4197,1.530,2.070,1.450,2,0,0,0,0,18,305,0,23,0
09-06 19:34:59,23.236,7.745,67.458,0.500,0,5376560,226020,171152,2228400,15215.610,2844.245,0,1055.349,0,104.935,4563,5162,1.530,2.070,1.450,1,0,44.972,0,0,18,304,0,24,0
09-06 19:35:00,10.757,22.265,63.542,1.251,0,5365512,237056,171152,2228412,12207.028,1621.066,0,5003.291,0,212.140,5784,4789,1.530,2.070,1.450,2,0,262.172,0,0,18,304,0,24,0
09-06 19:35:01,8.973,22.432,66.298,0,0,5347772,254780,171152,2228428,13317.520,1615.091,0,199.394,0,15.952,5243,3508,1.530,2.070,1.450,3,0,260.209,0,0,18,304,0,24,0
09-06 19:35:02,9.516,22.789,65.614,0,0,5344328,258208,171152,2228444,12397.449,1622.808,0,300.520,0,17.029,5195,3500,1.490,2.050,1.450,3,0,262.454,0,0,18,304,0,24,0
09-06 19:35:03,9.251,23.004,64.510,0.750,0,5336124,266400,171152,2228456,10856.692,1458.227,0,2916.454,0,164.026,5533,4323,1.490,2.050,1.450,1,0,258.040,0,0,18,304,0,23,0
09-06 19:35:04,8.505,22.764,67.042,0,0,5329652,272856,171152,2228472,7755.903,324.205,0,212.134,0,16.010,5021,3449,1.490,2.050,1.450,2,0,255.161,0,0,18,304,0,23,0
09-06 19:35:05,9.506,21.765,66.045,0,0,5319704,282792,171152,2228484,8835.986,1458.988,0,476.323,0,47.032,5184,3586,1.490,2.050,1.450,1,0,253.172,0,0,18,304,0,23,0
09-06 19:35:06,9.491,23.227,65.935,0,0,5317172,285312,171152,2228496,12885.309,1618.406,0,27.972,0,6.993,5150,3415,1.490,2.050,1.450,2,0,264.739,0,0,18,304,0,23,0
09-06 19:35:07,9.506,21.263,67.042,0.250,0,5318448,283892,171152,2228640,10571.659,1458.919,0,1897.195,0,328.207,5284,3501,1.370,2.020,1.440,2,0,255.161,0,0,18,304,0,23,0
09-06 19:35:08,10.246,22.991,63.974,0,0,5304136,298148,171152,2228696,12420.967,1619.344,31.987,383.844,1.000,31.987,5492,4199,1.370,2.020,1.440,1,0,243.901,0,0,18,304,0,23,0
09-06 19:35:09,9.500,22.250,65.499,0.500,0,5299452,302820,171152,2228708,10868.913,1079.991,0,735.994,0,54.000,5096,3632,1.370,2.020,1.440,1,0,238.998,0,0,18,304,0,23,0
09-06 19:35:10,10.255,21.510,65.532,0,0,5289648,312596,171152,2228736,13469.554,1512.736,0,356.173,0,34.017,5353,4225,1.370,2.020,1.440,1,0,242.118,0,0,18,304,0,23,0
09-06 19:35:11,10.501,21.502,65.505,1.000,0,5293896,308340,171152,2228744,14961.223,1620.132,0,516.042,0,39.003,5285,3856,1.370,2.020,1.440,1,0,242.020,0,0,18,304,0,23,0
09-06 19:35:12,9.500,22.750,66.000,0,0,5297176,305044,171152,2228760,8407.973,1527.995,0,12.000,0,3.000,5130,3411,1.340,2,1.440,3,0,255.999,0,0,18,304,0,23,0
09-06 19:35:13,16.959,23.692,57.110,0,0,5311488,290712,171152,2228780,9037.901,1616.048,0,15.961,0,3.990,5255,3548,1.340,2,1.440,4,0,251.385,0,0,18,304,0,23,0
09-06 19:35:14,33.295,15.772,47.815,1.752,0,5347292,254032,171152,2229688,12967.697,1622.214,1393.902,336.459,86.118,17.023,4584,2934,1.340,2,1.440,7,0,127.174,0,0,18,304,0,23,0
09-06 19:35:15,35.039,14.766,48.554,0.751,0,5372464,337648,171180,2131824,14094.572,1513.672,1201.327,0,115.127,0,3574,2426,1.340,2,1.440,2,0,29.032,0,0,18,304,0,23,0
09-06 19:35:16,26.288,3.004,69.099,0,0,5340428,365208,171180,2136300,14075.105,1622.317,304.435,8.011,10.014,2.003,2573,2064,1.340,2,1.440,1,0,2.003,0,0,18,304,0,21,0
09-06 19:35:17,19.222,3.245,74.142,2.996,0,5339876,364316,171224,2137700,19815.239,5242.391,55.919,2795.942,6.990,13.980,2378,2041,1.470,2.020,1.440,2,1,18.972,0,0,18,305,0,21,0
09-06 19:35:18,19.733,2.997,71.687,3.497,0,5352664,350456,171320,2138680,27099.313,11305.118,863.245,1402.774,52.954,65.942,3043,3046,1.470,2.020,1.440,1,0,1.998,0,0,18,305,0,21,0
09-06 19:35:19,17.265,1.001,78.069,2.752,0,5353980,348216,171424,2139496,28509.340,12052.713,392.349,1189.057,41.036,44.039,1931,1707,1.470,2.020,1.440,0,0,0,0,0,18,305,0,21,0
09-06 19:35:20,20.212,1.747,74.861,1.497,0,5368892,332088,171484,2140648,18636.387,7307.428,1042.065,1074.005,41.922,52.902,2330,2069,1.470,2.020,1.440,1,0,0,0,0,18,305,0,21,0
09-06 19:35:21,17.285,1.253,78.910,1.503,0,5367816,332088,171588,2141616,26857.390,11766.829,657.331,1515.068,49.099,73.148,2024,1832,1.470,2.020,1.440,0,0,0,0,0,18,305,0,21,0
09-06 19:35:22,15.246,1.250,81.481,1.500,0,5381828,317172,171636,2142468,18524.707,7208.330,711.835,559.870,31.993,17.996,1683,1458,1.430,2,1.440,0,0,0,0,0,18,305,0,21,0
09-06 19:35:23,12.997,1.500,75.731,8.498,0,5370944,318208,171704,2152244,19268.277,7221.230,4830.816,1875.540,56.986,240.941,1813,1607,1.430,2,1.440,0,1,0,0,0,18,305,0,21,0
09-06 19:35:24,18.208,2.744,72.332,5.737,0,5369224,294164,171760,2177952,13163.503,634.530,10930.676,327.242,126.706,11.972,2067,1650,1.430,2,1.440,2,0,0.998,0,0,18,305,0,21,0
09-06 19:35:25,23.024,2.753,71.325,0.501,0,5371444,279204,172288,2190156,13364.008,1621.700,0,1954.048,0,66.069,2637,2475,1.430,2,1.440,2,0,1.001,0,0,18,305,0,21,0
09-06 19:35:26,24.035,2.504,71.854,0.751,0,5374520,260304,172436,2205812,12373.991,1460.123,0,1466.132,0,43.063,2501,2282,1.430,2,1.440,1,0,0,0,0,18,305,0,21,0
09-06 19:35:27,22.507,3.001,72.772,1.250,0,5384008,229320,172440,2227112,10710.291,1620.498,0,2652.815,0,111.034,2532,2424,1.400,1.980,1.440,1,0,0,0,0,18,305,0,21,0
09-06 19:35:28,23.245,3.249,71.486,1.000,0,5378312,226308,172468,2235672,8239.396,1619.685,0,2051.601,0,71.986,2661,2568,1.400,1.980,1.440,1,0,2.000,0,0,18,305,0,21,0
09-06 19:35:29,23.467,2.247,71.900,0.749,0,5379508,198096,172840,2261872,12565.590,1455.983,0,2380.701,0,97.864,2495,2254,1.400,1.980,1.440,3,0,0,0,0,18,305,0,21,0
09-06 19:35:30,23.532,3.755,70.845,0.501,0,5329916,258936,173088,2250220,11281.200,1796.420,0,1770.385,0,63.085,2821,2599,1.400,1.980,1.440,1,0,2.003,0,0,18,304,0,21,0
09-06 19:35:31,22.974,3.496,72.668,0,0,5354324,234520,173088,2250228,9368.443,1618.176,0,0,0,0,2256,1652,1.400,1.980,1.440,2,0,22.974,0,0,18,304,0,21,0
09-06 19:35:32,18.018,2.753,77.828,0.250,0,5355256,228476,173144,2255264,20184.346,4739.778,0,1497.510,0,18.018,2014,1488,1.370,1.970,1.440,2,0,12.012,0,0,18,304,0,18,0
09-06 19:35:33,24.014,4.753,68.789,0.250,0,5352792,229496,173192,2256624,10309.875,1620.924,0,676.385,0,16.009,12516,22561,1.370,1.970,1.440,1,0,6.003,0,0,18,304,0,18,0
09-06 19:35:34,23.243,5.748,70.479,0,0,5376384,204828,173248,2257628,24769.511,1457.559,0,799.758,0,146.956,2715,2190,1.370,1.970,1.440,1,0,18.994,0,0,18,304,0,18,0
09-06 19:35:35,21.750,7.750,68.250,0,0,5377004,204072,173284,2257724,10357.023,1620.004,0,1652.004,0,9.000,11943,21458,1.370,1.970,1.440,2,0,16.000,0,0,18,304,0,18,0
09-06 19:35:36,22.502,3.750,72.507,0.250,0,5352320,236164,173284,2250332,8623.812,1620.153,0,892.084,0,20.002,2332,1767,1.370,1.970,1.440,1,0,10.001,0,0,18,304,0,17,0
09-06 19:35:37,22.567,4.012,72.214,0,0,5370336,218144,173284,2250336,12690.618,1624.816,0,0,0,0,2975,2558,1.340,1.950,1.430,2,0,45.134,0,0,18,304,0,17,0
09-06 19:35:38,24.408,5.728,66.998,0,0,5375408,213060,173284,2250348,12536.887,1613.935,0,15.940,0,0.996,9086,16949,1.340,1.950,1.430,2,0,17.933,0,0,18,304,0,17,0
09-06 19:35:39,18.759,3.502,77.288,0,0,5385216,203232,173284,2250368,21720.744,4563.257,0,508.251,0,9.004,2219,1771,1.340,1.950,1.430,1,0,18.009,0,0,18,305,0,17,0
09-06 19:35:40,23.187,3.491,71.057,0.499,0,5376548,205660,173284,2256608,11338.220,1882.889,0,1432.112,0,35.903,2628,2494,1.340,1.950,1.430,1,0,2.992,0,0,18,304,0,13,0
09-06 19:35:41,33.325,10.774,52.117,1.253,0,5432012,149212,173284,2261000,11729.277,1461.274,96.216,7316.391,2.004,395.887,11676,28586,1.340,1.950,1.430,3,0,47.106,0,0,19,305,0,13,0
09-06 19:35:42,23.572,6.520,69.212,0,0,5365996,215088,173284,2257852,13060.039,1624.982,0,264.812,0,12.037,7884,15383,1.310,1.930,1.430,1,0,8.025,0,0,18,304,0,14,0
09-06 19:35:43,21.514,6.504,70.546,0.250,0,5373376,207672,173288,2257868,8269.400,1621.058,0,464.303,0,14.009,7604,12338,1.310,1.930,1.430,1,0,15.010,0,0,18,304,0,14,0
09-06 19:35:44,21.654,4.231,71.930,0.249,0,5358060,230416,173288,2250456,9894.008,1451.546,0,1119.025,0,42.810,2229,1804,1.310,1.930,1.430,1,0,5.973,0,0,18,304,0,9,0
09-06 19:35:45,22.278,6.258,70.587,0.250,0,5330328,258140,173288,2250464,12765.788,1622.006,0,164.203,0,13.016,3189,2689,1.310,1.930,1.430,2,0,71.088,0,0,18,304,0,9,0
09-06 19:35:46,21.748,5.249,71.242,0,0,5332524,249340,173300,2257056,12987.597,1457.843,0,9798.942,0,71.992,2878,2380,1.310,1.930,1.430,1,0,42.995,0,0,18,304,0,9,0
09-06 19:35:47,23.506,3.001,73.017,0,0,5335452,241972,173332,2261400,14355.370,2113.496,4.001,328.077,1.000,5.001,2290,1744,1.280,1.920,1.430,1,0,16.004,0,0,18,305,0,9,0
09-06 19:35:48,15.498,1.000,81.491,0.250,0,5337948,239176,173344,2261672,25192.306,7636.183,4.000,1287.862,1.000,14.998,1774,1513,1.280,1.920,1.430,0,0,0,0,0,18,305,0,7,0
09-06 19:35:49,18.253,1.500,78.761,0.500,0,5351404,225472,173428,2261836,31558.490,10509.495,0,976.139,0,36.005,1952,1581,1.280,1.920,1.430,1,0,0,0,0,18,305,0,7,0
09-06 19:35:50,13.249,1.500,83.495,0.750,0,5350724,225700,173540,2262160,65159.336,12084.320,0,1779.900,0,189.989,2191,2338,1.280,1.920,1.430,0,0,0,0,0,18,306,0,7,0
09-06 19:35:51,16.496,2.249,79.229,1.000,0,5367660,208312,173704,2262448,128566.778,12981.545,0,5730.475,0,178.952,2288,2248,1.280,1.920,1.430,2,0,0,0,0,18,306,0,7,0
09-06 19:35:52,20.259,0.750,77.784,0.250,0,5371096,204560,173800,2262652,25572.180,10228.472,0,956.418,0,33.014,1862,1490,1.260,1.900,1.430,1,0,0,0,0,18,306,0,3,0
09-06 19:35:53,20.000,1.250,77.000,0.500,0,5377932,197436,173872,2262864,26649.083,8152.025,0,772.002,0,32.000,2052,1621,1.260,1.900,1.430,0,0,0,0,0,18,306,0,3,0
09-06 19:35:54,9.249,1.500,87.245,0.750,0,5377340,197436,174036,2263268,348443.397,16034.006,0,1399.913,0,53.997,1934,1868,1.260,1.900,1.430,1,0,0,0,0,18,306,0,3,0
09-06 19:35:55,12.011,2.002,82.578,1.501,0,5376708,197436,174392,2263528,116901.166,19564.437,28.026,2730.573,4.004,136.128,2495,2705,1.260,1.900,1.430,1,0,1.001,0,0,18,306,0,3,0
09-06 19:35:56,18.983,1.499,77.681,0.749,0,5375540,189532,174492,2272460,53265.513,11230.987,103.907,1250.885,5.995,52.953,2172,1937,1.260,1.900,1.430,0,0,0.999,0,0,18,306,0,3,0
09-06 19:35:57,4.250,4.250,87.992,0.250,0,5375328,182132,174500,2280040,4073444.185,58140.864,4.000,33957.001,1.000,164.985,4302,3276,1.240,1.890,1.420,0,0,1.000,0,0,18,306,0,2,0
09-06 19:35:58,7.467,2.987,85.371,0.498,0,5378948,159228,174508,2299264,9843759.199,80096.449,0,4926.133,0,26.881,4669,3010,1.240,1.890,1.420,1,0,1.991,0,0,18,306,0,2,0
09-06 19:35:59,12.465,3.739,80.773,0.997,0,5380960,139788,174636,2316524,4575964.462,38319.322,163.540,13645.655,3.989,90.745,3279,2669,1.240,1.890,1.420,1,0,0.997,0,0,18,306,0,2,0
09-06 19:36:00,24.630,2.513,71.378,0.754,0.251,5383780,129148,174856,2324072,13197.824,1465.755,0,1705.021,0,184.979,2605,2268,1.240,1.890,1.420,1,0,1.005,0,0,18,306,0,2,0
09-06 19:36:01,21.798,3.257,71.659,1.503,0,5365792,159248,178052,2307680,11010.385,1623.596,4.009,4173.243,1.002,83.184,2492,2222,1.240,1.890,1.420,1,0,0,0,0,18,306,0,1,0
09-06 19:36:02,23.494,5.249,69.732,0.500,0,5374024,134080,178484,2322832,9256.640,1619.587,0,63495.811,0,283.928,2627,2217,1.220,1.870,1.420,1,0,0,0,0,18,306,0,1,0
09-06 19:36:03,24.003,2.750,71.257,0.750,0,5381076,125168,179244,2323508,12713.337,1620.170,0,2124.223,0,85.009,2636,2388,1.220,1.870,1.420,1,0,0,0,0,18,306,0,1,0
09-06 19:36:04,22.001,3.500,72.252,0.750,0,5383836,138024,180072,2306972,9925.324,1458.048,0,2412.079,0,78.003,2390,2096,1.220,1.870,1.420,1,0,0,0,0,18,306,0,1,0
09-06 19:36:05,24.246,2.250,71.740,0.500,0,5381776,124544,180676,2320604,12462.185,1619.764,0,1383.798,0,39.994,2516,2228,1.220,1.870,1.420,1,0,1.000,0,0,18,306,0,1,0
09-06 19:36:06,23.573,3.260,71.973,0.251,0,5376360,136872,181980,2311940,13741.501,1625.026,0,1681.200,0,25.078,2245,1780,1.220,1.870,1.420,1,0,0,0,0,18,306,0,1,0
09-06 19:36:07,23.998,2.750,72.244,0.250,0,5383680,134892,182684,2305596,9478.227,1619.868,0,1587.871,0,44.996,2334,2038,1.200,1.860,1.420,1,0,0,0,0,18,306,0,1,0
09-06 19:36:08,23.186,2.742,72.800,0.997,0,5378708,121956,183600,2321196,12513.663,1615.567,0,2321.630,0,78.784,2478,2229,1.200,1.860,1.420,1,0,0,0,0,18,306,0,1,0
09-06 19:36:09,23.003,4.001,72.510,0,0,5319892,216532,183624,2285376,10669.527,1806.259,0,244.035,0,8.001,2247,1642,1.200,1.860,1.420,1,0,19.003,0,0,18,304,0,1,0
09-06 19:36:10,18.987,3.248,76.198,0.250,0,5352852,183548,183632,2285392,23025.286,4623.844,0,1443.015,0,150.897,2664,2391,1.200,1.860,1.420,2,0,15.989,0,0,18,305,0,1,0
09-06 19:36:11,23.497,3.500,71.742,0.250,0,5346408,182932,184084,2291700,30510.451,725.916,0,2051.761,0,51.994,2793,2277,1.200,1.860,1.420,3,0,7.999,0,0,18,304,0,1,0
09-06 19:36:12,22.458,6.488,68.372,0.250,0,5364300,163780,184100,2292660,14227.383,1293.580,0,11813.898,0,561.949,12518,22260,1.190,1.840,1.420,1,0,7.985,0,0,18,304,0,1,0
09-06 19:36:13,32.619,7.528,58.464,0,0,5390888,137008,184140,2292784,13639.883,1463.352,0,88.323,0,1.004,12524,21666,1.190,1.840,1.420,2,0,8.029,0,0,18,304,0,1,0
09-06 19:36:14,38.205,11.486,49.191,0,0,5396360,156376,184176,2269072,9650.507,1618.073,511.391,2680.807,3.995,18.977,3464,2128,1.190,1.840,1.420,2,0,19.976,0,0,18,304,0,1,0
09-06 19:36:15,40.117,9.528,49.645,0,0,5343396,217200,184180,2261688,8396.476,1624.736,513.497,312.912,4.012,11.032,3413,2118,1.190,1.840,1.420,2,0,10.029,0,0,18,304,0,1,0
09-06 19:36:16,22.430,3.489,72.774,0.748,0,5340892,218236,184180,2263160,12146.226,1614.978,247.231,618.078,3.988,5.981,2152,1669,1.190,1.840,1.420,1,0,0.997,0,0,18,304,0,1,0
09-06 19:36:17,22.495,2.999,71.983,0.750,0,5351532,205884,184184,2264868,10733.510,1619.624,443.897,1787.585,13.997,12.997,3007,2966,1.170,1.830,1.410,2,0,0,0,0,18,307,0,1,0
09-06 19:36:18,23.973,5.494,67.425,0.749,0,5346340,210444,184184,2265504,23912.267,1618.191,399.553,12182.381,22.974,172.807,5437,6770,1.170,1.830,1.410,1,0,0,0,0,18,309,0,8,0
09-06 19:36:19,28.259,6.252,60.769,1.751,0,5344552,211560,184184,2266176,9590.051,1662.529,528.168,1540.490,30.010,212.067,6319,8649,1.170,1.830,1.410,0,0,4.001,0,0,18,309,0,9,0
09-06 19:36:20,17.771,16.270,63.577,1.001,0,5275084,280832,184184,2266372,14704.765,1621.960,160.194,1850.235,3.004,115.139,5338,4903,1.170,1.830,1.410,1,0,168.203,0,0,18,308,0,12,0
09-06 19:36:21,11.248,19.997,66.991,0.250,0,5268480,287416,184184,2266424,13217.134,1619.771,3.999,2459.653,1.000,387.945,5255,3830,1.170,1.830,1.410,1,0,211.970,0,0,18,308,0,12,0
09-06 19:36:22,16.497,8.749,70.488,2.750,0,5278632,275912,184184,2267808,12252.983,1457.760,1535.747,415.932,59.990,12.998,3123,2383,1.160,1.820,1.410,3,0,60.990,0,0,18,308,0,14,0
09-06 19:36:23,7.997,7.247,68.723,14.244,0,5255508,278928,184188,2287912,8760.613,1619.374,19936.292,34526.650,1348.479,165.936,3765,4659,1.160,1.820,1.410,1,0,9.996,0,0,18,308,0,14,0
09-06 19:36:24,7.251,4.751,70.510,13.752,0,5256960,255548,184188,2309840,13804.936,1662.233,21915.073,5148.722,2090.293,195.027,4400,6564,1.160,1.820,1.410,1,0,0,0,0,18,308,0,14,0
09-06 19:36:25,9.747,3.249,79.724,6.248,0,5264112,247404,184592,2310428,13067.818,2634.157,987.684,747.761,246.921,20.993,2200,2450,1.160,1.820,1.410,0,0,6.998,0,0,18,309,0,14,0
09-06 19:36:26,1.250,1.000,96.512,0.250,0,5264364,247152,184592,2310428,27208.484,3253.417,0,260.033,0,26.003,1309,1806,1.160,1.820,1.410,1,0,0,0,0,18,309,0,14,0
09-06 19:36:27,2.500,0.750,94.503,0.500,0,5265976,245140,184628,2310792,89133.689,5459.165,316.010,0,4.000,0,1156,1401,1.060,1.790,1.400,0,0,2.000,0,0,18,309,0,14,0
09-06 19:36:28,7.251,12.001,77.007,2.500,0,5245848,264748,184632,2311312,54255.800,132555.728,500.044,146136.930,25.002,1211.107,4160,3756,1.060,1.790,1.400,0,0,27.002,0,0,18,308,0,14,0
09-06 19:36:29,1.500,0.250,96.753,0.750,0,5244868,265936,184632,2311312,16714.462,1620.045,0,1304.036,0,34.001,1143,1478,1.060,1.790,1.400,0,0,0,0,0,18,308,0,14,0
09-06 19:36:30,3.500,1.500,93.743,0.500,0,5244748,266032,184632,2311336,8881.375,1619.886,0,351.975,0,45.997,1814,2498,1.060,1.790,1.400,0,0,0,0,0,18,308,0,14,0
09-06 19:36:31,1.000,1.000,95.251,0.750,0,5244748,266032,184632,2311336,12490.157,1458.018,0,3676.046,0,174.002,1303,1921,1.060,1.790,1.400,0,0,0,0,0,18,308,0,14,0
09-06 19:36:32,1.250,0.750,97.722,0,0,5244748,266032,184632,2311336,12187.460,1619.530,0,0,0,0,927,1224,0.980,1.760,1.400,0,0,0,0,0,18,308,0,14,0
09-06 19:36:33,1.751,0.500,97.038,0,0,5244748,266032,184632,2311336,9340.651,1620.634,0,20.008,0,2.001,1103,1467,0.980,1.760,1.400,1,0,0,0,0,18,308,0,14,0
09-06 19:36:34,1.749,1.249,96.168,0,0,5245500,265280,184632,2311336,13031.832,1456.752,0,0,0,0,1126,1329,0.980,1.760,1.400,1,0,2.997,0,0,18,308,0,14,0
09-06 19:36:35,2.253,1.252,95.376,0,0,5245496,265280,184632,2311340,12809.880,1622.138,0,84.111,0,10.013,1274,1569,0.980,1.760,1.400,1,0,4.005,0,0,18,308,0,14,0
09-06 19:36:36,1.000,0.250,97.465,0,0,5245496,265280,184632,2311340,13390.156,1619.414,0,0,0,0,903,1181,0.980,1.760,1.400,0,0,0,0,0,18,308,0,14,0
09-06 19:36:37,0.500,1.000,97.497,0,0,5245496,265280,184632,2311340,10502.725,1457.962,0,919.976,0,189.995,971,1299,0.900,1.730,1.390,0,0,0,0,0,18,308,0,14,0
09-06 19:36:38,1.750,0.500,96.762,0.250,0,5245492,265280,184632,2311344,9329.177,1620.204,0,92.012,0,9.001,1036,1388,0.900,1.730,1.390,1,0,0,0,0,18,308,0,14,0
09-06 19:36:39,1.250,0.750,97.499,0,0,5245488,265280,184632,2311348,15789.897,1619.989,0,8.000,0,1.000,973,1274,0.900,1.730,1.390,0,0,0,0,0,18,308,0,14,0
09-06 19:36:40,2.000,0.750,94.748,0.250,0,5245476,265280,184632,2311360,13834.705,1619.965,0,295.994,0,39.999,1603,2389,0.900,1.730,1.390,0,0,0,0,0,18,308,0,14,0
09-06 19:36:41,1.750,1.000,96.225,0.250,0,5245476,265280,184632,2311360,9248.635,1457.627,0,787.799,0,61.984,1291,1876,0.900,1.730,1.390,1,0,0,0,0,18,308,0,14,0
09-06 19:36:42,11.753,5.752,81.021,0,0,5240396,270360,184632,2311360,13192.495,1620.429,0,0,0,0,2556,10527,0.910,1.710,1.390,0,0,36.010,0,0,18,308,0,14,0
09-06 19:36:43,2.250,1.000,96.753,0,0,5240900,269856,184632,2311360,12212.380,1620.050,0,0,0,0,1071,1352,0.910,1.710,1.390,0,0,0,0,0,18,308,0,14,0
09-06 19:36:44,1.250,0.250,96.989,0.250,0,5240900,269856,184632,2311360,12905.541,1619.817,0,203.977,0,14.998,1004,1319,0.910,1.710,1.390,0,0,0,0,0,18,308,0,14,0
09-06 19:36:45,1.500,0.500,97.482,0,0,5240900,269856,184632,2311360,12109.722,1619.695,0,7.998,0,1.000,1057,1325,0.910,1.710,1.390,0,0,1.000,0,0,18,308,0,14,0
09-06 19:36:46,1.250,1.250,96.503,0,0,5240896,269856,184632,2311364,9268.264,1620.046,0,0,0,0,931,1199,0.910,1.710,1.390,0,0,0,0,0,18,308,0,14,0
09-06 19:36:47,1.500,0.500,97.751,0,0,5240864,269856,184632,2311396,12152.149,1458.018,0,4.000,0,1.000,927,1214,0.840,1.690,1.380,0,0,0,0,0,18,308,0,14,0
09-06 19:36:48,1.500,0.250,96.743,0,0,5240860,269856,184636,2311396,12439.114,1619.885,0,7.999,0,1.000,1153,1470,0.840,1.690,1.380,0,0,0,0,0,18,308,0,14,0
09-06 19:36:49,1.000,0.500,97.259,0,0,5240860,269856,184636,2311396,13247.192,1458.131,0,20.002,0,1.000,1007,1294,0.840,1.690,1.380,1,0,0,0,0,18,308,0,14,0
09-06 19:36:50,2.000,1.250,95.246,0.250,0,5240816,269856,184636,2311440,10824.534,1619.930,31.999,311.987,1.000,31.999,1587,2251,0.840,1.690,1.380,0,0,0,0,0,18,308,0,14,0
09-06 19:36:51,1.500,0.500,96.745,0.250,0,5240816,269856,184636,2311440,13471.358,1619.923,0,479.977,0,38.998,1102,1476,0.840,1.690,1.380,0,0,0,0,0,18,308,0,14,0
09-06 19:36:52,1.000,0.250,97.263,0,0,5240812,269856,184636,2311444,11204.485,1458.193,0,0,0,0,924,1249,0.770,1.660,1.370,0,0,0,0,0,18,308,0,14,0
09-06 19:36:53,2.000,1.250,95.995,0.500,0,5240812,269856,184636,2311444,9080.561,1619.922,0,775.963,0,150.993,1351,1813,0.770,1.660,1.370,0,0,0,0,0,18,308,0,14,0
09-06 19:36:54,1.250,0.250,97.011,0,0,5240812,269856,184636,2311444,8496.933,1026.113,0,268.029,0,19.002,1024,1397,0.770,1.660,1.370,0,0,0,0,0,18,308,0,14,0
09-06 19:36:55,1.246,0.996,96.408,0.249,0,5240812,269856,184636,2311444,12789.626,1076.182,0,83.703,0,11.958,1269,1709,0.770,1.660,1.370,0,0,0.996,0,0,18,308,0,14,0
09-06 19:36:56,1.757,0.753,96.862,0,0,5240808,269856,184636,2311448,10918.775,1626.072,0,273.020,0,28.105,1211,1706,0.770,1.660,1.370,0,0,0,0,0,18,308,0,14,0
09-06 19:36:57,0.999,0.500,97.189,0,0,5240808,269856,184636,2311448,13685.357,1457.080,0,0,0,0,945,1311,0.870,1.660,1.370,0,0,0,0,0,18,308,0,14,0
09-06 19:36:58,1.001,0.500,97.567,0,0,5240808,269856,184636,2311448,11614.919,972.663,0,0,0,0,1002,1282,0.870,1.660,1.370,0,0,0,0,0,18,308,0,14,0
09-06 19:36:59,13.750,3.250,81.753,0.250,0,5256448,254232,184644,2311444,289416.397,7130.256,0,1436.052,0,67.002,2102,1910,0.870,1.660,1.370,1,0,7.000,0,0,18,308,0,14,0
09-06 19:37:00,14.976,5.241,77.125,1.248,0,5259196,251472,184660,2311508,298825.038,13344.344,155.747,343.443,6.989,24.959,3360,3161,0.870,1.660,1.370,2,0,31.948,0,0,18,308,0,14,0
09-06 19:37:01,18.256,4.751,75.523,0.500,0.250,5266812,243296,184668,2312060,154772.154,5459.663,16.005,756.230,1.000,44.013,2576,2062,0.870,1.660,1.370,3,0,17.005,0,0,18,308,0,14,0
09-06 19:37:02,16.238,8.494,71.946,1.749,0,5263176,242300,184688,2316672,7492.360,555.582,223.832,11.991,39.970,1.998,2677,1939,0.800,1.640,1.370,1,0,23.982,0,0,18,308,0,14,0
