"pcp-dstat 6.2.0 CSV Output"
"Author:","PCP team <pcp@groups.io> and Dag Wieers <dag@wieers.com>",,,,"URL:","https://pcp.io/ and http://dag.wieers.com/home-made/dstat/"
"Host:","np0000056417",,,,"User:","ubuntu"
"Cmdline:","dstat -tcmndrylpg --tcp --output /tmp/devstack_logs/dstat-csv.log",,,,"Date:","20 Feb 2026 15:20:11 UTC"
"system","total usage",,,,,"memory usage",,,,"net/total",,"dsk/total",,"io/total",,"system",,"load avg",,,"procs",,,"paging",,"tcp sockets",,,,
"time","total usage:usr","total usage:sys","total usage:idl","total usage:wai","total usage:stl","used","free","buf","cach","net/total:recv","net/total:send","dsk/total:read","dsk/total:writ","read","writ","int","csw","1m","5m","15m","run","blk","new","in","out","lis","act","syn","tim","clo"
20-02 15:20:11,,980400,1521912,164448,5151072,,,,,,,1.460,1.200,0.760,3,0,,,,10,5,0,17,1
20-02 15:20:12,24.441,19.952,53.871,0.748,0,997564,1504296,164552,5151336,40393.112,11569.250,0,1488.430,0,51.876,5985,4997,1.430,1.190,0.760,2,0,300.280,0,0,10,4,0,17,2
20-02 15:20:13,28.278,21.021,48.798,0.250,0,1019120,1482432,164624,5151520,12754.472,7809.637,0,764.748,0,21.021,5017,2896,1.430,1.190,0.760,2,0,222.217,0,0,10,4,0,17,2
20-02 15:20:14,26.735,20.988,51.220,0.750,0,1030332,1470856,164684,5151772,23840.179,10383.980,0,1435.168,0,40.976,4896,2801,1.430,1.190,0.760,2,0,195.886,0,0,10,4,0,17,2
20-02 15:20:15,35.733,18.991,43.729,0.250,0,1040368,1440264,164692,5171764,169754.662,4253.962,0,1387.335,0,44.978,4970,3751,1.430,1.190,0.760,2,0,153.926,0,0,10,4,0,17,2
20-02 15:20:16,33.755,20.503,44.257,0.250,0,1059684,1405332,165600,5183064,9572.510,1608.254,0,2872.453,0,178.028,5028,2812,1.430,1.190,0.760,3,0,156.025,0,0,10,4,0,11,2
20-02 15:20:17,45.497,16.249,36.998,0.250,0,1043204,1404240,165976,5198764,8063.537,1457.916,0,1375.921,0,31.998,5475,5268,1.950,1.310,0.800,3,0,136.992,0,0,10,4,0,11,2
20-02 15:20:18,30.243,7.248,60.485,1.250,0,1183000,1238168,166748,5346328,7006.315,1457.649,0,2803.326,0,107.974,3835,4044,1.950,1.310,0.800,3,0,20.995,0,0,11,6,0,11,2
20-02 15:20:19,38.580,12.275,47.598,1.253,0,1193192,1204868,167756,5365736,8632.791,1461.011,16.033,2849.873,1.002,101.209,4027,2555,1.950,1.310,0.800,3,0,84.173,0,0,11,6,0,11,2
20-02 15:20:20,40.433,10.732,47.421,0.499,0,1197524,1178856,168692,5384072,6929.519,1509.499,0,2148.440,0,71.881,4036,2503,1.950,1.310,0.800,3,0,90.849,0,0,11,6,0,11,2
20-02 15:20:21,32.561,13.024,52.348,1.503,0.250,1225648,1168308,168716,5366768,14732.628,4188.855,84.158,1358.548,7.013,132.248,4314,2727,1.950,1.310,0.800,2,0,107.201,0,0,11,4,0,13,0
20-02 15:20:22,42.666,6.238,48.904,0.749,0,1290704,1102796,168724,5367204,7949.430,1947.186,259.492,1301.451,7.984,20.959,3145,1772,1.960,1.320,0.800,2,0,32.935,0,0,11,5,0,13,0
20-02 15:20:23,41.499,4.250,53.248,0.250,0.250,1302760,1082724,168924,5373952,13141.537,3418.879,247.991,2151.924,8.000,11.000,2788,1434,1.960,1.320,0.800,2,0,2.000,0,0,11,4,0,13,0
20-02 15:20:24,29.195,8.234,47.910,10.730,0,1309536,1070760,169516,5378272,14498.675,4382.740,15.970,29975.506,0.998,2012.208,8762,13958,1.960,1.320,0.800,4,0,26.949,0,0,11,7,0,13,0
20-02 15:20:25,36.575,10.522,37.076,12.526,0,1300696,1069156,170644,5386512,5403.101,1635.360,0,35601.146,0,2007.124,14131,25498,1.960,1.320,0.800,2,0,56.115,0,0,11,6,0,13,0
20-02 15:20:26,35.487,8.497,39.486,13.495,0,1293432,1073284,170996,5389164,5845.866,1457.468,0,33127.906,0,2373.134,10890,19928,1.960,1.320,0.800,1,1,24.991,0,0,11,6,0,13,0
20-02 15:20:27,38.279,15.762,38.780,3.252,0,1251212,1115008,171140,5389456,8202.301,1459.121,0,11524.854,0,741.570,11854,19584,1.960,1.330,0.810,2,0,93.071,0,0,11,4,0,13,0
20-02 15:20:28,42.473,7.995,48.719,0.250,0,1283392,1095612,171156,5378300,7867.974,1511.035,0,875.441,0,36.976,3004,1634,1.960,1.330,0.810,2,0,7.995,0,0,11,4,0,13,0
20-02 15:20:29,45.518,5.752,47.018,1.000,0,1325748,1053264,171196,5378260,9599.728,1566.608,0,6238.423,0,336.131,3753,2983,1.960,1.330,0.810,2,0,25.010,0,0,11,4,0,13,0
20-02 15:20:30,26.996,7.249,64.741,0.250,0,1313368,1065624,171204,5378272,8082.856,1025.855,0,17173.570,0,98.986,2782,1946,1.960,1.330,0.810,1,0,60.991,0,0,11,4,0,13,0
20-02 15:20:31,23.244,2.249,73.480,0,0,1302060,1076928,171204,5378276,7735.931,1079.711,0,0,0,0,1781,1174,1.960,1.330,0.810,1,0,0,0,0,11,4,0,13,0
20-02 15:20:32,15.501,12.251,71.256,0,0,1222992,1155976,171204,5378296,7456.582,1404.110,0,0,0,0,3443,2200,1.880,1.330,0.810,1,0,133.010,0,0,11,4,0,11,0
20-02 15:20:33,9.990,18.980,70.177,0,0,1220772,1158172,171204,5378320,5715.081,1456.492,0,11.988,0,2.997,4550,2814,1.880,1.330,0.810,2,0,190.802,0,0,11,4,0,11,1
20-02 15:20:34,18.017,24.523,55.051,0,0,1191088,1187824,171204,5378336,41968.092,1459.359,0,20.019,0,5.005,5317,10590,1.880,1.330,0.810,2,0,239.223,0,0,11,4,0,12,0
20-02 15:20:35,9.750,21.500,67.250,0,0,1169320,1209448,171208,5378476,8793.050,1458.008,0,19340.111,0,109.001,4771,3006,1.880,1.330,0.810,1,0,181.001,0,0,11,4,0,12,0
20-02 15:20:36,23.502,17.252,57.506,0.250,0,1126800,1251888,171208,5378952,8952.874,1512.148,0,1888.184,0,110.011,5424,6959,1.880,1.330,0.810,1,0,135.013,0,0,11,4,0,11,0
20-02 15:20:37,24.408,11.706,58.531,4.234,0,1146128,1225072,171220,5386460,9168.628,1560.151,7675.226,438.357,77.709,25.903,3412,2396,1.890,1.340,0.820,3,0,57.783,0,0,11,4,0,11,0
20-02 15:20:38,48.155,11.537,39.879,0,0,1250288,1120664,171220,5386708,7901.469,1516.889,0,28.091,0,2.006,3687,1959,1.890,1.340,0.820,3,0,73.236,0,0,11,5,0,11,0
20-02 15:20:39,47.520,3.001,48.520,0,0,1289136,1080756,171228,5387752,9062.761,1566.650,512.213,2441.013,8.003,15.006,2704,1178,1.890,1.340,0.820,3,0,0,0,0,11,5,0,11,0
20-02 15:20:40,45.958,9.242,44.209,0,0,1298936,1068540,171228,5390036,10713.147,1456.660,0,4807.579,0,12.988,4283,4260,1.890,1.340,0.820,4,0,6.994,0,0,11,4,0,12,0
20-02 15:20:41,11.511,15.015,72.322,0,0,1294608,1072836,171228,5390068,9129.063,1715.703,0,40.040,0,2.002,3686,2573,1.890,1.340,0.820,1,0,140.139,0,0,11,4,0,12,0
20-02 15:20:42,22.502,3.250,73.506,0,0,1325892,1041552,171228,5390068,8519.707,1458.121,0,0,0,0,1780,1197,1.820,1.330,0.820,1,0,0,0,0,11,4,0,12,0
20-02 15:20:43,23.246,2.000,73.487,0,0,1368732,998712,171228,5390068,6835.792,1511.733,0,943.833,0,2.000,1761,1189,1.820,1.330,0.820,2,0,0,0,0,11,4,0,12,0
20-02 15:20:44,24.247,2.250,72.740,0.500,0,1384884,982332,171244,5390280,5943.149,1565.776,0,895.872,0,65.991,2362,2352,1.820,1.330,0.820,5,0,1.000,0,0,11,10,0,12,0
20-02 15:20:45,20.501,6.000,69.503,2.000,0,1333632,1033488,171308,5390312,8326.327,1458.057,0,5164.203,0,292.011,4063,4850,1.820,1.330,0.820,1,0,42.002,0,0,11,4,0,14,0
20-02 15:20:46,20.254,4.751,73.764,0.750,0,1382224,984348,171452,5390648,6950.356,1512.295,488.095,124.024,24.005,10.002,1774,1255,1.820,1.330,0.820,1,0,0,0,0,11,4,0,14,0
20-02 15:20:47,19.226,1.498,78.652,0,0,1389972,976360,171452,5390848,10775.533,3682.398,3.995,3.995,0.999,0.999,1754,1216,1.760,1.320,0.820,2,0,0.999,0,0,11,11,0,14,0
20-02 15:20:48,16.766,2.502,74.072,5.255,0,1398252,967516,171512,5391080,10034.803,3538.457,268.262,1601.565,66.065,30.029,2348,2332,1.760,1.320,0.820,1,0,0,0,0,11,25,0,14,0
20-02 15:20:49,19.744,4.499,74.726,0,0,1380376,985368,171512,5391100,8772.191,5347.288,0,0,0,0,2500,1809,1.760,1.320,0.820,1,0,38.988,0,0,11,28,0,15,0
20-02 15:20:50,20.769,9.508,68.561,0,0,1380356,985368,171512,5391104,10637.482,1513.349,0,88610.986,0,388.346,2825,2319,1.760,1.320,0.820,1,0,7.006,0,0,11,28,0,15,0
20-02 15:20:51,18.494,2.749,77.224,1.250,0,1389900,975796,171536,5391104,12579.689,6190.879,0,3798.698,0,225.923,2128,1952,1.760,1.320,0.820,1,0,0,0,0,11,29,0,15,0
20-02 15:20:52,17.528,14.273,66.105,0.501,0,1313896,1051728,171544,5391132,7674.218,3726.934,0,4306.857,0,153.244,4037,2996,1.780,1.340,0.830,2,0,149.238,0,0,11,28,0,16,0
20-02 15:20:53,40.768,9.754,48.521,0,0,1413432,952188,171548,5391132,8974.922,1458.637,0,1804.789,0,14.006,2904,1493,1.780,1.340,0.830,2,0,7.003,0,0,11,28,0,16,0
20-02 15:20:54,35.249,4.500,59.998,0,0,1455240,910368,171548,5391144,16160.556,9315.744,0,0,0,0,3111,2202,1.780,1.340,0.830,2,0,0,0,0,11,30,0,16,0
20-02 15:20:55,35.906,4.239,56.602,0.249,0,1458208,906980,171568,5391544,21058.764,11533.747,0,674.232,0,55.853,6500,8068,1.780,1.340,0.830,2,0,0,0,0,11,29,0,17,0
20-02 15:20:56,41.602,31.076,26.816,0.251,0,1381956,983312,171576,5391548,7688.859,1993.891,0,10349.385,0,421.033,5384,3595,1.780,1.340,0.830,6,0,366.900,0,0,11,28,0,17,0
20-02 15:20:57,78.061,21.767,0.250,0,0,1568184,797048,171576,5391584,5798.563,2182.718,0,168.132,0,12.009,5194,3620,2.110,1.410,0.860,6,0,212.167,0,0,11,29,0,16,0
20-02 15:20:58,85.077,9.231,4.740,0,0,1736956,628232,171580,5391620,27058.994,20312.708,0,383.221,0,24.949,5223,4655,2.110,1.410,0.860,5,0,0,0,0,11,33,0,16,0
20-02 15:20:59,75.285,9.504,14.757,0,0,1727988,636980,171580,5391836,33979.864,27294.743,0,492.230,0,54.025,8312,12516,2.110,1.410,0.860,4,0,102.048,0,0,11,29,0,20,1
20-02 15:21:00,31.972,11.490,56.202,0.250,0,1554296,810620,171588,5391880,11207.345,2459.881,0,383.669,0,30.973,3763,3499,2.110,1.410,0.860,2,0,208.820,0,0,11,28,0,22,0
20-02 15:21:01,17.980,1.498,79.161,0,0,1538704,826200,171592,5391888,16557.328,5999.235,0,311.649,0,12.985,2186,1921,2.110,1.410,0.860,2,0,0,0,0,11,29,0,18,0
20-02 15:21:02,14.762,7.506,75.312,0.250,0,1491032,873844,171604,5391904,10832.942,3758.102,0,760.628,0,57.047,3599,3324,1.940,1.390,0.850,1,0,68.056,0,0,11,28,0,19,0
20-02 15:21:03,21.262,4.252,73.790,0,0,1478956,885920,171604,5391904,7678.170,1242.675,0,120.065,0,8.004,1786,1216,1.940,1.390,0.850,1,0,0,0,0,11,28,0,19,0
20-02 15:21:04,17.479,1.998,79.405,0,0,1468912,895948,171612,5391912,45309.520,6577.092,0,107.870,0,5.993,2373,2208,1.940,1.390,0.850,0,0,0,0,0,11,29,0,19,0
20-02 15:21:05,13.505,11.254,73.528,0.250,0,1426156,938692,171624,5391928,9009.456,3310.270,0,272.104,0,31.012,3781,3150,1.940,1.390,0.850,1,0,106.041,0,0,11,28,0,20,0
20-02 15:21:06,8.001,23.003,67.007,0,0.500,1418336,946508,171628,5391928,9203.004,1458.159,0,256.028,0,9.001,5283,3294,1.940,1.390,0.850,2,0,320.035,0,0,11,28,0,20,0
20-02 15:21:07,18.016,33.529,46.791,0.250,0,1402036,962780,171636,5391948,7239.277,1459.265,0,740.642,0,44.038,5502,3679,2.030,1.420,0.860,3,0,342.297,0,0,11,28,0,20,0
20-02 15:21:08,72.152,26.055,2.004,0,0,1519864,844940,171636,5391960,8807.510,1461.071,0,180.379,0,16.034,5085,3347,2.030,1.420,0.860,5,0,270.569,0,0,11,28,0,20,0
20-02 15:21:09,83.086,8.982,7.984,0,0,1686604,678152,171636,5392004,26011.610,21365.788,0,0,0,0,5789,4467,2.030,1.420,0.860,3,0,0,0,0,11,33,0,17,0
20-02 15:21:10,75.642,10.269,14.026,0.250,0,1690992,673396,171664,5392344,42266.129,31155.327,0,645.208,0,80.150,9220,15528,2.030,1.420,0.860,5,0,61.114,0,0,11,28,1,18,0
20-02 15:21:11,80.755,19.251,0.250,0,0,1603148,761204,171668,5392376,10332.604,3430.200,0,356.021,0,19.001,5436,4025,2.030,1.420,0.860,5,0,250.015,0,0,11,29,0,18,0
20-02 15:21:12,88.131,9.238,1.498,0,0,1733700,630480,171668,5392544,20633.131,16920.146,0,219.703,0,8.988,5782,5313,2.350,1.490,0.890,6,0,0,0,0,11,32,0,18,0
20-02 15:21:13,74.188,9.242,15.737,0,0,1742488,621660,171668,5392576,43886.250,39014.329,0,147.876,0,10.991,9385,14646,2.350,1.490,0.890,3,0,99.916,0,0,11,31,0,21,0
20-02 15:21:14,41.744,17.747,39.494,0.250,0,1530876,833140,171680,5392680,17069.344,8873.619,0,411.936,0,38.994,6044,6419,2.350,1.490,0.890,3,0,197.969,0,0,11,28,0,23,0
20-02 15:21:15,40.741,4.999,53.738,0,0,1532140,831868,171680,5392688,8776.991,3382.226,0,175.960,0,7.998,2738,1684,2.350,1.490,0.890,2,0,0,0,0,11,29,0,23,0
20-02 15:21:16,37.037,4.474,56.922,0.497,0,1537904,826076,171692,5392704,18953.945,11213.481,0,1467.556,0,51.703,4186,3902,2.350,1.490,0.890,2,0,0,0,0,11,30,0,23,0
20-02 15:21:17,32.423,8.797,57.054,0,0,1431316,932556,171700,5392804,12864.522,7282.791,0,273.457,0,27.145,5185,4948,2.320,1.500,0.900,2,0,70.375,0,0,11,28,0,25,0
20-02 15:21:18,28.809,31.815,38.579,0,0,1425968,937860,171716,5392828,8619.734,1503.092,0,236.487,0,14.029,5344,3368,2.320,1.500,0.900,3,0,308.635,0,0,11,28,0,25,0
20-02 15:21:19,62.022,9.753,27.760,0,0,1522212,841608,171720,5392832,10186.609,3581.269,0,180.064,0,9.003,3721,1572,2.320,1.500,0.900,2,0,0,0,0,11,29,0,25,0
20-02 15:21:20,48.603,5.733,43.618,0.249,0,1545164,818492,171728,5392956,20832.145,16694.629,0,598.195,0,36.889,5322,5519,2.320,1.500,0.900,2,0,2.991,0,0,11,31,0,25,0
20-02 15:21:21,50.001,14.000,34.751,0,0,1476436,887024,171752,5393128,19394.461,11906.283,0,616.015,0,48.001,7002,7841,2.320,1.500,0.900,4,0,183.004,0,0,11,28,0,24,0
20-02 15:21:22,79.272,20.571,0.251,0,0.251,1520684,842752,171752,5393152,6109.977,975.349,0,2849.784,0,108.372,5019,2498,2.450,1.540,0.910,4,0,75.258,0,0,11,28,0,24,0
20-02 15:21:23,68.449,7.494,23.482,0,0,1593640,769772,171760,5393168,21701.822,17752.766,0,247.815,0,16.987,5135,3643,2.450,1.540,0.910,5,0,0,0,0,11,32,0,24,0
20-02 15:21:24,59.147,8.735,29.948,0.250,0,1571720,791468,171776,5393376,33938.882,25517.551,0,982.289,0,71.875,8640,12279,2.450,1.540,0.910,6,0,92.838,0,0,11,28,0,27,0
20-02 15:21:25,61.735,20.745,17.246,0,0,1506856,856296,171784,5393404,6402.462,1457.650,0,211.949,0,11.997,4300,2644,2.450,1.540,0.910,3,0,230.945,0,0,11,28,0,27,0
20-02 15:21:26,55.016,5.252,39.762,0,0,1563784,799348,171792,5393416,22507.731,13841.139,0,452.135,0,41.012,4225,2869,2.450,1.540,0.910,3,0,0,0,0,11,31,0,27,0
20-02 15:21:27,47.711,8.993,40.717,0.250,0,1540028,823072,171808,5393464,21782.115,15880.960,0,495.593,0,36.970,6544,7968,2.580,1.580,0.930,4,0,51.957,0,0,11,29,0,29,0
20-02 15:21:28,53.780,25.765,20.011,0,0,1468872,894196,171812,5393492,6964.920,3426.929,0,328.185,0,24.014,5186,4069,2.580,1.580,0.930,4,0,247.139,0,0,11,28,0,29,0
20-02 15:21:29,59.075,6.508,34.293,0,0,1534756,828184,171812,5393620,18159.976,9411.908,0,148.187,0,10.013,3796,2207,2.580,1.580,0.930,3,0,0,0,0,11,30,0,29,0
20-02 15:21:30,52.415,5.990,39.935,0.499,0,1507084,855668,171832,5393788,19506.438,13803.665,0,511.173,0,42.931,5493,5724,2.580,1.580,0.930,3,0,14.976,0,0,11,30,0,30,0
20-02 15:21:31,64.606,23.288,11.269,0,0,1452908,909684,171848,5393932,14156.306,9351.396,0,272.449,0,22.036,6220,6273,2.580,1.580,0.930,4,0,224.369,0,0,11,28,0,32,0
20-02 15:21:32,55.928,7.241,36.453,0,0,1560456,801964,171848,5394104,16530.838,9936.280,0,203.739,0,8.988,3616,2281,2.530,1.590,0.940,2,0,48.937,0,0,11,31,0,32,0
20-02 15:21:33,53.085,5.457,39.690,0,0,1559568,802816,171852,5394136,21935.714,14326.134,0,138.915,0,5.954,5399,5968,2.530,1.590,0.940,5,0,0,0,0,11,30,0,33,0
20-02 15:21:34,60.244,20.669,18.401,0,0.252,1462508,899836,171864,5394120,51054.437,5815.665,0,419.438,0,40.331,5976,14340,2.530,1.590,0.940,3,0,149.223,0,0,11,28,0,35,0
20-02 15:21:35,62.587,8.011,29.291,0,0,1535588,826740,171868,5394176,11320.707,5166.168,0,188.261,0,11.015,3850,1820,2.530,1.590,0.940,3,0,0,0,0,11,29,0,35,0
20-02 15:21:36,51.314,5.480,42.097,0,0,1543624,818644,171868,5394236,20240.520,16191.221,0,143.479,0,9.964,5430,5242,2.530,1.590,0.940,1,0,0,0,0,11,31,0,35,0
20-02 15:21:37,50.989,17.331,30.644,0.502,0,1432892,929200,171872,5394408,17431.747,8377.286,0,446.092,0,44.207,6728,6829,2.570,1.610,0.950,5,0,203.956,0,0,11,28,0,37,0
20-02 15:21:38,70.749,27.999,1.500,0,0,1537496,824572,171884,5394420,6790.873,1457.973,0,2223.958,0,131.998,5554,4351,2.570,1.610,0.950,8,0,428.992,0,0,11,28,0,36,0
20-02 15:21:39,82.240,17.748,0.250,0,0,1686804,675188,171892,5394484,16776.955,10041.776,0,199.976,0,8.999,5953,5117,2.570,1.610,0.950,6,0,387.953,0,0,11,31,0,36,0
20-02 15:21:40,72.506,17.501,9.251,0,0,1763360,598584,171900,5394524,33795.670,26730.112,0,840.066,0,56.004,7927,8872,2.570,1.610,0.950,5,0,450.036,0,0,11,33,0,36,0
20-02 15:21:41,75.245,19.749,4.750,0,0,1667468,694164,171912,5394804,40391.515,31489.063,0,743.954,0,65.996,7664,8855,2.570,1.610,0.950,5,0,330.980,0,0,11,28,1,37,0
20-02 15:21:42,84.006,15.001,0.750,0,0.250,1600992,760592,171932,5394832,13881.926,6917.461,0,2480.165,0,142.009,5569,3800,2.680,1.650,0.960,4,0,60.004,0,0,11,30,0,36,0
20-02 15:21:43,77.704,7.496,14.741,0,0,1664168,697232,171932,5395016,30410.845,23960.696,0,0,0,0,6133,7075,2.680,1.650,0.960,6,0,0,0,0,11,33,0,36,0
20-02 15:21:44,63.667,11.235,23.220,0,0,1570724,790588,171932,5395104,35263.100,29094.130,0,7.990,0,1.997,9076,12791,2.680,1.650,0.960,2,0,182.762,0,0,11,29,0,40,0
20-02 15:21:45,21.723,18.727,58.178,0,0,1412728,948580,171932,5395112,10407.209,2785.576,0,11.985,0,2.996,5044,3528,2.680,1.650,0.960,3,0,237.708,0,0,11,28,0,41,0
20-02 15:21:46,8.748,22.245,67.235,0,0,1399360,961948,171932,5395120,7059.424,1565.650,0,99.978,0,3.999,4875,2930,2.680,1.650,0.960,2,0,247.945,0,0,11,28,0,39,0
20-02 15:21:47,17.961,32.929,47.897,0,0,1389480,971800,171932,5395148,9280.966,1454.860,0,782.311,0,8.981,5442,3388,2.630,1.660,0.970,3,0,331.285,0,0,11,28,0,39,0
20-02 15:21:48,57.533,36.429,6.281,0,0,1449152,912128,171932,5395148,6540.149,1465.202,0,24.119,0,6.030,5422,4166,2.630,1.660,0.970,6,0,559.751,0,0,11,28,0,39,0
20-02 15:21:49,71.768,9.752,17.504,0,0,1589760,771336,171932,5395332,21767.310,14857.625,0,220.054,0,19.005,4921,4050,2.630,1.660,0.970,2,0,46.011,0,0,11,35,0,39,0
20-02 15:21:50,68.979,9.997,20.244,0.250,0,1570616,790396,171976,5395372,25449.130,18690.220,0,407.874,0,48.985,6379,7955,2.630,1.660,0.970,3,0,79.975,0,0,11,33,0,41,0
20-02 15:21:51,71.784,17.258,10.255,0,0,1583800,777172,171984,5395404,13484.370,8048.802,0,280.132,0,23.011,5954,4939,2.630,1.660,0.970,4,0,189.089,0,0,11,33,0,42,0
20-02 15:21:52,69.078,7.232,23.192,0,0,1658708,702212,171984,5395456,22657.651,18117.941,0,159.603,0,6.983,5946,5684,2.660,1.680,0.980,5,0,0,0,0,11,36,0,42,0
20-02 15:21:53,55.734,5.998,36.490,0,0,1650688,710032,171984,5395656,31837.073,22690.638,0,167.953,0,8.997,8160,10656,2.660,1.680,0.980,3,0,0,0,0,11,36,0,42,0
20-02 15:21:54,56.265,8.502,34.009,0,0,1617736,742780,171996,5395848,25638.905,17940.832,0,208.056,0,20.005,8079,9803,2.660,1.680,0.980,4,0,30.008,0,0,11,35,0,41,0
20-02 15:21:55,71.186,9.274,18.298,0,0,1643160,717296,172012,5395892,25500.533,16996.345,0,368.963,0,43.112,7724,9386,2.660,1.680,0.980,4,0,30.078,0,0,11,32,0,41,0
20-02 15:21:56,76.751,16.000,7.250,0.250,0,1559864,800564,172012,5395920,15213.185,6605.080,0,148.002,0,10.000,4923,3139,2.660,1.680,0.980,4,0,60.001,0,0,11,33,0,41,0
20-02 15:21:57,63.890,6.489,28.701,0,0,1610080,750176,172016,5396088,32128.922,22831.860,0,247.576,0,36.937,5917,6426,2.530,1.670,0.980,3,0,0,0,0,11,36,0,41,0
20-02 15:21:58,53.228,6.218,38.304,0,0,1611264,748916,172016,5396176,34150.562,24591.389,0,119.390,0,7.959,10070,13309,2.530,1.670,0.980,4,0,0,0,0,11,35,0,41,0
20-02 15:21:59,63.121,11.568,23.891,0.251,0,1573768,786188,172016,5396400,32688.373,26982.796,0,120.710,0,9.053,8555,12158,2.530,1.670,0.980,4,0,71.420,0,0,11,33,0,43,0
20-02 15:22:00,76.326,17.518,6.757,0,0,1523704,836232,172016,5396420,15364.364,6569.569,0,172.172,0,13.013,5138,3606,2.530,1.670,0.980,4,0,190.190,0,0,11,33,0,44,0
20-02 15:22:01,62.477,7.218,29.869,0,0,1603868,755896,172020,5396588,27693.865,17538.287,0,127.443,0,10.952,5827,5697,2.530,1.670,0.980,4,0,0,0,0,11,36,0,44,0
20-02 15:22:02,63.581,6.008,27.785,0,0,1603824,755868,172020,5396656,27475.080,22666.941,0,124.159,0,9.012,8003,10113,2.480,1.680,0.990,3,0,0,0,0,11,35,0,38,0
20-02 15:22:03,71.465,18.054,10.281,0,0,1516184,843356,172020,5396808,23440.588,12560.825,0,296.894,0,29.088,6519,7506,2.480,1.680,0.990,4,0,98.296,0,0,11,32,0,39,0
20-02 15:22:04,75.493,10.999,13.749,0,0,1609740,749772,172020,5396836,52930.977,11328.925,0,111.989,0,7.999,4849,2728,2.480,1.680,0.990,3,0,29.997,0,0,11,35,0,39,0
20-02 15:22:05,66.949,10.492,21.733,0,0,1552740,806716,172032,5396876,22623.802,15471.239,0,331.748,0,37.971,6390,6554,2.480,1.680,0.990,3,0,59.954,0,0,11,34,0,41,0
20-02 15:22:06,73.730,11.497,14.246,0,0,1598084,761172,172032,5397072,27660.392,18161.005,0,151.958,0,9.997,6982,8933,2.480,1.680,0.990,5,0,59.984,0,0,11,34,0,40,0
20-02 15:22:07,69.327,11.513,18.020,0,0,1563588,795612,172036,5397124,26445.215,22233.562,0,260.288,0,9.010,6094,7518,2.600,1.720,1,4,0,77.085,0,0,11,34,0,42,0
20-02 15:22:08,71.748,16.750,11.750,0,0,1566956,792056,172036,5397308,22236.446,14037.650,0,171.996,0,10.000,5844,6481,2.600,1.720,1,4,0,149.996,0,0,11,33,0,44,0
20-02 15:22:09,78.008,9.001,12.751,0,0,1629532,729448,172040,5397332,19709.951,15682.552,0,3720.368,0,141.014,5170,3915,2.600,1.720,1,1,0,34.003,0,0,11,35,0,45,0
20-02 15:22:10,70.423,9.739,18.730,0,0,1606956,751828,172040,5397524,29098.216,20402.714,0,119.869,0,6.992,6143,8556,2.600,1.720,1,2,0,34.962,0,0,11,34,0,45,0
20-02 15:22:11,61.420,12.433,25.115,0.497,0,1558392,800348,172044,5397560,21459.623,12405.303,0,497.326,0,51.722,5646,5656,2.600,1.720,1,4,0,137.262,0,0,11,33,0,48,0
20-02 15:22:12,52.222,16.319,31.132,0,0,1483400,875308,172052,5397584,15222.639,7826.232,0,317.348,0,23.098,4929,3459,2.480,1.700,1,4,0,116.495,0,0,11,33,0,49,0
20-02 15:22:13,58.579,8.762,32.294,0,0,1554212,804436,172052,5397640,14868.101,10081.630,0,216.292,0,16.022,4359,3955,2.480,1.700,1,4,0,4.005,0,0,11,33,0,49,1
20-02 15:22:14,53.730,12.935,32.337,0.249,0,1584388,774116,172052,5397784,17350.668,12446.353,0,183.078,0,8.955,4765,4040,2.480,1.700,1,3,0,95.519,0,0,11,34,0,50,0
20-02 15:22:15,53.706,10.541,34.633,0,0,1522224,836228,172052,5397832,20637.319,15756.560,0,112.432,0,7.027,6056,6736,2.480,1.700,1,3,0,86.332,0,0,11,33,0,47,0
20-02 15:22:16,59.083,11.767,29.041,0,0,1536120,822276,172052,5397888,13555.045,5765.100,0,160.225,0,14.020,4528,3835,2.480,1.700,1,3,0,0,0,0,11,32,0,48,0
20-02 15:22:17,42.083,9.462,47.063,0,0,1505328,853048,172052,5397908,16786.385,11846.987,0,187.257,0,11.953,4011,3122,2.520,1.730,1.010,1,0,85.660,0,0,11,34,0,48,0
20-02 15:22:18,37.546,5.006,56.069,0,0,1502948,855260,172060,5398068,18666.898,10382.736,0,328.403,0,23.028,5568,6046,2.520,1.730,1.010,2,0,0,0,0,11,33,0,49,0
20-02 15:22:19,32.057,14.526,51.592,0.501,0,1426136,932056,172068,5398076,10582.842,5316.466,0,1454.590,0,25.045,4695,3799,2.520,1.730,1.010,4,0,110.196,0,0,11,32,0,48,0
20-02 15:22:20,41.939,8.737,48.679,0,0,1471500,886676,172084,5398076,9082.833,2231.765,0,115.832,0,7.988,3198,1749,2.520,1.730,1.010,1,0,25.962,0,0,11,33,0,48,0
20-02 15:22:21,36.499,3.750,58.248,0,0,1498476,859668,172088,5398104,19174.355,13460.547,0,219.993,0,16.999,4125,4180,2.520,1.730,1.010,3,0,0,0,0,11,34,0,48,0
20-02 15:22:22,37.333,9.521,51.865,0,0,1470076,887996,172092,5398164,10834.071,6409.240,0,216.481,0,16.036,4827,4583,2.480,1.730,1.020,2,0,34.076,0,0,11,32,0,50,0
20-02 15:22:23,32.411,15.208,51.359,0.249,0,1416520,941536,172092,5398176,8678.246,3966.144,0,243.334,0,12.965,3858,2235,2.480,1.730,1.020,2,0,103.716,0,0,11,33,0,49,0
20-02 15:22:24,40.759,5.501,53.262,0,0,1464008,893912,172096,5398308,15877.685,6319.467,0,232.054,0,20.005,3688,2706,2.480,1.730,1.020,6,0,16.004,0,0,11,33,0,50,0
20-02 15:22:25,36.150,9.972,52.605,0,0,1495984,861924,172096,5398320,12799.645,7384.602,0,147.592,0,7.978,3885,3186,2.480,1.730,1.020,2,0,43.879,0,0,11,33,0,50,0
20-02 15:22:26,38.168,4.241,56.380,0.249,0,1497920,859960,172104,5398340,16265.268,7704.548,0,203.565,0,19.957,3572,3046,2.480,1.730,1.020,2,0,4.989,0,0,11,33,0,51,0
20-02 15:22:27,40.799,7.259,51.311,0,0,1525236,832632,172104,5398352,12588.065,7142.548,0,112.134,0,7.008,3789,3026,2.360,1.720,1.020,3,0,0,0,0,11,33,0,48,0
20-02 15:22:28,35.349,7.270,56.408,0,0,1482816,875028,172104,5398376,20570.555,11710.766,0,112.314,0,8.022,4866,4577,2.360,1.720,1.020,2,0,43.121,0,0,11,33,0,49,0
20-02 15:22:29,39.919,6.695,52.068,0.496,0,1445380,912428,172108,5398404,10564.435,5268.333,0,249.928,0,26.778,4297,3859,2.360,1.720,1.020,2,0,4.959,0,0,11,32,0,50,0
20-02 15:22:30,40.386,6.058,53.007,0,0,1473976,883820,172112,5398408,10739.751,6567.837,0,2552.420,0,137.314,3022,1979,2.360,1.720,1.020,2,0,1.010,0,0,11,33,0,50,0
20-02 15:22:31,36.496,4.500,57.744,0,0.250,1489656,868116,172112,5398432,17026.310,12740.735,0,147.985,0,9.999,4308,4206,2.360,1.720,1.020,1,0,0,0,0,11,34,0,46,0
20-02 15:22:32,31.752,14.001,52.504,0,0,1401068,956676,172112,5398460,16270.242,8023.613,0,312.024,0,29.002,6019,5771,2.250,1.710,1.020,2,0,122.009,0,0,11,32,0,48,0
20-02 15:22:33,26.003,17.752,55.256,0.250,0,1380096,977588,172112,5398516,5180.525,1458.148,0,408.041,0,48.005,3987,2621,2.250,1.710,1.020,2,0,160.016,0,0,11,32,0,48,0
20-02 15:22:34,25.054,5.512,68.397,0,0,1414596,943084,172116,5401136,50735.286,6743.526,0,176.380,0,10.022,2744,5913,2.250,1.710,1.020,4,0,34.073,0,0,11,33,0,48,0
20-02 15:22:35,20.702,3.242,74.327,0.249,0,1392768,964888,172128,5398532,13244.202,6366.196,0,558.701,0,36.914,3729,8169,2.250,1.710,1.020,1,0,1.995,0,0,11,33,0,45,0
20-02 15:22:36,13.500,15.750,68.748,0,0,1369812,987780,172136,5398588,10439.705,2481.930,0,235.993,0,23.999,4167,2896,2.250,1.710,1.020,3,0,161.995,0,0,11,32,0,46,0
20-02 15:22:37,13.503,14.503,70.763,0,0,1383372,974208,172136,5398600,6663.257,1512.285,0,12.002,0,3.001,3315,2056,2.150,1.690,1.020,1,0,122.023,0,0,11,32,0,46,0
20-02 15:22:38,21.245,2.499,75.233,0,0,1428188,929384,172144,5398600,7220.391,3537.212,0,247.945,0,14.997,1824,1323,2.150,1.690,1.020,0,0,0,0,0,11,33,0,46,0
20-02 15:22:39,18.748,3.250,76.991,0.250,0,1419156,938412,172156,5398612,13584.340,6345.225,0,171.979,0,15.998,3049,3349,2.150,1.690,1.020,1,0,1.000,0,0,11,33,0,44,0
20-02 15:22:40,19.502,5.750,73.756,0,0,1395224,962268,172156,5398688,15011.270,5401.457,0,152.013,0,11.001,3373,2915,2.150,1.690,1.020,2,0,47.004,0,0,11,32,0,45,0
20-02 15:22:41,21.255,6.251,70.515,0.750,0,1424444,933028,172172,5398688,5368.138,1606.341,0,1488.316,0,96.020,2047,1631,2.150,1.690,1.020,2,0,6.001,0,0,11,32,0,45,0
20-02 15:22:42,18.752,2.000,78.259,0,0.250,1436212,921256,172172,5398692,14520.638,6609.746,0,0,0,0,1964,1513,2.060,1.680,1.020,1,0,0,0,0,11,33,0,45,0
20-02 15:22:43,20.742,2.749,75.220,0,0,1429216,928108,172172,5398836,13629.519,6625.336,0,39.984,0,1.000,3636,3843,2.060,1.680,1.020,0,0,0,0,0,11,33,0,44,0
20-02 15:22:44,20.760,2.751,75.038,0.250,0,1341616,1015680,172184,5398852,13761.938,5428.737,0,152.077,0,12.006,3426,3422,2.060,1.680,1.020,1,0,8.004,0,0,11,32,0,44,0
20-02 15:22:45,8.994,22.235,65.954,0,0,1333904,1023272,172184,5398968,8701.988,1564.919,0,1474.981,0,173.880,4870,2706,2.060,1.680,1.020,3,0,233.838,0,0,11,32,0,44,0
20-02 15:22:46,9.253,22.758,66.273,0,0,1331268,1025868,172184,5399008,6303.166,1458.501,0,12.004,0,3.001,4726,2838,2.060,1.680,1.020,2,0,244.084,0,0,11,32,0,44,0
20-02 15:22:47,33.746,18.998,46.495,0,0,1347364,1009740,172200,5399016,8764.978,1511.824,0,563.934,0,32.996,4325,2777,2.050,1.690,1.020,2,0,139.984,0,0,11,32,0,41,0
20-02 15:22:48,45.690,4.494,48.686,0.250,0,1446864,909472,172228,5399756,6634.330,1456.097,35.953,0,0.999,0,2857,1379,2.050,1.690,1.020,2,0,0,0,0,11,34,0,41,0
20-02 15:22:49,34.581,8.771,39.844,14.033,0,1496268,856072,172740,5402860,6878.192,1569.695,437.029,18134.691,17.040,1570.698,9871,16017,2.050,1.690,1.020,1,1,59.139,0,0,11,36,0,41,0
20-02 15:22:50,38.059,8.209,38.308,11.940,0,1472324,876120,173424,5405852,9201.871,1504.458,0,22753.935,0,1943.258,10365,17370,2.050,1.690,1.020,2,0,49.751,0,0,11,36,0,41,0
20-02 15:22:51,40.158,8.730,35.668,11.973,0,1472144,874496,173816,5407136,8261.105,1454.673,0,26591.181,0,2291.758,10664,18805,2.050,1.690,1.020,2,0,32.925,0,0,11,36,0,37,0
20-02 15:22:52,38.832,8.321,39.336,10.590,0,1487072,858368,174100,5408020,9162.268,1470.562,0,20119.872,0,1929.482,9812,16925,2.130,1.710,1.030,2,0,27.233,0,0,11,36,0,37,0
20-02 15:22:53,40.424,8.234,41.921,7.486,0,1446748,899064,174176,5407560,8367.204,1455.253,0,19099.943,0,1576.025,8216,13484,2.130,1.710,1.030,3,0,10.979,0,0,11,32,0,37,0
20-02 15:22:54,45.252,6.500,48.252,0.250,0,1519940,825872,174176,5407560,5482.255,1620.075,0,692.032,0,53.002,3053,1842,2.130,1.710,1.030,4,0,2.000,0,0,11,32,0,37,0
20-02 15:22:55,41.251,6.250,45.001,5.000,0,1506036,839480,174296,5407736,9011.298,1458.048,0,5716.189,0,911.030,7717,11017,2.130,1.710,1.030,5,0,2.000,0,0,11,34,0,37,0
20-02 15:22:56,36.733,7.996,42.481,9.995,0,1558844,785896,174748,5408056,6934.878,1457.344,0,16576.537,0,2061.072,12118,20641,2.130,1.710,1.030,3,0,1.999,0,0,11,34,0,37,0
20-02 15:22:57,30.825,11.277,57.138,0.501,0,1499536,845156,174768,5408084,8806.307,1623.929,0,1756.249,0,109.264,3652,2490,2.040,1.700,1.030,2,0,99.240,0,0,11,32,0,37,0
20-02 15:22:58,22.699,2.993,72.837,0,0,1504604,840080,174772,5408084,6758.896,1454.749,0,1500.647,0,186.583,1858,1570,2.040,1.700,1.030,2,0,0,0,0,11,32,0,37,0
20-02 15:22:59,22.253,4.251,71.259,1.750,0,1488084,856556,174804,5408096,8193.998,1458.178,0,6444.785,0,349.042,2500,2713,2.040,1.700,1.030,3,0,3.000,0,0,11,32,0,37,0
20-02 15:23:00,22.003,4.250,73.259,0,0,1475736,868904,174804,5408096,7544.886,1458.171,0,0,0,0,1906,1393,2.040,1.700,1.030,2,0,1.000,0,0,11,32,0,33,0
20-02 15:23:01,22.496,3.249,73.486,0,0,1508472,836168,174812,5408088,5051.025,1403.729,0,343.934,0,67.987,1786,1104,2.040,1.700,1.030,2,0,2.000,0,0,11,32,0,33,0
20-02 15:23:02,22.248,3.250,73.493,0,0,1471704,872800,174812,5408172,4652.586,1187.894,0,0,0,0,1746,1166,1.950,1.690,1.030,3,0,1.000,0,0,11,32,0,33,0
20-02 15:23:03,22.502,3.000,73.506,0,0,1485044,859460,174812,5408172,8501.688,1554.126,0,0,0,0,1777,1083,1.950,1.690,1.030,3,0,2.000,0,0,11,32,0,33,0
20-02 15:23:04,21.753,3.750,73.509,0.250,0,1462544,881736,174820,5408380,43532.500,1458.184,0,376.048,0,18.002,1866,1273,1.950,1.690,1.030,2,0,1.000,0,0,11,32,0,31,0
20-02 15:23:05,22.752,3.250,73.758,0,0,1477760,866456,174820,5408412,8547.874,1458.149,0,8.001,0,2.000,1819,1284,1.950,1.690,1.030,2,0,1.000,0,0,11,32,0,31,0
20-02 15:23:06,22.038,4.007,73.125,0.250,0,1479876,864332,174824,5408416,6828.629,1460.487,0,432.737,0,43.073,1995,1700,1.950,1.690,1.030,2,0,0,0,0,11,32,0,31,0
20-02 15:23:07,22.212,3.244,73.373,0,0,1467572,876616,174824,5408436,8913.627,1563.304,0,123.787,0,25.955,1868,1193,1.880,1.670,1.030,2,0,2.995,0,0,11,32,0,31,0
20-02 15:23:08,21.997,3.500,73.241,0,0,1488120,856068,174828,5408432,9707.788,1457.818,0,0,0,0,1865,1385,1.880,1.670,1.030,2,0,0,0,0,11,32,0,27,0
20-02 15:23:09,22.252,3.500,73.758,0.250,0,1466360,877796,174828,5408464,6953.722,1512.157,0,1048.109,0,122.013,1768,1184,1.880,1.670,1.030,2,0,1.000,0,0,11,32,0,27,0
20-02 15:23:10,22.178,3.738,73.262,0,0,1476788,867368,174828,5408464,4674.804,1453.276,0,0,0,0,1821,1280,1.880,1.670,1.030,2,0,2.990,0,0,11,32,0,27,0
20-02 15:23:11,16.555,10.033,72.741,0,0,1450232,893752,174836,5408604,9926.830,1462.838,0,4.013,0,1.003,3153,1995,1.880,1.670,1.030,2,0,113.375,0,0,11,32,0,27,0
20-02 15:23:12,9.000,22.000,67.000,0,0,1442400,901564,174836,5408620,9883.041,1566.006,0,768.003,0,35.000,4898,3087,1.810,1.660,1.030,3,0,252.001,0,0,11,32,0,20,0
20-02 15:23:13,8.247,21.491,68.221,0,0,1433816,910136,174836,5408632,9843.863,1511.365,0,439.815,0,4.998,4865,3071,1.810,1.660,1.030,1,0,248.895,0,0,11,32,0,20,0
20-02 15:23:14,8.753,19.756,70.521,0,0,1423648,920252,174840,5408668,6797.062,1458.442,0,196.059,0,6.002,4481,2858,1.810,1.660,1.030,1,0,192.058,0,0,11,32,0,20,0
20-02 15:23:15,7.750,22.251,67.254,0,0,1405564,938324,174840,5408680,8560.523,1080.066,0,92.006,0,1.000,4768,2950,1.810,1.660,1.030,2,0,236.014,0,0,11,32,0,20,0
20-02 15:23:16,9.001,20.002,69.257,0,0,1402240,941620,174840,5408708,7935.847,1014.108,0,472.050,0,34.004,4939,3407,1.810,1.660,1.030,2,0,225.024,0,0,11,32,0,16,0
20-02 15:23:17,15.245,12.496,71.229,0,0,1401580,942260,174840,5408712,6540.056,1457.567,0,3.999,0,1.000,3149,2075,1.740,1.650,1.030,1,0,101.970,0,0,11,32,0,16,0
20-02 15:23:18,21.755,3.751,73.766,0,0,1459236,884620,174840,5408696,9608.113,1458.321,0,436.096,0,81.018,1894,1330,1.740,1.650,1.030,1,0,2.000,0,0,11,32,0,16,0
20-02 15:23:19,22.497,3.500,73.491,0,0,1445768,898088,174840,5408696,8438.948,1457.818,0,1567.805,0,9.999,1811,1188,1.740,1.650,1.030,1,0,1.000,0,0,11,32,0,16,0
20-02 15:23:20,22.004,3.751,73.262,0,0,1461256,882604,174840,5408692,5238.892,1458.248,0,20.003,0,2.000,1915,1386,1.740,1.650,1.030,1,0,3.001,0,0,11,32,0,13,0
20-02 15:23:21,22.496,2.749,73.736,0.250,0,1451008,892832,174840,5408712,9967.073,1457.718,0,147.971,0,2.999,1805,1138,1.740,1.650,1.030,2,0,1.000,0,0,11,32,0,13,0
20-02 15:23:22,22.248,3.500,73.994,0,0.250,1511872,831980,174840,5408700,6576.442,1457.876,0,0,0,0,1712,1202,1.680,1.640,1.030,1,0,0,0,0,11,32,0,13,0
20-02 15:23:23,22.508,3.751,73.027,0,0,1501448,842384,174840,5408716,8609.156,1458.535,0,16.006,0,2.001,1818,1141,1.680,1.640,1.030,2,0,3.001,0,0,11,32,0,13,0
20-02 15:23:24,22.500,3.250,74.000,0,0,1517044,826804,174840,5408696,6913.031,1620.007,0,800.004,0,29.000,1840,1266,1.680,1.640,1.030,2,0,2.000,0,0,11,32,0,11,0
20-02 15:23:25,23.241,2.499,73.223,0,0,1504956,838872,174840,5408716,6698.529,1499.447,0,19.993,0,1.000,1711,1079,1.680,1.640,1.030,3,0,1.000,0,0,11,32,0,11,0
20-02 15:23:26,22.005,3.501,73.267,0.250,0,1503312,840520,174840,5408712,10078.340,1458.339,0,548.127,0,42.010,1938,1676,1.680,1.640,1.030,2,0,0,0,0,11,32,0,11,0
20-02 15:23:27,22.249,3.500,73.496,0,0,1501288,842532,174840,5408724,7082.569,1457.911,0,11.999,0,1.000,1773,1165,1.630,1.630,1.030,3,0,3.000,0,0,11,32,0,11,0
20-02 15:23:28,22.252,3.500,73.757,0,0.250,1497908,845932,174840,5408704,7028.676,1458.140,0,0,0,0,1800,1296,1.630,1.630,1.030,4,0,0,0,0,11,32,0,8,0
20-02 15:23:29,22.752,3.250,73.507,0,0,1525988,817852,174840,5408704,12035.199,1458.145,0,144.014,0,28.003,1738,1033,1.630,1.630,1.030,2,0,2.000,0,0,11,32,0,8,0
20-02 15:23:30,22.497,3.500,73.241,0,0,1483496,860316,174840,5408732,6781.185,1457.825,0,0,0,0,1784,1207,1.630,1.630,1.030,3,0,2.000,0,0,11,32,0,8,0
20-02 15:23:31,21.996,3.249,73.987,0,0,1516468,827432,174840,5408644,9183.333,1457.735,0,87.984,0,1.000,1718,1116,1.630,1.630,1.030,4,0,2.000,0,0,11,32,0,8,0
20-02 15:23:32,22.505,3.751,73.015,0,0,1474508,869296,174848,5408732,6336.337,1566.331,0,248.052,0,34.007,1836,1297,1.580,1.620,1.030,3,0,3.001,0,0,11,32,0,6,0
20-02 15:23:33,22.749,3.250,73.746,0,0,1467472,876344,174848,5408720,5119.721,1457.920,0,35.998,0,4.000,1766,1308,1.580,1.620,1.030,3,0,1.000,0,0,11,32,0,6,0
20-02 15:23:34,21.754,4.001,73.262,0,0,1513452,830372,174848,5408712,45441.605,1458.244,0,48.008,0,1.000,1834,1132,1.580,1.620,1.030,3,0,2.000,0,0,11,32,0,6,0
20-02 15:23:35,33.494,7.499,58.240,0,0,1456400,887404,174848,5408732,7167.797,1511.746,0,23.996,0,2.000,3046,11269,1.580,1.620,1.030,2,0,36.994,0,0,11,32,0,7,0
20-02 15:23:36,23.492,3.499,71.474,0.750,0,1447084,896660,174872,5408764,9701.527,917.671,0,2427.131,0,127.954,2320,2115,1.580,1.620,1.030,1,0,1.000,0,0,11,32,0,4,0
20-02 15:23:37,22.257,3.751,73.524,0,0,1482436,861320,174872,5408752,6840.210,1134.366,0,0,0,0,1770,1230,1.530,1.610,1.030,1,0,0,0,0,11,32,0,4,0
20-02 15:23:38,20.255,5.751,73.019,0,0,1489220,854500,174872,5408784,8676.215,1458.372,0,12.003,0,1.000,2342,1474,1.530,1.610,1.030,1,0,50.013,0,0,11,32,0,4,0
20-02 15:23:39,8.750,22.249,67.747,0,0,1480120,863588,174872,5408796,6942.660,1457.929,0,139.993,0,7.000,4905,3031,1.530,1.610,1.030,1,0,250.988,0,0,11,32,0,4,0
20-02 15:23:40,12.497,16.746,69.485,0,0,1449884,893808,174872,5408812,5693.807,1457.695,0,215.955,0,32.993,3967,2529,1.530,1.610,1.030,2,0,161.966,0,0,11,32,0,4,0
20-02 15:23:41,23.507,4.251,71.270,0,0,1485556,858116,174872,5408824,5640.594,1552.439,0,140.040,0,4.001,1971,1296,1.530,1.610,1.030,2,0,6.002,0,0,11,32,0,3,0
20-02 15:23:42,22.998,2.750,73.492,0,0,1483624,859800,174872,5409068,8819.054,1619.826,0,0,0,0,1832,1076,1.490,1.600,1.030,2,0,8.999,0,0,11,32,0,3,0
20-02 15:23:43,22.241,3.748,73.720,0,0,1476508,866916,174872,5409068,7381.971,1457.402,0,0,0,0,1776,1286,1.490,1.600,1.030,2,0,0,0,0,11,32,0,3,0
20-02 15:23:44,18.748,13.749,65.493,0.500,0,1450596,892708,174872,5409188,7921.167,1457.847,39.996,0,2.000,0,3259,1999,1.490,1.600,1.030,2,0,139.985,0,0,11,32,0,3,0
20-02 15:23:45,8.754,21.009,69.028,0,0,1429756,913528,174872,5409208,8242.371,1458.596,0,412.169,0,41.017,4686,2920,1.490,1.600,1.030,1,0,224.092,0,0,11,32,0,3,0
20-02 15:23:46,9.001,21.502,67.756,0.250,0,1415184,928064,174880,5409232,9775.895,1620.148,0,848.078,0,65.006,4960,3370,1.490,1.600,1.030,1,0,217.020,0,0,11,32,0,3,0
20-02 15:23:47,9.000,21.500,67.749,0,0,1408572,934664,174880,5409244,6545.909,1457.980,0,28.000,0,2.000,4704,2943,1.450,1.590,1.030,1,0,229.997,0,0,11,32,0,3,0
20-02 15:23:48,8.490,22.473,67.171,0,0,1399572,943648,174880,5409256,5342.685,1456.279,0,183.783,0,1.998,4723,3021,1.450,1.590,1.030,1,0,232.725,0,0,11,32,0,3,0
20-02 15:23:49,8.761,21.527,67.834,0,0,1376212,966992,174880,5409272,6335.878,1459.815,0,4.005,0,1.001,4700,2968,1.450,1.590,1.030,1,0,236.294,0,0,11,32,0,1,0
20-02 15:23:50,9.000,20.750,68.000,0,0,1382360,960824,174880,5409288,9234.936,1457.990,0,459.997,0,5.000,4788,2968,1.450,1.590,1.030,2,0,228.998,0,0,11,32,0,1,0
20-02 15:23:51,8.499,22.496,67.239,0,0,1364952,978220,174880,5409300,8318.610,1619.729,0,879.853,0,36.994,4823,2945,1.450,1.590,1.030,1,0,241.960,0,0,11,32,0,1,0
20-02 15:23:52,8.751,22.003,67.759,0,0,1361100,982060,174880,5409308,8747.177,1458.196,0,460.062,0,5.001,4776,2934,1.410,1.580,1.030,1,0,234.031,0,0,11,32,0,1,0
20-02 15:23:53,9.249,21.748,67.493,0,0,1366276,976868,174880,5409324,8627.045,1457.839,0,651.928,0,8.999,4775,2927,1.410,1.580,1.030,1,0,238.974,0,0,11,32,0,1,0
20-02 15:23:54,8.500,21.999,67.746,0,0,1355256,987876,174880,5409336,9043.499,1457.919,0,551.969,0,6.000,4689,2917,1.410,1.580,1.030,1,0,232.987,0,0,11,32,0,1,0
20-02 15:23:55,9.001,20.001,69.504,0,0,1360080,983036,174880,5409352,8577.491,1620.093,0,300.017,0,4.000,4677,2922,1.410,1.580,1.030,1,0,216.012,0,0,11,32,0,1,0
20-02 15:23:56,8.500,20.750,69.750,0,0,1357564,985536,174880,5409368,5647.978,1349.995,0,159.999,0,5.000,4660,2993,1.410,1.580,1.030,1,0,224.999,0,0,11,32,0,1,0
20-02 15:23:57,8.252,20.254,69.263,0,0,1351940,991140,174880,5409388,7973.518,1134.216,0,220.042,0,32.006,4683,2917,1.460,1.580,1.030,2,0,219.042,0,0,11,32,0,1,0
20-02 15:23:58,8.997,20.494,68.730,0,0,1343084,999980,174880,5409400,6392.118,1457.571,0,163.952,0,3.999,4704,2900,1.460,1.580,1.030,1,0,228.933,0,0,11,32,0,1,0
20-02 15:23:59,9.252,21.255,68.017,0,0,1344384,998648,174880,5409424,5187.281,1458.360,0,116.029,0,7.002,4685,2884,1.460,1.580,1.030,2,0,223.055,0,0,11,32,0,1,0
20-02 15:24:00,8.741,22.476,67.429,0,0,1351800,991224,174880,5409432,8404.131,1564.349,0,27.970,0,6.993,4950,3089,1.460,1.580,1.030,2,0,249.736,0,0,11,32,0,1,0
20-02 15:24:01,8.509,22.274,67.822,0,0,1346948,996060,174880,5409448,7695.157,1459.547,0,104.110,0,7.007,4813,3025,1.460,1.580,1.030,2,0,237.251,0,0,11,32,0,1,0
20-02 15:24:02,11.500,18.250,68.751,0,0,1330536,1012404,174900,5409464,9905.111,1512.017,0,104.001,0,3.000,4744,3221,1.420,1.580,1.030,3,0,233.003,0,0,11,32,0,1,0
20-02 15:24:03,23.752,29.253,45.504,0.250,0,1353624,989276,174908,5409488,8002.705,1500.132,0,396.035,0,20.002,5734,3852,1.420,1.580,1.030,2,0,319.028,0,0,11,32,0,3,0
20-02 15:24:04,40.334,31.566,26.555,0.251,0,1415252,927616,174928,5409500,41415.957,1461.032,0,645.339,0,43.089,5881,4281,1.420,1.580,1.030,5,0,409.851,0,0,11,34,0,6,0
20-02 15:24:05,66.631,9.234,23.708,0,0,1579168,761880,175076,5410928,8704.448,1563.207,0,634.866,0,22.959,3943,2063,1.420,1.580,1.030,2,1,21.961,0,0,11,32,0,7,0
20-02 15:24:06,48.883,8.729,29.429,10.225,0,1657608,674492,175536,5418428,9978.046,1508.379,442.937,19106.133,9.976,1483.439,9965,15403,1.420,1.580,1.030,3,0,53.871,0,0,11,38,0,8,0
20-02 15:24:07,28.297,9.516,41.819,15.526,0,1654180,671508,176024,5424164,5162.515,1460.409,0,47682.645,0,3523.812,15115,27609,1.550,1.600,1.040,1,1,66.109,0,0,11,38,0,8,0
20-02 15:24:08,35.728,12.492,34.229,12.992,0,1637744,682732,176268,5428924,9248.344,1457.109,0,22074.500,0,1911.831,11672,19049,1.550,1.600,1.040,4,0,98.939,0,0,11,36,0,8,0
20-02 15:24:09,39.519,11.005,30.015,15.758,0,1688436,626404,176452,5434188,6822.307,1566.759,0,43809.237,0,3082.494,14036,24694,1.550,1.600,1.040,4,0,45.022,0,0,11,36,0,8,0
20-02 15:24:10,37.568,9.703,33.339,15.425,0.249,1684304,624452,176544,5439984,15597.586,7193.221,0,51944.848,0,3725.985,14678,26283,1.550,1.600,1.040,3,1,24.880,0,0,11,37,0,8,0
20-02 15:24:11,41.215,10.806,32.419,12.063,0,1589716,715072,176664,5443708,11087.882,5162.952,0,28838.546,0,2512.114,13221,22025,1.550,1.600,1.040,4,2,40.210,0,0,11,36,0,9,0
20-02 15:24:12,41.524,15.009,28.266,12.007,0,1619792,681044,177020,5447116,6783.842,1458.826,0,34055.288,0,2441.383,11349,20262,1.670,1.620,1.050,2,1,63.036,0,0,11,36,0,9,0
20-02 15:24:13,46.306,15.769,25.031,10.513,0,1580916,716644,177252,5450064,12349.059,6130.476,0,33112.379,0,2350.867,11720,19627,1.670,1.620,1.050,2,1,99.121,0,0,11,35,0,9,0
20-02 15:24:14,32.898,17.944,29.409,16.449,0,1586060,706800,177424,5454400,15510.917,5912.671,370.850,34058.422,5.981,2251.022,13692,22639,1.670,1.620,1.050,2,1,168.478,0,0,11,35,0,9,0
20-02 15:24:15,45.289,18.516,24.271,9.508,0,1582416,707720,177564,5456848,18464.043,9450.211,0,34878.304,0,2591.251,15583,29399,1.670,1.620,1.050,4,0,151.131,0,0,11,35,0,9,0
20-02 15:24:16,42.580,21.791,25.047,10.019,0,1577908,711176,177656,5457732,10206.198,3560.698,1767.324,23024.309,27.051,1854.488,11745,20417,1.670,1.620,1.050,4,1,187.352,0,0,11,36,0,9,0
20-02 15:24:17,36.441,12.480,35.442,10.982,0,1616056,671052,177700,5459612,8512.120,1509.538,0,30841.708,0,2331.199,11536,19466,1.850,1.660,1.070,3,0,85.860,0,0,11,36,0,9,0
20-02 15:24:18,31.402,8.224,45.857,11.464,0,1609420,676292,177724,5460940,15859.588,8286.184,0,25983.047,0,2301.828,11462,19312,1.850,1.660,1.070,3,0,26.916,0,0,11,37,0,9,0
20-02 15:24:19,32.355,7.775,43.641,12.290,0,1602356,684000,177808,5460208,10790.911,6762.880,0,27240.129,0,2187.076,12237,20787,1.850,1.660,1.070,2,1,6.019,0,0,11,37,0,9,0
20-02 15:24:20,28.229,8.494,47.464,11.491,0,1593208,693456,177940,5459764,8668.423,4820.342,0,23977.806,0,1947.522,10587,17563,1.850,1.660,1.070,2,1,6.995,0,0,11,37,0,9,0
20-02 15:24:21,34.528,7.506,42.535,11.509,0,1502600,783016,178000,5460748,14638.046,6983.747,0,17838.680,0,1684.386,10467,17126,1.850,1.660,1.070,3,1,39.032,0,0,11,36,0,10,0
20-02 15:24:22,30.727,13.740,39.720,11.491,0.250,1532324,752392,178076,5461564,8337.804,1456.917,0,25129.326,0,2094.444,11036,18442,2.180,1.730,1.100,1,1,70.947,0,0,11,36,0,10,0
20-02 15:24:23,33.038,8.510,43.050,11.764,0,1562732,722500,178132,5460980,10720.362,3386.906,0,31728.587,0,2470.849,11989,20958,2.180,1.730,1.100,1,1,12.014,0,0,11,37,0,10,0
20-02 15:24:24,34.668,8.231,40.155,12.969,0,1561336,722740,178204,5462048,11983.765,5935.017,0,23436.781,0,2023.233,10906,18611,2.180,1.730,1.100,3,0,14.965,0,0,11,37,0,10,0
20-02 15:24:25,35.771,7.254,42.024,10.006,0.250,1558448,725072,178232,5462564,14559.408,6728.886,0,24686.256,0,1904.100,11522,18779,2.180,1.730,1.100,1,1,15.009,0,0,11,37,0,10,0
20-02 15:24:26,38.069,6.762,42.577,9.768,0,1555776,726600,178264,5463652,14592.286,7333.210,0,13324.001,0,1371.471,9814,15940,2.180,1.730,1.100,1,1,18.032,0,0,11,37,0,10,0
20-02 15:24:27,36.190,11.481,37.438,12.479,0,1501860,779296,178276,5464828,8058.655,2780.396,0,25545.695,0,2089.540,10877,18480,2.490,1.810,1.120,2,1,53.911,0,0,11,36,0,10,0
20-02 15:24:28,36.037,9.009,39.541,11.762,0,1562520,717568,178312,5465832,9538.846,2979.075,0,26515.368,0,2225.297,11401,19647,2.490,1.810,1.120,3,0,27.028,0,0,11,37,0,10,0
20-02 15:24:29,31.530,7.007,45.544,12.262,0,1561476,716812,178376,5467524,11030.588,5345.130,0,25512.488,0,2098.014,11120,19371,2.490,1.810,1.120,2,1,18.017,0,0,11,37,0,10,0
20-02 15:24:30,31.960,9.239,43.446,11.985,0,1560608,716560,178444,5468544,12736.154,7765.339,0,27833.371,0,2138.340,11884,20140,2.490,1.810,1.120,1,1,27.965,0,0,11,37,0,10,0
20-02 15:24:31,31.892,7.973,43.353,11.461,0,1558896,716816,178472,5469940,15786.472,6895.619,0,22635.249,0,1826.806,11212,18580,2.490,1.810,1.120,8,0,14.949,0,0,11,37,0,10,0
20-02 15:24:32,30.595,11.285,39.623,13.793,0,1487788,786760,178532,5471028,9617.806,4042.528,0,30189.558,0,2374.358,12287,20336,2.610,1.840,1.140,2,0,79.246,0,0,11,36,0,11,0
20-02 15:24:33,35.277,10.258,38.279,11.759,0,1523364,749540,178544,5472616,9136.972,1296.990,0,23289.771,0,2033.552,10653,17962,2.610,1.840,1.140,2,0,51.039,0,0,11,36,0,11,0
20-02 15:24:34,36.148,8.725,38.142,13.462,0,1544140,727656,178556,5473652,50074.166,6590.333,0,30916.430,0,2668.442,12645,21672,2.610,1.840,1.140,1,1,35.898,0,0,11,37,0,11,0
20-02 15:24:35,39.607,10.529,36.850,10.529,0,1561364,709260,178568,5474764,8924.181,5280.308,0,30193.814,0,2265.138,12466,29968,2.610,1.840,1.140,4,0,66.179,0,0,11,36,0,13,0
20-02 15:24:36,33.902,14.209,38.390,10.968,0,1575072,693696,178572,5476556,8888.423,1453.816,0,23265.052,0,1777.884,9763,16080,2.610,1.840,1.140,2,1,45.868,0,0,11,36,0,13,0
20-02 15:24:37,34.917,7.787,41.700,11.555,0,1601728,666668,178584,5476884,14152.776,6640.802,0,32768.928,0,2612.511,11441,20411,2.960,1.930,1.170,1,1,15.072,0,0,11,37,0,13,0
20-02 15:24:38,33.934,8.733,39.923,13.474,0,1584516,687816,178604,5472920,7735.055,3228.762,0,27502.861,0,2363.434,11825,20991,2.960,1.930,1.170,1,1,9.981,0,0,11,36,0,13,0
20-02 15:24:39,32.110,14.686,37.088,12.695,0.249,1578896,694472,178628,5471840,7958.300,1451.670,0,29590.978,0,2197.419,11434,18657,2.960,1.930,1.170,5,1,55.757,0,0,11,36,0,13,0
20-02 15:24:40,35.310,8.765,41.320,11.770,0,1604996,667724,178644,5472468,12860.755,3435.812,0,27714.883,0,2294.882,11128,19164,2.960,1.930,1.170,3,0,25.042,0,0,11,37,0,13,0
20-02 15:24:41,39.161,9.288,45.186,4.268,0,1455536,817396,178648,5472232,17706.755,6512.760,0,10683.899,0,737.028,6390,7974,2.960,1.930,1.170,1,0,60.248,0,0,11,33,0,15,0
20-02 15:24:42,24.208,19.716,54.407,0.250,0,1372288,900452,178652,5472420,13362.084,5147.173,0,1118.082,0,65.887,5235,4405,2.810,1.910,1.170,1,0,208.642,0,0,11,32,0,16,0
20-02 15:24:43,20.999,5.250,72.996,0,0,1423392,849348,178652,5472420,9265.539,1457.927,0,667.967,0,40.998,2017,1584,2.810,1.910,1.170,1,0,1.000,0,0,11,32,0,16,0
20-02 15:24:44,18.006,2.251,78.277,0.500,0,1430280,842456,178652,5472424,17365.071,6726.352,0,580.203,0,34.012,1975,1590,2.810,1.910,1.170,1,0,0,0,0,11,33,0,16,0
20-02 15:24:45,16.980,2.747,78.909,0,0,1426496,846224,178652,5472440,14817.850,5848.231,0,511.408,0,30.964,3148,3375,2.810,1.910,1.170,1,0,0,0,0,11,33,0,16,0
20-02 15:24:46,14.507,13.006,70.283,0.500,0,1410104,862572,178652,5472484,6282.913,2116.982,0,600.278,0,41.019,3923,2909,2.810,1.910,1.170,2,0,131.061,0,0,11,32,0,17,0
20-02 15:24:47,10.217,21.430,66.284,0.249,0,1396180,876380,178656,5472596,10968.181,1291.781,0,629.943,0,43.857,5026,3264,2.740,1.910,1.170,1,0,230.248,0,0,11,32,0,17,0
20-02 15:24:48,9.287,25.854,63.003,0.251,0,1392512,880032,178656,5472612,10228.115,1463.884,0,1494.006,0,87.351,5065,3376,2.740,1.910,1.170,4,0,256.029,0,0,11,32,0,17,0
20-02 15:24:49,47.269,21.258,29.762,0.250,0,1416600,855744,178672,5472796,7639.043,1242.495,0,808.322,0,62.025,5361,3637,2.740,1.910,1.170,3,0,180.072,0,0,11,32,0,23,0
20-02 15:24:50,66.415,8.772,24.812,0,0,1548804,722324,178712,5473972,8621.439,1353.365,0,256.638,0,15.037,3978,1638,2.740,1.910,1.170,3,0,4.010,0,0,11,32,0,23,0
20-02 15:24:51,68.991,6.499,23.997,0,0,1739860,528060,178816,5476740,7956.947,1511.800,0,1755.768,0,104.986,3975,1671,2.740,1.910,1.170,3,0,0,0,0,11,32,0,23,0
20-02 15:24:52,48.570,8.220,31.633,9.465,0,1763284,497848,178932,5483016,11992.627,1452.625,0,29973.100,0,2062.369,11737,18331,2.760,1.930,1.180,2,1,83.690,0,0,11,38,0,23,0
20-02 15:24:53,29.496,10.749,38.995,14.748,0,1762988,493088,178968,5487852,8388.861,1457.802,0,43770.057,0,3141.573,14638,25843,2.760,1.930,1.180,3,0,83.989,0,0,11,38,0,23,0
20-02 15:24:54,28.520,10.257,41.279,16.011,0,1763480,488076,178984,5492188,8851.142,1513.050,0,44306.746,0,3269.269,14376,25178,2.760,1.930,1.180,2,0,90.062,0,0,11,38,0,23,0
20-02 15:24:55,30.730,9.494,39.475,14.990,0,1763304,483300,179020,5496960,7423.289,1511.041,0,33790.555,0,2649.319,13668,23396,2.760,1.930,1.180,2,2,107.932,0,0,11,38,0,23,0
20-02 15:24:56,26.021,9.007,44.035,16.013,0.250,1763100,479520,179044,5500784,8986.110,1459.155,0,37533.698,0,2920.311,13823,24239,2.760,1.930,1.180,2,1,78.062,0,0,11,38,0,23,0
20-02 15:24:57,22.987,10.494,45.474,16.491,0,1762980,476748,179060,5503580,8602.082,1457.167,0,47332.936,0,3346.087,14325,25818,2.940,1.980,1.210,1,1,53.969,0,0,11,38,0,23,0
20-02 15:24:58,41.004,12.501,30.753,13.251,0,1670700,564172,179092,5508216,4883.430,1512.133,0,31418.767,0,2527.223,13050,21904,2.940,1.980,1.210,1,1,130.011,0,0,11,36,0,23,0
20-02 15:24:59,45.019,9.754,25.511,16.507,0,1702588,527796,179128,5512512,5481.310,1458.615,0,42750.013,0,3277.381,13477,25611,2.940,1.980,1.210,6,0,113.048,0,0,11,36,0,23,0
20-02 15:25:00,43.010,9.752,29.757,13.253,0,1752676,472440,179156,5517580,9312.162,1350.314,0,40865.489,0,3138.729,13568,24042,2.940,1.980,1.210,2,2,65.015,0,0,11,36,0,23,0
20-02 15:25:01,53.122,8.440,25.568,9.433,0,1788164,434352,179172,5520044,6118.446,697.038,0,38219.931,0,2621.340,12536,21321,2.940,1.980,1.210,5,0,25.816,0,0,11,38,0,23,0
20-02 15:25:02,23.653,13.588,43.029,15.601,0,1735000,480480,179184,5526772,9191.552,1576.212,0,43083.135,0,2959.172,13457,23747,3.190,2.050,1.230,3,1,75.489,0,0,11,36,0,23,0
20-02 15:25:03,20.015,9.507,47.787,17.013,0,1724100,485268,179204,5532652,6540.051,1501.159,0,55222.649,0,3589.772,14125,25955,3.190,2.050,1.230,5,0,3.002,0,0,11,36,0,23,0
20-02 15:25:04,20.241,7.247,53.225,14.993,0,1715276,491972,179204,5534676,44487.234,1511.295,0,22017.723,0,2213.967,12317,21260,3.190,2.050,1.230,2,1,47.978,0,0,11,36,0,23,0
20-02 15:25:05,26.212,8.488,44.186,15.727,0,1706112,499780,179204,5535988,8172.150,1455.889,0,45625.842,0,3379.100,13482,24195,3.190,2.050,1.230,1,1,26.961,0,0,11,36,0,23,0
20-02 15:25:06,28.085,6.520,47.142,13.792,0,1699164,504924,179208,5537740,5572.817,1029.105,0,22383.545,0,2063.226,11304,19205,3.190,2.050,1.230,2,0,54.163,0,0,11,36,0,23,0
20-02 15:25:07,30.938,13.723,49.401,4.741,0,1391912,812184,179208,5537732,5557.862,1455.084,0,19872.176,0,1172.650,6095,7096,3.090,2.050,1.240,3,0,144.710,0,0,11,32,0,16,0
20-02 15:25:08,16.013,11.760,70.558,0,0,1415216,788864,179208,5537748,8258.743,1459.191,0,1305.066,0,76.062,3371,2371,3.090,2.050,1.240,1,0,104.085,0,0,11,32,0,16,0
20-02 15:25:09,22.257,3.751,72.273,1.000,0,1471588,732496,179208,5537744,10270.325,1500.486,0,2592.840,0,144.047,2085,1795,3.090,2.050,1.240,1,0,1.000,0,0,11,32,0,16,0
20-02 15:25:10,23.241,2.749,72.971,0,0,1520564,683508,179208,5537752,8178.737,1457.419,0,99.960,0,7.997,2238,1912,3.090,2.050,1.240,1,0,2.999,0,0,11,38,0,16,0
20-02 15:25:11,22.005,4.001,73.265,0,0,1452144,751928,179208,5537752,7289.536,1458.307,0,176.037,0,32.007,2273,1530,3.090,2.050,1.240,2,0,27.006,0,0,11,32,0,16,0
20-02 15:25:12,22.750,3.000,73.501,0,0,1472176,731896,179208,5537752,11760.130,1566.017,0,60.001,0,6.000,1819,1208,2.920,2.030,1.230,2,0,1.000,0,0,11,32,0,16,0
20-02 15:25:13,23.253,3.000,73.511,0.250,0,1452012,752052,179208,5537760,6440.947,1242.183,0,100.015,0,12.002,2121,1630,2.920,2.030,1.230,3,0,11.002,0,0,11,32,0,16,0
20-02 15:25:14,11.994,36.232,49.226,0,0,1449912,754112,179208,5537784,4166.930,809.598,0,383.809,0,24.988,5682,3726,2.920,2.030,1.230,2,0,371.815,0,0,11,32,0,16,0
20-02 15:25:15,16.270,41.050,41.050,0,0,1432548,771444,179208,5537812,8792.745,1513.850,0,224.274,0,16.020,5966,3950,2.920,2.030,1.230,2,0,444.543,0,0,11,32,0,15,0
20-02 15:25:16,12.486,36.958,48.695,0,0,1423912,780052,179208,5537840,8579.238,1456.343,0,267.695,0,57.934,5747,3695,2.920,2.030,1.230,1,0,429.511,0,0,11,32,0,15,0
20-02 15:25:17,7.746,22.488,67.964,0,0,1415104,788852,179208,5537848,7153.225,1457.231,0,27.985,0,6.996,4648,2677,2.690,2,1.230,1,0,233.877,0,0,11,32,0,15,0
20-02 15:25:18,9.002,22.505,67.516,0,0,1416060,787844,179208,5537900,8165.925,1566.369,0,16.004,0,4.001,4667,2743,2.690,2,1.230,1,0,227.054,0,0,11,32,0,15,0
20-02 15:25:19,8.744,19.736,69.201,0,0,1408776,795112,179208,5537916,7050.970,1510.922,0,3.997,0,0.999,4340,2692,2.690,2,1.230,1,0,186.867,0,0,11,32,0,15,0
20-02 15:25:20,8.760,20.523,69.579,0,0,1402396,801464,179208,5537940,8693.926,1459.667,0,132.151,0,3.003,4669,2976,2.690,2,1.230,1,0,206.235,0,0,11,32,0,15,0
20-02 15:25:21,10.483,19.719,68.641,0,0,1397396,806440,179208,5537956,8494.528,1455.691,0,15.975,0,3.994,4623,2674,2.690,2,1.230,1,0,172.726,0,0,11,32,0,15,0
20-02 15:25:22,9.263,20.780,67.848,0.250,0,1393876,809944,179208,5537972,4662.765,1027.491,0,5307.701,0,200.291,4592,2955,2.550,1.980,1.230,3,0,172.250,0,0,11,32,0,15,0
20-02 15:25:23,18.252,23.003,55.006,1.750,0,1390752,812992,179216,5538340,8139.938,1026.118,0,7288.840,0,345.040,6158,6894,2.550,1.980,1.230,3,0,224.026,0,0,11,32,0,14,0
20-02 15:25:24,36.945,27.959,33.950,0.499,0,1393876,809852,179220,5538344,6410.542,1497.790,0,3506.826,0,169.750,6176,6499,2.550,1.980,1.230,4,0,526.224,0,0,11,33,0,14,0
20-02 15:25:25,45.576,5.008,48.831,0,0,1490608,713084,179224,5538468,5031.374,1460.431,0,52.087,0,2.003,2738,1276,2.550,1.980,1.230,2,0,0,0,0,11,33,0,14,0
20-02 15:25:26,45.487,5.748,48.237,0,0,1564344,639088,179224,5538724,8391.688,1457.598,0,0,0,0,3233,2201,2.550,1.980,1.230,2,0,10.997,0,0,11,47,0,14,0
20-02 15:25:27,44.252,5.750,48.502,0.250,0,1617892,583688,179288,5540220,7964.290,1458.053,104.004,1592.058,1.000,160.006,3450,2236,2.510,1.980,1.230,2,0,8.000,0,0,11,49,0,14,0
20-02 15:25:28,25.726,14.736,57.696,0.250,0,1619964,578948,179288,5542764,8921.628,1348.734,0,531.501,0,20.980,5669,6986,2.510,1.980,1.230,2,0,157.852,0,0,11,48,0,15,0
20-02 15:25:29,12.513,21.022,65.819,0,0,1630472,568412,179292,5543204,6726.039,1135.188,0,172.180,0,12.013,5772,5438,2.510,1.980,1.230,0,0,222.233,0,0,11,48,0,15,0
20-02 15:25:30,22.992,13.495,62.477,0,0,1639252,559592,179292,5543224,6389.695,1457.474,0,0,0,0,4124,4704,2.510,1.980,1.230,2,0,87.968,0,0,11,48,0,15,0
20-02 15:25:31,4.500,3.250,90.758,0,0,1638792,560052,179292,5542792,10473.870,1458.121,0,4.000,0,1.000,1437,1489,2.510,1.980,1.230,1,0,28.002,0,0,11,48,0,15,0
20-02 15:25:32,0.500,0.750,97.982,0.250,0,1638036,560808,179292,5542792,6688.737,1619.694,0,4095.227,0,303.943,814,978,2.310,1.950,1.220,0,0,2.999,0,0,11,48,0,15,0
20-02 15:25:33,0.750,1.000,97.490,0,0,1638028,560808,179292,5542800,8323.125,1457.847,0,927.902,0,15.998,977,1406,2.310,1.950,1.220,0,0,3.000,0,0,11,48,0,15,0
20-02 15:25:34,0.250,0.500,98.264,0.500,0,1638024,560808,179292,5542804,43341.261,1458.211,0,392.057,0,29.004,779,1002,2.310,1.950,1.220,0,0,1.000,0,0,11,48,0,15,0
20-02 15:25:35,11.221,11.221,76.551,0,0,1609944,588896,179292,5544664,8947.719,1454.216,0,7.979,0,1.995,3167,4610,2.310,1.950,1.220,3,0,140.634,0,0,11,48,0,14,0
20-02 15:25:36,30.046,20.031,49.326,0,0,1659388,539400,179292,5543280,8773.527,1460.251,0,140.216,0,9.014,5745,11637,2.310,1.950,1.220,2,0,182.281,0,0,11,56,0,15,0
20-02 15:25:37,14.269,13.268,70.595,0.250,0,1627172,571592,179292,5542844,4984.739,1351.828,0,148.200,0,19.026,4270,3723,2.280,1.950,1.230,3,0,165.223,0,0,11,64,0,15,0
20-02 15:25:38,13.246,21.993,62.481,0,0,1654436,544172,179292,5543004,4762.554,1413.571,0,0,0,0,4926,3510,2.280,1.950,1.230,2,0,194.941,0,0,12,64,0,15,0
20-02 15:25:39,18.783,17.530,62.609,0,0,1656884,541648,179292,5543460,8785.258,1406.443,0,44.077,0,3.005,5091,5044,2.280,1.950,1.230,1,0,161.280,0,0,12,64,0,12,0
20-02 15:25:40,20.220,16.226,61.409,0,0,1664820,533684,179292,5543028,9460.921,1078.395,0,323.519,0,7.988,5186,5702,2.280,1.950,1.230,1,0,119.822,0,0,12,64,0,12,0
20-02 15:25:41,10.500,13.000,76.253,0,0,1651020,547496,179292,5543028,9244.326,1458.051,0,308.011,0,11.000,3171,2606,2.280,1.950,1.230,1,0,150.005,0,0,12,64,0,12,0
20-02 15:25:42,14.747,20.746,61.739,0,0,1655492,542968,179292,5543512,9476.363,1551.732,0,3.999,0,1.000,5725,5605,2.580,2.020,1.250,1,0,190.967,0,0,14,66,0,12,0
20-02 15:25:43,22.257,13.254,63.271,0,0,1643328,555124,179292,5543084,9538.109,594.194,0,152.050,0,14.005,4340,4738,2.580,2.020,1.250,3,0,89.029,0,0,14,66,0,9,0
20-02 15:25:44,9.742,19.234,69.192,0,0,1646864,551592,179292,5543088,8125.173,1606.650,0,395.668,0,25.978,4514,3081,2.580,2.020,1.250,1,0,205.827,0,0,14,66,0,10,0
20-02 15:25:45,8.503,19.007,70.275,0,0,1658684,539752,179292,5543108,4771.694,1512.537,0,0,0,0,4572,2917,2.580,2.020,1.250,1,0,203.072,0,0,14,66,0,10,0
20-02 15:25:46,9.502,20.254,68.263,0,0,1669100,529192,179292,5543252,8221.582,1458.281,0,44.008,0,9.002,4504,2736,2.580,2.020,1.250,1,0,168.032,0,0,14,66,0,10,0
20-02 15:25:47,12.212,19.439,65.294,0,0.249,1656796,541480,179292,5543612,7895.132,1453.422,0,19.937,0,4.984,5262,4699,2.450,2,1.250,5,0,151.523,0,0,14,66,0,10,0
20-02 15:25:48,23.538,14.774,60.847,0,0,1632100,566160,179292,5543712,4369.966,1027.638,0,88.140,0,3.005,4432,4939,2.450,2,1.250,1,0,110.176,0,0,14,66,0,9,0
20-02 15:25:49,26.853,20.579,51.196,0,0,1662324,535896,179300,5543304,11740.972,1553.952,0,136.523,0,6.023,4844,2943,2.450,2,1.250,2,0,144.554,0,0,14,66,0,9,0
20-02 15:25:50,30.627,23.655,44.074,0,0,1729504,468696,179304,5543316,10665.294,1452.185,0,107.569,0,4.980,5228,2995,2.450,2,1.250,2,0,193.226,0,0,14,66,0,9,0
20-02 15:25:51,30.875,25.148,41.830,0,0.249,1846804,349812,179372,5544740,10305.217,1559.676,19.919,274.885,1.992,2.988,5659,4524,2.450,2,1.250,4,0,218.116,0,0,14,68,0,10,0
20-02 15:25:52,30.007,26.225,43.372,0,0.252,1923616,272952,179380,5544772,9848.492,1525.084,0,0,0,0,5207,2969,2.420,2,1.260,3,0,249.137,0,0,14,70,0,5,0
20-02 15:25:53,28.818,24.098,44.966,0,0,1984152,212396,179380,5544792,5400.917,1448.857,0,4928.896,0,402.460,5628,3327,2.420,2,1.260,2,0,251.413,0,0,14,70,0,5,0
20-02 15:25:54,25.595,21.329,52.193,0.251,0,2006788,189528,179384,5545000,8236.507,1463.420,0,537.993,0,6.022,4963,2944,2.420,2,1.260,1,0,194.721,0,0,14,70,0,5,0
20-02 15:25:55,9.497,20.494,67.982,0,0,2008536,187764,179384,5545012,7369.016,1619.564,0,767.793,0,5.998,4600,2802,2.420,2,1.260,3,0,184.950,0,0,14,70,0,5,0
20-02 15:25:56,14.026,20.789,63.117,0,0,2014300,181976,179384,5545380,5527.249,1460.708,0,36.067,0,9.017,5650,5565,2.420,2,1.260,1,0,193.359,0,0,14,70,0,5,0
20-02 15:25:57,23.486,13.492,61.463,0,0,1991448,204788,179388,5545048,8542.856,1457.123,3.998,0,0.999,0,4422,5171,2.300,1.980,1.260,2,0,90.945,0,0,14,70,0,5,0
20-02 15:25:58,61.323,25.781,13.016,0,0,2047088,149068,179400,5545532,11043.158,1684.006,28.033,8.010,2.002,2.002,5362,3600,2.300,1.980,1.260,4,0,328.391,0,0,14,70,1,5,0
20-02 15:25:59,57.232,23.993,17.994,0.250,0,2124768,144996,174376,5478756,9014.198,1783.446,3.999,259.919,1.000,12.996,6353,6665,2.300,1.980,1.260,4,0,285.911,0,0,14,70,1,5,0
20-02 15:26:00,65.109,15.716,18.959,0.249,0,2180588,143652,172624,5427032,7056.760,1528.698,51.888,606.690,6.985,31.931,5092,5191,2.300,1.980,1.260,5,0,109.763,0,0,14,70,1,5,0
20-02 15:26:01,68.833,22.527,6.007,2.253,0,2332212,162072,172188,5261172,6206.465,1533.845,833.002,164.198,80.096,5.006,5537,5046,2.300,1.980,1.260,5,0,456.549,0,0,14,74,1,5,0
20-02 15:26:02,59.025,20.509,14.256,4.502,0,2391000,171816,171928,5195236,10590.560,1532.660,20.009,23894.288,2.001,1708.736,14759,24587,2.760,2.080,1.290,3,1,267.115,0,0,14,74,1,5,0
20-02 15:26:03,65.319,18.770,10.011,5.005,0,2430924,201796,171584,5126932,9399.896,1359.431,28.030,16673.553,2.002,1414.489,12026,19142,2.760,2.080,1.290,5,0,257.271,0,0,14,76,1,5,0
20-02 15:26:04,73.544,23.264,2.501,0.250,0,2583444,188620,171372,4991120,44347.556,1404.841,48.029,1797.076,4.002,81.049,9525,14471,2.760,2.080,1.290,4,0,420.252,0,0,14,82,1,10,0
20-02 15:26:05,53.603,19.447,25.929,0.249,0,2649100,196856,171376,4918680,6805.316,1527.806,19.945,1420.101,3.989,78.784,7640,10812,2.760,2.080,1.290,3,0,161.556,0,0,14,91,1,14,0
20-02 15:26:06,53.985,23.136,21.146,0.746,0,2750112,168944,171384,4847348,8583.823,1492.666,79.609,1018.993,3.980,52.741,6003,4876,2.760,2.080,1.290,5,0,269.675,0,0,14,93,1,14,0
20-02 15:26:07,36.388,24.342,38.145,0.502,0,2787164,201552,171384,4778920,7324.759,1571.957,36.137,1056.002,5.019,54.205,6270,6092,2.700,2.080,1.300,4,0,280.061,0,0,14,93,1,14,0
20-02 15:26:08,33.783,21.020,43.793,0,0,2854984,133496,171388,4779152,6048.888,1513.473,4.004,948.924,1.001,57.056,5282,3462,2.700,2.080,1.300,2,0,197.192,0,0,14,95,1,14,0
20-02 15:26:09,25.485,19.739,52.470,0.999,0,2847208,208232,171388,4714076,7255.845,1663.048,3.998,15543.100,0.999,767.561,7183,9310,2.700,2.080,1.300,1,0,178.898,0,0,14,93,1,15,0
20-02 15:26:10,27.734,16.241,54.469,0,0,2889944,165480,171392,4714000,8764.018,1565.110,0,0,0,0,5202,5621,2.700,2.080,1.300,3,0,117.933,0,0,14,93,1,15,0
20-02 15:26:11,50.216,12.991,35.976,0.500,0,2999284,123280,171392,4648172,5438.306,1457.010,175.881,3.997,4.997,0.999,3774,2010,2.700,2.080,1.300,2,0,78.946,0,0,14,94,1,15,0
20-02 15:26:12,23.276,16.018,59.065,0.250,0,3036760,152896,171408,4582460,8325.152,1459.605,8.009,716.788,2.002,51.056,4622,4090,2.560,2.060,1.290,1,0,124.136,0,0,14,97,1,15,0
20-02 15:26:13,7.749,19.748,69.994,0.250,0,3051212,138292,171408,4582612,7529.337,1511.867,4.000,967.915,1.000,67.994,4573,3159,2.560,2.060,1.290,1,0,180.984,0,0,14,97,1,15,0
20-02 15:26:14,8.735,19.217,70.128,0,0,3055988,133496,171408,4582632,11760.521,1455.465,0,131.771,0,12.977,4446,2807,2.560,2.060,1.290,1,0,186.675,0,0,14,99,1,15,0
20-02 15:26:15,8.767,19.037,70.137,0,0,3052996,136472,171408,4582648,6629.955,1460.855,0,80.157,0,9.018,4582,2941,2.560,2.060,1.290,1,0,196.384,0,0,14,101,1,15,0
20-02 15:26:16,10.252,19.004,69.266,0.500,0,3046208,143208,171408,4582668,6223.443,1620.376,0,144.033,0,15.003,4591,3002,2.560,2.060,1.290,2,0,200.046,0,0,14,107,1,15,0
20-02 15:26:17,13.251,14.001,71.506,0,0,3067784,121624,171408,4582676,5117.406,1458.116,0,8.001,0,2.000,3225,2146,2.440,2.050,1.290,1,0,108.009,0,0,14,107,1,15,0
20-02 15:26:18,18.989,2.998,76.704,0,0,3098500,158392,171408,4516632,11404.138,3920.641,3.998,47.971,0.999,2.998,1765,1251,2.440,2.050,1.290,1,0,0.999,0,0,14,110,1,15,0
20-02 15:26:19,21.508,4.001,72.776,0.250,0,3101872,154864,171408,4516792,8996.156,5458.915,4.001,2941.032,1.000,31.011,2949,3060,2.440,2.050,1.290,1,0,1.000,0,0,14,112,1,15,0
20-02 15:26:20,19.499,7.250,72.246,0,0,3068332,188384,171408,4516812,25068.720,17847.089,0,299.985,0,23.999,2868,2059,2.440,2.050,1.290,2,0,64.997,0,0,14,111,1,16,0
20-02 15:26:21,21.751,4.250,73.254,0.250,0,3118956,137760,171408,4516812,5428.262,1620.078,0,228.011,0,16.001,1826,1353,2.440,2.050,1.290,3,0,0,0,0,14,111,1,16,0
20-02 15:26:22,18.750,3.000,76.751,0.500,0,3128844,127860,171408,4516824,14509.207,7189.103,0,344.005,0,45.001,2469,2506,2.320,2.030,1.290,2,0,2.000,0,0,14,116,1,16,0
20-02 15:26:23,21.469,3.994,72.893,0,0,3124560,131832,171420,4517124,8003.305,1847.301,0,938.628,0,44.934,3018,3419,2.320,2.030,1.290,4,0,0,0,0,14,118,1,16,0
20-02 15:26:24,27.284,6.508,62.829,1.252,0,3123576,131952,171420,4517940,5514.906,1459.828,396.496,1313.645,11.014,170.213,5717,7770,2.320,2.030,1.290,3,0,3.004,0,0,14,121,1,16,0
20-02 15:26:25,24.753,4.501,66.257,2.000,0,3131676,123680,171424,4518108,8248.923,1500.168,104.012,4692.525,7.001,337.038,5632,7856,2.320,2.030,1.290,1,0,0,0,0,14,121,1,17,0
20-02 15:26:26,17.001,11.750,68.752,0.250,0,3075016,180272,171424,4518176,9074.295,2775.090,0,616.020,0,57.002,4244,3631,2.320,2.030,1.290,1,0,111.004,0,0,14,120,1,18,0
20-02 15:26:27,22.002,4.750,73.257,0.250,0,3126916,128360,171424,4518188,4988.460,1512.139,0,308.028,0,18.002,1795,1295,2.220,2.010,1.290,2,0,0,0,0,14,120,1,18,0
20-02 15:26:28,17.501,4.000,77.256,0.250,0,3133664,187852,171424,4453676,15449.215,7934.624,0,2380.187,0,284.022,2381,1930,2.220,2.010,1.290,2,0,0,0,0,14,121,1,17,0
20-02 15:26:29,21.713,4.492,70.880,0.749,0,3135516,185584,171428,4454108,8340.834,3437.163,11.980,2188.284,2.995,159.729,4321,6565,2.220,2.010,1.290,1,1,0,0,0,14,121,1,17,0
20-02 15:26:30,23.018,4.253,71.055,0.751,0,3136140,184828,171428,4454240,8858.842,1026.793,0,2718.099,0,316.244,3637,3928,2.220,2.010,1.290,1,0,1.001,0,0,14,121,1,17,0
20-02 15:26:31,38.001,13.750,46.501,0.250,0,3172980,147820,171432,4454404,8298.219,2652.070,0,704.019,0,69.002,4586,3646,2.220,2.010,1.290,2,0,95.003,0,0,14,120,1,18,0
20-02 15:26:32,41.302,7.259,50.563,0,0,3271460,178196,171432,4328492,7138.930,3434.296,0,360.451,0,19.024,2948,1581,2.120,1.990,1.290,1,0,4.005,0,0,14,121,1,18,0
20-02 15:26:33,23.979,6.994,68.441,0.250,0.250,3247544,202120,171432,4328652,31455.046,22073.086,175.849,291.750,0.999,14.987,2914,1997,2.120,1.990,1.290,1,0,54.953,0,0,14,120,1,19,0
20-02 15:26:34,22.253,4.251,72.011,0.250,0,3281828,167824,171432,4328664,40754.136,1586.239,8.001,956.144,2.000,64.010,2158,1773,2.120,1.990,1.290,2,0,1.000,0,0,14,120,1,19,0
20-02 15:26:35,18.255,2.251,78.773,0.250,0,3248300,201340,171432,4328676,29768.639,24070.985,0,272.079,0,25.007,2212,1995,2.120,1.990,1.290,1,0,5.001,0,0,14,120,1,20,0
20-02 15:26:36,28.746,11.499,58.242,0.250,0,3279152,170408,171432,4328756,7413.042,1457.812,31.996,291.962,3.999,22.997,3900,12095,2.120,1.990,1.290,1,0,82.989,0,0,14,120,1,21,0
20-02 15:26:37,16.748,1.750,80.989,0,0,3285740,163812,171432,4328764,11958.376,7857.933,0,243.967,0,14.998,1690,1266,2.030,1.980,1.280,0,0,0,0,0,14,121,1,20,0
20-02 15:26:38,19.255,8.002,69.768,0.750,0,3265212,184292,171432,4328812,10788.852,2800.740,0,720.190,0,98.026,4149,4614,2.030,1.980,1.280,1,0,46.012,0,0,14,122,1,21,0
20-02 15:26:39,19.496,7.498,72.483,0,0,3283712,165792,171432,4328812,8729.010,1553.646,0,695.841,0,30.993,2395,1769,2.030,1.980,1.280,1,0,36.992,0,0,14,122,1,21,0
20-02 15:26:40,18.999,1.750,77.747,0.250,0,3309084,140416,171432,4328816,11520.541,7249.711,0,323.987,0,15.999,1864,1408,2.030,1.980,1.280,1,0,1.000,0,0,14,123,1,21,0
20-02 15:26:41,18.249,9.749,70.996,0.250,0,3269916,179560,171432,4328840,25502.688,18445.051,4.000,951.951,1.000,62.997,2997,2252,2.030,1.980,1.280,1,0,60.997,0,0,14,122,1,22,0
20-02 15:26:42,22.750,2.500,74.251,0,0,3299060,150416,171432,4328840,7324.132,2167.039,0,116.002,0,10.000,1833,1260,1.950,1.960,1.280,0,0,0,0,0,14,123,1,22,0
20-02 15:26:43,16.000,3.000,78.998,0.500,0,3292968,156344,171432,4329004,14805.616,7509.805,0,419.989,0,58.998,2696,3082,1.950,1.960,1.280,2,0,0,0,0,14,123,1,22,0
20-02 15:26:44,26.573,4.763,64.426,2.005,0,3288372,160784,171432,4329160,6792.562,1461.995,48.132,3425.360,3.008,329.902,5530,8060,1.950,1.960,1.280,2,0,1.003,0,0,14,124,1,23,0
20-02 15:26:45,24.201,9.231,63.871,1.247,0,3247880,201248,171432,4329192,9697.356,2692.546,0,6255.328,0,532.920,5041,5889,1.950,1.960,1.280,3,0,52.893,0,0,14,123,1,23,0
20-02 15:26:46,21.242,4.248,72.973,0.250,0,3292676,156452,171432,4329192,8465.852,1457.458,0,655.756,0,21.992,1827,1373,1.950,1.960,1.280,2,0,1.000,0,0,14,123,1,23,0
20-02 15:26:47,15.249,1.750,81.997,0,0,3297800,151320,171432,4329200,14522.384,11249.523,0,379.984,0,20.999,1887,1717,1.790,1.930,1.270,1,0,0,0,0,14,124,1,23,0
20-02 15:26:48,20.969,4.993,70.897,0.749,0,3299232,149820,171432,4329268,6603.367,1714.499,31.953,1761.430,1.997,138.798,4495,5991,1.790,1.930,1.270,2,1,0,0,0,14,124,1,23,0
20-02 15:26:49,22.795,6.763,69.887,0.751,0,3298052,150988,171432,4329280,11554.612,1460.859,0,1543.020,0,69.135,4474,5744,1.790,1.930,1.270,5,0,1.002,0,0,14,124,1,23,0
20-02 15:26:50,25.984,6.246,62.961,0.750,0,3293240,155752,171432,4329328,11857.737,1457.107,0,823.496,0,92.943,7817,12070,1.790,1.930,1.270,2,0,2.998,0,0,14,126,1,23,0
20-02 15:26:51,28.225,10.241,59.947,0.250,0,3226232,222736,171436,4329348,9370.696,2333.932,0,623.447,0,50.955,4085,3801,1.790,1.930,1.270,1,0,70.937,0,0,14,125,1,24,0
20-02 15:26:52,20.265,2.502,76.054,0.250,0,3276492,172472,171436,4329352,9233.617,2675.918,0,336.241,0,18.013,1831,1327,1.650,1.900,1.270,0,0,0,0,0,14,126,1,24,0
20-02 15:26:53,17.503,2.500,78.765,0.500,0,3275248,173544,171440,4329520,17166.249,7925.500,0,716.136,0,77.015,2685,2962,1.650,1.900,1.270,1,0,0,0,0,14,126,1,22,0
20-02 15:26:54,16.227,13.980,66.406,0.999,0,3245996,202784,171440,4329532,10239.433,2655.223,0,3239.392,0,225.679,4855,4621,1.650,1.900,1.270,1,0,146.791,0,0,14,125,1,23,0
20-02 15:26:55,21.779,4.506,73.596,0,0,3295296,153476,171440,4329540,6959.110,1568.053,0,212.278,0,13.017,1854,1344,1.650,1.900,1.270,1,0,0,0,0,14,125,1,23,0
20-02 15:26:56,24.209,1.997,71.877,0.250,0,3308156,140596,171440,4329560,12773.200,7907.504,0,335.428,0,28.951,2571,2347,1.650,1.900,1.270,2,0,0,0,0,14,126,1,23,0
20-02 15:26:57,14.276,1.753,82.904,0,0,3304508,144232,171444,4329568,14357.618,7222.390,0,677.256,0,54.100,2392,2697,1.590,1.880,1.270,1,0,0,0,0,14,126,1,23,0
20-02 15:26:58,23.760,5.002,68.528,1.251,0,3300896,147808,171444,4329604,8384.383,1532.618,0,740.299,0,102.041,5264,7398,1.590,1.880,1.270,1,0,0,0,0,14,126,1,23,0
20-02 15:26:59,21.717,5.991,71.142,0.250,0,3298024,150636,171444,4329616,11702.227,1529.677,0,850.708,0,80.877,4157,5073,1.590,1.880,1.270,2,0,0,0,0,14,126,1,23,0
20-02 15:27:00,33.099,8.526,55.165,0.752,0,3302448,146012,171520,4329724,10818.380,3129.366,116.348,1115.338,11.033,99.297,9475,15599,1.590,1.880,1.270,3,0,4.012,0,0,14,125,1,24,0
20-02 15:27:01,33.646,20.188,41.871,1.994,0,3260900,187480,171520,4329804,10962.233,1527.295,0,6089.243,0,392.790,7754,9200,1.590,1.880,1.270,3,0,200.383,0,0,14,125,1,24,0
20-02 15:27:02,23.022,12.762,62.058,0,0,3261580,186716,171520,4329840,7064.658,2037.921,16.015,508.479,1.001,37.035,3694,3594,1.550,1.870,1.260,1,0,85.080,0,0,14,125,1,24,0
20-02 15:27:03,18.747,2.500,78.236,0.250,0,3295676,152488,171520,4329972,13758.570,7614.655,0,283.950,0,15.997,1901,1457,1.550,1.870,1.260,2,0,0,0,0,14,126,1,24,0
20-02 15:27:04,21.257,4.251,73.024,0,0,3216032,232124,171520,4329980,42784.935,2996.976,0,308.100,0,25.008,2809,2216,1.550,1.870,1.260,1,0,37.012,0,0,14,125,1,25,0
20-02 15:27:05,8.499,20.249,68.995,0.250,0,3219608,228528,171520,4330000,10614.260,1585.889,0,351.975,0,30.998,4936,3457,1.550,1.870,1.260,1,0,206.986,0,0,14,125,1,16,0
20-02 15:27:06,9.751,19.752,69.009,0.250,0,3228592,219520,171520,4330024,8699.075,1458.180,0,2124.262,0,275.034,4844,2960,1.550,1.870,1.260,1,0,189.023,0,0,14,125,1,16,0
20-02 15:27:07,9.745,19.989,68.212,0,0,3220468,227640,171520,4330028,11028.925,1527.159,0,235.870,0,13.992,4731,3040,1.580,1.870,1.270,1,0,201.889,0,0,14,125,1,16,0
20-02 15:27:08,23.759,15.506,59.272,0,0.250,3219244,228856,171520,4330036,7847.966,1458.551,0,344.130,0,22.008,4618,5913,1.580,1.870,1.270,1,0,139.053,0,0,14,125,1,16,0
20-02 15:27:09,29.442,21.707,47.406,0,0,3244584,203488,171520,4330068,10051.170,1570.901,0,155.693,0,9.980,5265,3271,1.580,1.870,1.270,4,0,188.628,0,0,14,125,1,15,0
20-02 15:27:10,31.038,22.778,44.805,0,0,3294752,153280,171520,4330108,8338.306,1622.005,16.020,8.010,1.001,2.002,5015,2941,1.580,1.870,1.270,4,0,188.233,0,0,14,125,1,15,0
20-02 15:27:11,28.521,21.516,48.536,0.751,0,3305372,206136,171532,4268220,5374.962,1459.076,28.021,812.599,2.001,55.041,5695,4983,1.580,1.870,1.270,1,0,207.153,0,0,14,131,1,16,0
20-02 15:27:12,16.989,23.735,57.464,0,0.250,3321744,188700,171532,4269456,13038.927,1547.042,0,219.864,0,14.991,5799,6162,1.700,1.890,1.280,4,0,180.888,0,0,14,131,1,16,0
20-02 15:27:13,32.774,17.513,47.785,0,0,3367308,141716,171540,4271176,8574.307,1459.073,8.006,372.274,2.001,29.021,6791,11511,1.700,1.890,1.280,2,0,147.108,0,0,14,137,1,16,0
20-02 15:27:14,36.258,18.254,44.510,0.500,0,3415744,156448,171540,4209400,6057.412,1500.350,12.003,928.216,3.001,47.011,4406,3161,1.700,1.890,1.280,3,0,116.027,0,0,16,137,1,16,0
20-02 15:27:15,52.758,26.504,20.003,0,0,3511760,122860,171540,4148712,8601.360,1458.231,104.016,208.033,7.001,23.004,5743,3838,1.700,1.890,1.280,3,0,276.044,0,0,16,137,1,16,0
20-02 15:27:16,52.015,26.007,21.506,0.250,0,3576352,179088,171540,4030908,7558.134,1528.432,24.007,220.062,3.001,17.005,6990,7759,1.700,1.890,1.280,2,0,297.084,0,0,16,147,1,16,0
20-02 15:27:17,28.477,19.484,50.210,0.250,0,3610600,143772,171540,4032096,8895.862,1456.831,0,315.747,0,18.985,7368,10153,1.640,1.870,1.280,0,0,215.827,0,0,16,153,1,16,0
20-02 15:27:18,27.218,18.728,52.188,0,0,3631320,123036,171540,4032000,8257.199,1530.184,0,159.810,0,11.986,5597,5744,1.640,1.870,1.280,3,0,173.794,0,0,16,153,1,16,0
20-02 15:27:19,37.793,22.526,38.544,0,0,3673596,171932,171092,3942040,5666.466,1405.604,4.005,348.398,1.001,22.025,6169,3571,1.640,1.870,1.280,2,0,218.249,0,0,16,153,1,16,0
20-02 15:27:20,19.503,22.254,56.259,0.250,0,3714968,130584,171096,3942076,7693.260,1080.177,8.001,2296.376,2.000,24.004,5300,3531,1.640,1.870,1.280,2,0,236.039,0,0,17,153,1,16,0
20-02 15:27:21,9.730,20.708,67.364,0.249,0,3715968,175404,171096,3896540,7144.592,1455.066,11.976,9269.307,2.994,749.489,5429,3618,1.640,1.870,1.280,1,0,217.561,0,0,17,159,1,16,0
20-02 15:27:22,10.021,20.793,67.889,0.251,0,3721996,169356,171096,3896560,6454.239,1713.515,0,188.386,0,14.029,4549,2882,1.590,1.860,1.270,1,0,176.362,0,0,17,159,1,15,0
20-02 15:27:23,14.518,22.278,61.327,0,0,3731084,160256,171096,3897032,10171.810,1459.838,0,324.409,0,20.025,5705,5671,1.590,1.860,1.270,1,0,191.241,0,0,17,159,1,15,0
20-02 15:27:24,23.470,11.485,63.168,0.250,0,3727820,163520,171096,3896688,6395.726,1456.116,0,387.499,0,21.972,4068,5710,1.590,1.860,1.270,2,0,76.901,0,0,17,159,1,15,0
20-02 15:27:25,29.079,22.311,47.129,0,0,3752340,155320,171096,3880256,8464.080,1461.987,0,0,0,0,5023,2949,1.590,1.860,1.270,4,0,176.481,0,0,17,159,1,15,0
20-02 15:27:26,31.587,24.374,42.779,0,0,3813100,132288,171096,3843128,7698.193,1450.500,3.979,194.992,0.995,15.918,5208,3452,1.590,1.860,1.270,2,0,213.894,0,0,17,167,1,13,0
20-02 15:27:27,34.622,26.092,37.884,0.251,0,3875720,166192,170884,3748388,4905.309,1463.163,152.538,473.671,6.021,35.124,7045,8070,1.620,1.860,1.280,1,0,220.779,0,0,17,187,1,13,0
20-02 15:27:28,20.726,15.233,61.430,0,0,3892624,149244,170884,3748760,8185.625,1456.332,0,411.529,0,26.969,5230,5855,1.620,1.860,1.280,1,0,125.856,0,0,17,191,1,13,0
20-02 15:27:29,25.870,17.661,54.974,0,0,3911156,130680,170884,3748440,8069.484,967.144,3.980,159.201,0.995,13.930,4895,5332,1.620,1.860,1.280,3,0,142.286,0,0,17,191,1,13,0
20-02 15:27:30,31.871,23.590,42.914,0.502,0,3952264,143424,170884,3696020,7187.394,650.479,36.138,943.596,3.011,113.432,5456,3487,1.620,1.860,1.280,3,0,232.888,0,0,17,191,1,13,0
20-02 15:27:31,33.527,26.271,39.031,0,0,4022296,126676,170884,3643996,7792.236,1513.211,4.003,220.176,1.001,18.014,6039,5129,1.620,1.860,1.280,4,1,263.211,0,0,17,196,1,13,0
20-02 15:27:32,14.702,23.424,59.308,0.498,0,4030388,143688,170884,3619488,8962.961,1650.652,27.910,538.256,3.987,39.871,7006,7614,1.890,1.910,1.300,2,0,302.021,0,0,17,197,1,13,0
20-02 15:27:33,9.992,19.983,67.443,0,0,4039648,134400,170884,3619516,7584.625,1526.717,0,295.751,0,20.982,5028,3744,1.890,1.910,1.300,1,0,202.830,0,0,17,197,1,13,0
20-02 15:27:34,11.284,19.559,67.454,0.251,0,4041656,132364,170884,3619528,40192.756,1536.655,0,288.875,0,24.073,5003,3707,1.890,1.910,1.300,1,0,189.574,0,0,17,197,1,11,0
20-02 15:27:35,10.473,21.195,65.331,0.249,0,4043152,130856,170884,3619548,7587.401,1454.244,0,829.856,0,35.907,5086,3812,1.890,1.910,1.300,3,0,183.526,0,0,17,197,1,11,0
20-02 15:27:36,24.395,24.144,48.790,1.509,0,4053420,158868,170884,3582568,9661.464,1629.693,173.029,1939.536,9.054,115.688,5897,14541,1.890,1.910,1.300,1,0,208.239,0,0,17,197,1,12,0
20-02 15:27:37,25.139,12.943,59.486,0,0,4053660,158612,170884,3582124,7588.376,1451.568,11.947,453.988,2.987,34.846,4357,5529,1.820,1.900,1.300,2,0,86.616,0,0,17,203,1,12,0
20-02 15:27:38,37.565,15.276,46.330,0.250,0,4124988,123932,170884,3546304,10275.755,1502.596,0,228.395,0,12.021,4300,2634,1.820,1.900,1.300,3,0,108.187,0,0,17,203,1,9,0
20-02 15:27:39,45.779,7.255,45.779,0.250,0,4221184,154096,170884,3422636,7537.842,1500.964,40.026,200.129,3.002,10.006,3147,1715,1.820,1.900,1.300,3,0,1.001,0,0,17,203,1,9,0
20-02 15:27:40,34.246,6.499,57.243,0.750,0,4299296,134236,170884,3366304,9081.918,1457.826,39.995,627.925,4.999,33.996,3318,2526,1.820,1.900,1.300,2,0,5.999,0,0,17,206,1,9,0
20-02 15:27:41,31.768,13.257,53.280,0.250,0,4185264,247344,170888,3367224,7987.455,1620.904,20.011,388.217,2.001,20.011,4655,5155,1.820,1.900,1.300,5,0,136.076,0,0,17,209,1,9,0
20-02 15:27:42,31.141,27.902,35.625,3.488,0,4232380,199456,170892,3368004,5760.845,1546.589,231.191,7505.741,4.983,774.291,7083,5588,1.920,1.920,1.310,5,0,354.759,0,0,17,215,1,8,0
20-02 15:27:43,37.711,30.671,29.414,1.508,0,4302376,126660,170904,3370768,11213.607,7224.334,1283.164,925.165,20.112,22.124,6368,5885,1.920,1.920,1.310,4,0,295.651,0,0,17,216,1,8,0
20-02 15:27:44,41.990,24.349,31.803,0,0,4259424,168160,170904,3372672,12396.311,4407.732,63.607,644.016,3.975,35.779,6705,6512,1.920,1.920,1.310,6,0,226.598,0,0,17,217,1,9,0
20-02 15:27:45,42.146,18.313,38.884,0,0,4279304,148096,170904,3372852,8208.379,1517.246,0,333.152,0,16.056,5234,6452,1.920,1.920,1.310,2,0,153.531,0,0,17,217,1,9,0
20-02 15:27:46,60.253,18.251,20.501,0.500,0,4348084,148692,170904,3304460,16068.901,9341.524,208.012,8.000,5.000,2.000,5330,4071,1.920,1.920,1.310,2,0,138.008,0,0,17,219,1,7,0
20-02 15:27:47,65.215,14.188,15.930,3.485,0,4377660,210564,170908,3215100,10889.352,4729.306,1716.489,6025.634,35.843,58.743,5471,4714,2,1.930,1.320,5,0,25.887,0,0,17,222,1,8,0
20-02 15:27:48,67.704,14.598,10.319,7.047,0,4477788,126416,171008,3199420,8575.562,1522.218,5758.654,1103.406,294.980,113.764,5548,5201,2,1.930,1.320,4,0,23.155,0,0,17,224,1,8,0
20-02 15:27:49,48.950,21.977,28.221,0,0,4528624,150788,171008,3125164,18925.518,7553.225,55.942,935.037,3.996,21.977,6312,6482,2,1.930,1.320,6,0,204.789,0,0,17,224,1,13,0
20-02 15:27:50,34.921,25.941,36.667,0.499,0,4492304,185344,171008,3126896,15183.460,6323.615,23.946,953.830,2.993,64.852,6815,6559,2,1.930,1.320,4,0,256.417,0,0,17,223,1,14,0
20-02 15:27:51,41.633,27.086,30.598,0,0,4513164,163076,171012,3128768,8483.050,1462.664,0,1882.001,0,22.070,6299,6750,2,1.930,1.320,3,0,257.822,0,0,17,223,1,14,0
20-02 15:27:52,42.819,14.355,40.838,0,0,4539868,135652,171012,3129024,15758.208,7219.253,0,3.960,0,0.990,4959,5576,2,1.930,1.320,3,0,89.102,0,0,17,224,1,14,0
20-02 15:27:53,52.429,26.466,21.677,0.756,0,4491240,203880,171012,3109856,12119.061,6703.797,12.099,1391.373,3.025,78.643,6844,6543,2,1.930,1.320,4,0,315.580,0,0,17,223,1,15,0
20-02 15:27:54,59.913,27.575,11.531,0.752,0,4595336,181084,171016,3031908,8379.824,1516.129,320.874,276.754,26.071,20.055,6023,6045,2,1.930,1.320,5,0,361.986,0,0,17,223,1,13,0
20-02 15:27:55,53.082,15.451,28.908,0.997,0,4628764,144508,171032,3034708,16358.137,11428.766,1168.296,725.699,58.814,42.864,7945,13224,2,1.930,1.320,5,0,159.494,0,0,17,228,1,15,0
20-02 15:27:56,54.448,26.095,18.567,0.502,0,4626464,180100,171032,3001776,10350.577,2509.109,8.029,718.609,1.004,41.149,6640,6334,2,1.930,1.320,3,0,364.323,0,0,17,227,1,16,0
20-02 15:27:57,58.352,23.690,16.957,0.249,0,4717124,121292,171032,2971064,14076.270,7165.811,921.661,566.562,22.942,31.919,9781,19662,2.080,1.950,1.330,3,0,367.068,0,0,17,230,1,17,0
20-02 15:27:58,47.174,18.720,31.699,0.749,0,4731532,147328,171036,2931404,10137.610,6778.041,463.251,1042.315,29.952,60.902,7182,11581,2.080,1.950,1.330,3,0,179.709,0,0,17,235,1,18,0
20-02 15:27:59,62.522,16.506,19.507,0,0,4792584,156700,171036,2862828,8294.897,1532.535,36.013,496.173,3.001,42.015,4919,3310,2.080,1.950,1.330,3,0,86.030,0,0,17,239,1,18,0
20-02 15:28:00,62.013,9.752,26.756,1.250,0,4905604,127992,171048,2780100,18189.757,12986.683,900.186,384.079,39.008,23.005,5800,5838,2.080,1.950,1.330,4,0,4.001,0,0,17,243,1,19,0
20-02 15:28:01,54.438,11.237,25.970,6.493,0,4897392,168676,171048,2747788,12537.634,7225.721,443.492,1909.812,46.946,198.772,6435,7189,2.080,1.950,1.330,3,0,11.986,0,0,17,244,1,25,0
20-02 15:28:02,61.712,9.744,27.733,0.999,0,4961604,163544,171068,2689712,11298.104,5499.643,1375.161,475.710,31.980,42.974,4897,3637,2.160,1.970,1.340,1,0,8.995,0,0,17,251,1,25,0
20-02 15:28:03,46.186,21.085,24.599,6.526,0,4920804,200432,171220,2693412,15287.577,9778.386,4212.969,23160.287,73.295,1158.667,8220,8000,2.160,1.970,1.340,1,0,240.971,0,0,17,254,1,25,0
20-02 15:28:04,51.457,28.476,18.734,0.749,0,4907144,213160,171336,2694224,45641.438,2454.926,1003.152,2330.031,31.973,199.831,7589,8290,2.160,1.970,1.340,3,0,360.695,0,0,17,253,1,27,0
20-02 15:28:05,55.150,20.463,23.208,0.250,0,4930660,189552,171336,2694652,7089.184,3497.677,766.614,842.477,5.989,53.903,6905,7541,2.160,1.970,1.340,2,0,278.497,0,0,17,258,1,27,0
20-02 15:28:06,55.681,15.838,26.232,0.990,0,4930704,189328,171340,2694672,16220.387,10366.160,550.381,3179.536,8.909,56.424,6066,7126,2.160,1.970,1.340,5,0,114.828,0,0,18,257,1,28,0
20-02 15:28:07,83.171,15.975,0.507,1.014,0.254,5000764,118580,171340,2695608,8580.833,1478.824,807.369,1131.940,49.700,51.728,5755,4098,2.380,2.020,1.360,5,0,142.000,0,0,18,260,1,27,0
20-02 15:28:08,73.755,11.251,8.001,5.750,0,5107548,123936,171160,2585392,14536.031,7184.510,3196.227,7988.567,162.011,184.013,5480,4072,2.380,2.020,1.360,4,0,11.001,0,0,18,263,1,27,0
20-02 15:28:09,74.465,12.744,12.994,1.000,0,5089504,211460,171188,2517896,15318.894,6766.861,1015.529,1611.253,45.979,101.953,7374,8047,2.380,2.020,1.360,3,0,93.956,0,0,18,263,1,30,0
20-02 15:28:10,43.591,12.704,42.096,0,0,5172724,127728,171192,2518396,9352.854,3172.418,912.668,338.763,15.942,19.927,4517,3702,2.380,2.020,1.360,1,0,138.494,0,0,18,267,1,30,0
20-02 15:28:11,33.249,7.000,57.998,0.500,0,5160288,140068,171200,2518484,28173.870,13692.451,263.989,323.987,4.000,32.999,3615,2867,2.380,2.020,1.360,2,0,6.000,0,0,18,270,1,30,0
20-02 15:28:12,46.632,18.553,33.345,0.251,0,5133852,150284,171200,2534672,16591830.903,87503.135,693.968,1163.299,14.040,49.139,8729,4928,2.750,2.100,1.390,2,2,99.282,0,0,18,270,1,31,0
20-02 15:28:13,48.260,19.901,28.608,1.741,0,5183444,121496,171200,2514424,12852.130,7190.267,3028.947,266.675,31.842,17.911,5345,3891,2.750,2.100,1.390,3,0,175.130,0,0,18,271,1,31,0
20-02 15:28:14,39.826,5.010,54.103,0.250,0,5205932,124804,171200,2489192,14001.665,6899.139,0,569.084,0,61.116,3560,3308,2.750,2.100,1.390,3,0,0,0,0,18,270,1,32,0
20-02 15:28:15,17.973,5.492,75.387,0.250,0,5139700,191200,171200,2489056,17768.474,10757.940,3.994,315.529,0.999,20.969,2864,2513,2.750,2.100,1.390,1,0,36.945,0,0,18,276,1,32,0
20-02 15:28:16,24.575,3.009,69.713,0.251,0,5139216,191648,171200,2489076,7244.094,1462.460,48.147,276.844,3.009,24.073,4435,5005,2.750,2.100,1.390,1,0,0,0,0,18,276,1,32,0
20-02 15:28:17,9.481,2.745,83.585,0.499,0,5141292,188964,171200,2489684,415119.131,16365925.087,399.210,554.901,19.960,67.866,3989,3384,2.530,2.070,1.380,0,0,1.996,0,0,18,276,1,33,0
20-02 15:28:18,2.001,0.500,95.777,0.250,0,5141400,188712,171200,2489828,6424.783,1532.425,0,256.071,0,18.005,1336,1949,2.530,2.070,1.380,1,0,0,0,0,18,276,1,33,0
20-02 15:28:19,2.500,0.750,95.502,0.250,0,5141628,188460,171200,2489852,9297.149,1620.026,0,372.006,0,29.000,1437,2063,2.530,2.070,1.380,1,0,2.000,0,0,18,278,1,33,0
20-02 15:28:20,17.492,2.999,76.965,0.750,0,5146264,183684,171200,2489992,7376552.840,28420.903,0,1427.342,0,89.959,5251,4758,2.530,2.070,1.380,2,0,1.999,0,0,18,283,1,33,0
20-02 15:28:21,25.706,3.744,68.133,0.250,0,5134420,187712,171208,2497784,4640541.197,23593.642,63.891,415.290,3.993,45.921,5318,5182,2.530,2.070,1.380,4,0,0.998,0,0,18,283,1,33,0
20-02 15:28:22,15.288,13.032,68.920,0.752,0.251,5070940,242776,171208,2506184,4516257.337,15153.477,64.159,308.764,4.010,28.069,4526,3643,2.490,2.070,1.380,2,0,133.330,0,0,18,280,1,36,0
20-02 15:28:23,8.751,20.751,68.254,0.500,0,5074776,238904,171208,2506220,5574.357,1458.093,28.002,284.018,2.000,16.001,5557,4272,2.490,2.070,1.380,2,0,291.019,0,0,18,280,1,36,0
20-02 15:28:24,22.988,7.496,68.214,0.500,0,5116152,197500,171208,2506248,5219.260,1457.235,0,455.761,0,48.974,2755,2538,2.490,2.070,1.380,1,0,42.977,0,0,18,284,1,36,0
20-02 15:28:25,18.757,8.753,71.027,0,0,5125588,188044,171208,2506268,8071.016,1458.545,4.001,604.226,1.000,43.016,3482,2795,2.490,2.070,1.380,1,0,82.031,0,0,18,284,1,36,0
20-02 15:28:26,9.750,19.000,69.251,0,0.250,5111144,202468,171208,2506288,7861.169,1566.034,0,120.003,0,10.000,4798,3446,2.490,2.070,1.380,1,0,190.004,0,0,18,284,1,36,0
20-02 15:28:27,9.997,19.243,68.476,0.250,0,5116916,196676,171208,2506308,9509.687,863.699,0,16334.310,0,62.978,4989,3799,2.370,2.050,1.380,1,0,181.937,0,0,18,286,1,36,0
20-02 15:28:28,10.245,20.739,66.465,0,0,5088812,224740,171208,2506348,10546.517,1187.383,15.992,71.963,0.999,3.998,5048,3604,2.370,2.050,1.380,1,0,208.891,0,0,18,286,1,36,0
20-02 15:28:29,2.501,1.251,95.306,1.001,0,5085864,227684,171208,2506352,4689.777,1026.608,0,6043.578,0,761.451,1600,1775,2.370,2.050,1.380,0,0,7.004,0,0,18,286,1,36,0
20-02 15:28:30,21.257,5.502,72.025,0,0,5109740,203808,171208,2506352,12399.306,1458.506,0,56.019,0,6.002,2412,2175,2.370,2.050,1.380,2,0,10.003,0,0,18,286,1,36,0
20-02 15:28:31,19.999,2.750,76.247,0.250,0,5142632,170864,171208,2506404,14528.437,7249.719,47.998,5219.798,2.000,134.995,2548,2474,2.370,2.050,1.380,1,0,0,0,0,18,287,1,36,0
20-02 15:28:32,19.743,6.747,71.473,0.250,0,5129736,183736,171208,2506428,9157.575,4748.224,0,523.804,0,40.985,3725,3280,2.340,2.050,1.390,2,0,72.973,0,0,18,292,1,37,0
20-02 15:28:33,12.502,16.503,68.512,0.500,0.250,5127804,185588,171212,2506488,8630.572,1458.266,12.002,820.149,3.001,156.028,4741,3262,2.340,2.050,1.390,2,0,109.020,0,0,18,292,1,37,0
20-02 15:28:34,12.999,16.749,67.994,0,0,5125312,187884,171212,2506684,42341.451,1585.867,4.000,99.992,1.000,11.999,4540,3284,2.340,2.050,1.390,1,0,92.992,0,0,18,292,1,37,0
20-02 15:28:35,12.249,16.999,68.494,0.250,0,5126676,186464,171212,2506724,8946.242,1457.876,0,291.975,0,23.998,4696,3557,2.340,2.050,1.390,1,0,107.991,0,0,18,292,1,37,0
20-02 15:28:36,13.220,18.957,66.351,0,0,5125620,187280,171212,2506932,7519.085,1508.606,0,11957.101,0,22.948,4538,3252,2.340,2.050,1.390,3,0,112.746,0,0,18,292,1,37,0
20-02 15:28:37,22.616,17.841,57.796,0.251,0,5115140,197696,171212,2506980,5055.883,1465.502,4.021,920.713,1.005,26.134,5072,12125,2.230,2.030,1.380,1,0,146.751,0,0,18,292,1,38,0
20-02 15:28:38,24.687,3.741,70.322,0,0,5160496,152340,171212,2506980,8708.910,1454.311,0,207.474,0,10.972,2537,1983,2.230,2.030,1.380,1,0,0.997,0,0,18,292,1,38,0
20-02 15:28:39,24.490,3.499,70.971,0.250,0,5201424,145192,171212,2474060,6645.269,1457.401,107.956,39.984,1.999,4.998,2378,1961,2.230,2.030,1.380,1,0,0,0,0,18,292,1,38,0
20-02 15:28:40,25.456,2.745,69.631,0.749,0,5098924,247292,171212,2474564,8590.308,1455.511,347.406,207.645,14.974,24.957,3147,2992,2.230,2.030,1.380,1,0,9.983,0,0,18,292,1,37,0
20-02 15:28:41,33.664,7.730,57.852,0.249,0,5166480,179536,171212,2474764,5552.772,592.482,71.816,690.231,5.985,45.882,4444,5758,2.230,2.030,1.380,4,0,5.985,0,0,18,292,1,37,0
20-02 15:28:42,25.792,4.758,67.861,0.501,0,5201656,144300,171212,2474824,8465.864,1608.634,32.052,208.341,2.003,20.033,2914,2434,2.130,2.010,1.380,4,0,4.007,0,0,18,292,1,37,0
20-02 15:28:43,20.053,2.005,75.700,0,0,5207780,138168,171212,2474832,14100.248,8790.221,0,208.551,0,22.058,2807,2701,2.130,2.010,1.380,2,0,1.003,0,0,18,298,1,38,0
20-02 15:28:44,22.747,5.499,70.739,0,0,5140540,205400,171212,2474840,6908.947,1457.778,0,191.971,0,13.998,2535,2149,2.130,2.010,1.380,2,0,14.998,0,0,18,292,1,38,0
20-02 15:28:45,24.518,2.502,72.302,0.250,0,5132168,213640,171212,2474972,5077.646,1459.048,0,272.195,0,15.011,2150,1730,2.130,2.010,1.380,2,0,0,0,0,18,292,1,38,0
20-02 15:28:46,8.999,19.247,68.739,0.250,0,5101620,244152,171220,2475000,8866.545,1511.752,395.935,471.923,5.999,17.997,4821,3721,2.130,2.010,1.380,1,0,187.969,0,0,18,292,1,38,0
20-02 15:28:47,12.000,21.500,64.750,0,0,5091048,254484,171220,2475240,8151.959,1457.993,131.999,379.998,10.000,28.000,5314,4117,2.040,2,1.380,2,0,222.999,0,0,18,292,1,38,0
20-02 15:28:48,12.497,15.997,68.985,0.250,0,5102408,243120,171220,2475244,8124.265,1187.746,0,155.967,0,9.998,4618,3490,2.040,2,1.380,2,0,171.963,0,0,18,292,1,36,0
20-02 15:28:49,23.637,3.981,70.412,0.498,0,5130752,214700,171244,2475296,9466.564,1289.809,35.828,91.561,2.986,11.943,2619,2238,2.040,2,1.380,1,0,17.914,0,0,18,292,1,36,0
20-02 15:28:50,23.111,3.266,71.847,0.251,0,5160692,184740,171252,2475308,12902.233,2546.282,4.019,361.745,1.005,29.141,2780,2523,2.040,2,1.380,0,0,18.087,0,0,18,293,1,36,0
20-02 15:28:51,21.754,3.251,73.264,1.000,0,5152172,188252,171676,2479796,14005.680,2732.523,80.015,2764.529,4.001,141.027,2613,2713,2.040,2,1.380,1,0,3.001,0,0,18,292,1,36,0
20-02 15:28:52,24.494,3.249,70.734,0.250,0,5179088,160040,171740,2481028,5835.650,1457.663,0,419.903,0,14.997,2486,2129,1.960,1.980,1.380,2,0,2.000,0,0,18,292,1,30,0
20-02 15:28:53,19.756,2.251,77.024,0,0,5195500,141620,171808,2482952,11625.623,4400.371,4.001,504.157,1.000,18.006,2200,2004,1.960,1.980,1.380,2,0,17.005,0,0,18,293,1,30,0
20-02 15:28:54,24.741,4.748,67.725,0.500,0,5188512,144784,172280,2486176,8944.764,1631.410,0,3778.633,0,395.857,9887,17493,1.960,1.980,1.380,2,0,4.998,0,0,18,292,1,30,0
20-02 15:28:55,18.997,3.749,75.487,0.250,0,5177952,154824,172300,2486660,12928.844,3671.388,23.996,331.945,3.999,3.999,3841,5244,1.960,1.980,1.380,1,0,7.999,0,0,18,293,1,30,0
20-02 15:28:56,24.247,5.999,67.243,0,0,5182140,150260,172344,2486992,10213.890,2292.751,147.984,99.989,5.999,3.000,10240,18413,1.960,1.980,1.380,1,0,9.999,0,0,18,293,1,26,0
20-02 15:28:57,23.015,4.503,70.797,0.250,0,5164376,167892,172380,2487088,8047.389,1458.977,0,688.461,0,29.019,2725,2458,1.880,1.960,1.370,2,0,10.007,0,0,18,293,1,26,0
20-02 15:28:58,15.998,11.749,70.741,0.250,0,5115764,226376,172460,2477184,9433.826,1705.788,0,539.933,0,20.997,3891,3095,1.880,1.960,1.370,2,0,111.986,0,0,18,292,1,26,0
20-02 15:28:59,13.253,17.504,68.516,0,0,5117900,224228,172460,2477200,6956.598,1532.352,0,600.138,0,17.004,4085,3251,1.880,1.960,1.370,1,0,153.035,0,0,18,292,1,26,0
20-02 15:29:00,25.244,1.750,71.483,0,0,5154872,187080,172460,2477376,6851.406,1531.644,0,43.990,0,5.999,2298,1894,1.880,1.960,1.370,1,0,1.000,0,0,18,292,1,24,0
20-02 15:29:01,18.998,2.250,77.493,0.500,0,5170128,171748,172460,2477452,18303.396,11761.969,207.982,135.988,11.999,11.999,2653,2691,1.880,1.960,1.370,2,0,0,0,0,18,292,1,26,1
20-02 15:29:02,16.748,12.249,69.244,0,0,5149108,192576,172460,2477644,7418.322,1597.854,19.998,1219.888,2.000,104.990,3792,2979,1.890,1.960,1.380,1,0,111.990,0,0,18,292,1,27,0
20-02 15:29:03,24.506,2.751,71.517,0,0,5177556,164128,172460,2477644,7255.735,2147.514,0,56.013,0,5.001,2280,1909,1.890,1.960,1.380,1,0,0,0,0,18,293,1,27,0
20-02 15:29:04,17.914,4.479,76.135,0,0,5155512,186172,172460,2477656,53273.778,9508.447,0,91.561,0,11.943,3018,2840,1.890,1.960,1.380,1,0,35.828,0,0,18,292,1,18,0
20-02 15:29:05,20.396,7.806,70.503,0.252,0,5181460,160216,172460,2477664,6928.459,1543.015,0,290.071,0,25.180,3014,2680,1.890,1.960,1.380,1,0,36.259,0,0,18,292,1,18,0
20-02 15:29:06,18.752,2.250,78.008,0,0,5205804,135868,172460,2477668,14629.522,7130.742,0,4.000,0,1.000,2216,1963,1.890,1.960,1.380,1,0,0,0,0,18,293,1,18,0
20-02 15:29:07,19.720,6.740,72.388,0,0,5120852,220804,172460,2477684,15313.355,8470.920,0,591.087,0,22.965,3342,2964,1.820,1.950,1.370,1,0,55.914,0,0,18,292,1,19,0
20-02 15:29:08,21.980,4.246,71.934,0,0,5172236,169420,172460,2477684,5269.177,1456.667,0,83.923,0,1.998,2242,1973,1.820,1.950,1.370,1,0,0,0,0,18,292,1,18,0
20-02 15:29:09,18.500,2.000,78.749,0,0,5187456,154196,172460,2477688,14627.894,7561.945,0,0,0,0,2125,1825,1.820,1.950,1.370,0,0,0,0,0,18,293,1,18,0
20-02 15:29:10,15.997,4.999,77.487,0.500,0,5184420,157188,172460,2477732,11131.120,5981.990,127.978,319.946,5.999,18.997,2706,2445,1.820,1.950,1.370,1,0,32.994,0,0,18,292,1,21,0
20-02 15:29:11,22.504,4.501,71.763,0,0,5181896,159604,172460,2477840,8807.583,1458.262,0,100.018,0,14.003,2233,1961,1.820,1.950,1.370,1,0,0,0,0,18,292,1,21,0
20-02 15:29:12,14.750,2.250,82.002,0,0,5179612,161748,172460,2477980,15288.440,9790.282,0,140.004,0,10.000,2082,2104,1.670,1.910,1.370,1,0,0,0,0,18,293,1,17,0
20-02 15:29:13,16.249,7.250,74.246,0.250,0,5153700,187656,172460,2477984,11292.436,4242.788,0,315.984,0,31.998,3221,3149,1.670,1.910,1.370,1,0,46.998,0,0,18,292,1,18,0
20-02 15:29:14,24.246,2.750,71.987,0.250,0,5204076,137272,172460,2477992,10083.236,1795.686,0,159.972,0,13.998,2218,1810,1.670,1.910,1.370,1,0,0,0,0,18,292,2,18,0
20-02 15:29:15,18.571,2.510,78.299,0.251,0,5197900,143436,172460,2478004,15632.631,11619.322,0,1694.464,0,275.049,2427,2192,1.670,1.910,1.370,1,0,0,0,0,18,292,1,21,0
20-02 15:29:16,20.166,7.469,70.207,0.249,0,5180200,161128,172460,2478012,5445.266,1451.938,0,358.503,0,18.921,2934,2578,1.670,1.910,1.370,3,0,31.867,0,0,18,292,1,19,0
20-02 15:29:17,21.013,2.752,75.547,0,0,5204044,137284,172460,2478012,11058.907,3925.452,0,288.180,0,27.017,2440,2417,1.540,1.880,1.360,1,0,0,0,0,18,293,1,19,0
20-02 15:29:18,19.743,2.749,76.473,0.250,0,5200976,140340,172460,2478024,15477.559,8942.856,0,215.924,0,24.991,2727,2784,1.540,1.880,1.360,0,0,0,0,0,18,293,1,19,0
20-02 15:29:19,15.792,11.029,71.189,0.251,0,5142472,198828,172460,2478040,10537.939,2506.646,0,324.861,0,33.088,3871,3547,1.540,1.880,1.360,1,0,89.237,0,0,18,292,1,20,0
20-02 15:29:20,23.444,3.991,70.832,0.249,0,5188812,152484,172460,2478044,6970.462,1508.421,0,251.404,0,21.948,2525,2255,1.540,1.880,1.360,1,0,1.995,0,0,18,292,1,20,0
20-02 15:29:21,19.245,1.500,77.981,0,0,5191204,150056,172460,2478080,31044.304,24070.033,15.996,211.947,1.000,19.995,2520,2407,1.540,1.880,1.360,1,0,0,0,0,18,292,1,21,0
20-02 15:29:22,19.251,8.501,71.005,0,0,5204716,136532,172460,2478092,6930.474,1566.107,0,156.011,0,8.001,2763,2291,1.500,1.870,1.360,2,0,47.003,0,0,18,292,1,21,0
20-02 15:29:23,19.997,3.000,76.239,0.250,0,5177920,197208,172460,2445332,11159.353,7182.940,0,143.979,0,10.998,2129,1873,1.500,1.870,1.360,2,0,0,0,0,18,293,1,21,0
20-02 15:29:24,20.754,5.001,73.014,0,0,5119164,255960,172460,2445336,9583.780,4603.855,64.012,652.121,4.001,42.008,2944,2745,1.500,1.870,1.360,1,0,14.003,0,0,18,292,1,23,0
20-02 15:29:25,23.743,3.249,71.729,0,0,5151324,223732,172460,2445404,9384.275,1527.556,0,31.991,0,2.999,2305,1873,1.500,1.870,1.360,2,0,0,0,0,18,292,1,20,0
20-02 15:29:26,16.494,1.999,80.723,0.250,0,5162632,212420,172460,2445408,13093.560,7372.500,15.995,1119.620,1.000,218.926,2225,2077,1.500,1.870,1.360,1,0,0,0,0,18,293,1,20,0
20-02 15:29:27,28.727,5.995,60.952,2.498,0,5162840,209900,172460,2447720,9603.423,2534.001,2298.187,2330.161,97.923,249.803,6223,8449,1.380,1.840,1.350,3,0,0.999,0,0,18,294,1,21,0
20-02 15:29:28,22.274,5.506,70.827,0.250,0,5122312,250324,172460,2447824,6307.842,1459.583,0,688.747,0,39.042,2640,2466,1.380,1.840,1.350,2,0,5.005,0,0,18,294,1,21,0
20-02 15:29:29,19.741,2.499,76.466,0,0,5155040,217592,172460,2447828,14628.426,7288.724,0,251.887,0,20.991,2315,2034,1.380,1.840,1.350,1,0,0,0,0,18,295,1,21,0
20-02 15:29:30,19.511,3.252,74.293,1.001,0,5153708,218780,172460,2447972,12843.458,5419.147,0,2409.399,0,171.099,3668,4419,1.380,1.840,1.350,1,0,1.001,0,0,18,295,1,21,0
20-02 15:29:31,21.509,7.753,67.777,0.500,0,5145380,227040,172460,2448040,7609.067,2727.099,32.013,592.239,2.001,71.029,4941,5647,1.380,1.840,1.350,1,0,57.023,0,0,18,294,1,22,0
20-02 15:29:32,11.492,22.983,62.954,0.749,0,5126920,245484,172460,2448056,8799.604,1456.941,0,3069.769,0,177.871,5861,5022,1.430,1.840,1.350,3,0,264.808,0,0,18,294,1,22,0
20-02 15:29:33,8.506,23.267,65.799,0,0,5122408,249996,172460,2448056,6819.117,1459.095,0,1801.352,0,29.022,5469,4037,1.430,1.840,1.350,1,0,263.198,0,0,18,294,1,21,0
20-02 15:29:34,9.999,23.498,64.745,0.250,0,5122048,250328,172460,2448084,41897.454,1531.870,0,427.964,0,24.998,5542,4196,1.430,1.840,1.350,3,0,264.978,0,0,18,294,1,21,0
20-02 15:29:35,9.747,21.994,64.733,0.750,0,5116880,255484,172460,2448096,8597.729,1457.615,0,1367.639,0,77.979,5508,4434,1.430,1.840,1.350,1,0,259.931,0,0,18,294,1,21,0
20-02 15:29:36,9.990,22.477,65.931,0,0,5118792,253524,172460,2448144,6765.959,1456.484,0,19.979,0,4.995,5178,3716,1.430,1.840,1.350,1,0,256.733,0,0,18,294,1,21,0
20-02 15:29:37,19.520,24.775,52.554,0.250,0,5138464,233772,172460,2448208,8612.792,1459.490,32.033,404.413,1.001,40.041,6320,12042,1.470,1.840,1.360,3,0,299.306,0,0,18,294,1,21,0
20-02 15:29:38,9.251,23.253,65.258,0,0,5135548,236680,172460,2448216,7859.017,1458.189,0,576.075,0,59.008,5404,3851,1.470,1.840,1.360,1,0,267.035,0,0,18,294,1,21,0
20-02 15:29:39,9.252,22.004,66.512,0,0,5124812,247400,172460,2448232,5606.045,1242.232,0,436.081,0,19.004,5208,3724,1.470,1.840,1.360,2,0,254.047,0,0,18,294,1,21,0
20-02 15:29:40,10.239,21.977,65.181,0.499,0,5121716,250484,172460,2448244,8135.436,1294.637,0,583.386,0,39.958,5386,4076,1.470,1.840,1.360,1,0,258.728,0,0,18,294,1,21,0
20-02 15:29:41,9.502,22.006,66.017,0.250,0,5119972,252212,172460,2448260,9212.348,1566.399,0,240.061,0,16.004,5315,3806,1.470,1.840,1.360,3,1,255.065,0,0,18,294,1,21,0
20-02 15:29:42,11.009,23.018,64.551,0,0,5119096,253072,172460,2448276,8179.468,1553.228,0,1469.162,0,250.198,5406,3846,1.430,1.830,1.350,1,0,258.204,0,0,18,294,1,21,0
20-02 15:29:43,10.750,22.000,64.500,0,0,5116244,255900,172460,2448300,8562.031,1458.005,0,20.000,0,5.000,5340,3991,1.430,1.830,1.350,1,0,254.001,0,0,18,294,1,21,0
20-02 15:29:44,15.736,25.727,56.199,0,0,5106768,265244,172460,2448432,9557.356,1510.634,0,155.859,0,14.986,6685,6688,1.430,1.830,1.350,3,0,246.777,0,0,18,294,1,21,0
20-02 15:29:45,13.762,20.268,62.806,0.500,0,5107628,264332,172460,2448484,10292.196,1567.400,16.014,280.250,1.001,20.018,5384,3976,1.430,1.830,1.350,4,0,227.203,0,0,18,294,1,22,0
20-02 15:29:46,16.729,9.738,70.163,2.247,0,5121008,312148,172460,2391516,10559.955,1456.201,295.635,87.891,28.964,8.989,3568,3180,1.430,1.830,1.350,1,0,85.894,0,0,18,294,1,22,0
20-02 15:29:47,15.288,8.521,69.924,4.261,0,5138312,325584,172460,2368212,22319.591,1461.640,6343.800,3244.080,476.186,23.057,3522,3707,1.400,1.810,1.350,2,0,3.007,0,0,18,294,1,22,0
20-02 15:29:48,23.719,3.246,71.906,0.250,0,5156164,302756,172464,2373188,10158.745,1348.241,727.051,491.359,64.915,10.986,2731,2628,1.400,1.810,1.350,1,0,0.999,0,0,18,294,1,22,0
20-02 15:29:49,17.990,2.249,77.958,0.999,0,5158680,299316,172468,2374108,18572.076,5552.033,107.942,1399.252,14.992,31.983,2395,2369,1.400,1.810,1.350,2,0,16.991,0,0,18,295,1,22,0
20-02 15:29:50,19.217,1.497,75.619,1.997,0,5160240,296968,172468,2374892,19875.499,8187.787,682.815,1365.629,44.922,69.879,2554,2483,1.400,1.810,1.350,0,0,1.997,0,0,18,295,1,22,0
20-02 15:29:51,18.285,1.503,77.648,1.753,0,5159040,297256,172468,2375804,21462.002,10255.593,492.942,1222.335,44.084,36.069,2224,2041,1.400,1.810,1.350,1,0,2.004,0,0,18,295,1,22,0
20-02 15:29:52,38.264,6.252,51.769,2.501,0,5215088,240328,172468,2376680,16617.964,6272.251,1104.396,600.215,33.012,18.006,3292,2148,1.450,1.820,1.360,2,0,5.002,0,0,18,295,1,22,0
20-02 15:29:53,37.974,5.996,51.465,2.998,0,5250020,204572,172520,2377448,18389.489,8659.109,1059.279,1031.298,48.967,39.973,3403,2271,1.450,1.820,1.360,2,0,5.996,0,0,18,295,1,22,0
20-02 15:29:54,27.765,3.502,67.285,1.251,0,5240352,213136,172536,2378528,19377.176,9530.005,1124.591,1108.582,51.027,33.017,2658,2050,1.450,1.820,1.360,1,0,1.001,0,0,18,295,1,22,0
20-02 15:29:55,20.006,1.500,76.524,0.750,0,5245920,206856,172536,2379232,18127.750,9432.992,456.145,1052.334,38.012,36.011,2137,1991,1.450,1.820,1.360,1,0,0,0,0,18,295,1,22,0
20-02 15:29:56,16.999,2.000,72.495,7.000,0,5243476,177544,172536,2410984,11040.262,3112.792,15450.968,195.987,164.989,6.000,2134,1962,1.450,1.820,1.360,1,0,0,0,0,18,295,1,22,0
20-02 15:29:57,24.003,3.250,70.509,0.750,0,5258336,147908,172816,2425444,8383.021,1512.184,0,3144.383,0,301.037,2932,2876,1.410,1.800,1.350,2,0,1.000,0,0,18,295,1,22,0
20-02 15:29:58,24.747,2.500,71.492,0.500,0,5246364,144012,172984,2440880,8901.066,1585.834,0,1275.866,0,29.997,2565,2318,1.410,1.800,1.350,1,0,0,0,0,18,295,1,22,0
20-02 15:29:59,23.252,3.000,71.006,1.250,0,5238604,162576,173144,2430776,9408.759,1532.124,0,2548.206,0,114.009,2614,2533,1.410,1.800,1.350,1,0,0,0,0,18,295,1,22,0
20-02 15:30:00,24.755,3.251,69.764,1.750,0.250,5225736,159224,173188,2446716,10973.181,1586.315,48.010,2124.422,9.002,90.018,2917,2705,1.410,1.800,1.350,1,0,3.001,0,0,18,295,1,22,0
20-02 15:30:01,24.243,2.249,71.478,0.750,0,5225620,136380,173904,2468580,11162.551,1585.510,0,2391.261,0,83.974,2609,2479,1.410,1.800,1.350,1,0,0,0,0,18,295,1,21,0
20-02 15:30:02,25.249,2.500,71.997,0.250,0,5186576,191300,173984,2452576,6415.729,1759.926,4.000,383.984,1.000,14.999,2374,1970,1.380,1.790,1.350,2,0,2.000,0,0,18,294,1,21,0
20-02 15:30:03,19.997,2.750,75.238,0,0,5216012,161824,174012,2452588,11126.267,3703.423,0,519.919,0,3.000,2389,2121,1.380,1.790,1.350,1,0,32.995,0,0,18,295,1,21,0
20-02 15:30:04,24.499,3.750,71.496,0,0,5201672,170452,174012,2458300,45603.670,1685.914,4.000,1035.947,1.000,15.999,2722,2370,1.380,1.790,1.350,2,0,4.000,0,0,18,294,1,21,0
20-02 15:30:05,19.505,2.501,75.520,0.250,0.250,5209780,156664,174216,2463316,13978.699,4694.242,0,1408.373,0,42.011,2507,2407,1.380,1.790,1.350,2,0,19.005,0,0,18,294,1,21,0
20-02 15:30:06,24.494,6.499,67.985,0,0,5209712,156288,174236,2463676,8006.185,1457.670,0,7.998,0,2.000,9204,16839,1.380,1.790,1.350,2,0,11.997,0,0,18,294,1,18,0
20-02 15:30:07,25.003,5.501,67.008,0.250,0,5221884,143920,174252,2463836,6555.735,1080.121,0,1636.183,0,17.002,8661,15170,1.350,1.780,1.350,1,0,5.001,0,0,18,294,1,18,0
20-02 15:30:08,20.988,5.997,71.460,0,0.250,5224016,141628,174288,2463924,8635.142,1619.089,0,167.906,0,1.999,5008,7180,1.350,1.780,1.350,2,0,14.992,0,0,18,294,1,18,0
20-02 15:30:09,22.057,6.016,69.932,0,0,5154444,222880,174296,2452704,6676.374,1535.997,0,7471.443,0,218.569,2580,2141,1.350,1.780,1.350,1,0,10.026,0,0,18,294,1,18,0
20-02 15:30:10,24.464,4.493,69.896,0.250,0,5148552,228952,174296,2452708,6527.316,1509.760,0,187.722,0,14.978,3796,3905,1.350,1.780,1.350,2,0,45.932,0,0,18,294,1,17,0
20-02 15:30:11,24.804,5.512,66.645,0.251,0,5163332,214160,174296,2452720,10037.768,1569.403,0,465.008,0,16.035,8664,16144,1.350,1.780,1.350,1,0,20.043,0,0,18,294,1,17,0
20-02 15:30:12,20.440,2.742,76.029,0.249,0,5175896,201560,174296,2452756,12007.031,3619.459,31.907,789.700,1.994,127.628,2445,2135,1.320,1.760,1.350,1,0,15.954,0,0,18,295,1,17,0
20-02 15:30:13,23.756,3.751,71.016,0.250,0,5163700,208156,174296,2458356,5135.192,1632.379,0,1012.235,0,21.005,2443,2141,1.320,1.760,1.350,2,0,3.001,0,0,18,294,1,17,0
20-02 15:30:14,20.011,2.501,76.291,0.500,0,5179136,191552,174296,2459512,15480.334,4571.461,0,384.207,0,24.013,2482,2283,1.320,1.760,1.350,1,0,16.009,0,0,18,295,1,13,0
20-02 15:30:15,22.488,6.746,68.214,0,0,5174992,190896,174296,2463836,8163.692,1631.139,0,875.538,0,17.991,13023,23418,1.320,1.760,1.350,2,0,13.993,0,0,18,294,1,13,0
20-02 15:30:16,23.002,6.251,68.256,0.250,0,5175472,190140,174296,2464080,8654.716,1512.125,0,660.055,0,16.001,13157,23610,1.320,1.760,1.350,1,0,13.001,0,0,18,294,1,13,0
20-02 15:30:17,21.754,5.751,71.013,0.250,0,5144632,232680,174328,2452756,8502.522,1532.274,0,784.140,0,41.007,2811,2644,1.290,1.750,1.350,1,0,8.001,0,0,18,294,1,13,0
20-02 15:30:18,23.746,3.999,71.738,0,0,5155480,221824,174328,2452764,9701.359,1565.735,0,3.999,0,1.000,2615,2282,1.290,1.750,1.350,1,0,20.996,0,0,18,294,1,10,0
20-02 15:30:19,21.753,7.251,69.010,0.250,0,5149196,228164,174328,2452772,9355.350,1458.210,0,11409.647,0,74.011,3340,2810,1.290,1.750,1.350,1,0,55.008,0,0,18,294,1,10,0
20-02 15:30:20,23.001,5.250,70.754,0,0,5164808,206196,174348,2459076,7115.358,1458.073,0,344.017,0,25.001,3127,2970,1.290,1.750,1.350,2,0,45.002,0,0,18,294,1,10,0
20-02 15:30:21,24.247,2.500,71.992,0,0,5197696,169556,174388,2462788,5396.385,1457.834,0,0,0,0,2278,2015,1.290,1.750,1.350,1,0,0,0,0,18,294,1,10,0
20-02 15:30:22,18.417,2.240,78.398,0.249,0,5198244,168272,174404,2463448,20703.058,7561.056,3.982,1377.815,0.996,20.906,2249,2013,1.190,1.720,1.340,1,1,15.928,0,0,18,295,1,7,0
20-02 15:30:23,19.329,1.757,77.566,0.502,0,5206280,160080,174404,2463588,18989.330,9649.295,0,1706.951,0,141.577,2146,1945,1.190,1.720,1.340,1,0,0,0,0,18,295,1,7,0
20-02 15:30:24,13.971,1.497,82.079,0.748,0,5206476,159300,174500,2464076,149757.198,14842.098,0,1828.194,0,60.873,2192,2178,1.190,1.720,1.340,1,0,0,0,0,18,296,1,7,0
20-02 15:30:25,19.751,1.500,77.002,0.500,0,5226820,138668,174500,2464280,32719.918,9693.272,0,1032.029,0,39.001,2116,1928,1.190,1.720,1.340,2,0,0,0,0,18,296,1,7,0
20-02 15:30:26,21.544,1.253,76.154,0.501,0,5225960,139372,174500,2464400,14883.107,7883.948,0,789.597,0,25.051,2054,1822,1.190,1.720,1.340,1,0,0,0,0,18,296,1,5,0
20-02 15:30:27,18.998,1.000,76.990,0.500,0,5231308,133620,174588,2464628,22368.179,10200.714,0,1287.838,0,53.993,2434,2368,1.090,1.690,1.330,2,0,0,0,0,18,296,1,5,0
20-02 15:30:28,17.988,1.749,79.196,0.999,0.250,5227432,136836,174768,2465044,322180.831,15434.500,0,1662.869,0,65.955,2393,2265,1.090,1.690,1.330,1,0,0,0,0,18,296,1,5,0
20-02 15:30:29,11.760,4.504,80.572,1.501,0,5226836,136732,175016,2465304,94165.715,15947.177,32.028,50444.846,5.004,375.334,2686,2813,1.090,1.690,1.330,0,0,0,0,0,18,296,1,5,0
20-02 15:30:30,20.751,1.250,76.002,1.000,0,5226088,137040,175096,2465628,19472.588,8628.260,104.003,2784.084,6.000,121.004,2321,2285,1.090,1.690,1.330,1,0,1.000,0,0,18,296,1,4,0
20-02 15:30:31,12.766,2.753,80.348,0.751,0,5217040,118716,175192,2492804,9895353.200,72603.730,0,6443.875,0,46.056,4970,2904,1.090,1.690,1.330,1,0,4.005,0,0,18,296,1,4,0
20-02 15:30:32,15.896,4.222,76.746,0.993,0,5211000,128096,175292,2490016,7870037.789,40120.328,162.929,12919.095,3.974,75.504,4192,2365,1.090,1.680,1.330,1,0,1.987,0,0,18,296,1,4,0
20-02 15:30:33,23.632,3.771,70.643,1.006,0,5206184,145888,178320,2472356,5304.537,1466.164,0,4621.735,0,90.504,2826,2735,1.090,1.680,1.330,1,0,1.006,0,0,18,296,1,4,0
20-02 15:30:34,24.249,5.250,68.996,0.500,0,5222728,138176,178952,2462204,41069.718,1585.912,0,43657.575,0,188.990,3061,2765,1.090,1.680,1.330,2,0,1.000,0,0,18,296,1,3,0
20-02 15:30:35,24.747,2.750,70.740,0.500,0,5219064,124716,179344,2478164,10276.586,1457.799,0,2543.650,0,61.991,2846,2861,1.090,1.680,1.330,2,0,1.000,0,0,18,296,1,3,0
20-02 15:30:36,23.254,4.251,70.261,0.750,0,5233636,145624,179824,2443044,7284.136,1458.228,0,1900.296,0,88.014,2730,2588,1.090,1.680,1.330,2,0,0,0,0,18,296,1,3,0
20-02 15:30:37,33.771,7.755,56.535,1.001,0,5223936,144896,180284,2451816,8230.086,1458.902,0,2561.583,0,94.058,4189,11720,1.400,1.740,1.350,0,1,36.022,0,0,18,296,1,4,0
20-02 15:30:38,23.237,2.748,71.709,0.500,0,5218472,152524,181840,2447080,7138.923,1457.168,0,1259.281,0,50.971,2543,2337,1.400,1.740,1.350,2,0,0,0,0,18,296,1,3,0
20-02 15:30:39,23.558,2.757,72.429,1.002,0,5222672,125500,182448,2467984,8293.522,1569.885,0,3508.682,0,167.414,2587,2402,1.400,1.740,1.350,2,0,0,0,0,18,296,1,3,0
20-02 15:30:40,24.251,2.750,71.752,1.000,0,5224028,136408,183488,2454064,8736.301,1458.050,0,2240.077,0,79.003,2677,2479,1.400,1.740,1.350,1,0,0,0,0,18,296,1,3,0
20-02 15:30:41,18.977,1.998,77.408,0,0,5164908,230368,183492,2419236,12634.990,4044.196,3.995,435.483,0.999,16.980,2113,1890,1.400,1.740,1.350,1,0,2.996,0,0,18,294,1,3,0
20-02 15:30:42,20.750,4.250,73.501,0,0,5202888,192344,183520,2419252,11350.119,2944.031,0,0,0,0,2653,2296,1.290,1.710,1.340,1,0,39.000,0,0,18,295,1,3,0
20-02 15:30:43,23.030,2.503,74.347,0.250,0,5206940,182560,183584,2424800,10455.603,2469.212,0,1521.980,0,9.012,2402,2111,1.290,1.710,1.340,1,0,2.003,0,0,18,294,1,3,0
20-02 15:30:44,18.993,2.499,76.722,0,0,5206780,182400,183584,2424972,15653.229,4455.358,0,14190.769,0,328.879,2446,1996,1.290,1.710,1.340,1,0,16.994,0,0,18,295,1,3,0
20-02 15:30:45,24.445,4.989,68.347,0.499,0,5199600,183352,183796,2430336,10540.355,1305.072,0,1209.287,0,88.801,7319,13986,1.290,1.710,1.340,1,0,13.969,0,0,18,294,1,3,0
20-02 15:30:46,23.527,5.006,70.080,0,0,5193288,189400,183852,2430512,6105.993,919.053,0,84.096,0,1.001,4672,6625,1.290,1.710,1.340,4,0,5.006,0,0,18,294,1,3,0
20-02 15:30:47,27.707,10.234,60.655,0,0,5200892,181588,183852,2430720,8223.180,1455.730,0,2456.171,0,30.952,6643,10218,1.260,1.690,1.340,1,0,8.986,0,0,18,294,1,1,0
20-02 15:30:48,25.301,6.764,67.136,0,0,5201408,180832,183888,2430892,6792.736,1460.954,0,444.900,0,15.030,3049,2593,1.260,1.690,1.340,1,0,7.014,0,0,18,294,1,3,0
20-02 15:30:49,23.921,4.984,70.269,0.249,0,5166048,228636,183892,2419516,8455.219,1507.048,0,797.380,0,22.925,2831,2537,1.260,1.690,1.340,1,0,6.977,0,0,18,294,1,3,0
20-02 15:30:50,20.909,3.734,70.693,2.738,0,5190016,199588,183896,2424548,12121.440,1451.705,2648.516,577.496,330.567,12.944,2905,3039,1.260,1.690,1.340,1,0,0.996,0,0,18,294,1,3,0
20-02 15:30:51,24.882,4.273,68.615,0.754,0,5188040,201140,183896,2424936,8773.622,1465.789,132.705,2774.745,8.043,198.052,4898,5834,1.260,1.690,1.340,1,0,3.016,0,0,18,297,1,3,0
20-02 15:30:52,42.249,9.750,44.998,1.000,0,5216500,172224,183896,2425392,5833.803,1565.947,767.974,955.968,30.999,126.996,5920,6967,1.320,1.700,1.350,2,0,5.000,0,0,18,299,1,7,0
20-02 15:30:53,41.755,11.251,44.005,1.500,0,5150760,237244,183896,2426112,8762.031,1458.172,1232.145,1580.186,28.003,193.023,6494,7701,1.320,1.700,1.350,2,0,35.004,0,0,18,298,1,7,0
20-02 15:30:54,11.730,21.464,63.643,0.250,0,5146768,241176,183896,2426172,6164.618,1024.275,0,1501.471,0,94.840,5432,4245,1.320,1.700,1.350,2,0,243.590,0,0,18,298,1,7,0
20-02 15:30:55,10.771,18.285,69.383,0.250,0,5140348,246896,183896,2426872,9840.857,1082.074,861.651,10616.343,9.017,67.129,4636,3425,1.320,1.700,1.350,2,0,157.301,0,0,18,300,1,7,0
20-02 15:30:56,14.004,5.752,67.769,10.503,0,5130784,249320,183912,2433988,7505.053,1404.384,6949.901,3833.049,1012.277,190.052,3857,4949,1.320,1.700,1.350,0,1,20.005,0,0,18,298,1,9,0
20-02 15:30:57,12.206,3.737,69.999,10.961,0,5126224,222608,183912,2465248,4939.262,1129.942,31156.109,597.853,1614.203,25.907,4105,5651,1.300,1.690,1.340,1,0,0,0,0,18,298,1,9,0
20-02 15:30:58,10.537,5.017,77.770,6.272,0,5122300,221520,183916,2470248,8462.392,1843.403,5029.469,1224.252,984.419,14.049,3246,4170,1.300,1.690,1.340,0,0,9.031,0,0,18,299,0,9,0
20-02 15:30:59,4.499,1.000,88.485,4.249,0,5113284,229556,184320,2470824,8363.548,1985.655,979.830,187.967,244.957,10.998,1639,2169,1.300,1.690,1.340,0,0,0,0,0,18,299,0,9,0
20-02 15:31:00,3.001,1.250,94.779,0.250,0,5111388,231268,184320,2471008,46920.375,5010.535,184.056,0,5.002,0,1306,1746,1.300,1.690,1.340,0,0,0,0,0,18,299,0,9,0
20-02 15:31:01,3.250,1.750,92.749,1.250,0,5110272,232024,184392,2471292,126983.394,2843.964,91.999,2003.975,1.000,318.996,1556,1894,1.300,1.690,1.340,0,0,3.000,0,0,18,299,0,9,0
20-02 15:31:02,9.500,3.250,82.249,3.750,0,5068236,272856,184440,2472296,145846.456,159955.209,267.995,1155.980,16.000,10.000,2167,2078,1.190,1.660,1.340,0,0,10.000,0,0,18,298,0,9,0
20-02 15:31:03,2.250,1.000,94.736,0.250,0,5068232,272856,184440,2472300,8846.729,1457.790,0,327.953,0,44.994,1697,2477,1.190,1.660,1.340,0,0,0,0,0,18,298,0,9,0
20-02 15:31:04,2.000,1.000,95.744,0.250,0,5068220,272856,184440,2472312,45269.012,1457.904,0,395.974,0,31.998,1511,2094,1.190,1.660,1.340,0,0,1.000,0,0,18,298,0,9,0
20-02 15:31:05,2.250,3.000,92.994,0,0,5065712,275352,184440,2472312,8364.470,1457.908,0,31997.971,0,163.990,1927,2484,1.190,1.660,1.340,0,0,1.000,0,0,18,298,0,9,0
20-02 15:31:06,1.750,0.500,96.511,0,0,5065712,275352,184440,2472312,8548.007,1458.172,0,972.115,0,3.000,1213,1752,1.190,1.660,1.340,0,0,0,0,0,18,298,0,9,0
20-02 15:31:07,2.499,1.000,93.976,1.000,0,5065712,275352,184440,2472312,6770.297,1619.593,0,1795.548,0,115.971,1717,2590,1.100,1.630,1.330,1,0,0,0,0,18,298,0,9,0
20-02 15:31:08,1.750,0.750,96.491,0,0,5065712,275352,184440,2472312,8312.237,1457.866,0,243.978,0,12.999,1230,1735,1.100,1.630,1.330,0,0,0,0,0,18,298,0,9,0
20-02 15:31:09,1.251,0.750,96.294,0.250,0,5065708,275352,184440,2472316,5209.395,1458.671,0,1596.734,0,78.036,1247,1961,1.100,1.630,1.330,0,0,0,0,0,18,298,0,9,0
20-02 15:31:10,1.245,6.972,90.142,0,0,5065940,275100,184440,2472324,10258.227,1452.228,0,127341.857,0,1079.709,3237,3760,1.100,1.630,1.330,0,0,0,0,0,18,298,0,9,0
20-02 15:31:11,1.757,0.502,96.872,0,0,5065940,275100,184440,2472324,8603.027,1463.619,0,485.865,0,105.405,1225,1683,1.100,1.630,1.330,1,0,1.004,0,0,18,298,0,9,0
20-02 15:31:12,1.500,1.000,96.503,0,0,5065940,275100,184440,2472324,4654.135,1458.042,0,0,0,0,1141,1674,1.010,1.600,1.320,0,0,0,0,0,18,298,0,9,0
20-02 15:31:13,2.242,0.996,95.664,0.249,0,5065940,275100,184440,2472324,5041.284,1452.894,15.944,1694.047,0.996,13.951,1428,2181,1.010,1.600,1.320,0,0,0,0,0,18,298,0,9,0
20-02 15:31:14,1.756,0.502,96.317,0.502,0,5065916,275100,184440,2472348,8143.776,1462.810,0,429.412,0,35.115,1243,1816,1.010,1.600,1.320,0,0,0,0,0,18,298,0,9,0
20-02 15:31:15,2.001,1.000,96.295,0,0,5065912,275100,184440,2472352,8434.961,1458.685,0,44.021,0,6.003,1213,1754,1.010,1.600,1.320,0,0,0,0,0,18,298,0,9,0
20-02 15:31:16,1.499,0.750,96.204,0,0,5065912,275100,184440,2472352,8818.757,1499.279,0,8543.889,0,199.904,1323,1734,1.010,1.600,1.320,0,0,0,0,0,18,298,0,9,0
20-02 15:31:17,2.988,0.996,94.630,0.249,0,5066012,275100,184440,2472356,6759.573,1344.743,0,442.271,0,30.879,1537,2149,0.930,1.580,1.310,1,0,0,0,0,18,298,0,9,0
20-02 15:31:18,2.510,0.753,95.130,0.251,0,5066012,275100,184440,2472356,7978.837,1138.543,0,100.401,0,12.048,1598,2303,0.930,1.580,1.310,0,0,0,0,0,18,298,0,9,0
20-02 15:31:19,2.239,1.492,95.262,0,0,5066012,275100,184440,2472356,10326.083,1450.566,0,334.287,0,26.862,1448,2059,0.930,1.580,1.310,0,0,0,0,0,18,298,0,9,0
20-02 15:31:20,2.010,0.503,96.240,0.251,0,5065880,275100,184440,2472488,5536.183,1574.013,0,84.430,0,12.061,1392,2110,0.930,1.580,1.310,0,0,0,0,0,18,298,0,9,0
20-02 15:31:21,1.743,2.739,93.872,0.249,0,5070480,270500,184440,2472488,5147.289,1505.941,0,2808.699,0,20.916,1321,1743,0.930,1.580,1.310,0,0,0.996,0,0,18,298,0,9,0
20-02 15:31:22,1.506,0.753,96.634,0,0,5070656,270324,184440,2472488,8964.645,1463.820,0,497.980,0,104.415,1234,1689,0.850,1.550,1.310,0,0,0,0,0,18,298,0,9,0
20-02 15:31:23,2.250,0.500,96.509,0.250,0,5070656,270324,184440,2472488,8084.758,1458.137,0,352.033,0,29.003,1400,2112,0.850,1.550,1.310,0,0,0,0,0,18,298,0,9,0
20-02 15:31:24,1.250,0.750,96.225,0,0,5070648,270324,184440,2472496,8245.854,1457.621,0,299.922,0,20.995,1235,1783,0.850,1.550,1.310,0,0,0,0,0,18,298,0,9,0
20-02 15:31:25,2.251,0.750,96.543,0,0,5070648,270324,184440,2472496,6612.934,1458.647,0,0,0,0,1160,1693,0.850,1.550,1.310,0,0,0,0,0,18,298,0,9,0
20-02 15:31:26,1.250,0.500,96.997,0,0,5070648,270324,184440,2472496,9981.695,1457.956,0,4.000,0,1.000,1121,1638,0.850,1.550,1.310,0,0,0,0,0,18,298,0,9,0
20-02 15:31:27,2.250,0.750,95.490,0.250,0,5070648,270324,184440,2472496,6689.274,1457.842,0,207.977,0,20.998,1453,2097,0.790,1.530,1.300,0,0,0,0,0,18,298,0,9,0
20-02 15:31:28,2.249,0.750,96.220,0,0,5070648,270324,184440,2472496,4918.449,1457.540,0,75.976,0,8.997,1304,1890,0.790,1.530,1.300,0,0,0,0,0,18,298,0,9,0
20-02 15:31:29,1.750,0.750,96.274,0.500,0,5070644,270324,184440,2472500,10320.541,1458.359,0,204.050,0,19.005,1179,1706,0.790,1.530,1.300,0,0,0,0,0,18,298,0,9,0
20-02 15:31:30,2.000,0.500,96.243,0,0,5070640,270324,184440,2472504,7381.470,1619.884,0,43.997,0,6.000,1262,1774,0.790,1.530,1.300,0,0,0,0,0,18,298,0,9,0
20-02 15:31:31,2.250,1.000,96.260,0,0,5070640,270324,184440,2472504,5974.598,1458.146,0,16.002,0,3.000,1218,1760,0.790,1.530,1.300,0,0,1.000,0,0,18,298,0,9,0
20-02 15:31:32,2.497,0.749,95.368,0,0,5070640,270324,184440,2472504,7893.105,1132.437,0,531.267,0,99.862,1446,2050,0.720,1.500,1.290,0,0,0,0,0,18,298,0,9,0
20-02 15:31:33,10.269,2.004,86.160,0.250,0,5073360,267552,184444,2472552,147300.734,3338.204,32.060,324.603,1.002,22.041,2213,2531,0.720,1.500,1.290,1,0,7.013,0,0,18,298,0,9,0
20-02 15:31:34,12.961,3.240,82.251,0,0,5066444,274468,184444,2472552,306470.071,6695.727,0,135.589,0,13.958,2670,2425,0.720,1.500,1.290,0,0,17.946,0,0,18,298,0,9,0
20-02 15:31:35,15.082,4.273,79.180,0.503,0,5075588,265200,184452,2472668,168703.369,6515.352,108.589,168.917,5.027,14.076,2656,2407,0.720,1.500,1.290,2,0,14.076,0,0,18,298,0,9,0
20-02 15:31:36,16.208,4.738,77.302,0,0,5074496,265916,184460,2473036,150836.151,5509.869,15.959,1703.631,0.997,14.962,2578,2237,0.720,1.500,1.290,1,0,17.954,0,0,18,298,0,9,0
20-02 15:31:37,17.501,10.500,68.752,1.750,0,5070300,264960,184468,2478084,8701.311,540.019,276.010,304.011,50.002,17.001,3405,2821,0.740,1.490,1.290,2,0,35.001,0,0,18,298,0,9,0
