"pcp-dstat 6.2.0 CSV Output"
"Author:","PCP team <pcp@groups.io> and Dag Wieers <dag@wieers.com>",,,,"URL:","https://pcp.io/ and http://dag.wieers.com/home-made/dstat/"
"Host:","np0000094341",,,,"User:","ubuntu"
"Cmdline:","dstat -tcmndrylpg --tcp --output /tmp/devstack_logs/dstat-csv.log",,,,"Date:","14 Jun 2026 20:38:52 UTC"
"system","total usage",,,,,"memory usage",,,,"net/total",,"dsk/total",,"io/total",,"system",,"load avg",,,"procs",,,"paging",,"tcp sockets",,,,
"time","total usage:usr","total usage:sys","total usage:idl","total usage:wai","total usage:stl","used","free","buf","cach","net/total:recv","net/total:send","dsk/total:read","dsk/total:writ","read","writ","int","csw","1m","5m","15m","run","blk","new","in","out","lis","act","syn","tim","clo"
14-06 20:38:52,,1016628,1640984,163244,5002208,,,,,,,1.600,1.230,0.770,2,0,,,,10,5,0,17,1
14-06 20:38:53,24.159,20.174,54.046,0.996,0,1019236,1637780,163384,5002548,44203.881,11490.558,0,1538.185,0,45.827,5175,3153,1.600,1.230,0.770,3,0,230.130,0,0,10,4,0,17,2
14-06 20:38:54,27.774,20.017,50.543,0.250,0,1024736,1631804,163500,5002828,25601.663,10320.733,0,1060.898,0,30.025,5026,2878,1.630,1.240,0.770,2,0,213.180,0,0,10,4,0,17,2
14-06 20:38:55,28.721,22.477,47.702,0.499,0,1024108,1611472,163684,5022644,181482.011,7557.380,0,2405.574,0,135.863,5133,2791,1.630,1.240,0.770,4,0,189.809,0,0,10,4,0,13,2
14-06 20:38:56,33.841,21.307,42.364,0.752,0,1022896,1597748,164472,5035080,8651.178,1558.175,0,1620.341,0,103.277,5733,4405,1.630,1.240,0.770,5,0,190.510,0,0,10,4,0,13,2
14-06 20:38:57,37.500,18.500,43.500,0.250,0,1032284,1570688,164948,5049956,12655.070,1620.009,0,1368.008,0,32.000,4466,2627,1.630,1.240,0.770,2,0,129.001,0,0,10,4,0,13,2
14-06 20:38:58,38.809,16.776,42.064,0.751,0,1043644,1538440,165420,5068592,11793.074,1568.404,0,1602.456,0,59.091,4824,4079,1.630,1.240,0.770,4,0,129.198,0,0,10,4,0,13,2
14-06 20:38:59,37.404,16.458,42.142,0.997,0.249,1161272,1404168,166484,5206400,13018.527,1508.122,0,2888.573,0,107.723,5090,6042,1.660,1.250,0.780,1,0,74.808,0,0,11,4,0,11,2
14-06 20:39:00,37.822,11.772,48.342,1.002,0,1168816,1368816,167332,5230992,11858.621,1190.270,16.031,1979.776,1.002,65.124,4208,2736,1.660,1.250,0.780,2,0,86.164,0,0,11,6,0,11,2
14-06 20:39:01,40.124,9.470,48.099,0.498,0,1176580,1370300,167908,5220092,10274.755,1878.106,0,1515.245,0,55.825,3762,2147,1.660,1.250,0.780,2,0,60.809,0,0,11,4,0,11,0
14-06 20:39:02,35.123,17.812,45.660,0.251,0,1218464,1328288,167936,5220192,13469.144,1868.540,0,1693.929,0,137.481,4829,3106,1.660,1.250,0.780,1,1,175.615,0,0,11,4,1,13,0
14-06 20:39:03,33.750,6.750,55.000,2.500,0,1248620,1290100,168040,5227052,19329.028,4451.006,1768.003,3200.005,121.000,30.000,2903,1873,1.660,1.250,0.780,2,0,2.000,0,0,11,4,0,13,0
14-06 20:39:04,42.774,9.005,47.026,0,0,1282688,1252588,168240,5229768,8631.767,1566.865,244.135,1408.778,7.004,10.006,8773,13476,1.690,1.270,0.790,3,0,6.003,0,0,11,4,0,13,0
14-06 20:39:05,39.964,8.742,46.708,3.747,0,1314896,1217496,168596,5231984,11359.705,1294.827,15.986,10326.641,0.999,633.426,9928,16396,1.690,1.270,0.790,2,0,18.983,0,0,11,6,0,13,0
14-06 20:39:06,32.674,11.723,39.408,12.222,0,1310676,1215480,169264,5237312,9207.618,754.249,0,25644.449,0,2152.003,15256,30139,1.690,1.270,0.790,3,0,51.880,0,0,11,6,0,13,0
14-06 20:39:07,33.232,8.745,40.728,13.493,0,1279596,1251324,169584,5233032,11332.878,863.534,0,37743.612,0,2864.453,11845,20510,1.690,1.270,0.790,1,1,31.983,0,0,11,6,0,13,0
14-06 20:39:08,38.244,13.248,40.494,5.249,0,1173492,1357332,169712,5233208,12852.124,1403.795,0,49384.792,0,1703.751,7608,10051,1.690,1.270,0.790,2,0,101.985,0,0,11,4,0,13,0
14-06 20:39:09,30.039,8.011,61.080,0,0,1212252,1318592,169720,5233208,9287.194,1622.130,0,676.889,0,30.039,2905,1781,1.630,1.260,0.790,1,0,57.075,0,0,11,4,0,13,0
14-06 20:39:10,33.743,6.999,56.489,1.250,0,1229236,1301516,169808,5233212,13852.295,1619.684,0,7950.447,0,467.909,3840,14274,1.630,1.260,0.790,2,0,35.993,0,0,11,4,0,14,0
14-06 20:39:11,22.795,3.757,73.646,0,0,1184952,1345788,169812,5233220,13265.276,1569.108,0,140.278,0,13.026,2158,1486,1.630,1.260,0.790,3,0,10.020,0,0,11,4,0,12,0
14-06 20:39:12,22.500,3.500,73.750,0,0,1239628,1291104,169816,5233224,11642.019,1620.003,0,28.000,0,5.000,1937,1294,1.630,1.260,0.790,1,0,0,0,0,11,4,0,12,0
14-06 20:39:13,21.955,3.742,72.602,0,0.249,1203416,1327300,169816,5233240,10939.736,1616.710,0,13165.206,0,47.903,2239,1381,1.630,1.260,0.790,1,0,27.943,0,0,11,4,0,12,0
14-06 20:39:14,8.990,19.229,69.925,0,0,1181880,1348800,169816,5233264,10917.325,1552.340,0,3.996,0,0.999,4717,2948,1.580,1.260,0.790,1,0,207.778,0,0,11,4,0,12,0
14-06 20:39:15,10.260,20.271,68.320,0,0,1157340,1373200,169816,5233404,11358.587,1567.599,0,16.016,0,4.004,4681,2833,1.580,1.260,0.790,1,0,195.199,0,0,11,4,0,11,0
14-06 20:39:16,9.754,20.509,68.279,0.250,0,1141604,1388924,169816,5233416,11295.865,1566.675,0,708.305,0,104.045,4958,2906,1.580,1.260,0.790,2,0,193.083,0,0,11,4,0,11,0
14-06 20:39:17,19.270,16.267,62.815,0.250,0,1115300,1415048,169820,5233564,9847.242,1567.630,0,496.516,0,17.018,4880,5492,1.580,1.260,0.790,2,0,124.129,0,0,11,4,0,11,0
14-06 20:39:18,21.466,13.229,60.406,2.995,0,1102744,1420004,169824,5241612,12209.941,1563.559,7691.993,455.289,77.878,22.964,4550,4889,1.580,1.260,0.790,3,0,79.875,0,0,11,4,0,11,0
14-06 20:39:19,49.266,15.005,35.011,0.250,0,1183604,1339000,169824,5241756,10227.252,1566.498,0,23479.466,0,117.037,4289,2405,1.690,1.290,0.800,4,0,108.034,0,0,11,5,0,11,0
14-06 20:39:20,47.739,2.499,48.739,0.500,0,1249484,1272064,169832,5242800,11870.353,1511.663,511.886,183.959,7.998,1.000,2819,1160,1.690,1.290,0.800,3,0,0,0,0,11,5,0,11,0
14-06 20:39:21,45.011,9.502,45.762,0,0,1266100,1253796,169832,5244416,10728.715,1566.396,0,856.217,0,65.016,3382,3327,1.690,1.290,0.800,3,0,0,0,0,11,5,0,11,0
14-06 20:39:22,14.746,11.997,72.232,0,0,1274676,1244488,169832,5245116,12723.804,1565.607,0,287.928,0,30.992,3794,3042,1.690,1.290,0.800,2,0,117.970,0,0,11,4,0,11,0
14-06 20:39:23,6.011,4.007,88.908,0,0,1272648,1246516,169832,5245116,12984.113,1568.793,0,372.663,0,4.007,1416,1327,1.690,1.290,0.800,2,0,23.041,0,0,11,4,0,11,0
14-06 20:39:24,22.460,2.995,73.119,0.250,0,1324344,1194792,169836,5245116,8328.103,1131.975,0,1505.307,0,4.991,1861,1289,1.640,1.280,0.800,2,0,0,0,0,11,4,0,11,0
14-06 20:39:25,23.503,2.250,73.510,0,0,1361384,1157748,169836,5245120,8682.172,1566.211,0,0,0,0,1817,1196,1.640,1.280,0.800,1,0,0,0,0,11,4,0,11,0
14-06 20:39:26,22.998,3.000,70.994,1.500,0,1381228,1137616,169888,5245360,11985.955,1565.864,0,5135.552,0,352.969,3665,4388,1.640,1.280,0.800,3,0,1.000,0,0,11,10,0,11,0
14-06 20:39:27,20.489,6.747,71.713,0.500,0,1308356,1210444,169924,5245368,12209.729,1619.168,0,567.708,0,66.966,3104,2762,1.640,1.280,0.800,2,0,42.978,0,0,11,4,0,13,0
14-06 20:39:28,22.509,3.001,73.030,0.750,0,1357192,1161320,169924,5245600,12121.029,1566.650,232.096,636.264,5.002,17.007,1902,1218,1.640,1.280,0.800,1,0,0,0,0,11,4,0,13,0
14-06 20:39:29,20.499,4.250,73.997,0.250,0,1370404,1147852,169936,5245792,14396.381,4010.828,0,59185.455,0,357.985,2626,2021,1.670,1.290,0.810,2,0,0,0,0,11,11,0,13,0
14-06 20:39:30,17.995,2.249,72.979,5.249,0,1375304,1142516,169988,5245996,28358.017,3381.048,239.932,1495.579,58.983,44.987,2613,2676,1.670,1.290,0.810,0,1,1.000,0,0,11,17,0,13,0
14-06 20:39:31,20.513,1.751,75.798,1.001,0,1380476,1137300,169988,5246036,17497.022,6151.875,28.018,0,7.004,0,2290,1684,1.670,1.290,0.810,1,0,2.001,0,0,11,28,0,14,0
14-06 20:39:32,19.763,7.505,70.545,1.001,0,1329900,1187852,170004,5246044,9659.169,1579.008,0,3270.088,0,176.112,2900,2543,1.670,1.290,0.810,1,0,43.027,0,0,11,28,0,14,0
14-06 20:39:33,18.715,2.246,77.855,0.749,0,1365504,1152228,170016,5246048,13190.454,3949.650,0,1924.419,0,88.835,1873,1538,1.670,1.290,0.810,2,0,0,0,0,11,29,0,14,0
14-06 20:39:34,18.808,7.272,73.224,0,0,1330440,1187228,170016,5246092,16773.320,6258.148,0,37093.493,0,149.457,3132,2413,1.610,1.290,0.810,2,0,79.242,0,0,11,28,0,15,0
14-06 20:39:35,38.434,11.480,47.668,0,0,1416628,1101012,170016,5246104,15494.419,1563.318,0,39.931,0,1.997,3348,1806,1.610,1.290,0.810,2,0,76.868,0,0,11,28,0,15,0
14-06 20:39:36,31.489,6.997,59.729,0,0,1488048,1029568,170024,5246120,17078.866,7285.383,0,891.680,0,11.996,2992,1960,1.610,1.290,0.810,3,0,0,0,0,11,30,0,14,0
14-06 20:39:37,39.291,4.755,54.307,0,0,1491500,1026084,170032,5246144,19221.074,8054.412,0,168.176,0,13.014,4525,4202,1.610,1.290,0.810,3,0,1.001,0,0,11,30,0,14,0
14-06 20:39:38,39.402,7.731,50.624,0,0,1433572,1083756,170036,5246396,19667.990,7863.406,0,295.264,0,29.925,5826,5900,1.610,1.290,0.810,4,0,44.888,0,0,11,28,0,15,0
14-06 20:39:39,56.960,32.369,10.037,0,0,1442388,1074860,170040,5246440,12448.932,1583.844,0,228.844,0,20.074,5785,4406,1.890,1.350,0.830,6,0,524.937,0,0,11,28,0,15,0
14-06 20:39:40,81.553,15.510,0,0,0,1680600,836720,170052,5246440,8452.484,1567.017,0,5707.703,0,430.279,5053,2514,1.890,1.350,0.830,7,0,10.006,0,0,11,28,0,11,0
14-06 20:39:41,82.570,11.475,3.492,0,0,1825064,692084,170056,5246604,34160.446,24056.497,0,63.861,0,6.985,6075,5644,1.890,1.350,0.830,4,0,0,0,0,11,34,0,11,0
14-06 20:39:42,73.661,10.022,15.785,0,0,1685708,831332,170072,5246708,38273.882,23702.948,0,2252.938,0,135.297,8427,12551,1.890,1.350,0.830,3,0,150.329,0,0,11,29,0,16,0
14-06 20:39:43,28.680,9.726,60.104,0.249,0.249,1545984,970900,170080,5246856,10218.118,2432.078,0,391.048,0,27.932,3560,3020,1.890,1.350,0.830,2,0,159.611,0,0,11,28,0,17,0
14-06 20:39:44,20.232,1.748,76.932,0,0,1536956,979924,170080,5246860,16854.121,5532.116,0,139.877,0,8.992,2156,1688,1.730,1.330,0.830,1,0,0,0,0,11,29,0,17,0
14-06 20:39:45,19.747,2.750,75.987,0.250,0,1436580,1080280,170092,5246868,14464.502,4655.196,0,411.929,0,23.996,2896,2880,1.730,1.330,0.830,2,0,3.999,0,0,11,28,0,18,0
14-06 20:39:46,18.003,9.001,72.011,0,0,1434208,1082644,170096,5246872,13579.984,1620.237,0,156.023,0,11.002,2776,1842,1.730,1.330,0.830,1,0,64.009,0,0,11,28,0,18,0
14-06 20:39:47,19.495,2.499,77.231,0.250,0,1468812,1048024,170104,5246880,13665.670,3976.031,0,479.883,0,26.993,1991,1404,1.730,1.330,0.830,1,0,1.000,0,0,11,29,0,18,0
14-06 20:39:48,19.521,3.003,76.332,0.250,0,1460328,1056492,170104,5246896,13733.774,5334.739,0,120.129,0,18.019,2971,2916,1.730,1.330,0.830,4,0,0,0,0,11,29,0,15,0
14-06 20:39:49,12.993,15.741,69.460,0,0,1419416,1097384,170116,5246900,13208.415,2368.640,0,239.862,0,16.990,4228,2779,1.670,1.320,0.830,3,0,178.897,0,0,11,28,0,16,0
14-06 20:39:50,8.242,22.978,66.686,0,0,1391700,1125080,170116,5246904,11000.365,1564.487,0,0,0,0,5094,2932,1.670,1.320,0.830,1,0,266.742,0,0,11,28,0,16,0
14-06 20:39:51,21.800,33.578,43.100,0,0,1400808,1115940,170124,5246928,14665.926,1515.506,0,785.818,0,51.118,5575,3619,1.670,1.320,0.830,6,0,366.849,0,0,11,28,0,16,0
14-06 20:39:52,78.121,22.034,0.501,0,0,1536720,979984,170132,5246948,10850.789,1622.510,0,200.310,0,17.026,5124,3198,1.670,1.320,0.830,5,0,226.350,0,0,11,28,0,16,0
14-06 20:39:53,84.753,9.722,5.235,0,0,1735256,781432,170132,5246964,23487.440,14352.106,0,27.919,0,3.988,5493,3277,1.670,1.320,0.830,3,0,0,0,0,11,32,0,16,0
14-06 20:39:54,68.513,8.222,21.675,0,0,1723356,793028,170148,5247252,43997.779,33172.232,0,1120.125,0,29.897,7815,12676,1.860,1.370,0.850,5,0,15.945,0,0,11,32,0,16,0
14-06 20:39:55,81.032,16.357,2.517,0,0,1576820,939372,170160,5247428,15475.652,6347.695,0,555.650,0,56.370,6773,7281,1.860,1.370,0.850,6,0,295.944,0,0,11,28,0,17,0
14-06 20:39:56,88.244,11.749,0.250,0,0,1705820,810360,170164,5247432,12437.224,5158.678,0,183.989,0,9.999,5062,2827,1.860,1.370,0.850,6,0,0,0,0,11,29,0,17,0
14-06 20:39:57,82.112,8.735,8.486,0,0,1844576,671560,170168,5247472,38074.124,27326.155,0,1637.253,0,122.794,6547,7016,1.860,1.370,0.850,4,0,0.998,0,0,11,34,0,17,0
14-06 20:39:58,75.346,10.263,13.267,0,0,1786860,729024,170184,5247704,45786.452,33524.798,0,416.532,0,36.046,8667,14435,1.860,1.370,0.850,3,0,100.128,0,0,11,29,0,21,0
14-06 20:39:59,55.705,11.990,31.475,0,0,1534060,981796,170188,5247728,14787.046,2945.619,0,267.784,0,16.986,4501,3184,1.950,1.400,0.860,2,0,197.840,0,0,11,28,0,22,0
14-06 20:40:00,37.168,4.490,57.872,0.249,0,1574252,941464,170192,5247864,18880.315,9433.173,0,558.766,0,10.976,3207,2241,1.950,1.400,0.860,2,0,0,0,0,11,30,0,22,0
14-06 20:40:01,38.250,4.750,54.501,0.250,0,1570724,944936,170204,5247868,19884.197,9274.092,0,332.003,0,30.000,4961,4941,1.950,1.400,0.860,3,0,4.000,0,0,11,30,0,22,0
14-06 20:40:02,31.944,26.703,39.930,0,0,1432224,1083396,170208,5247904,13468.358,4453.183,0,303.467,0,22.960,5254,4163,1.950,1.400,0.860,5,0,309.457,0,0,11,28,0,24,0
14-06 20:40:03,60.400,15.288,24.310,0.251,0,1515604,1000004,170212,5247912,9611.905,1624.039,0,204.509,0,10.025,4064,1920,1.950,1.400,0.860,3,0,74.185,0,0,11,28,0,24,0
14-06 20:40:04,57.049,6.756,35.781,0.250,0,1564192,951388,170228,5247924,19341.672,11444.865,0,1020.880,0,60.052,4135,2961,2.040,1.420,0.870,1,0,0,0,0,11,30,1,24,0
14-06 20:40:05,55.423,5.992,36.949,0,0.250,1565908,949624,170236,5247964,28010.046,15401.581,0,171.761,0,21.969,6556,6971,2.040,1.420,0.870,2,0,0,0,0,11,30,0,22,0
14-06 20:40:06,54.882,20.048,23.557,0.251,0,1478012,1037340,170244,5248136,16119.776,6053.562,0,517.244,0,49.118,5798,5322,2.040,1.420,0.870,4,0,254.612,0,0,11,28,0,23,0
14-06 20:40:07,81.049,12.508,6.504,0.250,0.250,1596808,918540,170244,5248140,12825.783,1789.086,0,156.095,0,10.006,4627,1799,2.040,1.420,0.870,3,0,6.004,0,0,11,28,0,23,0
14-06 20:40:08,51.114,5.485,42.636,0,0,1661204,854108,170264,5248156,26435.487,15153.580,0,785.904,0,43.883,4753,3743,2.040,1.420,0.870,2,0,0,0,0,11,31,0,23,0
14-06 20:40:09,51.829,4.757,42.064,0,0,1661140,854108,170276,5248208,31166.706,16408.116,0,200.307,0,21.032,7153,8658,1.870,1.400,0.870,4,0,0,0,0,11,29,0,25,0
14-06 20:40:10,44.399,29.932,25.193,0.249,0,1566348,948868,170280,5249044,12854.831,2080.280,0,295.330,0,23.946,5659,6226,1.870,1.400,0.870,8,0,307.303,0,0,11,28,0,25,0
14-06 20:40:11,71.814,8.007,19.517,0,0,1638664,876544,170284,5248228,9240.200,1459.295,0,112.099,0,8.007,4183,6786,1.870,1.400,0.870,3,0,2.002,0,0,11,28,0,26,0
14-06 20:40:12,49.855,6.514,43.592,0,0,1675452,839596,170296,5248376,27852.854,16859.625,0,388.822,0,24.051,4398,3659,1.870,1.400,0.870,3,0,0,0,0,11,32,0,26,0
14-06 20:40:13,62.408,8.488,26.960,0.250,0,1655132,859820,170316,5248452,32277.663,22049.663,0,387.432,0,45.933,8668,10965,1.870,1.400,0.870,4,0,56.917,0,0,11,30,0,26,0
14-06 20:40:14,72.439,19.484,7.743,0,0,1553216,961700,170324,5248476,26219.800,6118.819,0,203.827,0,11.990,5459,4511,2.120,1.460,0.890,3,0,291.753,0,0,11,28,0,28,0
14-06 20:40:15,52.500,6.250,40.500,0,0,1619876,894920,170328,5248616,24277.944,13436.969,0,383.999,0,37.000,4187,2874,2.120,1.460,0.890,4,0,0,0,0,11,31,0,28,0
14-06 20:40:16,52.305,5.506,40.543,0.250,0,1613920,900692,170332,5248792,27046.441,15613.418,0,184.194,0,19.020,6491,7322,2.120,1.460,0.890,3,0,0,0,0,11,30,0,29,0
14-06 20:40:17,53.416,22.714,22.714,0,0.250,1485800,1028780,170336,5248820,16615.935,3738.136,0,247.612,0,16.973,5096,3755,2.120,1.460,0.890,3,0,287.549,0,0,11,28,0,31,0
14-06 20:40:18,63.566,7.257,28.780,0,0,1585244,929332,170336,5248824,12730.146,3915.043,0,144.149,0,8.008,3581,1396,2.120,1.460,0.890,2,0,0,0,0,11,29,0,31,0
14-06 20:40:19,50.910,5.740,42.425,0,0,1588352,926060,170348,5248976,25437.797,17111.593,0,606.922,0,32.941,5174,5238,2.190,1.480,0.900,2,0,0,0,0,11,31,0,31,0
14-06 20:40:20,56.195,11.791,31.359,0.502,0,1551072,963148,170356,5249160,21298.981,9729.796,0,533.854,0,46.160,6748,6710,2.190,1.480,0.900,3,0,94.328,0,0,11,28,0,33,0
14-06 20:40:21,63.873,11.477,24.701,0,0,1519280,994940,170356,5249160,12671.750,1616.778,0,0,0,0,3794,1531,2.190,1.480,0.900,3,0,17.964,0,0,11,28,0,33,0
14-06 20:40:22,52.509,4.728,41.808,0,0,1594272,919924,170364,5249172,20347.770,13776.877,0,517.628,0,31.854,4008,2859,2.190,1.480,0.900,6,0,0,0,0,11,31,0,33,0
14-06 20:40:23,50.736,7.535,40.438,0,0,1505724,1008424,170364,5249216,23707.467,12210.898,0,245.142,0,26.122,6435,7042,2.190,1.480,0.900,4,0,21.098,0,0,11,30,0,34,0
14-06 20:40:24,64.729,28.491,5.748,0,0,1498048,1016028,170364,5249272,13701.591,2954.049,0,339.891,0,28.991,5834,4889,2.500,1.560,0.930,5,0,422.864,0,0,11,28,0,35,0
14-06 20:40:25,80.986,18.805,0,0,0,1649680,864332,170372,5249296,13217.511,1462.261,0,886.583,0,13.038,5468,4377,2.500,1.560,0.930,7,0,398.160,0,0,11,28,0,35,0
14-06 20:40:26,82.557,16.462,0.998,0,0,1823444,690512,170384,5249340,27155.656,14737.622,0,2150.983,0,105.753,6031,5444,2.500,1.560,0.930,5,0,418.025,0,0,11,33,0,35,0
14-06 20:40:27,74.165,17.038,8.519,0,0,1799740,713940,170388,5249608,56111.200,44217.662,0,529.181,0,46.103,8096,10705,2.500,1.560,0.930,5,0,341.763,0,0,11,31,0,35,0
14-06 20:40:28,83.017,16.253,0.750,0,0,1593044,920440,170404,5249784,21781.535,9566.992,0,3156.657,0,134.028,6305,5771,2.500,1.560,0.930,5,0,254.053,0,0,11,28,0,36,0
14-06 20:40:29,85.248,8.750,6.000,0,0,1729368,784108,170404,5249792,15612.682,5704.884,0,0,0,0,4744,2103,2.540,1.580,0.940,4,0,0,0,0,11,29,0,34,0
14-06 20:40:30,59.095,5.984,33.163,0,0,1753740,759676,170412,5249840,33220.113,23442.686,0,111.708,0,12.966,6684,7145,2.540,1.580,0.940,1,0,0.997,0,0,11,34,0,34,0
14-06 20:40:31,50.221,7.995,41.226,0,0,1722108,791140,170420,5250016,28846.066,15640.818,0,71.958,0,6.996,6476,7221,2.540,1.580,0.940,5,0,50.970,0,0,11,33,0,37,0
14-06 20:40:32,28.502,9.501,59.754,0,0,1643356,869872,170420,5250032,19859.294,6941.452,0,8.001,0,2.000,4464,4039,2.540,1.580,0.940,1,0,100.007,0,0,11,32,0,38,0
14-06 20:40:33,4.749,4.749,89.733,0.250,0,1527720,985504,170424,5250032,12879.522,1241.761,0,439.915,0,60.988,1858,1639,2.540,1.580,0.940,1,0,49.990,0,0,11,32,0,37,0
14-06 20:40:34,12.743,1.999,84.203,0,0,1506468,1006708,170424,5250076,12582.952,5425.961,0,119.933,0,8.995,1742,1548,2.420,1.570,0.940,1,0,0,0,0,11,33,0,37,0
14-06 20:40:35,19.781,2.754,75.869,0,0.250,1486228,1026928,170428,5250092,13813.629,7021.995,0,108.169,0,8.013,3458,3700,2.420,1.570,0.940,0,0,0,0,0,11,33,0,37,0
14-06 20:40:36,14.958,12.216,70.800,0,0,1384064,1129084,170428,5250100,14605.761,3578.895,0,171.516,0,9.972,3788,2686,2.420,1.570,0.940,2,0,128.637,0,0,11,32,0,38,0
14-06 20:40:37,9.267,22.039,67.621,0,0,1370612,1142520,170428,5250112,12795.931,1622.908,0,0,0,0,5050,2993,2.420,1.570,0.940,1,0,267.479,0,0,11,32,0,37,0
14-06 20:40:38,11.501,27.003,59.007,0.250,0,1364368,1148744,170436,5250124,11966.351,1512.171,0,236.027,0,13.001,5103,3238,2.420,1.570,0.940,2,0,286.032,0,0,11,32,0,37,0
14-06 20:40:39,42.777,37.023,19.262,0,0,1421944,1091124,170440,5250160,11473.149,1566.976,0,68.042,0,13.008,5575,3900,2.460,1.600,0.950,7,0,505.315,0,0,11,32,0,37,0
14-06 20:40:40,77.447,17.795,5.263,0,0,1596276,916780,170440,5250172,16840.797,5551.107,0,4.010,0,1.003,5104,3154,2.460,1.600,0.950,5,0,216.550,0,0,11,33,0,37,0
14-06 20:40:41,64.887,8.236,25.705,0,0,1643856,869156,170448,5250208,27935.439,18161.429,0,267.535,0,21.962,5272,5397,2.460,1.600,0.950,5,0,58.898,0,0,11,35,0,37,0
14-06 20:40:42,68.117,10.017,21.537,0,0,1659396,853420,170460,5250392,21698.358,13935.994,0,460.793,0,49.085,6509,8063,2.460,1.600,0.950,4,0,75.129,0,0,11,32,0,40,0
14-06 20:40:43,78.528,15.207,5.734,0,0,1581932,930868,170460,5250408,12934.479,5413.714,0,147.583,0,5.983,4815,2678,2.460,1.600,0.950,4,0,133.623,0,0,11,33,0,40,0
14-06 20:40:44,57.047,6.255,36.530,0,0,1652160,860624,170464,5250420,24893.421,14196.646,0,144.118,0,8.007,4213,3138,2.430,1.600,0.960,3,0,0,0,0,11,36,0,40,0
14-06 20:40:45,51.035,5.754,41.528,0,0.250,1651964,860612,170464,5250620,32907.301,21223.383,0,148.100,0,10.007,7955,10551,2.430,1.600,0.960,2,0,0,0,0,11,36,0,40,0
14-06 20:40:46,48.714,4.746,44.717,0,0,1652644,859856,170464,5250692,33463.983,20816.438,0,279.791,0,38.971,8145,10485,2.430,1.600,0.960,2,0,0,0,0,11,36,0,33,0
14-06 20:40:47,58.804,5.755,33.281,0.500,0,1612364,899924,170468,5250900,30504.270,20262.779,0,472.438,0,57.053,8234,11132,2.430,1.600,0.960,6,0,8.007,0,0,11,32,1,33,0
14-06 20:40:48,83.102,16.520,1.001,0,0,1506808,1005472,170472,5250904,13188.235,1646.026,0,140.173,0,9.011,5068,2501,2.430,1.600,0.960,4,0,113.139,0,0,11,32,0,33,0
14-06 20:40:49,69.772,6.977,22.427,0,0,1647356,864908,170472,5250920,23372.704,14319.258,0,143.531,0,9.967,4856,2749,2.470,1.630,0.970,4,0,0,0,0,11,36,0,33,0
14-06 20:40:50,62.129,6.461,29.822,0,0,1650696,861380,170472,5251100,28890.500,21082.122,0,155.074,0,8.947,6690,8687,2.470,1.630,0.970,3,0,0,0,0,11,36,0,32,0
14-06 20:40:51,49.777,6.788,42.235,0,0.251,1650464,861380,170472,5251328,41223.208,28487.395,0,8.045,0,1.006,8515,13282,2.470,1.630,0.970,2,0,0,0,0,11,36,0,32,0
14-06 20:40:52,65.213,8.026,25.082,0,0,1532848,978920,170472,5251400,29604.720,19505.726,0,4.013,0,1.003,7678,8807,2.470,1.630,0.970,4,0,71.233,0,0,11,32,0,36,0
14-06 20:40:53,80.280,19.757,0.250,0,0,1540912,970840,170472,5251416,9512.506,1620.597,0,0,0,0,4915,2344,2.470,1.630,0.970,4,0,189.070,0,0,11,32,0,36,0
14-06 20:40:54,68.999,6.750,24.000,0,0,1653740,857984,170480,5251432,26980.474,15727.693,0,547.989,0,31.999,4818,3287,2.430,1.630,0.970,4,0,0,0,0,11,36,0,36,0
14-06 20:40:55,67.882,8.735,22.211,0,0,1648844,862680,170480,5251628,31355.589,21958.895,0,950.351,0,11.979,7691,10190,2.430,1.630,0.970,4,0,33.941,0,0,11,34,0,38,0
14-06 20:40:56,76.515,10.502,12.252,0,0,1608836,902616,170492,5251688,28292.636,16316.250,0,408.081,0,17.003,6269,8423,2.430,1.630,0.970,4,0,34.007,0,0,11,33,0,38,0
14-06 20:40:57,73.060,11.510,15.263,0,0.250,1570064,941212,170500,5251848,23968.791,12766.541,0,272.225,0,29.024,5604,5194,2.430,1.630,0.970,4,0,61.050,0,0,11,34,0,38,0
14-06 20:40:58,78.227,9.497,11.997,0.250,0,1637540,873716,170504,5251864,13871.962,7027.954,0,355.896,0,36.989,5031,3805,2.430,1.630,0.970,3,0,59.983,0,0,11,33,0,38,0
14-06 20:40:59,71.854,11.934,14.669,0,0,1644008,867224,170504,5251888,38243.076,12747.692,0,3174.492,0,122.325,5309,4624,2.560,1.670,0.990,4,0,59.671,0,0,11,34,0,38,0
14-06 20:41:00,56.919,6.269,36.107,0,0,1681348,829828,170504,5251940,29076.510,17907.279,0,108.322,0,7.021,6151,7723,2.560,1.670,0.990,5,0,0,0,0,11,35,0,38,0
14-06 20:41:01,48.338,4.759,44.331,0,0,1674504,836488,170508,5252116,27770.717,15336.008,0,112.205,0,8.015,6636,7676,2.560,1.670,0.990,3,0,0,0,0,11,34,0,39,0
14-06 20:41:02,55.496,16.249,27.998,0,0,1600452,910484,170520,5252152,19097.654,7845.447,0,115.992,0,7.999,5678,4697,2.560,1.670,0.990,4,0,130.991,0,0,11,32,0,35,0
14-06 20:41:03,60.205,9.993,28.728,0.250,0,1641684,869244,170524,5252156,15722.229,5748.696,0,115.913,0,7.994,4141,2229,2.560,1.670,0.990,3,0,58.956,0,0,11,33,0,35,0
14-06 20:41:04,53.758,5.501,40.506,0,0,1676684,834216,170528,5252180,25032.948,13618.148,0,156.025,0,10.002,4768,3934,2.510,1.680,1,3,0,0,0,0,11,34,0,36,0
14-06 20:41:05,63.255,7.751,28.252,0,0,1679124,831612,170528,5252344,25152.882,14110.056,0,0,0,0,6412,6302,2.510,1.680,1,4,0,34.003,0,0,11,34,0,37,0
14-06 20:41:06,68.917,15.232,15.232,0,0,1626956,883720,170548,5252380,20690.151,12681.769,0,279.664,0,23.971,5563,5763,2.510,1.680,1,3,0,105.873,0,0,11,34,0,37,0
14-06 20:41:07,74.826,14.014,10.761,0,0,1572324,938316,170552,5252412,18869.113,7357.453,0,256.260,0,23.023,5195,3841,2.510,1.680,1,3,0,104.105,0,0,11,33,0,39,0
14-06 20:41:08,76.183,7.267,16.038,0,0,1649352,861256,170568,5252424,22855.810,11059.522,0,216.519,0,21.050,5080,3382,2.510,1.680,1,2,0,0,0,0,11,33,1,40,0
14-06 20:41:09,64.457,13.741,20.736,0.250,0,1604456,905936,170580,5252624,30074.964,17539.315,0,191.872,0,13.991,6442,6991,2.630,1.720,1.010,4,0,144.903,0,0,11,34,0,41,0
14-06 20:41:10,72.767,10.502,16.504,0,0,1599072,911272,170584,5252668,21900.033,16044.687,0,252.058,0,19.004,6138,6594,2.630,1.720,1.010,3,0,54.012,0,0,11,33,0,41,0
14-06 20:41:11,63.496,11.703,24.153,0,0,1574408,935788,170584,5252820,29796.632,12978.009,0,155.378,0,8.964,5932,16040,2.630,1.720,1.010,4,0,101.593,0,0,11,34,0,42,0
14-06 20:41:12,56.577,10.514,31.543,0,0,1552664,957324,170592,5253016,22149.244,10396.196,0,296.405,0,18.025,5583,4897,2.630,1.720,1.010,3,0,62.085,0,0,11,33,0,44,0
14-06 20:41:13,41.196,9.488,48.437,0,0,1553892,956056,170600,5253040,16250.774,7577.103,0,183.760,0,9.987,4581,3953,2.630,1.720,1.010,2,0,66.913,0,0,11,33,0,44,0
14-06 20:41:14,35.210,8.490,54.937,0.250,0,1481692,1028236,170608,5253052,18465.950,9127.595,0,2668.958,0,151.827,4651,4053,2.580,1.720,1.020,1,0,67.923,0,0,11,33,0,41,0
14-06 20:41:15,38.657,6.276,54.722,0,0,1529960,979940,170616,5253072,18509.249,6644.011,0,172.702,0,17.069,4247,3824,2.580,1.720,1.020,2,0,0,0,0,11,32,0,41,1
14-06 20:41:16,37.943,7.239,53.169,0,0,1524860,985036,170616,5253076,17944.807,7000.392,0,259.607,0,24.962,3861,2793,2.580,1.720,1.020,1,0,66.899,0,0,11,33,0,42,0
14-06 20:41:17,37.216,3.247,58.446,0,0,1557432,952400,170620,5253132,20413.299,7800.854,0,359.671,0,42.961,3954,3766,2.580,1.720,1.020,2,0,0.999,0,0,11,33,0,43,0
14-06 20:41:18,34.778,14.011,49.790,0.250,0,1517632,992044,170624,5253284,13666.871,5714.545,0,160.127,0,10.008,4633,3494,2.580,1.720,1.020,2,0,104.083,0,0,11,33,0,40,0
14-06 20:41:19,40.990,8.248,50.238,0,0,1495988,1013676,170628,5253292,15131.389,4271.981,0,115.972,0,7.998,3699,2352,2.540,1.730,1.020,1,0,33.992,0,0,11,33,0,41,0
14-06 20:41:20,39.717,4.496,54.455,0,0,1529756,979900,170628,5253300,18685.421,7368.856,0,111.907,0,7.993,3734,2833,2.540,1.730,1.020,2,0,0,0,0,11,33,0,41,0
14-06 20:41:21,34.289,4.005,60.319,0.250,0,1514852,994772,170636,5253320,20049.971,10811.386,0,204.234,0,20.023,4030,3621,2.540,1.730,1.020,1,0,5.006,0,0,11,33,0,42,0
14-06 20:41:22,39.251,10.250,49.251,0,0,1511292,998344,170648,5253324,15165.298,2755.054,0,220.004,0,22.000,4105,2915,2.540,1.730,1.020,3,0,61.001,0,0,11,32,0,41,0
14-06 20:41:23,38.090,6.265,55.381,0.251,0,1552428,957204,170648,5253328,16545.275,6358.093,0,108.257,0,8.019,2773,1653,2.540,1.730,1.020,3,0,0,0,0,11,33,0,41,0
14-06 20:41:24,33.917,3.491,61.100,0,0,1560380,949232,170648,5253348,16999.291,10499.239,0,111.726,0,7.980,3849,3864,2.330,1.700,1.020,1,0,0,0,0,11,34,0,41,0
14-06 20:41:25,39.975,6.496,52.717,0.250,0,1464388,1045156,170668,5253396,18990.190,7498.337,0,279.826,0,23.985,5200,5226,2.330,1.700,1.020,2,0,4.997,0,0,11,33,0,42,0
14-06 20:41:26,38.765,8.503,51.770,0.250,0,1480016,1029520,170668,5253400,13298.010,4610.737,0,944.356,0,12.005,3263,1761,2.330,1.700,1.020,1,0,43.016,0,0,11,33,0,43,0
14-06 20:41:27,42.860,4.512,51.883,0,0,1503236,1006152,170672,5253544,21552.236,8151.892,0,152.391,0,9.023,3769,3362,2.330,1.700,1.020,2,0,1.003,0,0,11,33,0,41,0
14-06 20:41:28,37.165,5.986,56.122,0,0,1464948,1044416,170684,5253556,19119.486,8312.083,0,239.455,0,20.952,3643,2925,2.330,1.700,1.020,2,0,4.989,0,0,11,33,0,42,0
14-06 20:41:29,40.260,4.251,54.263,0.250,0,1503968,1005380,170684,5253572,16546.099,7673.901,0,108.027,0,8.002,3918,3627,2.310,1.700,1.020,3,0,0,0,0,11,33,0,42,0
14-06 20:41:30,31.957,13.732,52.679,0.250,0,1432904,1076412,170696,5253592,20389.643,8201.995,0,263.646,0,24.967,4837,3516,2.310,1.700,1.020,2,0,128.827,0,0,11,33,0,43,0
14-06 20:41:31,22.774,13.764,61.314,0.250,0.250,1432820,1076396,170720,5253664,16978.635,6767.028,0,232.241,0,20.021,5014,4817,2.310,1.700,1.020,3,0,148.154,0,0,11,32,0,42,1
14-06 20:41:32,12.750,17.500,68.998,0,0,1348916,1160300,170724,5253668,8523.812,1685.963,0,179.996,0,14.000,4201,2703,2.310,1.700,1.020,1,0,203.995,0,0,11,32,0,43,0
14-06 20:41:33,16.738,10.743,71.451,0,0,1381504,1127708,170724,5253672,13697.523,1456.992,0,159.889,0,7.994,2841,1826,2.310,1.700,1.020,3,0,79.945,0,0,11,32,0,43,0
14-06 20:41:34,19.003,2.500,77.762,0.250,0,1424656,1084512,170728,5253708,15845.363,3977.593,0,304.045,0,19.003,1745,1198,2.200,1.690,1.020,2,0,0,0,0,11,33,0,43,0
14-06 20:41:35,20.761,2.751,75.289,0.250,0,1421576,1087576,170728,5253724,18899.756,7445.843,0,464.240,0,35.018,3294,3414,2.200,1.690,1.020,2,0,0,0,0,11,33,0,39,0
14-06 20:41:36,19.755,6.001,73.267,0,0,1387060,1122084,170728,5253732,16626.966,4082.974,0,56.013,0,8.002,3408,2934,2.200,1.690,1.020,1,0,46.011,0,0,11,32,0,40,0
14-06 20:41:37,22.498,3.250,73.244,0,0,1388740,1120400,170728,5253736,11046.041,1619.859,0,0,0,0,1878,1301,2.200,1.690,1.020,2,0,1.000,0,0,11,32,0,40,0
14-06 20:41:38,17.511,2.001,78.800,0.250,0,1406808,1102304,170752,5253740,17540.217,6505.160,0,1456.932,0,74.047,2248,2008,2.200,1.690,1.020,2,0,0,0,0,11,33,0,40,0
14-06 20:41:39,19.218,2.745,76.621,0,0,1404872,1104100,170752,5253880,14790.095,6023.856,0,0,0,0,3273,3488,2.270,1.710,1.030,3,0,0,0,0,11,33,0,39,0
14-06 20:41:40,19.017,2.502,76.319,0,0,1404844,1104100,170760,5253900,17184.458,6229.604,0,128.115,0,14.013,3460,3661,2.270,1.710,1.030,1,0,0,0,0,11,32,0,39,0
14-06 20:41:41,12.501,18.002,68.007,0,0,1355268,1153556,170760,5254012,12057.257,1524.159,0,4.000,0,1.000,4417,2601,2.270,1.710,1.030,2,0,216.023,0,0,11,32,0,39,0
14-06 20:41:42,8.494,21.986,67.456,0,0.250,1362024,1146756,170764,5254052,12586.786,1618.943,0,527.656,0,20.986,4949,2979,2.270,1.710,1.030,3,0,240.843,0,0,11,32,0,39,0
14-06 20:41:43,31.571,20.546,46.605,0.251,0,1388116,1120584,170776,5254112,25800.210,1461.297,0,613.384,0,32.072,4507,2943,2.270,1.710,1.030,2,0,169.382,0,0,11,32,0,37,0
14-06 20:41:44,45.441,4.744,49.186,0,0,1487576,1020540,170792,5254644,10031.014,1617.906,35.953,0,0.999,0,2823,1336,2.240,1.720,1.040,2,0,0,0,0,11,32,0,37,0
14-06 20:41:45,39.918,7.235,43.660,6.487,0,1547376,956376,171172,5258044,8725.009,1616.667,435.103,17100.739,16.965,1240.442,8053,11631,2.240,1.720,1.040,2,0,37.922,0,0,11,36,0,37,0
14-06 20:41:46,37.108,7.773,41.371,10.280,0,1537208,963432,171784,5260448,12891.665,1624.747,0,17258.423,0,1637.785,10421,17143,2.240,1.720,1.040,3,1,58.170,0,0,11,36,0,37,0
14-06 20:41:47,38.224,7.745,42.221,9.993,0,1543660,954868,172204,5262080,12697.326,1618.894,0,23983.615,0,2073.583,10935,18958,2.240,1.720,1.040,3,2,50.965,0,0,11,36,0,37,0
14-06 20:41:48,37.981,8.746,38.980,11.494,0,1483296,1013516,172500,5263464,12703.575,1619.181,0,35162.215,0,2721.623,11553,20110,2.240,1.720,1.040,2,0,24.987,0,0,11,36,0,37,0
14-06 20:41:49,41.750,7.750,42.250,6.000,0,1484168,1013292,172652,5262660,10892.922,1619.988,0,11611.917,0,1059.992,6725,10027,2.220,1.720,1.040,3,0,8.000,0,0,11,32,0,37,0
14-06 20:41:50,45.494,6.499,46.244,1.250,0,1546912,950512,172684,5262664,14274.201,1457.816,0,6175.222,0,367.954,3637,3050,2.220,1.720,1.040,2,0,2.000,0,0,11,32,0,37,0
14-06 20:41:51,43.231,7.497,43.231,5.248,0.250,1540088,957076,172820,5262788,12349.544,1619.285,0,11450.941,0,1102.513,7770,11811,2.220,1.720,1.040,3,0,1.999,0,0,11,34,0,37,0
14-06 20:41:52,39.504,8.001,40.754,7.751,0,1587404,909276,173088,5262992,9200.819,1620.144,0,7900.704,0,1249.111,10139,15866,2.220,1.720,1.040,1,1,2.000,0,0,11,34,0,37,0
14-06 20:41:53,39.921,8.982,42.915,5.739,0,1520220,975956,173348,5263228,8113.931,1455.118,39.921,6203.714,2.994,888.241,7827,11097,2.220,1.720,1.040,2,0,12.974,0,0,11,32,0,37,0
14-06 20:41:54,25.317,10.277,62.667,0.251,0,1492808,1003340,173368,5263228,12797.062,1624.323,0,1371.651,0,74.197,3235,2114,2.130,1.710,1.040,1,0,86.230,0,0,11,32,0,37,0
14-06 20:41:55,23.001,3.500,71.502,1.000,0,1540604,955464,173448,5263228,10275.234,1458.033,0,5788.132,0,322.007,2411,2589,2.130,1.710,1.040,1,0,2.000,0,0,11,32,0,32,0
14-06 20:41:56,23.496,2.750,73.489,0,0,1523544,972508,173448,5263240,13565.929,1619.753,0,27.996,0,3.999,1857,1157,2.130,1.710,1.040,1,0,1.000,0,0,11,32,0,32,0
14-06 20:41:57,22.500,3.250,73.249,0,0,1511852,984200,173448,5263240,8832.866,1457.978,0,143.998,0,1.000,1848,1281,2.130,1.710,1.040,1,0,1.000,0,0,11,32,0,32,0
14-06 20:41:58,22.982,3.247,73.692,0,0,1522584,973380,173448,5263316,12389.281,1618.730,0,3.997,0,0.999,1805,1045,2.130,1.710,1.040,1,0,1.998,0,0,11,32,0,32,0
14-06 20:41:59,21.738,3.498,73.210,0,0,1492532,1003432,173448,5263316,12799.094,1619.126,0,0,0,0,2003,1382,2.040,1.700,1.040,3,0,0.999,0,0,11,32,0,29,0
14-06 20:42:00,22.520,3.503,73.316,0,0,1537020,958944,173448,5263316,8137.336,1459.316,0,0,0,0,1908,1274,2.040,1.700,1.040,2,0,2.002,0,0,11,32,0,29,0
14-06 20:42:01,23.510,2.751,72.781,0.250,0,1493108,1002748,173456,5263412,12050.163,1620.694,0,616.264,0,38.016,1970,1454,2.040,1.700,1.040,2,0,1.000,0,0,11,32,0,29,0
14-06 20:42:02,23.000,4.250,72.751,0,0,1525328,970496,173456,5263424,11915.200,1620.027,0,0,0,0,2060,1433,2.040,1.700,1.040,1,0,6.000,0,0,11,32,0,29,0
14-06 20:42:03,22.480,3.497,73.184,0.250,0,1494616,1001196,173456,5263436,9794.214,1456.693,0,83.925,0,3.996,1851,1262,2.040,1.700,1.040,2,0,0.999,0,0,11,32,0,26,0
14-06 20:42:04,22.770,3.503,73.565,0,0,1511320,984488,173456,5263440,12637.219,1621.440,0,4.004,0,1.001,1914,1229,1.950,1.690,1.040,3,0,2.002,0,0,11,32,0,26,0
14-06 20:42:05,23.003,2.000,73.509,0,0,1485948,1009840,173456,5263460,10241.259,1620.199,0,0,0,0,1805,1153,1.950,1.690,1.040,2,0,1.000,0,0,11,32,0,26,0
14-06 20:42:06,23.000,3.250,72.998,0,0,1475380,1020388,173456,5263476,12841.732,1619.966,0,0,0,0,1892,1290,1.950,1.690,1.040,2,0,0,0,0,11,32,0,26,0
14-06 20:42:07,22.750,3.250,73.750,0,0,1486356,1009388,173456,5263500,11780.058,1620.008,0,0,0,0,1911,1302,1.950,1.690,1.040,2,0,2.000,0,0,11,32,0,21,0
14-06 20:42:08,22.249,3.250,73.497,0,0,1527228,968512,173456,5263504,8376.605,1619.924,0,91.996,0,2.000,1785,1166,1.950,1.690,1.040,1,0,2.000,0,0,11,32,0,21,0
14-06 20:42:09,14.974,12.728,71.375,0,0,1477244,1018284,173456,5263648,12868.452,808.583,0,0,0,0,3695,2232,1.880,1.680,1.040,2,0,134.764,0,0,11,32,0,21,0
14-06 20:42:10,8.754,21.511,67.784,0,0,1460296,1035212,173456,5263660,14290.091,1296.643,0,536.266,0,8.004,4849,3011,1.880,1.680,1.040,1,0,246.122,0,0,11,32,0,21,0
14-06 20:42:11,17.787,26.055,54.614,0,0,1441248,1054232,173464,5263676,13585.428,1569.284,0,1270.659,0,97.203,6051,17265,1.880,1.680,1.040,2,0,301.631,0,0,11,32,0,22,0
14-06 20:42:12,8.991,19.730,69.430,0,0,1436560,1058888,173464,5263708,13143.731,1510.475,0,271.726,0,8.991,4678,2950,1.880,1.680,1.040,2,0,203.794,0,0,11,32,0,17,0
14-06 20:42:13,9.253,21.506,67.518,0,0,1427148,1068284,173464,5263724,12002.276,1620.442,0,240.066,0,5.001,4840,3029,1.880,1.680,1.040,4,0,232.063,0,0,11,32,0,17,0
14-06 20:42:14,8.479,20.201,69.581,0,0,1426128,1069288,173464,5263740,12578.406,1238.986,0,0,0,0,4803,2992,1.730,1.650,1.040,2,0,226.449,0,0,11,32,0,17,0
14-06 20:42:15,18.534,8.515,71.880,0,0.250,1429496,1065932,173464,5263728,10423.904,1394.529,0,0,0,0,2641,1781,1.730,1.650,1.040,1,0,60.109,0,0,11,32,0,17,0
14-06 20:42:16,23.007,2.751,73.772,0,0,1499828,995600,173464,5263728,9606.804,1620.473,0,4.001,0,1.000,1881,1325,1.730,1.650,1.040,1,0,2.001,0,0,11,32,0,13,0
14-06 20:42:17,23.000,3.000,73.251,0.250,0,1484660,1010772,173464,5263724,14090.098,1458.010,0,156.001,0,4.000,1904,1265,1.730,1.650,1.040,1,0,2.000,0,0,11,32,0,13,0
14-06 20:42:18,22.508,3.501,73.025,0,0,1545416,950016,173464,5263724,11684.020,1620.558,0,2484.855,0,94.032,1851,1323,1.730,1.650,1.040,1,0,0,0,0,11,32,0,13,0
14-06 20:42:19,22.251,3.000,73.503,0,0,1557000,938412,173464,5263744,12410.499,1500.060,0,20.001,0,1.000,1814,1137,1.670,1.640,1.040,1,0,2.000,0,0,11,32,0,13,0
14-06 20:42:20,23.000,3.000,73.748,0,0,1517988,977436,173464,5263732,11737.758,1619.967,0,0,0,0,1890,1417,1.670,1.640,1.040,2,0,1.000,0,0,11,32,0,11,0
14-06 20:42:21,23.244,3.249,72.980,0,0,1551980,943404,173476,5263756,12420.601,1619.557,0,499.863,0,28.992,2049,1628,1.670,1.640,1.040,2,0,1.999,0,0,11,32,0,11,0
14-06 20:42:22,22.256,3.751,73.269,0,0,1497744,997664,173476,5263732,12735.280,1620.417,0,32.008,0,5.001,1908,1305,1.670,1.640,1.040,2,0,1.000,0,0,11,32,0,11,0
14-06 20:42:23,22.747,3.500,73.741,0,0,1540684,954724,173476,5263732,9709.752,1619.792,0,0,0,0,1782,1083,1.670,1.640,1.040,2,0,2.000,0,0,11,32,0,11,0
14-06 20:42:24,22.002,3.500,73.256,0,0,1504932,990452,173476,5263756,10646.818,972.075,0,24.002,0,1.000,1769,1068,1.610,1.630,1.040,2,0,1.000,0,0,11,32,0,9,0
14-06 20:42:25,22.252,3.500,73.508,0,0,1514700,980696,173476,5263744,15398.606,810.084,0,0,0,0,1888,1299,1.610,1.630,1.040,2,0,0,0,0,11,32,0,9,0
14-06 20:42:26,22.997,3.500,73.490,0,0,1547560,947824,173476,5263756,17080.735,1457.807,0,11.998,0,1.000,1862,1095,1.610,1.630,1.040,2,0,2.000,0,0,11,32,0,9,0
14-06 20:42:27,22.743,3.249,73.226,0.250,0,1502160,993252,173476,5263728,12209.999,1619.469,0,51.983,0,2.999,1984,1365,1.610,1.630,1.040,3,0,1.999,0,0,11,32,0,9,0
14-06 20:42:28,22.500,3.000,73.751,0,0,1531116,964268,173476,5263756,12494.189,1620.025,0,80.001,0,3.000,1837,1150,1.610,1.630,1.040,2,0,2.000,0,0,11,32,0,6,0
14-06 20:42:29,22.259,3.752,73.531,0,0.250,1478820,1016652,173476,5263668,25412.572,1458.607,0,0,0,0,1849,1204,1.560,1.620,1.040,2,0,1.000,0,0,11,32,0,6,0
14-06 20:42:30,22.500,3.250,73.501,0,0,1541064,954408,173476,5263668,10883.179,1620.027,0,0,0,0,1795,1096,1.560,1.620,1.040,1,0,2.000,0,0,11,32,0,6,0
14-06 20:42:31,23.745,2.250,72.736,0,0,1547148,948216,173488,5263764,12652.538,1551.698,0,551.893,0,34.993,1955,1485,1.560,1.620,1.040,2,0,0,0,0,11,32,0,6,0
14-06 20:42:32,22.009,3.752,73.280,0,0,1503488,991884,173492,5263752,9959.030,1620.656,0,24.010,0,4.002,1930,1414,1.560,1.620,1.040,2,0,1.000,0,0,11,32,0,4,0
14-06 20:42:33,21.748,4.000,73.495,0,0,1498388,996992,173492,5263744,14504.990,1619.887,0,11.999,0,1.000,1867,1279,1.560,1.620,1.040,2,0,1.000,0,0,11,32,0,4,0
14-06 20:42:34,23.489,3.748,72.715,0,0,1515348,979984,173492,5263792,10358.962,1457.291,0,19.990,0,2.999,1900,1257,1.520,1.610,1.030,2,0,1.999,0,0,11,32,0,4,0
14-06 20:42:35,22.981,2.998,73.440,0,0,1488844,1006492,173492,5263788,12018.183,1618.678,0,19.984,0,0.999,1840,1194,1.520,1.610,1.030,1,0,0.999,0,0,11,32,0,4,0
14-06 20:42:36,22.778,3.254,73.341,0,0,1515524,979812,173492,5263788,12134.071,1622.015,0,0,0,0,1844,1220,1.520,1.610,1.030,1,0,0,0,0,11,32,0,3,0
14-06 20:42:37,22.991,2.999,73.471,0.250,0,1489216,1006104,173492,5263804,12278.096,1619.353,0,95.962,0,2.999,1940,1301,1.520,1.610,1.030,1,0,1.999,0,0,11,32,0,3,0
14-06 20:42:38,23.500,2.750,73.248,0,0,1526688,968632,173492,5263804,13356.719,1457.969,0,0,0,0,1820,1062,1.520,1.610,1.030,1,0,2.000,0,0,11,32,0,3,0
14-06 20:42:39,15.995,11.997,70.730,0,0,1494384,1000892,173492,5263848,9738.228,1619.539,0,99.972,0,4.999,3324,2035,1.480,1.600,1.030,1,0,125.964,0,0,11,32,0,3,0
14-06 20:42:40,9.005,22.012,67.537,0,0,1477156,1018108,173492,5263860,12481.776,1620.880,0,124.067,0,6.003,4981,3038,1.480,1.600,1.030,2,0,244.133,0,0,11,32,0,3,0
14-06 20:42:41,16.761,11.257,70.046,0.750,0,1469608,1025636,173496,5263876,10834.145,1621.069,0,2001.320,0,108.071,3330,2702,1.480,1.600,1.030,1,0,90.059,0,0,11,32,0,3,0
14-06 20:42:42,21.735,3.747,73.451,0,0,1505784,989448,173496,5263888,9715.454,1618.909,0,559.623,0,101.931,1864,1253,1.480,1.600,1.030,2,0,0,0,0,11,32,0,3,0
14-06 20:42:43,24.001,2.250,73.752,0,0,1480796,1014192,173496,5264128,12203.369,1620.049,0,0,0,0,1846,1009,1.480,1.600,1.030,2,0,9.000,0,0,11,32,0,3,0
14-06 20:42:44,20.998,4.500,73.494,0,0,1511156,983832,173496,5264128,10817.158,1457.886,0,103.992,0,4.000,1866,1367,1.440,1.580,1.030,1,0,0,0,0,11,32,0,1,0
14-06 20:42:45,22.486,3.997,72.954,0,0,1501560,993420,173496,5264136,13087.806,1618.986,0,0,0,0,2042,1175,1.440,1.580,1.030,1,0,26.983,0,0,11,32,0,1,0
14-06 20:42:46,11.006,23.013,64.287,0.500,0,1483796,1011052,173496,5264264,12668.312,1620.936,40.023,60.035,2.001,3.002,4979,3129,1.440,1.580,1.030,2,0,259.150,0,0,11,32,0,1,0
14-06 20:42:47,8.500,21.251,68.502,0.250,0,1468232,1026596,173496,5264284,11158.345,1620.050,0,236.007,0,5.000,4809,3006,1.440,1.580,1.030,1,0,230.007,0,0,11,32,0,1,0
14-06 20:42:48,9.747,20.744,67.981,0,0,1453568,1041244,173496,5264296,14022.167,1457.602,0,55.985,0,1.999,4931,3005,1.440,1.580,1.030,1,0,232.936,0,0,11,32,0,1,0
14-06 20:42:49,8.253,22.509,67.526,0,0,1445464,1049328,173496,5264312,11954.538,1350.513,0,204.077,0,3.001,4845,3020,1.480,1.590,1.040,2,0,239.091,0,0,11,32,0,1,0
14-06 20:42:50,9.738,21.973,67.169,0,0,1434680,1060100,173496,5264324,12344.082,1402.305,0,3.995,0,0.999,4788,2979,1.480,1.590,1.040,1,0,238.712,0,0,11,32,0,1,0
14-06 20:42:51,8.493,21.481,67.690,0,0,1424584,1070180,173496,5264340,12287.166,1456.716,0,263.767,0,2.997,4720,2839,1.480,1.590,1.040,2,0,227.799,0,0,11,32,0,1,0
14-06 20:42:52,9.251,21.003,68.011,0,0,1416920,1077824,173496,5264356,13131.064,1620.255,0,632.099,0,9.001,4892,3033,1.480,1.590,1.040,1,0,244.038,0,0,11,32,0,1,0
14-06 20:42:53,9.013,21.531,67.597,0,0,1411580,1083152,173496,5264364,11501.518,1514.175,0,616.886,0,7.010,4817,2905,1.480,1.590,1.040,3,0,237.341,0,0,11,32,0,1,0
14-06 20:42:54,9.255,21.761,67.283,0,0,1407272,1087444,173496,5264380,8664.270,1566.772,0,780.385,0,46.023,4735,2898,1.530,1.600,1.040,1,0,229.113,0,0,11,32,0,1,0
14-06 20:42:55,9.247,21.492,67.725,0,0,1398648,1096052,173496,5264392,8262.899,1619.392,0,527.802,0,5.998,4778,2894,1.530,1.600,1.040,1,0,229.914,0,0,11,32,0,1,0
14-06 20:42:56,9.749,20.749,67.996,0,0,1392576,1102112,173496,5264404,12148.310,1619.908,0,439.975,0,5.000,4796,2899,1.530,1.600,1.040,1,0,219.988,0,0,11,32,0,1,0
14-06 20:42:57,9.004,20.259,69.031,0,0,1387948,1106724,173496,5264420,12737.716,1620.727,0,156.070,0,5.002,4785,2965,1.530,1.600,1.040,3,0,217.097,0,0,11,32,0,1,0
14-06 20:42:58,8.250,21.251,69.003,0,0,1386044,1108616,173496,5264432,14919.549,1620.060,0,100.004,0,5.000,4764,2961,1.530,1.600,1.040,1,0,223.008,0,0,11,32,0,1,0
14-06 20:42:59,8.246,21.241,68.969,0,0,1386080,1108556,173496,5264456,12927.238,1511.326,0,111.950,0,3.998,4786,3002,1.560,1.610,1.050,3,0,221.901,0,0,11,32,0,1,0
14-06 20:43:00,9.997,20.743,68.478,0,0,1382144,1112464,173496,5264476,14187.498,1565.503,0,211.933,0,4.998,4755,2943,1.560,1.610,1.050,2,0,215.931,0,0,11,32,0,1,0
14-06 20:43:01,8.246,23.240,66.721,0,0,1382248,1112348,173496,5264488,12908.326,1619.288,0,23.989,0,5.997,4863,3054,1.560,1.610,1.050,3,0,245.892,0,0,11,32,0,1,0
14-06 20:43:02,9.011,23.528,65.829,0,0,1381488,1113084,173496,5264500,8700.435,1513.816,0,136.163,0,9.011,4863,2928,1.560,1.610,1.050,3,0,239.287,0,0,11,32,0,1,0
14-06 20:43:03,10.746,18.242,69.221,0,0,1377140,1117412,173496,5264520,9498.045,1565.348,0,7.997,0,1.999,4449,2731,1.560,1.610,1.050,1,0,184.923,0,0,11,32,0,1,0
14-06 20:43:04,14.472,24.951,59.633,0,0,1353912,1140628,173496,5264532,12804.903,1509.042,0,219.570,0,7.984,5196,3506,1.520,1.600,1.050,4,0,294.423,0,0,11,34,0,2,0
14-06 20:43:05,27.565,29.570,40.846,0,0.501,1399620,1094900,173496,5264552,11821.868,1569.700,0,589.389,0,33.078,5781,3958,1.520,1.600,1.050,5,0,328.775,0,0,11,32,0,3,0
14-06 20:43:06,55.952,23.730,19.983,0.500,0,1509960,984392,173516,5264668,13781.146,1618.608,0,663.429,0,47.959,5345,3924,1.520,1.600,1.050,4,0,286.753,0,0,11,32,0,7,0
14-06 20:43:07,65.794,9.006,24.266,1.001,0,1657844,833988,173648,5266624,12203.136,1458.973,16.011,0,1.001,0,3627,1573,1.520,1.600,1.050,5,0,3.002,0,0,11,32,0,7,0
14-06 20:43:08,45.459,7.244,32.221,11.739,0,1680364,802024,174404,5274420,12584.719,1618.549,427.617,29665.408,8.992,2186.040,11452,20597,1.520,1.600,1.050,12,2,74.933,0,0,11,38,0,9,0
14-06 20:43:09,35.986,13.495,32.237,13.495,0,1675976,801984,174880,5278256,10293.858,1511.392,0,43854.353,0,3036.778,13558,23967,1.800,1.650,1.070,6,0,83.966,0,0,11,36,0,9,0
14-06 20:43:10,44.766,8.753,32.262,11.254,0,1734716,738112,175132,5282964,8260.954,1566.560,0,23308.334,0,1982.709,11936,19129,1.800,1.650,1.070,5,2,54.019,0,0,11,36,0,9,0
14-06 20:43:11,38.287,11.762,32.782,12.762,0,1743036,725456,175280,5287580,18950.545,7301.145,0,42713.800,0,2945.883,13342,24665,1.800,1.650,1.070,4,2,73.072,0,0,11,37,0,9,0
14-06 20:43:12,43.202,10.239,30.716,12.236,0,1747956,715572,175420,5291656,14764.439,5292.064,0,42300.551,0,3228.379,13857,30736,1.800,1.650,1.070,5,0,28.968,0,0,11,36,0,11,0
14-06 20:43:13,38.515,13.755,28.511,15.756,0,1678812,779628,175592,5296392,22382.495,1620.615,0,38382.567,0,3054.159,12929,22748,1.800,1.650,1.070,4,0,81.031,0,0,11,36,0,10,0
14-06 20:43:14,47.785,9.257,27.020,12.009,0,1720340,734204,175948,5299816,13319.753,2978.181,0,31146.805,0,2328.705,12135,19517,2.050,1.710,1.090,4,1,27.020,0,0,11,37,0,10,0
14-06 20:43:15,45.829,12.522,27.047,11.269,0,1645364,805976,176208,5302580,17259.763,7064.182,0,36382.739,0,2472.263,11977,20434,2.050,1.710,1.090,3,1,52.090,0,0,11,35,0,10,0
14-06 20:43:16,34.715,21.978,30.469,9.490,0,1632988,814348,176456,5306612,20042.803,8417.518,371.626,25458.346,5.994,1960.025,14178,23123,2.050,1.710,1.090,12,1,263.734,0,0,11,35,0,10,0
14-06 20:43:17,45.065,17.275,26.288,9.263,0,1635564,807976,176596,5309664,17451.232,7536.897,0,34834.366,0,2586.740,14724,27247,2.050,1.710,1.090,4,0,110.159,0,0,11,34,0,10,0
14-06 20:43:18,45.511,22.005,20.755,10.002,0.250,1612572,827928,176696,5312504,9095.139,1512.356,1800.423,36177.509,35.008,2436.573,12775,22384,2.050,1.710,1.090,3,0,182.043,0,0,11,36,0,10,0
14-06 20:43:19,32.108,9.209,43.557,11.200,0,1642304,797524,176740,5313120,17659.781,6741.142,0,24364.086,0,2078.793,10763,18313,2.210,1.750,1.110,2,2,75.665,0,0,11,37,0,10,0
14-06 20:43:20,34.311,8.265,41.574,12.272,0,1635196,802784,176812,5314844,14956.640,3449.143,0,29781.045,0,2163.854,10669,18408,2.210,1.750,1.110,5,1,18.032,0,0,11,37,0,10,0
14-06 20:43:21,30.616,8.463,46.795,10.454,0,1629492,807104,176920,5316088,14579.126,6765.360,0,23393.508,0,1863.834,10832,18334,2.210,1.750,1.110,1,1,23.895,0,0,11,37,0,10,0
14-06 20:43:22,31.394,7.535,44.454,12.055,0,1621576,815148,177088,5315780,17055.254,6472.698,0,25826.498,0,2062.463,11121,19290,2.210,1.750,1.110,1,1,6.028,0,0,11,37,0,10,0
14-06 20:43:23,32.223,10.242,42.715,10.242,0,1566668,870664,177212,5315052,13939.448,4428.330,0,25950.494,0,2258.129,10905,18277,2.210,1.750,1.110,1,1,43.964,0,0,11,36,0,11,0
14-06 20:43:24,34.764,11.255,39.516,11.255,0,1600116,836284,177316,5315876,13258.356,1512.611,0,20368.228,0,1811.732,9840,16208,2.350,1.780,1.120,5,1,54.022,0,0,11,36,0,11,0
14-06 20:43:25,33.513,8.253,41.767,12.755,0,1634956,800472,177412,5316720,11669.682,3912.570,0,26446.611,0,2221.891,10719,18069,2.350,1.780,1.120,3,1,18.007,0,0,11,37,0,11,0
14-06 20:43:26,35.496,7.749,41.746,10.999,0,1628080,807768,177472,5316232,14181.532,5582.422,0,23461.571,0,2148.778,11385,19993,2.350,1.780,1.120,2,2,11.999,0,0,11,37,0,11,0
14-06 20:43:27,32.999,8.000,43.999,11.000,0,1621756,813268,177508,5317008,17643.692,6638.884,0,30011.476,0,2214.961,11454,19408,2.350,1.780,1.120,3,0,10.000,0,0,11,37,0,11,0
14-06 20:43:28,38.241,7.498,40.991,9.248,0.250,1616472,817796,177540,5317716,18598.850,5873.689,0,16140.399,0,1524.660,10307,16619,2.350,1.780,1.120,8,1,20.995,0,0,11,37,0,11,0
14-06 20:43:29,38.804,8.261,40.556,9.764,0,1516248,917248,177556,5318448,16158.450,4994.940,0,23977.314,0,1830.543,9735,16090,2.570,1.840,1.140,3,1,35.049,0,0,11,36,0,11,0
14-06 20:43:30,40.119,9.967,35.634,10.715,0,1560820,871588,177604,5319460,10997.056,1614.722,0,14269.360,0,1564.885,9574,16064,2.570,1.840,1.140,2,0,33.889,0,0,11,36,0,11,0
14-06 20:43:31,33.110,7.274,43.143,13.043,0,1592108,838872,177696,5320764,14792.099,4084.558,0,32832.982,0,2672.872,11810,21625,2.570,1.840,1.140,1,1,30.100,0,0,11,37,0,11,0
14-06 20:43:32,33.754,6.751,44.506,12.752,0,1597240,831792,177756,5322580,17229.188,8596.092,0,28163.577,0,2408.306,12133,22056,2.570,1.840,1.140,1,1,15.002,0,0,11,37,0,11,0
14-06 20:43:33,31.443,7.736,45.418,11.230,0,1594104,832592,177792,5324820,16578.130,6925.522,0,26128.922,0,2083.246,12270,20845,2.570,1.840,1.140,6,0,29.946,0,0,11,37,0,11,0
14-06 20:43:34,33.030,8.258,43.540,11.511,0,1591512,833500,177816,5326424,17664.149,6972.374,0,29743.191,0,2156.972,11658,19723,2.680,1.870,1.160,2,1,15.014,0,0,11,36,0,12,0
14-06 20:43:35,30.697,13.477,40.430,12.478,0,1539076,884904,177832,5327416,15487.082,1617.189,0,24233.879,0,2044.447,10552,17874,2.680,1.870,1.160,3,1,78.863,0,0,11,36,0,12,0
14-06 20:43:36,35.560,8.765,39.566,13.022,0,1590028,832248,177856,5329040,15000.107,3489.841,0,30635.277,0,2400.017,11247,19249,2.680,1.870,1.160,7,0,51.086,0,0,11,37,0,12,0
14-06 20:43:37,35.480,8.745,39.978,11.993,0,1589068,831996,177856,5330224,18029.072,5741.838,0,22371.680,0,1921.942,11079,18630,2.680,1.870,1.160,3,0,39.978,0,0,11,37,0,12,0
14-06 20:43:38,31.967,10.989,41.457,12.737,0,1556952,862812,177876,5331460,14388.958,4261.545,0,35546.840,0,2696.181,11850,20738,2.680,1.870,1.160,2,1,63.933,0,0,11,36,0,13,0
14-06 20:43:39,37.369,8.969,37.369,12.705,0,1599756,818964,177924,5332428,12574.938,1560.532,0,28045.730,0,2262.074,10772,18864,2.790,1.910,1.180,5,1,11.958,0,0,11,36,0,13,0
14-06 20:43:40,34.176,8.544,43.222,10.806,0,1621932,797660,177936,5331516,17477.792,6643.129,0,26536.329,0,1959.065,10648,18365,2.790,1.910,1.180,4,0,12.062,0,0,11,37,0,13,0
14-06 20:43:41,29.504,12.252,42.505,12.502,0,1611492,812424,177972,5327140,11160.387,3301.410,0,33536.168,0,2711.337,13032,24051,2.790,1.910,1.180,1,1,60.007,0,0,11,36,0,14,0
14-06 20:43:42,37.195,9.236,38.942,10.484,0,1650100,772648,177984,5328300,12187.836,1563.670,0,29260.393,0,2264.625,9963,17889,2.790,1.910,1.180,5,0,14.978,0,0,11,36,0,14,0
14-06 20:43:43,32.995,7.499,44.993,11.498,0,1660576,761076,177988,5329388,20067.681,6764.881,0,28767.242,0,2284.622,10607,18927,2.790,1.910,1.180,2,1,17.997,0,0,11,37,0,14,0
14-06 20:43:44,38.750,6.250,47.250,5.250,0,1515316,906512,178008,5329192,14555.908,6143.961,0,13855.912,0,1006.994,7144,10307,2.640,1.890,1.170,2,1,26.000,0,0,11,33,0,15,0
14-06 20:43:45,26.258,22.007,50.515,0,0,1431560,990216,178008,5329240,12981.958,2014.614,0,1548.472,0,76.023,5085,3505,2.640,1.890,1.170,3,0,238.073,0,0,11,32,0,16,0
14-06 20:43:46,22.767,3.252,72.805,0.250,0,1471100,950676,178008,5329240,11449.602,1405.056,0,1048.788,0,67.050,2001,1496,2.640,1.890,1.170,3,0,0,0,0,11,32,0,16,0
14-06 20:43:47,19.255,2.751,76.521,0.750,0.250,1481668,940100,178008,5329248,17973.935,6767.858,0,3048.837,0,178.049,2321,2211,2.640,1.890,1.170,2,0,1.000,0,0,11,33,0,16,0
14-06 20:43:48,18.249,2.750,76.997,0,0,1475520,946228,178008,5329268,18807.383,7508.754,0,99.997,0,10.000,3668,3909,2.640,1.890,1.170,1,0,0,0,0,11,32,0,17,0
14-06 20:43:49,12.224,17.213,69.350,0.499,0,1391744,1029964,178008,5329308,9101.298,1616.501,0,291.369,0,17.961,4260,2670,2.590,1.900,1.180,2,0,183.603,0,0,11,32,0,17,0
14-06 20:43:50,9.262,22.028,66.335,0,0,1379428,1042156,178008,5329432,12379.950,1622.090,0,572.738,0,36.046,5130,3392,2.590,1.900,1.180,1,0,232.299,0,0,11,32,0,17,0
14-06 20:43:51,15.234,26.223,57.690,0.250,0,1366716,1054844,178008,5329456,10354.318,1618.330,0,407.580,0,31.967,5257,3456,2.590,1.900,1.180,2,0,277.714,0,0,11,32,0,19,0
14-06 20:43:52,59.506,14.563,25.108,0.251,0,1458600,962764,178024,5329636,9799.075,1464.287,0,694.984,0,48.207,4718,2803,2.590,1.900,1.180,4,0,104.448,0,0,11,32,0,23,0
14-06 20:43:53,65.749,9.750,24.250,0,0,1610364,809324,178080,5331088,13917.866,1619.984,0,4.000,0,1.000,3715,1571,2.590,1.900,1.180,3,0,2.000,0,0,11,32,0,23,0
14-06 20:43:54,67.758,7.501,24.253,0.250,0,1777788,637992,178224,5334456,11988.359,1620.184,0,3104.352,0,167.019,4006,1886,2.620,1.910,1.190,3,0,6.001,0,0,11,32,0,23,0
14-06 20:43:55,46.131,8.229,34.412,8.977,0,1796872,612344,178288,5340652,12979.650,1454.263,0,23994.348,0,1831.295,11005,17551,2.620,1.910,1.190,0,1,89.769,0,0,11,38,0,23,0
14-06 20:43:56,29.987,10.495,41.232,12.494,0,1796676,607556,178324,5345456,14239.631,1295.421,0,41585.399,0,3077.623,13951,24678,2.620,1.910,1.190,4,0,92.958,0,0,11,38,0,23,0
14-06 20:43:57,26.968,9.738,42.949,13.983,0,1797060,603032,178352,5349392,8758.580,485.423,0,48118.755,0,3362.000,13742,25360,2.620,1.910,1.190,3,0,79.905,0,0,11,38,0,23,0
14-06 20:43:58,32.958,8.489,39.949,14.232,0,1797108,597992,178388,5354192,24187.367,1456.156,0,25871.234,0,2188.229,12352,20628,2.620,1.910,1.190,4,1,107.863,0,0,11,38,0,23,0
14-06 20:43:59,24.036,9.764,44.816,15.273,0,1796232,595220,178412,5357716,11078.418,1664.467,0,43252.098,0,3228.785,13607,24331,2.570,1.920,1.190,1,2,69.102,0,0,11,38,0,23,0
14-06 20:44:00,22.490,9.746,46.729,15.993,0,1796176,592448,178420,5360360,10065.539,1457.354,0,47922.760,0,3344.518,13659,25173,2.570,1.920,1.190,2,0,47.979,0,0,11,38,0,23,0
14-06 20:44:01,40.288,8.758,32.531,13.012,0,1797100,588416,178444,5363364,12377.760,1621.541,0,38348.435,0,2820.680,12449,22027,2.570,1.920,1.190,6,0,66.063,0,0,11,38,0,23,0
14-06 20:44:02,39.500,16.750,27.500,12.500,0,1695876,685944,178472,5366924,11050.047,1620.007,0,34448.147,0,2521.011,12890,22285,2.570,1.920,1.190,1,1,153.001,0,0,11,36,0,23,0
14-06 20:44:03,42.736,12.246,29.241,12.246,0,1745064,631816,178504,5371660,14382.355,1457.529,0,40554.901,0,2806.094,12439,22321,2.570,1.920,1.190,6,0,54.982,0,0,11,36,0,23,0
14-06 20:44:04,43.627,11.032,29.335,12.536,0,1790944,580884,178540,5376520,10631.834,1624.712,0,37448.607,0,2749.975,13065,22520,2.530,1.920,1.200,5,1,68.198,0,0,11,36,0,23,0
14-06 20:44:05,48.728,9.496,27.238,11.495,0.250,1748452,618812,178552,5380924,8176.375,1619.282,0,52652.654,0,3510.443,12940,24166,2.530,1.920,1.200,1,1,28.987,0,0,11,36,0,23,0
14-06 20:44:06,19.221,12.481,47.928,14.978,0,1735708,625404,178572,5386756,14271.658,1617.581,0,47824.483,0,3070.408,13007,23147,2.530,1.920,1.200,3,0,45.931,0,0,11,36,0,17,0
14-06 20:44:07,21.506,7.002,50.514,15.254,0,1724920,630984,178584,5391768,12198.261,1620.433,0,25310.766,0,2038.545,10823,18942,2.530,1.920,1.200,1,0,19.005,0,0,11,36,0,17,0
14-06 20:44:08,16.978,10.487,49.687,16.729,0,1715336,639772,178584,5392540,12252.444,1617.946,0,50288.155,0,3402.680,13132,24554,2.530,1.920,1.200,1,3,29.962,0,0,11,36,0,17,0
14-06 20:44:09,25.226,8.242,46.955,14.736,0,1709136,644416,178584,5394048,11234.290,1618.457,0,34559.054,0,2630.492,12205,21695,2.570,1.940,1.210,5,1,32.969,0,0,11,36,0,17,0
14-06 20:44:10,27.564,8.019,44.103,14.785,0,1701968,650040,178588,5395552,16460.498,1461.418,0,34596.915,0,2679.266,12123,21245,2.570,1.940,1.210,1,1,48.113,0,0,11,36,0,15,0
14-06 20:44:11,38.498,13.249,41.747,5.250,0,1419512,932052,178588,5395984,11507.286,1619.900,0,15187.058,0,1153.928,7960,10282,2.570,1.940,1.210,2,0,147.991,0,0,11,32,0,15,0
14-06 20:44:12,26.747,17.248,52.493,1.750,0,1397952,953588,178588,5396004,8828.871,1457.814,0,5647.278,0,312.960,4674,15104,2.570,1.940,1.210,1,0,151.981,0,0,11,32,0,16,0
14-06 20:44:13,21.753,3.751,72.761,0.750,0,1454740,896800,178588,5396004,8447.276,1620.245,0,1472.222,0,80.012,2084,1697,2.570,1.940,1.210,1,0,1.000,0,0,11,32,0,16,0
14-06 20:44:14,23.501,2.750,71.253,0.750,0.250,1508164,843376,178588,5396004,13238.555,1620.068,0,3860.162,0,227.010,2490,2320,2.440,1.920,1.210,1,0,2.000,0,0,11,36,0,14,0
14-06 20:44:15,24.746,1.250,72.987,0.250,0,1448448,903088,178588,5396008,10134.218,1457.744,0,175.969,0,14.997,2134,1602,2.440,1.920,1.210,2,0,0,0,0,11,34,0,14,0
14-06 20:44:16,20.750,5.250,73.001,0,0,1407536,943996,178588,5396012,13953.277,1620.032,0,392.008,0,12.000,2262,1505,2.440,1.920,1.210,2,0,27.001,0,0,11,32,0,14,0
14-06 20:44:17,23.003,3.250,73.510,0,0,1471288,880240,178588,5396012,14342.033,1458.207,0,76.011,0,4.001,1894,1210,2.440,1.920,1.210,1,0,2.000,0,0,11,32,0,14,0
14-06 20:44:18,23.002,3.250,73.008,0.250,0,1437060,914464,178592,5396012,12991.390,1620.173,0,92.010,0,12.001,2205,1643,2.440,1.920,1.210,1,0,13.001,0,0,11,32,0,14,0
14-06 20:44:19,12.982,35.700,49.681,0.250,0,1437700,913792,178592,5396044,12345.740,1497.906,0,287.598,0,17.975,5667,3693,2.400,1.920,1.210,2,0,385.461,0,0,11,32,0,14,0
14-06 20:44:20,14.233,40.952,42.451,0,0,1429396,922068,178592,5396072,7692.069,485.436,0,135.842,0,12.985,5960,4192,2.400,1.920,1.210,4,0,438.491,0,0,11,32,0,14,0
14-06 20:44:21,13.786,35.342,49.378,0,0,1422164,929280,178592,5396092,8827.911,1341.482,0,236.614,0,19.049,5630,3704,2.400,1.920,1.210,2,0,409.062,0,0,11,32,0,14,0
14-06 20:44:22,7.997,22.241,68.222,0,0,1414144,937292,178592,5396100,13334.595,1619.344,0,27.989,0,6.997,4728,2706,2.400,1.920,1.210,2,0,243.901,0,0,11,32,0,14,0
14-06 20:44:23,9.254,22.009,67.277,0,0,1410500,940888,178592,5396148,13173.222,1620.642,0,16.006,0,4.002,4848,2785,2.400,1.920,1.210,1,0,245.097,0,0,11,32,0,14,0
14-06 20:44:24,9.493,18.986,69.699,0,0,1406024,945340,178592,5396172,12692.719,1618.816,0,3.997,0,0.999,4658,2924,2.210,1.890,1.200,2,0,210.846,0,0,11,32,0,14,0
14-06 20:44:25,9.501,19.252,69.759,0,0,1401876,949468,178592,5396192,10914.383,1620.205,0,12.002,0,3.000,4602,2785,2.210,1.890,1.200,3,0,193.024,0,0,11,32,0,14,0
14-06 20:44:26,10.257,20.514,68.045,0,0,1398872,952444,178592,5396208,12614.321,1458.962,0,4086.696,0,36.024,4610,2802,2.210,1.890,1.200,1,0,181.119,0,0,11,32,0,14,0
14-06 20:44:27,9.217,20.677,68.508,0,0,1405232,946072,178592,5396564,10997.083,1614.287,0,19.929,0,4.982,4490,2755,2.210,1.890,1.200,4,0,174.383,0,0,11,32,0,13,0
14-06 20:44:28,23.829,16.304,58.444,0.251,0,1395936,955204,178592,5396792,9573.741,1625.389,0,284.945,0,10.033,5393,7246,2.210,1.890,1.200,2,0,117.389,0,0,11,32,0,13,0
14-06 20:44:29,41.085,16.785,41.336,0,0,1445128,905900,178604,5396924,12777.472,1461.027,0,396.822,0,25.052,4436,2929,2.280,1.910,1.210,3,0,131.272,0,0,11,33,0,13,0
14-06 20:44:30,44.420,5.989,49.162,0,0,1559276,791744,178604,5396932,14147.589,1617.095,0,15.971,0,0.998,2654,1383,2.280,1.910,1.210,3,0,0,0,0,11,33,0,13,0
14-06 20:44:31,52.199,3.247,43.957,0,0,1615380,735324,178620,5397200,9626.588,1712.326,103.898,2297.753,0.999,277.728,3959,2819,2.280,1.910,1.210,3,0,16.983,0,0,11,49,0,13,0
14-06 20:44:32,47.118,8.521,43.359,0,0,1652680,693776,178676,5400988,14304.963,1624.083,0,380.958,0,17.043,4869,6099,2.280,1.910,1.210,2,0,36.091,0,0,11,48,0,13,0
14-06 20:44:33,9.464,19.427,69.488,0,0,1661132,685236,178680,5401060,13333.747,1613.917,0,251.054,0,6.974,4907,3235,2.280,1.910,1.210,3,0,222.163,0,0,11,48,0,13,0
14-06 20:44:34,18.057,17.305,62.950,0.251,0,1665516,680756,178680,5401444,14150.979,1462.649,0,1681.344,0,18.057,4684,4365,2.170,1.890,1.210,2,0,154.491,0,0,11,48,0,13,0
14-06 20:44:35,15.686,10.955,71.957,0,0,1667476,678772,178680,5401108,11153.581,1613.430,0,0,0,0,3862,4453,2.170,1.890,1.210,0,0,83.659,0,0,11,48,0,12,0
14-06 20:44:36,1.003,0.752,98.010,0,0,1667204,679044,178680,5401108,8408.341,1624.316,0,0,0,0,658,869,2.170,1.890,1.210,0,0,3.008,0,0,11,48,0,12,0
14-06 20:44:37,0.500,0.750,98.222,0,0,1667204,679044,178680,5401108,14728.742,1457.579,0,3.999,0,1.000,786,864,2.170,1.890,1.210,1,0,2.999,0,0,11,48,0,12,0
14-06 20:44:38,0.750,0.500,97.758,0,0,1666072,680168,178680,5401116,13095.120,1620.139,0,164.014,0,9.001,967,1330,2.170,1.890,1.210,1,0,2.000,0,0,11,48,0,12,0
14-06 20:44:39,2.250,3.500,93.260,0,0,1648956,697308,178680,5401112,9373.978,1620.169,0,456.048,0,24.003,1463,1513,2,1.860,1.210,0,0,27.003,0,0,11,48,0,11,0
14-06 20:44:40,17.533,14.527,65.874,0.250,0,1658268,687872,178680,5401680,12631.792,1623.057,0,100.189,0,6.011,4549,4741,2,1.860,1.210,1,0,173.326,0,0,11,48,0,11,0
14-06 20:44:41,35.150,17.201,46.867,0.499,0,1665704,680420,178680,5401260,12246.318,1615.425,0,275.221,0,30.912,5260,5997,2,1.860,1.210,1,0,158.551,0,0,11,64,0,11,0
14-06 20:44:42,12.761,20.017,65.556,0,0,1711608,634464,178680,5401284,25255.668,1621.391,0,0,0,0,4751,3465,2,1.860,1.210,1,0,212.182,0,0,12,64,0,11,0
14-06 20:44:43,11.722,19.703,66.340,0,0,1716852,629040,178680,5401440,12582.733,1853.541,0,0,0,0,4696,3079,2,1.860,1.210,2,0,181.563,0,0,12,64,0,10,0
14-06 20:44:44,24.813,16.041,58.648,0,0,1705388,640484,178680,5401884,10326.074,1624.101,0,4.010,0,1.003,5152,6498,2.160,1.900,1.220,2,0,119.301,0,0,12,64,0,10,0
14-06 20:44:45,14.996,16.496,66.983,0,0,1674988,670900,178680,5401440,13477.515,1457.623,0,279.928,0,16.996,4246,3471,2.160,1.900,1.220,0,0,186.952,0,0,12,64,0,10,0
14-06 20:44:46,6.497,12.743,78.708,0,0,1674984,670880,178680,5401464,13210.982,1619.140,0,3.998,0,0.999,3274,2275,2.160,1.900,1.220,1,0,121.935,0,0,14,64,0,10,0
14-06 20:44:47,23.071,18.557,56.674,0,0.251,1686244,659596,178680,5401920,12268.743,1624.999,0,260.802,0,6.019,6073,7617,2.160,1.900,1.220,1,0,146.451,0,0,14,66,0,8,0
14-06 20:44:48,15.964,12.472,70.590,0,0,1678768,667064,178680,5401496,10747.591,1496.601,0,211.520,0,15.964,3870,3240,2.160,1.900,1.220,2,0,116.735,0,0,14,66,0,9,0
14-06 20:44:49,9.495,19.990,68.715,0.250,0.250,1673100,672716,178680,5401512,11823.929,1619.169,0,383.803,0,23.988,4769,3047,2.070,1.880,1.220,1,0,224.885,0,0,14,66,0,9,0
14-06 20:44:50,8.981,20.208,69.105,0,0,1667260,678536,178680,5401532,12197.395,1454.946,0,7.983,0,1.996,4606,2794,2.070,1.880,1.220,1,0,190.600,0,0,14,66,0,9,0
14-06 20:44:51,9.776,20.554,68.178,0,0,1662200,683580,178680,5401548,11214.295,1624.243,0,88.230,0,10.026,4651,2908,2.070,1.880,1.220,1,0,193.505,0,0,14,66,0,8,0
14-06 20:44:52,21.989,16.242,59.471,0,0,1669884,675892,178680,5401996,9114.519,1457.284,0,5181.453,0,353.826,6071,7330,2.070,1.880,1.220,6,0,122.940,0,0,14,66,0,8,0
14-06 20:44:53,24.449,16.216,57.629,0,0,1684736,661008,178680,5401568,13224.339,1748.343,0,15.967,0,3.992,4149,2795,2.070,1.880,1.220,3,0,113.762,0,0,14,66,0,8,0
14-06 20:44:54,28.314,27.312,43.849,0,0,1725752,619912,178692,5401600,10518.828,1623.678,0,276.627,0,7.016,5245,3120,2.140,1.900,1.230,2,0,231.524,0,0,14,66,0,8,0
14-06 20:44:55,30.260,23.758,44.765,0,0,1785820,559732,178716,5401680,11468.941,1458.501,0,264.091,0,3.001,5193,3007,2.140,1.900,1.230,2,0,218.075,0,0,14,66,0,2,0
14-06 20:44:56,31.983,24.737,42.227,0,0,1838176,505844,178768,5403060,10782.160,1619.123,7.996,0,0.999,0,5706,4729,2.140,1.900,1.230,4,0,282.847,0,0,14,70,0,4,0
14-06 20:44:57,29.075,25.316,44.365,0,0,1924820,419160,178768,5403092,13302.512,1624.214,0,4.010,0,1.003,5437,3309,2.140,1.900,1.230,3,0,241.627,0,0,14,70,0,4,0
14-06 20:44:58,30.200,23.710,44.675,0,0,1964992,378972,178768,5403108,11249.205,1617.298,0,23.960,0,5.990,5051,2921,2.140,1.900,1.230,2,0,176.705,0,0,14,70,0,4,0
14-06 20:44:59,25.499,21.999,50.748,0,0,1978300,365436,178772,5403316,9385.545,1619.921,0,1263.939,0,10.000,4919,2986,2.130,1.900,1.230,2,0,188.991,0,0,14,70,0,4,0
14-06 20:45:00,16.764,16.764,64.053,0,0,1985576,358012,178772,5403896,9157.636,1459.217,0,12.010,0,3.003,5053,4829,2.130,1.900,1.230,1,0,153.128,0,0,14,70,0,4,0
14-06 20:45:01,25.981,14.739,58.458,0,0,1978260,365280,178772,5403928,12484.083,1618.844,0,1167.166,0,6.995,4329,4560,2.130,1.900,1.230,4,0,94.932,0,0,14,70,0,4,0
14-06 20:45:02,46.792,29.777,20.268,0,0,2066524,276952,178784,5403968,11946.726,1621.456,0,676.607,0,96.086,5517,3537,2.130,1.900,1.230,5,0,277.249,0,0,14,70,0,4,0
14-06 20:45:03,55.320,24.670,19.188,0,0,2147316,195604,178792,5404892,12511.362,1542.988,0,31.896,0,7.974,6543,6104,2.130,1.900,1.230,5,0,329.928,0,0,14,70,0,4,0
14-06 20:45:04,63.896,19.044,14.784,0,0,2190024,151440,178860,5405580,12193.955,1623.722,0,344.790,0,5.011,5343,6266,2.200,1.920,1.240,6,0,223.512,0,0,14,70,0,4,0
14-06 20:45:05,67.377,24.705,4.991,3.244,0,2258556,169280,165072,5334168,16003.669,1455.333,379.305,1473.300,62.885,40.925,5684,5399,2.200,1.920,1.240,4,0,446.182,0,0,14,74,0,4,0
14-06 20:45:06,71.227,17.807,5.267,4.765,0,2383188,134504,164408,5247592,11358.183,1625.177,288.920,10525.530,29.093,884.819,9392,14766,2.200,1.920,1.240,7,1,158.505,0,0,14,74,0,4,0
14-06 20:45:07,48.756,23.003,13.001,14.002,0,2419904,155052,164464,5191884,8737.006,1620.187,3724.429,25894.982,160.018,1470.169,13037,19936,2.200,1.920,1.240,5,1,402.046,0,0,14,74,0,4,0
14-06 20:45:08,72.249,21.425,3.986,2.242,0,2533000,183296,164624,5053716,12116.863,1452.947,2180.418,13293.771,105.633,1018.458,9451,16735,2.200,1.920,1.240,10,1,298.960,0,0,14,76,0,6,0
14-06 20:45:09,72.219,22.569,3.511,1.254,0,2620300,169640,164612,4981516,12614.288,1624.932,822.496,1428.335,41.125,72.219,8538,14324,2.580,2.010,1.270,3,1,380.154,0,0,14,91,0,16,0
14-06 20:45:10,53.762,24.506,20.505,0.250,0,2722360,142456,164616,4908452,10539.372,1620.365,8.002,832.187,2.000,50.011,6602,5802,2.580,2.010,1.270,4,0,467.105,0,0,14,93,0,17,0
14-06 20:45:11,55.654,20.870,22.361,0,0,2801176,204636,164616,4770252,14274.314,1448.997,0,11.926,0,2.981,6509,9751,2.580,2.010,1.270,6,0,211.685,0,0,14,93,0,19,0
14-06 20:45:12,52.266,18.343,27.138,1.256,0,2882592,120444,164620,4775940,12743.812,1628.281,1483.545,2657.515,50.256,16.082,6681,13668,2.580,2.010,1.270,6,1,232.181,0,0,14,91,0,20,0
14-06 20:45:13,50.495,8.749,38.746,1.000,0,2967524,172800,164500,4639184,17735.379,1619.852,659.940,5199.525,40.996,254.977,4247,14181,2.580,2.010,1.270,2,0,7.999,0,0,14,96,0,23,0
14-06 20:45:14,27.721,13.736,56.692,0.250,0,3011216,128344,164512,4639892,17083.433,1708.243,7.992,591.392,1.998,38.960,4821,4113,2.620,2.020,1.280,1,0,117.879,0,0,14,99,0,24,0
14-06 20:45:15,9.247,19.493,69.976,0,0,3015476,192380,164512,4573096,8574.041,1499.483,0,687.763,0,38.987,4583,3039,2.620,2.020,1.280,2,0,198.931,0,0,14,99,0,24,0
14-06 20:45:16,8.753,18.757,70.528,0.250,0,3015228,192604,164512,4573120,12504.890,1620.634,8.003,72.028,2.001,8.003,4747,3027,2.620,2.020,1.280,2,0,201.079,0,0,14,99,0,23,0
14-06 20:45:17,9.248,19.496,69.737,0.250,0,3020020,187788,164516,4573140,10606.069,1619.705,3.999,883.839,1.000,13.997,4638,2997,2.620,2.020,1.280,1,0,209.962,0,0,14,99,0,23,0
14-06 20:45:18,11.257,19.762,67.290,0,0,3022592,185196,164516,4573160,14294.510,1620.965,4.002,140.083,1.001,4.002,4736,2997,2.620,2.020,1.280,1,0,208.124,0,0,14,101,0,23,0
14-06 20:45:19,17.247,7.999,72.238,1.500,0,3054084,152940,164516,4573924,11015.198,1499.755,759.876,3.999,30.995,1.000,2596,1772,2.490,2,1.280,3,0,56.991,0,0,14,101,0,23,0
14-06 20:45:20,29.922,4.239,64.830,0.249,0,3104664,170704,164520,4507256,12614.972,1657.660,147.614,163.572,8.976,20.945,2304,1416,2.490,2,1.280,1,0,2.992,0,0,14,107,0,23,0
14-06 20:45:21,19.794,3.007,76.671,0,0,3112408,162904,164524,4507308,19846.216,8027.886,48.107,40.089,4.009,3.007,2172,1705,2.490,2,1.280,2,0,1.002,0,0,14,113,0,23,0
14-06 20:45:22,25.257,2.751,71.520,0,0,3118592,156708,164524,4507320,25294.959,18356.050,4.001,404.111,1.000,30.008,2737,2334,2.490,2,1.280,1,0,1.000,0,0,14,113,0,24,0
14-06 20:45:23,34.514,12.755,51.021,0.250,0.250,3147160,193312,164396,4443488,10887.525,1620.674,12.005,228.095,3.001,25.010,4072,3020,2.490,2,1.280,2,0,67.028,0,0,14,115,0,24,0
14-06 20:45:24,25.992,3.249,69.228,0.750,0,3199612,140696,164396,4443636,14593.460,4007.753,0,8313.414,0,527.836,3171,2620,2.450,2,1.290,2,0,2.999,0,0,14,120,0,24,0
14-06 20:45:25,19.494,2.749,76.228,0,0,3202120,138176,164396,4443652,14969.641,5850.296,0,339.901,0,26.992,2497,2218,2.450,2,1.290,1,0,0,0,0,14,122,0,24,0
14-06 20:45:26,23.512,4.252,70.035,1.501,0,3202972,136692,164404,4444228,14447.187,1620.806,304.151,1304.649,17.008,151.075,3738,4661,2.450,2,1.290,1,0,0,0,0,14,122,0,24,0
14-06 20:45:27,29.688,5.239,63.119,0.499,0,3212348,127172,164404,4444356,24862.216,1454.970,15.967,4127.403,0.998,143.701,5171,6524,2.450,2,1.290,2,1,3.992,0,0,14,125,0,25,0
14-06 20:45:28,20.036,12.022,65.619,1.252,0,3143980,195504,164404,4444388,14129.549,2834.125,0,1506.724,0,113.205,4320,3774,2.450,2,1.290,1,0,111.201,0,0,14,124,0,26,0
14-06 20:45:29,22.747,3.250,73.490,0,0,3199420,140064,164404,4444388,12665.341,1619.788,0,527.931,0,30.996,1759,1266,2.330,1.990,1.280,1,0,0,0,0,14,124,0,26,0
14-06 20:45:30,17.482,3.746,78.169,0,0,3222016,183136,164404,4380464,17007.362,8021.681,63.934,435.548,3.996,24.974,2169,1827,2.330,1.990,1.280,1,0,0,0,0,14,125,0,26,0
14-06 20:45:31,19.265,3.253,74.808,0.751,0,3224400,180644,164404,4380572,11479.841,3702.852,64.049,2181.680,7.005,162.125,3215,3910,2.330,1.990,1.280,1,0,0,0,0,14,125,0,26,0
14-06 20:45:32,31.082,5.765,62.414,0.501,0,3249168,155708,164416,4380728,15272.176,2821.422,12.032,982.585,3.008,98.258,4288,4858,2.330,1.990,1.280,2,0,3.008,0,0,14,124,0,27,0
14-06 20:45:33,49.924,17.224,31.202,0,0,3262140,208064,164416,4317344,12565.854,1455.782,0,651.008,0,37.942,5514,4892,2.330,1.990,1.280,2,0,100.846,0,0,14,126,0,28,0
14-06 20:45:34,45.357,6.230,47.351,0.249,0,3332580,201568,164416,4254948,15070.512,1614.911,175.447,386.781,2.991,25.918,3068,1560,2.310,1.990,1.290,3,0,2.991,0,0,14,126,0,28,0
14-06 20:45:35,18.756,1.751,78.774,0.250,0,3332712,201492,164416,4254976,36096.112,24844.648,0,356.110,0,17.005,1997,1541,2.310,1.990,1.290,1,0,0,0,0,14,126,0,29,0
14-06 20:45:36,17.537,9.019,72.153,0,0,3343384,190808,164416,4254988,12731.002,1623.443,0,982.083,0,44.094,2718,1958,2.310,1.990,1.290,1,0,55.117,0,0,14,126,0,29,0
14-06 20:45:37,19.251,2.750,77.253,0.500,0,3388000,146172,164416,4255008,12946.522,4011.162,12.000,116.005,3.000,13.001,1918,1493,2.310,1.990,1.290,1,0,1.000,0,0,14,127,0,29,0
14-06 20:45:38,18.995,5.749,72.482,0.750,0,3350992,183148,164420,4255036,30102.479,22332.420,3.999,5834.542,1.000,477.881,3385,3094,2.310,1.990,1.290,1,0,46.988,0,0,14,126,0,30,0
14-06 20:45:39,22.250,4.750,72.502,0.250,0,3396008,138128,164420,4255040,8076.175,1080.023,0,732.016,0,106.002,2310,1978,2.200,1.970,1.290,1,0,4.000,0,0,14,126,0,30,0
14-06 20:45:40,19.001,2.750,77.505,0,0,3370700,226656,164420,4193348,18714.239,7285.482,0,180.012,0,12.001,1952,1329,2.200,1.970,1.290,1,0,0,0,0,14,127,0,30,0
14-06 20:45:41,20.244,3.249,74.479,0.750,0,3291008,306292,164420,4193404,13208.323,3481.031,7.998,615.829,1.999,86.976,3154,3716,2.200,1.970,1.290,2,0,1.999,0,0,14,126,0,31,0
14-06 20:45:42,17.001,10.751,71.504,0.250,0,3317692,279596,164420,4193416,12679.783,1566.097,0,348.021,0,18.001,2903,2018,2.200,1.970,1.290,1,0,80.005,0,0,14,126,0,31,0
14-06 20:45:43,24.505,3.001,71.514,0.250,0,3350548,246732,164420,4193424,11568.224,2267.436,4.001,396.076,1.000,36.007,2096,1428,2.200,1.970,1.290,2,0,1.000,0,0,14,129,0,31,0
14-06 20:45:44,19.004,2.000,78.268,0,0,3295344,301928,164420,4193432,35447.152,24033.527,0,1012.233,0,59.014,2094,1673,2.100,1.950,1.280,2,0,4.001,0,0,14,128,0,32,0
14-06 20:45:45,18.549,8.021,72.441,0,0,3338224,259036,164420,4193444,10657.039,1515.989,0,0,0,0,2525,1663,2.100,1.950,1.280,1,0,51.135,0,0,14,128,0,32,0
14-06 20:45:46,18.194,2.243,78.759,0.249,0,3381540,215716,164420,4193448,14403.908,7323.582,0,79.756,0,7.976,1789,1288,2.100,1.950,1.280,2,0,0,0,0,14,129,0,32,0
14-06 20:45:47,21.478,3.996,71.426,1.498,0,3380616,216576,164420,4193512,14075.458,2504.413,0,1070.894,0,169.825,4084,5100,2.100,1.950,1.280,1,0,0.999,0,0,14,129,0,32,0
14-06 20:45:48,26.976,4.496,65.443,0.999,0,3384812,212156,164420,4193720,12941.670,1618.583,0,1526.663,0,160.859,5262,7389,2.100,1.950,1.280,2,0,0.999,0,0,14,130,0,33,0
14-06 20:45:49,23.542,9.016,65.367,0.501,0,3351636,245304,164420,4193748,10878.483,2756.938,0,3947.069,0,380.682,4114,4033,2.020,1.940,1.280,2,0,53.095,0,0,14,129,0,33,0
14-06 20:45:50,22.755,2.751,73.766,0.250,0,3409472,187468,164420,4193748,12961.845,2309.507,0,540.119,0,32.007,1942,1309,2.020,1.940,1.280,0,0,0,0,0,14,130,0,33,0
14-06 20:45:51,15.249,2.250,80.496,1.250,0,3403408,193420,164516,4193764,19877.041,10981.470,91.996,3007.855,5.000,174.992,2348,2420,2.020,1.940,1.280,1,0,0,0,0,14,130,0,33,0
14-06 20:45:52,27.060,4.761,66.398,0.501,0,3399872,196864,164516,4193856,13701.450,1623.608,64.143,881.960,3.007,108.241,4557,5662,2.020,1.940,1.280,1,0,0,0,0,14,130,0,33,0
14-06 20:45:53,36.727,7.495,53.217,0.750,0,3398748,197924,164520,4193916,12988.887,2526.422,0,1027.358,0,112.929,6314,7610,2.020,1.940,1.280,3,0,1.999,0,0,14,133,0,34,0
14-06 20:45:54,28.451,9.484,59.648,0.499,0,3368980,227668,164520,4193940,9135.354,1629.210,0,714.776,0,62.892,4514,4782,1.930,1.920,1.280,1,0,77.867,0,0,14,135,0,34,0
14-06 20:45:55,21.754,3.001,74.263,0,0,3400564,196084,164520,4193940,16193.880,3484.620,0,380.068,0,23.004,1952,1383,1.930,1.920,1.280,2,0,0,0,0,14,136,0,34,0
14-06 20:45:56,18.246,2.500,77.985,0.750,0,3398416,198196,164520,4193976,18330.381,8084.404,0,787.844,0,83.983,2688,3024,1.930,1.920,1.280,2,0,2.000,0,0,14,136,0,34,0
14-06 20:45:57,16.704,12.217,67.067,1.745,0,3360800,235740,164520,4194048,13276.714,2879.131,47.869,5177.848,2.992,304.169,4634,4696,1.930,1.920,1.280,2,0,112.692,0,0,14,135,0,33,0
14-06 20:45:58,19.868,7.293,72.431,0.251,0,3397536,198996,164520,4194056,13208.517,1575.365,0,422.512,0,22.132,2397,1665,1.930,1.920,1.280,1,0,35.209,0,0,14,135,0,33,0
14-06 20:45:59,23.166,2.740,72.486,0.249,0,3423224,173292,164520,4194072,13741.879,3822.060,0,637.674,0,43.840,2574,2303,1.860,1.910,1.280,0,0,0,0,0,14,136,0,33,0
14-06 20:46:00,16.737,2.498,79.937,0,0,3414460,181920,164520,4194208,22513.212,10994.313,0,315.751,0,13.989,2279,1861,1.860,1.910,1.280,1,0,0,0,0,14,136,0,33,0
14-06 20:46:01,23.029,5.507,69.839,0.501,0,3415440,180916,164520,4194232,9414.993,1567.997,0,636.811,0,60.077,4176,4902,1.860,1.910,1.280,13,0,0,0,0,14,136,0,33,0
14-06 20:46:02,25.007,7.002,65.268,0.500,0,3413016,183332,164520,4194240,10018.815,1512.425,0,852.239,0,96.027,4682,5577,1.860,1.910,1.280,1,0,6.002,0,0,14,136,0,33,0
14-06 20:46:03,51.630,10.025,37.093,0.501,0,3340764,255436,164520,4194372,14158.658,3284.271,36.091,1154.909,3.008,117.295,9458,12753,1.860,1.910,1.280,2,0,52.131,0,0,14,137,0,34,0
14-06 20:46:04,43.225,18.489,36.229,0.500,0,3347924,248168,164520,4194448,11822.065,1892.890,0,1231.278,0,109.936,8031,9934,1.950,1.930,1.290,1,0,237.860,0,0,14,137,0,34,0
14-06 20:46:05,22.706,2.994,72.858,0.499,0,3404360,191732,164520,4194448,11279.046,1684.721,0,2411.307,0,291.433,2044,1371,1.950,1.930,1.290,2,0,0,0,0,14,137,0,34,0
14-06 20:46:06,18.023,2.754,78.101,0,0,3418448,177636,164520,4194456,17779.887,8285.666,0,448.577,0,24.031,2040,1601,1.950,1.930,1.290,1,0,0,0,0,14,138,0,34,0
14-06 20:46:07,18.956,12.970,65.848,0.499,0,3408848,187220,164520,4194472,13007.973,2474.288,0,2123.099,0,128.703,4252,3252,1.950,1.930,1.290,1,0,133.691,0,0,14,139,0,35,0
14-06 20:46:08,8.758,20.269,69.316,0,0,3403160,192884,164524,4194492,11273.813,1621.555,0,200.192,0,20.019,4794,3332,1.950,1.930,1.290,2,0,207.199,0,0,14,139,0,35,0
14-06 20:46:09,11.252,20.253,66.760,0.250,0,3399240,196656,164524,4194640,11414.723,1620.245,0,568.086,0,66.010,4931,3491,1.950,1.930,1.290,1,0,186.028,0,0,14,139,0,27,0
14-06 20:46:10,14.489,19.735,63.453,0,0.250,3398508,197372,164524,4195108,9326.046,1688.741,0,251.812,0,17.987,5277,4987,1.950,1.930,1.290,2,0,176.868,0,0,14,139,0,27,0
14-06 20:46:11,23.203,13.972,61.875,0,0,3394296,201584,164524,4194660,13205.229,1455.050,0,0,0,0,4372,4802,1.950,1.930,1.290,2,0,87.822,0,0,14,139,0,27,0
14-06 20:46:12,31.538,21.025,46.305,0,0,3445144,150712,164524,4194684,23671.341,1621.942,0,164.197,0,10.012,5361,3162,1.950,1.930,1.290,2,0,206.247,0,0,14,139,0,27,0
14-06 20:46:13,39.311,24.538,34.053,0.250,0,3447424,148040,164536,4195048,13750.337,1460.266,68.106,300.466,6.009,23.036,6303,19005,1.950,1.930,1.290,2,0,281.437,0,0,14,141,0,17,0
14-06 20:46:14,18.192,21.680,58.064,0.249,0,3457544,137868,164536,4195100,13138.853,1704.532,23.923,478.465,0.997,29.904,5149,3600,2.120,1.960,1.310,2,0,209.329,0,0,14,145,0,17,0
14-06 20:46:15,34.097,19.555,44.877,0.251,0,3506400,148804,164540,4137240,12941.663,1666.722,8.023,300.852,2.006,26.074,6512,13025,2.120,1.960,1.310,1,0,159.452,0,0,14,151,0,17,0
14-06 20:46:16,25.494,15.246,57.986,0,0,3523660,131520,164544,4137268,12674.968,1457.651,3.999,287.931,1.000,16.996,4538,4554,2.120,1.960,1.310,4,0,101.976,0,0,16,151,0,17,0
14-06 20:46:17,52.174,26.338,21.070,0,0,3595528,153336,164168,4044852,9058.279,1625.433,96.322,485.623,5.017,12.040,5901,3973,2.120,1.960,1.310,4,0,354.184,0,0,16,151,0,16,0
14-06 20:46:18,54.004,24.502,20.501,0,0,3684940,167336,164168,3942384,12627.884,1690.118,144.010,436.031,9.001,37.003,6233,4735,2.120,1.960,1.310,3,0,351.025,0,0,16,153,0,16,0
14-06 20:46:19,51.194,16.153,31.810,0.249,0,3723796,172768,164168,3898832,12402.891,1449.340,7.952,393.648,1.988,32.804,8221,14595,2.190,1.980,1.320,2,0,239.569,0,0,16,167,0,16,0
14-06 20:46:20,35.891,21.585,40.910,0.502,0,3771972,178520,164036,3846036,8898.848,1668.534,8.031,345.352,2.008,20.079,14771,4092,2.190,1.980,1.320,2,0,212.833,0,0,16,167,0,16,0
14-06 20:46:21,30.728,22.983,44.718,0.250,0,3827820,178496,164036,3791572,12285.136,1456.949,0,9301.289,0,760.451,6122,3441,2.190,1.980,1.320,3,0,255.815,0,0,16,168,0,16,0
14-06 20:46:22,8.750,20.499,69.246,0,0,3838052,168216,164036,3791604,12464.367,1619.918,8.000,263.987,2.000,16.999,4923,3304,2.190,1.980,1.320,1,0,223.989,0,0,17,167,0,16,0
14-06 20:46:23,9.742,20.234,67.446,0.250,0,3846792,159452,164036,3791628,14479.368,1618.700,3.997,303.756,0.999,30.975,4891,3288,2.190,1.980,1.320,1,0,194.843,0,0,17,167,0,16,0
14-06 20:46:24,20.239,19.740,57.470,0,0,3853780,152440,164036,3792108,13208.015,1619.144,0,791.581,0,40.978,5220,3999,2.250,2,1.320,2,0,183.903,0,0,17,173,0,16,0
14-06 20:46:25,24.775,15.516,58.810,0.250,0,3851060,155176,164036,3792120,8455.628,1711.747,0,392.400,0,25.026,5071,6437,2.250,2,1.320,3,0,137.140,0,0,17,173,0,16,0
14-06 20:46:26,27.746,19.498,50.994,0.500,0,3874728,131492,164036,3791684,13594.284,1619.796,0,2595.672,0,140.982,5044,3487,2.250,2,1.320,4,0,150.981,0,0,17,173,0,15,0
14-06 20:46:27,31.005,22.754,45.007,0,0.250,3933184,128920,164036,3737180,12445.979,1620.258,0,296.047,0,15.002,5225,3125,2.250,2,1.320,4,0,210.033,0,0,17,173,0,15,0
14-06 20:46:28,23.944,22.198,51.878,0.249,0,3962012,124736,164048,3713024,10772.661,1616.198,3.991,2933.101,0.998,53.873,5420,4201,2.250,2,1.320,4,0,241.432,0,0,17,179,0,16,0
14-06 20:46:29,55.384,20.707,22.204,0,0,4001112,119700,164056,3680372,13332.098,1454.955,7.983,431.098,1.996,32.931,9709,14489,2.390,2.030,1.340,7,0,186.609,0,0,17,201,0,16,0
14-06 20:46:30,31.695,17.860,49.303,0.503,0,4042936,175312,164056,3584720,11214.975,1509.283,16.099,458.822,4.025,43.266,5093,5200,2.390,2.030,1.340,2,0,141.873,0,0,17,207,0,14,0
14-06 20:46:31,30.424,24.937,43.640,0,0,4095720,122476,164056,3584756,11765.423,416.952,3.990,458.846,0.997,20.947,5550,3515,2.390,2.030,1.340,2,0,263.338,0,0,17,207,0,14,0
14-06 20:46:32,34.564,24.796,39.573,0,0,4123316,165348,164056,3515704,12558.201,1622.998,16.030,12.022,1.002,3.006,7349,8326,2.390,2.030,1.340,7,0,266.492,0,0,17,209,0,14,0
14-06 20:46:33,15.231,23.222,59.927,0.250,0,4170328,141344,164056,3492752,8827.189,1456.216,19.976,663.188,4.994,43.946,6633,7254,2.390,2.030,1.340,1,0,337.587,0,0,17,213,0,14,0
14-06 20:46:34,9.251,19.251,69.005,0.250,0,4184088,127524,164056,3492812,12467.826,1620.107,8.001,164.011,2.000,15.001,4807,3269,2.280,2.010,1.340,1,0,205.014,0,0,17,213,0,12,0
14-06 20:46:35,12.236,20.727,65.177,0.250,0,4181872,161292,164056,3461636,11937.664,1778.014,35.960,451.496,1.998,41.953,5072,3788,2.280,2.010,1.340,2,0,190.787,0,0,17,213,0,12,0
14-06 20:46:36,9.734,19.469,68.390,0,0,4186492,156656,164056,3461652,12661.585,1617.392,0,215.652,0,14.976,4770,3003,2.280,2.010,1.340,1,0,184.702,0,0,17,213,0,12,0
14-06 20:46:37,22.802,18.543,57.382,0,0,4196712,146428,164056,3462120,16509.895,1461.354,4.009,212.488,1.002,16.037,5515,6472,2.280,2.010,1.340,2,0,151.347,0,0,17,213,0,12,0
14-06 20:46:38,36.475,15.240,46.468,1.249,0,4224652,118212,164056,3461940,14550.087,1618.897,243.834,699.523,3.997,49.966,4900,3731,2.280,2.010,1.340,2,0,120.918,0,0,17,219,0,11,0
14-06 20:46:39,44.789,7.507,46.040,0.751,0,4307108,134532,164056,3365320,10390.097,1621.420,336.294,736.645,7.006,110.096,3364,2017,2.260,2.010,1.340,2,1,1.001,0,0,17,219,0,11,0
14-06 20:46:40,41.969,8.494,46.466,2.498,0,4418272,135668,164184,3254796,8781.496,1456.921,711.473,119.911,11.991,12.990,3142,1768,2.260,2.010,1.340,3,0,2.998,0,0,17,219,0,11,0
14-06 20:46:41,34.259,4.501,59.516,0.500,0,4326324,256132,164188,3226552,8379.244,1620.434,32.009,104.028,3.001,3.001,3004,2229,2.260,2.010,1.340,2,0,12.003,0,0,17,222,0,11,0
14-06 20:46:42,25.538,28.292,44.567,0.751,0,4368604,213096,164196,3227300,12600.868,1622.429,709.062,11272.879,9.013,974.459,6021,3775,2.260,2.010,1.340,3,0,282.423,0,0,17,225,0,9,0
14-06 20:46:43,37.293,32.788,27.532,1.251,0,4452444,151140,164208,3206172,18451.351,7354.510,1113.288,676.783,23.027,9.010,6279,4944,2.260,2.010,1.340,3,0,334.387,0,0,17,226,0,9,0
14-06 20:46:44,39.173,26.448,32.685,0.499,0,4396208,205516,164216,3207996,17642.128,4587.931,155.692,327.353,4.990,15.968,6303,5677,2.240,2.010,1.350,5,0,276.454,0,0,17,227,0,11,0
14-06 20:46:45,46.465,19.878,32.551,0,0,4436572,164336,164216,3209280,12188.356,1610.139,119.270,421.419,6.957,32.799,6553,7755,2.240,2.010,1.350,5,0,205.740,0,0,17,231,0,11,0
14-06 20:46:46,52.276,20.609,26.390,0.251,0,4517224,126804,164220,3167040,17774.000,7222.196,16.085,221.170,3.016,11.058,5032,4656,2.240,2.010,1.350,3,1,163.867,0,0,17,233,0,10,0
14-06 20:46:47,64.685,12.285,21.060,1.003,0,4585300,175364,164220,3052668,15851.430,6816.536,132.379,621.782,13.037,35.101,4834,3662,2.240,2.010,1.350,2,1,18.052,0,0,17,234,0,11,0
14-06 20:46:48,57.941,12.628,15.599,13.123,0,4623992,132420,164244,3056880,8575.264,1604.519,2666.275,6774.636,102.016,52.494,4829,3765,2.240,2.010,1.350,4,0,24.761,0,0,17,238,0,11,0
14-06 20:46:49,56.255,13.751,16.751,11.001,0,4659500,176752,164284,2980572,19965.671,7184.601,5160.432,1580.132,402.034,105.009,5777,5408,2.300,2.030,1.350,6,0,18.002,0,0,17,239,0,11,0
14-06 20:46:50,56.642,14.853,27.188,0.252,0,4622556,211456,164284,2982800,17204.030,6838.312,128.892,914.326,8.056,57.397,6633,6630,2.300,2.030,1.350,3,0,130.906,0,0,17,237,0,18,0
14-06 20:46:51,40.313,26.792,32.300,0,0,4663220,169028,164288,2984528,10224.872,1622.519,0,252.392,0,10.016,5884,4646,2.300,2.030,1.350,3,0,250.389,0,0,17,237,0,18,0
14-06 20:46:52,37.800,26.360,34.318,0,0,4699284,131392,164288,2986084,18918.677,7146.105,0,310.354,0,19.895,5928,4616,2.300,2.030,1.350,4,0,209.887,0,0,17,238,0,18,0
14-06 20:46:53,36.071,19.155,42.539,0.249,0,4661944,207840,164288,2948232,17201.594,6823.123,11.941,1010.980,2.985,73.634,6861,8134,2.300,2.030,1.350,2,0,148.264,0,0,17,237,0,19,0
14-06 20:46:54,53.395,23.788,22.775,0,0,4718596,150196,164288,2948768,12320.940,1518.354,8.098,518.265,2.024,25.306,5938,5737,2.520,2.080,1.370,4,0,293.549,0,0,17,237,0,18,0
14-06 20:46:55,50.523,26.512,22.760,0,0,4742620,157532,164292,2918216,17483.950,9441.293,0,616.280,0,25.011,6348,6323,2.520,2.080,1.370,2,0,441.201,0,0,17,238,0,18,0
14-06 20:46:56,60.672,18.649,18.649,0.995,0,4741244,171740,164520,2905492,26803.286,4674.760,1372.589,811.618,65.646,38.791,6757,7699,2.520,2.080,1.370,5,0,197.931,0,0,17,237,0,21,0
14-06 20:46:57,64.594,27.145,8.043,0,0,4824032,148644,164536,2847264,13764.340,1465.810,997.314,482.571,24.129,34.182,9240,22169,2.520,2.080,1.370,5,0,425.266,0,0,17,241,0,21,0
14-06 20:46:58,53.858,20.945,22.690,0.997,0,4882044,151216,164540,2787760,18494.067,9412.097,590.438,849.752,33.910,48.871,8396,11747,2.520,2.080,1.370,2,0,348.079,0,0,17,246,0,21,0
14-06 20:46:59,48.603,19.541,30.565,0.251,0,4865960,167100,164540,2787484,12604.727,4709.987,100.212,5014.633,9.019,71.151,6409,5813,2.560,2.090,1.380,4,0,185.393,0,0,17,249,0,22,0
14-06 20:47:00,71.709,9.744,17.990,0.250,0,5032696,132004,164392,2658636,14079.963,1619.076,247.859,291.833,1.999,20.988,4511,2290,2.560,2.090,1.380,4,0,3.998,0,0,17,253,0,22,0
14-06 20:47:01,52.608,7.729,33.161,4.737,0,5100060,131268,164408,2593968,29498.582,18861.220,789.873,478.711,69.812,34.906,4620,4608,2.560,2.090,1.380,2,1,4.987,0,0,17,260,0,24,0
14-06 20:47:02,65.774,12.254,21.008,1.000,0,5099076,130980,164408,2595240,14283.210,3374.231,1108.404,764.279,33.012,59.022,6858,7053,2.560,2.090,1.380,5,0,21.008,0,0,17,262,0,30,0
14-06 20:47:03,64.692,11.534,22.567,0.501,0,5073304,223628,164412,2529872,16487.822,7945.527,272.808,26715.105,3.009,1204.567,6017,4557,2.560,2.090,1.380,5,0,47.140,0,0,17,267,0,31,0
14-06 20:47:04,43.150,24.693,25.441,5.238,0,5092448,200844,164572,2533276,14297.024,6772.379,3815.200,5657.950,87.797,410.054,8938,10610,2.750,2.140,1.400,2,1,404.068,0,0,17,267,0,32,0
14-06 20:47:05,48.945,27.469,21.975,0.749,0,5071996,219828,164684,2534932,12963.542,1618.195,1670.137,647.278,27.969,34.961,6900,6754,2.750,2.140,1.400,7,0,374.582,0,0,17,269,0,32,0
14-06 20:47:06,56.940,17.308,25.335,0.502,0,5097968,193776,164708,2534596,18546.024,7208.106,541.812,397.329,9.030,16.054,5033,6407,2.750,2.140,1.400,5,0,151.507,0,0,17,270,0,31,0
14-06 20:47:07,70.705,17.676,9.212,1.743,0.249,5196924,128448,164724,2502288,13803.327,6831.457,956.006,2449.764,43.817,140.413,5884,5042,2.750,2.140,1.400,4,0,160.330,0,0,18,274,0,32,0
14-06 20:47:08,80.683,12.528,1.253,5.011,0,5256492,130956,164728,2441912,12756.859,1623.673,3006.802,553.252,146.331,37.084,5531,3499,2.750,2.140,1.400,4,0,17.039,0,0,18,274,0,32,0
14-06 20:47:09,79.464,9.746,8.746,1.499,0,5320764,156396,164760,2354800,15368.970,7817.424,1419.351,1283.413,49.977,82.962,5524,4042,2.930,2.190,1.420,3,0,16.992,0,0,18,279,0,32,0
14-06 20:47:10,45.199,16.232,37.708,0.499,0,5305728,170320,164768,2355892,17301.641,6067.211,595.334,2325.398,9.989,253.716,6956,9323,2.930,2.190,1.420,5,0,219.754,0,0,18,278,0,35,0
14-06 20:47:11,42.265,8.503,48.767,0,0,5355536,120452,164768,2355960,19897.098,4137.476,768.274,292.104,6.002,19.007,3538,2234,2.930,2.190,1.420,1,0,7.002,0,0,18,280,0,34,0
14-06 20:47:12,39.909,11.224,46.893,0.249,0,5333676,126124,164768,2372132,16517303.971,102084.732,303.310,574.692,4.989,45.896,8445,4655,2.930,2.190,1.420,3,0,50.884,0,0,18,283,0,34,0
14-06 20:47:13,35.189,22.370,32.927,7.289,0,5364768,154632,164768,2314760,13659.343,1649.859,2984.023,6514.982,40.216,716.849,6132,16388,2.930,2.190,1.420,2,0,253.360,0,0,18,283,0,35,0
14-06 20:47:14,60.172,11.735,27.964,0,0,5374572,144636,164768,2314940,14006.932,2495.781,559.279,551.289,5.992,46.939,4573,2930,2.940,2.200,1.430,2,0,10.986,0,0,18,282,0,36,0
14-06 20:47:15,37.203,3.995,57.678,0,0,5413128,136816,164768,2285252,23484.603,13121.575,0,179.775,0,14.981,3116,2109,2.940,2.200,1.430,2,0,0,0,0,18,284,0,35,0
14-06 20:47:16,34.966,4.246,58.942,0.749,0,5413336,136564,164768,2285300,19424.993,10206.013,0,463.546,0,46.954,4540,4670,2.940,2.200,1.430,2,0,0,0,0,18,288,0,37,0
14-06 20:47:17,16.995,4.748,74.976,0.250,0,5353692,195672,164768,2285836,155221.912,6106871.732,515.837,463.853,28.991,33.989,4085,3901,2.940,2.200,1.430,1,0,37.988,0,0,18,286,0,38,0
14-06 20:47:18,7.751,2.250,88.012,0.250,0,5357284,192056,164768,2285860,6528205.045,10325933.168,0,444.060,0,34.005,3917,2457,2.940,2.200,1.430,1,0,1.000,0,0,18,291,0,38,0
14-06 20:47:19,24.451,2.745,69.612,0.250,0.250,5357052,192204,164776,2285936,1626661.625,1682.655,31.937,495.016,0.998,44.911,4501,4687,2.700,2.170,1.420,1,0,0.998,0,0,18,292,0,38,0
14-06 20:47:20,23.304,3.759,71.415,0.251,0,5311192,221860,164776,2302092,8658221.661,42514.184,32.074,457.056,2.005,31.072,5578,4117,2.700,2.170,1.420,2,0,0,0,0,18,288,0,41,0
14-06 20:47:21,12.738,18.483,66.937,0.250,0.250,5241892,291156,164776,2302160,12467.326,1684.423,31.970,319.701,1.998,17.983,4598,3037,2.700,2.170,1.420,3,0,196.816,0,0,18,288,0,41,0
14-06 20:47:22,11.006,18.510,68.537,0.500,0,5267020,265988,164776,2302200,13106.113,1188.645,12.007,320.174,1.001,20.011,5031,3807,2.700,2.170,1.420,1,0,268.146,0,0,18,288,0,41,0
14-06 20:47:23,23.761,3.502,72.034,0,0,5315648,217336,164776,2302224,13421.287,1404.658,0,292.137,0,25.012,2283,1801,2.700,2.170,1.420,2,0,0,0,0,18,288,0,41,0
14-06 20:47:24,16.231,12.485,69.170,0.499,0,5319052,213912,164776,2302244,12560.395,1618.118,0,1270.523,0,92.892,4221,3527,2.570,2.150,1.420,2,0,125.854,0,0,18,288,0,41,0
14-06 20:47:25,13.262,18.517,66.062,0,0,5295280,237648,164780,2302276,14619.771,1513.426,0,16475.519,0,50.047,5077,3446,2.570,2.150,1.420,2,0,204.192,0,0,18,292,0,41,0
14-06 20:47:26,9.239,20.225,68.167,0.499,0,5289728,243176,164780,2302300,12949.262,1618.033,0,347.578,0,31.961,4833,3438,2.570,2.150,1.420,2,0,202.754,0,0,18,292,0,41,0
14-06 20:47:27,6.508,13.265,79.342,0.250,0,5281004,251872,164780,2302328,9239.768,1567.827,16.019,132.154,1.001,10.012,3424,2509,2.570,2.150,1.420,0,0,138.161,0,0,18,292,0,41,0
14-06 20:47:28,8.258,3.003,86.830,0.500,0,5288916,243952,164780,2302336,12196.203,1621.489,0,224.206,0,23.021,1875,2128,2.570,2.150,1.420,2,0,10.009,0,0,18,292,0,41,0
14-06 20:47:29,23.486,2.998,72.457,0,0,5333928,198732,164780,2302544,13962.774,1565.078,191.887,235.861,8.995,22.986,2233,1838,2.440,2.130,1.420,1,0,0,0,0,18,292,0,41,0
14-06 20:47:30,22.514,2.752,73.796,0.250,0,5349048,183592,164780,2302564,16817.574,9475.958,0,1488.936,0,35.022,2445,2170,2.440,2.130,1.420,6,0,4.003,0,0,18,297,0,41,0
14-06 20:47:31,15.731,11.236,71.163,0,0,5297488,235076,164780,2302640,13621.346,2716.679,63.922,91.888,3.995,8.989,3794,2739,2.440,2.130,1.420,2,0,105.871,0,0,18,300,0,41,0
14-06 20:47:32,12.256,16.007,69.281,0.250,0,5280448,252044,164784,2302708,11198.073,1512.685,12.005,44.020,3.001,4.002,4375,3023,2.440,2.130,1.420,2,0,105.048,0,0,18,300,0,41,0
14-06 20:47:33,12.998,16.248,68.990,0,0,5269652,262660,164784,2302872,14874.882,1565.777,51.993,59.991,3.000,5.999,4630,3200,2.440,2.130,1.420,1,0,107.985,0,0,18,300,0,41,0
14-06 20:47:34,12.500,17.249,68.248,0.250,0,5272824,259340,164784,2302956,12054.609,1619.947,0,567.982,0,85.997,4515,2993,2.400,2.130,1.420,1,0,108.996,0,0,18,300,0,41,0
14-06 20:47:35,12.503,16.754,69.766,0,0.250,5263840,268180,164784,2303084,9111.087,1620.371,0,8.002,0,1.000,4212,2845,2.400,2.130,1.420,1,0,100.023,0,0,18,300,0,41,0
14-06 20:47:36,18.230,9.489,70.672,0.250,0,5285648,246348,164784,2303108,15359.978,1618.207,3.996,0,0.999,0,3088,2152,2.400,2.130,1.420,1,0,70.921,0,0,18,300,0,41,0
14-06 20:47:37,22.524,3.253,72.827,0,0,5351160,180820,164784,2303108,11160.852,1621.722,0,0,0,0,2168,1674,2.400,2.130,1.420,1,0,1.001,0,0,18,300,0,41,0
14-06 20:47:38,29.498,4.000,64.246,1.000,0,5386612,175064,164784,2274324,8925.420,1619.895,387.975,571.963,11.999,70.995,3335,3236,2.400,2.130,1.420,1,0,7.000,0,0,18,308,0,41,0
14-06 20:47:39,24.316,3.760,71.443,0.501,0,5324188,237316,164784,2274496,12559.917,1407.802,144.390,3549.585,7.019,451.218,2915,2343,2.290,2.110,1.420,1,0,5.014,0,0,18,304,0,41,0
14-06 20:47:40,23.186,3.241,71.054,0.997,0,5381240,180224,164784,2274536,10428.221,1184.730,23.934,2648.690,3.989,162.551,2307,2339,2.290,2.110,1.420,1,0,0,0,0,18,304,0,41,0
14-06 20:47:41,23.990,6.497,68.720,0,0,5416796,144480,164784,2274724,25559.852,1565.317,31.986,431.812,1.999,75.967,2735,2399,2.290,2.110,1.420,3,0,5.997,0,0,18,306,0,41,0
14-06 20:47:42,13.257,2.251,82.792,0,0,5411384,149848,164784,2274772,30307.426,20401.384,32.016,820.418,2.001,45.023,2929,2892,2.290,2.110,1.420,4,0,2.001,0,0,18,307,0,42,0
14-06 20:47:43,26.794,3.005,68.864,0.250,0,5357776,203312,164784,2274916,15823.239,1821.020,0,224.372,0,21.035,2821,2291,2.290,2.110,1.420,2,0,17.028,0,0,18,304,0,43,0
14-06 20:47:44,23.458,3.244,72.370,0,0,5356304,204784,164784,2274916,15624.023,1509.297,0,135.757,0,6.987,2183,1623,2.190,2.090,1.420,1,0,0,0,0,18,304,0,43,0
14-06 20:47:45,22.740,4.498,71.969,0,0,5345252,215700,164784,2275052,25821.929,1565.329,0,199.914,0,9.996,2653,1657,2.190,2.090,1.420,1,0,39.983,0,0,18,304,0,43,0
14-06 20:47:46,9.237,19.473,69.153,0.250,0,5348760,212160,164788,2275080,11396.033,1617.733,391.452,16373.060,4.993,38.945,4646,3202,2.190,2.090,1.420,1,0,184.741,0,0,18,304,0,43,0
14-06 20:47:47,10.771,20.039,66.882,0.751,0,5342924,217756,164788,2275324,13024.662,1460.878,136.268,84.166,10.020,3.006,5187,3716,2.190,2.090,1.420,1,0,231.456,0,0,18,304,0,40,0
14-06 20:47:48,17.249,11.500,69.498,0.500,0,5333548,227116,164788,2275340,11520.612,1619.945,0,367.988,0,28.999,4245,3458,2.190,2.090,1.420,1,0,128.996,0,0,18,304,0,40,0
14-06 20:47:49,24.005,3.751,71.266,0.500,0,5335664,224752,164936,2275440,12332.772,1620.364,204.046,316.071,9.002,26.006,2386,1943,2.090,2.070,1.410,1,0,17.004,0,0,18,304,0,40,0
14-06 20:47:50,19.742,1.749,76.968,0,0,5345180,214064,164968,2276580,17498.687,4517.112,0,471.803,0,23.990,1993,1543,2.090,2.070,1.410,2,0,15.993,0,0,18,305,0,40,0
14-06 20:47:51,21.545,4.259,72.653,1.253,0,5338612,214552,165664,2281840,8834.611,1797.787,116.245,1014.136,6.013,20.042,2360,1991,2.090,2.070,1.410,2,0,8.017,0,0,18,304,0,40,0
14-06 20:47:52,24.953,6.238,67.125,0,0,5358632,193568,165700,2282748,20983.879,1563.086,27.948,459.144,1.996,12.976,9280,16728,2.090,2.070,1.410,1,0,7.985,0,0,18,304,0,31,0
14-06 20:47:53,20.000,1.750,76.500,0.250,0,5345700,206084,165752,2283112,18393.091,4627.023,52.000,516.003,8.000,19.000,2167,1835,2.090,2.070,1.410,2,0,1.000,0,0,18,305,0,31,0
14-06 20:47:54,22.732,6.745,67.946,0,0,5348300,203340,165800,2283208,12457.123,1660.683,0,475.623,0,20.983,11425,20721,2,2.050,1.410,2,0,18.985,0,0,18,305,0,31,0
14-06 20:47:55,22.770,3.253,72.562,0.250,0,5324864,225160,165888,2284700,10888.345,1621.392,4.003,784.673,1.001,33.028,2253,1782,2,2.050,1.410,1,0,1.001,0,0,18,305,0,31,0
14-06 20:47:56,10.990,17.485,69.939,0,0,5288492,269124,165888,2277192,12463.128,1684.531,0,875.236,0,17.984,4622,3255,2,2.050,1.410,1,0,202.823,0,0,18,304,0,30,0
14-06 20:47:57,19.760,8.754,69.784,0.250,0,5315308,242300,165888,2277200,11706.635,1566.754,0,96.046,0,6.003,2871,2089,2,2.050,1.410,1,0,63.030,0,0,18,304,0,30,0
14-06 20:47:58,25.009,3.001,71.526,0.250,0,5357964,199460,165888,2277384,8798.165,1620.583,0,260.094,0,24.009,2393,1908,2,2.050,1.410,1,0,1.000,0,0,18,304,0,30,0
14-06 20:47:59,16.247,2.250,78.984,0.500,0,5366524,190680,165888,2277604,19391.055,11752.609,207.958,1771.640,11.998,316.936,2814,2404,1.920,2.030,1.410,1,0,0,0,0,18,304,0,33,0
14-06 20:48:00,17.533,11.521,70.380,0.250,0,5336992,220204,165888,2277612,13057.207,1623.009,4.007,112.208,1.002,8.015,3474,2623,1.920,2.030,1.410,1,0,112.208,0,0,18,304,0,28,0
14-06 20:48:01,22.950,3.492,72.593,0,0,5385016,172180,165888,2277612,10829.513,1508.728,0,163.645,0,13.970,2052,1461,1.920,2.030,1.410,2,0,0,0,0,18,304,0,28,0
14-06 20:48:02,18.999,3.250,76.996,0,0,5382588,174596,165888,2277624,21901.894,10210.484,0,155.992,0,9.999,2320,1851,1.920,2.030,1.410,2,0,5.000,0,0,18,304,0,29,0
14-06 20:48:03,18.784,9.016,70.626,0,0,5366684,190488,165888,2277636,10379.561,1514.709,0,84.150,0,6.011,2953,2318,1.920,2.030,1.410,1,0,71.127,0,0,18,304,0,29,0
14-06 20:48:04,22.723,2.747,74.162,0.250,0,5367400,189772,165888,2277636,16349.590,3026.407,0,79.905,0,11.986,2112,1587,1.850,2.020,1.410,0,0,0,0,0,18,305,0,20,0
14-06 20:48:05,17.250,2.250,79.500,0,0,5367368,189772,165888,2277668,22409.133,13220.079,16.000,0,1.000,0,2088,1682,1.850,2.020,1.410,3,0,0,0,0,18,304,0,21,0
14-06 20:48:06,20.750,7.500,70.749,0,0,5338180,218952,165888,2277676,9570.828,1511.973,0,0,0,0,2789,2054,1.850,2.020,1.410,2,0,55.999,0,0,18,304,0,21,0
14-06 20:48:07,20.176,2.242,75.973,0,0,5388144,168984,165888,2277680,15163.689,3996.423,0,27.898,0,0.996,2090,1539,1.850,2.020,1.410,1,0,0,0,0,18,305,0,21,0
14-06 20:48:08,21.323,4.515,72.498,0.251,0,5362140,194816,165888,2277852,22644.489,9458.366,156.536,397.360,8.027,35.120,3182,2810,1.850,2.020,1.410,2,0,33.113,0,0,18,304,0,22,0
14-06 20:48:09,23.510,3.502,71.281,0.250,0,5370752,186180,165888,2277860,9216.016,1620.706,0,248.108,0,31.014,2511,2335,1.780,2,1.400,1,0,0,0,0,18,304,0,22,0
14-06 20:48:10,15.239,2.248,81.191,0,0,5376140,180748,165888,2277904,20476.077,9792.863,31.977,207.849,1.999,18.986,2162,1980,1.780,2,1.400,1,0,0,0,0,18,305,0,22,0
14-06 20:48:11,16.504,7.252,75.267,0.250,0,5344128,212744,165888,2277916,13346.931,4339.953,0,240.053,0,24.005,2949,2525,1.780,2,1.400,1,0,47.010,0,0,18,304,0,23,0
14-06 20:48:12,23.751,3.000,72.503,0,0,5390040,166828,165888,2277920,11468.428,1512.056,0,176.007,0,10.000,2176,1584,1.780,2,1.400,3,0,0,0,0,18,304,0,20,0
14-06 20:48:13,17.262,2.252,79.054,0,0,5399052,157804,165888,2277932,21562.751,11825.090,0,156.107,0,8.005,2369,2011,1.780,2,1.400,3,0,7.005,0,0,18,304,0,24,0
14-06 20:48:14,30.000,7.750,61.750,0.500,0,5403892,152964,165888,2277932,9428.017,1512.003,0,2248.004,0,341.001,3612,13079,1.720,1.980,1.400,1,0,63.000,0,0,18,304,0,25,0
14-06 20:48:15,11.995,1.499,85.216,0,0,5420288,136564,165888,2277936,20246.975,7568.000,0,27.989,0,3.998,1719,1517,1.720,1.980,1.400,1,0,0,0,0,18,305,0,25,0
14-06 20:48:16,15.499,2.000,80.494,0,0,5412480,144232,165888,2278076,18079.673,6836.498,0,299.978,0,31.998,2364,2380,1.720,1.980,1.400,1,0,0,0,0,18,304,0,23,0
14-06 20:48:17,18.255,10.003,70.518,0.250,0,5386028,170672,165888,2278088,8370.172,1512.392,0,1040.270,0,100.026,3211,2293,1.720,1.980,1.400,1,0,88.023,0,0,18,304,0,23,0
14-06 20:48:18,24.245,2.999,71.235,0.250,0,5382284,174404,165888,2278100,12709.381,1565.677,0,327.932,0,30.994,2532,2212,1.720,1.980,1.400,1,0,1.000,0,0,18,304,0,23,0
14-06 20:48:19,17.855,2.976,78.116,0,0,5375512,181128,165888,2278148,31996.278,24702.484,31.742,214.261,1.984,22.815,2408,2210,1.660,1.970,1.400,3,0,0,0,0,18,304,0,25,0
14-06 20:48:20,39.581,13.110,46.893,0,0,5354564,202056,165888,2278168,14537.714,1637.711,258.161,669.606,2.017,49.414,4036,2772,1.660,1.970,1.400,3,0,52.439,0,0,18,304,0,23,0
14-06 20:48:21,40.741,6.749,50.989,0,0,5423088,133524,165888,2278176,13466.111,3105.334,511.890,7.998,3.999,1.000,3205,1706,1.660,1.970,1.400,1,0,5.999,0,0,18,305,0,23,0
14-06 20:48:22,28.732,4.247,66.708,0.250,0,5422740,133524,165888,2278524,18243.621,8405.757,591.631,15.990,22.986,1.999,2960,2200,1.660,1.970,1.400,1,0,0.999,0,0,18,304,0,25,0
14-06 20:48:23,21.592,5.774,72.056,0.502,0,5429984,126272,165892,2278528,13066.403,1572.668,0,168.715,0,15.064,2474,1980,1.660,1.970,1.400,1,0,14.060,0,0,18,304,0,25,0
14-06 20:48:24,19.752,2.250,76.006,0,0,5402804,183352,165892,2249616,18215.480,7292.593,0,260.021,0,22.002,2352,2108,1.530,1.930,1.390,1,0,0,0,0,18,305,0,22,0
14-06 20:48:25,25.371,4.228,67.158,1.244,0,5396248,188492,165892,2251032,14496.102,2446.528,1345.143,879.516,49.746,120.386,4621,5934,1.530,1.930,1.390,2,0,0.995,0,0,18,307,0,22,0
14-06 20:48:26,25.049,6.012,66.130,1.252,0,5328916,255760,165892,2251096,26083.448,2930.781,16.032,4060.008,1.002,288.569,4586,5842,1.530,1.930,1.390,1,0,5.010,0,0,18,306,0,23,0
14-06 20:48:27,23.489,3.498,72.216,0,0,5374072,210592,165896,2251104,12590.042,1619.234,0,1855.122,0,21.990,2137,1465,1.530,1.930,1.390,1,0,0,0,0,18,306,0,23,0
14-06 20:48:28,18.247,2.500,77.987,0.250,0,5378684,205968,165896,2251116,20261.695,10365.309,0,359.941,0,21.996,2672,2463,1.530,1.930,1.390,1,0,1.000,0,0,18,307,0,23,0
14-06 20:48:29,21.371,4.224,71.567,0.745,0,5376028,208516,165896,2251224,12280.642,2540.617,79.519,807.113,2.982,76.537,4438,5525,1.570,1.930,1.400,3,0,0,0,0,18,307,0,23,0
14-06 20:48:30,16.344,13.830,68.143,0.754,0,5323156,261232,165896,2251380,11273.987,2808.187,0,2615.074,0,379.186,4483,3910,1.570,1.930,1.400,2,0,145.841,0,0,18,306,0,24,0
14-06 20:48:31,8.503,23.009,66.275,0,0,5303636,280740,165896,2251392,13967.204,1660.619,0,228.085,0,15.006,5220,3511,1.570,1.930,1.400,1,0,270.101,0,0,18,306,0,24,0
14-06 20:48:32,10.230,21.958,64.377,0.749,0,5291920,292444,165896,2251404,11914.210,1131.835,0,3038.188,0,162.689,5559,4255,1.570,1.930,1.400,3,0,271.481,0,0,18,306,0,23,0
14-06 20:48:33,9.517,23.542,66.367,0,0,5270640,313708,165896,2251420,12893.818,1514.681,0,220.390,0,16.028,5218,3490,1.570,1.930,1.400,2,0,266.472,0,0,18,306,0,23,0
14-06 20:48:34,9.251,23.004,66.260,0,0,5278812,305492,165896,2251464,11564.830,1512.239,0,28.004,0,7.001,5133,3444,1.600,1.940,1.400,2,0,264.042,0,0,18,306,0,23,0
14-06 20:48:35,10.000,22.749,64.997,0.250,0,5277328,306960,165896,2251480,13200.486,1619.937,0,615.976,0,63.998,5429,3886,1.600,1.940,1.400,1,0,263.990,0,0,18,306,0,23,0
14-06 20:48:36,9.001,22.751,66.504,0,0,5280816,303456,165896,2251496,12538.823,1296.085,0,24.002,0,6.000,5181,3481,1.600,1.940,1.400,2,0,269.018,0,0,18,306,0,23,0
14-06 20:48:37,9.733,21.712,66.134,0,0,5283332,300924,165896,2251512,10534.546,1293.734,0,99.825,0,10.981,5234,3481,1.600,1.940,1.400,1,0,267.531,0,0,18,306,0,23,0
14-06 20:48:38,10.750,22.001,65.252,0.250,0,5282648,301592,165896,2251528,9001.290,1566.050,0,604.019,0,45.001,5501,4335,1.600,1.940,1.400,1,0,264.009,0,0,18,306,0,23,0
14-06 20:48:39,9.760,21.522,65.566,0.250,0,5278060,306160,165896,2251548,13817.810,1567.567,0,408.408,0,30.030,5461,4126,1.550,1.920,1.400,1,1,260.260,0,0,18,306,0,23,0
14-06 20:48:40,9.498,21.745,67.234,0,0,5277288,306920,165896,2251560,11702.244,1619.619,0,235.944,0,19.995,5255,3598,1.550,1.920,1.400,1,0,253.940,0,0,18,306,0,23,0
14-06 20:48:41,9.501,21.752,67.008,0,0,5280420,303776,165896,2251572,12109.372,1566.177,0,20.002,0,5.001,5172,3396,1.550,1.920,1.400,3,0,257.029,0,0,18,306,0,23,0
14-06 20:48:42,10.257,21.514,66.544,0.250,0,5283876,300304,165896,2251588,12743.502,1621.082,0,504.336,0,33.022,5193,3622,1.550,1.920,1.400,1,0,258.172,0,0,18,306,0,23,0
14-06 20:48:43,10.251,22.003,66.009,0,0,5283896,300216,165896,2251656,13217.750,1620.214,48.006,16.002,2.000,4.001,5253,3564,1.550,1.920,1.400,1,0,251.033,0,0,18,306,0,23,0
14-06 20:48:44,15.490,14.241,66.708,1.499,0,5301036,282772,165896,2251960,14009.228,1565.020,259.837,143.910,18.988,7.995,4146,3235,1.510,1.910,1.390,1,0,130.918,0,0,18,306,0,23,0
14-06 20:48:45,21.004,9.502,66.762,1.250,0,5298912,399000,165968,2149104,10365.910,1620.299,76.014,3176.585,19.004,227.042,3286,2907,1.510,1.910,1.390,1,0,42.008,0,0,18,306,0,23,0
14-06 20:48:46,14.251,5.250,71.755,6.750,0,5303468,380604,166096,2162812,13397.899,1620.109,6268.420,104.007,425.029,7.000,2665,2585,1.510,1.910,1.390,1,0,3.000,0,0,18,306,0,23,0
14-06 20:48:47,25.259,2.751,71.526,0,0,5318620,361832,166248,2166280,10409.805,1566.573,16.006,2152.787,3.001,80.029,2501,1911,1.510,1.910,1.390,1,0,16.006,0,0,18,306,0,23,0
14-06 20:48:48,16.489,1.999,79.195,2.248,0,5333388,346208,166256,2167132,20830.530,7733.628,563.608,1890.687,25.982,61.957,2261,2351,1.510,1.910,1.390,2,0,0.999,0,0,18,307,0,23,0
14-06 20:48:49,12.256,1.501,83.040,2.001,0,5333752,345452,166264,2167516,22273.620,7821.729,292.139,1076.513,33.016,54.026,1939,2051,1.470,1.890,1.390,1,0,0,0,0,18,307,0,23,0
14-06 20:48:50,14.987,0.999,79.682,2.748,0,5334776,343688,166276,2168244,23753.667,9304.036,399.658,1015.131,41.964,30.973,1859,1626,1.470,1.890,1.390,1,0,0,0,0,18,307,0,23,0
14-06 20:48:51,17.018,2.002,78.333,2.252,0,5353400,324032,166308,2169244,22442.660,8030.466,848.895,1065.123,39.041,44.046,1902,1594,1.470,1.890,1.390,1,1,0,0,0,18,307,0,23,0
14-06 20:48:52,16.482,0.749,79.664,1.748,0,5352492,324032,166396,2170064,23384.640,9620.567,655.289,1018.895,47.948,30.966,1905,1595,1.470,1.890,1.390,1,0,0,0,0,18,307,0,23,0
14-06 20:48:53,19.233,1.249,76.931,1.499,0,5360388,314960,166468,2171168,18655.312,7185.572,867.224,847.242,35.968,29.973,1957,1583,1.470,1.890,1.390,0,1,0,0,0,18,307,0,23,0
14-06 20:48:54,16.273,1.502,80.115,1.502,0,5359928,314484,166568,2171996,26748.401,11262.168,592.851,1361.955,49.070,59.085,2145,2138,1.430,1.870,1.390,0,0,0,0,0,18,307,0,23,0
14-06 20:48:55,15.990,2.498,71.705,8.245,0,5356684,285756,166596,2203940,11579.691,1577.005,15386.288,251.841,155.902,8.994,2050,1695,1.430,1.870,1.390,1,0,0,0,0,18,307,0,23,0
14-06 20:48:56,23.477,2.248,72.181,0.749,0,5361112,266884,167380,2217584,9422.946,1564.497,0,2289.800,0,219.789,2523,2090,1.430,1.870,1.390,1,0,2.997,0,0,18,307,0,23,0
14-06 20:48:57,24.035,3.004,71.604,0.250,0,5364308,247492,167904,2233088,13058.924,1568.273,0,1798.606,0,49.071,2494,2074,1.430,1.870,1.390,3,0,0,0,0,18,307,0,23,0
14-06 20:48:58,24.766,2.251,71.546,0.750,0,5368136,225076,168264,2251100,13114.352,1566.998,0,1757.119,0,70.045,2729,2691,1.430,1.870,1.390,1,0,1.001,0,0,18,307,0,23,0
14-06 20:48:59,23.001,2.750,72.503,0.750,0,5372592,206188,169296,2264216,14077.521,1566.058,0,2664.099,0,102.004,2662,2496,1.390,1.860,1.390,1,0,0,0,0,18,307,0,23,0
14-06 20:49:00,23.500,2.250,72.500,1.000,0,5375744,176716,170148,2289336,11080.945,1619.992,0,2035.990,0,76.000,2500,2212,1.390,1.860,1.390,1,0,0,0,0,18,307,0,23,0
14-06 20:49:01,23.758,2.001,72.523,0.500,0,5361124,200688,170728,2279212,8393.717,1794.581,0,1572.509,0,57.018,2329,1933,1.390,1.860,1.390,1,0,2.001,0,0,18,306,0,20,0
14-06 20:49:02,23.230,3.247,72.686,0,0,5389544,172240,170748,2279220,13252.369,1618.579,0,0,0,0,2236,1624,1.390,1.860,1.390,2,0,17.984,0,0,18,306,0,20,0
14-06 20:49:03,19.761,4.753,74.292,0.500,0,5391284,164440,170916,2285080,18129.191,4803.700,0,2113.188,0,27.015,2401,1896,1.390,1.860,1.390,1,0,23.013,0,0,18,306,0,20,0
14-06 20:49:04,24.497,4.749,67.741,0.250,0,5406136,148564,170936,2286068,12839.242,1619.778,0,359.951,0,6.999,11861,21486,1.360,1.850,1.380,1,0,6.999,0,0,18,306,0,20,0
14-06 20:49:05,22.798,4.760,71.901,0,0,5415884,138232,170948,2286624,10899.855,1515.177,0,92.193,0,2.004,3359,3764,1.360,1.850,1.380,2,0,12.025,0,0,18,306,0,19,0
14-06 20:49:06,22.273,7.257,69.322,0,0,5415440,138484,170956,2286808,12834.239,1567.617,0,176.182,0,2.002,6864,13193,1.360,1.850,1.380,1,0,15.015,0,0,18,306,0,19,0
14-06 20:49:07,22.440,4.737,71.808,0,0,5338752,222712,170956,2279336,12359.005,1561.830,0,2098.398,0,137.633,2433,1755,1.360,1.850,1.380,1,0,9.973,0,0,18,306,0,19,0
14-06 20:49:08,23.995,3.749,70.235,0.500,0,5337636,223828,170956,2279336,8290.216,1565.663,0,823.823,0,30.993,3341,3291,1.360,1.850,1.380,1,0,41.991,0,0,18,306,0,19,0
14-06 20:49:09,25.239,5.997,64.721,0.750,0,5344656,216800,170956,2279344,8719.130,1565.305,0,2147.047,0,136.939,10997,19964,1.330,1.830,1.380,2,0,7.996,0,0,18,306,0,15,0
14-06 20:49:10,18.985,2.998,76.688,0,0,5354440,207000,170956,2279360,30515.190,3666.019,0,291.763,0,19.984,2539,2249,1.330,1.830,1.380,2,0,32.973,0,0,18,307,0,15,0
14-06 20:49:11,22.517,3.503,72.554,0.250,0,5353056,202980,170956,2284764,13807.266,2591.927,0,1252.932,0,30.022,2339,1875,1.330,1.830,1.380,1,0,2.001,0,0,18,306,0,15,0
14-06 20:49:12,24.769,4.003,69.553,0,0,5375864,179148,170956,2285756,13302.192,1621.242,0,352.270,0,8.006,6224,9897,1.330,1.830,1.380,2,0,6.005,0,0,18,306,0,15,0
14-06 20:49:13,22.761,6.503,68.782,0.250,0,5404868,149068,170956,2286816,10316.783,1512.701,64.030,1384.642,4.002,52.024,9266,16051,1.330,1.830,1.380,1,0,13.006,0,0,18,306,0,10,0
14-06 20:49:14,29.475,10.991,58.700,0,0,5374908,178932,170960,2286908,14185.921,1564.668,0,87.925,0,0.999,12366,31751,1.310,1.820,1.380,3,0,50.957,0,0,18,306,0,11,0
14-06 20:49:15,21.743,5.498,71.476,0.250,0,5345764,215576,170960,2279424,9807.706,1511.492,0,647.782,0,22.992,2268,1910,1.310,1.820,1.380,1,0,1.000,0,0,18,306,0,11,0
14-06 20:49:16,23.480,2.997,72.439,0,0,5361920,199392,170960,2279452,9025.455,1618.647,0,7.993,0,1.998,2290,1695,1.310,1.820,1.380,1,0,20.982,0,0,18,306,0,11,0
14-06 20:49:17,20.326,7.528,70.766,0,0,5361152,200172,170960,2279440,10214.380,1626.110,0,666.504,0,21.079,3366,2742,1.310,1.820,1.380,1,0,94.355,0,0,18,306,0,11,0
14-06 20:49:18,23.397,5.725,69.195,0.498,0,5374236,179468,170988,2287108,13224.762,1612.897,0,17793.641,0,235.961,2837,2398,1.310,1.820,1.380,1,0,3.982,0,0,18,306,0,9,0
14-06 20:49:19,19.777,2.253,77.103,0,0,5367908,182388,171084,2290340,18027.173,3643.886,4.005,620.832,1.001,10.013,2176,1762,1.280,1.800,1.380,3,0,16.021,0,0,18,307,0,9,0
14-06 20:49:20,37.267,7.003,54.275,0.500,0,5383960,165956,171156,2290632,22976.558,7094.260,260.120,748.344,3.001,28.013,3094,1946,1.280,1.800,1.380,2,0,5.002,0,0,18,307,0,9,0
14-06 20:49:21,37.970,5.995,54.956,0.250,0,5425216,124388,171264,2290832,24933.001,11287.946,511.590,1119.102,3.997,32.974,3114,1853,1.280,1.800,1.380,3,0,5.995,0,0,18,307,0,9,0
14-06 20:49:22,23.262,3.252,71.535,0.750,0,5414776,134364,171396,2291148,78334.797,12512.197,256.127,2269.124,2.001,245.121,2650,1921,1.280,1.800,1.380,1,0,1.000,0,0,18,308,0,7,0
14-06 20:49:23,17.242,1.749,79.214,0.750,0,5420856,127924,171520,2291380,112309.307,12289.453,0,1343.394,0,62.972,2222,1954,1.280,1.800,1.380,2,0,0,0,0,18,308,0,7,0
14-06 20:49:24,20.262,1.751,76.544,0.750,0,5419544,129012,171612,2291512,19849.359,8826.051,4.002,1216.696,1.001,51.029,2158,2037,1.260,1.790,1.370,2,0,0,0,0,18,308,0,7,0
14-06 20:49:25,20.002,1.000,77.007,0.250,0,5414696,133512,171688,2291784,23172.179,8629.811,0,896.084,0,34.003,1965,1670,1.260,1.790,1.370,1,0,0,0,0,18,308,0,7,0
14-06 20:49:26,9.749,1.250,87.488,0.500,0,5411996,135720,171808,2292164,343929.918,15288.951,0,1067.857,0,31.996,1785,1713,1.260,1.790,1.370,2,0,0,0,0,18,308,0,5,0
14-06 20:49:27,8.250,1.750,86.502,1.750,0.500,5403564,143592,172104,2292428,103252.604,18094.456,28.001,2448.062,4.000,115.003,1875,2112,1.260,1.790,1.370,0,0,0,0,0,18,308,0,5,0
14-06 20:49:28,15.238,4.247,78.437,1.249,0,5399576,147092,172260,2292748,47597.554,12494.908,103.916,47177.893,5.995,306.752,2846,2938,1.260,1.790,1.370,1,0,0.999,0,0,18,308,0,5,0
14-06 20:49:29,10.255,2.251,86.046,0,0,5394632,141248,172316,2303448,1358130.777,34138.218,0,416.222,0,13.007,2868,2224,1.160,1.760,1.370,0,0,1.001,0,0,18,308,0,5,0
14-06 20:49:30,5.502,2.501,88.027,0.500,0,5393704,132176,172392,2313332,4866499.562,56565.651,0,6798.121,0,50.016,3973,3113,1.160,1.760,1.370,0,0,3.001,0,0,18,308,0,3,0
14-06 20:49:31,4.748,2.499,88.220,0,0,5383540,125956,172392,2329716,8698798.447,77455.336,0,0,0,0,4746,3237,1.160,1.760,1.370,2,0,0,0,0,18,308,0,3,0
14-06 20:49:32,10.001,4.751,81.261,1.500,0,5378432,144700,172548,2316660,3701999.111,32041.173,164.021,13365.741,4.001,75.010,3197,2680,1.160,1.760,1.370,2,0,1.000,0,0,18,308,0,3,0
14-06 20:49:33,24.756,3.751,69.766,0.750,0,5382200,133596,172752,2323684,15079.519,1512.353,0,36408.498,0,324.076,2864,2266,1.160,1.760,1.370,2,0,1.000,0,0,18,308,0,3,0
14-06 20:49:34,22.012,4.252,71.288,1.001,0,5373596,122524,175992,2337604,12283.594,1620.870,0,18285.816,0,144.077,2720,2374,1.150,1.750,1.360,2,0,0,0,0,18,308,0,3,0
14-06 20:49:35,23.993,3.249,71.479,0.500,0,5390948,148920,176412,2294276,9187.316,1565.543,0,923.730,0,36.989,2350,2004,1.150,1.750,1.360,2,0,0,0,0,18,308,0,3,0
14-06 20:49:36,23.002,2.500,72.257,1.000,0,5391652,124276,177200,2316124,15605.532,1620.159,0,2040.200,0,85.008,2523,2242,1.150,1.750,1.360,2,0,0,0,0,18,308,0,3,0
14-06 20:49:37,21.985,4.497,71.952,0.999,0,5386800,143628,178160,2300404,12568.667,1618.927,0,2242.513,0,77.948,2460,2057,1.150,1.750,1.360,3,0,0,0,0,18,308,0,3,0
14-06 20:49:38,25.013,2.751,71.036,1.001,0,5389504,125372,178676,2314260,12746.535,1512.776,0,2085.069,0,80.041,2635,2524,1.150,1.750,1.360,1,1,1.001,0,0,18,308,0,3,0
14-06 20:49:39,24.997,2.750,70.992,0.250,0,5387352,135716,180060,2304556,13105.434,1619.806,0,2031.757,0,29.996,2505,2258,1.130,1.730,1.360,4,0,0,0,0,18,308,0,3,0
14-06 20:49:40,23.004,3.501,71.763,1.000,0,5387116,124572,181080,2313724,9384.703,1620.294,0,2264.411,0,83.015,2590,2424,1.130,1.730,1.360,2,0,0,0,0,18,308,0,3,0
14-06 20:49:41,22.811,6.267,69.435,0.501,0,5288428,273680,181532,2263124,12895.323,1594.243,0,95490.163,0,1249.325,4718,4881,1.130,1.730,1.360,1,0,2.005,0,0,18,306,0,3,0
14-06 20:49:42,23.431,5.484,70.294,0,0,5369964,192136,181532,2263132,10256.968,969.162,0,793.676,0,22.933,2493,1787,1.130,1.730,1.360,1,0,16.950,0,0,18,306,0,3,0
14-06 20:49:43,17.998,2.750,77.992,0,0,5366904,191884,181536,2266440,18962.043,4452.540,0,239.975,0,5.999,1994,1554,1.130,1.730,1.360,1,0,16.998,0,0,18,307,0,3,0
14-06 20:49:44,22.509,4.252,71.529,0.250,0,5349972,205116,181676,2269532,11330.573,1686.681,0,1704.688,0,128.052,4645,6428,1.120,1.720,1.360,2,0,7.003,0,0,18,306,0,3,0
14-06 20:49:45,22.000,6.500,69.998,0,0.250,5362092,192012,181692,2270416,12225.735,1133.975,0,0,0,0,10411,18077,1.120,1.720,1.360,1,0,8.000,0,0,18,306,0,3,0
14-06 20:49:46,25.008,9.753,63.270,0,0,5353780,200068,181700,2270624,11505.679,1512.484,48.015,129805.507,2.001,1344.430,13421,21665,1.120,1.720,1.360,3,0,12.004,0,0,18,306,0,1,0
14-06 20:49:47,21.745,7.998,69.734,0,0,5357900,195840,181704,2270712,9757.698,1133.733,0,3087.272,0,10.997,2554,1977,1.120,1.720,1.360,2,0,11.997,0,0,18,306,0,1,0
14-06 20:49:48,26.747,4.250,67.743,0.250,0,5329368,232196,181708,2263316,9046.011,1565.829,0,1035.887,0,40.996,2988,2914,1.120,1.720,1.360,1,0,4.000,0,0,18,306,0,3,0
14-06 20:49:49,21.750,4.500,71.499,2.500,0,5322056,236756,181836,2265940,13139.799,1565.976,379.994,2191.966,10.000,149.998,2329,1863,1.110,1.710,1.360,2,1,5.000,0,0,18,306,0,3,0
14-06 20:49:50,21.746,2.750,71.237,2.500,0,5315068,243008,181836,2266676,11218.991,1511.729,423.924,707.873,9.998,40.993,3559,4228,1.110,1.710,1.360,1,0,0,0,0,18,308,0,3,0
14-06 20:49:51,24.249,4.500,68.997,0.500,0,5316128,241500,181836,2267124,13878.315,1619.920,367.982,691.966,20.999,77.996,4943,6057,1.110,1.710,1.360,2,0,0,0,0,18,312,0,7,0
14-06 20:49:52,25.756,5.001,64.516,2.501,0,5316340,240492,181836,2267920,12974.264,1566.394,560.141,1696.427,32.008,218.055,5817,7974,1.110,1.710,1.360,1,0,1.000,0,0,18,311,0,7,0
14-06 20:49:53,13.997,16.497,65.738,1.750,0,5284916,271732,181836,2268104,14324.340,1619.699,127.976,4035.251,1.000,255.952,5129,4644,1.110,1.710,1.360,1,0,181.966,0,0,18,310,0,7,0
14-06 20:49:54,9.251,20.002,68.256,0,0,5276028,280600,181836,2268124,11692.024,1566.137,0,200.018,0,18.002,4996,3660,1.020,1.680,1.350,1,0,202.018,0,0,18,310,0,7,0
14-06 20:49:55,17.231,7.991,70.423,3.496,0.250,5269036,286076,181836,2269640,21816.185,1618.234,1490.373,63.930,55.939,2.997,3006,2288,1.020,1.680,1.350,1,1,53.941,0,0,18,310,0,9,0
14-06 20:49:56,8.256,4.753,71.300,13.259,0,5253868,284312,181840,2286568,9828.853,1621.130,17039.880,0,1291.901,0,3213,4153,1.020,1.680,1.350,1,0,12.008,0,0,18,310,0,9,0
14-06 20:49:57,8.002,3.751,71.015,13.503,0,5251376,265664,181840,2307708,12214.563,1566.329,21044.415,2748.577,1467.308,110.023,3697,5050,1.020,1.680,1.350,0,1,0,0,0,18,310,0,9,0
14-06 20:49:58,10.981,4.742,72.123,10.482,0,5250600,261884,182120,2311984,12039.833,2115.281,4548.004,1273.761,859.489,32.942,3119,3790,1.020,1.680,1.350,1,0,6.988,0,0,18,311,0,9,0
14-06 20:49:59,2.754,1.502,94.403,0.751,0,5250308,261884,182252,2312144,17898.032,3546.753,292.474,112.182,73.119,3.005,1370,1641,0.940,1.650,1.340,0,0,0,0,0,18,311,0,9,0
14-06 20:50:00,2.250,0.500,94.761,0.500,0,5250084,261884,182252,2312368,47929.736,4788.573,224.027,1940.232,3.000,332.040,1348,1447,0.940,1.650,1.340,1,0,0,0,0,18,311,0,9,0
14-06 20:50:01,9.493,7.245,78.193,4.497,0,5242436,268584,182360,2313208,122378.626,3586.381,507.629,907.337,23.982,16.988,2714,2414,0.940,1.650,1.340,1,0,28.979,0,0,18,311,0,10,0
14-06 20:50:02,2.251,1.751,94.055,0.750,0,5243212,267352,182364,2313660,400848.983,7371.284,68.040,384.223,9.005,24.014,1648,1917,0.940,1.650,1.340,1,0,5.003,0,0,18,310,0,10,0
14-06 20:50:03,3.001,1.750,94.019,0.250,0,5242936,267620,182364,2313668,8292.716,1080.224,32.007,184.038,1.000,25.005,1485,1987,0.940,1.650,1.340,1,0,6.001,0,0,18,310,0,10,0
14-06 20:50:04,1.750,0.750,97.004,0,0,5242900,267620,182364,2313704,12540.528,1566.066,0,92.004,0,10.000,1085,1369,0.870,1.630,1.340,0,0,0,0,0,18,310,0,10,0
14-06 20:50:05,1.000,0.500,96.992,0.250,0,5242900,267620,182364,2313704,11834.966,1511.868,0,303.973,0,21.998,961,1324,0.870,1.630,1.340,0,0,0,0,0,18,310,0,10,0
14-06 20:50:06,1.750,0.750,96.755,0,0,5242900,267620,182364,2313704,9523.478,1566.079,0,4.000,0,1.000,1060,1321,0.870,1.630,1.340,0,0,0,0,0,18,310,0,10,0
14-06 20:50:07,1.000,0.750,97.498,0,0,5242900,267620,182364,2313704,12670.678,1565.960,0,0,0,0,1060,1267,0.870,1.630,1.340,0,0,0,0,0,18,310,0,10,0
14-06 20:50:08,2.500,1.000,95.263,0.250,0,5242896,267620,182364,2313708,12390.739,1512.212,0,336.047,0,34.005,1502,2095,0.870,1.630,1.340,1,0,1.000,0,0,18,310,0,10,0
14-06 20:50:09,1.250,1.000,96.234,0,0,5242892,267620,182364,2313712,12524.914,1619.730,0,67.989,0,8.999,1281,1702,0.800,1.600,1.330,0,0,0,0,0,18,310,0,10,0
14-06 20:50:10,1.000,0.500,96.976,0,0,5242892,267620,182364,2313712,10149.504,1619.602,0,19.995,0,3.999,1016,1421,0.800,1.600,1.330,1,0,0,0,0,18,310,0,10,0
14-06 20:50:11,1.748,0.749,97.162,0,0,5242892,267620,182364,2313712,7880.881,1660.500,0,31.971,0,2.997,1034,1353,0.800,1.600,1.330,0,0,0,0,0,18,310,0,10,0
14-06 20:50:12,1.251,0.751,96.836,0.250,0,5238088,272424,182364,2313712,13841.357,1621.448,0,1361.215,0,29.026,1156,1435,0.800,1.600,1.330,0,0,0,0,0,18,310,0,10,0
14-06 20:50:13,1.750,1.000,96.240,0,0,5238084,272424,182364,2313716,13434.592,1619.830,0,415.956,0,29.997,1297,1857,0.800,1.600,1.330,1,0,0,0,0,18,310,0,10,0
14-06 20:50:14,11.755,5.752,80.531,0,0,5240160,270348,182364,2313716,9046.504,1620.628,0,56.022,0,5.002,2603,8787,0.810,1.590,1.330,0,0,36.014,0,0,18,310,0,11,0
14-06 20:50:15,1.000,0.250,97.216,0,0,5241716,268792,182364,2313716,13164.404,1619.435,0,0,0,0,978,1282,0.810,1.590,1.330,2,0,0,0,0,18,310,0,10,0
14-06 20:50:16,1.000,1.250,97.221,0.250,0,5241716,268792,182364,2313716,10700.765,1457.559,0,1167.647,0,241.927,1054,1353,0.810,1.590,1.330,0,0,0,0,0,18,310,0,10,0
14-06 20:50:17,1.501,0.500,96.807,0,0,5241400,269104,182364,2313720,15063.947,1620.963,0,5467.247,0,193.115,1251,1482,0.810,1.590,1.330,0,0,0,0,0,18,310,0,10,0
14-06 20:50:18,2.500,1.000,94.739,0.250,0,5233660,277168,182364,2313728,10254.779,1619.807,0,343.959,0,31.996,1446,2044,0.810,1.590,1.330,1,0,1.000,0,0,18,310,0,10,0
14-06 20:50:19,1.750,1.000,97.224,0.500,0,5233660,277168,182364,2313728,8058.836,1457.609,0,71.981,0,9.997,1054,1389,0.750,1.560,1.320,2,0,0,0,0,18,310,0,10,0
14-06 20:50:20,20.779,6.259,71.599,0,0,5285052,225776,182364,2313728,12893.829,1622.243,256.354,140.194,2.003,14.019,2542,2109,0.750,1.560,1.320,1,0,5.007,0,0,18,310,0,10,0
14-06 20:50:21,20.251,6.000,73.253,0,0,5326436,184380,182364,2313740,12038.541,1458.066,512.023,176.008,4.000,11.000,2327,1714,0.750,1.560,1.320,1,0,6.000,0,0,18,310,0,10,0
14-06 20:50:22,18.489,18.988,59.963,0.750,0,5328244,182372,182364,2313940,12852.160,1619.012,435.734,43.973,10.993,4.997,5223,3851,0.750,1.560,1.320,2,0,305.813,0,0,18,310,0,10,0
14-06 20:50:23,8.494,19.737,68.456,0.250,0,5312372,198208,182364,2313976,11439.578,1618.950,15.990,3273.876,0.999,55.964,5639,4597,0.750,1.560,1.320,1,0,287.813,0,0,18,310,0,10,0
14-06 20:50:24,9.001,19.752,69.759,0,0,5299560,210996,182364,2314000,10516.282,1458.178,0,104.013,0,12.001,5659,4504,0.930,1.590,1.330,1,0,293.036,0,0,18,310,0,10,0
14-06 20:50:25,8.503,19.758,69.777,0,0,5292348,218192,182364,2314016,12301.827,1620.636,0,0,0,0,5605,4110,0.930,1.590,1.330,1,0,319.125,0,0,18,310,0,10,0
14-06 20:50:26,9.000,21.750,67.751,0,0,5294060,216460,182364,2314036,10924.210,1458.028,0,20.000,0,2.000,5496,3973,0.930,1.590,1.330,1,0,307.006,0,0,18,310,0,10,0
14-06 20:50:27,8.749,21.747,66.740,0.500,0,5290728,219752,182368,2314072,9302.623,1689.750,23.996,1231.818,3.000,205.970,5588,4029,0.930,1.590,1.330,2,0,317.953,0,0,18,310,0,10,0
14-06 20:50:28,8.501,20.753,68.259,0.250,0,5291092,219352,182368,2314108,14811.885,1620.206,20.003,276.035,1.000,18.002,5651,4346,0.930,1.590,1.330,3,0,289.037,0,0,18,310,0,10,0
14-06 20:50:29,8.502,8.752,72.014,9.752,0,5288312,182520,182516,2353572,13214.609,1620.320,39611.822,0,341.067,0,2909,2489,0.930,1.580,1.330,2,0,77.015,0,0,18,310,0,10,0
14-06 20:50:30,23.493,3.499,71.728,0.500,0,5279980,190648,182520,2353772,11899.339,1619.502,199.938,291.910,3.999,23.993,2702,2229,0.930,1.580,1.330,2,0,23.993,0,0,18,310,0,10,0
14-06 20:50:31,2.000,1.250,94.989,0.500,0,5284024,186420,182652,2353792,27238.951,2695.698,139.984,0,4.999,0,1231,1452,0.930,1.580,1.330,0,0,3.000,0,0,18,311,0,10,0
14-06 20:50:32,1.750,1.250,95.231,0,0,5284316,185664,182652,2354256,508120.968,13863.162,0,11.998,0,2.000,1749,1751,0.930,1.580,1.330,0,0,0,0,0,18,311,0,10,0
14-06 20:50:33,12.503,3.501,81.018,0.500,0,5285168,183172,182652,2355896,1675096.573,42070.232,16.004,3932.863,1.000,96.021,4658,4704,0.930,1.580,1.330,2,0,0,0,0,18,311,0,10,0
14-06 20:50:34,4.496,1.499,91.428,0.500,0,5285580,182472,182652,2356184,269321.819,7378.187,0,275.783,0,24.980,1871,2387,0.860,1.550,1.320,0,0,0,0,0,18,311,0,10,0
14-06 20:50:35,3.252,1.751,91.817,1.001,0,5285604,181464,182652,2357168,1052652.602,24737.038,0,3958.887,0,166.121,2396,3002,0.860,1.550,1.320,2,0,0,0,0,18,311,0,10,0
14-06 20:50:36,1.250,1.000,96.238,0.250,0,5285496,181212,182652,2357528,366131.650,7162.074,0,563.927,0,17.998,1241,1444,0.860,1.550,1.320,0,0,0,0,0,18,311,0,10,0
14-06 20:50:37,1.750,1.000,96.255,0,0,5284180,182040,182652,2358016,508852.249,8946.461,0,972.050,0,29.001,1312,1557,0.860,1.550,1.320,0,0,0,0,0,18,311,0,10,0
14-06 20:50:38,15.501,5.000,76.256,1.750,0,5291112,171452,182664,2361628,205136.048,4494.352,3384.265,812.064,28.002,41.003,2754,2486,0.860,1.550,1.320,1,0,23.002,0,0,18,310,0,11,0
14-06 20:50:39,11.243,11.743,68.708,6.746,0,5315968,126912,182816,2380792,21990.411,1619.000,339.790,21858.493,51.968,562.652,5191,6453,0.870,1.540,1.320,1,0,45.972,0,0,18,310,0,11,0
14-06 20:50:40,7.755,15.510,69.547,4.253,0,5309588,127860,183244,2385020,12329.262,1458.978,0,10386.960,0,1112.746,6687,8234,0.870,1.540,1.320,2,0,93.062,0,0,18,310,0,11,0
14-06 20:50:41,16.497,9.998,68.237,3.249,0,5300780,132576,183548,2388400,11741.814,1619.698,147.972,6038.876,3.999,586.891,4528,5117,0.870,1.540,1.320,3,0,43.992,0,0,18,310,0,11,0
14-06 20:50:42,25.007,6.752,66.768,0.750,0,5294224,138416,183576,2389052,9237.473,1620.434,0,876.235,0,51.014,2955,2311,0.870,1.540,1.320,1,0,14.004,0,0,18,310,0,11,0
14-06 20:50:43,24.736,7.496,65.212,0.999,0,5294416,137864,183584,2389324,12167.899,1457.150,0,2502.540,0,302.823,3582,3009,0.870,1.540,1.320,3,0,23.986,0,0,18,310,0,11,0
14-06 20:50:44,25.764,7.004,66.286,0.500,0,5304292,127372,183604,2389852,10179.512,1620.878,0,892.483,0,55.030,3088,2312,0.960,1.550,1.320,2,0,18.010,0,0,18,310,0,11,0
14-06 20:50:45,25.001,7.250,65.252,0.750,0,5297892,133284,183640,2390232,9580.323,1620.055,0,848.029,0,57.002,3101,2333,0.960,1.550,1.320,1,0,18.001,0,0,18,310,0,11,0
14-06 20:50:46,24.319,6.519,68.696,0.251,0,5296604,132800,183828,2391608,12742.347,1624.634,0,581.659,0,31.089,2878,2407,0.960,1.550,1.320,1,0,12.034,0,0,18,310,0,11,0
14-06 20:50:47,24.825,4.965,67.275,0.745,0,5297768,129812,183920,2393068,12675.433,1608.633,0,846.022,0,29.790,3001,2467,0.960,1.550,1.320,1,0,11.916,0,0,18,310,0,11,0
14-06 20:50:48,23.097,4.268,69.792,1.757,0,5295608,128612,183952,2395672,12955.163,1464.121,108.453,3173.267,22.092,202.848,2925,2709,0.960,1.550,1.320,3,0,4.017,0,0,18,310,0,9,0
14-06 20:50:49,25.994,5.999,65.986,0.500,0,5282440,141636,183952,2395784,13983.967,1619.649,91.980,51.989,4.999,5.999,3231,2926,1.120,1.570,1.330,2,0,18.996,0,0,18,310,0,9,0
14-06 20:50:50,17.997,12.248,64.240,4.499,0,5335228,155228,183976,2331260,16922.456,1619.757,419.937,5795.129,57.991,119.982,3776,3644,1.120,1.570,1.330,6,0,25.996,0,0,18,310,0,11,0
14-06 20:50:51,20.008,7.003,72.030,0.250,0,5357900,131916,183984,2331316,19423.118,1458.610,60.025,0,4.002,1.000,2615,1894,1.120,1.570,1.330,2,0,20.008,0,0,18,310,0,11,0
14-06 20:50:52,16.749,8.999,71.994,1.000,0,5338760,146052,183984,2333828,19797.481,1619.876,75.994,2575.802,4.000,5.000,2693,1913,1.120,1.570,1.330,2,0,22.998,0,0,18,310,0,7,0
14-06 20:50:53,24.005,2.751,71.764,1.250,0,5364952,147676,184140,2306368,15486.061,1458.288,272.054,468.093,16.003,33.007,2274,1736,1.120,1.570,1.330,1,0,4.001,0,0,18,310,0,7,0
14-06 20:50:54,11.497,3.499,82.480,0.500,0,5297384,276784,184144,2245308,20182.178,1619.613,19.995,1371.672,2.000,218.948,2420,2127,1.110,1.560,1.330,0,0,15.996,0,0,18,310,0,7,0
14-06 20:50:55,0.750,0.750,97.009,0.250,0,5290096,284072,184144,2245308,17227.531,1620.144,0,20.002,0,4.000,1105,1414,1.110,1.560,1.330,1,0,0,0,0,18,310,0,7,0
14-06 20:50:56,1.250,1.000,96.984,0,0,5286824,287340,184144,2245312,20804.659,1619.740,0,0,0,0,1077,1302,1.110,1.560,1.330,1,0,2.000,0,0,18,310,0,5,0
14-06 20:50:57,1.750,0.750,97.230,0,0,5284660,289504,184144,2245312,20860.798,1619.674,0,199.960,0,14.997,1115,1340,1.110,1.560,1.330,1,0,0,0,0,18,310,0,5,0
14-06 20:50:58,2.000,1.000,96.017,0.500,0,5277280,296884,184144,2245312,16569.889,1458.254,0,284.050,0,25.004,1292,1722,1.110,1.560,1.330,1,0,1.000,0,0,18,310,0,5,0
14-06 20:50:59,1.500,1.000,96.758,0,0,5273136,301028,184144,2245312,18177.416,1620.126,0,80.006,0,6.000,1191,1493,1.030,1.540,1.320,0,0,0,0,0,18,310,0,5,0
14-06 20:51:00,1.250,0.250,96.771,0,0,5270500,303664,184144,2245312,15620.469,162.036,0,56.012,0,6.001,1030,1319,1.030,1.540,1.320,0,0,0,0,0,18,310,0,5,0
14-06 20:51:01,1.250,0.750,97.228,0,0,5264960,309204,184144,2245312,19273.733,1661.632,0,0,0,0,1025,1265,1.030,1.540,1.320,0,0,0,0,0,18,310,0,5,0
14-06 20:51:02,1.749,0.250,96.968,0,0,5261612,312544,184144,2245320,20840.195,1619.471,0,0,0,0,1140,1409,1.030,1.540,1.320,1,0,0,0,0,18,310,0,5,0
14-06 20:51:03,2.501,2.751,94.277,0,0,5257912,316244,184144,2245320,16839.860,1458.421,0,52.015,0,6.002,1423,1580,1.030,1.540,1.320,0,0,6.002,0,0,18,310,0,5,0
14-06 20:51:04,1.495,0.498,96.920,0,0,5256728,317428,184144,2245320,15293.908,1614.501,0,99.661,0,8.969,1001,1324,0.940,1.510,1.310,0,0,0,0,0,18,310,0,4,0
14-06 20:51:05,1.750,0.500,97.015,0,0,5255376,318780,184144,2245320,12423.960,1620.256,0,8.001,0,1.000,942,1203,0.940,1.510,1.310,1,0,0,0,0,18,310,0,4,0
14-06 20:51:06,1.756,1.003,96.818,0,0,5254188,319964,184144,2245324,11126.514,1625.334,0,0,0,0,1086,1335,0.940,1.510,1.310,0,0,0,0,0,18,310,0,4,0
14-06 20:51:07,1.250,0.500,97.484,0,0,5253592,320560,184144,2245324,12453.019,1619.742,0,3.999,0,1.000,1028,1305,0.940,1.510,1.310,1,0,0,0,0,18,310,0,4,0
14-06 20:51:08,2.751,1.000,95.019,0.250,0,5251432,322716,184144,2245328,12867.542,1662.328,0,380.075,0,41.008,1516,2106,0.940,1.510,1.310,0,0,1.000,0,0,18,310,0,4,0
14-06 20:51:09,1.000,1.000,95.771,0.250,0,5251652,322492,184144,2245332,11624.609,1458.327,0,1020.229,0,190.043,1393,1832,0.870,1.480,1.310,0,0,0,0,0,18,310,0,4,0
14-06 20:51:10,2.250,0.750,95.735,0.250,0,5251644,322492,184144,2245340,10568.332,1619.744,0,111.982,0,16.997,1313,1844,0.870,1.480,1.310,0,0,1.000,0,0,18,310,0,4,0
14-06 20:51:11,1.250,1.000,96.744,0,0,5251644,322492,184144,2245340,13206.146,809.948,0,155.990,0,11.999,1102,1472,0.870,1.480,1.310,0,0,0,0,0,18,310,0,4,0
14-06 20:51:12,1.245,0.249,96.339,0,0,5251644,322492,184144,2245340,11223.158,1290.499,0,107.542,0,7.966,1108,1420,0.870,1.480,1.310,0,0,0,0,0,18,310,0,4,0
14-06 20:51:13,2.008,1.004,96.899,0.251,0,5251644,322492,184144,2245340,9289.249,1626.698,0,361.488,0,29.120,1219,1682,0.870,1.480,1.310,1,0,0,0,0,18,310,0,4,0
14-06 20:51:14,2.250,1.500,94.755,0,0,5255616,318520,184144,2245340,9051.521,1566.090,0,1684.097,0,28.002,1318,1591,0.800,1.460,1.300,2,0,11.001,0,0,18,310,0,4,0
14-06 20:51:15,12.499,5.000,81.492,0.250,0,5246100,328036,184144,2245340,14615.614,1511.857,0,79.992,0,11.999,2604,10502,0.800,1.460,1.300,0,0,24.998,0,0,18,310,0,5,0
14-06 20:51:16,0.750,0.250,97.513,0,0,5246324,327812,184144,2245340,14770.949,1620.214,0,8.001,0,2.000,1026,1293,0.800,1.460,1.300,0,0,0,0,0,18,310,0,4,0
14-06 20:51:17,1.750,0.750,97.025,0,0,5246572,327560,184144,2245344,12653.263,1458.376,0,0,0,0,1141,1425,0.800,1.460,1.300,0,0,0,0,0,18,310,0,4,0
14-06 20:51:18,2.250,1.250,95.242,0.500,0,5246820,327308,184144,2245348,11288.014,1619.859,0,431.962,0,35.997,1445,1991,0.800,1.460,1.300,0,0,1.000,0,0,18,310,0,4,0
14-06 20:51:19,1.000,1.000,96.501,0,0,5246832,327308,184144,2245348,12026.128,1620.017,0,5432.058,0,133.001,1196,1424,0.730,1.440,1.290,0,0,0,0,0,18,310,0,4,0
14-06 20:51:20,20.525,6.258,72.337,0,0,5296296,277840,184144,2245352,10813.005,1621.951,256.308,0,2.002,0,2349,1672,0.730,1.440,1.290,1,0,5.006,0,0,18,310,0,4,0
14-06 20:51:21,20.220,5.741,73.140,0,0,5302296,271832,184144,2245360,8567.169,1617.577,511.234,0,3.994,0,2283,1612,0.730,1.440,1.290,1,0,5.991,0,0,18,310,0,4,0
14-06 20:51:22,11.750,3.000,84.253,0,0,5294880,279244,184144,2245364,12764.507,1620.064,256.010,28.001,2.000,3.000,1844,1538,0.730,1.440,1.290,0,0,1.000,0,0,18,310,0,4,0
14-06 20:51:23,1.250,0.750,96.475,0,0,5273164,300960,184144,2245364,17235.503,1457.620,0,131.966,0,14.996,1146,1478,0.730,1.440,1.290,0,0,0,0,0,18,310,0,4,0
14-06 20:51:24,7.739,2.996,82.878,4.993,0,5276328,297460,184172,2245672,23360.672,1617.623,351.484,56037.655,24.963,92.864,1859,2081,0.750,1.430,1.290,1,0,4.993,0,0,18,310,0,4,0
14-06 20:51:25,9.502,4.001,72.015,13.253,0,5274496,296648,184444,2248044,13090.776,1512.321,2592.550,1320.280,514.109,220.047,2307,2578,0.750,1.430,1.290,0,1,0,0,0,18,310,0,4,0
14-06 20:51:26,14.522,3.756,80.372,0.751,0,5270904,300024,184468,2248236,19084.884,8916.495,64.097,685.037,11.017,11.017,2638,2591,0.750,1.430,1.290,1,0,0,0,0,18,311,0,5,0
14-06 20:51:27,16.754,4.001,77.269,0.250,0,5276092,294828,184468,2248244,17670.431,4702.179,0,368.092,0,27.007,2364,2044,0.750,1.430,1.290,1,0,5.001,0,0,18,311,0,6,0
14-06 20:51:28,16.999,4.000,76.748,0,0,5287444,283236,184468,2248484,18690.407,9687.693,15.999,287.991,1.000,35.999,2893,3076,0.750,1.430,1.290,1,0,6.000,0,0,18,310,0,8,0
14-06 20:51:29,13.999,2.500,82.495,0,0,5289160,281504,184468,2248500,19151.895,11254.351,0,115.993,0,8.000,2258,2055,0.690,1.400,1.280,1,0,0,0,0,18,311,0,8,0
14-06 20:51:30,17.721,4.243,76.875,0.250,0,5311832,258700,184468,2248632,16278.613,4696.387,0,195.683,0,19.968,2341,2091,0.690,1.400,1.280,1,0,4.992,0,0,18,311,0,9,0
14-06 20:51:31,17.278,5.008,76.623,0.250,0,5308568,261936,184468,2248660,19456.301,8327.397,16.026,164.264,1.002,22.035,2625,2446,0.690,1.400,1.280,2,0,5.008,0,0,18,310,0,10,0
14-06 20:51:32,14.792,2.507,79.727,0.752,0,5298572,271784,184472,2248804,20350.030,12017.268,0,2450.989,0,153.438,2859,3248,0.690,1.400,1.280,2,0,5.014,0,0,18,310,0,11,0
14-06 20:51:33,15.180,3.484,80.133,0.249,0,5295788,274552,184472,2248820,22555.675,11257.431,0,445.957,0,25.881,2389,2207,0.690,1.400,1.280,2,0,0,0,0,18,311,0,11,0
14-06 20:51:34,47.567,8.011,43.561,0,0,5048848,521452,184472,2248860,13221.638,2374.347,0,152.215,0,19.027,3818,2187,0.880,1.430,1.290,1,0,19.027,0,0,18,294,0,16,0
14-06 20:51:35,57.245,9.749,32.747,0,0,5083340,487036,184472,2248872,12310.823,1619.845,7.999,59.994,2.000,5.999,3695,1786,0.880,1.430,1.290,4,0,4.000,0,0,18,292,0,16,0
14-06 20:51:36,86.175,13.027,0.501,0,0,5089232,481172,184472,2248876,11836.089,1623.304,0,2485.058,0,376.767,5319,2158,0.880,1.430,1.290,4,0,2.004,0,0,18,288,0,16,0
14-06 20:51:37,85.406,13.775,0.501,1.002,0,5058756,510680,184484,2249832,11500.972,1622.959,212.387,669.220,8.015,27.049,5798,4126,0.880,1.430,1.290,6,1,8.015,0,0,18,279,0,17,0
14-06 20:51:38,57.590,7.479,32.908,0.249,0,5130792,437752,184484,2250852,15832.955,1561.656,127.645,1108.915,0.997,56.842,6612,8703,0.880,1.430,1.290,2,0,8.975,0,0,18,271,0,24,0
14-06 20:51:39,45.737,5.748,47.987,0.250,0,5190580,377808,184492,2250996,9984.202,1619.546,51.985,219.938,1.999,12.996,3260,2161,0.970,1.440,1.300,3,0,1.000,0,0,18,273,0,25,0
14-06 20:51:40,50.732,10.246,37.487,1.000,0,5296484,269536,184500,2253356,46319.412,15627.403,323.884,543.805,42.985,53.981,7235,10616,0.970,1.440,1.300,3,0,2.999,0,0,18,281,0,32,0
14-06 20:51:41,21.742,4.748,70.974,0.250,0,5317056,248784,184500,2253536,43959.595,8633.778,31.988,375.860,1.999,38.985,4147,5324,0.970,1.440,1.300,0,0,1.999,0,0,18,291,0,31,0
14-06 20:51:42,2.501,0.500,95.028,0.500,0,5317056,248784,184500,2253536,14813.354,1620.476,0,336.099,0,15.004,1498,1976,0.970,1.440,1.300,0,0,1.000,0,0,18,291,0,31,0
14-06 20:51:43,2.500,0.750,95.499,0,0,5317116,248716,184500,2253544,16754.888,1619.989,0,175.999,0,14.000,1307,1596,0.970,1.440,1.300,0,0,1.000,0,0,18,291,0,31,0
14-06 20:51:44,3.250,2.500,93.251,0.250,0,5320820,244992,184500,2253564,8526.113,1458.019,0,1184.016,0,55.001,1604,2165,0.890,1.420,1.290,0,0,3.000,0,0,18,291,0,31,0
14-06 20:51:45,5.250,1.250,92.255,0.250,0,5321056,244740,184500,2253580,10054.548,1620.088,0,136.007,0,12.001,1725,2159,0.890,1.420,1.290,0,0,2.000,0,0,18,291,0,31,0
14-06 20:51:46,1.250,0.250,96.746,0,0,5321052,244740,184500,2253584,15433.307,1457.935,0,4.000,0,1.000,1073,1422,0.890,1.420,1.290,0,0,0,0,0,18,291,0,31,0
14-06 20:51:47,1.750,1.000,97.245,0,0,5320624,245168,184500,2253584,14115.338,1619.924,0,0,0,0,1037,1320,0.890,1.420,1.290,0,0,0,0,0,18,291,0,31,0
14-06 20:51:48,2.000,0.750,95.253,0,0,5317988,247792,184500,2253596,15832.508,1620.052,0,484.016,0,40.001,1456,1985,0.890,1.420,1.290,0,0,1.000,0,0,18,291,0,31,0
14-06 20:51:49,1.750,1.000,97.251,0.250,0,5318464,247316,184500,2253596,13400.107,1458.012,0,776.006,0,8.000,1012,1326,0.820,1.390,1.280,0,0,0,0,0,18,291,0,31,0
14-06 20:51:50,1.500,0.750,96.251,0,0,5309140,256640,184500,2253596,12684.153,1620.020,0,1456.018,0,155.002,1308,1739,0.820,1.390,1.280,0,0,0,0,0,18,291,0,31,0
14-06 20:51:51,2.500,1.000,95.261,0.250,0.250,5307212,258564,184500,2253600,11940.401,1458.171,0,472.055,0,45.005,1418,2011,0.820,1.390,1.280,0,0,0,0,0,18,291,0,31,0
14-06 20:51:52,1.499,1.499,96.213,0.500,0,5294436,271332,184500,2253608,9236.477,1619.382,0,8480.765,0,1080.588,1937,1775,0.820,1.390,1.280,0,0,0,0,0,18,291,0,31,0
14-06 20:51:53,1.750,0.500,97.022,0.250,0,5294436,271332,184500,2253608,9849.273,1620.374,0,92.021,0,9.002,1029,1433,0.820,1.390,1.280,2,0,0,0,0,18,291,0,29,0
14-06 20:51:54,1.749,0.750,95.967,0.250,0,5292912,272856,184500,2253608,12501.724,1457.502,0,179.938,0,19.993,1324,1847,0.750,1.370,1.270,1,0,0,0,0,18,291,0,29,0
14-06 20:51:55,1.501,1.000,96.288,0.250,0,5292912,272856,184500,2253608,10715.224,1752.691,0,196.077,0,18.007,1183,1639,0.750,1.370,1.270,0,0,0,0,0,18,291,0,29,0
14-06 20:51:56,1.249,0.749,97.178,0,0,5292908,272856,184500,2253612,12426.816,1750.706,0,0,0,0,1098,1399,0.750,1.370,1.270,1,0,1.999,0,0,18,291,0,29,0
14-06 20:51:57,1.001,0.751,96.817,0,0,5292908,272856,184500,2253612,10839.533,1621.127,0,1497.040,0,100.070,1076,1438,0.750,1.370,1.270,0,0,0,0,0,18,291,0,29,0
14-06 20:51:58,2.250,1.250,95.503,0.250,0,5293160,272604,184500,2253612,13054.439,1620.054,0,292.010,0,31.001,1333,1899,0.750,1.370,1.270,2,0,1.000,0,0,18,291,0,29,0
14-06 20:51:59,1.250,0.500,97.253,0,0.250,5293156,272604,184500,2253616,10678.358,1620.054,0,36.001,0,4.000,1013,1374,0.690,1.350,1.270,0,0,0,0,0,18,291,0,29,0
14-06 20:52:00,1.750,0.500,96.984,0,0,5293156,272604,184500,2253616,8745.590,1457.765,0,35.994,0,3.000,1001,1375,0.690,1.350,1.270,0,0,0,0,0,18,291,0,29,0
14-06 20:52:01,1.750,1.000,95.752,0.250,0,5293152,272604,184500,2253620,13440.312,1662.039,0,180.004,0,21.000,1442,1995,0.690,1.350,1.270,0,0,0,0,0,18,291,0,29,0
14-06 20:52:02,1.250,1.000,96.480,0.250,0,5293152,272604,184500,2253620,16639.493,1457.693,0,291.938,0,21.995,1262,1720,0.690,1.350,1.270,0,0,0,0,0,18,291,0,29,0
14-06 20:52:03,2.001,2.251,94.285,0,0,5294404,271348,184500,2253624,11472.252,1620.601,0,84.031,0,10.004,1241,1528,0.690,1.350,1.270,0,0,6.002,0,0,18,291,0,29,0
14-06 20:52:04,1.249,0.999,96.932,0,0,5294404,271348,184500,2253624,13107.816,1618.866,0,51.964,0,6.995,1105,1449,0.640,1.320,1.260,0,0,0,0,0,18,291,0,29,0
14-06 20:52:05,1.501,0.750,97.286,0,0,5294404,271348,184500,2253624,9980.681,1458.538,0,0,0,0,958,1303,0.640,1.320,1.260,0,0,0,0,0,18,291,0,29,0
14-06 20:52:06,1.000,0.250,97.266,0,0,5294404,271348,184500,2253624,13292.200,1620.268,0,8.001,0,1.000,949,1258,0.640,1.320,1.260,0,0,0,0,0,18,291,0,29,0
14-06 20:52:07,1.250,1.000,97.763,0,0.250,5294276,271348,184500,2253752,11504.542,1458.195,0,0,0,0,982,1270,0.640,1.320,1.260,0,0,0,0,0,18,291,0,29,0
14-06 20:52:08,2.248,0.999,95.168,0.250,0,5294272,271348,184500,2253756,21261.641,1618.602,0,327.717,0,31.972,1379,2022,0.640,1.320,1.260,1,0,1.998,0,0,18,291,0,29,0
14-06 20:52:09,42.692,13.232,39.696,3.246,0,5184816,380344,184512,2254136,14525.112,1855.460,379.480,203.721,29.959,14.979,4877,3495,0.830,1.350,1.270,2,0,69.904,0,0,18,287,0,31,0
14-06 20:52:10,22.903,5.537,71.226,0,0,5011668,553548,184512,2254208,13771.123,2176.560,72.485,153.024,5.034,35.236,2454,2006,0.830,1.350,1.270,2,0,7.047,0,0,18,287,0,31,0
14-06 20:52:11,23.401,3.236,71.198,1.245,0.249,5061684,503400,184512,2254340,9572.418,1762.528,123.477,207.122,12.945,23.899,2516,2310,0.830,1.350,1.270,1,0,0,0,0,18,287,0,31,0
14-06 20:52:12,23.499,5.750,68.497,0.750,0,5102460,461580,184516,2255400,13058.508,1751.934,203.992,587.978,17.999,39.998,4187,5341,0.830,1.350,1.270,1,0,16.999,0,0,18,291,0,33,0
14-06 20:52:13,22.242,4.998,71.475,0,0,5174568,389464,184516,2255408,13085.485,1619.441,0,0,0,0,2326,1703,0.830,1.350,1.270,1,0,5.998,0,0,18,291,0,33,0
14-06 20:52:14,23.007,3.751,72.271,0,0,5216124,347908,184516,2255408,12924.690,1802.515,0,20.006,0,4.001,2126,1610,0.840,1.350,1.270,1,0,0,0,0,18,291,0,33,0
14-06 20:52:15,25.242,5.748,67.978,0,0,5220712,343132,184516,2255596,15927.842,1619.476,0,0,0,0,2952,13115,0.840,1.350,1.270,1,0,36.988,0,0,18,291,0,34,0
14-06 20:52:16,1.000,0.500,97.490,0,0,5221440,342404,184516,2255596,8899.106,1619.837,0,4.000,0,1.000,956,1299,0.840,1.350,1.270,0,0,0,0,0,18,291,0,34,0
14-06 20:52:17,1.500,1.250,95.763,0.250,0,5221436,342404,184516,2255600,12477.742,1620.226,0,5384.752,0,643.090,1479,1660,0.840,1.350,1.270,2,0,0,0,0,18,291,0,34,0
14-06 20:52:18,2.000,1.250,95.247,0.500,0,5221936,341900,184516,2255604,11645.693,1457.962,0,367.990,0,34.999,1419,2009,0.840,1.350,1.270,1,0,1.000,0,0,18,291,0,33,0
14-06 20:52:19,1.250,0.750,97.230,0,0,5220440,343392,184516,2255608,10659.815,251.948,0,91.981,0,9.998,1090,1443,0.770,1.320,1.260,1,0,0,0,0,18,291,0,33,0
14-06 20:52:20,2.001,0.750,96.276,0,0,5213144,350684,184516,2255612,10908.002,1620.446,0,104.029,0,13.004,1246,1823,0.770,1.320,1.260,0,0,0,0,0,18,291,0,33,0
14-06 20:52:21,2.250,1.250,95.252,0.250,0,5210168,353660,184516,2255612,12631.223,1458.026,0,316.006,0,35.001,1435,2019,0.770,1.320,1.260,0,0,0,0,0,18,291,0,33,0
14-06 20:52:22,1.500,1.000,95.498,1.000,0,5207312,356516,184516,2255612,15409.751,1759.972,0,2335.962,0,136.998,1371,2022,0.770,1.320,1.260,0,0,0,0,0,18,291,0,33,0
14-06 20:52:23,1.500,0.500,96.723,0,0,5205220,358608,184516,2255612,11519.840,1619.556,0,127.965,0,15.996,1081,1538,0.770,1.320,1.260,0,0,0,0,0,18,291,0,33,0
14-06 20:52:24,1.500,1.000,96.271,0.250,0,5203220,360604,184516,2255616,11611.559,1458.321,0,252.056,0,23.005,1216,1785,0.790,1.320,1.260,1,0,0,0,0,18,291,0,33,0
14-06 20:52:25,1.250,0.750,97.262,0,0,5201476,362348,184516,2255616,12474.564,1620.203,0,0,0,0,1032,1427,0.790,1.320,1.260,1,0,0,0,0,18,291,0,33,0
14-06 20:52:26,1.249,0.500,97.460,0,0,5198612,365212,184516,2255616,12776.796,1751.287,0,0,0,0,933,1242,0.790,1.320,1.260,0,0,0,0,0,18,291,0,33,0
14-06 20:52:27,1.749,0.999,96.695,0,0,5197444,366380,184516,2255616,13247.397,1750.995,0,299.828,0,21.987,1044,1367,0.790,1.320,1.260,2,0,0,0,0,18,291,0,33,0
14-06 20:52:28,1.501,1.000,96.040,0.250,0,5197192,366632,184516,2255616,10111.168,1620.668,0,856.353,0,151.062,1369,1963,0.790,1.320,1.260,0,0,1.000,0,0,18,291,0,33,0
14-06 20:52:29,1.500,0.750,96.751,0,0,5197192,366632,184516,2255616,12719.132,1548.016,0,0,0,0,1112,1410,0.810,1.310,1.260,0,0,0,0,0,18,291,0,33,0
14-06 20:52:30,1.249,0.999,95.929,0,0,5197184,366632,184516,2255624,12306.945,1618.809,0,155.885,0,14.989,1104,1448,0.810,1.310,1.260,0,0,0,0,0,18,291,0,28,0
14-06 20:52:31,2.504,0.501,95.889,0.501,0,5197176,366632,184516,2255632,9035.116,1664.416,0,160.233,0,26.038,1431,2009,0.810,1.310,1.260,0,0,0,0,0,18,291,0,28,0
14-06 20:52:32,1.000,1.250,96.992,0,0,5197176,366632,184516,2255632,9201.274,1713.865,0,331.974,0,20.998,1177,1647,0.810,1.310,1.260,0,0,0,0,0,18,291,0,28,0
14-06 20:52:33,1.250,0.750,96.974,0.250,0,5197176,366632,184516,2255632,13578.396,1619.570,0,91.976,0,10.997,1150,1419,0.810,1.310,1.260,0,0,0,0,0,18,291,0,28,0
14-06 20:52:34,1.500,1.751,95.530,0,0,5197132,366632,184516,2255676,10259.213,1458.457,0,80.025,0,8.003,1177,1461,0.740,1.290,1.250,0,0,0,0,0,18,291,0,23,0
14-06 20:52:35,2.250,1.000,96.229,0.250,0,5197124,366632,184516,2255684,13581.006,1619.643,0,291.936,0,25.994,1305,1826,0.740,1.290,1.250,0,0,0,0,0,18,291,0,23,0
14-06 20:52:36,0.748,0.499,96.790,0,0,5197124,366632,184516,2255684,11064.950,1616.487,0,31.931,0,3.991,1007,1315,0.740,1.290,1.250,1,0,0,0,0,18,291,0,23,0
14-06 20:52:37,1.503,0.752,97.460,0,0,5197124,366632,184516,2255684,12181.269,1601.454,0,0,0,0,1012,1244,0.740,1.290,1.250,0,0,0,0,0,18,291,0,23,0
14-06 20:52:38,3.001,1.500,95.277,0.500,0,5197124,366632,184516,2255684,11502.211,1620.452,0,332.093,0,37.010,1507,2011,0.740,1.290,1.250,0,0,1.000,0,0,18,291,0,13,0
14-06 20:52:39,1.249,0.999,95.945,0,0,5197120,366632,184516,2255688,8016.385,1547.109,0,219.873,0,18.989,1249,1756,0.770,1.290,1.250,0,0,0,0,0,18,291,0,13,0
14-06 20:52:40,7.252,17.754,73.517,0.250,0,5209588,354148,184516,2255704,12708.877,1620.367,4.001,32.007,1.000,4.001,4886,3759,0.770,1.290,1.250,2,0,238.054,0,0,18,291,0,13,0
14-06 20:52:41,19.990,8.995,69.215,0,0,5242356,321376,184516,2255708,13575.124,2515.726,0,363.816,0,67.966,3549,2999,0.770,1.290,1.250,1,0,72.963,0,0,18,291,0,13,0
14-06 20:52:42,22.999,4.250,71.498,0.250,0,5287788,275912,184516,2255740,17365.402,4460.846,0,523.982,0,37.999,2879,2765,0.770,1.290,1.250,0,0,3.000,0,0,18,292,0,5,0
14-06 20:52:43,28.263,4.502,65.279,0,0,5287660,275924,184516,2255888,25235.280,8599.844,0,1104.494,0,232.104,3712,3404,0.770,1.290,1.250,1,0,1.000,0,0,18,294,0,7,0
14-06 20:52:44,31.011,6.002,59.521,1.000,0,5288120,274868,184516,2256484,13948.942,1870.663,512.181,1008.357,31.011,102.036,5985,7174,0.780,1.280,1.250,1,0,3.001,0,0,18,292,0,7,0
14-06 20:52:45,37.500,7.750,53.000,0.750,0,5255704,307220,184520,2256540,13831.950,2823.990,20.000,567.998,2.000,73.000,4291,4399,0.780,1.280,1.250,2,0,25.000,0,0,18,291,0,8,0
14-06 20:52:46,41.007,6.751,50.758,0.500,0,5376772,186004,184520,2256688,15398.571,3566.596,140.023,8.001,6.001,2.000,3190,1911,0.780,1.280,1.250,1,0,5.001,0,0,18,292,0,8,0
14-06 20:52:47,34.753,4.750,59.755,0,0,5376720,186004,184528,2256732,37258.277,28174.478,0,172.015,0,8.001,3555,3040,0.780,1.280,1.250,1,0,0,0,0,18,293,0,14,0
14-06 20:52:48,10.499,3.250,84.743,0.500,0,5359920,202656,184528,2256880,22598.104,10724.100,0,299.975,0,27.998,2579,2823,0.780,1.280,1.250,1,0,22.998,0,0,18,291,0,18,0
14-06 20:52:49,1.500,0.750,96.723,0,0,5353540,209032,184528,2256884,13102.308,1619.544,0,0,0,0,1061,1416,0.720,1.260,1.240,0,0,0,0,0,18,291,0,18,0
14-06 20:52:50,1.750,0.750,97.512,0,0,5346408,216164,184528,2256884,9236.180,1620.207,0,96.012,0,7.001,1017,1322,0.720,1.260,1.240,0,0,0,0,0,18,291,0,18,0
14-06 20:52:51,2.501,1.500,93.523,1.000,0,5341992,220580,184528,2256884,12260.070,1458.365,0,3248.813,0,215.054,1849,2794,0.720,1.260,1.240,2,0,0,0,0,18,291,0,18,0
14-06 20:52:52,1.000,0.500,97.242,0,0,5340692,221880,184528,2256884,10172.138,1619.863,0,287.976,0,18.998,1055,1411,0.720,1.260,1.240,1,0,0,0,0,18,291,0,18,0
14-06 20:52:53,1.000,0.750,97.002,0.250,0,5335460,227112,184528,2256884,25170.647,1458.037,0,100.003,0,14.000,1097,1440,0.720,1.260,1.240,0,0,0,0,0,18,291,0,18,0
14-06 20:52:54,1.999,1.499,94.966,0.500,0,5332196,230368,184528,2256892,11164.988,1619.418,0,2527.092,0,406.854,1603,2042,0.660,1.240,1.230,0,0,0,0,0,18,291,0,18,0
14-06 20:52:55,1.750,1.000,96.271,0,0,5331920,230620,184528,2256916,9829.138,1620.352,16.003,156.034,1.000,21.005,1300,1906,0.660,1.240,1.230,1,0,1.000,0,0,18,291,0,18,0
14-06 20:52:56,1.500,0.500,96.762,0.750,0,5328160,234380,184528,2256916,13538.697,1458.183,0,1280.160,0,80.010,1245,1691,0.660,1.240,1.230,0,0,0,0,0,18,291,0,18,0
14-06 20:52:57,1.500,0.750,96.743,0,0,5326528,236012,184528,2256916,11373.121,1817.859,0,275.979,0,15.999,1041,1314,0.660,1.240,1.230,0,0,0,0,0,18,291,0,18,0
14-06 20:52:58,2.998,4.247,90.445,0.750,0,5318464,244072,184528,2256920,12722.228,1523.070,0,2050.747,0,114.930,2359,2819,0.660,1.240,1.230,0,0,31.980,0,0,18,291,0,18,0
14-06 20:52:59,1.000,0.250,97.273,0,0,5317416,245120,184528,2256920,10467.508,1620.388,0,0,0,0,896,1252,0.610,1.220,1.230,0,0,0,0,0,18,291,0,18,0
14-06 20:53:00,1.250,0.500,96.761,0,0,5316312,246224,184528,2256920,13461.532,1458.166,0,4.000,0,1.000,1074,1370,0.610,1.220,1.230,0,0,0,0,0,18,291,0,18,0
14-06 20:53:01,3.001,1.250,95.517,0.250,0,5315992,246544,184528,2256920,10872.896,1662.290,0,336.059,0,39.007,1492,2037,0.610,1.220,1.230,0,0,0,0,0,18,291,0,18,0
14-06 20:53:02,0.750,0.750,97.212,0,0,5315740,246796,184528,2256920,12263.247,1619.372,0,255.901,0,17.993,1080,1464,0.610,1.220,1.230,0,0,0,0,0,18,291,0,18,0
14-06 20:53:03,2.751,1.751,94.535,0.250,0,5315884,246648,184528,2256924,13468.036,1620.606,0,100.037,0,10.004,1283,1451,0.610,1.220,1.230,0,0,6.002,0,0,18,291,0,18,0
14-06 20:53:04,1.249,0.500,96.416,0,0,5315632,246900,184528,2256924,12760.928,1618.596,0,107.906,0,15.986,1144,1511,0.560,1.200,1.220,0,0,0,0,0,18,291,0,18,0
14-06 20:53:05,1.501,1.001,96.573,0.250,0,5315620,246900,184528,2256936,12809.644,1621.221,0,84.063,0,9.007,1286,1707,0.560,1.200,1.220,0,0,0,0,0,18,291,0,18,0
14-06 20:53:06,1.750,0.500,96.505,0.500,0,5315620,246900,184528,2256936,13869.743,1458.078,0,304.016,0,23.001,1162,1508,0.560,1.200,1.220,1,0,0,0,0,18,291,0,18,0
14-06 20:53:07,1.503,1.252,96.670,0,0,5315624,246900,184528,2256932,11101.570,1622.861,0,176.311,0,9.016,1175,1591,0.560,1.200,1.220,0,0,0,0,0,18,291,0,18,0
14-06 20:53:08,2.246,0.998,94.818,0.499,0,5315620,246900,184528,2256936,12434.105,1756.624,0,327.371,0,36.929,1691,2436,0.560,1.200,1.220,0,0,0.998,0,0,18,291,0,18,0
14-06 20:53:09,1.999,0.750,96.475,0,0,5315612,246900,184528,2256944,11079.083,1661.563,0,879.768,0,172.954,1273,1673,0.520,1.180,1.210,0,0,0,0,0,18,291,0,18,0
14-06 20:53:10,2.000,0.750,95.260,0.250,0,5315612,246900,184528,2256944,9756.996,1620.165,0,188.019,0,21.002,1416,1989,0.520,1.180,1.210,0,0,1.000,0,0,18,291,0,18,0
14-06 20:53:11,2.251,1.001,95.052,0.250,0,5315612,246900,184528,2256944,8980.951,1458.804,0,268.148,0,32.018,1523,2079,0.520,1.180,1.210,1,0,0,0,0,18,291,0,16,0
14-06 20:53:12,1.249,1.249,96.703,0,0,5315608,246900,184528,2256948,12749.855,1817.124,0,467.775,0,73.964,1190,1603,0.520,1.180,1.210,0,0,1.999,0,0,18,291,0,16,0
14-06 20:53:13,1.500,0.250,97.029,0,0,5315608,246900,184528,2256948,11158.342,1524.457,0,136.041,0,9.003,980,1293,0.520,1.180,1.210,0,0,0,0,0,18,291,0,16,0
14-06 20:53:14,0.750,0.750,96.952,0.250,0,5315608,246900,184528,2256948,13114.453,1619.192,0,491.754,0,32.984,1025,1383,0.470,1.160,1.210,0,0,0,0,0,18,291,0,16,0
14-06 20:53:15,11.004,4.001,83.279,0,0,5332228,230268,184528,2260072,9948.420,162.056,0,576.198,0,115.040,2345,6485,0.470,1.160,1.210,3,0,38.013,0,0,18,291,0,14,0
14-06 20:53:16,3.250,2.250,93.009,0.250,0,5316796,245700,184528,2256960,12735.176,1458.135,0,408.038,0,33.003,1598,3560,0.470,1.160,1.210,1,0,0,0,0,18,291,0,15,0
14-06 20:53:17,1.250,0.750,97.016,0,0,5315028,247468,184528,2256960,13384.225,1662.276,0,24.004,0,2.000,1050,1373,0.470,1.160,1.210,1,0,0,0,0,18,291,0,15,0
14-06 20:53:18,3.750,2.500,92.740,0.750,0,5315128,247364,184528,2256964,9433.949,1619.820,0,435.951,0,43.995,1971,2601,0.470,1.160,1.210,0,0,18.998,0,0,18,291,0,15,0
14-06 20:53:19,1.250,1.000,97.020,0,0,5314048,248436,184528,2256972,12075.430,1458.293,0,48.010,0,6.001,1073,1395,0.440,1.140,1.200,0,0,0,0,0,18,291,0,14,0
14-06 20:53:20,1.500,0.500,96.969,0,0,5313196,249288,184528,2256972,10156.716,1619.476,0,19.994,0,3.999,991,1346,0.440,1.140,1.200,0,0,1.000,0,0,18,291,0,14,0
14-06 20:53:21,2.250,1.500,95.521,0.500,0,5312196,250288,184528,2256972,8427.826,1620.351,0,376.081,0,42.009,1474,2042,0.440,1.140,1.200,0,0,0,0,0,18,291,0,14,0
14-06 20:53:22,1.000,0.500,96.738,0.250,0,5311576,250908,184528,2256972,12521.391,1619.792,0,279.964,0,19.997,1177,1618,0.440,1.140,1.200,0,0,0,0,0,18,291,0,14,0
14-06 20:53:23,1.500,0.750,96.762,0,0,5311348,251136,184528,2256972,17410.123,1620.198,0,88.011,0,13.002,1112,1425,0.440,1.140,1.200,0,0,0,0,0,18,291,0,14,0
14-06 20:53:24,1.000,0.750,96.246,0.250,0,5311340,251140,184528,2256976,13437.431,1457.938,0,327.986,0,28.999,1258,1819,0.400,1.120,1.190,1,0,0,0,0,18,291,0,14,0
14-06 20:53:25,1.499,0.750,96.937,0,0,5311124,251356,184528,2256976,11576.521,1618.954,0,555.641,0,120.922,1103,1493,0.400,1.120,1.190,1,0,0,0,0,18,291,0,14,0
14-06 20:53:26,0.750,0.750,97.304,0,0,5311376,251104,184528,2256976,8864.881,1620.892,0,0,0,0,911,1224,0.400,1.120,1.190,0,0,0,0,0,18,291,0,14,0
14-06 20:53:27,1.500,0.750,97.254,0,0,5311376,251104,184528,2256976,12917.528,1620.066,0,216.009,0,15.001,1042,1353,0.400,1.120,1.190,0,0,0,0,0,18,291,0,14,0
14-06 20:53:28,2.749,0.750,94.730,0.250,0,5311372,251104,184528,2256980,10773.740,1655.653,0,387.919,0,41.991,1581,2305,0.400,1.120,1.190,0,0,1.000,0,0,18,291,0,14,0
14-06 20:53:29,1.000,0.750,97.269,0,0,5311344,251132,184528,2256980,8333.593,1200.229,0,0,0,0,945,1290,0.370,1.100,1.190,0,0,0,0,0,18,291,0,14,0
14-06 20:53:30,3.000,0.750,95.488,0,0,5311332,251132,184528,2256992,18214.657,2888.628,0,0,0,0,1367,1566,0.370,1.100,1.190,0,0,0,0,0,18,291,0,14,0
14-06 20:53:31,2.500,1.000,94.741,0.500,0,5311328,251132,184528,2256996,12153.819,1607.844,0,375.963,0,39.996,1610,2131,0.370,1.100,1.190,0,0,0,0,0,18,291,0,14,0
14-06 20:53:32,1.000,0.500,96.992,0,0,5311328,251132,184528,2256996,13485.826,1713.851,0,251.978,0,16.999,1092,1433,0.370,1.100,1.190,0,0,0,0,0,18,291,0,14,0
14-06 20:53:33,1.501,0.750,97.045,0,0,5311328,251132,184528,2256996,13510.274,1458.677,0,72.033,0,10.005,1093,1362,0.370,1.100,1.190,0,0,0,0,0,18,291,0,14,0
14-06 20:53:34,1.750,1.000,96.248,0.250,0,5311288,251132,184528,2257036,8481.846,1619.971,0,71.999,0,7.000,1083,1376,0.340,1.080,1.180,0,0,0,0,0,18,291,0,14,0
14-06 20:53:35,1.250,1.000,97.004,0,0,5311284,251132,184528,2257040,13385.487,1458.053,0,0,0,0,1029,1308,0.340,1.080,1.180,0,0,0,0,0,18,291,0,14,0
14-06 20:53:36,0.750,0.500,97.238,0,0,5311284,251132,184528,2257040,11941.490,1619.795,0,619.922,0,133.983,1074,1320,0.340,1.080,1.180,0,0,0,0,0,18,291,0,14,0
14-06 20:53:37,1.250,1.000,97.256,0,0,5311284,251132,184528,2257040,24850.537,1620.100,0,8.000,0,1.000,988,1281,0.340,1.080,1.180,0,0,0,0,0,18,291,0,14,0
14-06 20:53:38,3.250,1.000,94.501,0.500,0,5311280,251132,184528,2257044,16305.218,1512.020,0,404.005,0,44.001,1664,2330,0.340,1.080,1.180,0,0,1.000,0,0,18,291,0,14,0
14-06 20:53:39,1.250,1.000,96.500,0.250,0,5311272,251132,184528,2257052,17459.982,1619.998,0,188.000,0,21.000,1360,1886,0.310,1.060,1.170,0,0,0,0,0,18,291,0,14,0
14-06 20:53:40,1.499,1.249,94.961,0.750,0,5311272,251132,184528,2257052,10619.652,1829.251,0,2379.026,0,155.936,1431,2123,0.310,1.060,1.170,0,0,0,0,0,18,289,0,14,2
14-06 20:53:41,2.500,0.750,95.263,0.250,0,5311264,251132,184528,2257060,11518.626,2385.337,0,208.029,0,27.004,1528,2030,0.310,1.060,1.170,0,0,0,0,0,18,289,0,14,2
14-06 20:53:42,2.250,0.750,95.979,0,0,5311256,251132,184528,2257068,14627.848,2231.519,0,251.946,0,16.996,1250,1518,0.310,1.060,1.170,0,0,0,0,0,18,289,0,14,2
14-06 20:53:43,4.251,2.250,92.269,0,0,5313252,249116,184528,2257088,16729.516,1620.341,0,96.020,0,9.002,1689,1974,0.310,1.060,1.170,0,0,3.001,0,0,18,289,0,14,2
14-06 20:53:44,4.752,1.250,93.030,0,0,5313248,249116,184528,2257092,12620.060,1404.452,0,0,0,0,1552,1731,0.450,1.080,1.180,1,0,2.001,0,0,18,289,0,14,2
14-06 20:53:45,2.499,1.000,94.728,0.500,0,5313240,249116,184528,2257100,12203.147,1307.694,0,119.972,0,11.997,1431,1881,0.450,1.080,1.180,0,0,1.000,0,0,18,289,0,14,2
14-06 20:53:46,1.750,0.500,96.990,0,0,5313236,249116,184528,2257104,13011.682,1565.841,0,4.000,0,1.000,1077,1332,0.450,1.080,1.180,0,0,0,0,0,18,289,0,14,2
14-06 20:53:47,1.000,1.250,96.770,0,0,5313236,249116,184528,2257104,13923.843,1512.309,0,1048.214,0,189.039,1190,1431,0.450,1.080,1.180,0,0,0,0,0,18,289,0,14,2
14-06 20:53:48,8.001,4.750,85.507,0.500,0,5327728,234616,184528,2257112,13908.182,1566.133,0,612.052,0,77.007,2498,2746,0.450,1.080,1.180,1,0,38.003,0,0,18,289,0,3,2
14-06 20:53:49,17.205,3.990,76.302,0,0,5340420,221764,184528,2257280,17066.741,9448.497,0,55.855,0,6.982,2881,3092,0.490,1.080,1.180,2,0,0,0,0,18,293,0,3,2
14-06 20:53:50,15.035,1.253,82.945,0.251,0,5346960,215212,184528,2257292,8255.369,1407.302,4.009,40.094,1.002,3.007,1998,1986,0.490,1.080,1.180,0,0,2.005,0,0,18,294,0,3,2
14-06 20:53:51,11.237,17.979,69.170,0.250,0,5330348,231804,184528,2257312,14824.908,3752.674,0,187.784,0,23.972,5214,4076,0.490,1.080,1.180,2,0,219.747,0,0,18,293,0,4,2
14-06 20:53:52,8.763,18.277,70.355,0,0,5340416,221720,184528,2257328,9895.810,1756.629,0,4.006,0,1.001,5174,3812,0.490,1.080,1.180,0,0,240.360,0,0,18,293,1,4,2
14-06 20:53:53,14.759,7.504,76.044,0,0,5358684,203420,184528,2257360,24751.310,3031.753,12.007,224.130,3.002,16.009,2822,2217,0.490,1.080,1.180,1,0,38.022,0,0,18,293,0,6,2
14-06 20:53:54,21.994,4.249,71.731,0.750,0,5396652,165368,184532,2257440,14754.143,1565.591,67.982,1183.691,2.999,50.987,2413,2196,0.610,1.090,1.180,1,0,1.999,0,0,18,293,0,6,2
14-06 20:53:55,22.995,3.249,72.735,0,0,5429912,132104,184532,2257444,12413.477,1511.693,0,3.999,0,1.000,2206,1823,0.610,1.090,1.180,2,0,0,0,0,18,293,0,6,2
14-06 20:53:56,24.243,2.499,71.981,0.750,0,5404704,185280,184528,2230084,12799.534,1619.561,39.989,0,6.998,0,2229,1691,0.610,1.090,1.180,2,0,0,0,0,18,293,0,6,2
14-06 20:53:57,22.261,5.003,72.287,0.250,0,5459592,130360,184528,2230116,9397.783,1686.859,0,760.387,0,15.008,2161,1689,0.610,1.090,1.180,1,0,3.002,0,0,18,293,0,6,2
14-06 20:53:58,26.484,4.997,66.711,0.750,0,5466780,147288,184312,2206924,12728.505,1619.047,0,2322.632,0,320.811,5015,5776,0.610,1.090,1.180,1,0,0.999,0,0,18,294,0,6,2
14-06 20:53:59,23.460,4.742,68.634,0.749,0,5463332,150596,184312,2207064,13242.532,1617.256,0,714.787,0,81.861,5130,6620,0.720,1.110,1.190,1,0,0,0,0,18,295,0,10,2
14-06 20:54:00,24.338,3.011,71.007,0.753,0,5467856,145452,184312,2207684,9540.587,1571.698,469.703,148.538,33.120,10.036,3071,2900,0.720,1.110,1.190,4,0,0,0,0,18,299,0,12,2
14-06 20:54:01,32.929,4.490,58.124,1.497,0,5472136,140412,184316,2208440,14134.310,2607.339,526.856,1205.383,31.931,166.638,5383,6419,0.720,1.110,1.190,0,0,0.998,0,0,18,302,0,14,2
14-06 20:54:02,4.241,0.998,92.546,0.499,0,5472380,140160,184316,2208448,14604.798,1574.528,0,335.261,0,45.899,1700,2291,0.720,1.110,1.190,1,0,0,0,0,18,304,0,14,2
14-06 20:54:03,28.576,5.515,62.165,1.755,0.251,5479160,132928,184316,2208900,20972.754,2977.916,208.554,1600.254,11.029,224.597,5418,6667,0.720,1.110,1.190,1,0,6.016,0,0,18,302,0,14,2
14-06 20:54:04,7.245,1.999,87.442,1.999,0,5477180,134864,184316,2208944,11689.266,1634.918,31.979,4808.818,1.999,297.803,2510,3594,0.670,1.090,1.180,2,0,0,0,0,18,303,0,14,2
14-06 20:54:05,9.504,2.001,85.788,1.000,0,5477616,134360,184316,2209012,16082.060,3353.472,32.014,1072.471,2.001,128.056,2876,4084,0.670,1.090,1.180,0,0,0,0,0,18,302,0,14,2
14-06 20:54:06,21.441,4.238,71.552,0.748,0,5474524,137152,184316,2209312,14863.872,1615.530,95.735,566.433,5.983,77.785,4580,5545,0.670,1.090,1.180,1,0,0,0,0,18,306,0,15,2
14-06 20:54:07,27.004,5.501,64.260,1.500,0,5473252,138328,184316,2209408,12151.914,1458.230,0,1288.203,0,187.029,5304,6962,0.670,1.090,1.180,2,0,1.000,0,0,18,305,0,17,2
14-06 20:54:08,24.521,5.004,66.807,0.500,0.250,5472756,138736,184316,2209496,10997.376,1621.382,0,1997.703,0,175.149,5829,7546,0.670,1.090,1.180,2,0,1.001,0,0,18,305,0,18,2
14-06 20:54:09,24.764,4.502,68.537,0.750,0.250,5471844,139524,184316,2209620,14404.875,1608.880,0,1228.672,0,104.057,5164,6179,0.690,1.090,1.180,1,0,0,0,0,18,306,0,18,2
14-06 20:54:10,25.025,4.004,67.068,1.502,0,5471952,139036,184316,2210000,11430.575,2459.490,16.016,1621.642,1.001,198.201,4863,6245,0.690,1.090,1.180,0,1,0,0,0,18,304,0,19,2
14-06 20:54:11,11.718,1.995,83.027,1.247,0,5471908,139036,184316,2210044,12533.302,1615.656,0,1603.688,0,127.657,2913,3637,0.690,1.090,1.180,3,0,0,0,0,18,306,0,19,2
14-06 20:54:12,7.246,1.999,87.452,0.999,0,5471876,139036,184316,2210076,20236.805,3610.003,0,1559.138,0,147.918,2731,3728,0.690,1.090,1.180,0,0,1.999,0,0,18,304,0,19,2
14-06 20:54:13,22.576,5.769,67.727,2.258,0,5470876,139976,184316,2210136,10421.899,1517.080,0,9828.913,0,954.195,5498,7321,0.690,1.090,1.180,1,1,0,0,0,18,305,0,19,2
14-06 20:54:14,25.546,4.758,64.365,2.004,0,5471152,139472,184316,2210364,12555.398,1622.895,0,2800.997,0,295.527,5952,8112,0.880,1.120,1.190,3,0,0,0,0,18,304,0,19,2
14-06 20:54:15,24.642,4.729,68.699,0.498,0,5472588,137964,184316,2210436,10362.637,1612.939,0,1190.787,0,92.595,4859,5822,0.880,1.120,1.190,1,0,0,0,0,18,305,0,19,2
14-06 20:54:16,31.832,10.277,54.391,1.003,0,5476304,149400,184244,2196200,12677.753,1624.196,16.041,1395.606,1.003,173.448,6528,17172,0.880,1.120,1.190,4,1,36.093,0,0,18,305,0,21,2
14-06 20:54:17,12.992,2.249,81.451,1.749,0,5476868,148644,184244,2196392,13992.663,2560.475,0,2070.766,0,173.896,3324,4490,0.880,1.120,1.190,0,0,0,0,0,18,304,0,21,2
14-06 20:54:18,23.265,4.253,69.795,1.001,0,5470668,154772,184244,2196464,13838.865,2496.599,0,1500.961,0,170.109,4403,5382,0.880,1.120,1.190,1,0,1.001,0,0,18,306,0,23,2
14-06 20:54:19,9.496,1.999,86.216,0.500,0,5469228,156184,184244,2196492,14172.432,1685.338,0,1795.295,0,168.934,2443,2955,0.810,1.100,1.180,2,0,0,0,0,18,307,0,24,2
14-06 20:54:20,17.002,4.251,73.759,3.000,0,5470032,155176,184244,2196696,10722.354,2399.303,0,6612.835,0,476.060,4706,6889,0.810,1.100,1.180,1,0,0,0,0,18,304,0,26,2
14-06 20:54:21,19.253,2.750,76.011,0.250,0,5470808,154196,184244,2196900,9655.354,1620.227,148.021,496.070,8.001,39.005,3166,3278,0.810,1.100,1.180,2,0,0,0,0,18,304,0,26,2
14-06 20:54:22,18.487,2.498,75.695,0.999,0,5466872,158064,184244,2196968,32078.693,3295.606,0,747.457,0,105.923,3869,4488,0.810,1.100,1.180,1,0,0,0,0,18,304,0,26,2
14-06 20:54:23,10.497,1.999,84.472,1.250,0,5466704,158064,184244,2197136,24834.734,2907.032,0,691.770,0,100.966,2905,3741,0.810,1.100,1.180,3,0,0,0,0,18,304,0,27,2
14-06 20:54:24,9.747,2.749,85.223,0.500,0,5467152,157572,184244,2197180,13927.660,2148.331,0,763.762,0,99.969,2764,3717,0.980,1.130,1.190,2,0,0,0,0,18,304,0,28,2
14-06 20:54:25,8.286,1.255,90.138,0.251,0,5467136,157572,184244,2197196,16268.002,2847.252,0,321.383,0,45.194,2005,2534,0.980,1.130,1.190,1,0,0,0,0,18,305,0,28,2
14-06 20:54:26,23.416,4.484,67.009,1.744,0,5467064,157572,184244,2197268,13065.996,1614.193,0,2227.985,0,209.247,5471,7253,0.980,1.130,1.190,1,0,0,0,0,18,305,0,28,2
14-06 20:54:27,24.750,4.500,66.251,1.500,0,5467248,157320,184244,2197336,13521.181,1578.021,0,1540.021,0,184.002,5441,6871,0.980,1.130,1.190,1,0,0,0,0,18,305,0,28,2
14-06 20:54:28,25.017,5.253,66.294,1.501,0,5466972,157368,184244,2197564,9512.288,1567.036,0,6640.390,0,752.497,6020,7318,0.980,1.130,1.190,3,0,1.001,0,0,18,305,0,28,2
14-06 20:54:29,23.488,4.998,67.966,0.500,0,5467648,156612,184244,2197640,9417.339,1619.199,0,5149.452,0,80.960,4760,5508,0.980,1.130,1.190,2,0,0,0,0,18,305,0,28,2
14-06 20:54:30,25.754,6.251,62.509,2.750,0,5467408,156612,184248,2197876,18283.667,2889.421,0,6104.891,0,477.070,6615,9139,0.980,1.130,1.190,2,0,0,0,0,18,305,0,28,2
14-06 20:54:31,25.984,4.247,64.959,1.499,0,5467812,156108,184248,2197976,10931.177,1618.989,0,2638.353,0,240.850,5974,7855,0.980,1.130,1.190,2,0,0,0,0,18,305,0,28,2
14-06 20:54:32,24.023,5.005,68.065,1.001,0,5469484,154372,184248,2198040,12802.134,1715.626,0,1689.601,0,124.118,5254,6528,0.980,1.130,1.190,1,0,0,0,0,18,305,0,29,2
14-06 20:54:33,20.241,4.498,72.969,0.500,0,5470156,153520,184248,2198220,12731.568,1635.302,0,675.712,0,64.972,4671,5628,0.980,1.130,1.190,0,0,1.000,0,0,18,306,0,31,2
14-06 20:54:34,4.500,1.250,92.496,0,0,5470820,152804,184248,2198272,13581.395,1619.928,0,123.994,0,10.000,1674,1849,0.990,1.130,1.190,0,0,0,0,0,18,306,0,31,2
14-06 20:54:35,5.003,1.001,92.556,0,0,5470808,152804,184248,2198284,10496.338,1691.021,0,212.128,0,19.011,1690,2094,0.990,1.130,1.190,4,0,0,0,0,18,306,0,31,2
14-06 20:54:36,12.742,2.998,81.696,0.999,0,5470732,152804,184248,2198360,8701.204,1510.994,0,587.609,0,74.950,3472,4392,0.990,1.130,1.190,3,0,0,0,0,18,306,0,31,2
14-06 20:54:37,25.742,5.748,65.479,1.250,0,5471412,152048,184248,2198436,13780.610,1565.501,0,1659.471,0,205.934,5667,7417,0.990,1.130,1.190,2,0,0,0,0,18,306,0,31,2
14-06 20:54:38,27.275,5.755,62.558,2.252,0,5463628,159612,184248,2198656,12350.417,1513.399,0,2270.099,0,289.267,6369,8627,0.990,1.130,1.190,1,0,1.001,0,0,18,306,0,34,2
14-06 20:54:39,23.974,5.494,65.429,2.248,0.250,5463284,159880,184248,2198732,9441.783,1618.249,0,6453.017,0,413.553,5838,7963,0.910,1.110,1.180,1,0,0,0,0,18,306,0,34,2
14-06 20:54:40,23.529,4.506,68.835,0.751,0,5464200,158900,184248,2198796,12966.961,1567.930,0,1718.115,0,82.101,5225,6325,0.910,1.110,1.180,2,0,0,0,0,18,306,0,35,2
14-06 20:54:41,27.205,4.992,64.892,1.248,0,5464984,157608,184248,2199304,12963.337,2273.201,303.493,1018.298,15.973,135.773,5333,6415,0.910,1.110,1.180,2,0,0,0,0,18,305,0,35,2
14-06 20:54:42,4.250,1.500,92.510,0.250,0,5464976,157608,184248,2199312,20474.242,2178.239,0,1196.131,0,74.008,1908,2477,0.910,1.110,1.180,2,0,0,0,0,18,306,0,35,2
14-06 20:54:43,25.778,4.505,66.323,1.752,0,5469884,152596,184248,2199416,14163.627,2479.736,0,1757.940,0,224.247,4925,6398,0.910,1.110,1.180,1,0,0,0,0,18,305,0,39,2
14-06 20:54:44,9.752,2.751,84.272,1.000,0,5479836,142556,184248,2199504,9969.548,1620.414,64.016,5201.329,4.001,620.158,2877,2937,0.830,1.090,1.180,2,0,3.001,0,0,18,306,0,41,2
14-06 20:54:45,15.992,2.998,78.709,0.750,0,5480580,141772,184248,2199544,14526.447,2432.735,0,1591.173,0,183.904,3759,4864,0.830,1.090,1.180,0,0,1.999,0,0,18,305,0,41,2
14-06 20:54:46,10.751,2.250,85.012,0.750,0,5480880,141296,184248,2199720,11888.625,1512.207,0,1084.148,0,90.012,2666,3486,0.830,1.090,1.180,0,0,1.000,0,0,18,306,0,41,2
14-06 20:54:47,26.742,3.999,66.980,1.000,0,5483964,138020,184248,2199912,10326.900,2402.279,0,1179.646,0,122.963,4362,5052,0.830,1.090,1.180,1,0,0,0,0,18,304,0,48,2
14-06 20:54:48,23.268,3.002,69.554,1.501,0,5485816,136100,184248,2199980,20613.140,3462.711,0,1669.307,0,208.163,4606,5692,0.830,1.090,1.180,2,0,1.001,0,0,18,305,0,50,2
14-06 20:54:49,16.017,3.003,76.082,2.252,0,5486256,135596,184248,2200044,12336.307,2085.249,0,5978.449,0,448.484,3975,5468,0.850,1.090,1.170,0,0,0,0,0,18,305,0,51,2
14-06 20:54:50,2.997,0.999,95.159,0.500,0,5486252,135596,184248,2200048,12740.769,1618.446,0,879.156,0,40.961,1421,1896,0.850,1.090,1.170,1,0,0,0,0,18,306,0,51,2
14-06 20:54:51,21.744,2.999,71.481,1.500,0,5488696,133076,184248,2200124,16892.596,3405.112,0,1519.604,0,201.947,4491,5735,0.850,1.090,1.170,0,0,0,0,0,18,305,0,54,2
14-06 20:54:52,14.494,2.749,80.218,1.000,0,5489692,131820,184248,2200384,9469.185,1661.331,15.994,1011.592,1.000,118.952,3526,4681,0.850,1.090,1.170,1,0,0,0,0,18,305,0,54,2
14-06 20:54:53,2.990,0.997,94.688,0.498,0,5489684,131820,184248,2200392,12245.641,1614.678,0,478.423,0,41.862,1619,2076,0.850,1.090,1.170,1,0,0,0,0,18,306,0,51,2
14-06 20:54:54,23.827,3.511,69.223,1.505,0,5489604,131820,184248,2200472,11823.093,2483.000,0,1769.702,0,221.714,4768,6164,0.780,1.070,1.170,2,0,0,0,0,18,305,0,56,2
14-06 20:54:55,10.499,1.750,86.238,0.250,0,5489592,131820,184248,2200484,12422.300,1619.778,0,623.915,0,44.994,2059,2335,0.780,1.070,1.170,1,0,0,0,0,18,306,0,57,2
14-06 20:54:56,20.008,3.001,73.780,1.251,0,5489388,131820,184248,2200688,12911.294,2586.060,0,1584.650,0,192.079,4085,5476,0.780,1.070,1.170,0,0,0,0,0,18,305,0,60,2
14-06 20:54:57,11.751,2.250,84.257,0.500,0,5489860,131316,184248,2200720,11975.991,1524.126,0,864.072,0,72.006,2505,2921,0.780,1.070,1.170,0,0,0,0,0,18,305,0,62,2
14-06 20:54:58,9.470,2.492,83.987,2.243,0,5490096,131064,184248,2200736,10946.715,1614.942,0,5171.802,0,328.970,3085,4322,0.780,1.070,1.170,2,0,0.997,0,0,18,306,0,62,2
14-06 20:54:59,3.257,0.501,94.467,0.251,0,5490084,131064,184248,2200748,8965.598,1569.606,0,380.875,0,38.088,1528,2168,0.720,1.050,1.160,0,0,0,0,0,18,305,0,62,2
14-06 20:55:00,7.754,2.251,88.041,0.500,0,5490504,130616,184248,2200776,8539.929,1512.696,0,4634.132,0,560.258,2418,2783,0.720,1.050,1.160,0,0,0,0,0,18,305,0,62,2
14-06 20:55:01,24.505,15.753,54.261,4.001,0,5519740,128648,184404,2174588,13293.673,1566.315,1684.339,1052.212,108.022,77.015,5312,5179,0.720,1.050,1.160,0,2,179.036,0,0,18,305,0,62,2
14-06 20:55:02,26.692,15.716,52.137,2.495,0,5501520,158084,184428,2163728,17062.107,1732.254,894.067,1229.342,51.888,145.685,5836,5770,0.720,1.050,1.160,3,0,180.609,0,0,18,306,1,56,2
14-06 20:55:03,9.021,2.756,85.949,0.752,0,5501360,158084,184428,2163888,17818.260,3474.045,0,701.625,0,81.188,2621,3391,0.720,1.050,1.160,2,0,6.014,0,0,18,305,1,56,2
14-06 20:55:04,24.248,3.500,69.244,1.500,0,5501272,158084,184432,2163972,14998.633,2457.776,0,1603.854,0,211.981,4585,5667,0.900,1.080,1.170,1,0,0,0,0,18,305,1,61,2
14-06 20:55:05,8.003,1.250,89.279,0,0,5501256,158084,184432,2163988,13858.453,1694.545,0,276.089,0,17.005,1785,1942,0.900,1.080,1.170,1,0,0,0,0,18,306,1,64,2
14-06 20:55:06,21.747,3.250,71.490,1.750,0,5501188,158084,184432,2164056,21779.910,3996.433,0,1599.773,0,225.968,4508,5844,0.900,1.080,1.170,0,0,1.000,0,0,18,305,1,66,2
14-06 20:55:07,16.989,2.748,77.202,1.249,0,5500924,158084,184432,2164320,21288.627,1692.937,0,1059.335,0,122.923,3824,4691,0.900,1.080,1.170,3,0,0,0,0,18,305,1,66,2
14-06 20:55:08,4.753,2.001,91.298,0.750,0,5502676,156320,184432,2164332,12674.711,1620.858,0,944.500,0,85.045,2324,3154,0.900,1.080,1.170,3,0,1.001,0,0,18,306,1,66,2
14-06 20:55:09,26.439,4.739,64.353,2.494,0,5506056,152792,184432,2164480,12063.357,2601.040,15.963,6469.176,0.998,494.866,5375,7494,0.910,1.080,1.170,0,0,0,0,0,18,305,1,69,2
14-06 20:55:10,11.047,1.758,85.615,0.753,0,5507804,151028,184432,2164496,8315.495,1518.482,0,823.515,0,93.399,2492,3289,0.910,1.080,1.170,3,0,1.004,0,0,18,306,1,67,2
14-06 20:55:11,12.472,7.733,76.328,1.247,0,5512056,146696,184436,2164572,13726.003,2483.392,47.892,1097.521,1.995,116.736,3917,4612,0.910,1.080,1.170,0,0,87.802,0,0,18,305,1,67,2
14-06 20:55:12,21.499,2.500,73.497,0.500,0,5512092,146444,184436,2164788,13500.398,2124.905,0,1003.955,0,129.994,4158,5191,0.910,1.080,1.170,1,0,2.000,0,0,18,305,1,68,2
14-06 20:55:13,7.753,1.501,88.788,0.250,0,5512076,146444,184436,2164804,12279.270,1532.658,0,404.173,0,23.010,1904,2083,0.910,1.080,1.170,2,0,0,0,0,18,306,1,69,2
14-06 20:55:14,15.247,2.500,80.236,1.000,0,5512484,145968,184436,2164872,19544.656,3459.408,0,1279.781,0,160.972,3456,4587,0.840,1.060,1.160,1,0,0,0,0,18,305,1,69,2
14-06 20:55:15,17.710,3.492,74.582,0.998,0,5511724,146652,184436,2164948,11098.955,1658.258,0,4525.788,0,593.660,4461,5333,0.840,1.060,1.160,3,0,0,0,0,18,306,1,69,2
14-06 20:55:16,34.748,9.250,53.498,1.000,0,5536072,141080,184436,2146416,13496.387,1619.926,31.999,1671.924,1.000,164.993,6762,17887,0.840,1.060,1.160,1,0,37.998,0,0,18,306,1,70,2
14-06 20:55:17,24.042,6.011,63.611,3.005,0,5532980,144068,184436,2146520,10304.018,1460.554,0,7012.262,0,546.956,6573,9607,0.840,1.060,1.160,1,0,0,0,0,18,306,1,70,2
14-06 20:55:18,25.008,5.502,66.520,0.750,0,5528060,148896,184436,2146612,10327.178,1620.499,0,1600.493,0,148.046,5369,6869,0.840,1.060,1.160,1,0,1.000,0,0,18,306,1,67,2
14-06 20:55:19,23.508,4.001,69.273,0.500,0,5525848,150916,184436,2146804,11593.802,1242.407,0,864.283,0,77.025,5016,6081,0.850,1.060,1.160,2,0,0,0,0,18,306,1,68,2
14-06 20:55:20,24.997,4.750,66.743,1.750,0.250,5525000,151692,184436,2146876,10108.957,1403.855,0,1499.845,0,199.979,5232,6516,0.850,1.060,1.160,4,0,0,0,0,18,305,1,69,2
14-06 20:55:21,3.999,1.250,92.220,0.250,0,5523424,153264,184436,2146880,12587.883,1565.488,0,1099.640,0,85.972,2086,2910,0.850,1.060,1.160,2,0,0,0,0,18,306,1,69,2
14-06 20:55:22,25.263,4.002,67.534,1.501,0,5521780,154656,184436,2147132,15769.933,2665.341,32.016,1776.894,2.001,205.103,4821,6124,0.850,1.060,1.160,0,0,0,0,0,18,305,1,67,2
14-06 20:55:23,8.731,1.247,87.312,0.748,0,5520728,155684,184436,2147156,14263.225,1574.603,0,1061.709,0,94.795,2240,2965,0.850,1.060,1.160,3,0,0,0,0,18,306,1,68,2
14-06 20:55:24,9.264,2.504,84.881,1.753,0,5520672,155680,184436,2147216,16328.177,2514.878,16.025,1790.761,1.002,196.303,3085,4423,0.780,1.040,1.160,0,0,0,0,0,18,305,1,69,2
14-06 20:55:25,25.252,4.000,67.506,1.500,0,5520748,155356,184436,2147464,12886.118,2083.181,0,1936.168,0,220.019,5128,6642,0.780,1.040,1.160,1,0,0,0,0,18,306,1,70,2
14-06 20:55:26,14.002,2.750,79.509,1.500,0,5520696,155384,184436,2147488,12895.505,2017.235,0,4820.563,0,292.034,3226,4159,0.780,1.040,1.160,0,0,0,0,0,18,305,1,70,2
14-06 20:55:27,18.745,3.499,73.731,1.750,0,5521088,154880,184436,2147600,20032.825,3008.223,0,1827.528,0,205.947,4893,6350,0.780,1.040,1.160,2,0,0,0,0,18,306,1,71,2
14-06 20:55:28,25.495,5.499,63.737,2.499,0,5520992,154880,184436,2147696,12924.269,1619.658,0,2951.376,0,313.934,6905,9671,0.780,1.040,1.160,4,0,1.000,0,0,18,306,1,71,2
14-06 20:55:29,26.012,5.002,64.031,2.501,0,5513192,162468,184436,2147908,10639.089,1080.517,0,3217.539,0,329.157,6158,8651,0.720,1.030,1.150,1,0,0,0,0,18,306,1,71,2
14-06 20:55:30,25.000,4.500,66.750,0.500,0.250,5513332,162244,184436,2147992,16887.078,2889.013,0,1588.007,0,113.001,5428,6584,0.720,1.030,1.150,2,0,0,0,0,18,306,1,71,2
14-06 20:55:31,24.999,5.250,67.496,1.250,0,5509560,165816,184436,2148192,9475.474,1619.910,0,1407.922,0,132.993,5595,7026,0.720,1.030,1.150,2,0,0,0,0,18,306,1,72,2
14-06 20:55:32,24.011,5.502,65.030,2.501,0,5509708,165568,184436,2148292,14334.510,1606.730,0,7143.244,0,434.197,6151,8092,0.720,1.030,1.150,1,0,0,0,0,18,306,1,72,2
14-06 20:55:33,27.988,5.748,62.474,1.499,0,5511716,163460,184436,2148392,12112.986,1565.352,15.993,2059.148,1.000,244.899,6444,8747,0.720,1.030,1.150,3,0,0,0,0,18,306,1,72,2
14-06 20:55:34,26.001,4.750,64.253,2.250,0,5510540,164392,184436,2148636,13449.630,1566.073,0,3328.156,0,314.015,5886,7936,0.900,1.060,1.160,2,0,0,0,0,18,306,1,69,2
14-06 20:55:35,25.499,4.000,65.998,1.000,0,5511168,163692,184436,2148708,13754.538,1511.949,0,7579.745,0,954.968,5419,6145,0.900,1.060,1.160,1,0,0,0,0,18,306,1,69,2
14-06 20:55:36,23.229,4.496,68.938,0.999,0,5511356,163440,184440,2148768,13167.213,1618.551,0,1302.834,0,105.905,5216,6465,0.900,1.060,1.160,1,0,0,0,0,18,306,1,70,2
14-06 20:55:37,23.277,4.505,69.080,0.751,0,5512132,162460,184440,2148972,12882.930,1567.817,0,1113.290,0,95.110,5126,6093,0.900,1.060,1.160,1,0,0,0,0,18,306,1,72,2
14-06 20:55:38,25.228,5.246,65.444,1.499,0,5512280,162208,184440,2149076,9142.190,1584.646,0,1958.327,0,214.816,5830,7500,0.900,1.060,1.160,4,0,0.999,0,0,18,306,1,69,2
14-06 20:55:39,25.521,6.005,63.053,2.752,0,5512448,161956,184440,2149160,9125.619,1621.354,0,6953.806,0,514.429,6482,9106,0.910,1.060,1.160,2,0,0,0,0,18,306,1,69,2
14-06 20:55:40,25.472,4.745,64.180,2.248,0,5512240,161956,184444,2149364,13856.925,1618.240,0,2225.579,0,275.700,6193,8310,0.910,1.060,1.160,1,0,0,0,0,18,306,1,69,2
14-06 20:55:41,24.525,5.255,67.819,0.751,0,5512408,161704,184444,2149448,12433.606,1567.589,0,1429.449,0,116.118,5383,6596,0.910,1.060,1.160,2,0,0,0,0,18,306,1,70,2
14-06 20:55:42,23.785,5.007,68.602,0.501,0,5512468,161452,184444,2149640,14513.477,1622.401,0,1746.585,0,110.163,5288,6644,0.910,1.060,1.160,0,0,0,0,0,18,306,1,70,2
14-06 20:55:43,20.218,3.744,72.634,1.498,0,5512416,161452,184444,2149692,15412.461,1683.320,0,1317.902,0,149.762,4686,5893,0.910,1.060,1.160,1,0,0,0,0,18,305,1,69,2
14-06 20:55:44,11.499,3.250,80.994,1.000,0,5524488,149356,184444,2149716,13203.080,1565.891,0,1363.905,0,118.992,3283,4324,0.840,1.040,1.150,0,0,3.000,0,0,18,305,1,69,2
14-06 20:55:45,6.234,1.995,90.768,0.249,0,5524648,149132,184444,2149780,10945.045,1562.010,0,829.880,0,50.870,2006,2331,0.840,1.040,1.150,1,0,1.995,0,0,18,306,1,69,2
14-06 20:55:46,25.818,4.261,66.173,2.005,0,5523548,149968,184444,2150044,10612.784,2596.798,0,6095.959,0,777.034,5180,6565,0.840,1.040,1.150,0,0,1.003,0,0,18,305,1,73,2
14-06 20:55:47,9.470,1.994,84.984,1.495,0,5523760,149744,184444,2150056,12760.050,1561.112,0,4597.606,0,267.164,2411,3157,0.840,1.040,1.150,1,0,0,0,0,18,306,1,68,2
14-06 20:55:48,25.332,3.010,67.969,1.756,0,5523672,149732,184444,2150156,18443.407,3350.793,0,1553.002,0,178.575,4715,5781,0.840,1.040,1.150,0,0,1.003,0,0,18,305,1,71,2
14-06 20:55:49,10.001,1.750,85.758,0.750,0.250,5523640,149732,184444,2150188,10123.908,1979.178,0,1240.111,0,92.008,2561,3156,0.850,1.040,1.150,0,0,0,0,0,18,305,1,71,2
14-06 20:55:50,5.980,1.246,91.193,0.249,0,5523840,149508,184444,2150212,18183.796,2533.473,0,470.417,0,36.876,1908,2243,0.850,1.040,1.150,1,0,0,0,0,18,306,1,72,2
14-06 20:55:51,19.322,3.764,74.027,1.255,0,5523596,149508,184444,2150456,24657.142,1571.874,0,1505.626,0,201.754,4667,5978,0.850,1.040,1.150,0,0,0,0,0,18,305,1,61,2
14-06 20:55:52,9.716,2.740,84.953,0.997,0,5523568,149508,184444,2150484,13759.976,1602.407,0,857.009,0,115.597,2844,3645,0.850,1.040,1.150,3,0,0,0,0,18,304,1,63,2
14-06 20:55:53,16.050,2.006,79.500,1.003,0,5524016,149004,184444,2150540,13403.102,2531.953,0,1580.966,0,165.520,3207,4345,0.850,1.040,1.150,1,0,0,0,0,18,305,1,66,2
14-06 20:55:54,25.813,3.759,68.417,0.752,0,5524568,148248,184444,2150744,8387.435,2464.003,0,1283.126,0,143.349,4301,5323,0.860,1.040,1.150,1,0,0,0,0,18,305,1,71,2
14-06 20:55:55,3.491,1.247,93.522,0.748,0,5524560,148248,184444,2150752,14000.873,1681.900,0,1033.481,0,89.781,1887,2584,0.860,1.040,1.150,1,0,0,0,0,18,306,1,64,2
14-06 20:55:56,11.247,1.999,84.978,0.500,0,5524548,148248,184444,2150776,12405.844,1619.588,0,1103.719,0,81.979,2586,3095,0.860,1.040,1.150,0,0,1.000,0,0,18,305,1,65,2
14-06 20:55:57,13.745,1.749,81.972,0.500,0,5524520,148248,184444,2150804,12842.605,1565.464,0,1239.576,0,73.975,2742,3169,0.860,1.040,1.150,1,0,0,0,0,18,305,1,66,2
14-06 20:55:58,9.743,1.749,84.193,1.999,0,5525504,147240,184444,2150828,11220.436,1684.864,0,5872.041,0,349.764,2905,4317,0.860,1.040,1.150,1,0,0.999,0,0,18,306,1,69,2
14-06 20:55:59,27.269,3.002,66.295,1.751,0,5525680,146988,184444,2150904,14955.179,2840.934,0,1436.978,0,213.145,4705,5767,0.870,1.040,1.150,0,0,0,0,0,18,305,1,69,2
14-06 20:56:00,10.756,2.251,84.551,0.500,0,5525612,146988,184444,2150972,20192.109,2651.590,0,640.384,0,56.034,2964,3454,0.870,1.040,1.150,1,0,0,0,0,18,306,1,69,2
14-06 20:56:01,24.996,4.749,65.490,1.500,0,5525380,146988,184448,2151200,9491.598,1619.761,15.998,2051.697,1.000,224.967,5997,7834,0.870,1.040,1.150,3,1,0,0,0,18,306,1,69,2
14-06 20:56:02,26.508,5.752,63.519,2.501,0,5525296,146988,184448,2151284,12964.863,1694.505,0,2888.861,0,331.099,6342,8823,0.870,1.040,1.150,1,0,0,0,0,18,306,1,69,2
14-06 20:56:03,23.974,5.744,66.427,0.749,0,5527520,144700,184448,2151348,14943.687,1692.153,0,1774.063,0,153.832,5305,6515,0.870,1.040,1.150,1,0,5.993,0,0,18,306,1,67,2
14-06 20:56:04,23.463,4.743,67.894,0.998,0,5527824,144196,184448,2151548,13332.209,1583.531,0,1345.901,0,114.821,5112,6336,0.880,1.040,1.150,2,0,0,0,0,18,306,1,67,2
14-06 20:56:05,23.796,5.260,68.383,1.002,0,5527760,144196,184448,2151612,13236.740,1643.195,0,1298.525,0,123.240,5045,6221,0.880,1.040,1.150,1,0,0,0,0,18,307,1,68,2
14-06 20:56:06,10.506,2.501,82.297,2.501,0,5527812,144108,184448,2151648,11472.589,1694.973,0,9829.645,0,1029.591,3802,4840,0.880,1.040,1.150,0,0,0,0,0,18,305,1,68,2
14-06 20:56:07,23.749,4.000,68.746,1.250,0,5527608,144108,184448,2151852,13178.244,2481.858,0,1791.897,0,180.990,4422,5191,0.880,1.040,1.150,0,0,0,0,0,18,305,1,61,2
14-06 20:56:08,4.994,1.498,90.387,0.999,0,5527840,143856,184448,2151872,11231.898,1629.953,0,1506.109,0,121.847,2371,3399,0.880,1.040,1.150,2,0,0.999,0,0,18,306,1,61,2
14-06 20:56:09,14.522,2.754,81.122,0.751,0,5527816,143856,184448,2151896,10623.956,1642.467,0,917.378,0,82.123,3102,3784,0.810,1.020,1.140,1,0,0,0,0,18,306,1,62,2
14-06 20:56:10,20.489,2.749,73.710,0.750,0,5528268,143352,184448,2151948,17242.594,3788.933,0,1087.407,0,112.938,3615,4137,0.810,1.020,1.140,0,0,0,0,0,18,305,1,67,2
14-06 20:56:11,9.250,1.750,87.505,0.500,0,5528504,143100,184448,2151964,17643.924,2037.107,0,404.021,0,62.003,2526,3079,0.810,1.020,1.140,0,0,0,0,0,18,305,1,63,2
14-06 20:56:12,4.992,0.998,92.850,0.250,0,5528500,143100,184448,2151968,13776.779,1174.106,0,563.092,0,31.948,1468,1723,0.810,1.020,1.140,1,0,1.997,0,0,18,306,1,64,2
14-06 20:56:13,24.534,3.004,69.097,1.252,0,5528604,142848,184448,2152116,20818.219,3430.815,0,1413.985,0,175.246,4416,5151,0.810,1.020,1.140,1,0,0,0,0,18,305,1,68,2
14-06 20:56:14,9.997,1.000,87.722,0.250,0,5528532,142848,184448,2152188,12433.045,1631.481,0,555.823,0,32.990,1998,2043,0.830,1.020,1.140,1,0,0,0,0,18,306,1,70,2
14-06 20:56:15,10.757,2.001,85.803,0.750,0.250,5528468,142596,184448,2152504,18098.075,3528.159,284.174,864.529,7.004,79.048,2384,2976,0.830,1.020,1.140,0,0,0,0,0,18,305,1,68,2
14-06 20:56:16,14.443,4.233,77.197,1.494,0,5543796,127228,184448,2153232,18676.653,2997.229,0,1370.617,0,169.335,3688,6821,0.830,1.020,1.140,2,0,33.867,0,0,18,305,1,69,2
14-06 20:56:17,21.589,6.276,69.537,0.753,0,5528404,151708,184420,2144304,10776.449,1626.710,0,919.794,0,91.377,4523,11599,0.830,1.020,1.140,1,0,2.008,0,0,18,306,1,71,2
14-06 20:56:18,27.122,6.718,59.470,2.986,0,5528200,151708,184420,2144508,14255.856,1558.659,0,7659.922,0,539.459,6585,9245,0.830,1.020,1.140,1,0,1.991,0,0,18,306,1,71,2
14-06 20:56:19,25.596,4.266,65.746,2.008,0,5528136,151708,184420,2144572,11362.596,1626.096,0,1895.104,0,247.929,5707,7560,0.920,1.040,1.150,1,0,0,0,0,18,306,1,69,2
14-06 20:56:20,24.993,4.999,65.981,1.500,0,5528064,151708,184420,2144644,8931.454,1619.538,0,1355.614,0,152.956,5410,6957,0.920,1.040,1.150,1,0,0,0,0,18,306,1,69,2
14-06 20:56:21,24.787,4.006,67.100,1.001,0,5528612,150952,184420,2144852,12232.157,1642.438,0,1726.563,0,190.282,5425,6901,0.920,1.040,1.150,1,0,0,0,0,18,306,1,69,2
14-06 20:56:22,23.921,4.734,68.772,0.997,0,5528812,150700,184420,2144904,10499.119,1076.424,0,1207.987,0,130.566,5089,6470,0.920,1.040,1.150,4,0,0,0,0,18,306,1,69,2
14-06 20:56:23,6.011,1.503,90.166,0.501,0,5528776,150700,184420,2144940,19589.997,1514.783,0,1366.511,0,100.184,2282,3069,0.920,1.040,1.150,0,0,0,0,0,18,305,1,69,2
14-06 20:56:24,21.519,3.253,71.812,1.251,0,5529068,150196,184420,2145152,19006.540,2945.563,0,1501.307,0,150.131,4883,5845,0.930,1.030,1.150,0,0,0,0,0,18,305,1,65,2
14-06 20:56:25,7.752,2.501,88.523,0.500,0,5529028,150196,184420,2145192,9980.554,1566.401,0,812.208,0,61.016,2501,3209,0.930,1.030,1.150,1,0,0,0,0,18,306,1,65,2
14-06 20:56:26,24.010,5.502,65.277,2.001,0,5529064,149944,184424,2145404,14072.762,1566.641,0,2288.937,0,254.104,6100,8117,0.930,1.030,1.150,5,0,0,0,0,18,306,1,65,2
14-06 20:56:27,25.722,5.494,61.684,3.746,0,5525920,152612,184424,2145864,11933.166,1564.318,0,12822.210,0,1219.688,7253,9884,0.930,1.030,1.150,1,0,0,0,0,18,306,1,65,2
14-06 20:56:28,26.027,5.256,65.069,1.251,0,5526704,151608,184424,2146084,8727.216,1513.598,0,2078.195,0,193.204,5711,7609,0.930,1.030,1.150,1,0,1.001,0,0,18,306,1,60,2
14-06 20:56:29,22.260,5.502,68.531,0.750,0,5527392,150852,184424,2146152,13522.132,1632.740,0,1160.526,0,104.047,5340,6578,0.930,1.030,1.150,1,0,0,0,0,18,306,1,60,2
14-06 20:56:30,25.213,4.743,66.651,0.749,0,5528080,150096,184424,2146220,17586.885,2992.556,0,934.612,0,74.889,5077,5846,0.930,1.030,1.150,1,0,0,0,0,18,306,1,61,2
14-06 20:56:31,16.764,3.253,76.565,1.751,0.250,5528132,149844,184424,2146420,14190.094,2499.130,0,2193.870,0,260.222,4441,6317,0.930,1.030,1.150,2,0,0,0,0,18,305,1,62,2
14-06 20:56:32,19.256,3.501,73.275,1.501,0,5528576,149340,184424,2146480,11298.784,1714.574,0,1904.638,0,177.059,3917,4956,0.930,1.030,1.150,1,0,0,0,0,18,305,1,63,2
14-06 20:56:33,7.243,1.748,88.165,0.749,0,5528796,149088,184424,2146512,10573.783,2548.538,0,1486.564,0,110.893,2445,3420,0.930,1.030,1.150,1,0,0,0,0,18,306,1,63,2
14-06 20:56:34,24.006,4.251,69.267,1.250,0,5529296,148332,184424,2146768,14321.570,2605.650,0,1564.390,0,183.046,4524,5663,1.020,1.050,1.150,0,1,0,0,0,18,305,1,64,2
14-06 20:56:35,11.484,2.746,81.135,1.997,0,5529532,148080,184424,2146784,11504.733,1617.713,0,5096.793,0,331.531,3299,4463,1.020,1.050,1.150,2,0,0,0,0,18,306,1,64,2
14-06 20:56:36,14.777,3.006,78.646,1.753,0,5529456,148080,184424,2146860,26469.223,2610.855,0,1635.041,0,197.367,3931,5279,1.020,1.050,1.150,0,0,0,0,0,18,305,1,65,2
14-06 20:56:37,20.003,2.000,76.760,0.250,0,5530020,147324,184424,2147052,10699.383,1458.188,0,528.068,0,26.003,3016,2762,1.020,1.050,1.150,2,0,0,0,0,18,305,1,66,2
14-06 20:56:38,14.486,2.498,79.175,1.249,0,5530712,146572,184424,2147112,24277.922,3045.105,0,1570.507,0,186.822,3860,5253,1.020,1.050,1.150,1,0,0.999,0,0,18,305,1,66,2
14-06 20:56:39,16.015,2.252,77.821,1.501,0,5530752,146332,184424,2147296,17710.151,3343.049,0,1689.541,0,174.159,4019,5318,1.020,1.050,1.150,0,0,0,0,0,18,305,1,67,2
14-06 20:56:40,11.719,2.992,82.780,0.748,0,5530728,146332,184424,2147336,10099.169,1627.676,0,1093.096,0,106.716,2943,3652,1.020,1.050,1.150,2,0,0,0,0,18,306,1,65,2
14-06 20:56:41,7.763,1.252,87.900,0.751,0,5530948,146080,184424,2147368,18499.524,4124.028,0,1206.055,0,135.230,3030,4267,1.020,1.050,1.150,0,0,0,0,0,18,305,1,66,2
14-06 20:56:42,18.503,3.251,75.263,1.750,0,5531120,145828,184424,2147448,23201.124,4018.714,0,1492.265,0,171.030,4301,5455,1.020,1.050,1.150,0,0,0,0,0,18,305,1,67,2
14-06 20:56:43,14.755,2.751,80.526,0.250,0,5531088,145828,184424,2147480,16927.361,1566.496,0,960.304,0,86.027,3562,4376,1.020,1.050,1.150,0,1,0,0,0,18,306,1,69,2
14-06 20:56:44,23.731,5.995,63.698,3.247,0,5531148,145576,184424,2147672,13655.849,1282.952,0,6630.586,0,459.625,5944,8200,1.020,1.050,1.150,1,0,0,0,0,18,306,1,68,2
14-06 20:56:45,28.268,5.754,60.788,1.751,0,5534572,142048,184424,2147776,10047.226,1404.871,0,2157.337,0,279.173,6350,8669,1.020,1.050,1.150,2,0,3.002,0,0,18,306,1,68,2
14-06 20:56:46,27.004,5.251,64.760,1.250,0,5534868,141544,184424,2147984,13357.034,1512.230,0,1284.196,0,125.019,5629,7037,1.020,1.050,1.150,2,0,2.000,0,0,18,306,1,70,2
14-06 20:56:47,25.243,4.499,67.482,0.750,0,5535544,140788,184424,2148064,11599.843,1619.559,0,995.729,0,91.975,5261,6530,1.020,1.050,1.150,1,1,1.000,0,0,18,306,1,70,2
14-06 20:56:48,25.919,5.483,64.299,1.495,0,5536240,139920,184424,2148236,10721.409,1561.109,95.700,7396.826,4.984,948.030,6348,7458,1.020,1.050,1.150,2,0,1.994,0,0,18,306,1,61,2
14-06 20:56:49,25.561,3.759,66.407,1.002,0,5536256,139668,184424,2148472,10491.852,1623.846,0,2325.509,0,183.435,5336,6604,1.090,1.060,1.150,3,0,1.002,0,0,18,306,1,67,2
14-06 20:56:50,25.529,5.506,66.325,1.502,0,5536148,139668,184424,2148580,13758.627,1567.781,0,1513.719,0,168.191,5700,7229,1.090,1.060,1.150,1,0,0,0,0,18,306,1,68,2
14-06 20:56:51,26.185,5.985,62.596,2.244,0,5536096,139668,184424,2148632,10208.803,1616.011,0,6116.902,0,457.870,6122,8466,1.090,1.060,1.150,3,0,0,0,0,18,306,1,69,2
14-06 20:56:52,27.758,5.502,62.767,2.001,0,5536716,138940,184424,2148740,12278.404,1662.461,0,2432.674,0,303.084,6689,9114,1.090,1.060,1.150,4,0,1.000,0,0,18,306,1,68,2
14-06 20:56:53,24.422,4.486,68.531,0.748,0,5536700,138688,184424,2149008,12505.945,1614.828,0,1638.751,0,130.582,5130,6327,1.090,1.060,1.150,2,1,0,0,0,18,306,1,68,2
14-06 20:56:54,24.076,5.016,67.713,1.003,0,5536508,138688,184424,2149200,12304.652,1570.935,0,1328.172,0,108.340,5225,6339,1.090,1.060,1.150,1,0,0,0,0,18,306,1,69,2
14-06 20:56:55,26.100,5.772,65.501,1.506,0,5537172,137932,184424,2149292,11314.436,2509.634,0,1541.919,0,185.713,5188,6641,1.090,1.060,1.150,1,0,0,0,0,18,305,1,70,2
14-06 20:56:56,7.736,1.248,88.090,0.499,0.250,5537172,137932,184424,2149292,10433.017,1629.036,0,1353.537,0,105.807,2349,2958,1.090,1.060,1.150,3,0,0,0,0,18,306,1,59,2
14-06 20:56:57,8.250,2.000,86.750,1.500,0,5537128,137932,184428,2149332,11419.028,2516.006,0,1644.004,0,175.000,2725,3760,1.090,1.060,1.150,1,0,0,0,0,18,305,1,60,2
14-06 20:56:58,22.003,3.500,70.010,2.000,0,5537828,137128,184428,2149436,14241.003,2449.345,0,5960.838,0,753.106,5136,6017,1.090,1.060,1.150,2,0,1.000,0,0,18,307,1,61,2
14-06 20:56:59,6.231,1.495,90.719,0.498,0,5538072,136876,184428,2149444,9508.500,1076.660,0,968.994,0,59.814,1786,2244,1,1.040,1.150,2,0,0,0,0,18,307,1,62,2
14-06 20:57:00,8.769,2.506,84.937,2.506,0,5538228,136624,184428,2149540,15222.568,1979.365,0,4838.670,0,327.723,3063,4540,1,1.040,1.150,1,0,0,0,0,18,307,1,52,2
14-06 20:57:01,16.517,2.002,78.078,1.001,0,5538272,136372,184428,2149748,12033.074,2506.515,0,1421.426,0,165.166,4002,5259,1,1.040,1.150,0,0,0,0,0,18,307,1,52,2
14-06 20:57:02,11.242,2.498,84.193,0.500,0,5538096,136372,184428,2149924,15968.109,2101.567,0,1251.147,0,81.944,2785,3385,1,1.040,1.150,1,2,0,0,0,18,307,1,53,2
14-06 20:57:03,5.254,2.252,90.828,0.500,0,5538844,135616,184428,2149932,16743.307,1587.356,0,744.636,0,53.045,2021,2302,1,1.040,1.150,1,0,6.005,0,0,18,308,1,53,2
14-06 20:57:04,11.243,2.249,82.445,1.249,0,5538776,135616,184428,2150000,10267.168,2522.322,0,1419.056,0,151.899,3260,4344,0.920,1.030,1.140,0,0,0,0,0,18,307,1,53,2
14-06 20:57:05,12.511,2.252,82.321,1.251,0,5538732,135616,184428,2150044,12782.088,2050.779,0,1245.080,0,131.114,3212,4191,0.920,1.030,1.140,2,0,0,0,0,18,307,1,53,2
14-06 20:57:06,10.004,2.501,85.780,0.500,0,5538936,135364,184428,2150092,12996.590,1694.598,0,880.311,0,89.031,2642,3193,0.920,1.030,1.140,2,0,0,0,0,18,307,1,53,2
14-06 20:57:07,5.994,1.498,90.408,0.749,0,5538916,135364,184428,2150112,9886.961,2520.441,0,719.270,0,73.925,2182,2987,0.920,1.030,1.140,0,0,0,0,0,18,307,1,53,2
14-06 20:57:08,13.531,2.255,81.185,1.503,0,5538720,135364,184428,2150308,14138.275,2087.766,0,1383.157,0,158.362,3754,4827,0.920,1.030,1.140,1,0,1.002,0,0,18,307,1,53,2
14-06 20:57:09,18.454,2.992,75.311,0.499,0,5538632,135364,184428,2150396,12545.539,2085.769,0,1121.188,0,104.737,4011,4956,1.010,1.040,1.140,0,0,0.997,0,0,18,307,1,49,2
14-06 20:57:10,5.996,2.249,87.447,2.498,0,5538832,135140,184428,2150420,13554.833,1577.050,0,5664.587,0,378.772,2995,4685,1.010,1.040,1.140,2,0,0.999,0,0,18,308,1,49,2
14-06 20:57:11,15.265,3.003,78.828,1.001,0,5538784,135140,184428,2150468,17141.032,3463.441,0,1145.138,0,144.143,3838,4978,1.010,1.040,1.140,1,0,0,0,0,18,307,1,49,2
14-06 20:57:12,16.998,3.500,75.990,1.000,0,5538744,135140,184428,2150508,9923.702,1727.774,0,863.887,0,89.988,4205,5419,1.010,1.040,1.140,1,0,2.000,0,0,18,309,1,49,2
14-06 20:57:13,25.901,5.230,64.254,1.992,0,5538764,134888,184428,2150740,15861.333,1633.751,0,1988.395,0,239.086,5809,7838,1.010,1.040,1.140,1,0,0,0,0,18,308,1,41,2
14-06 20:57:14,26.040,5.258,64.600,2.003,0,5538940,134636,184428,2150816,11780.157,1514.334,0,2431.748,0,282.435,6093,8235,1.010,1.040,1.140,1,0,0,0,0,18,308,1,41,2
14-06 20:57:15,24.562,4.511,68.173,0.501,0,5539752,133628,184428,2151012,12673.106,1654.191,0,1187.007,0,95.241,5166,5976,1.010,1.040,1.140,1,0,0,0,0,18,308,1,41,2
14-06 20:57:16,23.722,4.245,68.420,0.999,0,5540440,132872,184428,2151080,12754.138,1510.240,0,1190.613,0,105.877,5188,6373,1.010,1.040,1.140,2,0,0,0,0,18,308,1,41,2
14-06 20:57:17,34.002,10.501,52.503,1.500,0,5545104,151192,184428,2128796,12611.739,1620.095,0,1768.104,0,214.013,6412,17138,1.010,1.040,1.140,2,0,36.002,0,0,18,304,1,39,2
14-06 20:57:18,6.008,2.253,87.614,2.503,0,5545248,151008,184428,2128668,10257.331,1568.038,16.021,10101.128,1.001,996.295,3316,4685,1.010,1.040,1.140,0,0,1.001,0,0,18,305,1,39,2
14-06 20:57:19,23.426,4.237,67.536,1.246,0,5545024,151008,184428,2128892,10320.307,1507.225,0,1854.126,0,234.258,5117,6490,1,1.040,1.140,2,0,0,0,0,18,305,1,39,2
14-06 20:57:20,7.772,1.504,89.003,0.752,0,5544988,151008,184428,2128928,20978.576,1570.460,0,1564.443,0,92.262,2278,3207,1,1.040,1.140,0,0,0,0,0,18,305,1,40,2
14-06 20:57:21,22.759,4.002,69.527,1.501,0,5544896,151008,184428,2129020,12684.875,1586.610,0,1592.612,0,169.065,5016,6254,1,1.040,1.140,1,0,0,0,0,18,306,1,39,2
14-06 20:57:22,24.984,5.247,65.458,1.249,0,5544700,151008,184428,2129216,16121.668,1618.962,0,1790.852,0,178.885,5787,7593,1,1.040,1.140,2,0,0.999,0,0,18,306,1,40,2
14-06 20:57:23,24.979,4.496,66.195,2.498,0,5544624,151008,184428,2129292,16796.020,1564.698,0,2150.210,0,261.782,5277,6970,1,1.040,1.140,3,0,0,0,0,18,306,1,40,2
14-06 20:57:24,24.784,4.506,67.343,0.751,0,5544804,150756,184428,2129364,11511.921,1514.094,0,1790.476,0,180.249,5481,7000,1,1.040,1.140,1,0,0,0,0,18,306,1,41,2
14-06 20:57:25,24.744,4.249,67.483,1.000,0,5545608,149748,184428,2129568,12898.844,1619.604,0,1803.559,0,141.965,5503,6966,1,1.040,1.140,1,0,0,0,0,18,306,1,41,2
14-06 20:57:26,22.757,4.501,67.019,2.251,0,5546804,148488,184428,2129632,11378.263,1620.465,0,4885.401,0,298.085,5179,6286,1,1.040,1.140,2,0,0,0,0,18,306,1,41,2
14-06 20:57:27,25.000,5.250,67.750,1.000,0,5546720,148488,184428,2129716,10751.987,1685.998,0,1875.998,0,205.000,5530,7264,1,1.040,1.140,4,0,0,0,0,18,306,1,42,2
14-06 20:57:28,25.238,4.998,63.968,1.999,0,5546764,148236,184428,2129924,9789.164,1685.167,0,2438.795,0,296.853,6516,8978,1,1.040,1.140,2,0,1.000,0,0,18,306,1,43,2
14-06 20:57:29,24.780,4.505,67.831,1.252,0,5546704,148236,184428,2129984,13439.128,1567.882,0,1657.990,0,164.197,5217,6656,1,1.040,1.140,3,0,0,0,0,18,306,1,44,2
14-06 20:57:30,25.261,5.002,66.779,0.500,0,5546468,148236,184428,2130220,20340.732,2998.287,0,1328.570,0,111.048,5749,7234,1,1.040,1.140,3,0,0,0,0,18,306,1,45,2
14-06 20:57:31,13.724,3.493,80.596,0.499,0,5546436,148236,184428,2130252,12461.234,1509.122,0,1077.944,0,79.848,3627,4492,1,1.040,1.140,1,0,0,0,0,18,305,1,46,2
14-06 20:57:32,13.030,2.506,81.440,1.002,0.251,5546364,148236,184428,2130324,10830.243,1663.878,32.075,1046.439,1.002,93.217,3529,4509,1,1.040,1.140,4,0,0,0,0,18,306,1,46,2
14-06 20:57:33,24.680,4.737,66.312,1.496,0,5546304,148236,184428,2130384,12482.590,1507.723,0,1723.112,0,183.480,5338,6910,1,1.040,1.140,2,1,0,0,0,18,306,1,42,2
14-06 20:57:34,25.459,5.491,62.649,1.997,0,5546040,148236,184428,2130648,14041.310,1617.386,0,2751.554,0,333.461,6320,8658,1,1.040,1.140,1,0,0,0,0,18,306,1,42,2
14-06 20:57:35,24.528,5.256,65.324,2.753,0,5546484,147732,184428,2130708,9164.351,1567.771,0,6935.834,0,433.490,5853,7811,1,1.040,1.140,1,0,0,0,0,18,306,1,43,2
14-06 20:57:36,24.002,4.000,69.006,0.750,0,5547396,146752,184428,2130776,14853.384,1512.141,0,980.091,0,81.008,5157,6244,1,1.040,1.140,1,0,0,0,0,18,306,1,43,2
14-06 20:57:37,23.542,4.258,68.621,1.252,0.250,5547940,145996,184432,2130984,10933.321,1622.868,0,1666.946,0,157.278,5252,6421,1,1.040,1.140,1,0,0,0,0,18,306,1,41,2
14-06 20:57:38,23.961,4.493,66.890,1.498,0,5548108,145744,184432,2131068,9294.711,1529.484,0,1577.405,0,188.690,5935,7902,1,1.040,1.140,3,0,0.998,0,0,18,306,1,42,2
14-06 20:57:39,23.532,5.758,65.839,2.003,0,5546816,146972,184432,2131132,11523.490,1622.181,0,7990.741,0,1059.424,6528,7896,1,1.040,1.140,1,0,0,0,0,18,306,1,42,2
14-06 20:57:40,26.092,4.970,63.614,1.988,0,5547080,146496,184432,2131344,11952.559,1610.241,0,2580.361,0,292.229,6155,8393,1,1.040,1.140,2,0,0,0,0,18,306,1,42,2
14-06 20:57:41,26.661,5.534,64.138,1.509,0,5547004,146496,184432,2131420,16079.380,2345.203,0,2680.232,0,237.438,5958,7538,1,1.040,1.140,1,0,1.006,0,0,18,306,1,39,2
14-06 20:57:42,25.257,4.501,65.268,2.001,0,5547192,146244,184432,2131484,15714.282,2124.579,0,6625.805,0,414.113,5682,7482,1,1.040,1.140,1,0,0,0,0,18,306,1,39,2
14-06 20:57:43,23.764,5.253,68.789,0.750,0,5547252,145992,184432,2131676,16081.145,1620.922,0,840.478,0,84.048,5078,6191,1,1.040,1.140,1,0,0,0,0,18,306,1,41,2
14-06 20:57:44,23.490,3.998,69.221,0.500,0,5547432,145740,184432,2131748,12971.505,1619.314,0,775.671,0,68.971,4889,5666,1,1.040,1.140,1,0,0,0,0,18,306,1,41,2
14-06 20:57:45,27.948,6.238,61.386,1.996,0.250,5551072,141988,184432,2131860,12909.030,1682.875,0,1728.790,0,223.585,5673,7110,1,1.040,1.140,1,0,3.993,0,0,18,305,1,39,2
14-06 20:57:46,16.737,2.748,78.188,0.749,0,5551148,141736,184432,2132036,14090.786,2568.956,0,1111.116,0,86.931,3764,4572,1,1.040,1.140,4,0,0.999,0,0,18,307,1,40,2
14-06 20:57:47,20.025,3.504,73.343,1.001,0,5551608,140980,184432,2132332,19588.758,3464.379,224.283,1365.726,13.016,160.202,4262,5437,1,1.040,1.140,1,0,2.003,0,0,18,305,1,40,2
14-06 20:57:48,20.253,3.750,73.259,1.500,0,5553920,138464,184432,2132536,12067.500,1458.181,0,1320.164,0,144.018,4019,4936,1,1.040,1.140,2,0,2.000,0,0,18,309,1,41,2
14-06 20:57:49,8.999,2.000,86.489,0.250,0,5553884,138464,184432,2132572,13968.194,2571.668,0,763.901,0,69.991,2556,3191,0.920,1.020,1.130,3,0,0,0,0,18,310,1,41,2
14-06 20:57:50,18.274,3.004,75.097,2.003,0,5554084,138212,184432,2132624,9217.915,1622.097,16.021,5370.943,1.001,740.958,4599,5548,0.920,1.020,1.130,0,0,0,0,0,18,310,1,32,2
14-06 20:57:51,21.006,3.501,71.019,2.251,0,5554220,137960,184432,2132740,10081.703,2268.608,4.001,2404.645,1.000,307.082,4974,6592,0.920,1.020,1.130,0,0,0,0,0,18,309,1,33,2
14-06 20:57:52,7.750,2.000,86.498,1.750,0,5554156,137960,184432,2132804,18742.575,2691.939,0,5543.874,0,335.992,3002,4164,0.920,1.020,1.130,1,0,0,0,0,18,310,1,33,2
14-06 20:57:53,22.749,4.250,68.996,1.500,0,5554108,137960,184432,2132852,12090.215,1457.905,0,1695.890,0,225.985,5632,7482,0.920,1.020,1.130,2,0,0,0,0,18,310,1,33,2
14-06 20:57:54,23.996,5.249,66.739,1.500,0,5554420,137456,184432,2133044,12282.943,1619.729,0,1795.699,0,218.963,5634,7584,1.090,1.050,1.140,1,0,0,0,0,18,310,1,31,2
14-06 20:57:55,26.980,3.997,64.453,1.999,0,5554336,137456,184432,2133128,11026.962,1618.820,0,2498.179,0,280.795,5785,7914,1.090,1.050,1.140,2,0,0,0,0,18,310,1,31,2
14-06 20:57:56,28.018,9.256,58.286,2.251,0,5550872,133476,184436,2140568,12833.016,1458.911,4.003,4803.000,1.001,655.409,6500,8047,1.090,1.050,1.140,2,0,2.001,0,0,18,310,1,31,2
14-06 20:57:57,24.004,4.251,67.263,1.250,0,5550660,133476,184436,2140764,10339.930,228.043,0,1800.336,0,161.030,5226,6551,1.090,1.050,1.140,1,0,0,0,0,18,310,1,31,2
14-06 20:57:58,24.210,4.742,67.139,0.998,0,5551100,132976,184436,2140824,11017.829,1617.333,0,1677.234,0,176.709,4973,6407,1.090,1.050,1.140,2,1,0.998,0,0,18,310,1,28,2
14-06 20:57:59,24.542,4.257,68.368,0.751,0,5551660,132220,184436,2141020,8930.438,1135.964,0,1133.960,0,102.177,5016,6156,1,1.030,1.140,1,0,0,0,0,18,311,1,28,2
14-06 20:58:00,21.495,4.499,68.733,2.749,0,5553344,130456,184436,2141100,13295.676,2411.397,0,7362.159,0,526.868,5288,7521,1,1.030,1.140,0,0,0,0,0,18,307,1,32,2
14-06 20:58:01,11.993,2.998,82.951,0.999,0,5555032,128692,184436,2141176,11893.986,1619.045,59.965,1003.408,3.998,75.955,2963,3583,1,1.030,1.140,2,0,0,0,0,18,308,1,32,2
14-06 20:58:02,25.515,4.002,67.290,1.001,0.250,5555336,128188,184436,2141376,18129.861,2158.293,0,1404.842,0,140.084,4888,6034,1,1.030,1.140,1,0,0,0,0,18,307,1,30,2
14-06 20:58:03,7.747,2.249,87.471,0.500,0,5556064,127432,184436,2141404,22989.368,3069.981,0,999.668,0,81.973,2499,3100,1,1.030,1.140,1,0,5.998,0,0,18,308,1,30,2
14-06 20:58:04,23.199,4.490,67.851,1.497,0,5556020,127432,184436,2141448,15053.928,1690.287,0,1640.396,0,191.579,5696,7439,1,1.030,1.130,5,0,0,0,0,18,308,1,32,2
14-06 20:58:05,27.069,5.263,62.158,2.506,0,5556036,127180,184436,2141684,24738.981,1535.910,0,2923.443,0,347.886,6552,9165,1,1.030,1.130,2,0,0,0,0,18,308,1,32,2
14-06 20:58:06,24.507,5.001,66.520,1.751,0,5555972,127180,184436,2141748,9692.852,1694.499,0,2112.622,0,235.069,5636,7333,1,1.030,1.130,1,0,0,0,0,18,308,1,32,2
14-06 20:58:07,24.184,4.488,68.064,0.997,0,5555908,127180,184436,2141812,12471.973,1689.391,0,1348.321,0,107.706,4945,5950,1,1.030,1.130,3,0,0,0,0,18,308,1,34,2
14-06 20:58:08,24.502,5.750,64.254,2.250,0,5556452,126432,184436,2142016,12873.793,1458.090,0,6692.412,0,417.026,6073,8122,1,1.030,1.130,2,0,1.000,0,0,18,309,1,34,2
14-06 20:58:09,24.530,5.507,67.833,2.002,0,5556488,126180,184436,2142232,12238.043,2700.319,32.039,1986.442,1.001,246.303,5366,7100,1.080,1.050,1.140,1,0,0,0,0,18,307,1,35,2
14-06 20:58:10,9.262,1.752,85.859,0.501,0,5556584,125928,184436,2142388,12431.813,1622.063,0,8931.360,0,107.136,2524,3174,1.080,1.050,1.140,1,0,0,0,0,18,308,1,34,2
14-06 20:58:11,17.737,2.248,77.445,1.249,0,5557128,125172,184436,2142600,27089.839,5864.852,0,1195.155,0,138.902,3655,4557,1.080,1.050,1.140,0,0,0,0,0,18,307,1,35,2
14-06 20:58:12,18.260,3.002,76.540,0.500,0,5557072,125172,184436,2142656,17798.382,3468.828,0,888.468,0,82.043,3626,4040,1.080,1.050,1.140,0,0,2.001,0,0,18,307,1,35,2
14-06 20:58:13,12.241,1.249,84.439,0.749,0,5557032,125172,184436,2142696,21570.522,4332.891,0,719.484,0,75.946,2395,2816,1.080,1.050,1.140,1,0,0,0,0,18,307,1,35,2
14-06 20:58:14,19.258,3.001,74.782,0.750,0,5558096,123912,184436,2142892,15311.629,3461.499,0,1168.506,0,137.059,3878,4732,0.990,1.030,1.130,0,0,0,0,0,18,307,1,35,2
14-06 20:58:15,12.948,1.992,82.172,0.498,0,5558044,123912,184436,2142944,14801.984,1494.043,0,629.490,0,65.738,3058,3774,0.990,1.030,1.130,1,0,0,0,0,18,308,1,36,2
14-06 20:58:16,23.597,6.025,66.272,2.008,0,5558228,123660,184436,2143012,11451.973,1626.672,0,3393.921,0,436.792,6003,7684,0.990,1.030,1.130,1,0,2.008,0,0,18,308,1,36,2
14-06 20:58:17,34.496,11.249,49.494,3.000,0,5569716,174248,183672,2082092,9743.815,1619.803,0,7319.110,0,542.934,7663,22096,0.990,1.030,1.130,1,0,35.996,0,0,18,308,1,37,2
14-06 20:58:18,26.251,4.750,65.752,1.250,0,5561860,182020,183672,2082176,12744.403,1620.051,0,1924.061,0,186.006,5471,7157,0.990,1.030,1.130,0,0,1.000,0,0,18,308,1,31,2
14-06 20:58:19,23.502,5.501,68.256,0.750,0,5561260,182544,183672,2082252,12100.113,1620.149,0,1524.140,0,118.011,5267,6566,0.990,1.030,1.130,1,0,0,0,0,18,308,1,31,2
14-06 20:58:20,24.244,4.499,67.735,0.500,0,5561324,182292,183672,2082440,12479.151,1619.630,0,1127.743,0,100.977,5116,6325,0.990,1.030,1.130,1,0,0,0,0,18,308,1,33,2
14-06 20:58:21,18.011,4.002,73.294,2.501,0,5561492,182040,183672,2082524,11464.816,2496.484,0,2481.475,0,287.171,4805,6771,0.990,1.030,1.130,2,0,0,0,0,18,307,1,36,2
14-06 20:58:22,16.217,2.495,78.091,1.247,0,5561408,182080,183672,2082568,15912.533,2028.860,0,1728.473,0,173.646,3707,4734,0.990,1.030,1.130,2,0,0,0,0,18,307,1,34,2
14-06 20:58:23,5.009,1.002,91.666,0,0,5561516,181828,183672,2082712,18557.657,2426.401,0,653.185,0,37.067,1795,2032,0.990,1.030,1.130,1,0,0,0,0,18,307,1,34,2
14-06 20:58:24,15.250,3.000,79.498,1.500,0,5561696,181588,183672,2082772,19183.570,3459.922,0,1567.965,0,163.996,3701,4938,0.910,1.010,1.130,0,0,0,0,0,18,307,1,34,2
14-06 20:58:25,16.500,3.500,75.749,0.750,0,5561592,181620,183672,2082844,13360.825,1619.979,0,1443.981,0,153.998,4330,5806,0.910,1.010,1.130,3,0,0,0,0,18,308,1,35,2
14-06 20:58:26,26.190,6.236,63.854,2.744,0,5561744,181396,183672,2082916,13299.636,1454.679,0,5898.533,0,406.073,6030,8050,0.910,1.010,1.130,1,0,0.998,0,0,18,308,1,33,2
14-06 20:58:27,25.817,5.514,63.664,2.506,0,5561516,181396,183672,2083144,14971.655,1624.193,0,3428.853,0,300.777,6209,8679,0.910,1.010,1.130,1,0,0,0,0,18,308,1,33,2
14-06 20:58:28,24.955,4.492,67.379,0.998,0,5561700,181144,183672,2083212,11093.084,1521.269,0,1325.620,0,151.728,5484,6917,0.910,1.010,1.130,1,0,0.998,0,0,18,308,1,34,2
14-06 20:58:29,22.497,4.749,68.992,0.750,0,5561512,181144,183672,2083400,11453.631,1619.806,0,1111.867,0,93.989,4779,6081,0.920,1.010,1.120,2,0,0,0,0,18,308,1,34,2
14-06 20:58:30,24.720,5.244,65.920,1.498,0,5561672,180892,183672,2083492,14681.093,2993.349,0,1526.139,0,178.782,5286,6493,0.920,1.010,1.120,3,0,0,0,0,18,308,1,34,2
14-06 20:58:31,13.033,1.754,81.957,1.504,0,5561616,180892,183672,2083548,14211.810,2359.946,0,1632.112,0,164.414,3614,5074,0.920,1.010,1.120,0,0,0,0,0,18,307,1,31,2
14-06 20:58:32,17.259,3.252,76.541,1.251,0.250,5561672,180640,183672,2083744,20807.191,3123.680,0,1700.915,0,171.092,3908,4749,0.920,1.010,1.120,0,0,0,0,0,18,307,1,31,2
14-06 20:58:33,12.225,3.493,79.586,1.996,0,5561888,180388,183672,2083780,14149.760,1616.659,0,5835.940,0,367.241,3841,5246,0.920,1.010,1.120,3,2,0,0,0,18,308,1,31,2
14-06 20:58:34,23.288,5.759,66.859,1.502,0,5561792,180388,183672,2083876,13426.901,1622.647,0,1614.634,0,180.294,5188,6634,1.250,1.080,1.150,2,0,0,0,0,18,308,1,31,2
14-06 20:58:35,25.922,4.985,64.056,1.994,0,5561804,180164,183672,2084088,12741.441,1615.112,0,2309.012,0,294.110,6342,8649,1.250,1.080,1.150,3,0,0,0,0,18,308,1,30,2
14-06 20:58:36,23.661,4.483,68.492,0.996,0,5561984,179912,183672,2084160,11189.884,1613.926,0,5184.487,0,282.935,5132,6117,1.250,1.080,1.150,1,0,0,0,0,18,308,1,30,2
14-06 20:58:37,23.923,4.785,68.999,1.007,0,5562256,179408,183672,2084392,8962.758,1523.004,32.233,983.103,1.007,92.670,5084,6368,1.250,1.080,1.150,1,0,0,0,0,18,308,1,33,2
14-06 20:58:38,24.478,4.995,66.938,0.749,0,5562680,178904,183672,2084472,9128.612,1638.494,0,1290.814,0,137.873,5345,6658,1.250,1.080,1.150,1,1,0.999,0,0,18,308,1,36,2
14-06 20:58:39,24.950,4.741,66.119,1.497,0,5562624,178904,183672,2084528,14648.920,1616.790,0,2307.420,0,203.596,5553,7240,1.230,1.080,1.140,1,0,0,0,0,18,308,1,33,2
14-06 20:58:40,25.336,5.519,64.720,2.258,0,5562324,178904,183672,2084828,12579.706,1625.518,0,2440.284,0,284.967,6234,8408,1.230,1.080,1.140,1,0,0,0,0,18,308,1,33,2
14-06 20:58:41,26.486,4.997,63.216,2.249,0,5562204,178652,183672,2085200,17848.532,2383.736,31.983,6856.363,0.999,473.749,6562,8822,1.230,1.080,1.140,1,0,0,0,0,18,308,1,33,2
14-06 20:58:42,24.753,5.001,67.258,0.750,0,5562868,177896,183672,2085292,18134.185,2232.269,0,1200.145,0,103.012,5790,7153,1.230,1.080,1.140,1,1,0,0,0,18,308,1,33,2
14-06 20:58:43,24.997,5.749,64.992,1.500,0,5563276,177392,183672,2085388,16796.855,1619.793,0,2415.691,0,214.973,5655,7231,1.230,1.080,1.140,1,1,0,0,0,18,307,1,36,2
14-06 20:58:44,7.000,1.250,89.247,1.250,0,5563124,177392,183672,2085540,11857.568,2420.912,0,979.964,0,90.997,2296,3174,1.130,1.060,1.140,2,0,0,0,0,18,307,1,36,2
14-06 20:58:45,12.249,2.500,82.742,1.500,0,5563072,177392,183672,2085592,10612.010,2518.765,0,1503.860,0,179.983,3112,4269,1.130,1.060,1.140,1,0,0,0,0,18,307,1,36,2
14-06 20:58:46,19.954,3.991,72.584,0.748,0,5565736,174620,183672,2085700,14860.951,2078.238,47.890,1033.632,0.998,94.783,4347,5196,1.130,1.060,1.140,0,1,2.993,0,0,18,307,1,37,2
14-06 20:58:47,8.016,1.503,88.174,0.501,0,5565568,174620,183672,2085868,10964.616,1623.200,0,929.833,0,97.192,2481,3180,1.130,1.060,1.140,1,0,2.004,0,0,18,308,1,35,2
14-06 20:58:48,16.009,2.752,77.793,1.751,0,5565528,174620,183672,2085908,18336.057,3299.810,0,1576.865,0,187.103,4005,5322,1.130,1.060,1.140,1,0,2.001,0,0,18,307,1,35,2
14-06 20:58:49,19.280,3.756,74.114,1.502,0,5565472,174620,183672,2085964,14915.896,1622.491,0,1446.220,0,181.278,4783,6124,1.120,1.060,1.140,1,0,0,0,0,18,308,1,35,2
14-06 20:58:50,24.439,5.736,64.589,2.494,0,5565412,174620,183672,2086024,22791.021,1615.960,0,6970.573,0,483.790,5719,7767,1.120,1.060,1.140,2,0,0,0,0,18,308,1,35,2
14-06 20:58:51,27.030,6.257,61.818,2.503,0,5565580,174368,183672,2086108,12034.230,1459.605,0,2194.412,0,287.316,6353,8588,1.120,1.060,1.140,4,0,0,0,0,18,308,1,35,2
14-06 20:58:52,24.498,4.000,67.994,0.750,0,5565444,174368,183672,2086244,12874.794,1661.844,0,1463.863,0,169.984,5293,6866,1.120,1.060,1.140,1,0,0,0,0,18,308,1,35,2
14-06 20:58:53,24.003,4.501,68.259,0.750,0,5565488,174116,183672,2086452,9572.304,1620.221,0,1196.163,0,108.015,5075,6318,1.120,1.060,1.140,2,0,0,0,0,18,308,1,36,2
14-06 20:58:54,24.234,4.997,67.454,0.999,0,5565548,173864,183672,2086644,13986.496,1618.900,0,1175.201,0,106.927,5408,6767,1.110,1.060,1.140,1,0,0,0,0,18,308,1,38,2
14-06 20:58:55,23.445,4.988,67.094,1.247,0,5565456,173864,183672,2086736,14591.969,1616.231,15.963,1680.082,0.998,191.553,5591,7362,1.110,1.060,1.140,7,0,0,0,0,18,308,1,39,2
14-06 20:58:56,11.276,2.005,84.442,1.503,0,5565408,173864,183672,2086784,10446.745,2616.948,0,1471.344,0,137.312,3013,4283,1.110,1.060,1.140,0,0,0,0,0,18,307,1,41,2
14-06 20:58:57,14.756,2.501,78.783,0.750,0,5565216,173864,183672,2086976,19237.017,3365.403,0,5786.412,0,397.166,3750,4886,1.110,1.060,1.140,1,0,0,0,0,18,307,1,42,2
14-06 20:58:58,16.699,3.489,75.521,2.492,0.249,5565144,173864,183672,2087048,9030.630,1615.105,0,5515.284,0,387.825,4576,6467,1.110,1.060,1.140,7,0,0.997,0,0,18,308,1,44,2
14-06 20:58:59,22.809,4.261,68.427,1.003,0,5565340,173612,183672,2087104,13792.766,1461.791,0,1872.857,0,195.507,5384,7188,1.100,1.060,1.140,2,0,0,0,0,18,309,1,44,2
14-06 20:59:00,25.718,5.493,63.920,2.247,0.250,5565112,173612,183672,2087332,12051.867,1617.968,0,2812.468,0,295.629,5980,8169,1.100,1.060,1.140,1,0,0,0,0,18,308,1,44,2
14-06 20:59:01,27.045,4.758,63.355,2.254,0,5565032,173612,183672,2087412,8903.744,1460.418,0,2492.127,0,280.464,6067,8388,1.100,1.060,1.140,1,0,0,0,0,18,308,1,44,2
14-06 20:59:02,25.567,5.264,64.418,2.256,0,5564956,173612,183672,2087488,13357.782,1698.422,0,2450.380,0,283.739,6031,8207,1.100,1.060,1.140,1,0,0,0,0,18,308,1,44,2
14-06 20:59:03,25.680,5.236,65.323,1.745,0,5566020,172100,183672,2087936,18404.097,1689.419,243.340,1412.171,9.973,119.675,5219,6223,1.100,1.060,1.140,3,0,5.984,0,0,18,308,1,41,2
14-06 20:59:04,23.744,5.249,65.984,2.000,0,5566200,171848,183672,2088008,12677.000,1531.638,0,5858.614,0,379.910,5788,7665,1.090,1.060,1.130,3,0,0,0,0,18,308,1,41,2
14-06 20:59:05,25.000,3.750,68.501,1.000,0,5566388,171596,183672,2088072,11594.146,1370.017,0,1588.020,0,128.002,4564,5339,1.090,1.060,1.130,1,0,0,0,0,18,308,1,43,2
14-06 20:59:06,24.479,3.497,67.691,1.249,0,5566816,171092,183672,2088148,11286.093,1045.083,0,1418.755,0,156.862,5331,6789,1.090,1.060,1.130,2,0,0,0,0,18,308,1,44,2
14-06 20:59:07,25.514,5.253,64.287,1.751,0,5566732,171092,183672,2088232,12898.328,1532.871,0,5054.872,0,552.314,6381,8581,1.090,1.060,1.130,1,0,0,0,0,18,308,1,39,2
14-06 20:59:08,26.748,5.500,62.745,2.250,0,5566456,171092,183672,2088508,8994.250,1619.865,0,2631.780,0,310.974,6447,8858,1.090,1.060,1.130,2,0,1.000,0,0,18,308,1,40,2
14-06 20:59:09,24.758,4.752,67.522,0.750,0.250,5567004,170336,183672,2088716,8594.849,1694.562,0,2064.684,0,148.049,5446,6956,1.080,1.050,1.130,1,0,0,0,0,18,308,1,40,2
14-06 20:59:10,24.513,4.252,68.037,1.001,0,5567660,169608,183672,2088788,13125.157,1620.884,0,1520.829,0,129.070,5340,6828,1.080,1.050,1.130,2,0,1.001,0,0,18,308,1,42,2
14-06 20:59:11,25.490,4.748,65.973,1.249,0,5568356,168852,183672,2088848,12094.020,1619.333,0,1671.312,0,160.934,5311,6290,1.080,1.050,1.130,3,0,0,0,0,18,308,1,41,2
14-06 20:59:12,23.227,5.994,65.935,1.998,0,5568164,168852,183672,2089040,12588.533,1726.290,0,6058.001,0,420.583,5936,8100,1.080,1.050,1.130,7,0,1.998,0,0,18,308,1,41,2
14-06 20:59:13,26.034,5.257,63.333,2.503,0,5568332,168600,183672,2089124,11285.773,1762.307,0,2491.261,0,310.406,6375,8864,1.080,1.050,1.130,3,0,0,0,0,18,308,1,41,2
14-06 20:59:14,25.737,4.748,65.468,1.499,0,5568376,168348,183672,2089332,12359.914,1457.282,0,2814.614,0,211.896,5704,7354,1,1.040,1.130,1,0,0,0,0,18,308,1,41,2
14-06 20:59:15,24.492,4.998,68.477,1.000,0,5568816,167844,183672,2089396,11637.170,1661.453,0,1039.658,0,87.971,4910,5919,1,1.040,1.130,5,0,0,0,0,18,308,1,43,2
14-06 20:59:16,23.939,4.489,68.076,0.748,0,5569496,167088,183672,2089472,8867.322,1454.281,0,1436.327,0,117.699,5272,6547,1,1.040,1.130,1,0,0,0,0,18,309,1,43,2
14-06 20:59:17,25.826,5.516,65.443,0.752,0,5569928,166336,183672,2089792,8786.863,1624.782,76.224,1151.389,2.006,106.313,5097,5973,1,1.040,1.130,2,0,11.032,0,0,18,308,1,44,2
14-06 20:59:18,32.986,8.496,53.976,1.749,0,5582824,153376,183672,2089856,13032.310,1619.293,0,2195.042,0,245.893,6880,19682,1,1.040,1.130,1,0,25.989,0,0,18,308,1,45,2
14-06 20:59:19,25.997,5.749,61.994,3.500,0,5582744,153376,183672,2089936,10221.961,1457.852,0,7671.221,0,579.941,6429,9252,1,1.040,1.130,1,0,0,0,0,18,308,1,46,2
14-06 20:59:20,25.763,4.502,66.284,1.501,0,5582544,153376,183672,2090136,13606.006,1620.835,0,1632.841,0,156.080,5384,6721,1,1.040,1.130,1,0,0,0,0,18,308,1,46,2
14-06 20:59:21,24.969,4.245,67.417,0.499,0,5582476,153376,183672,2090204,9309.542,1691.918,0,1110.633,0,99.877,5121,6335,1,1.040,1.130,3,0,0,0,0,18,308,1,48,2
14-06 20:59:22,24.499,4.500,68.748,0.500,0,5582644,153152,183672,2090260,14886.529,1457.954,0,4895.845,0,363.988,5084,5973,1,1.040,1.130,1,0,0,0,0,18,308,1,49,2
14-06 20:59:23,24.579,4.514,67.968,1.254,0,5582520,153152,183672,2090384,16083.518,1625.206,0,1416.537,0,139.447,5361,6703,1,1.040,1.130,1,0,0,0,0,18,308,1,49,2
14-06 20:59:24,25.349,3.728,65.111,1.740,0,5582460,153152,183672,2090444,9207.025,1449.346,0,1729.672,0,196.825,5261,6785,1,1.040,1.130,0,1,0,0,0,18,308,1,44,2
14-06 20:59:25,26.583,4.765,64.452,2.257,0,5582376,153152,183672,2090528,12357.736,1625.094,0,2576.075,0,299.940,6336,8544,1,1.040,1.130,2,0,0,0,0,18,308,1,44,2
14-06 20:59:26,23.783,5.257,68.094,0.751,0.250,5582228,153152,183672,2090676,12330.974,1664.291,0,1542.123,0,128.176,5591,7261,1,1.040,1.130,4,0,0,0,0,18,308,1,44,2
14-06 20:59:27,23.992,4.499,68.228,1.000,0,5582792,152396,183672,2090868,9220.017,1685.455,0,1387.551,0,107.965,5234,6523,1,1.040,1.130,1,0,0,0,0,18,308,1,45,2
14-06 20:59:28,25.011,6.003,63.027,3.502,0,5582564,152396,183672,2091096,13697.967,2572.120,0,6826.974,0,520.227,6157,8504,1,1.040,1.130,0,0,1.000,0,0,18,309,1,45,2
14-06 20:59:29,10.244,1.749,86.202,0.500,0,5582540,152396,183672,2091120,13739.331,1685.059,0,787.560,0,69.961,2363,2851,0.920,1.020,1.120,1,0,0,0,0,18,310,1,45,2
14-06 20:59:30,17.000,3.750,75.498,1.500,0,5582296,152396,183672,2091364,19297.460,3947.890,31.999,1639.954,1.000,205.994,4211,5546,0.920,1.020,1.120,0,0,0,0,0,18,307,1,47,2
14-06 20:59:31,19.742,3.249,73.720,1.249,0,5582220,152396,183672,2091440,13706.349,1457.399,0,1495.384,0,177.927,3980,4747,0.920,1.020,1.120,1,0,0,0,0,18,307,1,49,2
14-06 20:59:32,6.507,1.502,89.600,0.501,0,5582200,152396,183672,2091460,10473.734,2666.988,0,820.920,0,73.082,2171,2886,0.920,1.020,1.120,1,0,0,0,0,18,308,1,47,2
14-06 20:59:33,20.988,4.747,71.209,1.749,0,5581988,152396,183672,2091672,13617.198,2495.570,0,1719.015,0,208.880,4652,5974,0.920,1.020,1.120,0,0,0,0,0,18,307,1,48,2
14-06 20:59:34,13.227,2.745,81.111,0.749,0,5581916,152396,183672,2091744,13298.141,1917.704,0,1533.364,0,78.864,2747,3305,0.930,1.020,1.120,2,0,0,0,0,18,308,1,49,2
14-06 20:59:35,12.523,2.004,82.153,1.252,0,5581848,152396,183672,2091812,37995.654,6513.111,0,1971.666,0,215.401,3419,4852,0.930,1.020,1.120,0,0,0,0,0,18,308,1,50,2
14-06 20:59:36,14.983,2.497,79.910,1.249,0,5581788,152396,183672,2091872,23227.895,3456.116,0,1358.473,0,143.838,3622,4575,0.930,1.020,1.120,1,0,0,0,0,18,308,1,51,2
14-06 20:59:37,12.724,1.996,82.331,0.499,0.249,5581876,152144,183672,2092036,16272.531,3225.366,0,1201.529,0,130.731,3153,3975,0.930,1.020,1.120,0,0,0,0,0,18,308,1,52,2
14-06 20:59:38,10.785,3.511,80.763,2.759,0,5581840,152144,183672,2092072,14263.365,1765.740,0,6039.633,0,406.321,4128,5905,0.930,1.020,1.120,1,0,1.003,0,0,18,309,1,52,2
14-06 20:59:39,26.498,5.250,64.746,1.500,0,5581768,152144,183672,2092144,11147.318,1457.911,0,1895.884,0,207.987,6036,8139,1.090,1.050,1.130,1,0,1.000,0,0,18,309,1,53,2
14-06 20:59:40,24.512,5.252,64.780,2.001,0,5581684,152144,183672,2092228,8449.971,1620.762,0,2521.185,0,266.125,5954,8370,1.090,1.050,1.130,4,0,0,0,0,18,309,1,47,2
14-06 20:59:41,24.745,5.499,65.986,1.500,0,5581528,152144,183672,2092384,15353.811,2384.505,0,1887.608,0,197.959,5875,7636,1.090,1.050,1.130,2,0,0,0,0,18,309,1,47,2
14-06 20:59:42,24.260,4.502,67.779,0.750,0,5581972,151388,183672,2092696,17607.448,2070.876,0,1192.504,0,101.043,5224,6306,1.090,1.050,1.130,3,0,0,0,0,18,310,1,49,2
14-06 20:59:43,25.715,5.243,65.160,1.997,0,5575308,157976,183672,2092776,17111.389,1617.768,0,6626.856,0,521.281,5926,7689,1.090,1.050,1.130,3,0,0,0,0,18,309,1,49,2
14-06 20:59:44,23.010,4.252,68.531,1.000,0,5575308,157976,183672,2092776,11870.396,1620.737,0,1760.800,0,115.052,5029,6233,1.080,1.050,1.130,5,0,0,0,0,18,309,1,47,2
14-06 20:59:45,25.074,5.767,63.437,3.009,0,5575272,157724,183672,2093064,12384.517,1624.791,0,7698.701,0,546.612,6699,9459,1.080,1.050,1.130,2,0,1.003,0,0,18,309,1,47,2
14-06 20:59:46,30.149,9.468,57.308,1.246,0,5629680,150348,183356,2046968,11370.000,1453.143,0,1423.243,0,147.507,5884,7414,1.080,1.050,1.130,2,0,2.990,0,0,18,309,1,47,2
14-06 20:59:47,25.437,5.486,65.088,0.998,0,5629604,150348,183356,2047044,10094.878,1615.979,0,1532.187,0,170.576,5466,6884,1.080,1.050,1.130,5,0,1.995,0,0,18,309,1,47,2
14-06 20:59:48,13.543,2.759,81.006,1.505,0,5629412,150348,183356,2047236,12215.648,2578.157,0,1958.195,0,169.536,3735,5194,1.080,1.050,1.130,0,0,2.006,0,0,18,308,1,46,2
14-06 20:59:49,13.002,2.000,81.261,1.250,0,5629352,150348,183356,2047296,15996.113,2508.331,0,2056.272,0,208.027,3568,4849,1,1.030,1.120,0,0,0,0,0,18,308,1,46,2
14-06 20:59:50,14.490,2.248,80.694,0.999,0,5629292,150348,183356,2047356,13104.901,1684.830,0,1195.170,0,111.922,3212,3993,1,1.030,1.120,2,1,0,0,0,18,309,1,48,2
14-06 20:59:51,15.509,2.501,77.295,1.251,0,5629212,150348,183356,2047436,13238.783,1922.130,0,2021.188,0,205.121,4303,5700,1,1.030,1.120,1,0,0,0,0,18,308,1,48,2
14-06 20:59:52,11.752,2.250,83.514,1.250,0,5629040,150348,183356,2047608,17532.018,3394.584,0,1576.271,0,161.028,3202,4309,1,1.030,1.120,1,0,0,0,0,18,308,1,48,2
14-06 20:59:53,9.498,2.500,83.984,1.750,0,5628984,150348,183356,2047664,13733.344,1523.705,31.994,4859.060,2.000,321.938,3259,4672,1,1.030,1.120,2,0,0,0,0,18,309,1,48,2
14-06 20:59:54,26.008,5.502,64.269,1.751,0,5628892,150348,183356,2047756,10085.925,1620.470,0,2788.809,0,263.076,6278,8672,1,1.030,1.120,1,0,0,0,0,18,309,1,48,2
14-06 20:59:55,24.247,4.999,68.491,0.750,0,5628700,150348,183356,2047948,9048.794,1457.806,0,1647.780,0,122.984,5199,6475,1,1.030,1.120,2,0,0,0,0,18,309,1,48,2
14-06 20:59:56,23.999,5.250,66.248,1.500,0,5628612,150348,183356,2048036,9253.658,1661.939,0,1723.936,0,195.993,5967,8269,1,1.030,1.120,2,0,0,0,0,18,309,1,49,2
14-06 20:59:57,23.988,5.247,66.717,1.499,0,5628528,150348,183356,2048120,13633.277,1685.169,0,1967.030,0,205.898,5476,7204,1,1.030,1.120,1,1,0,0,0,18,309,1,42,2
14-06 20:59:58,24.512,4.752,67.034,1.001,0,5629100,149592,183356,2048304,10625.363,1458.736,0,1576.796,0,144.073,5587,7107,1,1.030,1.120,3,0,1.001,0,0,18,308,1,42,3
14-06 20:59:59,23.548,5.010,67.888,0.752,0,5629504,149116,183356,2048376,12201.714,1623.288,0,5306.748,0,435.883,5292,6454,1,1.030,1.120,1,0,0,0,0,18,309,1,42,2
14-06 21:00:00,17.463,4.490,71.348,4.241,0,5629376,149116,183360,2048492,11173.185,2397.889,91.804,7288.465,10.977,531.866,5007,7331,1,1.030,1.120,0,0,2.994,0,0,18,308,1,43,2
14-06 21:00:01,17.244,2.999,77.222,1.250,0,5629148,149116,183360,2048728,15601.365,2846.972,0,1531.447,0,192.930,3704,4624,1,1.030,1.120,0,0,0,0,0,18,308,1,41,2
14-06 21:00:02,8.209,2.239,86.565,0.497,0,5629368,148868,183368,2048744,16224.449,2220.837,11.940,803.959,2.985,57.710,2818,3598,1,1.030,1.120,1,0,1.990,0,0,18,309,0,41,2
14-06 21:00:03,25.131,6.031,65.842,1.759,0,5629300,148868,183368,2048812,13791.702,1628.466,0,1938.076,0,214.113,5672,7663,1,1.030,1.120,3,0,3.016,0,0,18,309,0,42,2
14-06 21:00:04,25.443,5.737,63.857,1.996,0,5628772,148616,183368,2049592,12382.347,1616.390,0,2442.545,0,277.381,5862,8052,1,1.030,1.120,3,0,2.993,0,0,18,309,0,43,2
14-06 21:00:05,26.025,5.005,66.063,1.251,0,5628556,148616,183368,2049808,12743.103,1687.603,0,1965.867,0,192.183,5975,8135,1,1.030,1.120,1,0,0,0,0,18,309,0,43,2
14-06 21:00:06,22.768,4.754,68.304,1.501,0,5628260,148616,183372,2050100,10444.213,2569.020,0,2057.618,0,215.169,5074,6740,1,1.030,1.120,1,0,0,0,0,18,308,0,45,2
14-06 21:00:07,10.502,2.000,83.763,1.750,0,5628220,148616,183372,2050140,12456.959,1458.229,0,1768.278,0,189.030,3094,4366,1,1.030,1.120,3,0,0,0,0,18,309,0,46,2
14-06 21:00:08,6.749,2.750,86.237,2.750,0,5628076,148616,183372,2050284,11942.137,2501.610,0,6630.966,0,433.932,3292,5238,1,1.030,1.120,0,0,1.000,0,0,18,308,0,46,2
14-06 21:00:09,12.507,2.501,82.294,1.251,0,5628268,148364,183372,2050344,13699.279,2343.245,0,1420.755,0,155.082,3462,4613,0.920,1.010,1.110,0,0,0,0,0,18,308,0,44,2
14-06 21:00:10,16.252,2.250,77.258,2.000,0,5628204,148364,183372,2050408,14727.554,2943.311,0,1816.192,0,215.023,4308,5793,0.920,1.010,1.110,0,0,0,0,0,18,308,0,44,2
14-06 21:00:11,4.250,1.750,92.495,0.250,0,5628200,148364,183372,2050412,8961.553,1619.919,0,1071.947,0,58.997,1867,2506,0.920,1.010,1.110,1,0,0,0,0,18,308,0,44,2
14-06 21:00:12,13.250,1.750,81.751,0.750,0,5628120,148364,183372,2050492,17919.315,2103.037,0,1056.019,0,103.002,3240,3885,0.920,1.010,1.110,1,0,2.000,0,0,18,309,0,46,2
14-06 21:00:13,16.752,4.000,75.758,1.500,0,5628176,148112,183372,2050688,13262.477,2640.294,0,1604.179,0,182.020,4007,5271,0.920,1.010,1.110,0,0,0,0,0,18,308,0,44,2
14-06 21:00:14,12.246,2.249,82.474,1.000,0,5628128,148112,183372,2050736,13900.594,2448.224,0,4678.517,0,479.848,3371,4070,1.010,1.030,1.120,0,0,0,0,0,18,308,0,45,2
14-06 21:00:15,8.490,2.497,87.398,0.749,0,5628108,148112,183372,2050756,12493.400,1510.235,0,1398.366,0,61.928,2209,2690,1.010,1.030,1.120,3,0,0,0,0,18,309,0,45,2
14-06 21:00:16,14.502,2.250,80.260,1.000,0,5628296,147860,183372,2050820,15416.853,2473.297,0,1552.187,0,175.021,3604,4742,1.010,1.030,1.120,1,0,0,0,0,18,308,0,47,2
14-06 21:00:17,12.015,2.253,84.107,0.501,0,5628136,147860,183372,2050980,27452.947,5213.637,0,885.127,0,76.097,2785,3116,1.010,1.030,1.120,0,0,0,0,0,18,308,0,43,2
14-06 21:00:18,14.996,7.248,72.982,1.750,0,5623444,201520,181672,2003772,11793.066,2036.493,275.931,5154.717,4.999,322.920,3967,15594,1.010,1.030,1.120,1,0,36.991,0,0,18,308,0,44,2
14-06 21:00:19,8.252,3.751,85.023,1.250,0.250,5632584,192348,181672,2003804,30108.176,4945.343,0,748.203,0,93.025,2458,3122,0.920,1.010,1.110,0,1,0,0,0,18,308,0,44,2
14-06 21:00:20,4.250,1.500,92.760,0.500,0,5632564,192348,181672,2003824,12356.347,1662.181,0,640.070,0,59.006,1910,2656,0.920,1.010,1.110,0,0,0,0,0,18,308,0,44,2
14-06 21:00:21,11.994,2.249,82.207,0.999,0,5632380,192348,181684,2003996,17511.738,3127.346,0,1199.366,0,132.930,3495,4654,0.920,1.010,1.110,1,1,0,0,0,18,309,0,40,2
14-06 21:00:22,9.754,2.001,86.039,0.750,0,5632336,192348,181692,2004032,21651.845,3461.574,0,1160.528,0,128.058,2961,3944,0.920,1.010,1.110,1,0,0,0,0,18,308,0,40,2
14-06 21:00:23,22.791,4.258,70.127,1.002,0,5632200,192348,181696,2004164,15434.886,1352.443,0,1366.469,0,141.255,4875,5962,0.920,1.010,1.110,5,0,0,0,0,18,309,0,40,2
14-06 21:00:24,24.945,4.739,65.854,1.996,0,5632092,192348,181732,2004236,12921.256,754.322,0,1911.747,0,212.527,5624,7403,0.930,1.010,1.110,2,0,0,0,0,18,309,0,40,2
14-06 21:00:25,22.754,5.001,69.012,0.750,0,5632156,192096,181732,2004424,11452.968,1566.269,0,1408.242,0,116.020,4973,5965,0.930,1.010,1.110,2,0,0,0,0,18,309,0,39,2
14-06 21:00:26,20.499,3.250,72.746,1.750,0,5632308,191844,181752,2004504,11302.364,2457.862,0,2247.874,0,215.988,4510,6127,0.930,1.010,1.110,0,0,0,0,0,18,308,0,40,2
14-06 21:00:27,13.750,2.250,81.248,0.500,0.250,5632260,191844,181760,2004544,9763.709,1619.952,0,1087.968,0,92.997,3086,3743,0.930,1.010,1.110,2,1,0,0,0,18,309,0,40,2
14-06 21:00:28,22.761,3.502,68.532,2.501,0,5632260,191592,181792,2004764,21106.797,3365.562,0,6078.822,0,469.218,5513,7570,0.930,1.010,1.110,0,1,1.000,0,0,18,308,0,41,2
14-06 21:00:29,11.254,2.751,83.782,0.750,0,5632460,191368,181796,2004784,12633.865,1620.624,0,4297.655,0,452.174,3321,4116,0.940,1.010,1.110,2,0,0,0,0,18,310,0,40,2
14-06 21:00:30,27.986,4.997,61.969,1.999,0,5632604,191116,181804,2004884,18977.494,2941.527,0,2850.572,0,285.857,6414,8350,0.940,1.010,1.110,4,0,0,0,0,18,309,0,40,2
14-06 21:00:31,25.749,5.250,66.746,1.250,0,5632612,190864,181816,2005116,13635.240,1511.916,0,2271.873,0,207.988,6013,8021,0.940,1.010,1.110,1,0,0,0,0,18,309,0,41,2
14-06 21:00:32,23.008,4.501,69.023,0.750,0,5632524,190864,181832,2005188,15959.288,1714.568,0,1116.370,0,101.033,5248,6682,0.940,1.010,1.110,1,0,0,0,0,18,309,0,42,2
14-06 21:00:33,23.251,5.000,68.002,1.000,0,5632328,190864,181844,2005372,11916.268,1458.033,0,1144.026,0,118.003,4861,5972,0.940,1.010,1.110,1,0,0,0,0,18,309,0,37,2
14-06 21:00:34,13.736,2.747,80.169,1.249,0,5632212,190864,181860,2005472,12150.658,2564.395,7.992,1618.356,1.998,162.835,3294,4562,0.860,0.990,1.100,0,0,0,0,0,18,308,0,38,2
14-06 21:00:35,21.008,3.501,71.778,1.501,0,5632620,190360,181860,2005568,14057.409,1620.624,32.012,2040.785,1.000,225.087,4769,5874,0.860,0.990,1.100,2,1,0,0,0,18,309,0,38,2
14-06 21:00:36,14.246,2.499,79.978,1.250,0,5632576,190360,181860,2005612,13736.197,1685.533,0,2091.421,0,200.944,3652,4790,0.860,0.990,1.100,2,0,0,0,0,18,309,0,38,2
14-06 21:00:37,8.006,2.752,85.310,2.001,0,5632532,190360,181860,2005656,17623.432,3462.442,0,5375.792,0,359.253,3168,4661,0.860,0.990,1.100,0,0,0,0,0,18,308,0,34,2
14-06 21:00:38,22.996,4.249,69.238,1.750,0,5633036,189608,181880,2005884,14082.626,2566.567,0,1895.680,0,222.962,4743,6222,0.860,0.990,1.100,0,0,1.000,0,0,18,308,0,36,2
14-06 21:00:39,10.994,2.249,84.203,0.750,0,5632892,189608,181880,2006028,11340.657,1619.094,0,1047.414,0,84.952,2746,3531,1.270,1.080,1.130,2,0,0,0,0,18,308,0,37,2
14-06 21:00:40,12.252,1.750,82.264,1.250,0,5632724,189608,181880,2006196,19347.179,3298.542,0,1376.226,0,148.024,3497,4718,1.270,1.080,1.130,0,0,0,0,0,18,308,0,38,2
14-06 21:00:41,20.265,3.753,73.303,0.751,0.250,5632772,189356,181880,2006400,13468.708,2386.720,0,1324.955,0,123.089,4659,5713,1.270,1.080,1.130,1,0,0,0,0,18,309,0,39,2
14-06 21:00:42,26.744,5.499,64.236,1.500,0,5632700,189356,181884,2006468,15809.618,2231.523,0,1811.612,0,171.963,5928,7595,1.270,1.080,1.130,2,0,1.000,0,0,18,309,0,39,2
14-06 21:00:43,24.991,5.498,64.476,2.249,0,5632592,189356,181912,2006548,17026.596,1619.391,0,2710.980,0,318.880,6171,8385,1.270,1.080,1.130,2,0,0,0,0,18,309,0,39,2
14-06 21:00:44,24.507,5.252,65.769,2.001,0,5632376,189356,181916,2006760,12079.528,1458.426,0,2300.672,0,261.076,6113,8430,1.250,1.080,1.130,1,0,0,0,0,18,309,0,41,2
14-06 21:00:45,24.440,4.489,65.838,1.995,0,5632560,189104,181916,2006828,9870.644,1616.012,0,5051.535,0,336.170,5669,7439,1.250,1.080,1.130,3,0,0,0,0,18,309,0,42,2
14-06 21:00:46,28.833,8.023,60.425,0.752,0,5689072,132504,181916,2006916,14420.747,1624.703,0,1729.005,0,120.348,5776,7068,1.250,1.080,1.130,1,0,3.009,0,0,18,309,0,40,2
14-06 21:00:47,25.891,5.228,65.226,0.996,0,5682256,139112,181916,2007124,10167.338,1451.908,0,1067.521,0,97.591,5321,6666,1.250,1.080,1.130,2,0,1.992,0,0,18,309,0,44,2
14-06 21:00:48,27.849,5.269,62.724,1.756,0,5682608,138608,181924,2007268,12753.530,1138.063,16.057,1886.736,1.004,226.810,5728,7506,1.250,1.080,1.130,1,0,2.007,0,0,18,310,0,45,2
14-06 21:00:49,9.483,2.246,86.094,0.749,0,5682796,138384,181924,2007304,13324.788,2458.533,0,866.426,0,80.853,2712,3410,1.150,1.060,1.120,2,0,0,0,0,18,310,0,45,2
14-06 21:00:50,16.009,3.252,77.295,1.251,0,5682952,138160,181924,2007372,8501.998,1566.921,0,5971.511,0,505.297,4177,5228,1.150,1.060,1.120,1,0,0,0,0,18,311,0,43,2
14-06 21:00:51,22.004,3.251,69.011,2.250,0,5682736,138160,181924,2007588,18166.896,2980.475,0,2320.370,0,306.049,5129,6776,1.150,1.060,1.120,2,0,0,0,0,18,310,0,43,2
14-06 21:00:52,8.010,2.503,88.112,0.501,0,5682904,137908,181928,2007668,12653.063,2060.616,0,768.976,0,51.065,2237,2704,1.150,1.060,1.120,0,0,0,0,0,18,311,0,43,2
14-06 21:00:53,14.990,2.498,79.946,1.249,0,5682832,137908,181928,2007740,13759.750,2514.310,0,1686.866,0,180.878,3526,4841,1.150,1.060,1.120,0,0,0,0,0,18,308,0,46,2
14-06 21:00:54,21.170,3.487,69.238,2.740,0,5681784,138824,181928,2007872,13449.087,2420.836,0,5929.553,0,454.280,5162,6889,1.300,1.090,1.130,3,0,0,0,0,18,308,0,44,2
14-06 21:00:55,7.531,2.008,89.122,0.251,0,5680232,140324,181928,2007924,18453.988,2661.102,0,550.296,0,45.189,2391,2950,1.300,1.090,1.130,1,0,0,0,0,18,309,0,44,2
14-06 21:00:56,23.747,5.249,67.742,1.250,0,5678988,141384,181928,2008108,10624.740,1661.803,0,1407.833,0,157.981,5641,7320,1.300,1.090,1.130,1,0,0,0,0,18,309,0,44,2
14-06 21:00:57,25.504,5.251,64.510,2.000,0,5677900,142292,181928,2008316,8173.238,1578.239,0,2188.331,0,264.040,5796,7881,1.300,1.090,1.130,1,0,0,0,0,18,309,0,44,2
14-06 21:00:58,26.746,5.749,62.490,2.250,0,5677708,142404,181928,2008396,9003.522,1619.734,0,2643.566,0,308.949,6517,8945,1.300,1.090,1.130,3,0,1.000,0,0,18,309,0,43,2
14-06 21:00:59,25.736,4.747,64.714,1.749,0,5677600,142404,181960,2008472,12327.119,1565.126,0,2166.790,0,246.862,5765,7725,1.270,1.090,1.130,1,0,0,0,0,18,309,0,43,2
14-06 21:01:00,24.276,4.755,68.825,0.751,0,5677884,141900,181976,2008676,12704.777,1513.641,0,1301.411,0,100.109,4903,5957,1.270,1.090,1.130,1,0,0,0,0,18,309,0,43,2
14-06 21:01:01,25.155,4.981,66.001,0.996,0,5678432,141212,182028,2008764,12721.988,1560.112,0,1653.759,0,165.376,6105,8181,1.270,1.090,1.130,1,0,0,0,0,18,309,0,43,2
14-06 21:01:02,24.042,5.760,65.866,2.504,0.250,5678240,141212,182036,2008948,12099.294,1298.285,0,6787.947,0,470.829,5428,7434,1.270,1.090,1.130,1,0,0,0,0,18,309,0,41,2
14-06 21:01:03,13.527,2.255,80.914,1.503,0,5678168,141212,182036,2009020,19661.896,2304.676,0,1454.952,0,165.335,3517,4816,1.270,1.090,1.130,1,0,0,0,0,18,308,0,42,2
14-06 21:01:04,21.479,4.246,70.432,1.249,0,5680668,138660,182036,2009072,26791.217,1564.494,0,1474.581,0,182.824,4668,5548,1.490,1.140,1.150,0,0,5.994,0,0,18,309,0,42,2
14-06 21:01:05,14.249,2.750,79.742,1.500,0,5671500,147776,182036,2009124,8779.161,1511.855,0,5203.503,0,549.947,3722,4762,1.490,1.140,1.150,3,0,0,0,0,18,309,0,44,2
14-06 21:01:06,8.258,1.251,86.837,1.001,0,5671692,147552,182036,2009156,18209.198,3463.461,0,1161.160,0,123.123,2787,3917,1.490,1.140,1.150,1,0,0,0,0,18,308,0,38,2
14-06 21:01:07,22.747,3.750,71.241,1.250,0,5670732,148192,182036,2009476,14459.107,2581.662,15.998,1575.794,1.000,172.977,4479,5491,1.490,1.140,1.150,0,0,0,0,0,18,308,0,40,2
14-06 21:01:08,12.013,1.752,83.339,0.751,0,5670692,148192,182036,2009516,12119.892,1513.610,0,928.988,0,85.091,3023,3762,1.490,1.140,1.150,2,0,1.001,0,0,18,309,0,40,2
14-06 21:01:09,11.484,2.746,82.134,1.498,0,5670636,148192,182036,2009572,19579.410,3455.131,0,1665.653,0,177.750,3482,4717,1.370,1.120,1.140,1,0,0,0,0,18,308,0,41,2
14-06 21:01:10,20.732,3.747,71.687,1.249,0,5670680,147940,182036,2009780,10167.065,1564.625,0,1290.866,0,168.852,4970,6397,1.370,1.120,1.140,3,0,0.999,0,0,18,309,0,41,2
14-06 21:01:11,27.493,5.499,61.984,2.499,0,5670820,147688,182048,2009880,12173.768,1619.570,0,7569.990,0,539.857,6421,8945,1.370,1.120,1.140,2,1,0,0,0,18,309,0,41,2
14-06 21:01:12,26.293,5.008,63.603,2.003,0,5670740,147688,182068,2009940,11943.350,1622.629,16.026,3806.166,1.002,285.462,6392,9028,1.370,1.120,1.140,2,0,2.003,0,0,18,309,0,41,2
14-06 21:01:13,25.465,5.243,64.661,2.247,0,5670460,147688,182084,2010204,10059.206,1617.782,0,2284.867,0,263.638,6032,8195,1.370,1.120,1.140,2,0,0,0,0,18,309,0,41,2
14-06 21:01:14,23.768,4.253,68.801,1.001,0,5670648,147436,182092,2010260,12373.218,1621.208,0,1316.981,0,109.081,5102,6202,1.340,1.120,1.140,1,0,0,0,0,18,309,0,37,2
14-06 21:01:15,25.263,5.003,65.785,1.251,0,5671008,146960,182104,2010364,13419.102,1620.858,0,2021.070,0,214.113,5129,6506,1.340,1.120,1.140,4,0,0,0,0,18,308,0,39,2
14-06 21:01:16,7.239,2.247,88.117,0.749,0,5670988,146808,182104,2010536,10360.407,2558.150,0,1250.119,0,95.856,2272,2933,1.340,1.120,1.140,1,0,0,0,0,18,309,0,39,2
14-06 21:01:17,17.768,3.754,74.577,1.752,0,5671132,146556,182108,2010640,17053.497,3412.501,0,1933.984,0,204.210,4198,5541,1.340,1.120,1.140,0,0,0,0,0,18,308,0,40,2
14-06 21:01:18,24.980,6.245,64.699,2.248,0,5709668,141704,180720,1981136,14053.996,2845.772,0,7014.508,0,483.621,4891,11679,1.340,1.120,1.140,3,0,34.973,0,0,18,308,0,38,2
14-06 21:01:19,11.964,3.240,82.504,0.249,0,5681072,170248,180744,1978444,17587.516,2063.841,0,941.191,0,77.768,2984,8099,1.240,1.100,1.130,2,0,1.994,0,0,18,309,0,39,2
14-06 21:01:20,7.031,1.758,89.145,1.004,0,5681000,170248,180780,1978480,21769.528,3517.597,0,1032.579,0,103.459,2625,3614,1.240,1.100,1.130,0,0,0,0,0,18,308,0,39,2
14-06 21:01:21,25.254,5.501,64.761,1.750,0,5680676,170248,180884,1978700,8848.564,1620.286,0,2060.364,0,253.045,6046,7875,1.240,1.100,1.130,2,0,0,0,0,18,309,0,39,2
14-06 21:01:22,25.232,4.247,66.703,1.499,0,5680552,170248,180932,1978776,18322.987,1522.918,0,1918.637,0,194.862,5508,6689,1.240,1.100,1.130,1,0,0,0,0,18,309,0,39,2
14-06 21:01:23,22.547,5.261,68.643,1.002,0,5680460,170248,180960,1978840,13438.982,1623.380,0,1563.255,0,131.273,4874,6054,1.240,1.100,1.130,0,1,0,0,0,18,309,0,39,2
14-06 21:01:24,15.973,2.995,77.867,1.497,0,5680248,170248,180964,1979048,10387.300,2403.904,0,2252.162,0,227.612,3958,5560,1.140,1.080,1.130,1,1,0,0,0,18,308,0,40,2
14-06 21:01:25,16.242,2.499,77.963,1.499,0,5680132,170248,180976,1979152,17924.569,3392.404,47.977,1691.204,2.999,157.926,3616,4599,1.140,1.080,1.130,0,0,0,0,0,18,308,0,41,2
14-06 21:01:26,9.757,2.252,85.815,0.500,0,5680828,169520,180976,1979184,14297.788,1687.273,0,5283.987,0,407.307,2947,3529,1.140,1.080,1.130,2,0,0,0,0,18,309,0,42,2
14-06 21:01:27,25.977,4.746,64.942,1.748,0,5681000,169268,180976,1979264,13269.216,1456.706,0,2885.438,0,257.771,5622,7278,1.140,1.080,1.130,1,2,0,0,0,18,309,0,40,2
14-06 21:01:28,25.239,5.248,64.722,2.499,0,5681292,168768,180976,1979472,14901.560,1685.272,0,5969.420,0,408.823,6212,8207,1.140,1.080,1.130,2,0,1.000,0,0,18,309,0,41,2
14-06 21:01:29,23.277,5.006,67.828,1.502,0,5681196,168768,180988,1979556,10127.668,2496.877,0,1974.275,0,199.230,5019,6631,1.120,1.080,1.120,2,0,0,0,0,18,308,0,43,2
14-06 21:01:30,10.998,2.749,84.735,0.750,0,5681404,168516,180992,1979596,19564.430,3062.441,0,2019.631,0,126.977,2746,3452,1.120,1.080,1.120,1,0,0,0,0,18,309,0,43,2
14-06 21:01:31,22.008,4.001,70.026,1.501,0,5681180,168520,181004,1979804,12014.473,2561.954,0,1808.673,0,210.078,4922,6595,1.120,1.080,1.120,1,0,0,0,0,18,308,0,42,2
14-06 21:01:32,14.239,2.248,81.690,0.500,0,5681248,168268,181012,1979980,14937.939,2175.389,0,1011.251,0,80.940,2980,3643,1.120,1.080,1.120,2,0,0,0,0,18,308,0,42,2
14-06 21:01:33,6.247,1.249,89.210,0.750,0,5681212,168268,181024,1980004,17670.022,2995.647,0,1271.426,0,139.937,2384,3249,1.120,1.080,1.120,1,0,0,0,0,18,309,0,42,2
14-06 21:01:34,11.756,3.002,83.044,1.251,0,5681356,168016,181052,1980084,19431.202,3299.732,0,1352.710,0,146.077,3211,4258,1.030,1.060,1.120,0,0,0,0,0,18,308,0,42,2
14-06 21:01:35,17.504,3.501,75.517,1.250,0.250,5681536,167764,181060,1980148,15934.615,2693.611,0,1320.300,0,135.031,3830,4847,1.030,1.060,1.120,1,0,0,0,0,18,307,0,41,3
14-06 21:01:36,10.737,3.246,83.898,0.749,0,5681448,167764,181080,1980216,9768.110,1618.031,0,1162.585,0,123.849,2877,3752,1.030,1.060,1.120,1,0,0,0,0,18,308,0,41,3
14-06 21:01:37,13.014,2.753,80.584,2.252,0,5681440,167524,181152,1980392,15627.218,3903.051,0,6210.445,0,383.398,3505,4951,1.030,1.060,1.120,2,0,0,0,0,18,307,0,42,3
14-06 21:01:38,6.253,1.751,89.789,0.750,0,5681660,167272,181164,1980412,18159.969,1875.823,0,804.353,0,97.043,2400,3285,1.030,1.060,1.120,1,0,1.000,0,0,18,307,0,42,3
14-06 21:01:39,22.750,3.500,69.500,2.000,0,5681800,167020,181172,1980516,10576.009,1620.001,32.000,1584.001,1.000,201.000,4667,5993,1.030,1.060,1.120,2,0,0,0,0,18,307,0,41,3
14-06 21:01:40,7.752,1.500,87.777,0.750,0,5681748,167020,181180,1980560,13793.319,2398.751,0,928.291,0,96.030,2521,3478,1.030,1.060,1.120,1,0,0,0,0,18,308,0,41,3
14-06 21:01:41,17.492,3.249,75.716,1.000,0,5679884,168796,181212,1980616,18370.673,3805.275,0,5137.671,0,544.753,4188,5359,1.030,1.060,1.120,0,0,0,0,0,18,307,0,41,3
14-06 21:01:42,14.748,2.500,80.238,1.500,0,5679616,168924,181248,1980720,27626.900,4423.343,0,1459.783,0,158.976,3688,4679,1.030,1.060,1.120,1,0,0,0,0,18,307,0,41,3
14-06 21:01:43,9.500,1.750,87.003,0.500,0,5679772,168672,181252,1980812,17266.531,2388.073,0,1060.033,0,74.002,2454,2959,1.030,1.060,1.120,0,0,0,0,0,18,307,0,38,3
14-06 21:01:44,3.496,1.249,93.402,0,0,5679772,168672,181252,1980812,14600.687,2477.402,0,519.455,0,31.966,1464,1862,1.030,1.060,1.120,1,0,0,0,0,18,308,0,38,3
14-06 21:01:45,5.999,1.250,90.234,1.000,0,5679716,168672,181264,1980856,17776.790,3062.447,0,987.822,0,99.982,2311,3220,1.030,1.060,1.120,1,0,0,0,0,18,307,0,38,3
14-06 21:01:46,27.568,7.017,61.652,1.504,0,5681060,166912,181284,1981252,12401.667,1624.016,0,1567.877,0,181.449,6176,8124,1.030,1.060,1.120,1,0,4.010,0,0,18,308,0,38,3
14-06 21:01:47,27.975,5.495,63.944,1.249,0,5681220,166660,181304,1981324,11996.427,1618.573,0,2202.059,0,201.822,5495,6994,1.030,1.060,1.120,2,0,1.998,0,0,18,308,0,33,3
14-06 21:01:48,25.737,5.247,63.467,2.749,0,5681844,165904,181344,1981416,15023.300,1619.170,0,6200.822,0,394.798,5984,7995,1.030,1.060,1.120,1,0,1.999,0,0,18,308,0,33,3
14-06 21:01:49,24.726,4.745,66.185,1.249,0,5681628,165904,181364,1981612,24507.866,1456.566,0,1862.166,0,206.796,5483,7144,1.030,1.060,1.120,1,0,0,0,0,18,307,0,33,3
14-06 21:01:50,23.776,5.006,68.576,0.751,0,5681524,165904,181396,1981684,12542.871,1621.794,0,1321.461,0,110.122,5291,6459,1.030,1.060,1.120,1,0,0,0,0,18,308,0,34,3
14-06 21:01:51,28.019,5.003,63.543,1.751,0,5682608,164736,181396,1981768,12792.590,1621.088,0,1849.242,0,222.149,5505,6787,1.030,1.060,1.120,1,0,1.001,0,0,18,307,0,34,3
14-06 21:01:52,7.732,1.496,88.043,0.998,0,5682444,164736,181396,1981932,9987.483,2128.987,0,1955.396,0,139.671,2649,3712,1.030,1.060,1.120,2,0,0.998,0,0,18,308,0,34,3
14-06 21:01:53,18.529,3.505,75.116,0.751,0.250,5677640,169460,181412,1981996,12718.713,1974.060,0,1590.465,0,163.253,4075,5146,1.030,1.060,1.120,0,0,0,0,0,18,307,0,35,3
14-06 21:01:54,16.967,3.244,77.101,1.248,0,5677588,169460,181412,1982048,11006.723,1509.083,0,1221.639,0,131.745,3525,4408,0.940,1.040,1.110,2,0,0,0,0,18,305,0,36,3
14-06 21:01:55,7.265,2.004,88.434,0.752,0,5677640,169236,181416,1982216,10768.442,2516.244,0,1378.874,0,123.257,2620,3819,0.940,1.040,1.110,1,0,0,0,0,18,308,0,32,3
14-06 21:01:56,25.993,3.499,68.982,0.250,0,5680084,166716,181416,1982292,13344.472,1553.589,0,735.805,0,47.987,3378,3046,0.940,1.040,1.110,1,0,0,0,0,18,308,0,32,3
14-06 21:01:57,25.513,3.752,69.035,0.250,0,5683008,163692,181416,1982392,10682.472,1632.836,0,668.342,0,42.022,3492,3292,0.940,1.040,1.110,3,0,0,0,0,18,307,0,32,3
14-06 21:01:58,26.005,3.501,67.263,0.750,0,5684216,162268,181416,1982608,12798.479,1512.293,0,988.191,0,87.017,3819,3975,0.940,1.040,1.110,2,0,1.000,0,0,18,308,0,33,3
14-06 21:01:59,8.996,2.499,85.464,2.249,0,5684644,161792,181416,1982656,19037.902,3458.529,0,5497.662,0,378.839,3420,5076,0.870,1.020,1.100,1,0,0,0,0,18,307,0,33,3
14-06 21:02:00,12.750,2.000,81.000,1.250,0,5684596,161792,181428,1982692,15318.068,3406.015,0,1212.005,0,137.001,3530,4681,0.870,1.020,1.100,1,0,0,0,0,18,307,0,33,3
14-06 21:02:01,15.243,2.999,78.712,1.499,0,5684712,161568,181436,1982792,19602.494,3350.375,0,1703.174,0,198.904,3886,5112,0.870,1.020,1.100,1,0,0,0,0,18,307,0,33,3
14-06 21:02:02,10.007,2.252,85.309,0.751,0,5685060,161064,181440,1982944,15035.481,1621.130,0,788.550,0,72.050,2792,3613,0.870,1.020,1.100,1,0,0,0,0,18,308,0,33,3
14-06 21:02:03,25.240,4.748,65.724,1.499,0,5684988,161064,181440,1983016,15466.980,1565.391,0,1627.367,0,197.923,5683,7236,0.870,1.020,1.100,2,0,0,0,0,18,308,0,32,3
14-06 21:02:04,24.733,5.746,65.956,0.749,0,5686148,159820,181444,1983096,10907.673,1618.913,0,1558.953,0,160.892,5227,6323,0.880,1.020,1.100,1,0,6.995,0,0,18,308,0,35,3
14-06 21:02:05,23.762,5.253,67.533,1.501,0,5677836,167884,181476,1983312,12901.360,2393.180,0,1740.858,0,203.100,5036,6445,0.880,1.020,1.100,0,0,0,0,0,18,307,0,36,3
14-06 21:02:06,10.250,1.250,86.753,0.500,0,5677728,167968,181476,1983336,13564.434,1686.054,0,1504.048,0,105.003,2566,3230,0.880,1.020,1.100,1,0,0,0,0,18,311,0,37,3
14-06 21:02:07,24.506,3.501,69.267,0.250,0,5678300,167088,181476,1983644,8858.214,1620.405,272.068,5945.486,15.004,401.100,4574,4904,0.880,1.020,1.100,1,0,0,0,0,18,311,0,39,3
14-06 21:02:08,26.242,3.499,67.729,0.750,0,5678656,166584,181480,1983788,9539.024,1619.495,0,923.712,0,84.973,4808,5643,0.880,1.020,1.100,1,0,1.000,0,0,18,311,0,35,3
14-06 21:02:09,25.519,4.253,66.799,1.251,0,5679484,165324,181508,1984192,15181.191,1567.155,160.118,1813.337,12.009,179.132,5381,6610,0.890,1.020,1.100,2,0,1.001,0,0,18,311,0,53,3
14-06 21:02:10,25.737,2.998,67.465,1.749,0.250,5678220,166532,181528,1984228,12133.727,1511.219,0,4713.563,0,286.852,5401,6773,0.890,1.020,1.100,1,0,0.999,0,0,18,313,0,54,3
14-06 21:02:11,25.494,4.249,68.233,0.500,0,5679172,165524,181528,1984284,14706.267,1619.589,0,839.787,0,71.982,4725,5360,0.890,1.020,1.100,2,0,1.000,0,0,18,313,0,54,3
14-06 21:02:12,26.508,3.501,66.770,0.750,0,5680928,163508,181528,1984544,16361.785,1566.458,0,944.276,0,82.024,4886,5172,0.890,1.020,1.100,2,0,2.001,0,0,18,311,0,66,3
14-06 21:02:13,29.000,3.750,64.501,1.000,0,5680796,163508,181528,1984676,13122.131,2083.021,0,1224.012,0,118.001,4732,5322,0.890,1.020,1.100,1,0,0,0,0,18,310,0,68,3
14-06 21:02:14,6.250,1.500,89.244,0.500,0,5682012,162248,181528,1984720,18858.802,2996.810,4.000,1463.907,1.000,107.993,2488,3325,0.820,1,1.090,2,0,0,0,0,18,311,0,68,3
14-06 21:02:15,24.723,4.995,66.178,1.748,0,5683328,160736,181528,1984916,10882.113,1456.409,0,1786.049,0,201.780,5501,7119,0.820,1,1.090,1,0,0,0,0,18,311,0,69,3
14-06 21:02:16,24.247,5.499,66.991,1.250,0,5683472,160512,181528,1984996,11206.455,1619.777,0,1915.736,0,183.975,5184,6510,0.820,1,1.090,4,0,0,0,0,18,311,0,67,3
14-06 21:02:17,25.018,4.003,69.299,0.500,0,5682892,161036,181528,1985052,16062.269,1459.024,0,1204.845,0,102.072,4878,5658,0.820,1,1.090,2,2,0,0,0,18,311,0,67,3
14-06 21:02:18,15.945,3.488,76.735,2.242,0,5683388,160428,181532,1985160,14844.774,3450.094,0,4213.460,0,291.992,4222,6016,0.820,1,1.090,1,0,0.997,0,0,18,310,0,68,3
14-06 21:02:19,20.504,7.002,69.515,1.750,0,5693868,149892,181536,1985212,21820.782,2511.550,0,5933.300,0,424.093,4756,15043,0.750,0.990,1.090,1,0,36.008,0,0,18,310,0,69,3
14-06 21:02:20,12.298,2.008,82.324,0.753,0,5694040,149668,181540,1985260,12895.707,2399.435,0,1453.716,0,161.636,3248,4259,0.750,0.990,1.090,0,0,0,0,0,18,310,0,66,3
14-06 21:02:21,8.506,1.251,88.058,1.001,0,5694236,149444,181540,1985288,12734.353,1621.063,0,928.609,0,98.064,2451,3141,0.750,0.990,1.090,2,0,0,0,0,18,311,0,66,3
14-06 21:02:22,6.736,1.746,89.066,0.748,0,5694200,149444,181540,1985324,15020.023,2505.832,0,5077.528,0,491.985,2609,3388,0.750,0.990,1.090,0,0,0,0,0,18,310,0,66,3
14-06 21:02:23,24.007,3.501,69.771,0,0,5692664,150648,181540,1985656,16586.932,1620.482,0,584.174,0,27.008,3690,3460,0.750,0.990,1.090,2,0,0,0,0,18,311,0,67,3
14-06 21:02:24,12.219,2.244,84.039,0.998,0,5692740,150400,181540,1985828,14506.650,2077.794,0,1109.221,0,112.718,2918,3793,0.690,0.970,1.080,1,0,0,0,0,18,310,0,66,3
14-06 21:02:25,8.278,2.007,86.797,1.003,0,5686704,156396,181556,1985852,15220.059,2090.149,0,1159.968,0,125.429,2779,3838,0.690,0.970,1.080,1,0,0,0,0,18,310,0,66,3
14-06 21:02:26,8.752,1.750,87.267,0.750,0.250,5686660,156396,181572,1985880,12773.445,2083.399,0,1076.206,0,106.020,2572,3425,0.690,0.970,1.080,1,0,0,0,0,18,310,0,66,3
14-06 21:02:27,12.750,2.500,81.999,1.250,0,5686604,156396,181584,1985924,17357.708,2267.962,0,1255.979,0,153.997,3131,4080,0.690,0.970,1.080,0,0,0,0,0,18,310,0,66,3
14-06 21:02:28,7.748,1.999,88.226,0.250,0,5686820,156148,181596,1985944,16855.408,1257.657,0,795.783,0,71.980,2658,3584,0.690,0.970,1.080,1,0,1.000,0,0,18,311,0,64,3
14-06 21:02:29,25.238,5.747,64.469,1.999,0,5686952,155924,181596,1986036,14963.855,1619.227,0,2798.664,0,283.864,6244,8451,0.800,0.990,1.090,6,1,0,0,0,18,311,0,64,3
14-06 21:02:30,26.501,5.250,63.001,3.000,0,5686992,155672,181596,1986248,16642.340,2835.058,0,6512.133,0,430.009,5992,8001,0.800,0.990,1.090,1,0,0,0,0,18,311,0,65,3
14-06 21:02:31,26.767,5.504,64.041,1.251,0,5688660,153908,181596,1986344,9512.129,1621.045,0,1480.954,0,168.108,5141,6191,0.800,0.990,1.090,1,0,0,0,0,18,308,0,67,3
14-06 21:02:32,7.996,1.249,88.208,0.500,0,5688492,153908,181596,1986512,14255.154,2507.796,0,1187.430,0,108.948,2546,3819,0.800,0.990,1.090,2,0,0,0,0,18,311,0,62,3
14-06 21:02:33,12.760,2.502,82.565,1.751,0,5688692,153656,181600,1986560,26727.935,2515.971,0,1789.402,0,188.147,3380,4653,0.800,0.990,1.090,0,0,0,0,0,18,310,0,62,3
14-06 21:02:34,15.995,2.499,78.974,1.000,0,5688856,153408,181600,1986644,13736.409,2082.304,3.999,1427.523,1.000,163.945,3166,3643,0.810,0.990,1.090,0,0,0,0,0,18,310,0,64,3
14-06 21:02:35,7.251,1.750,88.759,0.500,0,5688840,153408,181600,1986660,11073.182,1458.156,0,892.095,0,78.008,2291,2958,0.810,0.990,1.090,4,0,0,0,0,18,311,0,64,3
14-06 21:02:36,8.000,1.500,87.997,1.000,0,5688800,153408,181604,1986696,19586.286,3459.874,0,1079.961,0,114.996,2710,3678,0.810,0.990,1.090,0,0,0,0,0,18,310,0,63,3
14-06 21:02:37,22.483,5.496,67.699,1.749,0,5688676,153408,181604,1986820,10484.067,1456.898,31.976,1806.633,0.999,207.843,5354,7205,0.810,0.990,1.090,1,0,0,0,0,18,311,0,63,3
14-06 21:02:38,26.792,4.257,65.352,1.502,0,5585396,256492,181616,1987004,9588.985,1622.536,0,2676.182,0,251.393,4945,6515,0.810,0.990,1.090,1,0,1.002,0,0,18,310,0,63,3
14-06 21:02:39,14.232,3.246,79.148,2.497,0,5523424,318268,181648,1987204,19867.304,275295.933,183.762,1026.672,11.984,53.930,2525,2272,0.750,0.970,1.080,2,0,13.982,0,0,18,310,0,63,3
14-06 21:02:40,1.501,1.000,95.796,0.500,0,5523420,318268,181648,1987208,12716.127,1620.781,0,712.343,0,46.022,1361,2031,0.750,0.970,1.080,0,0,0,0,0,18,310,0,61,3
14-06 21:02:41,2.750,1.500,95.016,0.250,0,5523628,318044,181656,1987216,12530.107,1967.331,0,216.036,0,36.006,1725,2448,0.750,0.970,1.080,1,0,0,0,0,18,310,0,61,3
14-06 21:02:42,2.250,1.000,93.492,1.500,0,5523600,318044,181672,1987228,18531.412,2649.773,0,5471.531,0,291.975,1801,2751,0.750,0.970,1.080,0,0,0,0,0,18,310,0,61,3
14-06 21:02:43,1.500,1.250,96.486,0,0,5523600,318044,181672,1987228,18955.341,1619.773,0,3783.469,0,400.944,1364,1462,0.750,0.970,1.080,0,0,0,0,0,18,310,0,61,3
14-06 21:02:44,1.000,0.500,97.277,0,0,5523600,318044,181672,1987228,13344.681,1458.402,0,204.056,0,2.001,1018,1362,0.690,0.950,1.080,0,0,0,0,0,18,310,0,60,3
14-06 21:02:45,1.750,1.000,96.223,0,0,5523596,318044,181672,1987232,16843.310,1619.549,0,123.965,0,11.997,1136,1526,0.690,0.950,1.080,1,0,0,0,0,18,310,0,60,3
14-06 21:02:46,2.500,0.750,95.509,0.250,0,5523592,318044,181672,1987236,28598.662,1458.136,0,76.007,0,10.001,1469,1707,0.690,0.950,1.080,0,0,1.000,0,0,18,310,0,60,3
14-06 21:02:47,4.251,2.500,92.262,0,0,5523804,317792,181672,1987276,9287.251,1620.218,16.002,172.023,1.000,24.003,1775,2435,0.690,0.950,1.080,0,0,3.000,0,0,18,310,0,60,3
14-06 21:02:48,15.989,3.497,78.194,0.250,0,5523760,317792,181684,1987308,14473.606,1456.954,0,563.595,0,49.964,3717,4447,0.690,0.950,1.080,0,0,1.999,0,0,18,310,0,62,3
14-06 21:02:49,3.253,1.001,94.330,0.250,0,5523752,317792,181688,1987312,10566.908,1691.426,0,416.351,0,36.030,1480,2055,0.630,0.940,1.070,0,0,1.001,0,0,18,310,0,61,3
14-06 21:02:50,1.750,0.500,96.505,0.250,0,5523744,317792,181688,1987320,14478.789,1620.088,0,816.044,0,23.001,1147,1582,0.630,0.940,1.070,0,0,0,0,0,18,310,0,61,3
14-06 21:02:51,2.750,1.250,95.012,0.500,0,5523744,317792,181688,1987320,12590.646,1524.199,0,184.024,0,25.003,1514,2132,0.630,0.940,1.070,0,0,0,0,0,18,310,0,61,3
14-06 21:02:52,1.250,0.500,97.000,0,0,5523744,317792,181688,1987320,12855.049,1620.006,0,256.001,0,18.000,1106,1565,0.630,0.940,1.070,1,0,0,0,0,18,310,0,61,3
14-06 21:02:53,0.750,1.000,97.481,0,0,5523744,317792,181688,1987320,11262.766,1457.711,0,35.993,0,4.999,1033,1396,0.630,0.940,1.070,0,0,0,0,0,18,310,0,57,3
14-06 21:02:54,1.999,0.500,96.223,0,0,5523740,317792,181692,1987320,8560.591,1619.544,0,251.929,0,22.994,1290,1886,0.580,0.920,1.060,1,0,0,0,0,18,310,0,57,3
14-06 21:02:55,1.750,1.250,96.274,0.250,0,5523732,317792,181696,1987324,10320.608,162.041,0,256.065,0,23.006,1324,1929,0.580,0.920,1.060,0,0,0,0,0,18,310,0,57,3
14-06 21:02:56,1.500,0.750,96.256,0,0,5523732,317792,181696,1987324,12444.810,1620.105,0,48.003,0,7.000,1154,1534,0.580,0.920,1.060,0,0,0,0,0,18,310,0,57,3
14-06 21:02:57,1.500,1.750,95.743,0,0,5520592,320928,181696,1987328,9743.297,1685.878,0,83.994,0,10.999,1207,1681,0.580,0.920,1.060,0,0,0,0,0,18,310,0,55,3
14-06 21:02:58,2.500,1.500,92.998,1.000,0,5517948,323548,181704,1987344,12898.695,1457.966,0,679.984,0,65.998,1913,2674,0.580,0.920,1.060,0,0,1.000,0,0,18,310,0,55,3
14-06 21:02:59,1.500,0.750,96.985,0,0,5517944,323548,181708,1987344,12783.063,1619.755,0,191.971,0,14.998,1094,1535,0.530,0.910,1.060,0,0,0,0,0,18,310,0,55,3
14-06 21:03:00,1.500,0.500,97.012,0,0,5517944,323548,181708,1987344,12887.584,1296.159,0,20.002,0,2.000,1105,1479,0.530,0.910,1.060,0,0,0,0,0,18,310,0,55,3
14-06 21:03:01,2.750,1.000,95.498,0.250,0,5517936,323548,181716,1987344,9102.837,485.991,0,147.997,0,21.000,1471,2038,0.530,0.910,1.060,1,0,0,0,0,18,310,0,54,3
14-06 21:03:02,1.249,0.999,96.667,0,0,5517932,323548,181720,1987344,12447.352,1456.754,0,331.716,0,21.981,1148,1677,0.530,0.910,1.060,0,0,0,0,0,18,310,0,54,3
14-06 21:03:03,1.502,0.751,97.100,0,0,5517932,323548,181720,1987344,16783.368,1663.722,0,32.033,0,4.004,1072,1399,0.530,0.910,1.060,2,0,0,0,0,18,310,0,54,3
14-06 21:03:04,1.999,2.249,94.718,0,0,5517928,323548,181720,1987348,12903.670,1457.511,0,895.699,0,168.943,1393,1608,0.490,0.890,1.050,0,0,6.998,0,0,18,310,0,54,3
14-06 21:03:05,1.250,1.000,96.502,0.250,0,5517920,323548,181720,1987356,8986.148,1620.027,0,376.006,0,57.001,1079,1498,0.490,0.890,1.050,0,0,0,0,0,18,310,0,51,3
14-06 21:03:06,1.249,0.500,97.183,0,0,5517920,323548,181720,1987356,14791.795,1618.883,0,0,0,0,1060,1403,0.490,0.890,1.050,0,0,0,0,0,18,310,0,51,3
14-06 21:03:07,1.751,1.001,96.818,0,0,5517912,323548,181720,1987364,10033.033,1525.069,0,116.081,0,12.008,1174,1758,0.490,0.890,1.050,0,0,0,0,0,18,310,0,51,3
14-06 21:03:08,2.000,1.500,94.509,0.250,0,5517908,323548,181724,1987364,12585.252,1620.161,0,580.058,0,55.005,1741,2451,0.490,0.890,1.050,0,0,1.000,0,0,18,310,0,51,3
14-06 21:03:09,1.996,0.499,95.582,0.250,0,5517900,323548,181728,1987368,9866.679,1132.013,0,363.362,0,30.946,1386,2037,0.450,0.880,1.050,1,0,0,0,0,18,310,0,38,3
14-06 21:03:10,9.764,2.253,83.874,2.754,0,5526840,312964,181860,1988880,140492.847,3220.765,1638.424,492.729,46.068,40.059,2357,2716,0.450,0.880,1.050,0,0,5.007,0,0,18,310,0,38,3
14-06 21:03:11,18.258,4.252,74.534,2.001,0,5536740,302896,181880,1989028,294961.615,9454.283,48.022,476.216,7.003,30.014,3379,2885,0.450,0.880,1.050,2,0,21.010,0,0,18,310,0,38,3
14-06 21:03:12,14.701,4.734,77.988,0.747,0,5537084,302292,181892,1989276,305209.707,12741.240,235.211,474.408,8.970,25.913,3165,2669,0.450,0.880,1.050,1,0,23.920,0,0,18,310,0,38,3
14-06 21:03:13,20.569,5.017,72.495,1.756,0,5531232,301800,181892,1995620,11962.375,541.829,1424.809,4.014,15.051,1.003,2355,1711,0.450,0.880,1.050,0,1,12.041,0,0,18,310,0,12,3
14-06 21:03:14,20.700,4.988,71.577,0.748,0,5526400,299028,181892,2003224,8793.746,538.698,482.833,0,5.986,0,2232,1616,0.500,0.880,1.050,1,0,7.981,0,0,18,310,0,12,3
