"pcp-dstat 6.2.0 CSV Output"
"Author:","PCP team <pcp@groups.io> and Dag Wieers <dag@wieers.com>",,,,"URL:","https://pcp.io/ and http://dag.wieers.com/home-made/dstat/"
"Host:","np0000094480",,,,"User:","ubuntu"
"Cmdline:","dstat -tcmndrylpg --tcp --output /tmp/devstack_logs/dstat-csv.log",,,,"Date:","25 Jun 2026 22:41:23 UTC"
"system","total usage",,,,,"memory usage",,,,"net/total",,"dsk/total",,"io/total",,"system",,"load avg",,,"procs",,,"paging",,"tcp sockets",,,,
"time","total usage:usr","total usage:sys","total usage:idl","total usage:wai","total usage:stl","used","free","buf","cach","net/total:recv","net/total:send","dsk/total:read","dsk/total:writ","read","writ","int","csw","1m","5m","15m","run","blk","new","in","out","lis","act","syn","tim","clo"
25-06 22:41:23,,1024648,1673884,161764,4962840,,,,,,,1.380,1,0.630,1,0,,,,10,5,1,17,1
25-06 22:41:24,25.452,20.961,51.653,0.250,0,1027868,1670268,161872,4963048,26285.764,9546.119,0,974.175,0,29.944,5129,3143,1.380,1,0.630,1,0,234.561,0,0,10,5,1,17,1
25-06 22:41:25,22.752,20.002,54.505,0.750,0,1035220,1662368,162040,4963300,45984.923,12219.042,0,1468.125,0,48.004,4927,2945,1.380,1,0.630,2,0,215.018,0,0,10,5,1,17,1
25-06 22:41:26,27.446,20.959,50.400,0.250,0.250,1043180,1653884,162152,4963624,33324.140,10304.635,0,1145.736,0,37.925,4886,2822,1.510,1.040,0.650,1,0,196.611,0,0,10,4,1,17,2
25-06 22:41:27,30.566,22.298,44.847,0.501,0,1044240,1635432,162260,4980752,180474.074,10290.355,0,1318.865,0,36.078,5281,3948,1.510,1.040,0.650,2,0,191.416,0,0,10,4,1,17,2
25-06 22:41:28,36.464,16.983,44.956,0.500,0,1039212,1622940,163136,4994688,11671.549,1734.299,0,1646.385,0,69.931,4460,2867,1.510,1.040,0.650,2,0,126.876,0,0,10,4,1,11,2
25-06 22:41:29,41.463,16.985,39.714,0.500,0,1022236,1621524,163636,5010928,8427.391,1618.539,0,1302.824,0,31.971,5102,5858,1.510,1.040,0.650,3,0,144.869,0,0,10,4,1,11,2
25-06 22:41:30,35.574,13.278,49.854,1.002,0,1144760,1476492,164220,5155184,10650.223,1697.542,0,2725.687,0,186.389,4409,4281,1.510,1.040,0.650,1,1,60.125,0,0,11,6,1,11,2
25-06 22:41:31,38.245,11.249,47.744,1.000,0,1143952,1459296,165248,5169472,8582.872,1619.787,15.998,2623.655,1.000,99.987,3976,2545,1.630,1.070,0.660,2,0,69.991,0,0,11,6,1,11,2
25-06 22:41:32,37.655,12.967,46.882,0.997,0,1146856,1426716,166252,5195484,10065.700,1615.938,0,2362.063,0,82.792,4247,2681,1.630,1.070,0.660,3,0,113.714,0,0,11,6,1,11,2
25-06 22:41:33,38.900,12.298,47.935,1.004,0,1183044,1404264,166560,5181104,10850.935,2108.147,208.807,1056.081,9.035,41.159,4058,2544,1.630,1.070,0.660,2,0,78.303,0,0,11,4,1,13,0
25-06 22:41:34,39.027,5.754,52.286,2.001,0,1216408,1367860,166584,5183836,11963.214,3799.609,1693.163,2261.553,114.078,23.016,3107,2098,1.630,1.070,0.660,2,0,33.023,0,0,11,5,1,13,0
25-06 22:41:35,44.256,4.751,49.756,0.500,0,1213488,1362884,166836,5190328,12248.562,2698.344,128.016,1444.184,6.001,17.002,2833,1547,1.630,1.070,0.660,3,0,4.001,0,0,11,6,1,13,0
25-06 22:41:36,32.913,11.968,40.143,10.971,0.249,1224308,1345272,167396,5195960,10786.349,1454.137,0,38828.861,0,1790.245,16611,30343,1.900,1.140,0.680,2,0,33.910,0,0,11,6,1,13,0
25-06 22:41:37,34.008,10.002,37.759,13.753,0,1255948,1310244,167832,5198812,9736.337,1620.389,0,27626.632,0,2246.539,13094,24298,1.900,1.140,0.680,4,0,35.008,0,0,11,6,1,13,0
25-06 22:41:38,32.764,12.255,38.266,13.506,0,1262796,1300444,168168,5201252,26675.150,1620.677,0,25918.833,0,2254.943,14403,26118,1.900,1.140,0.680,2,0,45.019,0,0,11,6,1,13,0
25-06 22:41:39,39.248,12.999,41.748,5.000,0,1192808,1378704,168348,5193912,7991.635,1619.926,0,16255.258,0,1033.953,5540,7076,1.900,1.140,0.680,3,0,75.997,0,0,11,4,1,13,0
25-06 22:41:40,44.747,6.250,47.997,0.250,0,1241380,1330076,168352,5193932,10316.255,1457.895,0,2751.801,0,191.986,3217,1763,1.900,1.140,0.680,5,0,24.998,0,0,11,4,1,13,0
25-06 22:41:41,26.753,7.501,63.257,1.750,0,1235520,1335872,168412,5193940,8425.894,1620.172,0,25654.723,0,777.082,3662,3469,1.910,1.150,0.690,1,0,61.006,0,0,11,4,1,13,0
25-06 22:41:42,22.245,3.499,73.235,0.250,0,1267672,1303928,168416,5193944,6877.598,1693.655,0,603.877,0,12.997,1835,1359,1.910,1.150,0.690,1,0,0,0,0,11,4,1,13,0
25-06 22:41:43,23.245,2.250,73.735,0,0,1287944,1283652,168416,5193948,11052.800,1619.678,0,0,0,0,1785,1240,1.910,1.150,0.690,1,0,0,0,0,11,4,1,13,0
25-06 22:41:44,13.004,14.004,71.021,0,0.250,1242600,1328972,168420,5193968,8326.512,1662.502,0,0,0,0,3789,2421,1.910,1.150,0.690,1,0,159.048,0,0,11,4,1,11,0
25-06 22:41:45,9.998,19.497,68.488,0,0,1221264,1350280,168420,5193992,7063.790,1457.750,0,11.998,0,2.999,4560,2928,1.910,1.150,0.690,1,0,196.966,0,0,11,4,1,11,0
25-06 22:41:46,8.999,21.248,66.245,0,0.250,1202552,1368984,168424,5194004,9817.292,1619.883,0,25462.163,0,127.991,4787,3151,1.840,1.150,0.690,2,0,193.986,0,0,11,4,1,11,0
25-06 22:41:47,12.997,21.745,62.485,0,0,1185552,1385908,168432,5194480,8244.970,1619.601,0,651.839,0,7.998,5447,5126,1.840,1.150,0.690,1,0,191.953,0,0,11,4,1,11,0
25-06 22:41:48,22.755,13.253,62.515,0,0,1175996,1395340,168436,5194116,10818.571,1620.385,0,168.040,0,11.003,4513,5294,1.840,1.150,0.690,1,0,78.019,0,0,11,4,1,11,0
25-06 22:41:49,40.217,15.737,38.968,3.497,0,1185852,1377616,168444,5202436,21196.757,1618.683,7697.738,2741.770,77.937,40.967,4272,2642,1.840,1.150,0.690,2,0,122.900,0,0,11,5,1,11,0
25-06 22:41:50,39.035,4.254,52.296,3.753,0,1261948,1301456,168456,5202488,7407.578,1621.440,20.018,28.025,4.004,2.002,2468,1324,1.840,1.150,0.690,3,0,0,0,0,11,5,1,11,0
25-06 22:41:51,44.002,7.000,48.502,0,0,1285448,1276956,168460,5203480,10215.412,1458.059,492.020,4240.171,5.000,71.003,2868,1532,1.850,1.160,0.700,2,0,1.000,0,0,11,5,1,11,0
25-06 22:41:52,37.498,9.999,51.497,0,0,1294700,1265044,168484,5205924,8293.494,1619.901,0,1123.931,0,93.994,4342,4430,1.850,1.160,0.700,1,0,65.996,0,0,11,4,1,11,0
25-06 22:41:53,3.750,5.750,89.744,0,0,1288632,1271112,168484,5205932,10260.346,1619.897,0,375.976,0,5.000,1726,1479,1.850,1.160,0.700,0,0,51.997,0,0,11,4,1,11,0
25-06 22:41:54,20.004,6.251,72.264,0,0,1315652,1244084,168492,5205932,8074.552,1620.311,0,968.186,0,3.001,2203,1690,1.850,1.160,0.700,1,0,22.004,0,0,11,4,1,11,0
25-06 22:41:55,32.253,7.501,59.755,0,0,1382176,1177556,168492,5205936,10800.841,1620.126,0,0,0,0,3381,12426,1.850,1.160,0.700,1,0,36.003,0,0,11,4,1,12,0
25-06 22:41:56,23.774,2.002,73.574,0.250,0,1405904,1153616,168492,5206148,8327.401,1715.731,0,3139.167,0,136.137,2120,1614,1.780,1.160,0.700,1,0,1.001,0,0,11,10,1,12,0
25-06 22:41:57,20.241,6.247,68.471,2.249,0,1305480,1253912,168580,5206188,7207.932,1619.311,0,7212.930,0,485.793,4653,6141,1.780,1.160,0.700,1,0,41.982,0,0,11,4,1,13,0
25-06 22:41:58,22.478,4.246,72.930,0.500,0,1337256,1221908,168600,5206372,6381.885,1618.449,183.824,835.200,3.996,55.946,2044,1738,1.780,1.160,0.700,1,0,0,0,0,11,4,1,13,0
25-06 22:41:59,19.753,1.000,77.011,0.250,0,1360916,1197968,168600,5206612,16459.454,3989.595,48.007,632.094,1.000,11.002,1830,1206,1.780,1.160,0.700,1,0,0,0,0,11,11,1,13,0
25-06 22:42:00,19.238,2.499,73.206,4.497,0,1365948,1192452,168660,5206816,11385.190,3314.018,239.857,679.593,58.965,26.984,2432,2441,1.780,1.160,0.700,0,1,0.999,0,0,11,17,1,13,0
25-06 22:42:01,20.778,5.007,71.347,0.501,0,1374652,1183660,168660,5206856,28736.257,6050.265,28.038,64688.372,7.010,325.445,2933,2317,1.720,1.160,0.700,1,0,3.004,0,0,11,28,1,14,0
25-06 22:42:02,19.512,7.505,72.546,0.250,0.250,1375272,1183008,168660,5206864,8636.441,1621.021,0,1192.751,0,8.005,2375,1631,1.720,1.160,0.700,1,0,43.027,0,0,11,28,1,14,0
25-06 22:42:03,23.718,1.997,73.401,0,0,1375264,1183008,168668,5206864,10571.776,1617.823,0,135.817,0,11.984,1750,1094,1.720,1.160,0.700,1,0,0,0,0,11,28,1,14,0
25-06 22:42:04,18.243,2.249,78.971,0,0,1376444,1181816,168668,5206876,16102.125,8614.857,0,443.838,0,4.998,2126,1748,1.720,1.160,0.700,1,0,0,0,0,11,28,1,15,0
25-06 22:42:05,23.012,17.509,57.531,0,0,1361628,1196616,168668,5206892,6925.679,1686.896,0,16.009,0,4.002,3963,2442,1.720,1.160,0.700,3,0,156.083,0,0,11,28,1,15,0
25-06 22:42:06,45.509,5.001,49.009,0,0,1463132,1095112,168668,5206892,10560.009,1458.277,0,0,0,0,2773,1315,1.740,1.170,0.710,2,0,0,0,0,11,28,1,15,0
25-06 22:42:07,35.615,5.728,56.784,0,0,1484092,1074116,168668,5206912,18875.367,10108.637,0,30308.976,0,130.505,3666,2989,1.740,1.170,0.710,2,0,0,0,0,11,30,1,15,0
25-06 22:42:08,38.041,4.755,54.309,0.250,0.250,1482992,1075008,168676,5207112,15927.372,11315.341,0,945.031,0,32.035,6127,7249,1.740,1.170,0.710,2,0,0,0,0,11,29,1,16,0
25-06 22:42:09,42.185,27.119,30.383,0,0,1450192,1107792,168676,5207128,11618.820,2094.160,0,277.212,0,35.154,5294,4121,1.740,1.170,0.710,5,0,351.538,0,0,11,28,1,14,0
25-06 22:42:10,77.192,22.483,0.500,0,0,1568316,989636,168676,5207160,10070.491,1456.914,0,163.878,0,11.991,5189,3401,1.740,1.170,0.710,6,0,227.830,0,0,11,28,1,14,0
25-06 22:42:11,82.860,9.953,6.221,0,0,1771528,786396,168684,5207172,24028.977,14741.661,0,433.959,0,30.855,5199,3214,2.080,1.250,0.740,6,0,0.995,0,0,11,32,1,14,0
25-06 22:42:12,80.590,8.787,11.047,0.502,0,1825292,732508,168704,5207392,30677.324,24628.826,0,5615.674,0,396.672,8239,9798,2.080,1.250,0.740,3,0,0,0,0,11,33,1,15,0
25-06 22:42:13,53.323,14.452,30.399,0,0,1671940,885784,168732,5207440,25669.728,7918.695,0,542.199,0,46.844,6746,6869,2.080,1.250,0.740,4,0,239.205,0,0,11,29,1,16,0
25-06 22:42:14,38.082,10.272,51.611,0,0,1557836,999748,168732,5207580,13020.090,4134.921,0,228.493,0,14.030,3916,3106,2.080,1.250,0.740,1,0,70.151,0,0,11,28,1,17,0
25-06 22:42:15,19.004,1.750,78.267,0,0,1567164,990416,168732,5207584,13846.025,6007.312,0,184.040,0,8.002,1993,1673,2.080,1.250,0.740,1,0,0,0,0,11,29,1,17,0
25-06 22:42:16,17.500,4.500,75.999,0.250,0,1504244,1053316,168740,5207596,9447.857,4024.939,0,199.997,0,19.000,3156,2986,2.080,1.260,0.750,1,0,29.000,0,0,11,28,1,18,0
25-06 22:42:17,19.749,6.750,71.998,0,0,1483056,1074496,168744,5207600,12339.646,1619.953,0,2043.941,0,101.997,2426,1609,2.080,1.260,0.750,1,0,38.999,0,0,11,28,1,15,0
25-06 22:42:18,18.746,2.749,77.981,0.250,0,1495748,1061792,168752,5207604,14739.468,5307.728,0,215.948,0,10.997,2061,1697,2.080,1.260,0.750,1,0,0,0,0,11,29,1,15,0
25-06 22:42:19,19.754,2.000,76.016,0.250,0.250,1481040,1076488,168756,5207612,14463.036,4747.997,0,600.126,0,45.009,2848,2941,2.080,1.260,0.750,1,0,0,0,0,11,28,1,16,0
25-06 22:42:20,10.750,18.750,68.249,0,0.250,1426084,1131432,168760,5207620,8552.927,1685.986,0,151.999,0,8.000,4423,2783,2.080,1.260,0.750,1,0,212.998,0,0,11,28,1,16,0
25-06 22:42:21,7.985,22.208,66.624,0,0,1411320,1146200,168760,5207616,6490.696,1616.935,0,0,0,0,4938,3020,1.910,1.240,0.740,1,0,262.502,0,0,11,28,1,16,0
25-06 22:42:22,28.099,35.876,35.374,0.251,0,1395340,1162108,168772,5207644,9512.418,1625.711,0,1123.949,0,117.412,5596,3963,1.910,1.240,0.740,4,0,407.431,0,0,11,28,1,16,0
25-06 22:42:23,80.001,19.000,0,0,0,1545128,1012292,168780,5207664,11822.209,1694.030,0,180.003,0,14.000,4992,2757,1.910,1.240,0.740,5,0,157.003,0,0,11,28,1,16,0
25-06 22:42:24,85.335,9.509,4.755,0,0,1720712,836688,168780,5207684,37909.695,18274.171,0,308.307,0,2.002,5709,4299,1.910,1.240,0.740,2,0,0,0,0,11,32,2,16,0
25-06 22:42:25,74.821,8.979,15.712,0,0,1721684,835236,168816,5208124,42326.755,32342.637,0,438.950,0,57.862,8119,14001,1.910,1.240,0.740,5,0,29.928,0,0,11,29,1,17,0
25-06 22:42:26,81.731,17.800,0.251,0,0,1593368,963528,168816,5208148,14658.460,3681.413,0,304.862,0,25.071,6029,5464,2.160,1.310,0.770,6,0,280.794,0,0,11,28,1,17,0
25-06 22:42:27,89.255,9.448,0.746,0,0,1775360,781520,168820,5208156,21316.719,12551.356,0,385.859,0,10.939,5725,3837,2.160,1.310,0.770,7,0,0,0,0,11,31,1,17,0
25-06 22:42:28,79.889,9.798,10.049,0,0,1824888,731928,168820,5208216,43338.067,36534.934,0,1559.596,0,134.656,8420,12455,2.160,1.310,0.770,5,0,50.245,0,0,11,32,1,19,0
25-06 22:42:29,59.094,15.210,24.436,0,0,1503904,1052676,168824,5208448,25058.952,18976.983,0,430.864,0,39.895,7895,10668,2.160,1.310,0.770,2,0,238.372,0,0,11,28,1,22,0
25-06 22:42:30,43.188,7.240,48.930,0,0,1549380,1007184,168836,5208452,11121.134,1529.818,0,251.641,0,14.979,3044,1639,2.160,1.310,0.770,2,0,8.987,0,0,11,29,1,22,0
25-06 22:42:31,35.565,4.258,58.858,0,0,1549596,1006820,168836,5208596,18407.749,12115.212,0,176.323,0,9.017,3759,3481,2.140,1.320,0.770,1,0,1.002,0,0,11,30,1,22,0
25-06 22:42:32,40.172,3.992,54.394,0.250,0,1510808,1045576,168836,5208628,19220.576,9499.504,0,311.394,0,26.948,4917,4877,2.140,1.320,0.770,2,0,11.977,0,0,11,28,1,24,0
25-06 22:42:33,23.061,33.338,41.610,0,0,1468496,1087844,168844,5208628,9374.701,1624.280,0,477.258,0,25.066,5603,3841,2.140,1.320,0.770,3,0,364.962,0,0,11,28,1,24,0
25-06 22:42:34,65.363,10.017,24.793,0,0,1559020,997320,168844,5208628,10067.359,1696.926,0,220.380,0,10.017,3709,1562,2.140,1.320,0.770,3,0,4.007,0,0,11,28,1,22,0
25-06 22:42:35,52.611,5.984,40.393,0.499,0.249,1603112,953200,168852,5208644,26679.498,17270.362,0,1372.373,0,68.818,4931,4817,2.140,1.320,0.770,3,0,0,0,0,11,31,1,22,0
25-06 22:42:36,51.504,6.751,39.753,0.500,0,1533164,1023072,168868,5208704,33561.760,14124.162,0,424.035,0,50.004,7028,8361,2.210,1.350,0.790,4,0,36.003,0,0,11,28,1,23,0
25-06 22:42:37,73.169,22.051,4.510,0,0,1503444,1052764,168872,5208728,9650.337,1623.758,0,216.501,0,14.032,5260,3103,2.210,1.350,0.790,4,0,222.515,0,0,11,28,1,23,0
25-06 22:42:38,70.141,8.237,20.718,0,0.250,1640664,915520,168880,5208744,23859.079,14772.141,0,175.728,0,9.985,4882,3212,2.210,1.350,0.790,4,0,0,0,0,11,32,1,23,0
25-06 22:42:39,57.343,6.482,34.406,0.249,0,1648664,907456,168888,5208800,29596.762,21911.856,0,817.755,0,55.847,6843,8924,2.210,1.350,0.790,3,0,0,0,0,11,31,1,24,0
25-06 22:42:40,64.020,21.591,13.808,0,0,1526384,1029692,168892,5208836,20045.595,9058.227,0,341.441,0,28.119,6864,6954,2.210,1.350,0.790,3,0,325.373,0,0,11,28,1,26,0
25-06 22:42:41,64.546,8.506,26.269,0,0,1582824,973232,168900,5208848,10224.295,3594.565,0,148.106,0,7.005,3622,1605,2.280,1.370,0.800,3,0,1.001,0,0,11,29,1,26,0
25-06 22:42:42,49.567,5.231,44.336,0,0,1609672,946292,168900,5208940,24802.229,16054.596,0,111.587,0,7.971,4664,4647,2.280,1.370,0.800,2,0,0,0,0,11,31,1,26,0
25-06 22:42:43,49.900,11.785,36.108,0.251,0,1554044,1001612,168908,5209252,22911.779,14834.532,0,2647.949,0,156.470,6765,8116,2.280,1.370,0.800,5,0,162.488,0,0,11,28,1,28,0
25-06 22:42:44,63.896,15.974,19.718,0,0.250,1529968,1025664,168916,5209264,5858.435,1455.623,0,195.681,0,8.985,4130,2175,2.280,1.370,0.800,3,0,136.777,0,0,11,28,1,28,0
25-06 22:42:45,53.239,4.749,41.992,0,0,1604076,951540,168916,5209276,23091.398,13368.336,0,139.972,0,9.998,4097,2812,2.280,1.370,0.800,4,0,0,0,0,11,31,1,28,0
25-06 22:42:46,50.094,14.277,34.064,0.250,0,1559796,995456,168936,5209620,24249.424,16594.084,0,733.374,0,56.105,7534,9129,2.250,1.380,0.800,4,0,219.411,0,0,11,29,1,30,0
25-06 22:42:47,72.800,13.259,13.759,0,0,1551836,1003356,168936,5209672,8242.690,2539.753,0,168.116,0,10.007,4368,2434,2.250,1.380,0.800,3,0,68.047,0,0,11,28,1,31,0
25-06 22:42:48,52.330,6.728,39.870,0,0,1588540,966600,168940,5209692,35556.178,14679.183,0,255.169,0,7.974,4309,3500,2.250,1.380,0.800,2,0,5.981,0,0,11,31,1,31,0
25-06 22:42:49,56.343,6.260,36.059,0.250,0,1556956,997980,168968,5209864,23774.085,13764.629,0,657.080,0,58.096,6614,7517,2.250,1.380,0.800,4,0,18.030,0,0,11,28,1,33,0
25-06 22:42:50,59.169,16.727,23.468,0,0,1458756,1096124,169004,5209884,9832.494,1563.852,0,2216.955,0,131.819,4535,2773,2.250,1.380,0.800,3,0,93.871,0,0,11,28,1,33,0
25-06 22:42:51,56.509,6.501,36.006,0,0,1548812,1006056,169004,5209896,15082.498,8961.484,0,44.007,0,4.001,4045,2417,2.310,1.410,0.820,4,0,1.000,0,0,11,31,1,33,0
25-06 22:42:52,49.188,6.459,42.729,0,0,1551004,1003816,169008,5209936,23208.752,17067.714,0,103.344,0,8.943,5833,6707,2.310,1.410,0.820,4,0,0,0,0,11,30,2,33,0
25-06 22:42:53,50.486,22.606,26.373,0,0,1448388,1106368,169028,5209964,12498.430,3314.495,0,365.710,0,37.174,5808,4439,2.310,1.410,0.820,3,0,249.165,0,0,11,28,1,35,0
25-06 22:42:54,75.086,24.359,1.004,0,0,1545684,1009032,169036,5209992,8729.047,1627.279,0,208.935,0,19.085,5505,4119,2.310,1.410,0.820,7,0,385.725,0,0,11,28,1,35,0
25-06 22:42:55,82.499,17.250,0,0,0,1740116,814560,169040,5209856,20947.732,10251.869,0,483.994,0,28.000,6529,13471,2.310,1.410,0.820,7,0,395.995,0,0,11,30,1,36,0
25-06 22:42:56,81.201,17.240,1.249,0,0,1815760,738740,169048,5210196,38170.943,26928.734,0,179.891,0,13.992,7508,8611,2.610,1.490,0.840,6,0,422.745,0,0,11,32,1,37,0
25-06 22:42:57,77.550,18.262,3.502,0,0,1593440,960792,169064,5210444,40535.888,31050.831,0,536.343,0,48.031,7913,9265,2.610,1.490,0.840,6,0,402.257,0,0,11,28,1,37,0
25-06 22:42:58,87.750,12.000,0.250,0,0,1682652,871516,169072,5210496,14557.032,5537.012,0,192.000,0,15.000,5280,2927,2.610,1.490,0.840,5,0,37.000,0,0,11,29,1,34,0
25-06 22:42:59,78.359,7.736,12.228,0,0,1731292,822812,169072,5210560,47365.745,30407.269,0,147.734,0,9.982,6520,8687,2.610,1.490,0.840,5,0,0,0,0,11,32,1,35,0
25-06 22:43:00,66.366,17.531,16.278,0,0,1579736,974168,169072,5210756,33821.931,22885.876,0,140.244,0,16.028,8687,11865,2.610,1.490,0.840,3,0,367.641,0,0,11,31,1,38,0
25-06 22:43:01,14.920,18.153,63.907,0,0.249,1457736,1096136,169072,5210788,14504.197,4241.249,0,7.957,0,1.989,5053,4423,2.560,1.500,0.850,1,0,313.319,0,0,11,30,1,39,0
25-06 22:43:02,18.781,32.053,47.578,0,0,1452300,1101552,169072,5210808,8116.389,1622.677,0,24.040,0,6.010,5380,3560,2.560,1.500,0.850,3,0,352.582,0,0,11,30,1,38,0
25-06 22:43:03,62.981,32.118,5.018,0.251,0,1470832,1082980,169076,5210840,10038.761,1625.954,0,734.690,0,46.169,5682,4808,2.560,1.500,0.850,4,0,572.095,0,0,11,30,1,38,0
25-06 22:43:04,77.460,8.717,12.951,0,0,1636240,917552,169076,5210860,21722.653,13097.951,0,239.105,0,32.877,4863,3092,2.560,1.500,0.850,3,0,0.996,0,0,11,35,1,38,0
25-06 22:43:05,64.073,9.010,25.529,0.250,0,1618916,934688,169080,5211040,26061.800,16727.126,0,1069.223,0,35.040,6877,7665,2.560,1.500,0.850,3,0,67.077,0,0,11,35,1,39,0
25-06 22:43:06,72.149,15.031,12.275,0,0.251,1536740,1016812,169092,5211080,15645.336,7640.792,0,384.795,0,39.081,6250,6037,2.600,1.520,0.860,4,0,164.340,0,0,11,32,1,41,0
25-06 22:43:07,80.043,9.755,10.005,0,0,1626780,926752,169096,5211096,16709.877,10088.360,0,148.079,0,7.004,4704,2671,2.600,1.520,0.860,5,0,37.020,0,0,11,34,1,41,0
25-06 22:43:08,64.887,6.712,26.601,0,0,1660336,893012,169096,5211280,31301.100,23931.280,0,147.178,0,7.956,7504,9094,2.600,1.520,0.860,3,0,0,0,0,11,36,1,41,0
25-06 22:43:09,54.815,6.257,37.294,0,0,1662676,890544,169112,5211380,35528.140,25749.541,0,248.294,0,20.024,9471,13466,2.600,1.520,0.860,3,0,0,0,0,11,35,1,41,0
25-06 22:43:10,70.303,12.303,16.320,0.251,0,1590164,962864,169132,5211548,30381.068,20013.340,0,349.508,0,38.165,8081,11016,2.600,1.520,0.860,5,0,60.260,0,0,11,33,1,40,0
25-06 22:43:11,79.694,11.742,9.243,0,0,1587496,965468,169148,5211596,28478.948,6860.170,0,223.842,0,22.984,4973,3155,2.710,1.560,0.880,5,0,60.957,0,0,11,34,1,40,0
25-06 22:43:12,70.244,7.722,20.425,0,0,1647552,905240,169152,5211764,28944.329,22319.515,0,143.476,0,8.967,6235,8217,2.710,1.560,0.880,3,0,0,0,0,11,36,1,40,0
25-06 22:43:13,55.923,6.771,35.109,0,0,1655512,897176,169156,5211856,35856.218,26004.661,0,140.436,0,9.028,9569,12022,2.710,1.560,0.880,2,0,0,0,0,11,36,1,40,0
25-06 22:43:14,63.266,12.003,23.006,0,0.250,1561892,990576,169160,5212068,32038.137,22282.660,0,3620.920,0,184.047,8316,11206,2.710,1.560,0.880,5,0,134.034,0,0,11,34,1,42,0
25-06 22:43:15,80.585,15.016,4.505,0,0,1534240,1018196,169168,5212092,14479.276,7641.061,0,120.127,0,6.006,5507,4574,2.710,1.560,0.880,4,0,126.133,0,0,11,32,1,38,0
25-06 22:43:16,74.831,7.955,16.408,0,0,1649508,902892,169172,5212120,25208.796,15322.175,0,115.354,0,7.955,5294,3862,2.730,1.590,0.890,3,0,0,0,0,11,35,2,38,0
25-06 22:43:17,60.935,7.523,30.342,0,0,1657344,894828,169176,5212340,38624.218,30126.428,0,120.365,0,9.027,8750,12339,2.730,1.590,0.890,3,0,0,0,0,11,35,1,39,0
25-06 22:43:18,78.614,12.268,9.263,0.250,0,1556060,995936,169188,5212504,18126.216,11980.327,0,320.463,0,36.052,6435,7633,2.730,1.590,0.890,5,0,121.175,0,0,11,32,1,40,0
25-06 22:43:19,79.871,9.235,10.483,0,0,1627192,924780,169192,5212520,17504.628,9303.920,0,1757.152,0,129.790,4845,2219,2.730,1.590,0.890,2,0,6.989,0,0,11,35,1,39,0
25-06 22:43:20,66.059,9.508,24.272,0,0,1640296,911636,169204,5212548,27294.228,17081.162,0,344.306,0,36.032,6417,7200,2.730,1.590,0.890,4,0,60.053,0,0,11,34,1,41,0
25-06 22:43:21,73.531,11.255,13.756,0,0,1600696,951060,169212,5212716,28263.074,18663.974,0,156.067,0,8.003,6007,8528,2.750,1.610,0.900,3,0,61.026,0,0,11,34,1,41,0
25-06 22:43:22,69.134,8.735,20.965,0,0,1640336,911344,169216,5212784,28554.201,19463.419,0,111.813,0,7.987,6380,6735,2.750,1.610,0.900,4,0,81.863,0,0,11,34,1,43,0
25-06 22:43:23,71.119,12.270,16.277,0,0,1641132,910484,169216,5212840,31264.127,13288.155,0,128.214,0,10.017,5946,6974,2.750,1.610,0.900,4,0,59.099,0,0,11,33,1,43,0
25-06 22:43:24,74.765,11.752,13.253,0.250,0,1575596,976004,169224,5212848,22809.669,10259.100,0,208.043,0,10.002,4931,3059,2.750,1.610,0.900,5,0,86.018,0,0,11,34,1,44,0
25-06 22:43:25,80.028,7.230,12.216,0,0,1599812,951604,169228,5213028,22220.298,13130.539,0,139.612,0,6.981,5636,5265,2.750,1.610,0.900,5,0,8.975,0,0,11,33,1,46,0
25-06 22:43:26,70.920,12.193,16.175,0,0,1630180,921072,169228,5213188,22566.062,16661.520,0,0,0,0,5560,5837,2.930,1.670,0.930,5,0,58.727,0,0,11,34,1,46,0
25-06 22:43:27,61.238,11.294,27.105,0,0,1604444,946748,169244,5213228,23590.780,15072.640,0,433.687,0,39.152,5575,5812,2.930,1.670,0.930,3,0,79.309,0,0,11,34,1,47,0
25-06 22:43:28,52.217,15.565,30.878,0.251,0,1536156,1014996,169276,5213236,12533.995,4356.070,0,353.466,0,36.150,5208,4278,2.930,1.670,0.930,3,0,179.746,0,0,11,32,1,49,0
25-06 22:43:29,62.614,8.980,28.189,0,0,1573748,977380,169284,5213252,13332.048,3584.216,0,215.532,0,12.972,3756,1551,2.930,1.670,0.930,2,0,0,0,0,11,33,1,49,0
25-06 22:43:30,53.312,6.007,39.296,0.250,0,1610616,940440,169288,5213316,25666.010,18250.339,0,188.220,0,13.015,4978,5078,2.930,1.670,0.930,3,0,0,0,0,11,35,1,49,0
25-06 22:43:31,53.276,11.506,34.266,0,0,1587780,963108,169288,5213484,20637.884,14630.007,0,112.054,0,8.004,6632,7381,2.860,1.670,0.930,4,0,97.046,0,0,11,32,1,47,0
25-06 22:43:32,59.549,16.013,23.769,0,0,1544964,1005900,169288,5213504,14333.696,1687.377,0,160.131,0,8.007,4355,2097,2.860,1.670,0.930,3,0,86.070,0,0,11,32,1,47,0
25-06 22:43:33,54.654,5.241,39.181,0,0,1619132,931716,169288,5213520,22360.684,13774.780,0,103.817,0,6.988,3891,2251,2.860,1.670,0.930,3,0,0,0,0,11,35,1,47,0
25-06 22:43:34,56.221,6.247,35.232,0,0,1589728,961044,169288,5213592,38344.054,16238.553,0,771.599,0,49.974,7432,8449,2.860,1.670,0.930,2,0,12.993,0,0,11,34,1,48,0
25-06 22:43:35,35.711,13.985,47.699,0,0,1453528,1097204,169292,5213624,14460.388,6780.680,0,2765.015,0,156.831,5718,5293,2.860,1.670,0.930,4,0,166.820,0,0,11,32,1,48,0
25-06 22:43:36,41.787,9.508,48.292,0.250,0,1481224,1069504,169296,5213624,10985.630,1621.421,0,1277.120,0,10.009,3333,1678,2.870,1.700,0.940,4,0,41.036,0,0,11,32,1,48,0
25-06 22:43:37,33.859,3.734,60.996,0,0,1519488,1031220,169300,5213640,18352.695,12037.950,0,227.056,0,16.930,3413,3074,2.870,1.700,0.940,4,0,0,0,0,11,34,1,48,0
25-06 22:43:38,41.136,6.522,50.668,0,0.251,1473900,1076668,169304,5213776,14038.489,8747.969,0,168.558,0,14.047,5360,5567,2.870,1.700,0.940,3,0,37.123,0,0,11,32,1,50,0
25-06 22:43:39,36.541,15.517,46.802,0,0,1472308,1078252,169304,5213780,6230.915,1513.680,0,160.178,0,9.010,3723,2065,2.870,1.700,0.940,2,0,101.112,0,0,11,32,1,49,0
25-06 22:43:40,36.738,4.249,57.730,0,0,1545740,1004676,169304,5213920,15345.814,8631.083,0,103.965,0,6.998,3195,2101,2.870,1.700,0.940,1,0,0,0,0,11,34,1,49,0
25-06 22:43:41,38.496,4.250,55.244,0.500,0,1537852,1012408,169312,5214064,24670.175,10245.827,0,439.950,0,37.996,4339,4240,2.880,1.720,0.950,1,0,1.000,0,0,11,33,1,50,0
25-06 22:43:42,36.827,12.526,50.355,0,0,1474240,1076012,169312,5214072,14160.448,2905.041,0,116.242,0,13.027,4028,2905,2.880,1.720,0.950,2,0,65.135,0,0,11,32,1,51,0
25-06 22:43:43,43.272,4.502,51.276,0,0,1581672,968576,169312,5214076,9959.986,3667.836,0,112.056,0,8.004,2733,1352,2.880,1.720,0.950,1,0,0,0,0,11,33,1,47,0
25-06 22:43:44,37.630,4.486,56.321,0,0.249,1570168,980064,169312,5214092,27610.226,13013.629,0,171.455,0,32.895,4484,4118,2.880,1.720,0.950,2,0,0,0,0,11,34,1,47,0
25-06 22:43:45,40.522,4.502,53.529,0.500,0,1519528,1030656,169312,5214140,19526.609,10415.659,0,124.067,0,17.009,5180,5170,2.880,1.720,0.950,2,0,5.003,0,0,11,32,1,49,0
25-06 22:43:46,40.825,10.269,48.338,0,0.250,1471468,1078708,169320,5214140,17886.657,1622.963,0,152.278,0,10.018,3254,1784,2.730,1.710,0.950,2,0,43.079,0,0,11,32,1,49,0
25-06 22:43:47,36.473,4.746,56.957,0,0,1487776,1062352,169320,5214188,13606.796,8855.359,0,111.916,0,6.995,2966,1816,2.730,1.710,0.950,2,0,0,0,0,11,34,1,45,0
25-06 22:43:48,42.823,5.726,50.292,0,0,1488112,1061972,169332,5214216,19379.682,10232.591,0,474.035,0,33.860,5125,5117,2.730,1.710,0.950,2,0,5.975,0,0,11,34,1,45,0
25-06 22:43:49,37.186,5.779,55.527,0.251,0.251,1362876,1187188,169332,5214236,17179.811,8143.676,0,180.904,0,25.125,4676,4473,2.730,1.710,0.950,2,0,18.090,0,0,11,32,1,47,0
25-06 22:43:50,30.568,23.858,43.490,0,0,1421012,1128856,169340,5214424,11527.189,1610.387,0,119.288,0,8.947,5309,3036,2.730,1.710,0.950,2,0,251.499,0,0,11,32,1,47,0
25-06 22:43:51,18.320,3.012,77.295,0,0,1418520,1131340,169340,5214432,14187.196,8371.982,0,0,0,0,2724,2459,2.510,1.680,0.950,0,0,12.046,0,0,11,33,1,45,0
25-06 22:43:52,19.500,2.250,76.750,0.250,0,1413072,1136748,169360,5214452,18296.059,5620.018,0,464.001,0,28.000,3202,3419,2.510,1.680,0.950,1,0,0,0,0,11,32,1,46,0
25-06 22:43:53,8.003,21.758,67.774,0.250,0,1365712,1184096,169360,5214460,7915.803,1620.574,0,124.044,0,12.004,4809,3126,2.510,1.680,0.950,3,0,270.096,0,0,11,32,1,46,0
25-06 22:43:54,20.750,6.000,71.000,0.500,0,1401428,1148392,169380,5214456,7753.969,1619.993,0,1475.994,0,91.000,2292,2049,2.510,1.680,0.950,1,0,15.000,0,0,11,32,1,46,0
25-06 22:43:55,21.923,4.484,72.745,0.249,0,1427612,1122188,169384,5215080,18800.209,6639.764,0,1961.137,0,147.484,2694,4729,2.510,1.680,0.950,3,0,33.881,0,0,11,33,1,46,0
25-06 22:43:56,27.590,5.016,65.212,0,0,1423808,1125968,169388,5214492,16604.919,7432.134,0,288.938,0,18.059,4196,11486,2.470,1.680,0.950,1,0,2.007,0,0,11,32,1,45,0
25-06 22:43:57,19.753,6.751,72.511,0,0,1404516,1145260,169388,5214492,6730.989,1458.214,0,4.001,0,1.000,2327,1521,2.470,1.680,0.950,1,0,46.007,0,0,11,32,1,45,0
25-06 22:43:58,19.498,2.250,76.744,0,0,1422216,1127556,169388,5214496,24474.981,3976.672,0,87.993,0,4.000,1752,1246,2.470,1.680,0.950,1,0,0,0,0,11,33,1,45,0
25-06 22:43:59,21.001,3.000,75.505,0,0,1416868,1132892,169388,5214508,13820.835,7674.463,0,4.000,0,1.000,3208,3379,2.470,1.680,0.950,2,0,0,0,0,11,33,1,45,0
25-06 22:44:00,20.714,2.496,75.121,0.499,0,1412168,1137560,169396,5214528,16873.069,6837.277,0,303.480,0,37.935,3607,3721,2.470,1.680,0.950,1,0,0,0,0,11,33,1,43,0
25-06 22:44:01,13.525,14.777,68.876,0,0.250,1357768,1191888,169396,5214600,8934.309,2088.813,0,100.183,0,13.024,3966,2718,2.350,1.670,0.960,4,0,169.309,0,0,11,32,1,43,0
25-06 22:44:02,8.499,22.248,66.245,0,0.250,1371224,1178352,169396,5214676,7558.484,1619.889,0,0,0,0,4660,2920,2.350,1.670,0.960,1,0,230.984,0,0,11,32,1,43,0
25-06 22:44:03,22.505,23.505,51.261,0,0.500,1386488,1163040,169428,5214688,10502.293,1458.318,0,480.105,0,33.007,4877,3254,2.350,1.670,0.960,2,0,227.050,0,0,11,32,1,45,0
25-06 22:44:04,44.753,5.750,49.253,0.250,0,1495776,1053452,169456,5214956,10439.707,1620.110,36.002,316.021,1.000,12.001,2737,1544,2.350,1.670,0.960,2,0,0,0,0,11,32,1,41,0
25-06 22:44:05,41.200,6.701,44.923,5.212,0,1554528,991036,169800,5217928,12620.230,1608.305,432.852,7016.975,16.877,626.445,6395,8443,2.350,1.670,0.960,2,1,28.791,0,0,11,36,1,41,0
25-06 22:44:06,37.105,7.772,39.362,11.783,0,1513032,1028800,170420,5220680,7782.080,1624.609,0,18745.185,0,1735.925,10426,16884,2.480,1.710,0.970,3,1,55.156,0,0,11,36,1,41,0
25-06 22:44:07,37.600,9.275,38.602,11.280,0,1537328,1002224,170832,5222456,8339.109,1624.306,0,23365.948,0,2063.471,10881,18246,2.480,1.710,0.970,4,0,50.133,0,0,11,36,1,41,0
25-06 22:44:08,36.487,7.747,38.236,12.495,0,1518752,1019108,171296,5223636,10564.140,1619.408,0,33103.904,0,2603.049,13028,22226,2.480,1.710,0.970,3,0,33.988,0,0,11,36,1,37,0
25-06 22:44:09,39.828,7.765,40.830,9.018,0,1538908,999048,171432,5223384,20766.665,1623.179,0,14885.148,0,1388.719,8787,13991,2.480,1.710,0.970,2,0,6.012,0,0,11,36,1,37,0
25-06 22:44:10,44.493,7.499,43.243,3.250,0,1544620,993300,171468,5223384,6787.961,1457.777,0,12722.053,0,838.872,4564,4529,2.480,1.710,0.970,2,0,6.999,0,0,11,32,1,37,0
25-06 22:44:11,45.193,5.243,46.941,1.498,0,1539560,998280,171488,5223444,10620.542,1617.950,0,1685.864,0,218.723,4277,4259,2.450,1.710,0.980,1,0,2.996,0,0,11,34,1,37,0
25-06 22:44:12,38.322,8.516,42.580,7.264,0,1557336,980012,171768,5223648,10843.265,1623.033,0,13934.042,0,1605.000,9966,16587,2.450,1.710,0.980,2,1,0,0,0,11,34,1,37,0
25-06 22:44:13,39.189,8.487,42.434,7.988,0,1604064,932700,172108,5223876,11234.594,1455.745,0,7001.153,0,1174.181,9367,14533,2.450,1.710,0.980,1,1,1.997,0,0,11,34,1,37,0
25-06 22:44:14,36.284,11.260,49.296,1.251,0,1483188,1053468,172132,5223956,7588.053,1621.507,40.037,1777.652,3.003,226.210,4813,4247,2.450,1.710,0.980,1,0,99.092,0,0,11,32,1,37,0
25-06 22:44:15,22.507,3.501,73.273,0.250,0,1536428,1000228,172132,5223956,10422.227,1458.452,0,760.235,0,45.014,1991,1673,2.450,1.710,0.980,1,0,0,0,0,11,32,1,37,0
25-06 22:44:16,22.748,3.750,70.493,1.750,0,1558212,978336,172232,5223960,11174.852,1619.834,0,7407.239,0,410.958,2748,3052,2.330,1.700,0.980,1,0,2.000,0,0,11,32,1,33,0
25-06 22:44:17,21.497,3.999,73.490,0,0,1517548,1018984,172236,5223972,10732.534,1619.779,0,151.979,0,16.998,1872,1351,2.330,1.700,0.980,1,0,1.000,0,0,11,32,1,33,0
25-06 22:44:18,22.742,3.249,73.473,0,0,1550524,986008,172236,5223972,8698.756,1457.457,0,51.981,0,3.999,1808,1270,2.330,1.700,0.980,1,0,1.999,0,0,11,32,1,33,0
25-06 22:44:19,23.510,2.251,73.280,0,0,1512848,1023588,172244,5224048,10512.358,1620.672,0,0,0,0,1797,1185,2.330,1.700,0.980,1,0,1.000,0,0,11,32,1,33,0
25-06 22:44:20,22.752,3.250,73.505,0,0,1557836,978596,172244,5224048,9285.625,1620.109,0,1772.119,0,168.011,1884,1328,2.330,1.700,0.980,1,0,0,0,0,11,32,1,30,0
25-06 22:44:21,22.252,3.500,73.255,0,0,1573844,962584,172244,5224048,21581.510,1458.102,0,0,0,0,1844,1225,2.220,1.690,0.980,1,0,3.000,0,0,11,32,1,30,0
25-06 22:44:22,23.000,2.500,72.749,0.250,0,1505824,1030516,172248,5224144,9105.934,1619.988,0,287.998,0,20.000,1966,1531,2.220,1.690,0.980,1,0,1.000,0,0,11,32,1,30,0
25-06 22:44:23,22.748,3.250,73.743,0,0,1473704,1062600,172260,5224168,10289.972,1693.831,0,355.964,0,22.998,1933,1461,2.220,1.690,0.980,1,0,1.000,0,0,11,32,1,30,0
25-06 22:44:24,21.998,3.000,73.244,0,0,1499224,1037080,172260,5224168,9628.169,1693.854,0,0,0,0,1846,1374,2.220,1.690,0.980,1,0,0,0,0,11,32,1,25,0
25-06 22:44:25,22.753,3.751,74.011,0,0,1530716,1005588,172260,5224168,10450.573,1694.255,0,0,0,0,1797,1160,2.220,1.690,0.980,1,0,2.000,0,0,11,32,1,25,0
25-06 22:44:26,22.509,3.001,73.281,0.250,0,1492808,1043476,172268,5224180,11888.959,1694.707,0,232.097,0,52.022,1853,1283,2.120,1.680,0.980,1,0,1.000,0,0,11,32,1,25,0
25-06 22:44:27,22.750,2.500,74.001,0,0,1498584,1037616,172272,5224228,7999.083,1694.018,0,0,0,0,1758,1224,2.120,1.680,0.980,1,0,1.000,0,0,11,32,1,25,0
25-06 22:44:28,21.996,3.499,73.486,0,0,1479740,1056460,172272,5224228,5733.901,1573.698,0,111.979,0,2.999,1756,1317,2.120,1.680,0.980,1,0,0,0,0,11,32,1,19,0
25-06 22:44:29,22.544,3.256,73.895,0,0,1505024,1031176,172272,5224228,10558.695,1623.181,0,4.008,0,1.002,1775,1184,2.120,1.680,0.980,1,0,2.004,0,0,11,32,1,19,0
25-06 22:44:30,10.722,17.454,69.816,0,0.249,1454984,1081052,172280,5224376,7757.516,1689.539,0,87.768,0,0.997,4335,2905,2.120,1.680,0.980,1,0,212.439,0,0,11,32,1,19,0
25-06 22:44:31,8.746,21.489,67.716,0,0,1453180,1082844,172280,5224388,10235.851,1499.246,0,647.674,0,31.984,4797,3127,2.110,1.680,0.990,3,0,250.874,0,0,11,32,1,19,0
25-06 22:44:32,9.245,20.240,67.716,0,0.750,1434212,1101616,172284,5224548,10152.871,1619.182,0,555.719,0,18.990,4877,3428,2.110,1.680,0.990,1,0,213.892,0,0,11,32,1,16,0
25-06 22:44:33,8.759,20.271,67.570,0.250,0,1423492,1112308,172288,5224572,19045.621,1621.671,0,676.697,0,32.033,4676,3178,2.110,1.680,0.990,1,0,227.234,0,0,11,32,1,16,0
25-06 22:44:34,8.253,21.508,68.027,0,0,1420128,1115656,172288,5224588,10888.268,1532.601,0,88.035,0,1.000,4749,3092,2.110,1.680,0.990,2,0,229.090,0,0,11,32,1,16,0
25-06 22:44:35,9.272,19.045,69.165,0,0,1414748,1121016,172288,5224604,9289.181,1623.878,0,1932.615,0,17.041,4709,3154,2.110,1.680,0.990,1,0,236.565,0,0,11,32,1,16,0
25-06 22:44:36,22.442,3.491,73.311,0,0,1473704,1062076,172288,5224588,10952.718,1615.828,0,438.867,0,93.758,1899,1378,2.100,1.690,0.990,1,0,0,0,0,11,32,1,13,0
25-06 22:44:37,22.256,3.251,73.520,0,0,1500416,1035364,172288,5224588,9237.570,1620.451,0,16.004,0,1.000,1795,1203,2.100,1.690,0.990,3,0,2.001,0,0,11,32,1,13,0
25-06 22:44:38,22.000,4.000,73.499,0,0,1495196,1040584,172288,5224588,11259.884,1619.983,0,195.998,0,4.000,1909,1357,2.100,1.690,0.990,3,0,1.000,0,0,11,32,1,13,0
25-06 22:44:39,22.504,3.001,73.763,0,0,1560716,975064,172288,5224588,12197.106,1620.280,0,0,0,0,1866,1264,2.100,1.690,0.990,2,0,2.000,0,0,11,32,1,13,0
25-06 22:44:40,22.750,3.000,73.501,0,0.250,1509100,1026660,172288,5224608,8017.132,1500.025,0,20.000,0,1.000,1807,1283,2.100,1.690,0.990,2,0,1.000,0,0,11,32,1,13,0
25-06 22:44:41,22.500,3.500,73.251,0,0,1525380,1010392,172288,5224596,6139.101,1620.027,0,304.005,0,3.000,1845,1271,2.100,1.700,1,3,0,3.000,0,0,11,32,1,11,0
25-06 22:44:42,22.726,2.997,73.172,0,0.250,1493228,1042552,172292,5224584,9397.013,1618.280,0,135.856,0,11.987,2065,1700,2.100,1.700,1,2,0,1.998,0,0,11,32,1,11,0
25-06 22:44:43,22.774,3.504,73.326,0.250,0,1514696,1021084,172292,5224584,9799.199,1695.765,0,304.317,0,22.023,1809,1286,2.100,1.700,1,2,0,0,0,0,11,32,1,11,0
25-06 22:44:44,21.244,4.749,73.728,0,0,1541288,994492,172292,5224584,21891.342,1619.507,0,23.993,0,1.000,1811,1207,2.100,1.700,1,3,0,1.999,0,0,11,32,1,11,0
25-06 22:44:45,22.259,3.251,73.779,0.250,0,1499044,1036712,172292,5224608,8826.487,1620.640,0,216.085,0,38.015,1876,1389,2.100,1.700,1,2,0,3.001,0,0,11,32,1,9,0
25-06 22:44:46,22.500,3.500,73.499,0,0,1551472,984296,172292,5224596,9783.916,1619.986,0,0,0,0,1825,1288,2.010,1.680,1,2,0,2.000,0,0,11,32,1,9,0
25-06 22:44:47,22.996,3.249,73.236,0,0,1511180,1024536,172292,5224644,8581.402,1619.698,0,15.997,0,2.000,1775,1276,2.010,1.680,1,3,0,1.000,0,0,11,32,1,9,0
25-06 22:44:48,23.246,4.499,71.487,0,0,1523292,1012440,172292,5224616,6080.927,1457.743,0,0,0,0,1940,1268,2.010,1.680,1,3,0,7.999,0,0,11,32,1,9,0
25-06 22:44:49,23.505,2.250,74.016,0,0,1498568,1037136,172292,5224644,10421.198,1620.342,0,28.006,0,1.000,1728,1171,2.010,1.680,1,2,0,1.000,0,0,11,32,1,7,0
25-06 22:44:50,23.003,2.750,73.259,0,0.250,1530868,1004916,172292,5224564,12060.542,1620.207,0,0,0,0,1767,1230,2.010,1.680,1,3,0,0,0,0,11,32,1,7,0
25-06 22:44:51,21.500,4.000,73.750,0,0,1557020,978764,172292,5224564,8484.018,1620.003,0,156.000,0,4.000,1728,1150,1.930,1.670,1,2,0,2.000,0,0,11,32,1,7,0
25-06 22:44:52,23.491,2.749,72.473,0.250,0,1499672,1036012,172296,5224660,12565.261,1619.389,0,363.863,0,44.983,2033,1647,1.930,1.670,1,3,0,1.999,0,0,11,32,1,7,0
25-06 22:44:53,22.507,3.001,73.023,0.250,0.250,1503200,1032452,172328,5224660,8789.747,1620.506,0,1972.616,0,107.033,1963,1678,1.930,1.670,1,2,0,1.000,0,0,11,32,1,4,0
25-06 22:44:54,22.251,4.000,73.754,0,0,1505004,1030668,172328,5224640,9716.511,1620.085,0,0,0,0,1743,1202,1.930,1.670,1,2,0,0,0,0,11,32,1,4,0
25-06 22:44:55,22.996,2.750,73.737,0,0,1532336,1003336,172328,5224640,10970.101,1619.720,0,19.997,0,1.000,1681,1039,1.930,1.670,1,3,0,2.000,0,0,11,32,1,4,0
25-06 22:44:56,31.255,7.751,60.010,0,0,1484696,1050964,172328,5224636,18545.191,1552.267,0,404.070,0,65.011,2970,11934,1.850,1.660,1,2,0,37.006,0,0,11,32,1,5,0
25-06 22:44:57,22.998,2.750,72.994,0,0,1496444,1039192,172328,5224660,9827.196,1619.867,0,147.988,0,27.998,1782,1208,1.850,1.660,1,2,0,1.000,0,0,11,32,1,3,0
25-06 22:44:58,22.749,3.000,73.746,0,0,1542504,993148,172328,5224648,10444.391,1619.906,0,63.996,0,2.000,1852,1351,1.850,1.660,1,2,0,0,0,0,11,32,1,3,0
25-06 22:44:59,22.505,3.001,73.515,0,0.250,1562536,973116,172328,5224648,7546.532,1694.344,0,16.003,0,2.000,1739,1167,1.850,1.660,1,2,0,2.000,0,0,11,32,1,3,0
25-06 22:45:00,8.499,21.247,68.241,0,0,1514660,1020944,172328,5224692,10549.597,1619.785,0,143.981,0,5.999,4715,2998,1.850,1.660,1,2,0,234.969,0,0,11,32,1,3,0
25-06 22:45:01,8.247,22.243,66.478,0,0.250,1497808,1037780,172332,5224704,8520.197,1619.467,0,387.872,0,43.986,4668,2979,1.700,1.630,0.990,1,0,227.925,0,0,11,32,1,3,0
25-06 22:45:02,21.752,4.000,73.258,0,0.250,1494560,1041028,172332,5224704,10429.103,1620.171,0,0,0,0,1925,1403,1.700,1.630,0.990,1,0,1.000,0,0,11,32,1,3,0
25-06 22:45:03,23.748,2.500,73.745,0,0,1531456,1004120,172332,5224716,10007.356,1619.896,0,0,0,0,1759,1137,1.700,1.630,0.990,1,0,0,0,0,11,32,1,3,0
25-06 22:45:04,22.767,3.252,73.303,0,0,1519408,1015916,172332,5224960,6424.663,1459.059,0,0,0,0,1890,1287,1.700,1.630,0.990,1,0,9.007,0,0,11,32,1,3,0
25-06 22:45:05,22.496,2.749,73.737,0,0,1572608,962708,172332,5224968,10585.072,1619.705,0,7.999,0,2.000,1766,1227,1.700,1.630,0.990,1,0,0,0,0,11,32,1,1,0
25-06 22:45:06,17.994,14.245,65.727,0,0.250,1539668,995520,172332,5225088,10910.221,1619.439,39.986,295.897,1.999,31.989,3432,2204,1.650,1.620,0.990,1,0,150.948,0,0,11,32,1,1,0
25-06 22:45:07,8.994,20.486,68.453,0,0.500,1510304,1024856,172332,5225116,6174.762,1457.000,0,83.942,0,2.998,4649,2961,1.650,1.620,0.990,2,0,225.845,0,0,11,32,1,1,0
25-06 22:45:08,9.003,20.508,68.025,0,0,1480936,1054212,172332,5225128,23106.507,1620.597,0,112.041,0,4.001,4724,2995,1.650,1.620,0.990,1,0,224.082,0,0,11,32,1,1,0
25-06 22:45:09,8.998,20.745,67.234,0,1.000,1470804,1064324,172332,5225144,7537.254,1457.662,0,39.991,0,2.000,4661,2938,1.650,1.620,0.990,1,0,232.946,0,0,11,32,1,1,0
25-06 22:45:10,9.506,21.513,66.541,0,0,1453968,1081144,172332,5225156,10312.305,1620.991,0,176.108,0,2.001,4834,3042,1.650,1.620,0.990,2,0,241.147,0,0,11,32,1,1,0
25-06 22:45:11,8.500,21.499,66.748,0.250,0.750,1428972,1106124,172332,5225168,7655.715,1619.940,0,103.996,0,4.000,4692,3001,1.600,1.610,0.990,1,0,230.991,0,0,11,32,1,1,0
25-06 22:45:12,8.001,21.502,67.507,0,0.500,1421404,1113664,172332,5225188,5960.638,1458.156,0,352.038,0,4.000,4617,2945,1.600,1.610,0.990,1,0,222.024,0,0,11,32,1,1,0
25-06 22:45:13,8.999,21.247,66.992,0,0.250,1414568,1120488,172332,5225200,10203.729,1619.798,0,615.923,0,6.999,4762,2972,1.600,1.610,0.990,1,0,236.970,0,0,11,32,1,1,0
25-06 22:45:14,8.995,20.988,66.961,0,0.500,1406812,1128236,172332,5225208,11934.987,1457.144,0,527.690,0,5.996,4700,2891,1.600,1.610,0.990,2,0,226.867,0,0,11,32,1,1,0
25-06 22:45:15,8.505,21.513,67.290,0,0.500,1393104,1141932,172332,5225220,6520.908,1620.971,0,528.317,0,6.004,4664,2889,1.600,1.610,0.990,1,0,226.136,0,0,11,32,1,1,0
25-06 22:45:16,9.493,20.985,67.202,0,0.500,1388144,1146876,172336,5225232,12716.873,1618.838,0,599.570,0,7.994,4772,2921,1.470,1.580,0.990,1,0,227.836,0,0,11,32,1,1,0
25-06 22:45:17,8.249,20.248,68.744,0,0.500,1379268,1155736,172336,5225244,9447.114,1619.848,0,395.963,0,5.999,4657,2951,1.470,1.580,0.990,1,0,219.979,0,0,11,32,1,1,0
25-06 22:45:18,7.505,21.014,68.045,0,0.250,1384160,1150828,172336,5225260,10019.642,1621.075,0,84.056,0,3.002,4684,2971,1.470,1.580,0.990,2,0,223.148,0,0,11,32,1,1,0
25-06 22:45:19,8.746,19.742,68.472,0,0.750,1380268,1154700,172336,5225280,18007.734,1619.347,0,111.955,0,3.998,4548,2956,1.470,1.580,0.990,1,0,218.912,0,0,11,32,1,1,0
25-06 22:45:20,8.004,20.760,68.534,0,0.250,1377444,1157512,172336,5225292,7924.959,1458.729,0,112.056,0,4.002,4676,2972,1.470,1.580,0.990,1,0,222.111,0,0,11,32,1,1,0
25-06 22:45:21,8.732,20.957,67.860,0,0.748,1376396,1158536,172336,5225312,10623.023,1616.655,0,271.438,0,5.988,4651,2898,1.430,1.570,0.990,1,0,208.569,0,0,11,32,1,1,0
25-06 22:45:22,9.018,22.043,66.129,0,0.250,1373960,1160960,172336,5225324,8023.605,1623.157,0,685.333,0,77.150,4788,2966,1.430,1.570,0.990,1,0,241.470,0,0,11,32,1,1,0
25-06 22:45:23,8.502,21.504,67.762,0,0.500,1369512,1165392,172336,5225340,9899.749,1316.232,0,28.005,0,7.001,4697,2865,1.430,1.570,0.990,1,0,226.040,0,0,11,32,1,1,0
25-06 22:45:24,10.500,18.251,69.252,0,0.500,1316916,1217940,172352,5225016,9504.327,1424.049,0,8.000,0,2.000,4569,3008,1.430,1.570,0.990,1,0,177.006,0,0,11,32,1,1,0
25-06 22:45:25,14.464,25.936,56.361,0,0.499,1327284,1207556,172352,5225376,10212.812,1689.832,0,351.134,0,17.956,5360,3692,1.430,1.570,0.990,2,0,330.186,0,0,11,32,1,3,0
25-06 22:45:26,29.556,27.051,41.578,0.501,0.501,1376480,1158324,172364,5225396,7902.868,1697.193,0,432.814,0,24.045,5448,3559,1.480,1.580,1,5,0,260.490,0,0,11,32,1,3,0
25-06 22:45:27,55.377,24.556,19.795,0,0,1471384,1063384,172400,5225392,10688.476,1631.737,0,424.973,0,33.076,5356,4030,1.480,1.580,1,3,0,310.711,0,0,11,32,1,7,0
25-06 22:45:28,67.038,8.505,24.014,0.500,0,1626576,904428,172612,5228444,6430.624,1682.948,16.009,2289.290,1.001,169.095,4281,2408,1.480,1.580,1,3,0,3.002,0,0,11,34,1,7,0
25-06 22:45:29,34.959,8.182,38.678,13.885,0,1633992,888076,173220,5236032,11926.801,1606.637,424.470,25202.384,8.926,1958.709,11830,20076,1.480,1.580,1,7,0,79.340,0,0,11,38,1,8,0
25-06 22:45:30,30.637,10.547,39.427,14.063,0,1632432,885304,173636,5239784,8474.985,1538.897,0,42771.703,0,3032.592,13204,23624,1.480,1.580,1,4,0,42.189,0,0,11,38,1,8,0
25-06 22:45:31,34.027,15.512,30.024,14.512,0.500,1601008,912804,173888,5243292,25365.352,1663.335,0,38210.659,0,2603.089,12168,21044,1.600,1.610,1.010,3,1,84.067,0,0,11,36,1,8,0
25-06 22:45:32,44.489,8.748,28.743,14.996,0,1636540,871120,174080,5249080,9107.809,2200.471,0,37099.075,0,2939.293,12675,22425,1.600,1.610,1.010,2,1,57.986,0,0,11,37,1,8,0
25-06 22:45:33,39.526,11.007,31.020,13.509,0,1637564,866092,174144,5252868,15008.868,6621.354,0,49460.520,0,3388.228,13510,24517,1.600,1.610,1.010,4,1,16.011,0,0,11,37,1,8,0
25-06 22:45:34,40.266,10.004,34.014,12.255,0,1608664,889536,174304,5257984,12833.163,5374.162,0,28699.546,0,2213.891,12200,20986,1.600,1.610,1.010,6,0,48.019,0,0,11,36,1,9,0
25-06 22:45:35,45.337,13.776,24.046,13.526,0,1649348,845452,174736,5260832,6190.817,1623.098,0,42056.274,0,2876.490,12263,21825,1.600,1.610,1.010,4,0,61.117,0,0,11,36,1,9,0
25-06 22:45:36,40.632,19.443,27.919,8.725,0.249,1590532,900384,174992,5264296,12691.995,3965.438,0,30566.879,0,2246.450,11468,19182,1.790,1.650,1.020,3,0,145.576,0,0,11,35,1,9,0
25-06 22:45:37,39.550,21.277,28.036,8.260,0.250,1599116,887772,175204,5268336,17632.405,8802.185,372.473,32076.760,6.008,2225.828,13908,24600,1.790,1.650,1.020,4,0,184.234,0,0,11,35,1,9,0
25-06 22:45:38,42.468,16.737,27.230,10.742,0.250,1596252,886476,175336,5271812,14799.894,8229.824,127.904,33782.648,0.999,2525.105,14643,26050,1.790,1.650,1.020,2,0,117.912,0,0,11,35,1,9,0
25-06 22:45:39,44.691,17.976,23.968,10.486,0,1526904,953948,175564,5273356,13922.552,4915.487,1669.787,15628.291,33.955,1408.134,10756,17848,1.790,1.650,1.020,3,1,127.831,0,0,11,36,1,9,0
25-06 22:45:40,37.562,13.522,34.056,12.521,0,1568664,911520,175480,5274056,10096.657,1568.588,0,28386.832,0,2317.824,10516,19396,1.790,1.650,1.020,1,1,105.174,0,0,11,36,1,9,0
25-06 22:45:41,30.999,7.750,44.999,11.750,0,1585164,891828,175532,5277120,15918.646,6662.852,0,28355.369,0,2253.950,10749,19130,1.970,1.690,1.040,5,0,26.999,0,0,11,37,1,9,0
25-06 22:45:42,33.472,7.993,43.214,10.491,0,1582904,892776,175628,5278296,13462.751,6681.417,0,28787.945,0,2174.183,11151,19098,1.970,1.690,1.040,1,0,18.984,0,0,11,37,1,9,0
25-06 22:45:43,30.501,8.500,45.501,10.500,0,1580208,896988,175796,5276612,22195.541,5836.142,0,19492.475,0,1826.045,11676,19930,1.970,1.690,1.040,4,0,3.000,0,0,11,37,1,9,0
25-06 22:45:44,35.512,7.002,41.514,11.004,0.250,1578056,898268,175928,5277352,15807.478,7220.502,0,26033.022,0,1966.682,10050,17116,1.970,1.690,1.040,3,0,9.003,0,0,11,36,1,10,0
25-06 22:45:45,32.013,14.006,38.516,12.005,0,1519508,955736,176040,5278300,9362.779,1512.611,0,18779.580,0,1786.721,10105,16460,1.970,1.690,1.040,2,1,89.036,0,0,11,36,1,10,0
25-06 22:45:46,36.341,8.020,39.849,12.281,0,1556588,917568,176116,5279292,6234.553,1569.916,0,29501.596,0,2292.720,9935,17748,2.130,1.720,1.050,2,1,18.045,0,0,11,36,1,10,0
25-06 22:45:47,32.632,8.469,43.592,11.708,0.498,1568584,906184,176156,5278632,14675.957,6531.394,0,20892.489,0,1943.974,10488,18036,2.130,1.720,1.050,3,0,11.957,0,0,11,37,1,10,0
25-06 22:45:48,33.563,8.265,40.826,11.772,0,1567468,906184,176200,5279660,14012.145,7393.796,0,29370.802,0,2221.144,11483,19683,2.130,1.720,1.050,1,1,21.039,0,0,11,37,1,10,0
25-06 22:45:49,37.780,6.755,42.284,8.507,0.250,1566268,906676,176204,5280356,14910.889,5495.382,0,19543.583,0,1733.382,10240,16222,2.130,1.720,1.050,2,0,15.012,0,0,11,37,1,10,0
25-06 22:45:50,39.900,6.484,39.651,10.224,0,1564280,907640,176216,5281344,13325.741,6312.246,0,20472.903,0,1731.678,10331,16739,2.130,1.720,1.050,3,0,14.963,0,0,11,36,1,10,0
25-06 22:45:51,39.019,10.255,37.018,11.506,0,1546540,924180,176224,5282508,5406.630,1620.789,0,16303.932,0,1606.782,9535,16361,2.280,1.760,1.070,3,1,54.026,0,0,11,36,1,10,0
25-06 22:45:52,33.762,8.253,41.265,12.755,0,1586608,882660,176300,5283840,12484.454,3978.419,0,28030.000,0,2392.854,11561,20376,2.280,1.760,1.070,3,0,31.011,0,0,11,37,1,10,0
25-06 22:45:53,35.232,6.747,42.979,10.495,0,1582104,885440,176380,5285436,15791.110,8710.648,0,23664.177,0,2037.982,11149,19637,2.280,1.760,1.070,2,0,11.994,0,0,11,37,1,10,0
25-06 22:45:54,30.773,8.757,43.032,11.759,0,1578184,888132,176448,5286564,29468.887,8296.162,0,28377.077,0,2121.576,11650,19642,2.280,1.760,1.070,2,1,27.020,0,0,11,37,1,10,0
25-06 22:45:55,34.003,7.751,42.504,11.751,0.250,1526792,937956,176524,5288020,12877.080,5734.481,0,22137.856,0,1896.159,11066,18516,2.280,1.760,1.070,3,0,24.002,0,0,11,36,1,11,0
25-06 22:45:56,37.255,18.002,28.254,12.002,0.250,1547556,916292,176548,5288844,80429.673,1714.227,0,32216.275,0,2448.325,12883,31102,2.500,1.820,1.090,3,1,109.014,0,0,11,36,1,12,0
25-06 22:45:57,32.461,7.241,44.946,11.986,0,1592952,868724,176580,5290916,11883.759,3864.369,0,25601.320,0,2216.344,11321,20025,2.500,1.820,1.090,3,0,59.928,0,0,11,37,1,12,0
25-06 22:45:58,34.794,8.761,41.052,11.264,0,1587904,872372,176588,5292280,13682.395,8202.428,0,36402.279,0,2785.541,13036,23652,2.500,1.820,1.090,4,0,36.046,0,0,11,36,1,12,0
25-06 22:45:59,32.279,11.010,39.285,14.263,0,1536348,922996,176600,5293172,19591.390,1761.564,0,29666.333,0,2464.187,11415,20146,2.500,1.820,1.090,2,0,62.055,0,0,11,36,1,12,0
25-06 22:46:00,40.168,6.487,39.419,10.229,0,1583196,875164,176632,5294104,13272.772,3209.416,0,22541.757,0,2049.795,9551,16758,2.500,1.820,1.090,2,1,17.963,0,0,11,37,1,12,0
25-06 22:46:01,29.765,8.504,45.022,12.006,0.500,1586860,873548,176692,5291976,13966.936,5759.860,0,33068.421,0,2540.261,11723,21467,2.620,1.850,1.110,2,0,6.003,0,0,11,37,1,12,0
25-06 22:46:02,31.700,13.978,38.439,11.232,0,1507896,956124,176724,5288336,21294.449,2445.147,0,29872.933,0,2358.284,12537,21381,2.620,1.850,1.110,3,0,60.904,0,0,11,36,1,13,0
25-06 22:46:03,38.580,9.520,36.826,11.524,0,1557968,904904,176740,5289468,11433.648,1623.358,0,29332.668,0,1841.809,9736,15741,2.620,1.850,1.110,3,0,15.031,0,0,11,36,1,13,0
25-06 22:46:04,33.975,7.994,42.718,11.491,0,1576940,884464,176740,5290920,15278.667,6599.105,0,28798.638,0,2160.398,10535,17128,2.620,1.850,1.110,2,0,11.991,0,0,11,37,1,13,0
25-06 22:46:05,36.238,6.248,46.734,6.498,0,1574372,886896,176748,5291048,25648.419,7053.640,0,15638.768,0,1317.559,8886,14211,2.620,1.850,1.110,3,0,14.995,0,0,11,34,1,15,0
25-06 22:46:06,32.519,22.513,41.024,2.752,0.500,1440656,1020556,176748,5291104,18568.718,1620.936,0,11330.540,0,662.382,6215,5798,2.730,1.890,1.120,2,0,221.128,0,0,11,32,1,15,0
25-06 22:46:07,20.248,5.749,73.242,0.250,0,1477228,983980,176748,5291104,9086.059,3976.588,0,747.923,0,48.995,2654,2187,2.730,1.890,1.120,1,0,33.996,0,0,11,33,1,15,0
25-06 22:46:08,19.749,3.000,74.996,0.500,0.250,1470960,990240,176748,5291112,24058.721,7511.601,0,2851.848,0,166.991,3264,3356,2.730,1.890,1.120,1,0,0,0,0,11,33,1,15,0
25-06 22:46:09,17.755,5.752,74.522,0.250,0,1448696,1012496,176748,5291120,13520.955,4047.184,0,176.051,0,14.004,3283,2828,2.730,1.890,1.120,1,0,52.015,0,0,11,32,1,16,0
25-06 22:46:10,8.500,22.501,66.502,0,1.000,1427332,1033760,176748,5291220,12337.449,1706.062,0,344.013,0,19.001,4880,2969,2.730,1.890,1.120,1,0,237.009,0,0,11,32,1,16,0
25-06 22:46:11,8.742,21.731,66.690,0,0.749,1408164,1052864,176748,5291288,10492.609,1618.551,0,151.864,0,10.990,4937,3285,2.670,1.890,1.130,1,0,225.798,0,0,11,32,1,16,0
25-06 22:46:12,29.821,27.816,40.096,0.251,0.501,1396656,1064168,176760,5291480,10249.463,1623.876,0,874.086,0,64.153,5641,3998,2.670,1.890,1.130,3,0,282.675,0,0,11,32,1,22,0
25-06 22:46:13,65.608,10.267,24.540,0.250,0,1498872,961604,176780,5291808,9814.101,1622.662,0,348.572,0,19.031,3911,1881,2.670,1.890,1.130,3,0,4.007,0,0,11,32,1,22,0
25-06 22:46:14,67.247,7.750,23.999,0,0,1674792,782488,176884,5294588,13168.478,1619.936,0,339.987,0,8.000,4022,1772,2.670,1.890,1.130,3,0,0,0,0,11,32,1,22,0
25-06 22:46:15,61.088,6.732,27.427,2.992,0,1799568,652512,177020,5299148,10735.508,1454.141,0,10444.281,0,617.362,6223,6325,2.670,1.890,1.130,1,1,26.929,0,0,11,38,1,22,0
25-06 22:46:16,35.235,8.246,38.983,13.744,0,1800816,644700,177052,5305500,10026.710,1619.307,0,30726.854,0,2452.951,13180,22739,3.020,1.980,1.160,6,0,119.949,0,0,11,38,1,22,0
25-06 22:46:17,26.266,10.256,41.776,15.259,0.250,1800304,641424,177076,5309112,9602.978,1621.009,0,49891.060,0,3378.103,13878,25320,3.020,1.980,1.160,1,1,75.047,0,0,11,38,1,22,0
25-06 22:46:18,28.663,9.970,40.876,14.456,0.249,1800288,636636,177124,5313716,22230.813,1615.119,0,35337.203,0,2639.024,12887,22258,3.020,1.980,1.160,5,1,86.738,0,0,11,38,1,22,0
25-06 22:46:19,30.294,10.265,40.309,13.269,0,1800012,632856,177160,5317616,10124.702,1568.277,0,39377.180,0,2966.307,13357,23260,3.020,1.980,1.160,0,1,108.157,0,0,11,38,1,22,0
25-06 22:46:20,22.763,10.756,44.776,16.510,0.250,1801384,628068,177180,5320896,12500.205,1512.872,0,44293.531,0,3325.917,13393,24338,3.020,1.980,1.160,2,1,48.028,0,0,11,38,1,22,0
25-06 22:46:21,21.215,10.233,48.420,15.474,0.250,1801164,625548,177188,5323508,10637.428,1617.328,0,39566.638,0,2800.374,13287,23965,3.340,2.060,1.190,8,1,50.916,0,0,11,38,1,22,0
25-06 22:46:22,44.909,9.785,29.856,11.541,0,1688976,734072,177208,5327040,6559.247,1625.762,0,28914.478,0,2412.550,12621,21789,3.340,2.060,1.190,5,2,119.423,0,0,11,36,1,22,0
25-06 22:46:23,42.575,12.449,28.881,12.698,0,1735776,681208,177240,5332880,9639.328,1452.024,0,34019.986,0,2777.569,12660,22885,3.340,2.060,1.190,2,1,126.479,0,0,11,36,0,22,0
25-06 22:46:24,45.383,10.280,26.076,14.793,0.251,1778788,633860,177268,5337024,8908.066,1624.754,0,56946.632,0,4204.302,14779,29083,3.340,2.060,1.190,3,0,67.197,0,0,11,36,0,22,0
25-06 22:46:25,47.529,9.005,29.768,11.257,0,1825680,581504,177280,5342256,7834.761,1620.985,0,35209.398,0,2530.538,11615,20234,3.340,2.060,1.190,6,1,2.001,0,0,11,38,0,22,0
25-06 22:46:26,31.205,13.231,37.696,13.481,0,1762740,637956,177312,5348452,11280.734,1617.667,0,49692.346,0,3290.256,13541,24861,3.390,2.090,1.210,5,0,74.892,0,0,11,36,0,22,0
25-06 22:46:27,19.002,9.251,49.256,16.252,0.250,1752284,644268,177324,5352424,10156.326,1620.212,0,47770.238,0,3131.409,12672,23442,3.390,2.090,1.210,7,0,15.002,0,0,11,36,0,16,0
25-06 22:46:28,16.215,6.985,54.633,15.716,0.249,1743440,652080,177328,5353416,9869.858,1616.537,0,32825.684,0,2613.402,11720,21423,3.390,2.090,1.210,5,0,38.917,0,0,11,36,0,16,0
25-06 22:46:29,23.580,9.031,48.414,15.302,0,1737608,656320,177328,5354956,23735.315,1625.500,0,35740.940,0,2688.096,11508,20813,3.390,2.090,1.210,2,0,27.092,0,0,11,36,0,16,0
25-06 22:46:30,22.977,7.742,48.201,15.234,0,1730160,662120,177336,5356548,8726.116,1618.352,0,33294.103,0,2681.270,12134,21577,3.390,2.090,1.210,2,2,50.948,0,0,11,36,0,16,0
25-06 22:46:31,37.744,9.748,46.492,3.749,0.250,1408640,983256,177344,5356920,11437.114,1541.746,0,7330.791,0,588.903,5451,6213,3.440,2.120,1.220,2,0,121.980,0,0,11,32,0,15,0
25-06 22:46:32,15.259,13.758,68.290,1.001,0.500,1422552,969320,177344,5356940,11972.980,1620.945,0,3822.228,0,223.130,4094,3408,3.440,2.120,1.220,1,0,140.082,0,0,11,32,0,15,0
25-06 22:46:33,22.500,4.000,72.749,0.250,0,1475188,916680,177344,5356940,10677.801,1619.970,0,1707.968,0,121.998,2056,1651,3.440,2.120,1.220,1,0,1.000,0,0,11,32,0,15,0
25-06 22:46:34,23.249,2.500,71.248,1.500,0.250,1524420,867448,177344,5356940,8154.817,1619.964,0,4227.905,0,257.994,2497,2526,3.440,2.120,1.220,1,0,2.000,0,0,11,36,0,15,0
25-06 22:46:35,22.498,4.000,72.993,0,0,1443764,948096,177344,5356948,10110.030,1457.860,0,155.985,0,12.999,2450,1874,3.440,2.120,1.220,1,0,26.997,0,0,11,32,0,14,0
25-06 22:46:36,22.752,3.250,72.757,0,0,1454888,936972,177344,5356948,10478.002,1620.155,0,112.011,0,10.001,1852,1300,3.240,2.100,1.220,1,0,1.000,0,0,11,32,0,14,0
25-06 22:46:37,22.747,2.500,73.492,0.250,0.250,1502732,889128,177344,5356948,6615.265,1619.820,0,95.989,0,11.999,1917,1497,3.240,2.100,1.220,1,0,2.000,0,0,11,34,0,14,0
25-06 22:46:38,16.752,19.502,62.507,0,0,1459660,932180,177348,5356964,7375.772,1458.153,0,364.038,0,19.002,4056,2695,3.240,2.100,1.220,2,0,211.022,0,0,11,32,0,14,0
25-06 22:46:39,15.247,40.243,42.493,0,0.500,1448984,942828,177348,5356988,10421.275,1619.732,0,159.974,0,12.998,5989,4158,3.240,2.100,1.220,2,0,427.929,0,0,11,32,0,14,0
25-06 22:46:40,14.749,40.498,41.998,0,0.500,1440272,951504,177348,5357024,9990.483,1619.916,0,223.988,0,14.999,5898,4099,3.240,2.100,1.220,3,0,438.977,0,0,11,32,0,14,0
25-06 22:46:41,9.242,26.477,61.447,0,0.999,1440100,951664,177348,5357036,22161.755,1456.735,0,35.969,0,8.992,5090,3110,3.140,2.100,1.220,1,0,298.741,0,0,11,32,0,14,0
25-06 22:46:42,9.004,20.759,67.280,0,1.000,1432860,958896,177348,5357044,9393.241,1620.732,0,20.009,0,5.002,4696,2861,3.140,2.100,1.220,2,0,239.108,0,0,11,32,0,14,0
25-06 22:46:43,8.504,21.511,67.535,0,0.750,1432188,959504,177348,5357108,12263.432,1458.765,0,676.355,0,9.005,4666,2917,3.140,2.100,1.220,1,0,218.114,0,0,11,32,0,14,0
25-06 22:46:44,8.978,19.204,69.832,0,0.499,1432376,959296,177348,5357124,9865.305,1616.118,0,0,0,0,4528,2949,3.140,2.100,1.220,2,0,206.504,0,0,11,32,0,14,0
25-06 22:46:45,9.268,20.539,67.379,0.250,1.252,1428908,962736,177348,5357148,7200.820,1623.115,0,192.369,0,7.013,4590,2862,3.140,2.100,1.220,2,0,186.358,0,0,11,32,0,14,0
25-06 22:46:46,8.504,20.759,67.779,0,0.750,1423228,968400,177348,5357160,10418.510,1620.702,0,732.317,0,137.059,4650,2859,3.050,2.100,1.230,2,0,183.079,0,0,11,32,0,14,0
25-06 22:46:47,17.231,17.231,63.680,0,0.250,1423876,967712,177348,5357296,8846.303,1618.226,0,151.834,0,14.984,4941,5168,3.050,2.100,1.230,2,0,137.849,0,0,11,32,0,14,0
25-06 22:46:48,26.570,17.295,53.892,0.251,0.251,1427660,963760,177356,5357784,7593.965,1461.843,0,437.149,0,29.076,5126,5207,3.050,2.100,1.230,3,0,110.290,0,0,11,32,0,13,0
25-06 22:46:49,47.437,11.734,39.947,0,0,1517508,873796,177360,5357900,10682.866,1617.859,0,3459.423,0,33.955,3774,2073,3.050,2.100,1.230,2,0,88.882,0,0,11,33,0,13,0
25-06 22:46:50,50.137,4.240,45.148,0,0,1610184,781088,177360,5357932,9853.711,1616.344,0,0,0,0,3051,1579,3.050,2.100,1.230,3,0,6.984,0,0,11,41,0,13,0
25-06 22:46:51,45.550,4.755,48.053,0,0.250,1655912,733516,177424,5359328,11292.389,1621.779,104.114,1433.573,1.001,136.149,3883,2956,2.970,2.100,1.230,2,0,12.013,0,0,11,49,0,13,0
25-06 22:46:52,22.056,17.044,59.903,0,0.501,1679804,706836,177428,5362024,11450.318,1461.743,0,533.366,0,23.059,7110,8961,2.970,2.100,1.230,2,0,181.465,0,0,11,48,0,13,0
25-06 22:46:53,13.720,20.704,62.113,0,0.249,1680484,706108,177428,5362472,18812.392,1616.425,0,171.620,0,10.976,5475,4918,2.970,2.100,1.230,1,0,223.506,0,0,11,48,0,13,0
25-06 22:46:54,21.975,12.986,63.929,0,0.250,1658576,727988,177428,5362040,9436.471,1456.375,0,151.831,0,0.999,4344,4842,2.970,2.100,1.230,5,0,80.910,0,0,11,48,0,13,0
25-06 22:46:55,1.252,1.252,97.406,0,0.250,1658572,727988,177428,5362044,7044.253,162.259,0,797.274,0,3.005,879,1120,2.970,2.100,1.230,1,0,10.016,0,0,11,48,0,13,0
25-06 22:46:56,1.000,1.750,95.751,0.250,0.250,1660560,726000,177428,5362044,6144.050,1390.011,0,4172.034,0,307.002,1161,1154,2.730,2.060,1.230,1,0,15.000,0,0,11,48,0,12,0
25-06 22:46:57,9.501,4.250,85.008,0.250,0.250,1684980,701556,177428,5362052,10486.010,378.036,0,120.012,0,7.001,2516,10527,2.730,2.060,1.230,0,0,27.003,0,0,11,48,0,13,0
25-06 22:46:58,0.750,0.250,97.751,0,0,1684980,701556,177428,5362052,8272.076,1566.014,0,288.003,0,21.000,792,1206,2.730,2.060,1.230,0,0,1.000,0,0,11,48,0,13,0
25-06 22:46:59,10.976,13.471,72.843,0,0,1681064,705512,177428,5362392,11041.181,1616.513,0,75.836,0,4.989,4662,4956,2.730,2.060,1.230,4,0,176.619,0,0,11,48,0,13,0
25-06 22:47:00,27.352,16.060,56.461,0,0.251,1665476,721040,177428,5362500,10203.204,1463.480,0,64.241,0,3.011,4184,4158,2.730,2.060,1.230,2,0,108.406,0,0,11,50,0,11,0
25-06 22:47:01,24.960,13.229,58.905,0.250,0.749,1660876,725628,177428,5362068,8016.136,1617.404,0,195.686,0,24.960,4609,4089,2.990,2.130,1.250,1,0,161.740,0,0,11,64,0,10,0
25-06 22:47:02,11.722,22.697,63.102,0,0.499,1704852,681592,177428,5362100,12203.305,1616.200,0,0,0,0,4864,3517,2.990,2.130,1.250,2,0,195.540,0,0,12,64,0,10,0
25-06 22:47:03,18.043,19.045,60.895,0,0.501,1709696,676716,177428,5362468,11361.024,1862.430,0,4.010,0,1.002,4917,4605,2.990,2.130,1.250,1,0,165.393,0,0,12,64,0,10,0
25-06 22:47:04,20.731,15.736,62.193,0,0,1659368,727044,177428,5362104,22428.399,1618.513,0,551.493,0,70.935,4704,5102,2.990,2.130,1.250,3,0,136.874,0,0,12,64,0,9,0
25-06 22:47:05,8.507,11.759,78.061,0.250,0.500,1660844,725560,177428,5362132,9364.357,1621.274,0,248.195,0,12.009,2955,2574,2.990,2.130,1.250,1,0,145.114,0,0,12,64,0,9,0
25-06 22:47:06,16.252,19.252,62.508,0,0.500,1656048,730304,177428,5362516,10471.305,1458.182,0,36.004,0,2.000,5244,5037,2.830,2.110,1.250,2,0,174.022,0,0,14,66,0,9,0
25-06 22:47:07,20.743,11.746,65.227,0.250,0,1648692,737540,177428,5362300,10075.486,1619.435,0,175.939,0,11.996,4524,4862,2.830,2.110,1.250,0,0,93.967,0,0,14,64,0,10,0
25-06 22:47:08,9.246,20.741,67.222,0.250,1.000,1653524,732692,177428,5362320,6634.248,1661.311,0,423.824,0,30.987,4896,3573,2.830,2.110,1.250,3,0,228.905,0,0,14,66,0,8,0
25-06 22:47:09,9.244,18.738,69.456,0,0.750,1658784,727408,177428,5362344,6364.983,1618.978,0,135.914,0,2.998,4578,2968,2.830,2.110,1.250,1,0,199.874,0,0,14,66,0,8,0
25-06 22:47:10,10.000,19.500,66.749,0,0.750,1658636,727540,177428,5362360,10392.904,1457.987,0,44.000,0,8.000,4737,2947,2.830,2.110,1.250,1,0,185.998,0,0,14,66,0,8,0
25-06 22:47:11,16.277,18.531,63.857,0,0.751,1666240,719932,177428,5362720,8294.861,1622.712,0,16.027,0,4.007,5038,4858,2.770,2.110,1.260,1,0,155.259,0,0,14,66,0,8,0
25-06 22:47:12,25.243,17.245,55.484,0,0,1680012,706152,177428,5362372,10361.027,1457.582,0,27.992,0,1.999,4977,4775,2.770,2.110,1.260,3,0,143.959,0,0,14,66,0,5,0
25-06 22:47:13,30.978,24.482,43.718,0,0.500,1746856,639256,177440,5362408,8879.602,1708.769,0,311.775,0,10.992,5254,3128,2.770,2.110,1.260,2,0,235.830,0,0,14,66,0,5,0
25-06 22:47:14,31.271,24.017,43.030,0,0.500,1798152,586468,177508,5363784,10364.123,1459.003,8.006,264.182,1.001,3.002,5448,4411,2.770,2.110,1.260,2,0,227.156,0,0,14,68,0,6,0
25-06 22:47:15,30.496,24.247,44.245,0,0.250,1858724,525772,177516,5363856,9631.890,1619.813,0,0,0,0,5255,3246,2.770,2.110,1.260,3,0,243.972,0,0,14,70,0,7,0
25-06 22:47:16,28.762,25.261,44.269,0,0.500,1936856,447616,177516,5363876,18764.998,1620.691,0,0,0,0,5239,3219,2.700,2.110,1.260,4,0,232.099,0,0,14,70,0,4,0
25-06 22:47:17,32.458,22.221,43.693,0.250,0.250,1978044,406228,177524,5364064,8731.618,1456.102,0,4737.824,0,344.551,5219,3080,2.700,2.110,1.260,3,0,185.758,0,0,14,70,0,4,0
25-06 22:47:18,11.504,20.506,65.770,0,0.750,1980396,403820,177524,5364100,11958.666,1620.497,0,1260.386,0,10.003,4655,2976,2.700,2.110,1.260,2,0,186.057,0,0,14,70,0,4,0
25-06 22:47:19,12.001,21.502,64.505,0,0.750,1978060,406136,177524,5364460,10758.766,1458.104,0,32.002,0,5.000,5450,4837,2.700,2.110,1.260,7,0,189.013,0,0,14,70,0,4,0
25-06 22:47:20,23.515,11.758,63.041,0,0,1971920,412120,177524,5364248,10495.800,1621.050,0,20.013,0,5.003,3894,4374,2.700,2.110,1.260,1,0,73.047,0,0,14,70,0,4,0
25-06 22:47:21,44.125,22.187,32.159,0,0.249,2017316,366688,177532,5364716,8232.655,1615.419,0,0,0,0,5128,3546,2.570,2.090,1.260,3,0,196.443,0,0,14,70,0,4,0
25-06 22:47:22,55.015,24.618,20.348,0,0,2117848,265908,177540,5364960,11830.929,1627.833,0,16.077,0,4.019,5551,3805,2.570,2.090,1.260,4,0,263.267,0,0,14,70,0,4,0
25-06 22:47:23,59.115,21.766,17.067,0,0.247,2186592,195880,177608,5366340,9899.739,1691.840,0,300.772,0,8.904,6328,7868,2.570,2.090,1.260,10,0,234.483,0,0,14,70,0,4,0
25-06 22:47:24,65.689,20.638,12.332,2.517,0,2240456,156132,172928,5356328,6070.568,1630.899,177.184,575.848,44.296,5.034,5285,4197,2.570,2.090,1.260,4,0,279.870,0,0,14,74,0,4,0
25-06 22:47:25,59.581,23.782,10.765,4.005,0,2322000,139720,166748,5299192,10296.061,1622.215,44.060,21341.145,7.010,1326.812,11718,18651,2.570,2.090,1.260,5,0,374.511,0,0,14,74,0,4,0
25-06 22:47:26,61.939,19.560,12.288,5.517,0,2371648,162132,166380,5229592,7935.250,1624.966,76.233,22424.529,12.037,1737.309,13950,23481,3,2.190,1.300,5,0,168.515,0,0,14,74,0,4,0
25-06 22:47:27,72.685,22.979,2.997,1.249,0,2487144,140692,166500,5137324,6025.585,1067.041,363.673,6254.379,23.978,414.627,7996,10308,3,2.190,1.300,5,0,456.590,0,0,14,80,0,8,0
25-06 22:47:28,67.669,20.975,10.487,0.250,0.250,2582436,187140,166360,4998804,26146.548,1078.702,11.986,1206.549,1.998,59.928,8640,15890,3,2.190,1.300,2,0,232.720,0,0,14,89,0,16,0
25-06 22:47:29,50.595,24.924,23.927,0.249,0,2710796,207092,166352,4854024,8204.928,1615.065,19.939,805.538,4.985,38.881,6364,4917,3,2.190,1.300,3,0,339.961,0,0,14,91,0,17,0
25-06 22:47:30,41.718,24.481,32.225,0,0,2783848,132656,166352,4855508,11283.353,1456.884,0,35.972,0,5.995,6969,9168,3,2.190,1.300,3,0,350.731,0,0,14,89,0,20,0
25-06 22:47:31,34.145,22.345,41.928,0.502,0.502,2794052,193212,166352,4786188,6843.122,1626.924,0,3944.787,0,202.863,5597,4381,3.240,2.250,1.320,3,0,196.838,0,0,14,91,0,20,0
25-06 22:47:32,42.204,19.229,36.710,0,0.250,2806000,179928,166356,4787732,6046.416,1498.368,0,4862.705,0,133.854,6947,10208,3.240,2.250,1.320,3,0,136.851,0,0,14,93,0,24,0
25-06 22:47:33,32.234,16.492,49.976,0,0,2842664,143188,166360,4787988,11125.571,1709.166,0,2606.728,0,119.941,4732,4677,3.240,2.250,1.320,3,0,125.939,0,0,14,93,0,24,0
25-06 22:47:34,46.747,10.249,41.497,0.750,0,2927172,126520,166364,4721444,8400.386,1457.893,35.997,4.000,3.000,1.000,3429,1783,3.240,2.250,1.320,2,0,61.995,0,0,14,94,0,24,0
25-06 22:47:35,36.016,12.756,49.522,0.500,0.250,2992980,127324,166268,4656244,6731.971,1620.715,272.120,616.272,17.008,37.016,4442,3696,3.240,2.250,1.320,1,0,112.049,0,0,14,97,0,24,0
25-06 22:47:36,8.493,18.734,70.190,0.250,0.749,3001592,118696,166268,4656260,10702.915,1618.626,0,923.216,0,58.950,4892,3529,3.220,2.260,1.330,1,0,221.812,0,0,14,97,0,24,0
25-06 22:47:37,9.260,19.520,69.072,0,1.001,2989876,198916,166268,4589212,9332.731,1459.522,4.004,104.109,1.001,10.010,4498,3006,3.220,2.260,1.330,1,0,205.214,0,0,14,97,0,24,0
25-06 22:47:38,12.499,19.248,65.244,0.250,0.750,3002612,186160,166268,4589232,10831.024,1619.854,0,539.951,0,13.999,4644,3092,3.220,2.260,1.330,1,0,199.982,0,0,14,101,0,24,0
25-06 22:47:39,8.251,19.002,70.007,0,0.500,3010732,178020,166268,4589252,22390.351,1620.170,0,0,0,0,4403,2884,3.220,2.260,1.330,1,0,201.021,0,0,14,101,0,24,0
25-06 22:47:40,22.999,8.500,66.496,0.500,0.500,3058176,130588,166268,4589256,7435.565,1619.905,0,2459.856,0,291.983,2820,2002,3.220,2.260,1.330,2,0,54.997,0,0,14,105,0,24,0
25-06 22:47:41,19.252,3.000,77.006,0,0,3103744,152188,166272,4523612,13196.064,4011.323,148.012,4.000,8.001,1.000,1878,1461,3.040,2.240,1.330,1,0,0,0,0,14,106,0,24,0
25-06 22:47:42,23.749,3.750,71.247,0.500,0.250,3108216,147696,166276,4523632,32072.673,22743.059,0,227.991,0,27.999,3169,3048,3.040,2.240,1.330,1,0,3.000,0,0,14,110,0,24,0
25-06 22:47:43,35.004,11.501,51.256,0.250,0,3121980,133884,166276,4523680,10128.222,1752.211,20.002,428.052,2.000,42.005,4023,3280,3.040,2.240,1.330,1,0,67.008,0,0,14,111,0,25,0
25-06 22:47:44,22.502,4.500,72.506,0,0,3167936,155096,166276,4458144,9832.786,1458.117,0,220.018,0,14.001,1841,1206,3.040,2.240,1.330,1,0,0,0,0,14,111,0,25,0
25-06 22:47:45,21.748,3.000,72.993,0.250,0,3188076,134936,166276,4458164,15888.568,7350.337,7.999,395.964,2.000,43.996,2689,2551,3.040,2.240,1.330,1,0,2.000,0,0,14,116,0,25,0
25-06 22:47:46,20.483,2.748,75.688,0.500,0,3189444,133424,166284,4458300,10937.984,2280.121,3.997,559.539,0.999,43.964,2299,2046,2.880,2.220,1.330,1,0,0,0,0,14,118,0,25,0
25-06 22:47:47,27.511,6.002,62.525,1.751,0,3194100,127696,166292,4459316,6536.589,1620.642,636.252,10196.039,25.010,753.298,5273,6591,2.880,2.220,1.330,1,0,3.001,0,0,14,121,0,25,0
25-06 22:47:48,22.235,6.745,67.454,1.499,0.250,3201940,119744,166292,4459428,9460.480,1618.884,67.953,1155.204,5.996,114.921,4259,5443,2.880,2.220,1.330,1,0,5.996,0,0,14,121,0,25,0
25-06 22:47:49,26.270,4.253,67.052,0.500,0,3118612,267140,166192,4396640,12183.439,2669.068,8.006,1288.999,2.002,113.088,4224,5249,2.880,2.220,1.330,1,0,10.008,0,0,14,120,0,27,0
25-06 22:47:50,15.747,11.748,70.986,0.250,0.500,3144104,241640,166192,4396648,8452.362,1619.686,0,495.904,0,28.994,3202,2241,2.880,2.220,1.330,1,0,100.980,0,0,14,120,0,27,0
25-06 22:47:51,20.523,2.503,75.835,0,0,3202060,183680,166192,4396652,23194.069,3433.859,0,436.491,0,27.030,1745,1199,2.730,2.200,1.320,0,0,0,0,0,14,121,0,27,0
25-06 22:47:52,20.725,2.996,74.660,0.499,0.250,3201876,183680,166192,4396836,13392.786,6050.675,0,1985.596,0,117.857,2511,2484,2.730,2.200,1.320,1,0,0.999,0,0,14,121,0,27,0
25-06 22:47:53,33.016,6.753,58.029,0.750,0,3209472,175908,166196,4397008,12026.983,3607.795,96.048,716.356,8.004,91.045,5664,6999,2.730,2.200,1.320,1,0,8.004,0,0,14,123,0,28,0
25-06 22:47:54,33.258,13.253,51.762,0.750,0.250,3218008,167128,166204,4397228,11255.711,2652.639,4.001,940.226,1.000,103.025,4977,4714,2.730,2.200,1.320,2,0,94.023,0,0,14,122,0,29,0
25-06 22:47:55,43.733,8.997,45.233,0.750,0,3253224,196636,166204,4334260,7038.297,1619.378,0,3162.786,0,175.932,3310,2259,2.730,2.200,1.320,2,0,4.998,0,0,14,122,0,29,0
25-06 22:47:56,38.718,4.996,55.704,0.250,0,3333368,144512,166204,4306928,12744.435,8031.342,183.848,319.735,0.999,14.988,2617,1478,2.670,2.200,1.330,1,0,0,0,0,14,123,0,29,0
25-06 22:47:57,27.270,10.257,60.794,0.250,0.250,3319060,194928,166204,4272040,28522.704,18824.664,32.023,1785.296,4.003,51.037,3751,13317,2.670,2.200,1.330,1,0,91.066,0,0,14,122,0,30,0
25-06 22:47:58,21.495,2.999,74.732,0.250,0,3376212,137768,166204,4272048,9212.773,3429.171,0,2727.341,0,257.938,2023,1699,2.670,2.200,1.330,0,0,0,0,0,14,123,0,30,0
25-06 22:47:59,19.505,1.750,76.769,0.250,0,3368388,145580,166204,4272060,32039.913,23168.722,0,256.063,0,19.005,2126,1714,2.670,2.200,1.330,1,0,0,0,0,14,122,0,31,0
25-06 22:48:00,19.253,8.251,72.010,0,0,3282632,231324,166204,4272072,8337.136,1620.221,0,180.025,0,12.002,2518,1752,2.670,2.200,1.330,1,0,51.007,0,0,14,122,0,31,0
25-06 22:48:01,20.740,1.749,76.465,0,0,3326436,187516,166204,4272076,14026.521,3590.342,0,179.917,0,10.995,1748,1142,2.540,2.180,1.330,0,0,0,0,0,14,123,0,31,0
25-06 22:48:02,18.502,2.500,78.007,0.500,0,3326672,187264,166204,4272092,17453.490,6135.524,4.000,428.037,1.000,51.004,2294,2213,2.540,2.180,1.330,2,0,1.000,0,0,14,123,0,31,0
25-06 22:48:03,23.255,6.751,67.514,0.750,0.250,3283252,230644,166204,4272132,19245.861,2606.523,0,1528.307,0,123.025,3482,3730,2.540,2.180,1.330,2,0,43.009,0,0,14,124,0,32,0
25-06 22:48:04,19.468,7.238,72.379,0,0.499,3290552,223336,166204,4272140,13529.465,1617.306,0,191.681,0,9.983,2402,1588,2.540,2.180,1.330,1,0,39.933,0,0,14,124,0,32,0
25-06 22:48:05,18.273,2.253,78.599,0.250,0,3333092,180788,166204,4272148,13889.518,7193.072,0,188.237,0,13.016,1732,1268,2.540,2.180,1.330,2,0,0,0,0,14,125,0,32,0
25-06 22:48:06,19.000,5.750,73.999,0,0.250,3308112,205752,166204,4272164,26406.567,19408.682,0,255.996,0,15.000,2593,1757,2.410,2.160,1.320,1,0,54.999,0,0,14,124,0,33,0
25-06 22:48:07,22.011,4.252,73.288,0,0,3367240,146624,166204,4272164,10121.262,1620.843,0,68.035,0,7.004,1876,1364,2.410,2.160,1.320,1,0,0,0,0,14,124,0,33,0
25-06 22:48:08,15.745,1.999,80.974,0,0,3378756,135088,166204,4272168,15765.985,8056.437,0,95.969,0,8.997,1683,1262,2.410,2.160,1.320,0,0,0,0,0,14,125,0,33,0
25-06 22:48:09,28.741,6.248,60.732,1.749,0,3375576,138000,166204,4272436,10137.929,821.751,0,1931.415,0,255.922,6698,8567,2.410,2.160,1.320,2,0,1.999,0,0,14,128,0,32,0
25-06 22:48:10,29.215,6.742,61.426,0.749,0,3350288,163192,166204,4272532,10598.269,2652.813,19.976,1478.224,1.998,149.820,5305,6679,2.410,2.160,1.320,2,0,27.966,0,0,14,129,0,34,0
25-06 22:48:11,19.595,6.783,72.350,0.502,0.251,3363148,150328,166204,4272536,6041.186,1573.602,0,1310.330,0,107.519,2271,1710,2.540,2.190,1.340,1,0,27.131,0,0,14,129,0,34,0
25-06 22:48:12,19.685,2.243,76.249,0.249,0,3363636,149836,166204,4272540,14926.806,6889.295,0,510.318,0,39.869,2055,1718,2.540,2.190,1.340,1,0,0.997,0,0,14,130,0,34,0
25-06 22:48:13,19.248,3.250,75.243,0.750,0,3366144,147316,166204,4272552,12843.884,6012.477,0,4391.618,0,413.964,2767,2949,2.540,2.190,1.340,1,0,0,0,0,14,130,0,34,0
25-06 22:48:14,24.300,7.014,66.136,0.752,0,3370668,142532,166204,4272812,18425.788,1569.218,88.181,1102.261,6.012,131.269,5846,8104,2.540,2.190,1.340,1,0,2.004,0,0,14,130,0,34,0
25-06 22:48:15,24.205,6.238,67.124,0.749,0,3371640,141524,166204,4272848,11466.492,1563.068,0,638.802,0,61.884,5473,7343,2.540,2.190,1.340,1,0,0,0,0,14,130,0,34,0
25-06 22:48:16,36.506,6.001,53.759,0.500,0.250,3284708,228376,166208,4272924,9102.582,2432.423,0,1000.174,0,104.018,6442,8635,2.420,2.170,1.340,2,0,18.003,0,0,14,131,0,35,0
25-06 22:48:17,19.999,8.500,68.748,1.000,0,3334332,178732,166208,4272944,12192.661,1619.955,0,4415.877,0,252.993,3184,3041,2.420,2.170,1.340,2,0,59.998,0,0,14,131,0,35,0
25-06 22:48:18,18.754,2.751,77.516,0.250,0,3372064,140996,166208,4272948,15339.139,7347.503,0,480.098,0,16.003,1815,1296,2.420,2.170,1.340,2,0,0,0,0,14,132,0,33,0
25-06 22:48:19,20.245,3.249,73.733,1.000,0.250,3370564,142456,166208,4272988,9710.811,4397.009,15.996,1831.587,1.000,132.970,3488,4433,2.420,2.170,1.340,3,0,0,0,0,14,132,0,33,0
25-06 22:48:20,17.749,13.999,66.246,0.250,0.500,3351572,161400,166208,4273036,10640.399,2820.841,0,591.967,0,52.997,4055,3143,2.420,2.170,1.340,3,0,147.992,0,0,14,133,0,34,0
25-06 22:48:21,22.254,3.751,73.514,0.250,0,3389648,123324,166208,4273036,12002.274,1458.276,0,404.077,0,25.005,1893,1342,2.300,2.150,1.330,2,0,0,0,0,14,133,0,34,0
25-06 22:48:22,26.499,3.500,67.248,0.500,0,3404892,171088,166208,4211628,15787.447,6857.760,8.000,2079.927,2.000,144.995,3276,3419,2.300,2.150,1.330,3,0,1.000,0,0,14,134,0,34,0
25-06 22:48:23,11.744,1.499,84.957,0,0,3399272,176696,166208,4211640,14985.440,7982.972,3.998,683.655,0.999,44.977,2063,2186,2.300,2.150,1.330,3,0,0,0,0,14,134,0,34,0
25-06 22:48:24,26.256,5.751,65.764,1.250,0.250,3390780,184968,166208,4211860,13727.892,1566.330,48.010,792.167,3.001,107.023,5873,7958,2.300,2.150,1.330,1,0,0,0,0,14,134,0,34,0
25-06 22:48:25,23.962,5.741,67.643,0.250,0.250,3388416,187316,166208,4211876,12646.991,1509.612,3.994,527.166,0.998,45.927,4226,4841,2.300,2.150,1.330,11,0,0,0,0,14,134,0,34,0
25-06 22:48:26,39.529,7.756,48.786,0.250,0,3391340,184036,166208,4212216,19721.570,3210.372,48.035,1160.858,3.002,110.081,9446,14600,2.280,2.140,1.340,2,0,3.002,0,0,14,133,0,35,0
25-06 22:48:27,33.022,20.514,42.778,1.001,0,3313172,262128,166208,4212292,6060.026,1609.069,0,1440.957,0,133.088,7614,8466,2.280,2.140,1.340,2,0,233.155,0,0,14,133,0,35,0
25-06 22:48:28,29.006,9.252,59.513,0.250,0,3341044,234164,166208,4212320,10673.313,2016.437,0,2832.614,0,324.070,3933,3825,2.280,2.140,1.340,1,0,53.011,0,0,14,133,0,35,0
25-06 22:48:29,20.505,3.251,76.269,0.250,0,3385140,190064,166208,4212324,13204.299,7321.829,0,424.106,0,29.007,2104,1597,2.280,2.140,1.340,0,0,0,0,0,14,134,0,35,0
25-06 22:48:30,19.002,6.501,72.756,0,0.500,3358532,216532,166208,4212464,14602.266,3380.293,0,0,0,0,2897,1964,2.280,2.140,1.340,1,0,57.005,0,0,14,133,0,20,0
25-06 22:48:31,8.748,18.995,69.482,0,0.750,3346256,228792,166208,4212480,10798.223,1661.573,0,155.960,0,12.997,4645,3002,2.180,2.130,1.340,1,0,208.946,0,0,14,133,0,20,0
25-06 22:48:32,9.489,20.476,68.171,0,0.749,3336664,238360,166208,4212504,10049.398,1618.132,0,11.986,0,2.997,4702,2945,2.180,2.130,1.340,1,0,193.776,0,0,14,133,0,20,0
25-06 22:48:33,9.243,19.986,66.203,0.500,0.999,3329216,245796,166208,4212516,9097.520,1510.924,0,2182.445,0,130.907,4850,3484,2.180,2.130,1.340,1,0,179.872,0,0,14,133,0,20,0
25-06 22:48:34,24.037,15.774,58.089,0,0,3335128,239876,166208,4212872,5849.952,1692.590,0,112.172,0,6.009,5098,6468,2.180,2.130,1.340,1,0,131.201,0,0,14,133,0,16,0
25-06 22:48:35,28.663,20.438,49.848,0,0.498,3348324,226660,166212,4212544,8155.201,1615.089,0,99.697,0,5.982,4973,3054,2.180,2.130,1.340,2,0,177.460,0,0,14,133,0,16,0
25-06 22:48:36,31.441,22.134,45.526,0.252,0.252,3407496,167320,166216,4212708,10377.918,1629.881,16.098,193.171,1.006,14.085,5373,3601,2.240,2.140,1.350,2,0,244.482,0,0,14,135,0,16,0
25-06 22:48:37,22.151,20.658,54.258,0.996,0,3405656,168908,166224,4212904,6883.324,1559.052,23.894,760.610,0.996,52.765,5997,5356,2.240,2.140,1.350,1,0,264.820,0,0,14,139,0,16,0
25-06 22:48:38,34.599,22.063,41.368,0.501,1.003,3444620,127340,166232,4215544,23469.206,1606.601,64.184,2796.007,3.009,149.428,7302,11470,2.240,2.140,1.350,6,0,153.439,0,0,14,144,0,16,0
25-06 22:48:39,33.431,17.214,47.152,0,0,3497136,136968,166232,4155260,9524.207,1616.640,23.950,550.855,3.992,38.919,5044,5929,2.240,2.140,1.350,3,0,160.666,0,0,16,145,0,16,0
25-06 22:48:40,53.142,26.070,20.555,0.251,0,3578420,169772,166028,4043632,9937.575,1570.199,88.236,669.791,5.013,27.072,5889,4112,2.240,2.140,1.350,3,0,347.930,0,0,16,145,0,16,0
25-06 22:48:41,55.955,23.231,19.484,0.250,0,3678856,155920,166012,3957648,9610.328,1510.794,47.962,1938.453,3.997,143.885,6755,6180,2.540,2.200,1.370,4,1,343.726,0,0,16,161,0,16,0
25-06 22:48:42,29.004,19.003,50.507,0,0,3685620,201888,166012,3905956,6168.905,1636.240,0,464.068,0,30.004,7850,12426,2.540,2.200,1.370,2,0,193.028,0,0,16,161,0,16,0
25-06 22:48:43,25.949,15.969,55.891,0.250,0.250,3718388,168976,166012,3905648,10338.844,1509.058,7.984,275.463,1.996,20.959,4255,3348,2.540,2.200,1.370,2,0,116.772,0,0,16,161,0,16,0
25-06 22:48:44,37.024,23.515,38.025,0.250,0,3759464,175256,166012,3858980,8603.613,1621.058,72.047,9286.058,1.001,787.514,14534,3865,2.540,2.200,1.370,3,0,229.149,0,0,16,161,0,16,0
25-06 22:48:45,24.006,22.005,52.762,0,0.500,3801656,133224,166020,3858888,6399.494,1566.366,0,268.063,0,10.002,4965,3206,2.540,2.200,1.370,1,0,234.055,0,0,17,161,0,16,0
25-06 22:48:46,9.000,19.750,69.500,0.250,0.750,3814028,120820,166020,3858920,10778.039,1512.006,8.000,184.001,2.000,14.000,4650,3133,2.420,2.180,1.370,1,0,200.001,0,0,17,161,0,15,0
25-06 22:48:47,18.252,22.002,57.005,0,0.750,3799348,187284,165920,3808144,9772.814,1566.130,4.000,340.028,1.000,26.002,5029,3432,2.420,2.180,1.370,1,0,195.016,0,0,17,167,0,15,0
25-06 22:48:48,14.993,20.241,61.723,0.250,0.500,3810444,176164,165920,3808512,13788.000,1709.256,19.991,235.897,3.998,13.994,4987,4420,2.420,2.180,1.370,1,0,167.927,0,0,17,167,0,15,0
25-06 22:48:49,22.753,14.752,60.758,0,0,3808180,178404,165920,3808176,24132.003,1512.188,0,148.018,0,12.001,4550,4489,2.420,2.180,1.370,4,0,97.012,0,0,17,167,0,15,0
25-06 22:48:50,30.008,23.506,45.511,0,0.250,3859920,181304,165920,3754744,11745.936,1620.405,0,2184.546,0,13.003,5176,3140,2.420,2.180,1.370,4,0,208.052,0,0,17,167,0,13,0
25-06 22:48:51,42.538,20.268,35.031,0.250,0.250,3921536,173824,165924,3701992,11894.663,1621.454,8.007,476.427,2.002,23.021,5757,4382,2.470,2.200,1.380,7,0,254.228,0,0,17,183,0,14,0
25-06 22:48:52,16.493,22.241,58.976,0.250,0.750,3941680,153744,165924,3702340,9699.047,1619.340,0,367.850,0,29.988,6095,5912,2.470,2.200,1.380,1,0,245.900,0,0,17,189,0,14,0
25-06 22:48:53,42.279,18.155,38.051,0,0,3985356,133656,165932,3679016,6278.195,1611.579,7.958,326.295,1.990,27.854,7603,13829,2.470,2.200,1.380,3,0,103.459,0,0,17,195,0,14,0
25-06 22:48:54,33.366,24.585,40.390,0.251,0,4057952,134128,165932,3607596,9191.905,1625.643,12.042,489.700,3.010,41.143,5514,3713,2.470,2.200,1.380,2,0,242.843,0,0,17,199,0,14,0
25-06 22:48:55,36.402,26.862,36.151,0,0,4115944,163200,165932,3522612,7712.252,1572.576,8.034,486.033,2.008,21.088,7018,9786,2.470,2.200,1.380,5,0,285.193,0,0,17,203,0,12,0
25-06 22:48:56,8.711,22.649,64.962,0.498,0.747,4141728,137576,165932,3522580,11719.995,1437.621,19.912,442.039,1.991,35.841,5658,4880,2.350,2.180,1.380,1,0,295.688,0,0,17,205,0,12,0
25-06 22:48:57,17.020,26.532,53.814,0.751,0.751,4145172,172152,165932,3485052,8528.166,1297.547,168.200,436.520,8.010,19.023,5745,14204,2.350,2.180,1.380,1,0,254.303,0,0,17,205,0,13,0
25-06 22:48:58,10.485,19.472,66.655,0.250,0.250,4145428,171888,165932,3485176,6241.101,1599.719,11.983,443.368,2.996,37.946,5147,3988,2.350,2.180,1.380,4,0,210.700,0,0,17,205,0,13,0
25-06 22:48:59,10.264,20.028,67.343,0,0.751,4146252,171036,165932,3485204,10145.064,1568.174,4.006,332.461,1.001,26.036,4810,3336,2.350,2.180,1.380,1,0,187.260,0,0,17,205,0,11,0
25-06 22:49:00,14.520,19.777,62.835,0.250,1.001,4161836,155436,165932,3485680,7446.038,1638.208,4.005,200.270,1.001,12.016,5227,5012,2.350,2.180,1.380,1,0,180.243,0,0,17,205,0,11,0
25-06 22:49:01,24.907,13.450,59.030,0.249,0,4153872,163384,165932,3485220,25216.950,1506.382,0,701.384,0,55.792,4788,5552,2.320,2.170,1.380,1,0,82.692,0,0,17,207,0,11,0
25-06 22:49:02,40.942,15.573,42.449,0.502,0,4214100,137092,165932,3451612,11474.692,1627.616,164.771,200.940,4.019,17.080,4181,2586,2.320,2.170,1.380,2,0,112.527,0,0,17,211,0,11,0
25-06 22:49:03,44.891,6.734,46.887,0.499,0.249,4318408,128508,165932,3357580,10361.953,1550.253,251.392,3.990,2.993,0.998,3008,1467,2.320,2.170,1.380,2,0,0.998,0,0,17,211,0,10,0
25-06 22:49:04,38.008,8.002,52.010,1.500,0,4411420,128096,165936,3267044,8728.731,1566.311,64.013,100.020,4.001,3.001,3058,2042,2.320,2.170,1.380,1,0,9.002,0,0,17,214,0,10,0
25-06 22:49:05,33.964,13.236,51.196,0.499,0,4305804,233672,165940,3267080,9856.667,1564.360,3.996,12950.424,0.999,976.976,4853,3161,2.320,2.170,1.380,2,0,188.802,0,0,17,217,0,10,0
25-06 22:49:06,33.063,24.297,40.327,1.002,0.250,4374476,163988,165948,3268076,6010.520,1514.904,941.805,0,10.019,0,5446,3600,2.380,2.190,1.390,3,0,260.499,0,0,17,217,0,10,0
25-06 22:49:07,34.010,30.783,32.272,0.248,0,4419640,142424,165968,3244732,18991.921,9556.533,1227.335,925.466,24.825,19.860,6437,5528,2.380,2.190,1.390,4,0,303.855,0,0,17,220,0,8,0
25-06 22:49:08,45.545,24.408,29.441,0.252,0,4338656,222060,165972,3246520,12343.075,2400.574,24.157,450.925,3.020,30.196,6723,7245,2.380,2.190,1.390,2,0,293.907,0,0,17,223,0,9,0
25-06 22:49:09,47.601,16.698,34.641,0.249,0,4395024,165040,165972,3247148,11729.177,1614.930,67.787,251.211,3.987,19.937,5385,5592,2.380,2.190,1.390,5,0,102.678,0,0,17,223,0,9,0
25-06 22:49:10,68.867,16.840,12.818,0.754,0,4515724,142508,165976,3150880,23993.021,11542.588,470.511,398.124,12.064,21.113,5496,4342,2.380,2.190,1.390,2,0,127.681,0,0,17,225,0,9,0
25-06 22:49:11,67.186,12.238,17.733,2.498,0.250,4504144,236732,166000,3069900,14057.561,2659.458,1606.464,6625.666,43.958,63.939,5218,4370,2.670,2.250,1.410,4,0,26.974,0,0,17,230,0,8,0
25-06 22:49:12,58.481,14.995,11.496,13.745,0,4615084,119388,166008,3076384,10239.597,1565.480,5002.338,1439.522,301.900,142.952,5242,4523,2.670,2.250,1.410,5,0,22.992,0,0,17,230,0,8,0
25-06 22:49:13,64.742,11.411,17.364,5.209,0,4647404,126748,166072,3037376,48658.506,9375.494,1591.522,1849.499,158.755,139.903,6064,5844,2.670,2.250,1.410,4,0,19.844,0,0,17,231,0,13,0
25-06 22:49:14,36.691,25.131,36.439,0.251,0.251,4579244,222264,166072,3011164,10739.819,4802.963,156.815,623.239,11.057,44.230,6512,6410,2.670,2.250,1.410,4,0,245.275,0,0,17,229,0,14,0
25-06 22:49:15,40.825,26.799,30.306,0,0.250,4611228,188460,166072,3012984,10837.981,1568.892,0,4143.639,0,454.839,6167,4600,2.670,2.250,1.410,3,0,225.416,0,0,17,229,0,14,0
25-06 22:49:16,38.736,26.241,33.488,0.250,0,4661932,136344,166076,3014744,31527.962,9433.697,0,315.889,0,14.995,6747,6345,2.930,2.310,1.440,16,0,236.917,0,0,17,230,0,14,0
25-06 22:49:17,41.385,18.059,38.877,0.502,0,4625004,172544,166076,3015108,15532.849,4793.693,0,955.127,0,62.204,5727,6624,2.930,2.310,1.440,4,0,170.558,0,0,17,229,0,15,0
25-06 22:49:18,58.078,25.564,15.140,0,0,4682344,157020,166080,2974836,10403.326,1554.691,3.971,238.267,0.993,15.884,6367,5639,2.930,2.310,1.440,5,0,459.656,0,0,17,229,0,15,0
25-06 22:49:19,53.539,21.617,22.873,1.508,0,4729200,185704,166096,2901752,28433.448,11482.971,1053.686,579.125,47.255,29.157,7477,9345,2.930,2.310,1.440,2,0,277.498,0,0,17,230,0,14,0
25-06 22:49:20,67.915,19.902,10.946,0.498,0,4770328,141608,166104,2904240,10572.869,2660.880,270.665,927.427,12.936,58.711,7796,10718,2.930,2.310,1.440,5,0,300.518,0,0,17,233,0,17,0
25-06 22:49:21,56.348,24.292,18.783,0.250,0.250,4829000,126420,166108,2862148,11965.711,7304.644,889.540,2247.891,19.033,44.076,9708,16648,3.020,2.340,1.450,8,0,398.690,0,0,17,236,0,17,0
25-06 22:49:22,48.414,16.807,31.858,2.007,0,4844060,123000,166108,2850464,23781.421,6846.151,497.683,1031.488,31.105,79.268,7946,13938,3.020,2.340,1.450,5,0,139.472,0,0,17,239,0,19,0
25-06 22:49:23,60.335,19.198,19.198,0.249,0.249,4889012,126692,166108,2802608,9987.690,1615.582,95.738,2999.797,7.978,177.515,5586,4284,3.020,2.340,1.450,5,0,156.572,0,0,17,243,0,18,0
25-06 22:49:24,65.489,11.040,22.081,1.004,0,5038872,137268,166100,2645004,8955.688,3605.159,457.670,172.630,10.037,8.029,4350,3036,3.020,2.340,1.450,2,0,4.015,0,0,17,246,0,18,0
25-06 22:49:25,57.562,10.173,28.781,2.233,0,5086972,153028,165960,2582660,45619.708,16943.017,1008.324,750.288,82.373,44.660,6599,7184,3.020,2.340,1.450,4,0,9.924,0,0,17,248,0,23,0
25-06 22:49:26,62.475,9.785,26.345,0.502,0,5078372,161528,165960,2582884,10622.258,3198.520,1051.788,341.229,22.080,26.094,4604,3038,2.940,2.340,1.450,3,0,14.051,0,0,17,252,0,23,0
25-06 22:49:27,58.280,18.009,20.010,3.002,0,5064396,173744,166120,2584460,16919.759,8216.253,2089.081,1611.834,50.026,105.054,7250,7998,2.940,2.340,1.450,3,1,279.145,0,0,17,258,0,25,0
25-06 22:49:28,46.521,26.762,25.012,1.000,0,5015508,219484,166232,2587452,14743.807,6737.110,3405.572,2617.208,61.028,240.111,8116,10433,2.940,2.340,1.450,4,0,406.188,0,0,17,259,0,27,0
25-06 22:49:29,55.788,22.166,20.173,0.249,0,5052024,182876,166232,2587928,7639.010,2366.021,769.081,446.306,6.974,29.887,6341,7655,2.940,2.340,1.450,3,0,282.926,0,0,17,260,0,27,0
25-06 22:49:30,65.962,17.740,16.491,0.500,0,5153096,128272,166236,2542548,20082.573,11031.723,807.540,379.784,28.984,35.980,5745,4944,2.940,2.340,1.450,7,0,163.907,0,0,18,265,0,28,0
25-06 22:49:31,80.720,12.825,1.760,3.521,0,5179156,149356,166236,2496660,17117.772,2415.076,3178.526,3005.518,183.067,189.102,5975,4399,3.020,2.370,1.470,4,0,17.100,0,0,18,264,0,28,0
25-06 22:49:32,81.080,9.231,7.235,1.746,0,5279608,145752,166284,2402340,16454.536,7222.872,1460.940,13791.115,56.881,81.829,5407,3378,3.020,2.370,1.470,6,0,15.967,0,0,18,271,0,28,0
25-06 22:49:33,43.758,15.503,39.258,0.750,0,5292448,163280,166292,2372904,15347.980,7780.511,584.113,992.193,10.002,85.017,6588,8333,3.020,2.370,1.470,2,0,218.042,0,0,18,270,0,30,0
25-06 22:49:34,41.017,9.754,48.270,0,0,5299100,156592,166292,2372940,20048.282,3398.404,512.212,176.073,4.002,10.004,3263,1956,3.020,2.370,1.470,2,0,11.005,0,0,18,271,0,30,0
25-06 22:49:35,46.755,13.752,38.254,0.250,0,5312868,151436,166296,2364892,16560907.381,101361.711,564.065,292.034,8.001,25.003,8488,4570,3.020,2.370,1.470,7,0,88.010,0,0,18,275,0,30,0
25-06 22:49:36,45.441,19.616,30.294,2.731,0.248,5300640,161124,166296,2367440,24011.553,6763.958,2781.069,15411.096,29.797,1292.204,6249,4572,2.940,2.360,1.470,3,0,185.736,0,0,18,274,0,31,0
25-06 22:49:37,55.371,9.061,34.984,0.252,0,5346152,140532,166296,2343680,10068.423,3128.953,257.726,2045.699,2.013,38.256,3941,2323,2.940,2.360,1.470,3,0,1.007,0,0,18,275,0,31,0
25-06 22:49:38,31.340,4.262,63.181,0.501,0,5362700,123968,166296,2343700,28566.688,17075.829,0,405.159,0,42.120,3424,3188,2.940,2.360,1.470,2,0,0,0,0,18,281,0,32,0
25-06 22:49:39,33.573,6.963,55.955,0.497,0,5289800,196272,166296,2344296,11108.489,4049.669,529.212,509.317,29.843,48.743,5221,5587,2.940,2.360,1.470,2,0,37.801,0,0,18,280,0,33,0
25-06 22:49:40,2.501,1.251,93.544,0.250,0.250,5284836,201220,166296,2344312,182860.213,5573106.062,0,336.157,0,29.014,3196,1818,2.940,2.360,1.470,0,0,0,0,0,18,278,0,34,0
25-06 22:49:41,4.753,1.501,89.548,0.500,0,5285020,201032,166296,2344316,207141.044,6509097.958,0,412.219,0,39.021,3679,2100,2.780,2.340,1.470,0,0,1.001,0,0,18,280,0,34,0
25-06 22:49:42,5.755,1.251,89.828,0,0,5292568,193480,166296,2344320,7239093.934,4530406.153,0,340.296,0,25.022,3603,2314,2.780,2.340,1.470,2,0,1.001,0,0,18,285,0,34,0
25-06 22:49:43,25.998,4.500,66.244,1.000,0,5293820,192080,166304,2344460,683837.834,1685.849,79.993,2855.745,4.000,278.975,5176,6008,2.780,2.340,1.470,2,0,2.000,0,0,18,288,0,34,0
25-06 22:49:44,21.556,4.762,71.186,0.251,0,5216668,253072,166304,2360588,8759885.693,33232.747,32.084,308.806,2.005,25.065,5168,3506,2.780,2.340,1.470,1,0,22.058,0,0,18,284,0,37,0
25-06 22:49:45,8.223,20.682,65.783,1.246,0.997,5218364,251256,166304,2360708,7329.818,1560.851,43.855,18714.260,2.990,381.741,5402,3507,2.780,2.340,1.470,3,1,251.171,0,0,18,284,0,37,0
25-06 22:49:46,16.015,13.513,69.067,0,0.751,5249460,220136,166308,2360728,11052.650,1621.562,0,732.706,0,38.037,4046,3175,2.720,2.330,1.470,1,0,193.186,0,0,18,284,0,37,0
25-06 22:49:47,27.245,3.499,67.739,0.250,0,5312724,156832,166308,2360768,10548.234,1619.729,0,639.893,0,51.991,2537,2029,2.720,2.330,1.470,1,0,2.000,0,0,18,288,0,37,0
25-06 22:49:48,10.750,17.750,68.252,0,0,5307480,162052,166308,2360792,22781.567,1566.039,0,84.002,0,7.000,4589,3115,2.720,2.330,1.470,1,0,183.005,0,0,18,288,0,37,0
25-06 22:49:49,9.490,19.230,68.679,0.499,0.999,5292724,176788,166308,2360812,9408.325,1564.391,0,247.745,0,27.971,4823,3369,2.720,2.330,1.470,1,0,194.800,0,0,18,288,0,37,0
25-06 22:49:50,9.004,20.259,68.531,0,0.500,5287056,182420,166308,2360848,10312.706,1512.690,0,0,0,0,4675,3195,2.720,2.330,1.470,1,0,205.094,0,0,18,288,0,37,0
25-06 22:49:51,5.251,8.252,83.266,0.250,0.750,5276216,193240,166308,2360868,10005.901,1620.308,16.003,364.069,1.000,32.006,2959,2733,2.660,2.320,1.470,1,0,92.017,0,0,18,288,0,37,0
25-06 22:49:52,12.256,4.252,81.290,1.000,0,5289324,180112,166308,2360888,7421.648,1458.717,0,2369.165,0,136.067,2230,2385,2.660,2.320,1.470,1,0,10.005,0,0,18,288,0,36,0
25-06 22:49:53,20.745,2.249,74.731,0.250,0,5343072,126220,166308,2361032,10598.246,3591.067,143.963,1035.731,7.998,56.985,2238,2014,2.660,2.320,1.470,0,0,0,0,0,18,289,0,36,0
25-06 22:49:54,23.503,3.000,73.009,0.250,0,5336228,132968,166308,2361128,18206.121,8504.991,64.007,496.058,4.000,46.005,2790,2421,2.660,2.320,1.470,1,0,4.000,0,0,18,294,0,37,0
25-06 22:49:55,10.748,15.998,68.990,0.250,0.500,5299292,169860,166312,2361168,10994.435,1565.777,11.998,47.993,3.000,3.999,4272,3062,2.660,2.320,1.470,1,0,139.980,0,0,18,294,0,37,0
25-06 22:49:56,11.968,16.455,69.063,0,0.748,5288116,180888,166312,2361300,14078.796,1709.361,3.989,0,0.997,0,4331,2898,2.530,2.300,1.470,1,0,97.735,0,0,18,294,0,37,0
25-06 22:49:57,12.753,17.254,67.514,0.500,0.750,5281492,187348,166312,2361464,11543.377,1458.300,0,124.026,0,12.002,4610,3450,2.530,2.300,1.470,2,0,122.025,0,0,18,294,0,37,0
25-06 22:49:58,20.049,20.300,57.392,0,0.251,5268044,200616,166312,2361644,13942.388,1624.006,0,673.662,0,33.082,5320,14691,2.530,2.300,1.470,1,0,133.329,0,0,18,294,0,38,0
25-06 22:49:59,12.242,17.489,67.456,0.500,0.750,5266596,201980,166312,2361728,9879.569,1511.016,79.948,231.849,4.997,15.990,4629,3178,2.530,2.300,1.470,1,0,127.917,0,0,18,294,0,38,0
25-06 22:50:00,21.495,4.999,72.484,0.250,0,5301196,167324,166312,2361784,19105.894,1619.652,3.999,147.968,1.000,11.997,2228,1754,2.530,2.300,1.470,1,0,12.997,0,0,18,294,0,37,0
25-06 22:50:01,25.635,4.021,69.364,0,0,5316600,151920,166312,2361784,11468.221,1574.267,0,305.605,0,33.174,2591,2271,2.730,2.350,1.490,1,0,2.011,0,0,18,296,0,37,0
25-06 22:50:02,23.151,3.485,70.201,1.245,0,5348084,151544,166316,2331852,10853.794,1613.133,358.474,43.813,14.936,4.979,2382,1745,2.730,2.350,1.490,1,0,5.975,0,0,18,298,0,37,0
25-06 22:50:03,23.993,2.999,71.729,0.250,0,5232884,266448,166316,2332148,6338.128,1619.522,255.924,423.875,13.996,45.986,2775,2722,2.730,2.350,1.490,1,0,5.998,0,0,18,296,0,37,0
25-06 22:50:04,24.264,2.501,72.040,0.750,0.250,5289312,210000,166316,2332168,11220.280,1620.907,24.013,292.164,4.002,22.012,2188,1708,2.730,2.350,1.490,2,0,0,0,0,18,296,0,37,0
25-06 22:50:05,22.496,3.999,72.739,0,0,5339184,160108,166316,2332188,7344.841,1619.744,0,107.983,0,8.999,2167,1613,2.730,2.350,1.490,1,0,3.000,0,0,18,298,0,37,0
25-06 22:50:06,10.244,1.749,85.948,0,0,5341112,158148,166316,2332220,30595.549,20420.685,0,2970.209,0,428.741,2498,2166,2.510,2.310,1.480,1,0,0,0,0,18,299,0,38,0
25-06 22:50:07,25.510,3.001,70.027,0.250,0,5298484,200764,166316,2332232,8864.363,1374.521,0,88.033,0,6.002,2502,1801,2.510,2.310,1.480,1,0,17.006,0,0,18,296,0,39,0
25-06 22:50:08,26.257,5.752,67.769,0,0,5348148,151064,166316,2332268,6618.847,1350.377,16.004,16048.478,1.000,26.007,2621,2229,2.510,2.310,1.480,2,0,3.001,0,0,18,296,0,38,0
25-06 22:50:09,27.598,1.740,69.119,0,0,5358420,140760,166316,2332300,12997.354,1503.711,31.825,163.101,1.989,15.912,2342,1769,2.510,2.310,1.480,2,0,0.995,0,0,18,297,0,38,0
25-06 22:50:10,12.561,18.339,66.323,0.251,0.754,5321476,177520,166324,2332476,10464.992,1573.668,397.939,438.135,6.029,21.103,5070,4080,2.510,2.310,1.480,1,0,182.891,0,0,18,296,0,38,0
25-06 22:50:11,11.005,21.260,65.531,0.250,0.500,5316612,182248,166324,2332612,22653.572,1620.756,32.015,308.144,4.002,24.011,5328,4034,2.310,2.270,1.470,1,0,228.106,0,0,18,296,0,38,0
25-06 22:50:12,13.495,14.745,68.476,0,0.750,5301180,197652,166324,2332640,7715.251,1457.481,0,291.896,0,22.992,4491,3530,2.310,2.270,1.470,2,0,175.937,0,0,18,296,0,37,0
25-06 22:50:13,23.275,4.004,71.577,0.501,0,5327372,171352,166344,2332728,10208.945,1621.739,80.086,892.957,4.004,104.112,2601,2373,2.310,2.270,1.470,1,0,17.018,0,0,18,296,0,37,0
25-06 22:50:14,18.803,2.256,77.720,0,0,5345312,152344,166376,2333764,19551.353,4465.643,0,389.102,0,16.045,1999,1548,2.310,2.270,1.470,1,0,18.051,0,0,18,297,0,37,0
25-06 22:50:15,23.739,2.999,72.717,0.250,0,5307488,184280,166960,2338960,9324.720,1739.202,0,903.585,0,20.990,2158,1637,2.310,2.270,1.470,1,0,2.999,0,0,18,296,0,37,0
25-06 22:50:16,21.927,5.731,68.273,0.748,0,5327844,162840,166992,2339960,7114.389,1614.641,23.921,881.076,0.997,28.904,11906,21801,2.200,2.250,1.470,1,0,9.967,0,0,18,296,0,31,0
25-06 22:50:17,19.252,3.500,76.758,0,0,5308768,181648,166996,2340208,17508.732,3684.364,24.002,340.034,4.000,9.001,1933,1464,2.200,2.250,1.470,1,0,3.000,0,0,18,297,0,31,0
25-06 22:50:18,23.764,5.753,68.040,0,0,5330656,159392,167048,2340524,11480.671,2402.396,148.086,260.151,6.003,6.003,10647,19177,2.200,2.250,1.470,2,0,10.006,0,0,18,297,0,31,0
25-06 22:50:19,21.515,4.753,72.800,0,0,5324824,165152,167084,2340544,13096.988,1621.113,0,328.225,0,6.004,2278,1605,2.200,2.250,1.470,1,0,10.007,0,0,18,297,0,31,0
25-06 22:50:20,15.226,12.480,70.639,0.499,0,5293236,202584,167168,2334592,11019.681,1791.185,0,547.140,0,24.961,3890,2880,2.200,2.250,1.470,1,0,133.790,0,0,18,296,0,31,0
25-06 22:50:21,15.505,14.004,68.021,0.250,1.000,5304776,191028,167168,2334608,12789.962,1620.502,0,556.172,0,23.007,3735,3058,2.110,2.230,1.470,1,0,131.041,0,0,18,296,0,27,0
25-06 22:50:22,24.762,2.751,72.034,0,0,5344208,151592,167168,2334612,9673.627,1620.775,0,1452.695,0,267.128,2071,1541,2.110,2.230,1.470,1,0,1.000,0,0,18,296,0,27,0
25-06 22:50:23,17.746,2.249,78.482,0.250,0,5357860,137692,167168,2334860,27975.640,10204.680,47.989,195.955,2.000,17.996,2236,2176,2.110,2.230,1.470,1,0,0,0,0,18,300,0,28,0
25-06 22:50:24,16.002,11.251,70.758,0.250,0,5319724,175668,167168,2335020,7104.776,3006.328,148.016,288.031,10.001,18.002,3506,2677,2.110,2.230,1.470,2,0,112.012,0,0,18,296,0,30,0
25-06 22:50:25,23.754,2.750,72.261,0,0,5334044,161344,167168,2335024,11733.733,1296.191,0,0,0,0,2097,1531,2.110,2.230,1.470,1,0,0,0,0,18,296,0,27,0
25-06 22:50:26,18.738,1.999,78.452,0,0,5336744,158636,167168,2335032,18180.807,10150.751,0,27.983,0,1.999,2171,1868,2.020,2.210,1.470,1,0,0,0,0,18,296,0,28,0
25-06 22:50:27,19.007,8.503,71.027,0,0,5310016,185356,167168,2335040,12275.722,1662.640,0,120.046,0,12.005,3188,2617,2.020,2.210,1.470,1,0,70.027,0,0,18,296,0,28,0
25-06 22:50:28,22.245,2.250,73.484,0.250,0,5363860,131508,167168,2335044,12078.400,3429.262,0,191.959,0,20.995,2341,1949,2.020,2.210,1.470,0,0,0,0,0,18,297,0,28,0
25-06 22:50:29,19.501,1.500,78.253,0,0,5351356,143856,167168,2335200,24798.997,12712.511,16.001,440.018,1.000,9.000,2240,1803,2.020,2.210,1.470,1,0,0,0,0,18,296,0,20,0
25-06 22:50:30,20.006,7.753,71.523,0,0,5360836,134368,167168,2335208,9837.195,1458.474,0,0,0,0,2761,2035,2.020,2.210,1.470,2,0,56.018,0,0,18,296,0,20,0
25-06 22:50:31,19.753,3.250,76.011,0,0,5335664,190676,167168,2305264,13410.956,7347.072,0,224.033,0,21.003,2275,2008,1.940,2.190,1.460,1,0,0,0,0,18,297,0,20,0
25-06 22:50:32,19.755,5.001,74.020,0,0,5283504,242684,167168,2305416,14149.795,6254.678,144.039,124.033,8.002,8.002,2661,2008,1.940,2.190,1.460,1,0,33.009,0,0,18,296,0,23,0
25-06 22:50:33,23.746,2.999,71.987,0.250,0,5328976,197188,167172,2305436,9979.205,1619.709,15.997,115.979,1.000,11.998,2149,1787,1.940,2.190,1.460,1,0,0,0,0,18,296,0,20,0
25-06 22:50:34,15.745,2.249,80.722,0,0,5343640,182508,167172,2305452,15031.765,9796.588,0,219.923,0,18.993,2020,1787,1.940,2.190,1.460,1,0,0,0,0,18,297,0,20,0
25-06 22:50:35,18.242,6.497,73.967,0.250,0,5316812,209296,167172,2305492,28515.397,4373.067,31.986,263.883,1.999,26.988,2948,2671,1.940,2.190,1.460,2,0,46.979,0,0,18,296,0,21,0
25-06 22:50:36,30.912,4.986,62.572,0,0,5350500,175488,167172,2305612,10113.226,1615.404,366.956,175.501,2.991,10.969,2522,1615,1.860,2.170,1.460,2,0,2.991,0,0,18,296,0,21,0
25-06 22:50:37,37.577,7.265,54.362,0.251,0,5356456,169508,167172,2305636,22207.624,11895.438,513.054,2016.142,4.008,334.688,3484,2400,1.860,2.170,1.460,2,0,8.016,0,0,18,296,0,22,0
25-06 22:50:38,30.290,7.009,62.082,0.250,0,5344272,181684,167172,2305644,7879.432,1622.148,256.339,552.732,2.003,39.052,3087,2382,1.860,2.170,1.460,1,0,33.044,0,0,18,296,0,22,0
25-06 22:50:39,19.749,2.250,76.747,0,0,5366916,159036,167172,2305648,11741.536,7345.710,0,4.000,0,1.000,1974,1580,1.860,2.170,1.460,1,0,0,0,0,18,297,0,22,0
25-06 22:50:40,16.000,4.750,77.248,0,0.500,5318140,207796,167172,2305664,16059.669,6794.860,0,203.996,0,24.999,3018,2911,1.860,2.170,1.460,1,0,42.999,0,0,18,296,0,23,0
25-06 22:50:41,20.502,7.251,70.007,0.250,0,5305312,220616,167172,2305672,8676.889,1620.166,0,292.030,0,25.003,2880,2521,1.870,2.160,1.460,1,0,45.005,0,0,18,296,0,20,0
25-06 22:50:42,18.994,2.999,77.225,0.250,0,5346224,179696,167172,2305680,12520.879,7181.636,0,263.913,0,19.993,2224,2051,1.870,2.160,1.460,1,0,1.000,0,0,18,297,0,20,0
25-06 22:50:43,20.009,5.252,72.282,0.500,0.500,5319496,206364,167172,2305740,28661.710,19417.611,32.014,704.312,2.001,58.026,3032,2801,1.870,2.160,1.460,1,0,47.021,0,0,18,296,0,22,0
25-06 22:50:44,23.996,3.749,70.988,0.750,0,5338400,187460,167172,2305740,7974.622,1457.748,0,3159.454,0,230.960,2553,2601,1.870,2.160,1.460,1,0,0,0,0,18,296,0,22,0
25-06 22:50:45,16.752,2.000,79.759,0.250,0,5339544,185968,167172,2306104,21871.408,10558.163,352.039,100.011,22.002,9.001,2361,2138,1.870,2.160,1.460,1,0,0,0,0,18,296,0,21,0
25-06 22:50:46,22.253,4.251,72.510,0,0,5314524,210984,167172,2306108,20250.729,1620.218,0,88.012,0,6.001,2201,1699,1.880,2.160,1.470,1,0,14.002,0,0,18,296,0,21,0
25-06 22:50:47,19.251,3.000,76.753,0,0,5339656,185812,167172,2306148,12355.504,7184.293,0,108.004,0,5.000,2030,1577,1.880,2.160,1.470,1,0,0,0,0,18,297,0,21,0
25-06 22:50:48,23.581,6.454,65.778,1.489,0,5336824,186216,167172,2308576,10866.957,2441.466,2208.142,889.611,89.358,122.123,5134,6749,1.880,2.160,1.470,12,0,6.950,0,0,18,297,0,21,0
25-06 22:50:49,24.162,4.279,69.467,0.503,0,5308200,214760,167172,2308656,11000.905,2853.168,16.108,491.301,1.007,58.392,3591,4259,1.880,2.160,1.470,1,0,5.034,0,0,18,296,0,22,0
25-06 22:50:50,22.258,3.501,73.025,0.250,0,5369604,153344,167172,2308668,12356.186,3593.217,0,384.130,0,43.015,2307,1896,1.880,2.160,1.470,0,0,0,0,0,18,297,0,22,0
25-06 22:50:51,15.964,2.245,80.071,0.249,0,5363924,159016,167172,2308676,16648.767,9083.685,0,399.107,0,35.920,2521,2651,1.810,2.140,1.460,3,0,0,0,0,18,297,0,22,0
25-06 22:50:52,23.294,6.262,67.878,0.751,0,5350932,171860,167172,2308824,11843.283,2851.365,96.181,989.862,5.009,123.232,5154,6732,1.810,2.140,1.460,1,0,1.002,0,0,18,296,0,23,0
25-06 22:50:53,12.754,16.756,67.023,0.500,0.500,5308244,214536,167172,2308836,9741.304,1620.550,0,2973.009,0,408.138,4730,3424,1.810,2.140,1.460,2,0,215.073,0,0,18,296,0,23,0
25-06 22:50:54,9.748,22.744,64.484,0.250,0.500,5292120,230644,167172,2308852,6873.320,1619.604,0,2207.461,0,41.990,5178,3718,1.810,2.140,1.460,1,0,267.935,0,0,18,296,0,23,0
25-06 22:50:55,9.252,22.755,64.264,1.250,0.750,5286716,236036,167172,2308864,6016.354,1620.365,0,3480.784,0,208.047,5522,4553,1.810,2.140,1.460,1,0,262.059,0,0,18,296,0,23,0
25-06 22:50:56,9.746,21.742,64.976,0,0.500,5272948,249784,167172,2308884,12573.447,1713.380,0,191.931,0,16.994,5212,3625,1.750,2.120,1.460,1,0,265.904,0,0,18,296,0,23,0
25-06 22:50:57,8.977,22.193,66.080,0,0.748,5271592,251128,167172,2308896,8869.146,1615.836,0,159.589,0,17.954,5224,3907,1.750,2.120,1.460,2,0,262.324,0,0,18,296,0,22,0
25-06 22:50:58,18.797,26.066,52.132,0,0.251,5245780,276928,167172,2308908,22955.983,1461.692,0,561.418,0,44.111,6395,14970,1.750,2.120,1.460,2,0,314.795,0,0,18,296,0,23,0
25-06 22:50:59,8.751,21.752,66.007,0.250,0.750,5245212,277476,167172,2308928,8768.879,1620.162,0,180.018,0,16.002,5050,3517,1.750,2.120,1.460,3,0,264.026,0,0,18,296,0,23,0
25-06 22:51:00,8.502,22.755,66.266,0,0.750,5241640,281036,167172,2308940,9663.305,1620.386,0,24.006,0,6.001,5040,3427,1.750,2.120,1.460,2,0,259.062,0,0,18,296,0,23,0
25-06 22:51:01,8.749,22.747,64.493,0.250,1.000,5242608,280052,167172,2308956,10278.844,1457.836,0,615.931,0,42.995,5262,3986,1.610,2.090,1.450,1,0,260.971,0,0,18,296,0,23,0
25-06 22:51:02,10.243,21.236,65.456,0.250,0.250,5249784,272848,167172,2308984,7370.062,1618.915,0,259.826,0,20.986,5279,3960,1.610,2.090,1.450,1,0,256.828,0,0,18,296,0,22,0
25-06 22:51:03,8.505,21.764,66.541,0,1.001,5241528,281092,167172,2308996,6765.210,1458.908,0,20.012,0,5.003,4907,3407,1.610,2.090,1.450,2,0,253.158,0,0,18,296,0,22,0
25-06 22:51:04,8.996,21.989,66.467,0,0.250,5241716,280892,167172,2309008,13330.400,1619.198,0,19.990,0,4.998,5131,3489,1.610,2.090,1.450,1,0,254.874,0,0,18,296,0,22,0
25-06 22:51:05,8.756,21.764,66.042,0,0.750,5246292,276292,167172,2309032,10014.422,1621.040,0,580.372,0,26.017,4967,3503,1.610,2.090,1.450,1,0,248.159,0,0,18,296,0,22,0
25-06 22:51:06,8.749,22.497,66.240,0,0.750,5249116,273460,167172,2309040,9837.539,1133.832,0,19.997,0,4.999,4909,3342,1.560,2.070,1.450,1,0,243.964,0,0,18,296,0,22,0
25-06 22:51:07,14.747,10.998,69.485,2.000,0,5263092,258556,167172,2309968,7858.350,1457.694,895.812,151.968,79.983,12.997,3781,3075,1.560,2.070,1.450,4,0,121.974,0,0,18,296,0,22,0
25-06 22:51:08,19.489,11.244,66.964,1.249,0,5263080,364120,167184,2215956,10315.410,1511.181,1223.337,2754.507,140.924,27.985,3234,3014,1.560,2.070,1.450,1,0,18.990,0,0,18,296,0,22,0
25-06 22:51:09,23.165,5.231,67.252,1.993,0.249,5264472,349464,167352,2229048,10052.909,1398.839,4854.090,1131.824,301.886,230.151,3181,2609,1.560,2.070,1.450,1,0,2.989,0,0,18,296,0,22,0
25-06 22:51:10,23.606,2.762,72.829,0.502,0,5274056,337044,167352,2231880,22707.430,2579.636,20.091,1020.604,4.018,12.054,2533,2220,1.560,2.070,1.450,0,0,17.077,0,0,18,297,0,20,0
25-06 22:51:11,15.738,1.499,76.940,3.747,0,5288860,321472,167376,2232620,20692.806,8067.686,647.493,1394.908,36.971,44.965,2168,2143,1.430,2.030,1.440,1,0,0,0,0,18,297,0,20,0
25-06 22:51:12,14.760,2.252,79.305,2.252,0,5288092,321248,167480,2233504,26951.580,12808.830,556.384,1444.996,57.039,54.037,2158,2173,1.430,2.030,1.440,1,0,1.001,0,0,18,297,0,20,0
25-06 22:51:13,19.498,1.750,75.492,1.500,0.250,5306760,301592,167548,2234420,17534.076,8020.120,795.913,1355.851,37.996,66.993,2156,1969,1.430,2.030,1.440,1,0,0,0,0,18,297,0,20,0
25-06 22:51:14,17.254,1.250,78.519,2.501,0.250,5305804,301592,167640,2235276,23088.640,10316.520,624.152,932.228,53.013,31.008,1849,1552,1.430,2.030,1.440,0,0,2.000,0,0,18,297,0,20,0
25-06 22:51:15,20.740,1.249,76.211,0.999,0,5320396,285716,167696,2236504,17809.987,7318.297,1023.482,771.610,35.982,23.988,1955,1504,1.430,2.030,1.440,1,0,0,0,0,18,297,0,20,0
25-06 22:51:16,15.750,1.000,80.002,1.500,0,5319528,285716,167772,2237284,25171.493,11921.233,632.012,1356.027,57.001,51.001,1824,1561,1.400,2.020,1.440,0,0,0,0,0,18,297,0,20,0
25-06 22:51:17,15.006,2.251,72.779,8.754,0,5326924,246352,167780,2269308,9391.756,1632.653,15394.156,140.056,157.063,5.002,1789,1496,1.400,2.020,1.440,1,0,0,0,0,18,297,0,20,0
25-06 22:51:18,22.753,2.750,72.259,0.750,0,5325632,235780,167796,2281124,6683.824,1620.200,0,1672.206,0,67.008,2251,1996,1.400,2.020,1.440,1,0,1.000,0,0,18,297,0,20,0
25-06 22:51:19,23.750,2.500,72.501,0.500,0,5329836,213364,168192,2298600,11839.180,1296.020,0,1368.021,0,36.001,2284,1950,1.400,2.020,1.440,2,0,0,0,0,18,297,0,20,0
25-06 22:51:20,23.750,2.250,71.749,0.750,0,5335020,189436,168196,2317224,7825.864,1295.978,0,5635.902,0,246.996,2565,2252,1.400,2.020,1.440,1,0,0,0,0,18,297,0,20,0
25-06 22:51:21,22.993,3.499,70.728,1.999,0.250,5336664,174832,168324,2329816,18061.266,1511.520,0,6230.022,0,260.917,3075,3489,1.370,2,1.440,1,0,0,0,0,18,297,0,20,0
25-06 22:51:22,23.507,2.251,71.273,0.750,0,5337104,147880,168324,2355892,11189.566,1566.499,0,2108.672,0,79.025,2630,2430,1.370,2,1.440,3,0,1.000,0,0,18,297,0,20,0
25-06 22:51:23,23.258,3.001,72.274,0.500,0,5339816,156344,168324,2344584,8112.656,1686.552,0,1536.503,0,57.019,2405,2105,1.370,2,1.440,1,0,2.001,0,0,18,296,0,20,0
25-06 22:51:24,22.224,3.746,72.664,0,0,5364728,131424,168324,2344592,14439.848,1618.078,0,7.991,0,1.998,2225,1651,1.370,2,1.440,1,0,16.980,0,0,18,296,0,20,0
25-06 22:51:25,19.514,3.252,76.804,0.250,0,5311144,210196,168324,2320328,15254.644,4576.193,4.003,1348.941,1.001,172.120,2196,1704,1.370,2,1.440,1,0,17.012,0,0,18,297,0,20,0
25-06 22:51:26,23.050,3.007,72.908,0,0,5294700,225444,168328,2321456,6576.267,1689.666,0,1026.226,0,12.026,2324,1963,1.340,1.980,1.430,1,0,7.015,0,0,18,296,0,17,0
25-06 22:51:27,22.999,6.250,68.747,0.500,0,5321004,197988,168328,2322564,9383.546,1565.924,4.000,627.970,1.000,12.999,12708,23066,1.340,1.980,1.430,1,0,8.000,0,0,18,296,0,17,0
25-06 22:51:28,22.017,6.755,69.053,0,0.250,5344316,174580,168328,2322660,9763.559,1663.288,0,1713.326,0,28.022,11471,20597,1.340,1.980,1.430,1,0,20.015,0,0,18,296,0,17,0
25-06 22:51:29,21.947,4.489,72.077,0.249,0,5254628,271740,168328,2315252,9707.641,1508.370,0,347.165,0,12.969,1992,1465,1.340,1.980,1.430,1,0,0.998,0,0,18,296,0,17,0
25-06 22:51:30,23.243,3.749,71.230,0,0,5264264,262084,168328,2315280,8737.499,1619.536,0,351.899,0,3.999,2939,2633,1.340,1.980,1.430,2,0,47.986,0,0,18,296,0,15,0
25-06 22:51:31,25.003,6.001,66.759,0,0,5273080,253264,168328,2315284,9555.243,1620.211,4.001,604.079,1.000,35.005,10175,18926,1.310,1.960,1.430,2,0,7.001,0,0,18,296,0,15,0
25-06 22:51:32,22.979,3.996,72.184,0,0,5306332,220000,168328,2315296,10877.980,1618.509,0,0,0,0,2355,1773,1.310,1.960,1.430,3,0,19.982,0,0,18,296,0,15,0
25-06 22:51:33,19.263,3.002,76.803,0.250,0.250,5305948,214488,168328,2321196,25604.677,4738.271,0,1364.942,0,31.021,2294,2168,1.310,1.960,1.430,3,0,19.013,0,0,18,296,0,15,0
25-06 22:51:34,23.004,5.501,68.263,0.250,0,5322900,196508,168328,2322208,6668.290,1620.314,0,352.068,0,11.002,12825,23494,1.310,1.960,1.430,3,0,7.001,0,0,18,296,0,12,0
25-06 22:51:35,23.255,6.251,69.014,0,0,5324332,194540,168328,2322728,11453.249,1242.244,32.006,576.113,2.000,19.004,12980,23136,1.310,1.960,1.430,2,0,13.003,0,0,18,296,0,12,0
25-06 22:51:36,26.991,8.497,62.729,0.250,0,5313696,212544,168336,2315352,8936.008,863.711,255.914,1339.551,1.999,164.945,2931,2051,1.280,1.950,1.430,1,0,17.994,0,0,18,296,0,12,0
25-06 22:51:37,42.257,8.752,48.008,0,0,5338576,187728,168336,2315352,9611.691,1566.276,512.090,460.081,4.001,19.003,3658,2587,1.280,1.950,1.430,1,0,27.005,0,0,18,296,0,12,0
25-06 22:51:38,32.463,9.489,56.686,0.250,0,5317960,208336,168336,2315360,12262.064,1552.236,255.709,423.519,1.998,21.975,3799,2800,1.280,1.950,1.430,1,0,83.905,0,0,18,296,0,8,0
25-06 22:51:39,21.776,4.756,72.337,0,0,5309044,209948,168336,2322632,10750.858,1621.940,160.192,8.010,16.019,2.002,2396,1932,1.280,1.950,1.430,1,0,16.019,0,0,18,296,0,8,0
25-06 22:51:40,21.754,3.501,73.514,0,0,5316992,198108,168348,2326416,15843.961,2904.543,4.001,11122.079,1.000,58.011,2498,2052,1.280,1.950,1.430,0,0,16.003,0,0,18,297,0,8,0
25-06 22:51:41,15.706,1.247,81.023,0.499,0,5312944,201864,168360,2326696,16532.645,7024.305,3.989,1818.900,0.997,31.911,1890,1937,1.260,1.930,1.430,1,0,0,0,0,18,297,0,8,0
25-06 22:51:42,17.791,2.005,78.681,0.752,0,5324844,189716,168436,2326848,19580.987,10466.046,0,1186.726,0,45.104,2067,2088,1.260,1.930,1.430,2,0,1.002,0,0,18,297,0,7,0
25-06 22:51:43,12.001,1.250,85.010,0.500,0,5321940,192256,168492,2327152,47236.435,9621.107,0,1316.151,0,62.007,1899,2107,1.260,1.930,1.430,1,0,0,0,0,18,298,0,7,0
25-06 22:51:44,10.997,1.750,84.978,0.750,0,5318844,194916,168644,2327412,135603.765,13801.414,0,1211.685,0,50.987,1725,1692,1.260,1.930,1.430,0,0,0,0,0,18,298,0,7,0
25-06 22:51:45,19.998,1.750,77.491,0.500,0,5333708,179856,168716,2327532,31972.278,7717.102,0,739.914,0,29.997,1888,1501,1.260,1.930,1.430,0,0,0,0,0,18,298,0,7,0
25-06 22:51:46,16.752,1.000,80.257,0.750,0.250,5331452,181644,168832,2327864,25520.359,11906.101,0,1400.129,0,55.005,1795,1576,1.240,1.920,1.420,1,0,0,0,0,18,298,0,7,0
25-06 22:51:47,13.500,1.500,83.751,0.250,0.250,5340016,172588,168860,2328328,318798.199,11096.077,0,636.004,0,15.000,1938,1689,1.240,1.920,1.420,1,0,0,0,0,18,298,0,3,0
25-06 22:51:48,11.505,2.251,83.285,1.501,0,5338476,173672,169160,2328464,93577.740,17699.516,32.014,2048.870,5.002,96.041,1976,1961,1.240,1.920,1.420,1,0,3.001,0,0,18,298,0,3,0
25-06 22:51:49,13.001,2.250,82.253,1.500,0,5337408,174064,169392,2328832,70517.829,16109.646,104.004,1876.075,6.000,85.003,1967,1883,1.240,1.920,1.420,0,0,3.000,0,0,18,298,0,3,0
25-06 22:51:50,12.997,1.250,83.982,0.250,0,5335116,167004,169464,2338028,364942.503,16383.431,0,651.858,0,20.995,2042,1654,1.240,1.920,1.420,0,0,1.000,0,0,18,298,0,3,0
25-06 22:51:51,5.500,5.000,85.498,0.500,0,5334448,158072,169484,2347632,5061409.126,70420.499,0,61258.694,0,689.985,5661,4220,1.140,1.880,1.420,0,0,1.000,0,0,18,298,0,2,0
25-06 22:51:52,7.737,2.995,84.354,0.499,0.250,5327248,144996,169544,2367816,10366923.050,85913.633,0,5079.229,0,35.938,5157,3243,1.140,1.880,1.420,1,0,2.995,0,0,18,298,0,2,0
25-06 22:51:53,13.523,3.756,80.385,1.503,0,5330288,127872,169700,2381568,2822748.539,27222.592,164.275,13522.648,4.007,87.146,2960,2403,1.140,1.880,1.420,1,0,1.002,0,0,18,298,0,2,0
25-06 22:51:54,23.509,2.501,72.278,0.750,0,5314872,164652,170384,2360164,10513.095,1620.631,0,1308.510,0,60.023,2242,1887,1.140,1.880,1.420,1,0,1.000,0,0,18,298,0,2,0
25-06 22:51:55,22.751,3.000,72.503,0.500,0,5324032,137052,173196,2373184,9425.348,1458.054,0,3960.146,0,51.002,2407,2113,1.140,1.880,1.420,0,1,0,0,0,18,298,0,1,0
25-06 22:51:56,23.485,3.748,70.456,0.250,0,5316704,126568,173640,2389128,22244.137,1712.932,0,42761.351,0,242.849,2607,2342,1.130,1.870,1.410,1,0,0,0,0,18,298,0,1,0
25-06 22:51:57,22.259,4.252,71.280,1.251,0,5329176,132704,174216,2370340,5651.406,1458.621,0,2597.106,0,115.049,2747,2811,1.130,1.870,1.410,1,0,0,0,0,18,298,0,1,0
25-06 22:51:58,32.257,7.752,58.012,0.750,0,5362184,154772,175124,2317976,10461.188,1620.339,0,2604.545,0,93.019,3579,9261,1.130,1.870,1.410,5,0,36.008,0,0,18,298,0,1,0
25-06 22:51:59,25.995,2.749,70.235,0.250,0,5350972,134704,176544,2342916,9420.028,1619.661,0,779.837,0,32.993,2487,5119,1.130,1.870,1.410,1,0,0,0,0,18,298,0,1,0
25-06 22:52:00,24.252,1.500,72.506,0.250,0,5347808,124244,177044,2355020,10607.892,1458.123,0,2200.185,0,31.003,2294,1958,1.130,1.870,1.410,1,0,0,0,0,18,298,0,1,0
25-06 22:52:01,22.996,3.749,70.988,1.500,0,5342996,130084,178148,2352404,9503.457,1619.737,0,2963.519,0,125.980,2743,2855,1.120,1.850,1.410,1,0,0,0,0,18,298,0,1,0
25-06 22:52:02,22.505,4.251,72.016,0,0,5328840,178508,178256,2317608,9947.144,1806.389,0,700.151,0,17.004,2456,1867,1.120,1.850,1.410,2,0,20.004,0,0,18,296,0,1,0
25-06 22:52:03,18.245,2.249,78.227,0,0,5354780,152556,178256,2317620,18140.585,4559.639,0,403.879,0,5.998,1941,1511,1.120,1.850,1.410,2,0,15.995,0,0,18,297,0,1,0
25-06 22:52:04,23.510,3.001,72.530,0.250,0,5346936,153928,178360,2323700,8323.480,1794.750,0,1152.482,0,13.005,2173,1675,1.120,1.850,1.410,2,0,4.002,0,0,18,296,0,1,0
25-06 22:52:05,21.490,6.997,69.467,0,0,5358896,140540,178380,2324888,5905.162,1619.222,0,3.998,0,1.000,12631,22890,1.120,1.850,1.410,1,0,11.994,0,0,18,296,0,1,0
25-06 22:52:06,22.512,5.253,70.287,0,0,5351952,147316,178384,2325008,11152.874,1620.854,0,88.046,0,1.001,8278,14483,1.110,1.840,1.410,1,0,5.003,0,0,18,296,0,1,0
25-06 22:52:07,20.808,6.518,71.199,0,0,5339680,159560,178384,2325036,9673.986,1624.532,0,3112.683,0,147.411,5866,8934,1.110,1.840,1.410,1,0,8.022,0,0,18,296,0,1,0
25-06 22:52:08,20.940,5.983,72.295,0,0,5264000,242832,178392,2317804,22145.054,1453.867,0,534.481,0,17.949,2318,1733,1.110,1.840,1.410,1,0,7.977,0,0,18,296,0,1,0
25-06 22:52:09,20.993,4.498,71.725,1.499,0,5289312,215304,178392,2320028,9512.680,1619.435,1223.573,3.999,138.951,1.000,2450,2067,1.110,1.840,1.410,0,1,4.998,0,0,18,296,0,1,0
25-06 22:52:10,21.480,3.996,70.435,2.248,0,5302004,199456,178524,2323032,9893.850,1618.503,1594.525,3.996,204.811,0.999,3188,3302,1.110,1.840,1.410,1,0,0.999,0,0,18,297,0,2,0
25-06 22:52:11,26.808,6.013,63.637,1.002,0,5304568,196696,178524,2323244,7952.092,1623.489,96.207,15088.430,6.013,233.502,5888,7302,1.180,1.840,1.410,1,0,3.006,0,0,18,299,0,6,0
25-06 22:52:12,28.443,5.988,61.128,1.497,0,5304260,196444,178524,2323804,8408.196,1455.092,399.202,1197.606,22.954,151.697,6133,8208,1.180,1.840,1.410,3,0,3.992,0,0,18,299,0,9,0
25-06 22:52:13,19.171,11.453,64.483,2.241,0.747,5262572,237428,178524,2324508,8604.402,1613.325,509.891,4871.844,24.897,350.550,5598,6795,1.180,1.840,1.410,1,0,97.596,0,0,18,298,0,9,0
25-06 22:52:14,9.796,20.094,66.562,0,0.502,5260316,239640,178524,2324552,10387.614,1464.856,4.019,136.639,1.005,10.047,4751,3358,1.180,1.840,1.410,1,0,230.077,0,0,18,298,0,9,0
25-06 22:52:15,13.956,13.706,69.280,0.997,0.249,5240736,258344,178524,2325428,9744.059,1614.872,865.253,247.215,8.972,10.965,3915,2685,1.180,1.840,1.410,2,0,112.642,0,0,18,298,0,11,0
25-06 22:52:16,11.540,5.519,70.497,11.290,0.251,5228572,258568,178524,2337364,9898.708,1463.130,11986.027,2396.403,1231.317,116.408,3481,4560,1.170,1.830,1.410,2,0,10.035,0,0,18,298,0,11,0
25-06 22:52:17,8.246,3.498,71.966,13.244,0,5222968,237988,178524,2363536,9213.585,1619.224,26131.478,2678.716,1443.308,357.829,3488,4563,1.170,1.830,1.410,0,1,0,0,0,18,298,0,11,0
25-06 22:52:18,10.503,3.751,74.271,9.003,0,5223456,232276,178880,2368400,11034.168,2635.757,5225.501,476.137,1028.295,3.001,2861,3451,1.170,1.830,1.410,0,0,6.002,0,0,18,299,0,11,0
25-06 22:52:19,1.750,0.500,97.257,0,0,5220308,235424,178880,2368400,10733.812,1712.130,0,0,0,0,918,1242,1.170,1.830,1.410,0,0,0,0,0,18,299,0,11,0
25-06 22:52:20,2.500,0.500,95.495,0.250,0.250,5219620,235888,178880,2368624,56295.071,3704.807,223.988,203.989,3.000,1.000,1088,1395,1.170,1.830,1.410,0,0,0,0,0,18,299,0,11,0
25-06 22:52:21,2.749,1.250,93.475,0,0,5213208,242136,178880,2368788,196335.168,3862.961,0,14012.229,0,270.927,1679,2099,1.150,1.810,1.410,0,0,1.999,0,0,18,299,0,11,0
25-06 22:52:22,8.502,7.002,78.769,4.501,0.250,5206440,247396,178884,2370660,518278.843,9086.241,1288.318,1360.336,56.014,43.011,2808,2610,1.150,1.810,1.410,1,0,33.008,0,0,18,298,0,12,0
25-06 22:52:23,1.750,1.000,96.011,0.250,0,5206136,247676,178884,2370684,5927.690,1620.188,16.002,276.032,1.000,34.004,1265,1895,1.150,1.810,1.410,0,0,0,0,0,18,298,0,12,0
25-06 22:52:24,1.250,0.750,97.001,0.250,0,5198456,255356,178884,2370684,11854.070,1620.010,0,300.002,0,23.000,1001,1336,1.150,1.810,1.410,0,0,0,0,0,18,298,0,12,0
25-06 22:52:25,1.500,0.500,97.248,0,0,5198456,255356,178884,2370684,7983.827,1619.965,0,0,0,0,1027,1402,1.150,1.810,1.410,0,0,0,0,0,18,298,0,12,0
25-06 22:52:26,1.000,0.750,96.489,0,0,5198452,255356,178884,2370688,10380.785,1619.810,0,35.996,0,3.000,1027,1401,1.060,1.780,1.400,4,0,0,0,0,18,298,0,12,0
25-06 22:52:27,1.750,3.000,93.764,0,0,5198416,255388,178884,2370688,11343.661,1620.237,0,40337.907,0,230.034,1896,2413,1.060,1.780,1.400,0,0,0,0,0,18,298,0,12,0
25-06 22:52:28,1.250,1.000,95.985,0.250,0,5198408,255388,178888,2370692,6835.923,1661.738,0,327.948,0,26.996,1272,1899,1.060,1.780,1.400,0,0,0,0,0,18,298,0,12,0
25-06 22:52:29,1.500,1.000,97.001,0,0,5198404,255388,178888,2370696,10874.155,1458.021,0,4.000,0,1.000,945,1260,1.060,1.780,1.400,1,0,0,0,0,18,298,0,12,0
25-06 22:52:30,0.996,0.249,97.397,0,0,5198404,255388,178888,2370696,10146.253,1614.154,0,0,0,0,992,1243,1.060,1.780,1.400,0,0,0,0,0,18,298,0,12,0
25-06 22:52:31,1.756,0.251,96.087,0,0,5198404,255388,178888,2370696,18491.925,1463.137,0,124.437,0,18.063,1187,1789,0.970,1.750,1.390,0,0,0,0,0,18,298,0,12,0
25-06 22:52:32,1.000,6.751,90.510,0,0,5198588,255136,178892,2370704,12342.372,1620.180,0,130838.547,0,1032.115,3113,3292,0.970,1.750,1.390,0,0,1.000,0,0,18,298,0,12,0
25-06 22:52:33,1.500,0.500,96.505,0.250,0,5198572,255136,178892,2370720,8411.412,1620.079,16.001,3104.152,1.000,250.012,1297,1789,0.970,1.750,1.390,0,0,0,0,0,18,298,0,12,0
25-06 22:52:34,0.750,1.250,97.498,0.250,0,5198572,255136,178892,2370720,10686.743,1457.965,0,311.993,0,21.999,940,1315,0.970,1.750,1.390,0,0,0,0,0,18,298,0,12,0
25-06 22:52:35,1.250,0.500,96.996,0,0,5198572,255136,178892,2370720,10345.550,1619.930,0,4.000,0,1.000,1009,1309,0.970,1.750,1.390,0,0,0,0,0,18,298,0,12,0
25-06 22:52:36,9.241,2.498,87.418,0,0.250,5225416,228292,178892,2370720,6288.129,1618.489,0,0,0,0,1413,1408,0.900,1.730,1.380,1,0,1.998,0,0,18,298,0,12,0
25-06 22:52:37,20.017,6.005,72.063,0,0,5253144,200496,178892,2370788,12840.158,1459.268,512.445,56.049,4.003,6.005,2383,1777,0.900,1.730,1.380,1,0,6.005,0,0,18,298,0,12,0
25-06 22:52:38,21.240,5.497,72.715,0,0.250,5281616,172020,178892,2370792,6768.754,971.534,511.755,51.975,3.998,5.997,2278,1688,0.900,1.730,1.380,2,0,3.998,0,0,18,298,0,12,0
25-06 22:52:39,3.252,0.500,95.545,0,0.250,5273908,179720,178892,2370800,9094.262,1338.627,0,32.015,0,3.001,1141,1402,0.900,1.730,1.380,0,0,0,0,0,18,298,0,12,0
25-06 22:52:40,1.500,0.500,96.727,0,0,5258700,194928,178892,2370800,9544.740,1457.655,0,0,0,0,1039,1347,0.900,1.730,1.380,1,0,0,0,0,18,298,0,12,0
25-06 22:52:41,1.500,1.000,96.031,0.500,0.250,5233340,220284,178892,2370804,12110.901,1620.522,0,320.103,0,29.009,1320,1850,0.820,1.700,1.380,1,0,0,0,0,18,298,0,12,0
25-06 22:52:42,2.250,1.750,93.754,1.250,0,5220780,232752,178892,2370892,8387.380,1620.073,84.004,2680.121,2.000,24.001,1512,1933,0.820,1.700,1.380,1,0,8.000,0,0,18,298,0,12,0
25-06 22:52:43,9.747,20.244,65.482,0.750,0,5227384,226012,178892,2371028,19308.724,1619.557,111.969,543.851,7.998,31.991,5527,4302,0.820,1.700,1.380,4,0,292.920,0,0,18,298,0,12,0
25-06 22:52:44,9.242,18.983,68.190,0.250,0.999,5221996,231380,178892,2371048,5979.745,1618.578,0,1091.041,0,198.825,5333,4228,0.820,1.700,1.380,1,0,277.756,0,0,18,298,0,12,0
25-06 22:52:45,8.502,19.005,69.519,0,0.750,5230604,222752,178892,2371068,10131.822,1620.451,0,112.031,0,8.002,5256,3925,0.820,1.700,1.380,1,0,279.078,0,0,18,298,0,12,0
25-06 22:52:46,7.749,19.997,69.489,0.250,0.250,5221692,231648,178892,2371084,9597.509,1457.773,0,467.927,0,32.995,5299,4023,0.760,1.670,1.370,1,0,284.956,0,0,18,298,0,12,0
25-06 22:52:47,9.259,20.271,67.068,0,1.001,5221864,231424,178892,2371136,9868.041,1621.650,0,4.004,0,1.001,5377,3958,0.760,1.670,1.370,1,0,309.315,0,0,18,298,0,12,0
25-06 22:52:48,9.245,21.238,65.463,0.750,0.250,5220132,233116,178896,2371172,8628.062,1619.073,23.986,187.892,2.998,6.996,5367,3953,0.760,1.670,1.370,1,0,314.820,0,0,18,298,0,12,0
25-06 22:52:49,9.249,21.249,66.496,0.250,0.750,5215780,237424,178896,2371216,9951.435,1457.917,19.999,0,1.000,0,5237,3853,0.760,1.670,1.370,2,0,298.983,0,0,18,298,0,12,0
25-06 22:52:50,12.258,11.757,71.044,2.502,0.500,5240524,212420,179040,2371332,8360.225,1621.013,252.158,0,32.020,0,3625,2671,0.760,1.670,1.370,1,0,136.085,0,0,18,298,0,12,0
25-06 22:52:51,19.998,4.000,73.241,1.000,0,5260936,191904,179044,2371432,6312.257,2187.742,103.988,311.963,6.999,22.997,3100,2887,0.780,1.660,1.370,1,0,26.997,0,0,18,299,0,12,0
25-06 22:52:52,1.500,0.750,96.475,0,0,5259196,193620,179044,2371456,30383.120,2225.423,0,179.953,0,10.997,1205,1647,0.780,1.660,1.370,0,0,1.000,0,0,18,299,0,12,0
25-06 22:52:53,15.253,3.251,79.264,1.250,0,5257076,195388,179044,2371832,198740.748,7825.368,16.003,4296.751,1.000,151.026,3778,4598,0.780,1.660,1.370,0,0,0,0,0,18,299,0,12,0
25-06 22:52:54,2.000,1.500,93.757,0.750,0,5255832,196288,179044,2372176,399902.365,10830.822,0,3672.279,0,185.014,2009,2571,0.780,1.660,1.370,0,0,0,0,0,18,299,0,12,0
25-06 22:52:55,1.250,1.000,94.754,0.250,0,5253952,197552,179044,2372792,644752.593,17130.680,0,1040.041,0,213.008,1994,1842,0.780,1.660,1.370,0,0,0,0,0,18,299,0,12,0
25-06 22:52:56,2.250,1.250,94.998,0,0,5252476,198312,179044,2373508,768321.491,21141.463,0,0,0,0,1969,1858,0.710,1.630,1.360,0,0,0,0,0,18,299,0,12,0
25-06 22:52:57,2.250,0.750,95.252,0.250,0.250,5251512,199068,179044,2373716,230821.939,9623.164,0,2240.038,0,17.000,1617,2017,0.710,1.630,1.360,0,0,0,0,0,18,299,0,12,0
25-06 22:52:58,2.250,1.250,94.755,0.500,0,5250672,199800,179044,2373824,115163.998,3798.198,0,412.021,0,36.002,1695,2319,0.710,1.630,1.360,0,0,0,0,0,18,299,0,12,0
25-06 22:52:59,12.249,5.250,80.745,0,0.250,5257364,192820,179044,2374112,309806.693,8417.530,0,4.000,0,1.000,2811,9077,0.710,1.630,1.360,0,0,35.998,0,0,18,299,0,13,0
25-06 22:53:00,1.000,1.000,96.001,0,0,5256448,193308,179044,2374540,464397.030,11652.151,0,0,0,0,1583,1589,0.710,1.630,1.360,0,0,0,0,0,18,299,0,12,0
25-06 22:53:01,2.249,1.500,94.472,0.250,0.250,5253372,195916,179044,2375008,506913.680,11899.495,0,1807.468,0,41.988,1932,2224,0.660,1.600,1.350,0,0,0,0,0,18,299,0,12,0
25-06 22:53:02,1.250,0.750,96.761,0,0,5253540,195692,179044,2375032,81845.248,3145.355,0,216.024,0,8.001,1119,1428,0.660,1.600,1.350,0,0,1.000,0,0,18,299,0,12,0
25-06 22:53:03,1.500,0.750,96.001,0.250,0,5251444,197520,179044,2375300,218695.446,3700.024,0,508.003,0,23.000,1360,1833,0.660,1.600,1.350,0,0,0,0,0,18,299,0,12,0
25-06 22:53:04,1.500,0.750,96.502,0,0,5249812,199124,179044,2375328,82824.705,2184.045,0,528.011,0,30.001,1088,1469,0.660,1.600,1.350,0,0,0,0,0,18,299,0,12,0
25-06 22:53:05,1.751,0.500,96.531,0,0.250,5247788,200716,179044,2375760,400587.372,6770.203,0,384.125,0,4.001,1276,1466,0.660,1.600,1.350,0,0,0,0,0,18,299,0,12,0
25-06 22:53:06,4.250,1.250,92.753,0.250,0,5256356,191920,179056,2375976,245147.774,3030.084,12.000,224.006,3.000,3.000,1236,1387,0.600,1.580,1.340,1,0,0,0,0,18,298,0,13,0
25-06 22:53:07,15.204,7.478,70.539,5.234,0,5277992,160724,179336,2385228,8245.302,1561.323,602.196,7553.375,56.830,42.872,3019,2833,0.600,1.580,1.340,3,0,33.898,0,0,18,298,0,13,0
25-06 22:53:08,9.763,15.521,67.842,4.506,0,5283396,142912,179408,2396920,13965.858,1622.190,4.005,18929.561,1.001,984.329,6280,7741,0.600,1.580,1.340,2,0,82.111,0,0,18,298,0,13,0
25-06 22:53:09,7.760,14.268,69.087,5.257,0.501,5280564,138472,179908,2402852,8906.256,1513.913,140.177,11574.628,5.006,1214.535,6332,8621,0.600,1.580,1.340,1,1,73.092,0,0,18,298,0,13,0
25-06 22:53:10,23.011,7.003,67.532,1.251,0.250,5275444,144044,179920,2402356,12437.845,1566.736,20.009,972.457,2.001,45.021,2918,2258,0.600,1.580,1.340,3,0,22.010,0,0,18,298,0,13,0
25-06 22:53:11,25.711,7.489,64.652,0.998,0,5281704,137360,179932,2402736,7678.344,1509.708,0,1893.126,0,244.629,3359,2804,0.640,1.570,1.340,2,0,19.970,0,0,18,298,0,13,0
25-06 22:53:12,27.559,8.769,61.883,0.501,0.251,5277668,140788,179964,2403244,9732.935,1569.376,0,917.974,0,57.123,3765,3448,0.640,1.570,1.340,1,0,22.047,0,0,18,298,0,13,0
25-06 22:53:13,26.442,6.985,63.861,0.748,0,5286580,131500,179980,2403552,10422.264,1293.179,0,1045.719,0,66.854,3411,2805,0.640,1.570,1.340,4,0,18.959,0,0,18,299,0,6,0
25-06 22:53:14,26.794,6.761,64.106,0.501,0,5287500,129760,180028,2404228,6634.986,973.612,0,965.599,0,58.096,3419,2964,0.640,1.570,1.340,2,0,20.033,0,0,18,298,0,7,0
25-06 22:53:15,24.995,4.999,67.987,0.500,0,5273268,141520,180204,2406196,6843.676,1457.718,0,839.838,0,29.994,2796,2377,0.640,1.570,1.340,1,0,9.998,0,0,18,298,0,7,0
25-06 22:53:16,25.165,5.980,68.019,0.249,0,5279184,133524,180308,2408088,11215.894,1614.515,0,350.808,0,17.939,2715,2216,0.670,1.560,1.340,1,0,9.966,0,0,18,298,0,7,0
25-06 22:53:17,22.320,4.013,70.972,1.254,0.502,5263160,147608,180320,2409272,24864.938,1625.094,52.164,698.188,12.038,33.104,2318,1813,0.670,1.560,1.340,1,0,6.019,0,0,18,298,0,5,0
25-06 22:53:18,19.498,5.500,70.744,3.250,0.250,5245016,165496,180328,2409268,11059.129,1619.872,295.977,5667.554,44.996,105.992,3159,3499,0.670,1.560,1.340,1,0,12.999,0,0,18,298,0,5,0
25-06 22:53:19,14.755,12.004,68.521,2.501,0,5292420,126312,180348,2403692,9026.799,1620.502,2704.839,12.004,42.013,2.001,2924,2198,0.670,1.560,1.340,4,0,38.012,0,0,18,298,0,5,0
25-06 22:53:20,18.210,8.481,72.091,0.499,0,5302576,129036,180356,2388668,11192.375,1616.444,67.851,0,4.989,0,2195,1556,0.670,1.560,1.340,1,0,6.985,0,0,18,298,0,5,0
25-06 22:53:21,19.293,7.517,70.907,0.752,0,5288192,139968,180360,2391324,8171.079,1693.747,172.381,3844.506,8.018,208.461,2881,2226,0.690,1.550,1.340,1,0,23.051,0,0,18,298,0,5,0
25-06 22:53:22,24.738,1.000,71.966,0.250,0.250,5295384,132764,180384,2391312,5930.161,1457.302,23.989,131.937,5.997,9.995,2099,1592,0.690,1.550,1.340,1,0,2.999,0,0,18,298,0,5,0
25-06 22:53:23,5.001,3.751,89.775,0.750,0,5243076,241944,180392,2335824,6718.837,1620.443,28.008,2516.688,4.001,255.070,1863,1905,0.690,1.550,1.340,0,0,16.004,0,0,18,298,0,5,0
25-06 22:53:24,1.249,0.500,97.202,0,0,5232756,252308,180392,2335828,12940.560,1457.275,0,99.950,0,7.996,1024,1350,0.690,1.550,1.340,0,0,0,0,0,18,298,0,5,0
25-06 22:53:25,1.000,0.750,96.768,0,0,5212640,272420,180392,2335832,9832.877,1620.309,0,12.002,0,2.000,1047,1360,0.690,1.550,1.340,0,0,0,0,0,18,298,0,4,0
25-06 22:53:26,1.500,1.000,97.249,0,0,5208972,276088,180392,2335832,13245.897,1457.989,0,0,0,0,1014,1309,0.640,1.520,1.330,0,0,0,0,0,18,298,0,4,0
25-06 22:53:27,1.750,0.500,96.268,0,0,5201148,283912,180392,2335832,10561.935,1620.297,0,100.018,0,12.002,1299,1809,0.640,1.520,1.330,0,0,0,0,0,18,298,0,4,0
25-06 22:53:28,1.750,0.750,95.747,0.500,0,5201144,283912,180392,2335836,9997.673,1661.946,0,331.989,0,26.999,1305,1745,0.640,1.520,1.330,0,0,0,0,0,18,298,0,4,0
25-06 22:53:29,1.000,0.250,97.475,0,0,5201144,283912,180392,2335836,20349.709,1457.621,0,7.998,0,1.999,842,1194,0.640,1.520,1.330,0,0,0,0,0,18,298,0,4,0
25-06 22:53:30,1.750,1.250,96.521,0,0,5201140,283912,180392,2335840,7357.628,1620.359,0,44.010,0,3.001,1117,1571,0.640,1.520,1.330,0,0,0,0,0,18,298,0,4,0
25-06 22:53:31,1.500,0.250,96.011,0.500,0,5201140,283912,180392,2335840,10267.144,1620.181,0,464.052,0,39.004,1302,1919,0.590,1.500,1.320,0,0,0,0,0,18,298,0,4,0
25-06 22:53:32,1.500,0.750,97.235,0,0.250,5200800,284252,180392,2335840,13104.919,1619.743,0,0,0,0,1100,1418,0.590,1.500,1.320,0,0,1.000,0,0,18,298,0,4,0
25-06 22:53:33,2.000,1.000,95.747,0,0,5201024,284028,180392,2335840,7647.741,1619.945,0,83.997,0,12.000,1251,1737,0.590,1.500,1.320,0,0,1.000,0,0,18,298,0,4,0
25-06 22:53:34,1.250,0.500,96.758,0,0,5201024,284028,180392,2335840,11333.924,1458.119,0,196.016,0,15.001,990,1366,0.590,1.500,1.320,0,0,0,0,0,18,298,0,4,0
25-06 22:53:35,1.500,0.750,96.740,0.250,0,5201020,284028,180392,2335844,8071.149,1619.829,0,91.990,0,12.999,1222,1729,0.590,1.500,1.320,0,0,0,0,0,18,298,0,4,0
25-06 22:53:36,8.996,2.999,86.707,0,0,5227468,257580,180392,2335844,10415.849,1619.199,0,195.903,0,14.993,1538,1534,0.540,1.470,1.320,1,0,1.999,0,0,18,298,0,4,0
25-06 22:53:37,21.057,6.267,70.692,0.501,0.501,5259084,225920,180392,2335888,8483.988,1624.401,545.478,1070.902,6.016,218.592,2785,2281,0.540,1.470,1.320,1,0,6.016,0,0,18,298,0,4,0
25-06 22:53:38,20.963,4.991,72.372,0,0,5252844,232160,180392,2335888,6763.031,1659.064,255.548,243.569,1.996,20.963,2192,1754,0.540,1.470,1.320,2,0,2.995,0,0,18,298,0,4,0
25-06 22:53:39,4.000,1.250,93.500,0,0,5250736,234260,180396,2335892,9495.017,1620.003,260.000,64.000,3.000,7.000,1312,1454,0.540,1.470,1.320,0,0,1.000,0,0,18,298,0,4,0
25-06 22:53:40,1.750,0.500,96.508,0,0,5244560,240436,180396,2335892,20087.687,1296.109,0,88.007,0,6.001,1123,1548,0.540,1.470,1.320,0,0,0,0,0,18,298,0,4,0
25-06 22:53:41,2.000,1.250,95.490,0.250,0,5240124,244872,180396,2335892,9246.039,1295.865,0,303.968,0,29.997,1391,2006,0.490,1.450,1.310,0,0,0,0,0,18,298,0,4,0
25-06 22:53:42,1.250,1.000,96.256,0.250,0.250,5233252,251740,180396,2335896,7677.472,1512.093,0,108.007,0,15.001,1281,1942,0.490,1.450,1.310,0,0,1.000,0,0,18,298,0,4,0
25-06 22:53:43,2.250,0.500,95.996,0,0,5229864,255120,180396,2335904,9611.594,1565.934,0,335.986,0,26.999,1325,1833,0.490,1.450,1.310,0,0,0,0,0,18,298,0,4,0
25-06 22:53:44,1.500,0.750,97.002,0,0,5226036,258948,180396,2335904,13344.276,1188.025,0,1868.039,0,20.000,988,1315,0.490,1.450,1.310,1,0,0,0,0,18,298,0,4,0
25-06 22:53:45,1.000,0.750,97.264,0.250,0,5223636,261344,180396,2335908,5705.810,972.138,0,64.009,0,6.001,925,1288,0.490,1.450,1.310,0,0,0,0,0,18,298,0,4,0
25-06 22:53:46,0.750,0.500,97.241,0,0.250,5221744,263236,180396,2335908,5451.498,1079.901,0,187.983,0,14.999,822,1284,0.450,1.420,1.300,0,0,0,0,0,18,298,0,4,0
25-06 22:53:47,2.000,1.000,96.233,0,0,5220704,264232,180396,2335952,9851.242,1565.721,0,55.990,0,6.999,1090,1381,0.450,1.420,1.300,0,0,0,0,0,18,298,0,4,0
25-06 22:53:48,1.000,0.750,97.247,0,0,5220672,264260,180396,2335956,8526.762,1511.958,0,0,0,0,959,1283,0.450,1.420,1.300,0,0,0,0,0,18,298,0,4,0
25-06 22:53:49,2.250,2.750,93.492,0.250,0,5220668,264264,180396,2335956,9987.141,1565.865,0,54427.320,0,82.993,1326,1456,0.450,1.420,1.300,0,0,5.999,0,0,18,298,0,4,0
25-06 22:53:50,1.000,0.250,97.520,0,0,5220668,264264,180396,2335956,8270.718,1512.314,0,0,0,0,969,1289,0.450,1.420,1.300,0,0,0,0,0,18,298,0,4,0
25-06 22:53:51,2.000,1.000,95.248,0.750,0,5220668,264264,180396,2335956,23713.517,1619.967,0,2163.956,0,112.998,1406,2099,0.420,1.400,1.290,0,0,0,0,0,18,298,0,4,0
25-06 22:53:52,1.000,0.750,96.461,0.250,0.250,5220668,264264,180396,2335956,10534.699,1619.339,0,979.600,0,190.922,1276,1654,0.420,1.400,1.290,0,0,1.000,0,0,18,298,0,4,0
25-06 22:53:53,12.505,3.501,78.780,4.252,0,5240288,243600,180540,2336856,11466.378,1620.619,1032.394,144.055,211.081,10.004,2030,2042,0.420,1.400,1.290,1,0,5.002,0,0,18,298,0,4,0
25-06 22:53:54,10.749,3.000,79.495,5.000,0,5239492,243096,180740,2337952,14943.989,9461.360,1275.914,203.986,291.980,41.997,2194,2382,0.420,1.400,1.290,0,0,0,0,0,18,299,0,4,0
25-06 22:53:55,21.254,4.751,72.515,0,0,5229064,253388,180740,2338088,13619.807,2925.603,128.026,856.176,6.001,12.002,2929,2651,0.420,1.400,1.290,1,0,5.001,0,0,18,298,0,6,0
25-06 22:53:56,15.500,3.000,80.501,0.500,0,5216596,265488,180740,2338456,20641.323,12009.188,80.001,200.003,5.000,16.000,2720,2677,0.380,1.370,1.290,1,0,5.000,0,0,18,298,0,8,0
25-06 22:53:57,15.986,3.497,78.182,0.250,0,5232420,249640,180740,2338480,18535.806,10348.959,0,223.804,0,20.982,2693,2717,0.380,1.370,1.290,1,0,0,0,0,18,299,0,8,0
25-06 22:53:58,19.513,3.753,75.300,0.250,0,5230672,251384,180740,2338484,12322.244,3310.215,0,272.182,0,32.021,2531,2512,0.380,1.370,1.290,2,0,5.003,0,0,18,298,0,9,0
25-06 22:53:59,22.253,7.501,68.510,0,0.500,5233104,248792,180740,2338648,19742.808,10474.490,16.002,136.019,1.000,18.003,3519,14260,0.380,1.370,1.290,1,0,41.006,0,0,18,298,0,11,0
25-06 22:54:00,10.499,2.000,86.990,0,0.250,5238452,243304,180740,2338784,18931.853,11193.731,0,0,0,0,1891,1994,0.380,1.370,1.290,0,0,0,0,0,18,299,0,11,0
25-06 22:54:01,5.000,1.250,91.499,0.250,0,5230968,250688,180740,2338884,11142.935,2441.986,95.999,211.999,3.000,24.000,1706,2199,0.350,1.350,1.280,1,0,5.000,0,0,18,298,0,12,0
25-06 22:54:02,16.486,2.997,79.183,0,0,5237340,244304,180740,2338896,36110.279,10189.331,0,0,0,0,2466,2099,0.350,1.350,1.280,0,0,0.999,0,0,18,299,0,11,0
25-06 22:54:03,43.799,6.507,48.805,0,0,5231012,250620,180740,2338908,25835.074,3377.801,0,120.135,0,14.016,3529,2184,0.350,1.350,1.280,5,0,19.021,0,0,18,290,0,14,0
25-06 22:54:04,42.644,10.285,47.410,0,0,5040196,441556,180740,2338900,4729.925,596.007,4.014,4.014,1.003,1.003,2968,1733,0.350,1.350,1.280,5,0,7.024,0,0,18,282,0,16,0
25-06 22:54:05,64.778,10.755,23.260,0,0,5128048,353696,180740,2338916,10580.589,1512.656,0,52.023,0,4.002,4119,2082,0.350,1.350,1.280,4,0,2.001,0,0,18,282,0,16,0
25-06 22:54:06,64.251,10.708,23.409,0.747,0,5175420,305796,180748,2339436,8743.075,1559.947,163.366,191.258,6.973,1.992,3775,1949,0.570,1.380,1.290,3,0,3.985,0,0,18,282,0,16,0
25-06 22:54:07,66.340,11.265,22.280,0.250,0,5024924,455828,180748,2339928,9837.314,1514.049,132.179,252.342,2.003,15.020,4625,4137,0.570,1.380,1.290,3,0,4.005,0,0,18,268,0,21,0
25-06 22:54:08,65.444,10.741,22.980,0,0,5150296,330488,180748,2339964,9608.810,1618.620,0,4096.508,0,518.558,4131,2058,0.570,1.380,1.290,3,0,5.995,0,0,18,266,0,21,0
25-06 22:54:09,69.948,7.744,21.234,0.250,0,5259628,220180,180748,2340988,5972.557,1618.796,0,367.726,0,12.990,4998,5721,0.570,1.380,1.290,4,0,3.997,0,0,18,270,0,22,0
25-06 22:54:10,51.488,10.998,35.492,1.000,0,5330184,169224,180764,2321908,9733.811,1759.604,1027.769,1691.620,54.988,107.976,6923,9665,0.570,1.380,1.290,4,0,8.998,0,0,18,275,0,29,0
25-06 22:54:11,43.063,9.013,45.065,0.250,0.250,5387292,135208,180740,2298872,54064.553,17482.401,556.809,440.640,6.009,50.073,6081,8119,0.760,1.410,1.300,2,0,7.010,0,0,18,280,0,30,0
25-06 22:54:12,30.710,8.239,58.424,0.499,0,5326604,219764,180716,2275596,30144.864,6772.208,255.668,523.321,1.997,62.918,5290,6172,0.760,1.410,1.300,0,0,4.994,0,0,18,277,0,31,0
25-06 22:54:13,1.499,0.500,95.465,0.250,0,5302572,243784,180716,2275608,11954.656,1457.470,0,207.924,0,23.991,1418,2003,0.760,1.410,1.300,0,0,0,0,0,18,277,0,31,0
25-06 22:54:14,1.500,0.500,96.531,0.250,0,5299572,246784,180716,2275608,8129.642,1620.527,0,560.182,0,11.004,1027,1413,0.760,1.410,1.300,0,0,2.001,0,0,18,277,0,29,0
25-06 22:54:15,1.000,0.250,97.748,0,0,5291292,255064,180716,2275608,22063.558,1619.968,0,20.000,0,1.000,941,1269,0.760,1.410,1.300,0,0,0,0,0,18,277,0,29,0
25-06 22:54:16,1.000,1.250,96.513,0,0,5287760,258596,180716,2275608,9928.363,1458.200,0,972.133,0,61.008,1077,1598,0.700,1.380,1.290,1,0,0,0,0,18,277,0,29,0
25-06 22:54:17,1.250,0.500,97.279,0.250,0,5285160,261192,180716,2275612,7907.384,1620.488,0,120.036,0,14.004,988,1474,0.700,1.380,1.290,1,0,0,0,0,18,277,0,29,0
25-06 22:54:18,0.750,3.749,93.725,0.250,0,5279632,266716,180716,2275616,10724.162,1619.571,0,55.985,0,2.999,1129,1309,0.700,1.380,1.290,0,0,0,0,0,18,277,0,29,0
25-06 22:54:19,0.500,0.750,97.497,0,0,5277460,268888,180716,2275616,12733.603,1457.955,0,0,0,0,940,1244,0.700,1.380,1.290,0,0,0,0,0,18,277,0,29,0
25-06 22:54:20,1.750,0.500,96.480,0,0.250,5275556,270792,180716,2275616,11462.600,1619.661,0,0,0,0,1161,1465,0.700,1.380,1.290,0,0,0,0,0,18,277,0,29,0
25-06 22:54:21,1.750,1.000,95.261,0.250,0,5273892,272456,180716,2275616,9041.997,1458.161,0,624.069,0,50.006,1379,2040,0.640,1.360,1.280,0,0,0,0,0,18,277,0,29,0
25-06 22:54:22,3.000,1.000,95.242,0,0,5272436,273912,180716,2275616,10840.135,1619.871,0,195.984,0,26.998,1456,2030,0.640,1.360,1.280,0,0,1.000,0,0,18,277,0,29,0
25-06 22:54:23,2.251,0.500,95.551,0.500,0,5271152,275188,180716,2275624,9668.200,1620.872,0,396.213,0,40.022,1422,2086,0.640,1.360,1.280,1,0,0,0,0,18,277,0,29,0
25-06 22:54:24,0.500,0.500,97.466,0,0,5270060,276280,180716,2275624,5988.895,1619.431,0,31.989,0,3.999,885,1330,0.640,1.360,1.280,0,0,0,0,0,18,277,0,29,0
25-06 22:54:25,1.250,0.750,97.247,0,0.250,5270060,276280,180716,2275624,7802.759,1619.950,0,1123.965,0,117.996,1041,1346,0.640,1.360,1.280,0,0,0,0,0,18,277,0,29,0
25-06 22:54:26,1.499,1.000,97.212,0.250,0,5269912,276428,180716,2275624,22860.953,1751.307,0,215.915,0,14.994,1040,1391,0.590,1.340,1.280,1,0,0,0,0,18,277,0,29,0
25-06 22:54:27,1.250,0.500,96.269,0,0.250,5269804,276532,180716,2275628,9712.908,1590.312,0,1396.274,0,14.003,1214,1785,0.590,1.340,1.280,0,0,0,0,0,18,277,0,29,0
25-06 22:54:28,1.500,1.250,95.022,0.500,0,5269840,276496,180716,2275628,10253.355,1662.382,0,8914.048,0,1065.245,1937,1916,0.590,1.340,1.280,0,0,0,0,0,18,277,0,29,0
25-06 22:54:29,1.000,0.750,97.492,0,0,5269744,276592,180716,2275628,7837.361,1619.868,0,4.000,0,1.000,912,1262,0.590,1.340,1.280,0,0,0,0,0,18,277,0,29,0
25-06 22:54:30,1.500,0.750,96.751,0.250,0,5269744,276592,180716,2275628,10367.097,1620.015,0,72.001,0,5.000,1086,1426,0.590,1.340,1.280,0,0,0,0,0,18,277,0,29,0
25-06 22:54:31,1.750,0.250,95.743,0.500,0,5269736,276592,180716,2275636,9267.366,1619.889,0,395.973,0,34.998,1330,1960,0.540,1.310,1.270,0,0,0,0,0,18,277,0,29,0
25-06 22:54:32,2.500,1.250,95.760,0,0,5269736,276592,180716,2275636,6337.686,1620.175,0,152.016,0,24.003,1386,2032,0.540,1.310,1.270,0,0,1.000,0,0,18,277,0,29,0
25-06 22:54:33,1.250,0.750,96.004,0.250,0,5269728,276592,180716,2275644,4948.188,648.025,0,360.014,0,36.001,1349,2072,0.540,1.310,1.270,0,0,0,0,0,18,277,0,29,0
25-06 22:54:34,1.249,0.250,97.167,0,0,5269728,276592,180716,2275644,11237.415,971.172,0,0,0,0,939,1306,0.540,1.310,1.270,0,0,0,0,0,18,277,0,29,0
25-06 22:54:35,1.251,0.500,97.327,0,0,5269728,276592,180716,2275644,8776.959,1621.285,0,4.003,0,1.001,1026,1339,0.540,1.310,1.270,0,0,0,0,0,18,277,0,29,0
25-06 22:54:36,1.500,0.500,97.253,0,0,5269728,276592,180716,2275644,11719.346,1458.043,0,200.006,0,14.000,1019,1434,0.500,1.290,1.260,0,0,0,0,0,18,277,0,29,0
25-06 22:54:37,1.000,0.500,95.996,0.750,0.250,5269728,276592,180716,2275644,21057.128,1619.933,0,2199.909,0,102.996,1193,1771,0.500,1.290,1.260,1,0,0,0,0,18,277,0,29,0
25-06 22:54:38,10.232,11.230,74.869,1.747,0.250,5257876,287988,180856,2275896,10428.710,1693.031,391.314,67.881,26.953,6.988,3172,2871,0.500,1.290,1.260,1,2,72.872,0,0,18,273,0,31,0
25-06 22:54:39,42.236,5.028,51.287,1.257,0.251,4958108,587744,180856,2276032,8940.977,2025.321,116.652,0,6.034,0,2958,1714,0.500,1.290,1.260,0,1,9.051,0,0,18,273,0,31,0
25-06 22:54:40,22.172,3.986,71.997,0.498,0,4999112,546668,180856,2276104,6447.332,1933.203,71.748,7.972,4.982,0.996,2159,1723,0.500,1.290,1.260,1,0,0,0,0,18,273,0,31,0
25-06 22:54:41,22.499,4.000,71.748,0.750,0,5038780,506864,180856,2276240,10950.657,1769.945,135.996,343.989,15.999,23.999,2328,2054,0.540,1.290,1.260,1,0,2.000,0,0,18,273,0,31,0
25-06 22:54:42,24.250,6.500,66.751,0.750,0,5087732,456884,180860,2277300,10144.203,1620.032,204.004,364.007,17.000,38.001,4093,5269,0.540,1.290,1.260,1,0,17.000,0,0,18,277,0,33,0
25-06 22:54:43,22.999,5.000,70.497,0,0,5131688,412920,180860,2277308,8030.660,1659.930,0,567.976,0,48.998,2674,2399,0.540,1.290,1.260,1,0,5.000,0,0,18,277,0,33,0
25-06 22:54:44,24.253,3.500,71.758,0.250,0,5172496,372108,180860,2277312,9740.098,1620.183,0,236.027,0,24.003,2274,1895,0.540,1.290,1.260,2,0,1.000,0,0,18,277,0,33,0
25-06 22:54:45,8.249,1.500,88.990,0,0,5182972,361444,180860,2277500,8389.094,1759.810,0,0,0,0,1355,1457,0.540,1.290,1.260,0,0,1.000,0,0,18,277,0,33,0
25-06 22:54:46,1.000,1.000,96.250,0.250,0,5178264,366152,180860,2277500,10429.950,1661.992,0,4827.977,0,623.997,1727,1467,0.500,1.270,1.250,0,0,2.000,0,0,18,277,0,33,0
25-06 22:54:47,1.250,1.250,96.237,0.250,0,5174044,370336,180860,2277536,8528.848,1619.781,0,571.923,0,25.996,1123,1512,0.500,1.270,1.250,0,0,0,0,0,18,277,0,33,0
25-06 22:54:48,1.500,0.500,96.982,0,0,5173816,370564,180860,2277536,7747.595,1709.690,0,31.994,0,2.999,1005,1395,0.500,1.270,1.250,0,0,0,0,0,18,277,0,33,0
25-06 22:54:49,1.500,1.750,94.991,0,0,5174432,369948,180860,2277536,11665.953,1619.855,0,0,0,0,1187,1412,0.500,1.270,1.250,1,0,5.999,0,0,18,277,0,33,0
25-06 22:54:50,1.500,0.250,97.511,0,0,5174428,369948,180860,2277540,22274.482,1458.162,0,0,0,0,960,1310,0.500,1.270,1.250,0,0,0,0,0,18,277,0,33,0
25-06 22:54:51,1.501,1.000,95.542,0.250,0,5174416,369948,180860,2277552,6618.896,1620.709,0,452.198,0,38.017,1280,2296,0.460,1.240,1.250,0,0,0,0,0,18,277,0,33,0
25-06 22:54:52,2.499,1.000,95.219,0.500,0.250,5174416,369948,180860,2277552,9689.832,1457.524,0,271.911,0,30.990,1425,1981,0.460,1.240,1.250,0,0,1.000,0,0,18,277,0,33,0
25-06 22:54:53,1.500,1.000,95.778,0.250,0,5174408,369948,180860,2277560,81875.815,1802.524,0,376.109,0,35.010,1621,2014,0.460,1.240,1.250,0,0,0,0,0,18,277,0,33,0
25-06 22:54:54,1.000,0.500,96.739,0,0,5174408,369948,180860,2277560,10818.782,1619.818,0,127.986,0,15.998,1023,1413,0.460,1.240,1.250,0,0,0,0,0,18,277,0,33,0
25-06 22:54:55,1.500,1.000,96.999,0,0,5174408,369948,180860,2277560,13163.862,1457.985,0,0,0,0,959,1306,0.460,1.240,1.250,0,0,1.000,0,0,18,277,0,31,0
25-06 22:54:56,1.000,0.500,97.474,0,0,5174408,369948,180860,2277560,30440.967,1619.573,0,199.947,0,14.996,1103,1381,0.420,1.220,1.240,0,0,0,0,0,18,277,0,31,0
25-06 22:54:57,1.750,0.500,96.004,0.250,0.250,5174268,370080,180860,2277568,11326.469,1846.076,0,120.005,0,14.001,1316,1795,0.420,1.220,1.240,0,0,0,0,0,18,277,0,31,0
25-06 22:54:58,1.750,1.250,95.526,0.750,0,5173396,370948,180860,2277572,10952.033,1842.510,0,784.217,0,40.011,1402,2091,0.420,1.220,1.240,0,0,0,0,0,18,277,0,31,0
25-06 22:54:59,7.997,3.499,86.720,0,0,5183940,360404,180860,2279852,18846.492,1619.441,0,3.999,0,1.000,2022,5403,0.420,1.220,1.240,2,0,33.988,0,0,18,277,0,28,0
25-06 22:55:00,5.748,1.999,91.216,0,0.250,5166388,377956,180860,2277572,12228.482,1457.462,0,639.764,0,139.948,1809,4823,0.420,1.220,1.240,0,0,1.999,0,0,18,277,0,29,0
25-06 22:55:01,1.751,1.251,95.812,0,0,5164832,379508,180860,2277576,24979.196,1621.051,0,764.496,0,89.058,1423,1991,0.390,1.200,1.230,0,0,3.002,0,0,18,277,0,29,0
25-06 22:55:02,1.999,0.749,95.434,0.250,0,5165080,379256,180860,2277580,15822.074,1704.823,0,147.898,0,20.986,1581,2052,0.390,1.200,1.230,0,0,0.999,0,0,18,277,0,29,0
25-06 22:55:03,1.750,1.000,95.982,0.250,0,5165080,379256,180860,2277580,8886.364,1619.702,0,419.923,0,35.993,1388,2055,0.390,1.200,1.230,1,0,0,0,0,18,277,0,23,0
25-06 22:55:04,1.501,0.250,97.326,0,0,5165080,379256,180860,2277580,6850.377,1459.145,0,4.003,0,2.002,936,1345,0.390,1.200,1.230,0,0,0,0,0,18,277,0,23,0
25-06 22:55:05,0.750,0.500,97.462,0,0,5165080,379256,180860,2277580,18231.923,1619.371,0,3.998,0,1.000,1063,1328,0.390,1.200,1.230,0,0,0,0,0,18,277,0,23,0
25-06 22:55:06,1.250,0.500,97.282,0,0,5165080,379256,180860,2277580,10580.526,1620.540,0,172.057,0,11.004,949,1293,0.350,1.180,1.230,0,0,0,0,0,18,277,0,23,0
25-06 22:55:07,1.500,1.000,96.754,0,0,5165076,379256,180860,2277584,10402.378,1706.062,0,100.004,0,13.000,1101,1461,0.350,1.180,1.230,0,0,0,0,0,18,277,0,16,0
25-06 22:55:08,2.500,0.750,95.008,0.250,0,5165068,379256,180860,2277592,10217.831,1620.132,0,156.013,0,18.001,1325,1773,0.350,1.180,1.230,0,0,0,0,0,18,277,0,16,0
25-06 22:55:09,10.000,23.751,63.252,0.750,0.500,5171616,372608,180884,2277668,10840.372,1548.053,56.002,76.003,8.000,6.000,4913,4012,0.350,1.180,1.230,3,0,323.011,0,0,18,277,0,16,0
25-06 22:55:10,16.944,25.416,54.321,0.498,0.249,5190348,353844,180884,2277716,10179.516,1754.230,51.830,410.649,2.990,64.787,5336,4789,0.350,1.180,1.230,2,0,404.669,0,0,18,277,0,16,0
25-06 22:55:11,25.590,3.011,70.749,0,0,5240496,303696,180884,2277716,12933.553,1463.153,0,401.414,0,27.095,2435,2196,0.410,1.180,1.220,2,0,1.004,0,0,18,277,0,6,0
25-06 22:55:12,21.766,4.503,72.304,0.250,0,5246876,297288,180884,2277744,25792.121,9287.885,0,332.246,0,35.026,3674,4050,0.410,1.180,1.220,0,0,4.003,0,0,18,278,0,7,0
25-06 22:55:13,36.646,5.983,54.097,0.748,0.249,5248204,295272,180884,2278432,13221.606,3697.542,462.691,985.214,27.921,115.673,6228,7893,0.410,1.180,1.220,2,1,1.994,0,0,18,278,0,13,0
25-06 22:55:14,38.361,8.718,50.816,0.747,0,5242428,300828,181012,2278524,13298.816,2945.329,163.408,1100.014,5.978,110.599,4995,5364,0.410,1.180,1.220,3,0,25.906,0,0,18,277,0,14,0
25-06 22:55:15,40.229,7.291,49.783,1.760,0,5348816,194292,181012,2278672,13073.384,3867.002,140.801,3886.111,6.034,495.821,3505,2463,0.410,1.180,1.220,1,0,5.029,0,0,18,278,0,13,0
25-06 22:55:16,35.994,4.749,57.990,0,0,5400460,142596,181016,2278720,36616.920,27792.385,0,503.916,0,25.996,3883,3399,0.530,1.190,1.230,2,0,0,0,0,18,282,0,20,0
25-06 22:55:17,7.998,2.499,88.230,0.250,0,5355060,187988,181016,2278728,22331.878,10008.705,0,1107.746,0,51.988,1994,2025,0.530,1.190,1.230,0,0,21.995,0,0,18,277,0,24,0
25-06 22:55:18,1.000,0.750,96.984,0,0,5347372,195676,181016,2278728,6726.917,809.870,0,67.989,0,3.999,965,1358,0.530,1.190,1.230,0,0,0,0,0,18,277,0,24,0
25-06 22:55:19,1.250,1.000,96.521,0.500,0,5337328,205720,181016,2278728,7083.520,1620.348,0,1636.351,0,86.018,1137,1676,0.530,1.190,1.230,0,0,0,0,0,18,277,0,24,0
25-06 22:55:20,1.500,0.250,96.994,0,0,5327664,215384,181016,2278728,12451.252,1619.903,0,35.998,0,4.000,995,1319,0.530,1.190,1.230,0,0,0,0,0,18,277,0,24,0
25-06 22:55:21,2.000,0.750,96.249,0.500,0,5315972,227076,181016,2278728,13224.881,1457.987,0,259.998,0,23.000,1220,1696,0.490,1.170,1.220,0,0,0,0,0,18,277,0,24,0
25-06 22:55:22,2.249,1.250,94.475,0,0.250,5308280,234760,181016,2278736,6499.257,1619.566,0,171.954,0,24.993,1548,2083,0.490,1.170,1.220,0,0,1.000,0,0,18,277,0,24,0
25-06 22:55:23,1.750,1.000,95.751,0.250,0.250,5301516,241524,181016,2278736,10990.156,1620.023,0,172.002,0,25.000,1373,1970,0.490,1.170,1.220,0,0,0,0,0,18,277,0,24,0
25-06 22:55:24,1.500,0.500,96.267,0.250,0,5289064,253948,181016,2278764,8121.467,1620.293,16.003,272.049,1.000,30.005,1309,1925,0.490,1.170,1.220,0,0,1.000,0,0,18,277,0,24,0
25-06 22:55:25,1.250,0.500,97.260,0,0,5272944,270068,181016,2278764,22415.345,1620.169,0,0,0,0,981,1270,0.490,1.170,1.220,0,0,0,0,0,18,277,0,24,0
25-06 22:55:26,1.000,0.500,97.481,0,0,5271648,271364,181016,2278764,8257.414,1457.720,0,59.988,0,6.999,926,1333,0.450,1.150,1.210,0,0,0,0,0,18,277,0,24,0
25-06 22:55:27,2.750,3.000,91.749,0.250,0,5270456,272544,181016,2278776,6624.895,1751.972,0,683.989,0,52.999,1883,2294,0.450,1.150,1.210,0,0,31.000,0,0,18,277,0,24,0
25-06 22:55:28,2.000,1.000,96.003,0.500,0,5270340,272656,181020,2278776,14185.371,1662.044,0,436.011,0,24.001,1278,1811,0.450,1.150,1.210,0,0,0,0,0,18,277,0,24,0
25-06 22:55:29,1.000,0.250,97.260,0,0,5270340,272656,181020,2278776,10848.104,1590.162,0,8.001,0,2.000,937,1267,0.450,1.150,1.210,0,0,0,0,0,18,277,0,24,0
25-06 22:55:30,1.500,0.500,95.992,0,0,5262004,280988,181020,2278780,6590.462,1619.868,0,1535.875,0,302.975,1250,1652,0.450,1.150,1.210,0,0,0,0,0,18,277,0,24,0
25-06 22:55:31,1.750,0.500,96.008,0.250,0,5261912,281080,181020,2278780,11402.001,1620.142,0,772.068,0,108.009,1267,1863,0.420,1.130,1.210,2,0,0,0,0,18,277,0,24,0
25-06 22:55:32,2.249,1.000,95.208,0.500,0.250,5261912,281080,181020,2278780,8013.490,1457.362,0,151.933,0,20.991,1405,2000,0.420,1.130,1.210,0,0,1.000,0,0,18,277,0,24,0
25-06 22:55:33,2.251,1.251,95.052,0.250,0,5261908,281080,181020,2278784,12493.803,1620.883,0,420.229,0,48.026,1625,2468,0.420,1.130,1.210,0,0,1.001,0,0,18,277,0,24,0
25-06 22:55:34,1.999,0.500,96.204,0,0,5261904,281080,181020,2278788,8318.995,1457.298,0,95.954,0,9.995,1267,1823,0.420,1.130,1.210,0,0,0,0,0,18,277,0,24,0
25-06 22:55:35,1.501,0.500,97.044,0,0,5261904,281080,181020,2278788,6788.067,1620.732,0,116.052,0,10.005,975,1383,0.420,1.130,1.210,0,0,0,0,0,18,277,0,24,0
25-06 22:55:36,0.500,0.500,97.242,0.250,0,5261900,281080,181020,2278792,23520.067,1619.867,0,115.990,0,7.999,942,1315,0.380,1.110,1.200,0,0,0,0,0,18,277,0,24,0
25-06 22:55:37,1.250,0.750,96.712,0.250,0,5261900,281080,181020,2278792,11824.304,1457.421,0,463.816,0,31.987,1114,1486,0.380,1.110,1.200,0,0,0,0,0,18,277,0,24,0
25-06 22:55:38,1.501,1.000,96.797,0,0,5261900,281080,181020,2278792,13057.385,1620.793,0,76.037,0,10.005,1036,1397,0.380,1.110,1.200,0,0,0,0,0,18,277,0,24,0
25-06 22:55:39,0.750,0.250,97.700,0,0.250,5261900,281080,181020,2278792,8217.809,1619.174,0,7.996,0,0.999,958,1340,0.380,1.110,1.200,0,0,0,0,0,18,277,0,24,0
25-06 22:55:40,1.250,0.250,97.234,0,0,5261900,281080,181020,2278792,10781.243,1661.729,0,0,0,0,1038,1383,0.380,1.110,1.200,0,0,0,0,0,18,277,0,22,0
25-06 22:55:41,1.501,1.001,96.065,0,0,5261896,281080,181020,2278796,8463.689,1621.090,0,280.188,0,24.016,1239,1816,0.350,1.100,1.190,1,0,0,0,0,18,277,0,22,0
25-06 22:55:42,2.500,0.750,94.732,0.750,0,5261884,281080,181020,2278808,7036.663,1619.692,0,215.959,0,33.994,1748,2465,0.350,1.100,1.190,0,0,2.999,0,0,18,277,0,22,0
25-06 22:55:43,2.251,1.000,95.525,0.250,0,5261884,281080,181020,2278808,7351.926,1752.459,0,584.153,0,54.014,1405,2112,0.350,1.100,1.190,0,0,0,0,0,18,277,0,22,0
25-06 22:55:44,1.750,0.500,96.494,0,0,5261876,281080,181020,2278816,10520.391,1589.908,0,55.997,0,6.000,1053,1400,0.350,1.100,1.190,0,0,0,0,0,18,277,0,20,0
25-06 22:55:45,0.750,0.500,97.734,0.250,0,5261876,281080,181020,2278816,9037.543,1619.739,0,43.993,0,4.999,954,1332,0.350,1.100,1.190,0,0,0,0,0,18,277,0,20,0
25-06 22:55:46,0.750,0.500,96.969,0,0,5261876,281080,181020,2278816,9752.859,1457.531,0,959.691,0,167.946,992,1382,0.320,1.080,1.190,0,0,0,0,0,18,277,0,20,0
25-06 22:55:47,2.001,2.251,94.545,0,0.250,5262408,280512,181020,2278852,21936.363,1620.766,0,64.030,0,8.004,1466,1589,0.320,1.080,1.190,0,0,18.009,0,0,18,277,0,20,0
25-06 22:55:48,1.250,1.000,97.258,0,0,5262268,280648,181020,2278856,9999.798,1760.140,0,0,0,0,964,1319,0.320,1.080,1.190,0,0,0,0,0,18,277,0,20,0
25-06 22:55:49,1.500,1.750,94.982,0,0,5262772,280144,181020,2278856,8451.391,1499.715,0,11.998,0,2.999,1139,1381,0.320,1.080,1.190,0,0,5.999,0,0,18,277,0,20,0
25-06 22:55:50,1.250,0.750,97.246,0,0,5262772,280144,181020,2278856,7419.717,1619.938,0,0,0,0,931,1296,0.320,1.080,1.190,0,0,0,0,0,18,277,0,20,0
25-06 22:55:51,1.999,0.250,96.222,0.250,0,5262764,280144,181020,2278864,6014.249,1457.576,0,307.910,0,23.993,1175,1787,0.300,1.060,1.180,0,0,0,0,0,18,277,0,20,0
25-06 22:55:52,2.001,1.251,95.294,0.250,0.500,5262764,280144,181020,2278864,10616.917,1620.751,0,192.089,0,27.013,1539,2065,0.300,1.060,1.180,0,0,1.000,0,0,18,277,0,20,0
25-06 22:55:53,1.998,0.999,94.891,0.250,0,5262764,280144,181020,2278864,13205.880,2765.833,0,427.511,0,39.954,1446,2082,0.300,1.060,1.180,1,0,0,0,0,18,277,0,20,0
25-06 22:55:54,1.752,0.500,96.838,0,0,5262624,280144,181020,2279004,12540.359,1687.529,0,32.029,0,4.004,1163,1429,0.300,1.060,1.180,0,0,0,0,0,18,277,0,20,0
25-06 22:55:55,1.250,0.250,97.251,0,0,5262624,280144,181020,2279004,8031.091,1620.018,0,0,0,0,926,1283,0.300,1.060,1.180,0,0,0,0,0,18,277,0,20,0
25-06 22:55:56,1.250,1.000,97.245,0.250,0,5262624,280144,181020,2279004,10946.454,1619.919,0,171.991,0,10.999,1006,1373,0.270,1.040,1.170,0,0,0,0,0,18,277,0,20,0
25-06 22:55:57,1.750,0.500,96.268,0,0,5262624,280144,181020,2279004,13975.606,1714.320,0,140.026,0,17.003,1315,1781,0.270,1.040,1.170,0,0,0,0,0,18,277,0,20,0
25-06 22:55:58,2.000,0.750,95.745,0.250,0.250,5262488,280144,181020,2279140,7089.595,1589.909,0,279.984,0,22.999,1202,1728,0.270,1.040,1.170,0,0,0,0,0,18,277,0,20,0
25-06 22:55:59,1.500,0.750,96.011,0.750,0,5262488,280144,181020,2279140,11016.219,1620.179,0,2384.264,0,142.016,1254,1930,0.270,1.040,1.170,0,0,0,0,0,18,277,0,20,0
25-06 22:56:00,12.001,5.251,82.009,0.250,0.250,5257772,284856,181020,2279144,20121.290,1686.192,0,32.004,0,4.000,2482,7885,0.270,1.040,1.170,1,0,36.004,0,0,18,277,0,21,0
25-06 22:56:01,1.250,0.500,96.000,0.250,0,5258248,284380,181020,2279144,7573.992,1619.998,0,292.000,0,29.000,1232,1842,0.250,1.020,1.170,0,0,0,0,0,18,277,0,20,0
25-06 22:56:02,2.250,1.000,95.235,0.250,0,5258500,284128,181020,2279144,10698.336,1661.742,0,899.860,0,180.972,1576,2096,0.250,1.020,1.170,0,0,1.000,0,0,18,277,0,20,0
25-06 22:56:03,1.500,0.500,96.506,0.250,0,5258492,284128,181020,2279152,10022.602,1458.088,0,320.019,0,28.002,1175,1747,0.250,1.020,1.170,1,0,0,0,0,18,277,0,20,0
25-06 22:56:04,1.000,0.750,97.235,0,0,5258492,284128,181020,2279152,11269.315,1619.758,0,0,0,0,1019,1349,0.250,1.020,1.170,0,0,0,0,0,18,277,0,20,0
25-06 22:56:05,1.000,0.750,97.250,0,0,5258492,284128,181020,2279152,8399.022,1458.004,0,40.000,0,6.000,986,1347,0.250,1.020,1.170,0,0,0,0,0,18,277,0,20,0
25-06 22:56:06,1.000,0.750,97.255,0,0,5258492,284128,181020,2279152,8810.493,1620.091,0,184.010,0,11.001,985,1331,0.230,1.010,1.160,0,0,0,0,0,18,277,0,20,0
25-06 22:56:07,1.500,0.250,96.499,0.250,0,5258484,284128,181020,2279160,11299.913,1619.987,0,203.998,0,34.000,1074,1438,0.230,1.010,1.160,1,0,0,0,0,18,277,0,20,0
25-06 22:56:08,1.750,1.250,96.765,0,0,5258484,284128,181020,2279160,8460.348,1805.288,0,96.015,0,11.002,1151,1514,0.230,1.010,1.160,0,0,0,0,0,18,277,0,20,0
25-06 22:56:09,1.750,0.750,95.727,0,0,5258468,284128,181020,2279176,11643.187,2715.344,0,0,0,0,1160,1439,0.230,1.010,1.160,0,0,0,0,0,18,277,0,20,0
25-06 22:56:10,1.250,0.500,97.521,0,0.250,5258468,284128,181020,2279176,10741.328,1458.316,0,0,0,0,987,1298,0.230,1.010,1.160,0,0,0,0,0,18,277,0,20,0
25-06 22:56:11,3.750,1.000,93.992,0.250,0,5258464,284128,181020,2279180,22689.049,1883.838,0,283.976,0,28.998,1500,1972,0.210,0.990,1.160,0,0,1.000,0,0,18,275,0,20,2
25-06 22:56:12,4.249,2.250,90.484,0.250,0,5264236,278336,181020,2279200,10984.007,1619.706,0,1019.815,0,200.964,2302,2986,0.210,0.990,1.160,2,0,3.999,0,0,18,275,0,20,2
25-06 22:56:13,5.752,1.250,90.280,0.250,0,5264220,278336,181020,2279216,10826.626,1620.543,0,416.139,0,45.015,2120,2806,0.210,0.990,1.160,0,0,2.001,0,0,18,275,0,18,2
25-06 22:56:14,2.249,0.500,96.977,0.250,0.250,5264220,278336,181020,2279216,9808.638,1457.649,0,107.974,0,11.997,1109,1590,0.210,0.990,1.160,0,0,0,0,0,18,275,0,18,2
25-06 22:56:15,0.750,0.500,97.271,0,0,5264216,278336,181020,2279220,11883.578,1620.351,0,108.023,0,8.002,988,1368,0.210,0.990,1.160,1,0,0,0,0,18,275,0,18,2
25-06 22:56:16,1.000,0.750,96.729,0.250,0,5264216,278336,181020,2279220,10524.738,1619.652,0,531.886,0,35.992,1009,1463,0.190,0.970,1.150,0,0,0,0,0,18,275,0,18,2
25-06 22:56:17,8.000,4.750,86.252,0,0.250,5280316,262236,181020,2279220,10420.274,1620.043,0,112.003,0,8.000,1863,1809,0.190,0.970,1.150,1,0,37.001,0,0,18,275,0,1,2
25-06 22:56:18,17.506,3.751,76.777,0,0,5286432,255828,181020,2279520,19300.800,9584.377,0,176.062,0,2.001,2789,3071,0.190,0.970,1.150,1,0,0,0,0,18,278,0,1,2
25-06 22:56:19,13.749,1.000,83.991,0.250,0,5294664,247568,181020,2279548,13936.493,4340.531,23.997,79.991,3.000,3.000,1869,1764,0.190,0.970,1.150,1,0,2.000,0,0,18,279,0,1,3
25-06 22:56:20,8.989,18.478,69.417,0,0.250,5285788,256424,181020,2279568,12423.089,1683.979,0,0,0,0,4939,3568,0.190,0.970,1.150,1,0,235.717,0,0,18,279,0,2,2
25-06 22:56:21,8.757,19.016,68.808,0.250,0.751,5290468,251720,181020,2279592,7248.077,1863.562,0,156.131,0,15.013,5081,3985,0.260,0.970,1.150,0,0,224.188,0,0,18,279,1,2,2
25-06 22:56:22,18.249,7.499,72.495,0.250,0.250,5299900,242264,181020,2279616,18125.670,2111.845,0,1775.870,0,288.979,3365,2775,0.260,0.970,1.150,1,0,38.997,0,0,18,279,0,4,2
25-06 22:56:23,22.483,4.746,70.946,0.749,0,5339124,202944,181024,2279700,21414.612,647.504,71.945,919.296,3.997,53.959,2617,2496,0.260,0.970,1.150,1,0,1.998,0,0,18,279,0,4,2
25-06 22:56:24,23.275,3.504,72.329,0,0,5376416,165144,181048,2280184,6997.649,618.676,152.166,4.004,8.009,1.001,2094,1677,0.260,0.970,1.150,1,0,0,0,0,18,279,0,4,2
25-06 22:56:25,22.008,2.251,72.276,2.501,0,5383204,151548,181244,2286700,10203.655,1404.503,2961.061,0,307.110,0,2514,2343,0.260,0.970,1.150,1,0,0,0,0,18,279,0,4,2
25-06 22:56:26,23.002,4.000,72.256,0,0,5391236,143484,181244,2286732,13613.073,1620.128,0,724.057,0,11.001,2208,1804,0.320,0.970,1.150,3,0,3.000,0,0,18,280,0,4,2
25-06 22:56:27,25.244,4.999,66.483,0.750,0.250,5391340,143232,181244,2286880,9908.493,1457.631,0,1071.729,0,87.978,5325,6687,0.320,0.970,1.150,1,0,0,0,0,18,280,0,5,2
25-06 22:56:28,24.043,4.508,68.623,0.501,0,5391136,143232,181244,2287084,9139.399,1664.988,0,589.057,0,68.122,4889,5896,0.320,0.970,1.150,1,0,0,0,0,18,284,0,6,2
25-06 22:56:29,22.911,3.736,69.979,1.494,0,5401048,132424,181248,2287972,6434.093,1613.753,860.668,916.452,55.784,108.580,3626,4334,0.320,0.970,1.150,2,0,0,0,0,18,286,0,6,2
25-06 22:56:30,19.032,3.255,75.876,0.751,0,5409948,123352,181248,2288144,7338.209,2575.285,80.133,645.073,5.008,85.142,3556,4581,0.320,0.970,1.150,0,0,1.002,0,0,18,286,0,9,2
25-06 22:56:31,19.244,3.249,72.229,2.499,0,5410760,122344,181252,2288336,12299.363,2548.246,239.929,4218.753,11.996,353.895,4218,5861,0.290,0.960,1.140,2,0,0,0,0,18,287,0,9,2
25-06 22:56:32,13.254,2.501,81.273,1.250,0.500,5402184,150952,181012,2268956,11574.342,2017.582,16.005,1544.446,1.000,143.041,3467,4498,0.290,0.960,1.140,0,0,1.000,0,0,18,286,0,9,2
25-06 22:56:33,14.743,1.999,79.214,1.000,0,5402356,150700,181012,2269036,18014.803,3458.426,63.971,1027.532,3.998,133.939,3710,4775,0.290,0.960,1.140,0,0,0,0,0,18,286,0,9,2
25-06 22:56:34,11.758,3.002,83.554,0.250,0,5401312,151600,181012,2269180,10163.618,1567.020,16.010,420.274,1.001,48.031,2882,3422,0.290,0.960,1.140,1,0,0,0,0,18,289,0,9,2
25-06 22:56:35,26.314,5.012,64.907,1.754,0,5402352,150368,181012,2269372,22277.807,1623.922,16.039,1459.525,1.002,170.412,6038,7987,0.290,0.960,1.140,1,0,1.002,0,0,18,289,0,11,2
25-06 22:56:36,24.437,4.488,66.828,0.997,0,5395576,156980,181012,2269536,11318.810,1615.833,0,2278.125,0,198.488,5125,6707,0.510,0.990,1.150,4,0,0,0,0,18,289,0,12,2
25-06 22:56:37,24.510,4.252,67.777,1.000,0.250,5396716,155620,181016,2269752,7929.149,1620.644,0,1456.578,0,126.050,5342,6572,0.510,0.990,1.150,2,0,0,0,0,18,289,0,12,2
25-06 22:56:38,24.998,5.250,64.995,1.250,0,5397980,154168,181016,2269940,6529.467,2334.809,15.999,5699.535,1.000,712.942,5754,7120,0.510,0.990,1.150,0,0,0,0,0,18,288,0,13,2
25-06 22:56:39,5.257,1.752,89.112,2.003,0,5398060,153916,181016,2270108,11940.061,1688.129,0,5418.835,0,316.399,2519,3728,0.510,0.990,1.150,1,0,0,0,0,18,289,0,13,2
25-06 22:56:40,13.480,2.247,80.629,0.999,0.749,5397992,153916,181016,2270176,18624.097,3412.887,0,1353.971,0,143.785,3413,4469,0.510,0.990,1.150,0,0,0,0,0,18,288,0,13,2
25-06 22:56:41,17.524,3.755,75.854,0.751,0,5398232,153664,181016,2270188,11825.230,1568.152,0,1474.023,0,156.214,4522,5998,0.470,0.970,1.140,1,0,0,0,0,18,289,0,13,2
25-06 22:56:42,26.972,5.494,62.935,2.497,0,5398688,152912,181016,2270484,7477.334,1618.341,0,2633.300,0,299.693,6023,8242,0.470,0.970,1.140,1,0,2.997,0,0,18,289,0,13,2
25-06 22:56:43,24.748,4.500,66.994,1.250,0,5400632,150896,181016,2270556,11365.044,1187.900,0,2747.769,0,248.979,5347,6542,0.470,0.970,1.140,1,0,0,0,0,18,289,0,13,2
25-06 22:56:44,23.746,4.749,67.988,0.500,0.250,5401880,149440,181016,2270764,10700.090,1403.749,0,1143.796,0,99.982,5051,6229,0.470,0.970,1.140,1,0,0,0,0,18,289,0,13,2
25-06 22:56:45,17.252,3.750,74.758,2.250,0,5404568,146656,181016,2270860,7700.817,2562.272,16.002,3084.327,1.000,301.032,4356,6239,0.470,0.970,1.140,0,0,0,0,0,18,288,0,14,2
25-06 22:56:46,17.013,3.503,76.810,0.751,0,5408808,142348,181016,2270928,22341.437,1513.181,0,1525.190,0,142.111,3280,3919,0.430,0.960,1.140,1,0,0,0,0,18,288,0,17,2
25-06 22:56:47,8.990,2.248,84.157,1.748,0,5408616,142348,181016,2271120,12256.460,2505.232,0,4898.589,0,326.639,3126,4448,0.430,0.960,1.140,3,0,0,0,0,18,289,0,17,2
25-06 22:56:48,21.002,4.500,71.758,1.500,0,5408756,142124,181016,2271204,8440.903,2562.274,0,1392.149,0,166.018,4283,5595,0.430,0.960,1.140,0,0,0,0,0,18,288,0,18,2
25-06 22:56:49,12.502,3.251,82.264,0,0,5410844,139872,181016,2271368,10971.906,1566.272,144.025,384.067,7.001,18.003,2474,2374,0.430,0.960,1.140,2,0,6.001,0,0,18,288,0,19,2
25-06 22:56:50,24.250,2.750,70.250,1.000,0.250,5410492,140004,181016,2271588,13618.076,2848.016,0,636.004,0,89.000,4134,4569,0.430,0.960,1.140,0,0,0,0,0,18,288,0,20,2
25-06 22:56:51,9.241,1.249,86.913,0.250,0.250,5410456,140004,181016,2271624,14319.741,2692.319,0,455.546,0,58.941,2620,3400,0.400,0.940,1.130,1,0,0,0,0,18,288,0,20,2
25-06 22:56:52,8.257,2.002,87.329,1.251,0.500,5410900,139528,181016,2271656,15356.920,2945.670,0,1052.954,0,121.110,2868,3965,0.400,0.940,1.130,1,0,1.001,0,0,18,289,0,20,2
25-06 22:56:53,10.499,2.000,83.489,1.000,0,5410848,139528,181016,2271708,19187.536,4716.394,0,1315.831,0,161.979,3357,4568,0.400,0.940,1.130,0,0,0,0,0,18,288,0,20,2
25-06 22:56:54,20.462,4.492,70.869,1.248,0,5411080,139276,181020,2271724,9971.509,1682.879,0,1960.365,0,164.695,4874,6244,0.400,0.940,1.130,1,0,0,0,0,18,289,0,20,2
25-06 22:56:55,25.620,5.275,64.302,2.009,0,5410812,139276,181020,2271992,8678.815,1639.711,0,2375.170,0,289.361,6156,8371,0.400,0.940,1.130,2,0,0,0,0,18,289,0,20,2
25-06 22:56:56,23.436,4.986,67.565,1.247,0,5411452,138520,181024,2272104,6050.439,1507.873,0,2305.689,0,187.487,5663,7580,0.530,0.960,1.140,1,0,0,0,0,18,289,0,23,2
25-06 22:56:57,25.755,4.751,65.513,1.500,0,5411764,138016,181024,2272296,9767.008,1714.352,0,4528.931,0,325.067,5835,7484,0.530,0.960,1.140,1,0,0,0,0,18,289,0,23,2
25-06 22:56:58,27.045,5.509,62.104,2.755,0,5411628,137864,181028,2272580,20923.960,1654.765,0,13474.514,0,1027.717,7051,9133,0.530,0.960,1.140,2,0,0,0,0,18,289,0,23,2
25-06 22:56:59,24.692,5.238,66.592,0.748,0.249,5411384,137964,181028,2272724,10289.630,1562.300,0,2386.348,0,204.516,5581,7425,0.530,0.960,1.140,1,0,0,0,0,18,289,0,24,2
25-06 22:57:00,32.267,8.755,55.530,1.001,0.250,5425012,181096,180976,2217616,7998.315,1566.845,0,1084.585,0,103.056,6044,18909,0.530,0.960,1.140,1,0,36.019,0,0,18,289,0,26,2
25-06 22:57:01,10.998,2.000,85.737,0.250,0,5418216,187908,180976,2217660,6875.959,1511.771,0,747.887,0,47.993,2522,3165,0.480,0.940,1.130,0,0,2.000,0,0,18,290,0,26,2
25-06 22:57:02,5.248,1.250,90.968,0.250,0.250,5419452,186648,180976,2217684,10127.435,1607.434,0,447.842,0,38.986,2162,2472,0.480,0.940,1.130,0,0,1.000,0,0,18,290,0,25,2
25-06 22:57:03,8.002,2.000,88.017,0.250,0,5419656,186396,180976,2217732,9827.909,1512.294,0,548.106,0,49.010,2532,3181,0.480,0.940,1.130,1,0,0,0,0,18,290,0,25,2
25-06 22:57:04,23.721,5.493,66.170,1.748,0,5419812,186172,180976,2217800,9649.386,1618.053,0,1701.952,0,198.761,5789,7703,0.480,0.940,1.130,1,0,0,0,0,18,290,0,26,2
25-06 22:57:05,27.076,4.763,64.431,2.006,0,5419564,186200,180976,2218020,11051.112,1570.421,0,2009.658,0,258.728,6062,8297,0.480,0.940,1.130,2,0,0,0,0,18,290,0,26,2
25-06 22:57:06,24.453,5.739,64.375,2.246,0.250,5419444,186200,180976,2218140,11901.914,1616.864,0,6339.703,0,437.152,5942,8244,0.520,0.940,1.130,1,0,0,0,0,18,290,0,27,2
25-06 22:57:07,23.536,4.507,68.354,1.002,0,5420124,185456,180976,2218204,10149.423,1514.301,0,1173.784,0,100.152,5220,6525,0.520,0.940,1.130,1,0,0,0,0,18,290,0,27,2
25-06 22:57:08,23.976,4.496,68.682,0.500,0.500,5420384,184980,180976,2218420,6644.431,1965.057,111.889,855.155,5.994,82.918,4751,5738,0.520,0.940,1.130,1,0,0,0,0,18,290,0,27,2
25-06 22:57:09,12.497,2.249,81.980,1.000,0,5421356,183720,180976,2218708,12300.969,2715.331,143.965,1247.693,8.998,116.971,3080,4006,0.520,0.940,1.130,0,0,0,0,0,18,289,0,28,2
25-06 22:57:10,22.497,4.000,69.992,1.500,0,5422064,182964,180980,2218752,22023.464,2519.710,0,2391.725,0,168.981,4451,5634,0.520,0.940,1.130,0,0,0,0,0,18,289,0,31,2
25-06 22:57:11,5.742,1.498,91.130,0.250,0,5422124,182712,180980,2218944,10809.781,1683.785,0,974.718,0,92.878,2073,2904,0.480,0.930,1.120,1,0,0.999,0,0,18,290,0,31,2
25-06 22:57:12,18.775,4.506,72.847,1.752,0,5429016,175688,180980,2219076,10529.079,2437.259,64.086,1770.367,4.005,205.274,4289,5948,0.480,0.930,1.120,0,0,4.005,0,0,18,289,0,32,2
25-06 22:57:13,14.494,3.498,79.465,0.750,0,5428988,175688,180980,2219104,8961.006,1511.326,0,1239.448,0,119.947,3426,4323,0.480,0.930,1.120,0,0,1.999,0,0,18,290,0,35,2
25-06 22:57:14,22.781,4.005,67.341,2.754,0.250,5433948,170648,180980,2219184,11394.436,2406.260,0,5932.036,0,441.598,4761,6315,0.480,0.930,1.120,1,0,0,0,0,18,290,0,39,2
25-06 22:57:15,26.984,4.248,65.462,1.249,0,5445728,158804,180980,2219248,11705.138,2266.671,0,1447.152,0,170.900,4685,5478,0.480,0.930,1.120,0,0,0,0,0,18,289,0,44,2
25-06 22:57:16,7.499,1.000,89.983,0,0.250,5445716,158804,180980,2219260,11908.722,2649.493,0,387.926,0,23.995,1692,1958,0.440,0.910,1.120,2,0,0,0,0,18,290,0,44,2
25-06 22:57:17,16.247,2.499,78.234,1.000,0,5445552,158804,180980,2219424,6935.573,2028.583,31.993,1363.719,1.000,152.969,3437,4662,0.440,0.910,1.120,0,0,0,0,0,18,289,0,45,2
25-06 22:57:18,17.245,2.749,77.730,0.750,0,5447028,157292,180980,2219460,10837.163,1974.483,0,915.760,0,100.974,3196,3703,0.440,0.910,1.120,3,0,0,0,0,18,289,0,48,2
25-06 22:57:19,6.502,2.251,88.524,0.750,0,5444556,159592,180980,2219632,13940.733,2997.803,0,5729.534,0,714.191,2702,3144,0.440,0.910,1.120,3,0,0,0,0,18,290,0,48,2
25-06 22:57:20,16.250,2.750,77.752,1.250,0.250,5445280,158640,180980,2219860,9776.268,1458.040,16.000,1140.031,1.000,135.004,3835,4993,0.440,0.910,1.120,0,0,0,0,0,18,289,0,48,2
25-06 22:57:21,14.006,3.502,80.036,1.251,0,5442932,160960,180980,2219888,20483.339,1134.517,0,1300.593,0,150.068,3206,4162,0.410,0.900,1.110,2,0,0,0,0,18,288,0,50,2
25-06 22:57:22,15.236,1.499,79.426,0.749,0,5443316,160488,180980,2219976,12973.925,2582.596,0,1174.906,0,121.887,3310,4399,0.410,0.900,1.110,1,1,0.999,0,0,18,289,0,48,2
25-06 22:57:23,25.522,4.754,64.806,3.003,0.250,5450212,153432,180980,2220136,9180.870,1513.297,0,6737.776,0,497.426,5207,6951,0.410,0.900,1.110,1,0,0,0,0,18,289,0,52,2
25-06 22:57:24,4.500,1.250,92.241,0.500,0,5450364,153208,180980,2220208,7028.337,2598.755,15.998,491.954,1.000,53.995,1873,2624,0.410,0.900,1.110,1,0,0,0,0,18,288,0,53,2
25-06 22:57:25,10.749,1.250,85.996,0.500,0,5450648,152900,180980,2220232,10167.489,1619.919,0,527.973,0,52.997,2382,2777,0.410,0.900,1.110,0,0,0,0,0,18,289,0,53,2
25-06 22:57:26,8.997,1.499,87.470,0.250,0,5451352,152172,180980,2220256,7700.361,1619.445,0,491.831,0,50.983,2273,2785,0.370,0.880,1.100,1,0,0,0,0,18,289,0,53,2
25-06 22:57:27,8.498,1.500,87.980,0.250,0,5451324,152172,180980,2220284,7419.336,1619.637,0,583.869,0,57.987,2228,2923,0.370,0.880,1.100,0,0,0,0,0,18,289,0,53,2
25-06 22:57:28,10.495,1.749,85.460,0.500,0,5451548,151948,180980,2220284,10629.025,1661.222,0,599.719,0,60.971,2512,3060,0.370,0.880,1.100,0,0,0,0,0,18,289,0,53,2
25-06 22:57:29,3.749,1.000,94.479,0.500,0.250,5451512,151948,180980,2220320,13903.924,1511.666,0,587.870,0,22.995,1371,1782,0.370,0.880,1.100,2,0,0,0,0,18,290,0,53,2
25-06 22:57:30,20.265,2.252,72.802,1.001,0,5451476,151948,180980,2220356,13006.325,3398.437,0,1429.025,0,197.141,4241,5606,0.370,0.880,1.100,0,0,0,0,0,18,289,0,56,2
25-06 22:57:31,13.989,2.498,80.939,1.249,0,5451296,151948,180980,2220536,9004.230,2424.177,0,659.504,0,69.947,2978,3616,0.340,0.870,1.100,2,0,0,0,0,18,288,0,55,2
25-06 22:57:32,14.265,2.252,80.334,1.251,0.250,5451480,151700,180980,2220600,9130.505,1621.688,0,1369.426,0,186.194,3594,4856,0.340,0.870,1.100,0,0,1.001,0,0,18,289,0,55,2
25-06 22:57:33,22.665,2.242,71.483,0.498,0,5451440,151700,180980,2220640,24343.067,2416.971,0,729.276,0,69.739,3574,4144,0.340,0.870,1.100,1,0,0.996,0,0,18,289,0,59,2
25-06 22:57:34,10.539,2.760,83.306,1.255,0,5451372,151700,180984,2220704,16231.584,2965.887,0,1718.308,0,214.788,3303,4718,0.340,0.870,1.100,1,0,0,0,0,18,290,0,59,2
25-06 22:57:35,16.500,2.500,76.751,1.250,0.250,5451352,151460,180984,2220948,6374.090,1566.022,0,1496.021,0,165.002,3956,5363,0.340,0.870,1.100,0,0,0,0,0,18,289,0,60,2
25-06 22:57:36,13.473,3.743,77.346,3.244,0,5451560,151208,180984,2220992,10583.904,1616.777,15.968,6854.338,0.998,487.029,3825,5622,0.320,0.850,1.090,3,0,0,0,0,18,288,0,62,2
25-06 22:57:37,11.274,1.253,84.426,0.501,0,5451456,151208,180984,2221096,13146.417,2484.181,0,601.254,0,73.153,2693,3534,0.320,0.850,1.090,0,0,0,0,0,18,289,0,63,2
25-06 22:57:38,14.291,2.507,79.478,1.504,0,5451416,151208,180984,2221136,13096.556,2442.003,0,1079.094,0,153.440,3393,4295,0.320,0.850,1.090,0,0,0,0,0,18,289,0,65,2
25-06 22:57:39,12.001,1.750,84.506,0.750,0.250,5448140,154444,180984,2221176,10883.829,2041.155,0,4556.347,0,590.045,2804,2888,0.320,0.850,1.090,3,0,0,0,0,18,290,0,62,2
25-06 22:57:40,8.474,1.745,87.234,0.498,0,5448108,154288,180984,2221364,5682.653,1615.070,0,829.468,0,104.680,2402,3473,0.320,0.850,1.090,2,0,0,0,0,18,289,0,64,2
25-06 22:57:41,20.499,2.500,72.997,1.500,0.250,5448044,154288,180984,2221428,15853.328,3339.859,0,1871.921,0,161.993,4243,5445,0.450,0.870,1.100,0,0,0,0,0,18,289,0,69,2
25-06 22:57:42,10.501,2.500,84.009,0.500,0,5448192,154120,180984,2221448,10150.130,1686.188,0,780.087,0,81.009,2939,3753,0.450,0.870,1.100,1,0,3.000,0,0,18,290,0,70,2
25-06 22:57:43,23.950,4.990,66.112,1.996,0,5448272,153896,180984,2221592,10408.290,1616.628,31.933,1832.178,0.998,207.567,5585,7696,0.450,0.870,1.100,8,0,0,0,0,18,290,0,71,2
25-06 22:57:44,26.820,5.514,62.663,2.005,0,5448124,153768,180984,2221868,9725.330,1624.230,0,2963.719,0,335.875,6320,9034,0.450,0.870,1.100,1,0,1.003,0,0,18,290,0,73,2
25-06 22:57:45,24.186,4.737,65.077,1.995,0.249,5446444,155176,180984,2222140,22348.561,1507.989,0,5780.626,0,420.881,5799,7825,0.450,0.870,1.100,1,0,0,0,0,18,289,0,73,2
25-06 22:57:46,23.960,5.241,67.887,1.248,0,5447364,154196,180984,2222200,7887.832,1617.300,0,2571.707,0,183.693,5388,7159,0.500,0.870,1.100,1,0,0,0,0,18,290,0,74,2
25-06 22:57:47,25.101,4.769,67.522,1.004,0.251,5448484,152948,180984,2222328,5745.132,1626.549,0,642.587,0,69.279,5128,6142,0.500,0.870,1.100,2,0,0,0,0,18,291,0,72,2
25-06 22:57:48,11.497,2.249,82.976,0.500,0,5448320,152948,180984,2222492,5575.377,1565.544,0,1051.694,0,103.970,2927,3923,0.500,0.870,1.100,0,0,0,0,0,18,289,0,72,2
25-06 22:57:49,22.747,5.749,68.991,0.750,0,5451480,149672,180984,2222608,12071.419,1511.802,31.996,1311.828,2.000,166.978,4261,5153,0.500,0.870,1.100,1,0,5.999,0,0,18,289,0,75,2
25-06 22:57:50,4.248,0.750,92.705,1.000,0.250,5451440,149672,180984,2222648,13612.441,2587.753,15.992,935.549,1.000,87.958,1963,2765,0.500,0.870,1.100,1,0,0,0,0,18,290,0,75,2
25-06 22:57:51,15.012,3.002,78.064,1.751,0,5451372,149672,180984,2222716,11110.172,2135.763,16.013,1749.444,1.001,200.165,3832,5198,0.540,0.880,1.090,0,0,0,0,0,18,289,0,73,2
25-06 22:57:52,15.250,2.250,79.752,1.000,0,5452124,148920,180984,2222716,5328.114,1122.024,0,1312.028,0,129.003,3490,4364,0.540,0.880,1.090,2,0,1.000,0,0,18,290,0,74,2
25-06 22:57:53,19.993,3.249,73.473,1.000,0,5451840,148920,180984,2223000,16073.155,3176.845,15.994,1691.385,1.000,178.935,4290,5516,0.540,0.880,1.090,3,0,0,0,0,18,289,0,75,2
25-06 22:57:54,20.490,2.749,71.466,2.999,0,5451820,148920,180984,2223020,12684.043,2386.879,0,6345.020,0,472.778,4489,6129,0.540,0.880,1.090,0,0,0,0,0,18,289,0,77,2
25-06 22:57:55,6.496,1.249,89.940,0.250,0,5451644,148920,180984,2223196,11461.361,2660.227,0,495.670,0,41.972,1972,2398,0.540,0.880,1.090,1,0,0,0,0,18,290,0,77,2
25-06 22:57:56,24.539,5.008,65.855,2.003,0.250,5451500,148920,180984,2223340,19316.932,1622.598,0,1746.797,0,212.340,5975,8390,0.570,0.880,1.090,2,0,0,0,0,18,290,0,77,2
25-06 22:57:57,25.468,4.744,64.419,1.997,0.250,5451244,148920,180984,2223596,10910.299,1711.850,0,2245.180,0,276.653,6181,8566,0.570,0.880,1.090,2,1,0,0,0,18,290,0,77,2
25-06 22:57:58,24.780,5.507,65.330,1.252,0.250,5451372,148680,180988,2223688,8208.021,1513.848,0,2174.655,0,213.260,6106,8389,0.570,0.880,1.090,2,0,0,0,0,18,290,0,77,2
25-06 22:57:59,23.751,4.000,68.252,1.250,0.250,5452152,147672,180988,2223916,9572.267,1566.044,0,1396.039,0,122.003,5663,7604,0.570,0.880,1.090,3,0,0,0,0,18,290,0,74,2
25-06 22:58:00,26.692,7.983,61.616,0.998,0,5488864,124944,180988,2211196,7357.954,1616.475,0,7567.497,0,892.055,6327,9516,0.570,0.880,1.090,5,1,33.926,0,0,18,290,0,75,2
25-06 22:58:01,30.313,9.269,54.363,3.006,0,5479600,159160,180988,2185472,10028.777,1623.363,0,8277.148,0,547.134,7483,18228,0.770,0.910,1.100,1,0,2.004,0,0,18,290,0,76,2
25-06 22:58:02,27.184,5.487,62.599,2.245,0,5477288,161224,180988,2185720,9729.546,1616.104,0,2569.805,0,260.372,6080,8249,0.770,0.910,1.100,2,0,0.998,0,0,18,290,0,77,2
25-06 22:58:03,25.308,4.510,65.901,1.253,0,5475260,163160,180988,2185812,8039.410,1623.718,0,1555.562,0,188.432,5428,7414,0.770,0.910,1.100,1,0,0,0,0,18,290,0,75,2
25-06 22:58:04,22.728,3.996,68.435,0.999,0,5474772,163440,180988,2186020,11744.797,1618.456,0,1274.784,0,108.896,5147,6413,0.770,0.910,1.100,2,0,0,0,0,18,290,0,77,2
25-06 22:58:05,24.531,4.005,68.336,1.001,0,5473412,164724,180988,2186096,8328.423,1622.030,0,1361.704,0,131.164,5248,6353,0.770,0.910,1.100,1,0,0,0,0,18,290,0,78,2
25-06 22:58:06,23.727,4.496,67.934,1.249,0.500,5472116,165808,180988,2186308,5992.213,1456.593,0,1662.395,0,163.842,5459,7107,0.790,0.920,1.100,2,0,0,0,0,18,290,0,78,2
25-06 22:58:07,25.479,6.495,60.699,3.747,0,5471228,166604,180988,2186400,9487.033,1618.641,0,7665.563,0,611.486,6977,10300,0.790,0.920,1.100,1,0,0,0,0,18,290,0,79,2
25-06 22:58:08,26.546,5.009,64.612,1.503,0,5470580,166976,180988,2186676,19796.429,1862.239,0,1951.394,0,211.368,5863,7886,0.790,0.920,1.100,1,0,0,0,0,18,290,0,77,2
25-06 22:58:09,23.751,5.250,67.754,0.500,0,5469820,167676,180988,2186736,15659.936,2596.155,0,952.057,0,87.005,5242,6391,0.790,0.920,1.100,1,0,0,0,0,18,290,0,77,2
25-06 22:58:10,23.736,3.998,67.959,1.249,0,5469956,167452,180988,2186824,10441.639,1684.973,0,5424.695,0,680.585,5584,6668,0.790,0.920,1.100,1,0,0,0,0,18,290,0,78,2
25-06 22:58:11,14.739,2.998,79.693,0.500,0,5470028,167200,180988,2187004,6404.436,1510.923,0,1399.003,0,139.900,3551,4781,0.960,0.950,1.110,0,0,0.999,0,0,18,289,0,79,2
25-06 22:58:12,14.766,3.754,78.332,1.001,0,5472684,164456,180988,2187092,12167.809,1567.650,4.004,1645.732,1.001,153.161,3966,5167,0.960,0.950,1.110,0,0,4.004,0,0,18,289,0,75,2
25-06 22:58:13,13.502,3.751,79.011,1.500,0,5472900,164204,180988,2187128,9756.303,1620.216,0,1528.204,0,167.022,3609,4740,0.960,0.950,1.110,2,0,2.000,0,0,18,290,0,75,2
25-06 22:58:14,17.246,2.250,77.984,1.250,0.250,5473568,163448,180988,2187216,7506.459,2415.504,0,1539.684,0,152.969,3267,4430,0.960,0.950,1.110,0,0,0,0,0,18,289,0,79,2
25-06 22:58:15,18.750,2.750,74.750,1.500,0.500,5473420,163448,180988,2187380,12670.072,1620.009,0,5452.031,0,347.002,3341,4049,0.960,0.950,1.110,2,0,0,0,0,18,290,0,83,2
25-06 22:58:16,13.751,2.000,80.254,1.500,0,5473376,163448,180988,2187456,15723.862,3460.190,0,1296.071,0,166.009,3392,4685,0.970,0.950,1.110,1,0,0,0,0,18,289,0,73,2
25-06 22:58:17,9.997,1.999,84.728,0.750,0,5473096,163680,180988,2187504,20028.685,2996.205,0,779.793,0,70.981,2750,3281,0.970,0.950,1.110,0,0,0,0,0,18,289,0,73,2
25-06 22:58:18,15.224,2.745,80.113,0.499,0.250,5473036,163680,180988,2187564,10974.263,1617.239,0,914.439,0,82.859,3157,3712,0.970,0.950,1.110,1,0,0,0,0,18,290,0,73,2
25-06 22:58:19,7.763,1.502,88.644,0.501,0,5472976,163680,180992,2187620,6527.592,1514.457,0,765.242,0,77.125,2308,3222,0.970,0.950,1.110,0,0,0,0,0,18,289,0,73,2
25-06 22:58:20,25.502,3.750,68.006,1.500,0,5473016,163428,180992,2187832,24071.108,2524.221,0,1676.147,0,219.019,4532,5919,0.970,0.950,1.110,0,0,0,0,0,18,289,0,74,2
25-06 22:58:21,6.750,1.250,89.255,0.750,0,5473008,163428,180992,2187840,7924.456,1662.096,0,704.041,0,61.004,1963,2479,0.890,0.940,1.110,1,0,0,0,0,18,290,0,75,2
25-06 22:58:22,24.746,4.999,66.990,1.500,0,5473180,163176,180992,2187920,11169.301,2578.608,0,1615.754,0,202.969,4830,6136,0.890,0.940,1.110,1,0,1.000,0,0,18,289,0,81,2
25-06 22:58:23,11.252,1.750,84.267,0.750,0,5473412,162936,180992,2187928,9397.914,1620.330,0,964.196,0,100.020,2776,3516,0.890,0.940,1.110,0,0,0,0,0,18,289,0,82,2
25-06 22:58:24,4.748,0.750,92.968,0.250,0,5462428,173856,180992,2188084,10658.323,1685.419,0,463.840,0,27.990,1615,1952,0.890,0.940,1.110,4,0,1.000,0,0,18,290,0,75,2
25-06 22:58:25,11.505,2.251,84.784,0.250,0,5457196,179064,180992,2188108,8698.492,1458.586,0,736.296,0,63.025,2365,2835,0.890,0.940,1.110,0,0,0,0,0,18,289,0,78,2
25-06 22:58:26,17.484,1.748,78.427,0.250,0,5456392,179828,180992,2188148,7024.437,1618.488,0,547.489,0,37.965,2701,2936,0.820,0.920,1.100,1,0,0,0,0,18,290,0,83,2
25-06 22:58:27,19.015,3.503,70.556,3.002,0.500,5456556,179604,180992,2188208,13643.921,3764.013,0,6000.803,0,487.390,4829,6961,0.820,0.920,1.100,0,0,0,0,0,18,289,0,86,2
25-06 22:58:28,19.745,3.749,73.233,1.250,0,5456756,179352,180992,2188260,10985.426,1619.621,0,1119.738,0,132.969,4627,6004,0.820,0.920,1.100,1,0,0,0,0,18,290,0,85,2
25-06 22:58:29,25.266,5.003,66.041,1.251,0,5456180,179616,180992,2188572,10559.562,1621.007,48.030,1645.022,2.001,209.130,5342,6952,0.820,0.920,1.100,2,0,0,0,0,18,290,0,85,2
25-06 22:58:30,26.738,4.748,62.222,2.499,0,5456772,178888,180992,2188708,12058.588,1457.346,0,2774.755,0,328.852,6231,9002,0.820,0.920,1.100,2,1,0,0,0,18,290,0,85,2
25-06 22:58:31,24.744,5.249,66.982,1.250,0.250,5457968,177472,180992,2188928,20408.644,1619.575,0,6742.230,0,794.791,5851,6961,0.830,0.920,1.100,3,0,0,0,0,18,290,0,86,2
25-06 22:58:32,24.496,5.499,66.239,1.000,0,5459404,175988,180996,2188972,12421.932,1661.723,0,2779.537,0,146.976,5490,7177,0.830,0.920,1.100,1,0,1.000,0,0,18,290,0,81,2
25-06 22:58:33,22.765,4.503,68.294,1.751,0.250,5459848,175348,180996,2189168,10313.593,1621.036,0,1709.093,0,187.120,5070,6594,0.830,0.920,1.100,0,0,0,0,0,18,289,0,81,2
25-06 22:58:34,6.256,1.502,89.092,1.502,0,5459936,175220,180996,2189208,5930.116,1459.505,0,4656.803,0,286.295,2072,3053,0.830,0.920,1.100,1,0,0,0,0,18,290,0,81,2
25-06 22:58:35,21.729,4.246,70.431,1.499,0,5460084,174996,180996,2189284,7005.177,2578.489,0,1494.544,0,199.805,4306,5703,0.830,0.920,1.100,0,0,0,0,0,18,289,0,85,2
25-06 22:58:36,10.250,1.750,85.997,0.750,0,5460076,174996,180996,2189292,11427.544,1619.935,0,1255.950,0,88.996,2276,2816,0.770,0.910,1.090,0,0,0,0,0,18,290,0,81,2
25-06 22:58:37,17.740,2.998,76.206,0.999,0.250,5459944,175064,180996,2189356,11602.373,3480.012,0,1139.349,0,123.929,3347,4211,0.770,0.910,1.090,3,0,0,0,0,18,290,0,84,2
25-06 22:58:38,6.505,0.751,91.575,0.250,0,5460660,174336,180996,2189368,14513.837,2038.663,0,500.408,0,24.020,1505,1809,0.770,0.910,1.090,1,0,0,0,0,18,289,0,85,2
25-06 22:58:39,4.500,0.500,92.999,0,0,5461028,173832,180996,2189504,9873.922,2102.983,0,451.996,0,22.000,1416,1769,0.770,0.910,1.090,0,0,0,0,0,18,289,0,86,2
25-06 22:58:40,20.469,2.746,74.139,0.499,0,5461248,173584,180996,2189532,22143.975,1872.208,0,922.624,0,99.851,3490,3821,0.770,0.910,1.090,2,0,0,0,0,18,290,0,82,2
25-06 22:58:41,11.769,2.003,82.882,1.252,0,5461188,173584,180996,2189592,14668.285,2978.729,0,1462.321,0,178.283,3278,4668,0.790,0.910,1.090,0,0,0,0,0,18,289,0,83,2
25-06 22:58:42,18.498,2.750,75.743,0.500,0.250,5461652,173080,180996,2189632,9718.089,2383.776,0,911.914,0,87.992,3361,4125,0.790,0.910,1.090,1,0,3.000,0,0,18,291,0,86,2
25-06 22:58:43,6.999,1.250,88.982,1.000,0,5461632,173080,180996,2189652,43892.111,1079.781,0,863.825,0,90.982,2330,3078,0.790,0.910,1.090,0,0,0,0,0,18,291,0,87,2
25-06 22:58:44,10.972,2.244,83.287,1.247,0,5462104,172576,180996,2189684,17488.305,3001.329,0,1304.666,0,165.577,3308,4277,0.790,0.910,1.090,1,0,0,0,0,18,292,0,78,2
25-06 22:58:45,24.027,5.006,66.825,1.752,0,5462124,172324,180996,2189916,10032.209,1663.859,0,1814.027,0,193.216,5574,7300,0.790,0.910,1.090,2,1,0,0,0,18,292,0,79,2
25-06 22:58:46,27.662,5.981,61.055,2.243,0.249,5462036,172324,180996,2190004,19405.065,1614.846,0,3042.290,0,369.820,6586,9312,0.800,0.910,1.090,3,0,1.994,0,0,18,292,0,79,2
25-06 22:58:47,25.113,6.027,63.285,2.511,0.251,5462468,171572,180996,2190324,11768.922,1518.830,0,6517.307,0,472.123,6193,8734,0.800,0.910,1.090,1,0,0,0,0,18,292,0,79,2
25-06 22:58:48,24.254,4.251,67.762,1.000,0,5463148,170816,180996,2190400,10402.783,1690.290,0,1584.271,0,125.021,5120,6217,0.800,0.910,1.090,2,0,0,0,0,18,292,0,77,2
25-06 22:58:49,24.504,5.751,66.011,1.000,0,5463956,169812,180996,2190596,18718.119,1652.275,0,1544.257,0,120.020,5573,6551,0.800,0.910,1.090,1,0,6.001,0,0,18,293,0,78,2
25-06 22:58:50,16.735,2.997,77.182,0.749,0.250,5463908,169812,180996,2190644,6171.600,1618.584,0,1127.014,0,121.893,3636,4815,0.800,0.910,1.090,0,0,0,0,0,18,291,0,79,2
25-06 22:58:51,12.507,2.251,81.798,1.251,0,5462336,171328,180996,2190700,12951.591,1512.887,0,6043.542,0,745.437,3582,4137,0.740,0.890,1.080,1,0,0,0,0,18,292,0,79,2
25-06 22:58:52,10.250,2.000,84.001,0.500,0.250,5462620,170864,180996,2190880,21761.315,2997.043,0,1084.016,0,107.002,3137,4067,0.740,0.890,1.080,1,0,1.000,0,0,18,291,0,79,2
25-06 22:58:53,20.929,4.236,71.257,0.997,0,5462928,170136,180996,2191300,13131.253,2921.046,0,1989.221,0,155.470,4779,6320,0.740,0.890,1.080,2,0,0,0,0,18,292,0,74,2
25-06 22:58:54,25.341,6.022,62.976,3.011,0,5462924,169912,180996,2191528,14184.976,1637.886,0,6246.447,0,495.782,6219,8664,0.740,0.890,1.080,3,0,0,0,0,18,292,0,75,2
25-06 22:58:55,24.743,5.748,64.482,2.499,0,5463336,169408,180996,2191620,23524.495,1771.510,0,1975.454,0,254.930,6153,8347,0.740,0.890,1.080,3,0,0,0,0,18,292,0,76,2
25-06 22:58:56,23.509,4.502,69.027,0.500,0.250,5464064,168400,180996,2191900,9776.833,1620.635,0,944.370,0,83.033,5054,6243,0.760,0.900,1.080,1,0,0,0,0,18,292,0,77,2
25-06 22:58:57,23.193,5.237,67.585,0.998,0,5464896,167392,180996,2192076,11275.432,1709.820,0,1097.317,0,108.734,5532,6997,0.760,0.900,1.080,1,0,0,0,0,18,292,0,75,2
25-06 22:58:58,25.300,4.759,65.881,1.503,0,5465020,167140,180996,2192204,16509.792,2436.840,0,1751.479,0,218.434,5538,7133,0.760,0.900,1.080,0,0,0,0,0,18,291,0,76,2
25-06 22:58:59,7.257,1.752,88.590,0.751,0.250,5465512,166636,180996,2192216,13799.040,1687.717,0,980.998,0,81.083,2053,2641,0.760,0.900,1.080,2,0,0,0,0,18,292,0,77,2
25-06 22:59:00,19.238,4.247,72.705,1.749,0,5466036,165880,180996,2192448,9838.935,2550.428,0,2150.674,0,239.852,4517,6253,0.760,0.900,1.080,0,0,0,0,0,18,291,0,78,2
25-06 22:59:01,21.500,7.500,66.248,1.500,0,5481476,150380,180996,2192508,14178.677,1511.966,0,2023.954,0,186.996,4820,13178,0.860,0.920,1.090,0,1,35.999,0,0,18,292,0,76,2
25-06 22:59:02,13.999,2.750,77.995,2.250,0,5487224,144584,180996,2192556,10520.295,2389.840,0,5591.625,0,401.973,4051,6012,0.860,0.920,1.090,0,0,1.000,0,0,18,291,0,78,2
25-06 22:59:03,21.747,4.000,70.492,1.750,0.250,5487756,143828,180996,2192780,9641.847,2215.735,0,1951.767,0,178.979,4664,5959,0.860,0.920,1.090,0,0,0,0,0,18,291,0,79,2
25-06 22:59:04,9.750,1.000,86.999,0.500,0,5486324,145236,180996,2192804,14062.835,1577.982,0,795.991,0,59.999,2221,2605,0.860,0.920,1.090,1,0,0,0,0,18,292,0,79,2
25-06 22:59:05,24.249,3.000,69.747,0.750,0,5486068,145408,180996,2192888,8619.650,2375.904,0,1215.951,0,125.995,4198,4670,0.860,0.920,1.090,0,0,0,0,0,18,291,0,77,2
25-06 22:59:06,9.496,1.000,87.214,0.750,0.250,5483928,147524,180996,2192912,26118.153,2540.945,0,919.618,0,82.966,2495,3142,0.790,0.900,1.080,1,1,0,0,0,18,292,0,77,2
25-06 22:59:07,9.003,1.751,85.776,1.000,0.250,5484140,147272,180996,2192952,16855.142,3244.990,0,1220.372,0,141.043,2993,4049,0.790,0.900,1.080,0,0,0,0,0,18,291,0,77,2
25-06 22:59:08,17.753,3.000,76.012,1.500,0,5483860,147428,180996,2193076,13660.077,2997.456,0,1596.243,0,186.028,4170,5395,0.790,0.900,1.080,0,0,0,0,0,18,291,0,78,2
25-06 22:59:09,15.246,2.249,79.477,0.500,0.250,5484308,146924,180996,2193132,19718.322,3004.135,0,1075.690,0,106.969,3489,4033,0.790,0.900,1.080,5,1,1.000,0,0,18,291,0,76,2
25-06 22:59:10,7.003,1.251,88.787,0.750,0,5484140,146924,180996,2193300,16373.896,2998.263,0,728.307,0,73.031,2428,3148,0.790,0.900,1.080,2,0,0,0,0,18,292,0,76,2
25-06 22:59:11,25.247,6.249,64.491,2.250,0,5484212,146672,180996,2193480,10443.602,1619.783,0,2295.693,0,268.964,6392,9047,0.810,0.900,1.080,4,0,0,0,0,18,292,0,76,2
25-06 22:59:12,27.707,4.493,60.407,2.746,0.250,5484204,146556,180996,2193604,7705.130,1617.508,0,13343.444,0,1280.028,6335,7985,0.810,0.900,1.080,2,0,1.997,0,0,18,292,0,76,2
25-06 22:59:13,29.021,7.005,60.293,1.751,0,5487228,143280,180996,2193856,6703.823,1707.228,0,1881.353,0,225.162,6127,8152,0.810,0.900,1.080,2,0,3.002,0,0,18,292,0,73,2
25-06 22:59:14,27.769,4.503,64.295,0.751,0.250,5487384,143028,180996,2193952,6164.306,1621.133,0,768.537,0,76.053,5208,6271,0.810,0.900,1.080,2,0,2.001,0,0,18,292,0,75,2
25-06 22:59:15,25.726,4.746,67.437,0.500,0,5487548,142804,180996,2194012,10639.121,1618.497,0,863.198,0,94.912,5237,6659,0.810,0.900,1.080,1,0,0.999,0,0,18,293,0,78,2
25-06 22:59:16,24.774,3.503,66.814,1.752,0,5487688,142328,180996,2194348,8139.806,1621.555,96.092,1945.866,5.005,190.182,5377,6778,0.820,0.900,1.080,1,0,0,0,0,18,292,0,82,2
25-06 22:59:17,25.738,4.248,65.970,1.249,0,5487388,142328,180996,2194648,10591.223,1511.318,0,2039.080,0,185.916,5305,6277,0.820,0.900,1.080,2,0,0,0,0,18,292,0,77,2
25-06 22:59:18,24.257,5.252,65.520,2.001,0,5487360,142328,180996,2194676,20512.336,1566.484,0,5737.772,0,395.122,5920,7901,0.820,0.900,1.080,1,1,1.000,0,0,18,292,0,77,2
25-06 22:59:19,25.990,5.998,63.976,1.999,0,5487592,141824,181000,2194944,9509.437,1511.434,0,2315.132,0,276.896,6189,8602,0.820,0.900,1.080,1,0,0,0,0,18,292,0,77,2
25-06 22:59:20,25.268,5.003,63.794,2.001,0.250,5487764,141572,181000,2195024,8690.028,1567.087,0,2445.697,0,242.168,5897,8073,0.820,0.900,1.080,1,0,0,0,0,18,292,0,77,2
25-06 22:59:21,24.742,3.999,67.728,0.500,0,5488280,140816,181000,2195268,7111.672,1553.491,0,1043.658,0,103.966,5117,6316,0.840,0.910,1.080,2,0,0,0,0,18,292,0,72,2
25-06 22:59:22,25.816,4.261,66.421,0.752,0.501,5488976,140060,181000,2195328,12403.935,1624.182,0,1395.593,0,125.323,5368,6432,0.840,0.910,1.080,2,0,1.003,0,0,18,293,0,73,2
25-06 22:59:23,22.865,4.473,68.096,1.740,0.249,5489144,139808,181004,2195408,13262.405,2550.883,0,1860.972,0,221.686,4862,6312,0.840,0.910,1.080,1,0,0,0,0,18,291,0,74,2
25-06 22:59:24,11.792,2.007,83.549,1.254,0,5489112,139808,181004,2195440,5905.144,2512.998,0,1641.879,0,179.643,3147,4247,0.840,0.910,1.080,2,0,0,0,0,18,291,0,74,2
25-06 22:59:25,3.247,1.249,93.653,0.499,0,5489084,139808,181004,2195468,13591.917,1630.311,0,1006.957,0,77.919,1769,2386,0.840,0.910,1.080,1,0,0,0,0,18,293,0,63,2
25-06 22:59:26,18.521,3.003,74.584,1.502,0,5489040,139808,181004,2195512,10696.101,2506.836,0,1950.206,0,212.240,4246,5645,0.850,0.910,1.080,0,0,0,0,0,18,291,0,63,2
25-06 22:59:27,11.973,2.494,80.318,2.494,0,5488468,140332,181004,2195560,11480.953,1970.530,0,11262.449,0,1068.576,3973,4661,0.850,0.910,1.080,3,0,0,0,0,18,291,0,63,2
25-06 22:59:28,5.512,1.253,91.195,0.501,0,5488360,140332,181004,2195668,8784.774,1623.469,0,974.082,0,105.225,2203,3253,0.850,0.910,1.080,1,0,0,0,0,18,292,0,63,2
25-06 22:59:29,12.503,1.750,82.521,1.250,0,5488168,140332,181004,2195860,7550.891,2503.627,0,1164.292,0,133.033,3036,4106,0.850,0.910,1.080,0,0,0,0,0,18,291,0,57,2
25-06 22:59:30,12.494,1.999,82.710,0.750,0,5488252,140080,181004,2196028,23491.587,2081.988,0,1019.505,0,104.949,2990,3776,0.850,0.910,1.080,1,0,0,0,0,18,291,0,57,2
25-06 22:59:31,10.010,1.502,85.089,1.001,0,5488488,139828,181004,2196044,8404.743,1621.687,0,1009.050,0,108.112,2760,3659,0.780,0.890,1.080,1,0,0,0,0,18,292,0,57,2
25-06 22:59:32,7.205,1.739,88.196,0.745,0,5488672,139580,181004,2196108,7040.800,2431.734,0,1343.565,0,119.251,2530,3626,0.780,0.890,1.080,0,0,0.994,0,0,18,291,0,57,2
25-06 22:59:33,13.827,2.263,80.196,1.257,0.251,5488632,139580,181004,2196148,12398.006,2136.894,0,1303.254,0,145.812,3482,4476,0.780,0.890,1.080,0,0,1.006,0,0,18,291,0,57,2
25-06 22:59:34,15.247,2.499,78.983,1.000,0.250,5488624,139580,181004,2196156,8093.232,2394.477,0,2315.494,0,144.968,3444,4636,0.780,0.890,1.080,0,0,0,0,0,18,291,0,54,2
25-06 22:59:35,5.748,1.499,90.966,0.250,0,5488668,139328,181004,2196364,10912.963,1619.401,0,635.765,0,45.983,1882,2394,0.780,0.890,1.080,2,0,0,0,0,18,292,0,54,2
25-06 22:59:36,9.258,1.752,86.575,1.001,0,5488624,139328,181004,2196408,11062.619,2030.766,0,1297.128,0,136.118,2649,3854,0.800,0.890,1.080,0,0,0,0,0,18,291,0,54,2
25-06 22:59:37,19.753,2.750,72.510,1.500,0.250,5488508,139328,181004,2196524,7370.966,1975.259,0,1604.210,0,179.023,4409,5840,0.800,0.890,1.080,0,0,0,0,0,18,291,0,54,2
25-06 22:59:38,10.223,1.995,84.528,1.995,0,5488760,139076,181004,2196524,11946.629,2011.717,0,5082.653,0,321.157,2842,4105,0.800,0.890,1.080,2,0,0,0,0,18,291,0,45,2
25-06 22:59:39,5.012,1.754,90.967,0.752,0,5488712,139076,181004,2196572,16471.271,2974.091,0,982.342,0,115.275,2333,3453,0.800,0.890,1.080,1,0,0,0,0,18,291,0,45,2
25-06 22:59:40,24.755,5.501,65.014,1.250,0,5488652,139076,181004,2196632,11642.586,1620.360,0,1948.433,0,238.053,6003,8340,0.800,0.890,1.080,1,0,0,0,0,18,292,0,45,2
25-06 22:59:41,24.744,5.749,63.236,2.749,0,5488576,138824,181004,2196960,10750.608,1565.652,0,2595.423,0,330.926,6349,9089,0.820,0.900,1.070,1,0,0,0,0,18,292,0,45,2
25-06 22:59:42,27.258,5.001,64.768,1.250,0.250,5488740,138572,181004,2197048,23944.693,1512.423,32.009,1920.537,1.000,190.053,5843,7569,0.820,0.900,1.070,1,0,3.001,0,0,18,292,0,40,2
25-06 22:59:43,24.489,4.998,66.220,1.000,0.250,5484316,142756,181004,2197288,8603.163,1619.278,0,5753.434,0,733.673,5964,7055,0.820,0.900,1.070,2,0,0,0,0,18,292,0,40,2
25-06 22:59:44,24.978,5.745,63.944,3.247,0,5485532,141496,181004,2197332,7681.290,1456.727,0,5695.025,0,441.614,6231,8838,0.820,0.900,1.070,5,0,0,0,0,18,289,0,43,2
25-06 22:59:45,4.002,1.251,92.558,0.500,0,5485320,141496,181004,2197544,8213.118,1663.036,16.010,1653.030,1.001,111.069,1680,2722,0.820,0.900,1.070,1,0,0,0,0,18,291,0,43,2
25-06 22:59:46,24.502,4.500,66.506,2.000,0,5485476,141244,181004,2197640,10199.912,1620.145,0,4004.358,0,562.050,5599,7271,0.830,0.900,1.070,2,0,2.000,0,0,18,290,0,40,2
25-06 22:59:47,5.753,1.251,90.793,0.750,0,5485392,141244,181008,2197720,8030.822,1566.746,0,1136.541,0,123.059,2082,3104,0.830,0.900,1.070,1,0,0,0,0,18,291,0,40,2
25-06 22:59:48,23.722,3.746,67.920,1.498,0.499,5485416,140992,181008,2197948,10270.967,1510.231,0,1438.315,0,155.817,5201,6402,0.830,0.900,1.070,1,0,0,0,0,18,292,0,40,2
25-06 22:59:49,26.540,6.510,62.093,1.502,0,5486380,139988,181008,2197988,7943.913,1622.433,0,1990.986,0,224.336,6130,8077,0.830,0.900,1.070,1,0,7.011,0,0,18,292,0,40,2
25-06 22:59:50,25.237,5.997,63.718,2.499,0,5486064,139988,181008,2198304,10586.603,1619.175,0,2862.541,0,328.832,6322,9036,0.830,0.900,1.070,1,0,0,0,0,18,292,0,37,2
25-06 22:59:51,24.984,4.497,64.459,2.249,0,5486740,139232,181008,2198384,8139.846,1618.975,0,5576.469,0,375.762,5801,8072,0.760,0.880,1.070,1,0,0,0,0,18,292,0,38,2
25-06 22:59:52,24.226,4.745,67.682,0.999,0.250,5487260,138480,181008,2198616,5865.098,1618.371,0,1030.963,0,98.900,5307,6759,0.760,0.880,1.070,3,0,0.999,0,0,18,292,0,41,2
25-06 22:59:53,24.263,5.253,66.535,0.500,0,5487968,137724,181008,2198664,24125.869,2770.478,0,1076.574,0,109.058,5006,6010,0.760,0.880,1.070,3,0,0,0,0,18,292,0,41,2
25-06 22:59:54,24.766,5.253,67.044,1.251,0,5488128,137472,181008,2198756,11872.725,1757.143,0,1597.039,0,167.109,5320,6873,0.760,0.880,1.070,1,0,0,0,0,18,292,0,39,2
25-06 22:59:55,25.507,4.251,65.017,2.001,0,5488144,137220,181008,2198992,7622.967,1524.393,0,1928.498,0,228.059,5741,7802,0.760,0.880,1.070,1,1,0,0,0,18,292,0,40,2
25-06 22:59:56,23.270,4.504,67.558,1.251,0,5488308,136968,181008,2199080,10310.916,1621.402,0,1633.412,0,155.134,5255,6893,0.780,0.890,1.070,2,0,0,0,0,18,292,0,41,2
25-06 22:59:57,24.231,4.496,67.696,0.500,0,5489824,135204,181008,2199328,9334.512,1712.626,0,1358.910,0,113.909,5442,7125,0.780,0.890,1.070,1,0,0,0,0,18,292,0,41,2
25-06 22:59:58,10.755,2.251,84.542,0.500,0,5489804,135204,181008,2199348,9971.009,1458.733,0,964.485,0,70.035,2855,3581,0.780,0.890,1.070,0,0,0,0,0,18,292,0,39,2
25-06 22:59:59,16.243,3.249,76.965,1.249,0,5489736,135204,181008,2199416,7939.351,1619.256,0,1051.517,0,103.952,4091,5287,0.780,0.890,1.070,1,0,0,0,0,18,293,0,39,2
25-06 23:00:00,25.984,5.247,63.461,1.999,0,5489632,135204,181008,2199520,5765.483,1457.111,0,2406.532,0,294.820,5897,8248,0.780,0.890,1.070,1,0,0,0,0,18,292,0,39,2
25-06 23:00:01,34.531,10.509,48.043,3.753,0.751,5495892,154064,181000,2174700,10163.031,1621.441,64.057,7915.034,8.007,613.545,8383,20498,0.960,0.920,1.080,1,0,39.035,0,0,18,292,0,40,2
25-06 23:00:02,24.748,5.000,66.994,1.000,0,5495740,154132,181000,2174780,10175.154,1619.865,0,1119.907,0,105.991,5433,6782,0.960,0.920,1.080,3,0,1.000,0,0,18,292,0,35,2
25-06 23:00:03,23.259,4.252,68.276,0.500,0,5495692,154132,181000,2174828,5987.236,1458.545,0,1476.552,0,101.038,5210,6710,0.960,0.920,1.080,1,0,0,0,0,18,293,0,35,2
25-06 23:00:04,22.969,3.995,68.409,1.248,0.250,5495612,154132,181000,2174908,10271.271,1617.838,0,1346.201,0,150.798,4891,6153,0.960,0.920,1.080,1,0,0,0,0,18,292,0,37,2
25-06 23:00:05,23.028,4.255,67.831,1.502,0,5495664,153880,181000,2175108,19828.787,1621.946,0,3388.064,0,216.259,5693,7804,0.960,0.920,1.080,1,0,0,0,0,18,292,0,37,2
25-06 23:00:06,28.222,9.490,57.692,2.248,0,5490492,151468,181004,2182672,12751.155,1618.370,3.996,9182.749,0.999,1177.813,7214,8849,0.960,0.920,1.080,3,0,1.998,0,0,18,292,0,35,2
25-06 23:00:07,25.503,6.501,61.258,3.750,0,5490632,151216,181004,2182780,11073.460,1620.214,0,7548.995,0,589.078,6726,9919,0.960,0.920,1.080,2,0,0,0,0,18,292,0,36,2
25-06 23:00:08,25.246,3.999,66.988,0.250,0,5490692,150964,181004,2182972,6323.907,1966.660,0,1235.786,0,96.983,5099,6210,0.960,0.920,1.080,0,1,1.000,0,0,18,292,0,36,2
25-06 23:00:09,23.989,4.748,67.969,1.000,0.250,5490860,150712,181004,2183056,17674.867,2714.751,0,843.612,0,77.964,5285,6462,0.960,0.920,1.080,1,0,0,0,0,18,292,0,37,2
25-06 23:00:10,22.772,4.504,69.067,0.751,0,5490912,150460,181004,2183256,12105.711,1621.569,0,1012.980,0,95.092,5314,6431,0.960,0.920,1.080,1,0,0,0,0,18,293,0,38,2
25-06 23:00:11,25.256,3.251,67.766,1.000,0,5491108,150208,181004,2183312,9531.227,1458.341,32.007,1336.312,1.000,148.035,5124,6148,0.970,0.920,1.080,1,0,0,0,0,18,293,0,38,2
25-06 23:00:12,19.252,4.750,72.007,2.000,0,5491988,149204,181004,2183436,11216.067,2571.245,0,2216.211,0,261.025,4682,6457,0.970,0.920,1.080,1,0,1.000,0,0,18,291,0,39,2
25-06 23:00:13,15.996,2.749,77.980,1.000,0,5491776,149204,181004,2183648,6675.297,2267.422,0,1639.582,0,173.956,3738,4960,0.970,0.920,1.080,0,0,1.000,0,0,18,291,0,40,2
25-06 23:00:14,10.250,4.500,81.752,2.250,0.250,5498028,142904,181004,2183696,17254.347,2002.040,0,5500.111,0,336.007,3326,4483,0.970,0.920,1.080,1,0,3.000,0,0,18,292,0,38,2
25-06 23:00:15,26.507,4.751,64.266,1.500,0,5498396,142148,181004,2184084,12340.127,2248.570,160.041,1616.410,10.003,178.045,5178,6613,0.970,0.920,1.080,0,0,1.000,0,0,18,291,0,41,2
25-06 23:00:16,19.997,3.250,73.489,1.250,0.250,5498628,141896,181004,2184104,18624.242,1457.784,15.998,1431.788,1.000,168.975,4030,5238,0.970,0.920,1.080,0,1,1.000,0,0,18,292,0,41,2
25-06 23:00:17,13.231,2.746,79.638,1.248,0,5498400,141896,181004,2184332,13056.573,1617.717,0,1533.835,0,192.728,3692,4877,0.970,0.920,1.080,1,0,0,0,0,18,292,0,41,2
25-06 23:00:18,12.512,2.002,82.330,1.501,0,5498360,141896,181008,2184368,15496.041,3463.362,0,1653.605,0,197.191,3261,4476,0.970,0.920,1.080,1,0,0,0,0,18,291,0,41,2
25-06 23:00:19,18.498,3.000,74.244,1.500,0.250,5498520,141644,181008,2184460,9872.154,1457.875,0,1331.886,0,160.986,4221,5178,0.970,0.920,1.080,1,0,0,0,0,18,292,0,29,2
25-06 23:00:20,24.298,5.010,65.879,1.753,0,5498320,141644,181008,2184660,8400.462,1623.181,0,2232.375,0,268.526,6502,9404,0.970,0.920,1.080,2,0,0,0,0,18,292,0,29,2
25-06 23:00:21,27.454,5.740,62.396,2.246,0,5498052,141644,181008,2184928,11543.744,1659.232,0,3170.711,0,359.400,6765,9626,1.050,0.940,1.080,2,0,0,0,0,18,292,0,30,2
25-06 23:00:22,26.753,5.751,60.256,3.250,0.250,5498176,141392,181008,2185056,13344.300,1620.158,0,6920.674,0,553.054,6915,9846,1.050,0.940,1.080,1,0,1.000,0,0,18,292,0,30,2
25-06 23:00:23,25.518,4.253,65.545,1.501,0,5498124,141392,181008,2185108,7700.334,1621.123,0,2173.506,0,201.139,5530,7154,1.050,0.940,1.080,1,0,0,0,0,18,292,0,29,2
25-06 23:00:24,23.414,4.483,68.498,0.747,0,5498656,140636,181008,2185332,7422.660,1518.407,0,9493.034,0,116.571,5262,6529,1.050,0.940,1.080,1,0,0,0,0,18,292,0,29,2
25-06 23:00:25,22.117,5.781,69.116,0.503,0,5498848,140384,181008,2185392,10717.773,1628.627,0,1017.389,0,104.554,5274,6589,1.050,0.940,1.080,0,1,0,0,0,18,292,0,29,2
25-06 23:00:26,13.719,2.744,81.317,1.247,0,5498644,140384,181008,2185596,11575.002,2569.229,0,1744.083,0,168.621,3368,4607,1.130,0.960,1.090,0,0,0,0,0,18,291,0,30,2
25-06 23:00:27,18.494,4.249,73.477,1.250,0,5500640,138368,181008,2185616,10908.545,1619.487,67.978,1303.587,4.998,109.965,3752,4547,1.130,0.960,1.090,1,0,0,0,0,18,292,0,31,2
25-06 23:00:28,20.258,3.001,73.281,1.251,0,5500372,138368,181008,2185884,29419.275,3395.417,0,1800.751,0,199.083,4803,6145,1.130,0.960,1.090,0,0,0,0,0,18,291,0,33,2
25-06 23:00:29,11.492,2.748,79.943,2.748,0,5500340,138368,181008,2185916,15489.003,1522.919,0,5895.814,0,387.725,3769,5166,1.130,0.960,1.090,1,0,0,0,0,18,292,0,33,2
25-06 23:00:30,25.262,5.253,64.531,1.501,0,5500232,138368,181008,2186024,10757.212,1620.785,16.008,2024.981,1.000,249.121,6338,8345,1.130,0.960,1.090,1,0,0,0,0,18,292,0,33,2
25-06 23:00:31,29.507,7.752,58.014,2.251,0.250,5535704,128516,181008,2160840,7603.792,1458.344,0,2136.503,0,266.063,6575,9009,2,1.140,1.150,2,0,0,0,0,18,292,0,31,2
25-06 23:00:32,26.254,5.001,65.010,1.500,0.250,5535720,128268,181008,2161072,6727.032,1662.255,0,1812.278,0,169.026,5518,7163,2,1.140,1.150,3,0,1.000,0,0,18,292,0,32,2
25-06 23:00:33,24.750,3.750,67.500,0.750,0,5536368,127540,181008,2161152,10619.073,1458.010,0,1888.013,0,134.001,5144,6587,2,1.140,1.150,1,0,0,0,0,18,292,0,32,2
25-06 23:00:34,24.249,4.000,68.496,1.000,0.250,5536320,127540,181008,2161200,9085.502,1619.911,0,1375.925,0,117.994,5068,6306,2,1.140,1.150,1,0,0,0,0,18,293,0,32,2
25-06 23:00:35,18.499,3.750,72.995,1.750,0,5536088,127288,181008,2161684,11740.136,2622.807,0,3519.741,0,254.981,4462,6127,2,1.140,1.150,0,0,0,0,0,18,291,0,33,2
25-06 23:00:36,15.996,2.999,75.981,2.499,0,5536536,126784,181008,2161740,11221.253,1858.545,0,5282.707,0,363.911,3648,4912,1.840,1.120,1.140,0,0,0,0,0,18,291,0,33,2
25-06 23:00:37,9.248,1.750,86.234,1.000,0,5536712,126532,181008,2161816,26282.058,5694.929,0,1343.747,0,110.979,2600,3236,1.840,1.120,1.140,1,0,0,0,0,18,291,0,33,2
25-06 23:00:38,18.484,2.748,77.184,0.250,0,5536664,126532,181008,2161864,21077.004,4650.030,0,799.318,0,68.941,3291,3568,1.840,1.120,1.140,1,0,0,0,0,18,291,0,34,2
25-06 23:00:39,16.520,2.253,77.594,0.751,0.250,5537912,125020,181008,2162128,11850.333,3530.270,0,1105.337,0,115.139,3451,4244,1.840,1.120,1.140,2,0,0,0,0,18,291,0,34,2
25-06 23:00:40,5.249,1.250,89.985,0.750,0,5538132,124768,181008,2162160,29134.210,3062.497,0,971.840,0,106.982,2413,3374,1.840,1.120,1.140,1,0,0,0,0,18,291,0,34,2
25-06 23:00:41,23.488,4.748,67.717,1.499,0,5538180,124516,181008,2162364,9910.129,1457.284,0,1247.387,0,148.927,5406,6924,1.770,1.120,1.140,1,0,0,0,0,18,293,0,34,2
25-06 23:00:42,28.517,5.503,62.036,2.001,0,5538304,124264,181008,2162492,6418.770,1620.952,32.019,2593.523,1.001,326.192,6847,9617,1.770,1.120,1.140,3,0,3.002,0,0,18,292,0,34,2
25-06 23:00:43,26.312,5.764,63.901,2.255,0,5538004,124264,181008,2162792,9766.127,1623.845,0,3035.188,0,320.760,6098,8567,1.770,1.120,1.140,1,0,0,0,0,18,292,0,33,2
25-06 23:00:44,23.435,3.989,68.062,0.748,0.499,5538968,123256,181008,2162836,10197.839,1615.539,0,1635.484,0,135.625,5123,6583,1.770,1.120,1.140,1,0,0,0,0,18,292,0,34,2
25-06 23:00:45,24.223,4.745,67.923,0.749,0,5539608,122500,181008,2162952,13025.216,1660.116,0,1570.218,0,142.838,5502,6926,1.770,1.120,1.140,1,0,0,0,0,18,292,0,34,2
25-06 23:00:46,20.784,4.257,69.364,2.755,0.250,5539528,122500,181008,2163032,12053.826,2425.990,0,5657.305,0,457.753,5380,7726,1.790,1.140,1.140,0,0,0,0,0,18,291,0,35,2
25-06 23:00:47,13.714,2.493,80.289,0.997,0,5539476,122500,181008,2163084,6365.291,1615.759,0,1731.455,0,125.670,3067,3727,1.790,1.140,1.140,1,0,0,0,0,18,291,0,30,2
25-06 23:00:48,3.760,0.752,92.992,0.251,0,5539496,122248,181008,2163316,16621.220,3004.813,0,846.200,0,73.190,1986,2679,1.790,1.140,1.140,1,0,0,0,0,18,292,0,30,2
25-06 23:00:49,21.007,4.501,72.272,0.750,0.250,5541300,146276,181012,2137928,16662.157,3299.021,0,6502.013,0,365.113,4107,4819,1.790,1.140,1.140,0,0,6.002,0,0,18,291,0,30,2
25-06 23:00:50,11.490,2.748,82.431,1.249,0,5541552,146012,181012,2137940,11683.205,1618.643,0,1003.159,0,97.918,3247,4191,1.790,1.140,1.140,1,0,0,0,0,18,292,0,30,2
25-06 23:00:51,27.013,5.002,64.030,1.501,0,5541468,146012,181012,2138024,9476.404,1458.678,0,1708.794,0,199.093,6035,8423,1.730,1.130,1.140,1,0,1.000,0,0,18,292,0,30,2
25-06 23:00:52,25.501,6.250,63.004,2.500,0,5541700,145512,181012,2138292,23468.373,1620.095,0,2832.166,0,320.019,6372,8944,1.730,1.130,1.140,2,1,1.000,0,0,18,292,0,30,2
25-06 23:00:53,24.411,4.733,65.262,1.495,0.249,5541664,145260,181012,2138580,15077.083,2920.363,0,2132.233,0,205.252,5924,7891,1.730,1.130,1.140,3,0,0,0,0,18,292,0,31,2
25-06 23:00:54,24.585,4.265,67.483,1.003,0,5541876,145008,181012,2138620,6607.767,1529.269,0,1396.813,0,113.391,4993,6242,1.730,1.130,1.140,1,0,0,0,0,18,292,0,31,2
25-06 23:00:55,24.040,6.010,65.358,2.003,0,5542636,144000,181012,2138868,6231.295,1688.790,0,5977.876,0,422.698,5510,7572,1.730,1.130,1.140,5,1,0,0,0,18,290,0,29,2
25-06 23:00:56,9.487,1.498,86.130,0.749,0,5542584,144000,181012,2138920,11333.230,2566.429,0,1102.466,0,112.843,2702,3938,1.590,1.120,1.140,0,0,0,0,0,18,291,0,29,2
25-06 23:00:57,17.000,2.750,76.500,1.250,0.250,5542524,144000,181012,2138980,16312.006,3554.001,0,1392.001,0,150.000,3874,4845,1.590,1.120,1.140,0,0,0,0,0,18,291,0,29,2
25-06 23:00:58,13.497,2.999,80.230,1.250,0,5542756,143748,181012,2139000,12519.915,1619.601,0,1303.679,0,143.965,3910,5375,1.590,1.120,1.140,3,0,0,0,0,18,292,0,29,2
25-06 23:00:59,26.078,4.514,66.199,1.003,0,5542500,143748,181012,2139256,7264.848,1624.887,0,1709.140,0,189.570,5433,7288,1.590,1.120,1.140,2,0,0,0,0,18,292,0,29,2
25-06 23:01:00,27.167,5.234,62.061,2.492,0,5542648,143496,181012,2139360,12298.558,1453.575,0,3222.190,0,351.929,6360,9176,1.590,1.120,1.140,2,1,0,0,0,18,292,0,28,2
25-06 23:01:01,25.730,4.746,65.948,0.999,0.500,5551880,134172,181012,2139452,10502.723,1618.724,0,1698.661,0,143.887,5470,6808,1.540,1.110,1.140,3,0,13.989,0,0,18,292,0,30,2
25-06 23:01:02,32.542,7.760,55.821,0.501,0,5551424,161272,181012,2113428,6163.880,1622.074,0,1421.818,0,133.170,6132,17737,1.540,1.110,1.140,0,1,23.029,0,0,18,292,0,31,2
25-06 23:01:03,25.003,5.251,65.257,2.750,0,5551100,161272,181012,2113752,18426.846,1620.162,0,5292.530,0,371.037,5918,8077,1.540,1.110,1.140,2,0,0,0,0,18,292,0,31,2
25-06 23:01:04,25.500,5.500,64.500,1.250,0,5550984,161272,181012,2113868,9788.946,1457.992,0,2775.985,0,274.998,5997,8267,1.540,1.110,1.140,1,0,0,0,0,18,292,0,29,2
25-06 23:01:05,25.248,5.000,63.745,2.250,0,5551112,161048,181012,2113964,9168.297,1619.876,0,6919.469,0,542.958,6041,8694,1.540,1.110,1.140,1,0,0,0,0,18,292,0,29,2
25-06 23:01:06,23.244,3.749,68.981,1.000,0,5551024,161048,181012,2114052,10752.063,1619.558,0,2507.315,0,102.972,5016,6103,1.420,1.100,1.130,1,0,0,0,0,18,292,0,30,2
25-06 23:01:07,22.995,5.249,67.986,0.750,0.250,5550916,161048,181012,2114160,8055.394,1457.709,0,1183.764,0,103.979,5075,6452,1.420,1.100,1.130,1,0,0,0,0,18,292,0,30,2
25-06 23:01:08,23.983,5.746,67.201,1.499,0.250,5550596,161048,181012,2114480,12123.185,1965.571,0,1782.704,0,214.844,5225,6761,1.420,1.100,1.130,3,0,0,0,0,18,291,0,27,2
25-06 23:01:09,12.507,1.751,83.049,1.001,0,5550496,161048,181012,2114580,19232.416,3453.050,0,1516.900,0,140.083,3158,4268,1.420,1.100,1.130,1,0,0,0,0,18,291,0,28,2
25-06 23:01:10,12.255,3.001,79.029,2.501,0,5550676,160824,181012,2114624,7747.886,2519.939,0,6542.437,0,488.182,3926,5997,1.420,1.100,1.130,0,0,0,0,0,18,291,0,28,2
25-06 23:01:11,14.235,2.248,80.917,0.749,0,5550780,160572,181012,2114772,10388.311,1618.335,0,895.079,0,82.915,3357,4272,1.300,1.080,1.120,1,0,0,0,0,18,292,0,28,2
25-06 23:01:12,9.259,1.752,85.084,1.251,0,5550700,160572,181012,2114852,11068.989,1922.909,0,1405.395,0,158.157,3313,4865,1.300,1.080,1.120,1,0,1.001,0,0,18,291,0,26,2
25-06 23:01:13,15.750,2.500,78.750,1.250,0.250,5550660,160572,181012,2114892,13614.957,3459.989,0,1443.995,0,170.999,3721,5126,1.300,1.080,1.120,1,0,1.000,0,0,18,291,0,27,2
25-06 23:01:14,16.245,4.499,75.728,1.000,0.250,5554136,157044,181012,2114944,11998.452,1619.521,0,1279.622,0,146.957,4060,5183,1.300,1.080,1.120,1,0,2.999,0,0,18,292,0,27,2
25-06 23:01:15,28.005,6.001,61.510,1.750,0,5554332,156792,181012,2115000,21030.383,1620.261,0,1792.288,0,210.034,6053,7736,1.300,1.080,1.120,1,0,2.000,0,0,18,292,0,27,2
25-06 23:01:16,26.249,5.500,62.747,2.250,0,5554276,156552,181012,2115280,9816.495,1619.917,0,3215.835,0,335.983,6202,8917,1.280,1.080,1.120,2,0,0,0,0,18,292,0,23,2
25-06 23:01:17,25.837,5.017,64.467,2.759,0,5554048,156552,181012,2115508,10303.733,1625.479,0,5855.739,0,428.444,6190,8632,1.280,1.080,1.120,1,0,0,0,0,18,292,0,23,2
25-06 23:01:18,23.166,4.982,68.252,0.747,0,5553952,156552,181012,2115604,8193.246,1614.138,0,1606.167,0,119.566,5001,6161,1.280,1.080,1.120,1,0,0,0,0,18,292,0,24,2
25-06 23:01:19,24.248,4.250,68.493,0.500,0,5553884,156552,181012,2115672,12046.783,1457.853,0,939.905,0,77.992,5025,6190,1.280,1.080,1.120,2,0,0,0,0,18,292,0,25,2
25-06 23:01:20,22.756,5.251,68.269,1.000,0.250,5553980,156328,181016,2115796,8378.355,1620.456,16.004,5165.452,1.000,462.130,5000,6014,1.280,1.080,1.120,1,0,0,0,0,18,292,0,25,2
25-06 23:01:21,15.500,3.250,77.500,1.500,0,5554144,156076,181016,2115884,11633.042,2599.009,0,1732.006,0,209.001,3769,5386,1.260,1.070,1.120,0,0,0,0,0,18,291,0,26,2
25-06 23:01:22,15.255,2.501,78.527,1.501,0.250,5554084,156076,181016,2115944,15179.200,2963.015,0,1512.518,0,175.060,3712,4973,1.260,1.070,1.120,0,0,1.000,0,0,18,291,0,26,2
25-06 23:01:23,12.751,2.000,81.503,1.000,0,5554064,156076,181016,2115964,11108.439,1686.067,0,1220.048,0,126.005,3406,4433,1.260,1.070,1.120,1,0,0,0,0,18,292,0,28,2
25-06 23:01:24,23.493,4.749,67.980,1.250,0,5553968,156076,181016,2116060,11280.760,1577.547,3.999,1771.491,1.000,212.939,5734,7972,1.260,1.070,1.120,2,0,0,0,0,18,291,0,29,2
25-06 23:01:25,26.251,5.500,61.753,2.750,0,5553884,155824,181016,2116396,9920.496,1566.078,0,7528.377,0,587.029,6920,10226,1.260,1.070,1.120,3,0,0,0,0,18,292,0,29,2
25-06 23:01:26,26.975,4.246,65.940,1.499,0,5553680,155824,181016,2116600,6926.650,1618.516,0,2138.040,0,214.803,5082,6713,1.240,1.070,1.120,1,0,0,0,0,18,292,0,29,2
25-06 23:01:27,25.012,5.002,65.032,1.751,0,5553672,155572,181016,2116860,23294.514,1620.801,0,1716.849,0,213.105,5630,7789,1.240,1.070,1.120,2,0,0,0,0,18,292,0,29,2
25-06 23:01:28,25.021,5.004,66.054,1.251,0.250,5553752,155320,181016,2117032,8093.655,1459.200,0,1765.452,0,170.140,5554,7245,1.240,1.070,1.120,2,0,0,0,0,18,292,0,24,2
25-06 23:01:29,24.493,3.749,68.731,0.750,0.250,5553552,155320,181016,2117232,11282.844,1619.547,0,1027.713,0,86.976,5057,6315,1.240,1.070,1.120,1,0,0,0,0,18,292,0,25,2
25-06 23:01:30,24.507,3.251,68.018,0.750,0,5552784,155320,181016,2118000,10208.771,1620.440,0,1196.325,0,106.029,4642,5700,1.240,1.070,1.120,1,0,0,0,0,18,292,0,25,2
25-06 23:01:31,25.970,3.995,66.922,1.249,0,5552772,155068,181016,2118264,10261.020,1564.174,0,1897.784,0,171.799,5255,6395,1.220,1.070,1.120,1,0,0,0,0,18,292,0,25,2
25-06 23:01:32,25.774,6.756,61.057,3.253,0,5552708,155068,181016,2118328,7324.884,1231.157,0,7194.761,0,536.504,6684,9294,1.220,1.070,1.120,4,0,1.001,0,0,18,292,0,24,2
25-06 23:01:33,27.212,4.494,61.664,2.247,0,5552388,155068,181016,2118648,7251.868,1509.890,0,2212.908,0,281.607,6100,8480,1.220,1.070,1.120,2,0,0.999,0,0,18,292,0,24,2
25-06 23:01:34,24.529,5.256,66.830,1.251,0,5552444,154816,181016,2118844,7341.793,1567.878,0,1413.693,0,153.183,5125,6784,1.220,1.070,1.120,3,0,0,0,0,18,292,0,24,2
25-06 23:01:35,23.497,4.749,67.493,0.750,0.250,5552860,154312,181016,2118932,10929.834,1619.827,0,5843.377,0,435.953,5331,6740,1.220,1.070,1.120,1,0,0,0,0,18,292,0,24,2
25-06 23:01:36,23.775,4.004,69.071,0.751,0,5553836,153304,181016,2118964,10771.110,1621.673,0,1125.161,0,97.100,4993,6043,1.200,1.070,1.120,1,0,0,0,0,18,292,0,23,2
25-06 23:01:37,23.891,4.728,66.944,1.244,0,5555108,151792,181016,2119204,10183.517,1612.639,0,2787.277,0,151.309,5255,6330,1.200,1.070,1.120,2,0,0,0,0,18,292,0,23,2
25-06 23:01:38,24.630,5.278,65.596,1.508,0,5555072,151792,181016,2119240,21717.489,1694.935,0,1833.667,0,219.155,5738,7680,1.200,1.070,1.120,1,0,0,0,0,18,292,0,23,2
25-06 23:01:39,26.541,5.008,64.349,2.003,0,5555300,151288,181016,2119516,10201.733,1460.252,0,2383.676,0,267.412,5621,8025,1.200,1.070,1.120,0,1,0,0,0,18,292,0,23,2
25-06 23:01:40,24.914,5.481,63.780,2.491,0,5555440,151036,181016,2119628,10407.152,1680.212,0,6366.072,0,439.486,6142,8481,1.200,1.070,1.120,2,0,0,0,0,18,292,0,23,2
25-06 23:01:41,24.354,4.722,66.352,0.746,0.249,5555624,150784,181016,2119696,6669.033,1610.349,0,1789.277,0,146.124,5409,6893,1.260,1.080,1.120,2,0,0,0,0,18,292,0,23,2
25-06 23:01:42,26.598,5.269,64.990,0.753,0.251,5556956,149272,181016,2119876,6134.669,1463.408,0,1365.044,0,141.523,5791,7184,1.260,1.080,1.120,1,0,3.011,0,0,18,292,0,24,2
25-06 23:01:43,24.317,5.265,66.935,1.253,0.251,5556848,149272,181016,2119984,11784.592,1624.493,0,1339.705,0,144.399,5446,6855,1.260,1.080,1.120,1,0,0,0,0,18,293,0,24,2
25-06 23:01:44,25.924,5.733,63.066,2.243,0,5556860,149020,181016,2120224,7473.190,1615.286,0,2548.562,0,287.162,6101,8354,1.260,1.080,1.120,1,0,0,0,0,18,292,0,24,2
25-06 23:01:45,26.270,4.754,63.798,2.002,0,5556744,149020,181016,2120340,10526.988,1501.139,0,2445.856,0,288.219,6080,8292,1.260,1.080,1.120,2,0,0,0,0,18,292,0,23,2
25-06 23:01:46,24.296,4.008,69.132,0.501,0,5557020,148516,181016,2120568,10384.787,1623.093,0,1330.535,0,102.195,4755,5819,1.240,1.080,1.120,1,0,0,0,0,18,292,0,24,2
25-06 23:01:47,23.509,4.502,68.027,0.750,0.250,5557960,147508,181016,2120636,11961.811,1242.500,0,1352.544,0,105.042,5069,6164,1.240,1.080,1.120,1,0,0,0,0,18,292,0,24,2
25-06 23:01:48,24.254,4.751,66.260,1.750,0,5557848,147508,181016,2120748,8915.364,864.132,0,5828.892,0,371.057,5551,7108,1.240,1.080,1.120,1,0,0,0,0,18,292,0,24,2
25-06 23:01:49,25.002,6.500,65.005,1.250,0,5558968,146252,181016,2120884,8467.636,1350.101,0,1416.106,0,161.012,5750,7414,1.240,1.080,1.120,2,0,6.000,0,0,18,292,0,23,2
25-06 23:01:50,25.745,5.749,63.988,2.000,0,5559012,146000,181020,2121088,23951.666,1349.756,0,2267.590,0,274.950,6042,8131,1.240,1.080,1.120,0,1,0,0,0,18,292,0,25,2
25-06 23:01:51,25.501,4.750,65.502,1.500,0,5558752,146000,181020,2121348,9682.254,1512.040,0,5784.152,0,484.013,5677,7268,1.220,1.080,1.120,1,0,0,0,0,18,292,0,25,2
25-06 23:01:52,24.244,4.999,66.733,1.250,0,5558708,146000,181020,2121392,6320.405,1619.591,0,2447.382,0,145.963,5583,6898,1.220,1.080,1.120,1,0,1.000,0,0,18,292,0,25,2
25-06 23:01:53,24.447,4.490,67.355,0.998,0,5558732,145748,181020,2121620,15836.968,2924.715,0,1229.358,0,116.749,5399,6558,1.220,1.080,1.120,3,0,0,0,0,18,293,0,24,2
25-06 23:01:54,19.530,4.757,72.360,1.252,0.501,5559144,145244,181020,2121712,10256.555,2641.005,0,1995.026,0,221.336,4522,5946,1.220,1.080,1.120,1,0,0,0,0,18,291,0,25,2
25-06 23:01:55,13.752,3.001,79.764,1.000,0,5559364,144992,181020,2121744,11542.049,1686.299,0,1564.278,0,138.025,2992,3715,1.220,1.080,1.120,4,0,0,0,0,18,292,0,27,2
25-06 23:01:56,7.504,1.501,88.302,1.001,0,5559132,144992,181020,2121976,11505.811,2614.548,32.019,1372.813,1.001,117.069,2524,3532,1.120,1.060,1.120,0,0,0,0,0,18,291,0,27,2
25-06 23:01:57,22.417,4.733,67.500,2.491,0,5559812,144236,181020,2122052,8469.683,2493.779,0,5738.780,0,424.431,4854,6484,1.120,1.060,1.120,1,0,0,0,0,18,291,0,26,2
25-06 23:01:58,11.288,2.759,84.285,0.251,0,5559812,144236,181020,2122052,10478.385,1625.489,0,794.684,0,69.234,2783,3542,1.120,1.060,1.120,1,0,0,0,0,18,292,0,26,2
25-06 23:01:59,14.752,2.750,77.761,2.000,0.500,5559844,143984,181020,2122272,10937.588,2443.355,0,1808.262,0,217.032,3998,5614,1.120,1.060,1.120,1,0,0,0,0,18,291,0,27,2
25-06 23:02:00,22.005,3.751,71.015,1.500,0,5561348,142472,181020,2122280,18614.981,4995.068,0,1880.402,0,229.049,4195,5556,1.120,1.060,1.120,1,0,0,0,0,18,292,0,27,2
25-06 23:02:01,8.250,1.000,87.749,0.250,0,5561240,142472,181020,2122388,20131.668,3613.940,0,915.985,0,71.999,2549,3160,1.030,1.050,1.110,3,0,0,0,0,18,293,0,26,2
25-06 23:02:02,20.754,7.252,69.014,1.500,0,5563144,159404,181020,2103884,33223.924,3298.687,0,1772.369,0,192.040,4866,11579,1.030,1.050,1.110,0,0,37.008,0,0,18,292,0,27,2
25-06 23:02:03,13.250,2.250,80.751,1.000,0,5563336,159180,181020,2103916,13504.106,3460.027,0,1460.011,0,164.001,3458,4811,1.030,1.050,1.110,0,1,0,0,0,18,292,0,27,2
25-06 23:02:04,15.498,3.250,78.239,1.000,0,5563284,159180,181020,2103968,8524.758,1457.788,0,1143.833,0,119.983,3845,5041,1.030,1.050,1.110,3,0,0,0,0,18,293,0,27,2
25-06 23:02:05,26.746,5.749,63.240,2.250,0,5563020,159180,181020,2104232,6768.968,1619.753,0,2623.600,0,266.959,5943,7985,1.030,1.050,1.110,1,0,1.000,0,0,18,293,0,25,2
25-06 23:02:06,25.246,5.749,61.990,3.249,0,5563172,158928,181020,2104332,10369.294,1619.733,0,11914.040,0,904.851,6614,9531,1.030,1.040,1.110,1,0,0,0,0,18,293,0,25,2
25-06 23:02:07,24.227,4.496,67.686,0.999,0.250,5562968,158928,181020,2104536,12257.448,1456.627,0,1778.324,0,130.877,5133,6530,1.030,1.040,1.110,2,0,0,0,0,18,293,0,26,2
25-06 23:02:08,23.559,4.261,68.422,0.501,0,5562904,158928,181020,2104600,12021.299,1971.970,0,986.486,0,90.227,5004,6024,1.030,1.040,1.110,2,0,0,0,0,18,293,0,26,2
25-06 23:02:09,25.628,4.976,64.194,2.239,0,5563344,158424,181020,2104664,17262.647,2637.418,0,1918.846,0,225.922,6024,8066,1.030,1.040,1.110,2,0,0,0,0,18,293,0,24,2
25-06 23:02:10,23.817,4.513,68.693,0.251,0,5563084,158424,181020,2104924,10313.966,1624.562,0,1087.053,0,87.245,4897,5892,1.030,1.040,1.110,1,0,0,0,0,18,294,0,25,2
25-06 23:02:11,24.322,5.266,66.697,1.254,0,5563168,158172,181020,2105092,10802.847,1624.790,0,1504.435,0,156.461,5530,7324,1.030,1.040,1.110,2,0,0,0,0,18,293,0,25,2
25-06 23:02:12,25.444,5.238,65.106,0.998,0.748,5563284,157920,181020,2105228,6151.419,1616.431,0,1752.132,0,186.588,5719,7673,1.030,1.040,1.110,2,0,0.998,0,0,18,293,0,26,2
25-06 23:02:13,23.460,6.489,64.391,2.745,0,5564960,156156,181020,2105316,19530.988,1455.540,0,7970.528,0,500.155,6119,8570,1.030,1.040,1.110,1,0,0,0,0,18,293,0,24,2
25-06 23:02:14,12.518,1.502,83.122,1.252,0,5565036,155904,181020,2105492,13537.929,2574.790,0,1093.610,0,108.159,2844,3856,1.030,1.040,1.110,0,0,0,0,0,18,292,0,25,2
25-06 23:02:15,14.503,2.250,80.516,1.250,0,5564964,155904,181020,2105564,9192.846,2346.471,0,1500.301,0,191.038,3473,4588,1.030,1.040,1.110,0,0,1.000,0,0,18,292,0,25,2
25-06 23:02:16,15.996,3.749,76.479,1.000,0,5569460,151368,181020,2105604,11036.908,1685.528,0,1303.635,0,140.961,3744,4864,1.030,1.040,1.110,2,0,2.999,0,0,18,293,0,26,2
25-06 23:02:17,18.240,3.248,73.958,1.249,0,5569224,151368,181020,2105840,9492.609,2081.818,0,1555.117,0,167.905,4281,5602,1.030,1.040,1.110,2,0,1.999,0,0,18,292,0,28,2
25-06 23:02:18,12.510,2.752,82.315,1.501,0,5569192,151368,181020,2105872,15761.511,2688.134,0,1200.953,0,136.108,3265,4253,1.030,1.040,1.110,1,0,0,0,0,18,292,0,28,2
25-06 23:02:19,9.502,1.750,87.018,0.250,0,5569168,151368,181020,2105896,11897.421,2232.454,0,772.157,0,75.015,2638,3541,1.030,1.040,1.110,1,0,0,0,0,18,293,0,29,2
25-06 23:02:20,26.959,5.242,63.153,1.747,0.250,5568940,151368,181020,2106124,5526.523,1455.767,0,2340.410,0,269.587,5857,8121,1.030,1.040,1.110,2,0,0,0,0,18,293,0,29,2
25-06 23:02:21,25.306,5.262,64.892,2.255,0,5569064,151144,181024,2106220,10543.131,1665.654,0,10627.316,0,774.700,5793,7523,1.100,1.060,1.110,2,0,0,0,0,18,293,0,27,2
25-06 23:02:22,24.986,5.247,66.213,0.750,0,5568992,151144,181024,2106292,10090.414,1565.134,0,1347.254,0,132.926,5398,6684,1.100,1.060,1.110,1,0,0.999,0,0,18,293,0,27,2
25-06 23:02:23,26.479,5.246,62.950,1.998,0,5568756,151144,181024,2106528,6793.577,1510.794,0,2641.891,0,292.766,6380,8946,1.100,1.060,1.110,3,0,0,0,0,18,292,0,27,2
25-06 23:02:24,23.513,4.502,68.538,0.500,0,5568680,151144,181024,2106604,10638.879,1686.932,0,1236.683,0,108.060,5203,6635,1.100,1.060,1.110,1,0,0,0,0,18,293,0,27,2
25-06 23:02:25,23.752,4.000,69.006,0.750,0,5568724,150892,181024,2106812,25116.297,1620.148,0,1160.106,0,98.009,5130,6361,1.100,1.060,1.110,2,0,0,0,0,18,293,0,27,2
25-06 23:02:26,15.716,3.742,76.586,1.996,0,5568908,150640,181024,2106880,12130.987,2397.858,0,2235.207,0,240.484,4017,5729,1.180,1.070,1.120,0,1,0,0,0,18,292,0,24,2
25-06 23:02:27,16.981,2.747,76.414,1.249,0,5569132,150388,181024,2106908,14906.207,2427.266,0,1813.956,0,181.795,3970,5140,1.180,1.070,1.120,0,1,0.999,0,0,18,292,0,24,2
25-06 23:02:28,8.492,1.748,86.422,0.500,0.250,5569092,150388,181024,2106948,12373.773,2647.598,0,1662.492,0,95.913,2772,3720,1.180,1.070,1.120,1,0,0,0,0,18,293,0,24,2
25-06 23:02:29,25.041,5.759,63.353,3.255,0.250,5568864,150388,181024,2107176,11273.267,1622.629,0,6318.238,0,477.774,6511,9209,1.180,1.070,1.120,3,0,0,0,0,18,293,0,25,2
25-06 23:02:30,26.501,5.250,63.003,2.000,0,5568812,150388,181024,2107228,6885.363,1620.085,0,2040.108,0,251.013,5907,7996,1.180,1.070,1.120,2,0,0,0,0,18,293,0,24,2
25-06 23:02:31,27.014,4.752,64.033,1.251,0,5568800,150136,181024,2107492,6991.569,1686.861,0,1548.791,0,167.085,5670,7374,1.240,1.090,1.120,2,0,0,0,0,18,293,0,24,2
25-06 23:02:32,25.293,4.508,67.616,0.751,0.250,5569000,149884,181024,2107544,12101.702,1502.570,0,1045.789,0,92.158,4846,5704,1.240,1.090,1.120,4,0,1.002,0,0,18,293,0,24,2
25-06 23:02:33,16.226,3.744,75.138,1.747,0,5569156,149632,181024,2107640,9942.240,2562.196,0,2600.140,0,280.583,4435,6207,1.240,1.090,1.120,1,0,0,0,0,18,292,0,25,2
25-06 23:02:34,13.509,2.502,80.554,1.251,0,5569132,149632,181024,2107664,11855.874,2343.556,0,1585.053,0,193.128,3538,4828,1.240,1.090,1.120,0,0,0,0,0,18,292,0,25,2
25-06 23:02:35,9.965,1.246,86.202,0.997,0,5568972,149632,181024,2107824,8188.647,1614.410,0,1219.777,0,105.634,2171,2817,1.240,1.090,1.120,5,0,0,0,0,18,292,0,26,2
25-06 23:02:36,4.513,0.752,92.762,0.501,0,5568928,149632,181024,2107868,8006.625,2511.096,0,1187.355,0,84.238,1821,2681,1.140,1.070,1.110,0,0,0,0,0,18,292,0,26,2
25-06 23:02:37,17.028,3.255,74.872,2.254,0.250,5568868,149632,181024,2107928,26302.002,2785.554,0,1903.111,0,240.393,4161,5533,1.140,1.070,1.110,0,0,0,0,0,18,292,0,26,2
25-06 23:02:38,7.750,1.500,87.996,1.750,0,5568868,149632,181024,2107928,14310.325,2450.884,0,4531.786,0,307.985,2412,3621,1.140,1.070,1.110,0,0,0,0,0,18,292,0,26,2
25-06 23:02:39,17.750,4.000,74.748,1.000,0,5568760,149632,181024,2108036,13290.660,2135.945,0,1143.971,0,117.997,3787,4604,1.140,1.070,1.110,3,0,0,0,0,18,291,0,27,2
25-06 23:02:40,7.996,1.499,88.208,0.500,0,5568588,149632,181024,2108208,11560.467,2564.772,0,1143.453,0,103.950,2512,3611,1.140,1.070,1.110,0,0,0,0,0,18,292,0,27,2
25-06 23:02:41,12.756,2.501,82.039,1.501,0,5569032,149128,181024,2108268,10650.107,2505.201,0,1488.714,0,181.087,3383,4482,1.370,1.120,1.130,1,0,0,0,0,18,292,0,27,2
25-06 23:02:42,18.488,5.496,73.452,1.749,0,5569468,148652,181024,2108308,8158.709,323.790,0,6040.083,0,519.663,4061,5132,1.370,1.120,1.130,1,0,2.998,0,0,18,292,0,27,2
25-06 23:02:43,8.256,1.501,87.064,0.751,0,5569292,148652,181024,2108484,6925.125,2149.591,0,948.702,0,92.068,2484,3521,1.370,1.120,1.130,1,0,0,0,0,18,292,0,27,2
25-06 23:02:44,9.499,1.500,86.994,0.500,0.250,5569252,148652,181024,2108524,22597.436,5785.600,0,1459.899,0,89.994,2478,3203,1.370,1.120,1.130,0,0,0,0,0,18,292,0,28,2
25-06 23:02:45,3.500,0.750,93.991,0,0.250,5569244,148652,181024,2108532,12313.853,2036.810,0,631.941,0,34.997,1322,1647,1.370,1.120,1.130,0,0,0,0,0,18,292,0,28,2
25-06 23:02:46,3.501,0.750,94.266,0.250,0,5569236,148652,181024,2108540,12998.212,3270.557,0,552.094,0,35.006,1344,1658,1.340,1.120,1.130,0,0,0,0,0,18,292,0,27,2
25-06 23:02:47,6.999,1.500,88.740,0.500,0,5569156,148652,181024,2108620,14580.276,3400.598,0,923.891,0,86.990,2183,2821,1.340,1.120,1.130,0,0,0,0,0,18,292,0,27,2
25-06 23:02:48,5.999,1.000,90.733,0.750,0,5569152,148652,181024,2108624,21051.947,2032.609,0,895.828,0,94.982,1994,2763,1.340,1.120,1.130,0,0,0,0,0,18,292,0,27,2
25-06 23:02:49,14.497,3.249,79.234,1.250,0.250,5570136,147644,181024,2108648,17013.571,3112.373,0,1171.764,0,120.976,3393,4180,1.340,1.120,1.130,2,0,5.999,0,0,18,292,0,27,2
25-06 23:02:50,6.251,1.250,90.021,0.500,0,5569904,147644,181024,2108880,15808.759,2619.623,0,796.189,0,70.017,2391,2995,1.340,1.120,1.130,2,0,0,0,0,18,293,0,25,2
25-06 23:02:51,25.509,5.002,65.523,1.501,0.250,5570112,147392,181024,2108924,6113.103,1350.465,0,2124.731,0,220.076,5617,7475,1.310,1.120,1.130,1,0,0,0,0,18,293,0,25,2
25-06 23:02:52,25.980,4.746,62.951,2.748,0,5569968,147140,181028,2109316,6358.039,1618.737,0,9720.415,0,843.342,6166,8260,1.310,1.120,1.130,1,0,0.999,0,0,18,293,0,25,2
25-06 23:02:53,23.772,5.755,66.812,1.251,0,5569772,147140,181028,2109512,14784.621,2771.553,0,1377.269,0,158.146,5160,6480,1.310,1.120,1.130,2,1,0,0,0,18,293,0,26,2
25-06 23:02:54,12.993,1.749,81.958,1.249,0,5569948,146888,181028,2109588,10216.811,2630.664,0,1643.165,0,137.930,3175,4357,1.310,1.120,1.130,0,0,0,0,0,18,292,0,26,2
25-06 23:02:55,21.745,3.249,71.484,1.000,0,5569896,146888,181028,2109640,10308.733,1685.629,0,1451.681,0,134.970,4289,5190,1.310,1.120,1.130,5,0,0,0,0,18,292,0,26,2
25-06 23:02:56,12.754,2.001,81.773,1.000,0,5569688,146888,181028,2109848,18018.034,3460.967,0,1408.393,0,150.042,3484,4755,1.210,1.100,1.120,0,0,0,0,0,18,292,0,27,2
25-06 23:02:57,17.709,4.739,74.827,0.998,0,5569640,146888,181028,2109896,10125.573,1710.044,0,1105.442,0,99.769,4113,5031,1.210,1.100,1.120,2,0,0,0,0,18,293,0,28,2
25-06 23:02:58,27.064,5.764,62.148,2.005,0.251,5570296,146132,181028,2109996,10494.956,1623.861,0,2598.178,0,284.677,6209,8322,1.210,1.100,1.120,2,0,0,0,0,18,293,0,24,2
25-06 23:02:59,24.252,4.500,68.506,1.000,0.250,5570812,145376,181028,2110236,5681.531,1512.141,0,1560.146,0,131.012,4753,5897,1.210,1.100,1.120,2,0,0,0,0,18,293,0,24,2
25-06 23:03:00,23.443,4.988,66.090,1.995,0,5571772,144368,181028,2110284,22356.872,1616.087,0,5746.088,0,364.118,5637,7422,1.210,1.100,1.120,4,0,0,0,0,18,293,0,24,2
25-06 23:03:01,24.313,4.762,67.925,0.501,0.251,5571816,144116,181028,2110492,11471.582,1690.359,0,1227.165,0,108.279,5108,6453,1.190,1.100,1.120,1,0,0,0,0,18,293,0,24,2
25-06 23:03:02,27.241,8.497,60.229,1.250,0,5573908,162200,181028,2090636,7092.579,2512.142,0,1879.358,0,230.921,5528,13003,1.190,1.100,1.120,0,0,36.987,0,0,18,292,0,25,2
25-06 23:03:03,15.753,2.751,78.764,1.000,0,5574080,161848,181028,2090928,9839.796,1620.296,32.006,1228.224,1.000,124.023,3598,4604,1.190,1.100,1.120,2,1,0,0,0,18,293,0,25,2
25-06 23:03:04,13.499,2.000,80.244,2.250,0,5574248,161624,181028,2090984,11414.119,1619.875,0,1887.854,0,251.981,3810,5339,1.190,1.100,1.120,2,0,0,0,0,18,292,0,25,2
25-06 23:03:05,12.002,2.000,82.512,1.250,0,5574208,161624,181028,2091024,17698.573,3460.503,0,1224.178,0,127.018,3235,4304,1.190,1.100,1.120,0,0,0,0,0,18,292,0,26,2
25-06 23:03:06,18.495,3.749,75.480,0.500,0,5573940,161624,181028,2091292,9935.322,2499.326,0,1339.639,0,148.960,3758,4692,1.180,1.090,1.120,0,0,0,0,0,18,292,0,27,2
25-06 23:03:07,9.751,1.500,86.008,0.750,0,5573908,161624,181028,2091324,7980.779,1686.165,0,1276.125,0,89.009,2487,3169,1.180,1.090,1.120,2,0,0,0,0,18,293,0,27,2
25-06 23:03:08,14.251,2.500,79.008,1.750,0.250,5574196,161120,181028,2091540,17957.814,3699.374,0,5544.560,0,509.051,4060,5295,1.180,1.090,1.120,0,0,0,0,0,18,292,0,27,2
25-06 23:03:09,17.982,3.746,74.924,0.499,0.250,5574148,161120,181028,2091588,14374.352,2593.357,0,1006.974,0,114.883,4353,5574,1.180,1.090,1.120,1,0,0,0,0,18,293,0,27,2
25-06 23:03:10,26.341,6.773,61.463,3.512,0,5573008,161992,181028,2091856,6343.947,1517.249,0,7048.384,0,511.770,6601,9532,1.180,1.090,1.120,2,0,1.003,0,0,18,293,0,27,2
25-06 23:03:11,25.427,5.484,63.069,2.493,0,5573332,161516,181028,2092008,10143.852,1561.513,0,2313.353,0,301.135,6324,8802,1.240,1.110,1.120,1,0,0,0,0,18,293,0,25,2
25-06 23:03:12,26.509,5.252,63.271,2.251,0,5573020,161516,181028,2092320,19923.566,1620.534,0,2288.754,0,298.098,6893,10042,1.240,1.110,1.120,3,0,1.000,0,0,18,293,0,25,2
25-06 23:03:13,24.749,4.500,67.496,0.750,0.500,5573840,160508,181028,2092508,10250.395,1241.927,0,1415.916,0,129.992,5095,6490,1.240,1.110,1.120,1,0,0,0,0,18,293,0,25,2
25-06 23:03:14,23.040,4.508,68.869,1.002,0,5574000,160256,181028,2092600,7814.454,1352.328,0,1286.214,0,105.181,4994,6332,1.240,1.110,1.120,2,0,0,0,0,18,293,0,25,2
25-06 23:03:15,24.703,3.992,67.122,0.499,0,5573964,160256,181028,2092636,17333.931,1563.018,0,1353.418,0,109.791,5299,6326,1.240,1.110,1.120,1,0,0.998,0,0,18,294,0,24,2
25-06 23:03:16,21.750,5.750,69.000,1.500,0,5577668,156228,181028,2092960,11378.082,2355.017,16.000,2480.018,1.000,257.002,4997,6774,1.540,1.170,1.150,0,0,3.000,0,0,18,292,0,26,2
25-06 23:03:17,18.491,3.748,73.712,1.749,0,5578396,155472,181028,2092988,12212.744,1307.330,0,6624.606,0,390.800,4160,5288,1.540,1.170,1.150,4,0,1.999,0,0,18,293,0,28,2
25-06 23:03:18,16.721,4.243,73.624,2.496,0,5620732,157376,181024,2049808,553481.957,1563.322,0,2136.341,0,307.473,4620,6112,1.540,1.170,1.150,3,0,0,0,0,18,293,0,28,2
25-06 23:03:19,16.781,3.005,77.140,1.252,0,5620532,157376,181024,2050008,21203.600,3466.310,0,1390.531,0,156.285,3871,4954,1.540,1.170,1.150,0,0,0,0,0,18,292,0,24,2
25-06 23:03:20,16.756,3.251,76.528,0.750,0,5620428,157376,181024,2050112,10339.726,1566.565,0,2164.780,0,125.045,3531,4286,1.540,1.170,1.150,1,0,0,0,0,18,292,0,25,2
25-06 23:03:21,8.998,1.750,87.733,0.500,0,5620392,157376,181024,2050148,22294.668,2557.503,0,803.844,0,84.983,2614,3470,1.500,1.170,1.140,1,0,0,0,0,18,292,0,25,2
25-06 23:03:22,20.752,3.750,72.006,1.500,0.250,5620568,157128,181028,2050216,11194.990,3394.300,0,1792.159,0,211.019,4658,5893,1.500,1.170,1.140,0,0,1.000,0,0,18,292,0,26,2
25-06 23:03:23,12.507,2.501,80.798,0.500,0,5620396,157128,181028,2050388,19916.809,1687.000,0,916.543,0,100.059,3549,4639,1.500,1.170,1.140,1,0,0,0,0,18,293,0,24,2
25-06 23:03:24,25.214,5.242,66.155,1.248,0.250,5620296,157128,181028,2050488,19002.683,1769.456,0,2049.054,0,235.661,6215,8014,1.500,1.170,1.140,2,0,0,0,0,18,293,0,24,2
25-06 23:03:25,25.763,5.253,63.781,2.251,0,5620164,157128,181028,2050620,10931.365,1566.769,0,3073.509,0,337.165,6182,9017,1.500,1.170,1.140,1,0,0,0,0,18,293,0,24,2
25-06 23:03:26,25.659,6.228,61.531,3.488,0,5619952,157128,181028,2050832,10392.044,1506.642,0,7298.047,0,555.026,6799,9830,1.620,1.200,1.150,1,0,0,0,0,18,293,0,26,2
25-06 23:03:27,25.522,4.754,65.806,1.001,0,5619900,156876,181028,2051136,17156.591,1621.379,64.054,1377.171,1.001,143.122,5346,6537,1.620,1.200,1.150,1,0,0,0,0,18,293,0,26,2
25-06 23:03:28,24.082,4.265,67.229,0.753,0.251,5620316,156372,181028,2051224,10560.034,1625.547,0,6321.571,0,455.554,5726,7232,1.620,1.200,1.150,3,0,0,0,0,18,293,0,27,2
25-06 23:03:29,23.478,4.995,68.685,0.999,0,5620028,156636,181028,2051248,8153.279,1564.518,0,943.107,0,82.921,4782,6073,1.620,1.200,1.150,2,0,0,0,0,18,293,0,27,2
25-06 23:03:30,22.912,5.479,66.994,1.245,0,5620972,155628,181028,2051312,8229.516,1699.498,0,1550.070,0,167.360,5076,6485,1.620,1.200,1.150,2,0,0,0,0,18,293,0,27,2
25-06 23:03:31,11.304,2.010,84.152,1.005,0,5620756,155628,181028,2051528,8714.621,2724.010,0,1772.465,0,152.729,2962,4358,1.490,1.180,1.150,0,0,0,0,0,18,292,0,27,2
25-06 23:03:32,19.254,4.001,72.514,2.000,0,5620708,155628,181028,2051576,11290.134,1674.317,0,1988.376,0,216.041,4737,6159,1.490,1.180,1.150,0,0,1.000,0,0,18,293,0,27,2
25-06 23:03:33,20.248,3.000,72.992,1.750,0.250,5620900,155376,181028,2051636,19646.980,2028.791,0,1867.808,0,238.975,4375,5690,1.490,1.180,1.150,1,0,1.000,0,0,18,292,0,27,2
25-06 23:03:34,7.248,1.000,86.230,2.000,0,5620696,155376,181028,2051840,17381.928,2996.298,0,4610.920,0,320.925,2879,4180,1.490,1.180,1.150,1,0,0,0,0,18,293,0,27,2
25-06 23:03:35,18.255,4.501,73.771,1.250,0,5620000,155992,181028,2051920,22195.239,2571.723,0,1612.453,0,184.052,4091,5384,1.490,1.180,1.150,1,0,0,0,0,18,292,0,27,2
25-06 23:03:36,15.749,2.500,78.744,1.000,0,5620156,155832,181028,2051924,11274.171,2082.847,0,1327.902,0,133.990,3606,4758,1.370,1.160,1.140,3,0,0,0,0,18,292,0,27,2
25-06 23:03:37,7.750,2.250,87.500,0.750,0,5620044,155832,181028,2052036,15866.062,2943.011,0,1008.004,0,97.000,2557,3521,1.370,1.160,1.140,1,0,0,0,0,18,293,0,27,2
25-06 23:03:38,23.491,4.748,67.725,1.250,0,5620148,155580,181028,2052184,6235.695,1619.401,0,2039.246,0,168.938,5541,7154,1.370,1.160,1.140,1,0,0,0,0,18,293,0,27,2
25-06 23:03:39,26.738,5.747,63.222,2.249,0,5620008,155580,181028,2052324,13021.283,1685.260,0,2526.891,0,290.872,6326,8518,1.370,1.160,1.140,1,0,0,0,0,18,293,0,26,2
25-06 23:03:40,25.496,5.249,63.991,2.000,0.500,5619952,155580,181028,2052380,8352.824,1619.772,0,2683.622,0,312.956,6242,8861,1.370,1.160,1.140,1,0,0,0,0,18,293,0,26,2
25-06 23:03:41,26.517,5.253,61.789,3.002,0,5619872,155328,181028,2052712,7011.376,1621.012,0,6828.262,0,515.322,6499,9573,1.340,1.160,1.140,2,0,0,0,0,18,293,0,26,2
25-06 23:03:42,25.671,4.237,65.797,0.748,0,5619832,155328,181028,2052752,10365.955,1507.340,0,2145.368,0,164.491,5532,6977,1.340,1.160,1.140,1,0,2.991,0,0,18,293,0,28,2
25-06 23:03:43,15.787,4.260,75.175,2.756,0.251,5619776,155076,181028,2053060,10918.450,2568.988,48.112,2590.037,2.005,287.671,4484,6554,1.340,1.160,1.140,0,0,0,0,0,18,292,0,27,2
25-06 23:03:44,19.272,3.504,73.585,1.001,0,5619772,155076,181028,2053064,9553.041,1621.875,0,1826.111,0,164.190,3941,5036,1.340,1.160,1.140,2,0,0,0,0,18,292,0,28,2
25-06 23:03:45,7.749,1.250,88.492,0.500,0.250,5619536,155076,181028,2053300,12316.919,3516.691,0,1135.900,0,88.992,2310,2858,1.340,1.160,1.140,1,0,0,0,0,18,293,0,28,2
25-06 23:03:46,12.252,2.250,81.760,1.250,0,5619492,155076,181028,2053344,16346.034,3460.431,0,1336.166,0,152.019,3408,4502,1.230,1.140,1.130,0,0,0,0,0,18,292,0,28,2
25-06 23:03:47,14.498,3.000,79.989,1.250,0,5619396,155076,181028,2053440,29392.973,3501.520,0,1307.821,0,151.979,3577,4552,1.230,1.140,1.130,0,0,0,0,0,18,292,0,28,2
25-06 23:03:48,13.472,3.243,78.335,2.245,0,5619396,155076,181028,2053440,8405.288,1682.455,0,6414.483,0,419.117,3926,5257,1.230,1.140,1.130,3,0,0,0,0,18,294,0,29,2
25-06 23:03:49,27.302,6.262,62.368,1.753,0,5620244,154072,181028,2053596,10522.874,1514.861,0,5302.013,0,485.918,6260,8499,1.230,1.140,1.130,2,0,3.006,0,0,18,293,0,29,2
25-06 23:03:50,23.255,5.251,68.014,0.500,0,5621184,153064,181028,2053664,7934.622,1620.331,0,1028.210,0,88.018,5065,6114,1.230,1.140,1.130,2,0,3.001,0,0,18,293,0,29,2
25-06 23:03:51,23.006,4.501,67.518,1.750,0,5621280,152812,181028,2053820,12823.469,2571.696,0,3184.862,0,236.064,5066,6738,1.210,1.140,1.130,0,0,0,0,0,18,292,0,30,2
25-06 23:03:52,12.742,1.999,82.696,0.750,0.500,5621392,152560,181028,2053960,8078.765,2015.694,0,1562.987,0,117.924,2930,3800,1.210,1.140,1.130,2,0,0.999,0,0,18,292,0,30,2
25-06 23:03:53,7.002,2.001,88.273,1.500,0,5621320,152560,181032,2054028,18195.663,4375.121,0,1876.481,0,192.049,2891,4153,1.210,1.140,1.130,0,0,0,0,0,18,292,0,30,2
25-06 23:03:54,24.256,5.501,65.516,1.500,0,5621332,152320,181032,2054240,12678.074,1632.396,0,2196.533,0,230.056,5645,7518,1.210,1.140,1.130,1,0,0,0,0,18,293,0,31,2
25-06 23:03:55,24.740,3.998,67.474,0.750,0,5621472,152068,181032,2054352,10658.907,1685.353,0,1751.327,0,165.936,5203,6540,1.210,1.140,1.130,1,0,0,0,0,18,293,0,33,2
25-06 23:03:56,22.909,6.474,67.481,1.494,0,5621428,152068,181032,2054396,8083.757,1613.564,0,1916.356,0,192.233,5298,7081,1.200,1.130,1.130,3,1,0,0,0,18,293,0,32,2
25-06 23:03:57,14.062,3.264,76.585,3.264,0,5621188,152068,181032,2054636,12852.299,2558.206,0,7537.015,0,535.345,4325,6452,1.200,1.130,1.130,0,0,0,0,0,18,292,0,34,2
25-06 23:03:58,23.012,3.502,69.788,1.251,0.250,5621164,152068,181032,2054660,21511.580,1620.873,0,1396.752,0,153.082,4178,5051,1.200,1.130,1.130,4,0,0,0,0,18,290,0,37,2
25-06 23:03:59,9.491,1.748,86.914,0.500,0,5621460,151564,181032,2054868,10984.176,2557.480,0,1011.004,0,94.906,2531,3512,1.200,1.130,1.130,0,0,0,0,0,18,292,0,37,2
25-06 23:04:00,17.502,2.750,75.508,1.250,0,5621428,151564,181032,2054900,15178.586,3460.362,0,1452.152,0,160.017,3919,5044,1.200,1.130,1.130,0,0,0,0,0,18,292,0,36,2
25-06 23:04:01,15.006,2.001,79.782,1.501,0,5621356,151564,181032,2054972,11721.660,2981.185,0,1276.507,0,138.055,3376,4397,1.100,1.110,1.130,1,0,0,0,0,18,291,0,37,3
25-06 23:04:02,8.251,3.250,86.257,0.500,0,5621596,151312,181032,2054984,9639.764,2178.173,0,920.073,0,78.006,2559,3303,1.100,1.110,1.130,4,0,6.000,0,0,18,292,0,37,3
25-06 23:04:03,20.993,6.748,68.727,0.750,0.250,5620480,152180,181032,2055216,13281.517,2452.172,0,1651.443,0,200.932,4542,16870,1.100,1.110,1.130,0,0,30.990,0,0,18,291,0,39,3
25-06 23:04:04,19.751,3.500,73.753,1.250,0,5620720,151928,181032,2055228,10874.424,2788.109,0,1316.051,0,133.005,3855,4891,1.100,1.110,1.130,0,0,0,0,0,18,291,0,38,3
25-06 23:04:05,3.249,1.250,93.480,0.250,0.250,5620648,151928,181032,2055300,17006.434,2730.427,0,707.852,0,52.989,1674,2251,1.100,1.110,1.130,0,0,0,0,0,18,291,0,38,3
25-06 23:04:06,7.748,1.250,87.974,0.500,0,5620644,151928,181032,2055304,9475.225,2036.404,0,1467.570,0,96.972,2214,2918,1.010,1.100,1.120,2,0,0,0,0,18,292,0,38,3
25-06 23:04:07,21.754,5.001,68.013,3.001,0,5620404,151928,181032,2055544,13625.510,2561.472,0,6845.261,0,506.093,5336,7422,1.010,1.100,1.120,2,0,0,0,0,18,291,0,39,3
25-06 23:04:08,12.503,2.001,83.021,0.500,0.250,5620404,151928,181032,2055544,10378.631,2364.599,0,1100.279,0,85.022,2816,3527,1.010,1.100,1.120,1,0,0,0,0,18,291,0,38,3
25-06 23:04:09,6.750,1.500,89.250,1.000,0,5620552,151704,181032,2055620,19049.045,4093.010,0,5388.013,0,454.001,2610,3336,1.010,1.100,1.120,0,0,0,0,0,18,291,0,38,3
25-06 23:04:10,12.753,2.251,81.270,0.750,0,5620380,151704,181032,2055792,29579.101,3406.818,0,1196.287,0,133.032,3508,4518,1.010,1.100,1.120,1,0,0,0,0,18,291,0,39,3
25-06 23:04:11,11.494,1.749,84.703,0.500,0.250,5620340,151704,181032,2055832,12331.106,3288.162,0,883.506,0,81.954,2786,3516,1.010,1.090,1.120,0,0,0,0,0,18,291,0,40,3
25-06 23:04:12,6.504,1.751,88.811,0.751,0,5620336,151704,181032,2055836,6968.749,1633.113,0,912.622,0,100.068,2431,3421,1.010,1.090,1.120,1,0,1.001,0,0,18,291,0,40,3
25-06 23:04:13,11.998,2.250,81.736,1.250,0,5620488,151452,181032,2055936,15297.396,2996.490,0,1211.794,0,136.977,3584,4959,1.010,1.090,1.120,2,0,0,0,0,18,292,0,40,3
25-06 23:04:14,26.498,5.500,63.996,1.750,0,5620264,151452,181032,2056160,9491.410,1619.899,0,1887.883,0,226.986,5898,8045,1.010,1.090,1.120,1,1,1.000,0,0,18,292,0,40,3
25-06 23:04:15,23.998,4.250,67.243,1.250,0,5620404,151200,181032,2056272,10620.947,1619.839,0,1667.835,0,154.985,5472,6977,1.010,1.090,1.120,1,0,0,0,0,18,292,0,40,3
25-06 23:04:16,24.007,5.502,67.269,0.500,0,5620364,151200,181032,2056312,9087.542,1620.453,0,1244.348,0,119.033,5166,6463,1.010,1.090,1.120,1,0,1.000,0,0,18,292,0,38,3
25-06 23:04:17,26.995,6.749,59.740,2.750,0,5624688,146668,181032,2056520,6319.901,1619.718,0,6482.872,0,468.918,6520,9242,1.010,1.090,1.120,1,0,2.999,0,0,18,292,0,38,3
25-06 23:04:18,27.490,5.248,64.227,1.000,0,5624508,146668,181032,2056700,9970.367,1565.430,0,1343.510,0,108.960,5488,6748,1.010,1.090,1.120,1,0,1.999,0,0,18,291,0,41,3
25-06 23:04:19,19.007,4.252,72.278,1.751,0.250,5624256,146668,181032,2056952,10935.224,2458.950,0,3117.204,0,299.116,4666,6721,1.010,1.090,1.120,2,0,0,0,0,18,291,0,42,3
25-06 23:04:20,16.488,3.498,77.445,0.749,0,5624252,146668,181032,2056956,6391.465,1618.851,0,1211.141,0,119.915,3315,4154,1.010,1.090,1.120,1,0,0.999,0,0,18,289,0,41,3
25-06 23:04:21,8.756,1.501,87.312,1.001,0,5624168,146668,181032,2057040,11626.210,2567.813,0,1076.760,0,101.071,2492,3528,0.930,1.070,1.110,1,0,0,0,0,18,292,0,41,3
25-06 23:04:22,23.736,3.748,68.461,1.249,0.250,5623988,146668,181032,2057220,21784.585,2605.515,0,1762.995,0,204.883,4840,5990,0.930,1.070,1.110,0,0,0.999,0,0,18,291,0,42,3
25-06 23:04:23,12.743,1.499,83.206,0.500,0,5624432,146164,181032,2057280,11722.797,1565.172,0,675.642,0,50.973,2570,2974,0.930,1.070,1.110,2,0,0.999,0,0,18,292,0,42,3
25-06 23:04:24,25.351,4.016,69.527,0.251,0,5625864,144652,181036,2057356,10133.344,1584.308,0,915.645,0,69.276,3333,3126,0.930,1.070,1.110,1,0,0,0,0,18,291,0,41,3
25-06 23:04:25,25.884,3.982,68.194,0,0,5631936,138352,181036,2057584,5762.169,1612.770,0,553.519,0,33.848,3343,3126,0.930,1.070,1.110,2,0,0.996,0,0,18,292,0,42,3
25-06 23:04:26,19.263,2.752,74.802,1.001,0,5632096,138100,181036,2057676,20735.522,3462.425,0,1412.990,0,163.114,3898,4845,0.930,1.070,1.110,0,0,0,0,0,18,291,0,42,3
25-06 23:04:27,15.261,2.252,77.307,2.502,0,5632064,138100,181036,2057708,14921.033,2850.107,0,5363.966,0,389.288,3914,5549,0.930,1.070,1.110,2,0,0,0,0,18,291,0,42,3
25-06 23:04:28,10.491,1.998,84.431,0.749,0.250,5632272,137848,181036,2057752,15734.147,2230.178,0,1119.086,0,120.901,2996,3988,0.930,1.070,1.110,2,0,0,0,0,18,292,0,38,3
25-06 23:04:29,8.007,1.501,87.574,1.001,0,5632092,137848,181036,2057932,17183.589,3462.940,0,1044.887,0,117.099,2755,3832,0.930,1.070,1.110,0,0,0,0,0,18,291,0,38,3
25-06 23:04:30,23.468,5.742,66.409,1.748,0.250,5630904,138984,181036,2057984,12829.368,1617.777,0,6487.084,0,592.186,6027,7396,0.930,1.070,1.110,1,0,0,0,0,18,292,0,38,3
25-06 23:04:31,26.027,4.755,66.318,1.251,0,5631044,138732,181036,2058096,8614.833,1621.663,0,1493.531,0,155.159,5180,6645,1.020,1.090,1.120,1,0,0,0,0,18,291,0,40,4
25-06 23:04:32,23.504,5.251,67.012,0.750,0,5631612,137976,181036,2058284,6218.107,1620.288,0,1672.298,0,106.019,5146,6305,1.020,1.090,1.120,2,0,1.000,0,0,18,292,0,40,3
25-06 23:04:33,16.497,3.249,75.235,2.250,0,5631800,137724,181036,2058348,19236.127,2445.508,0,2387.519,0,264.947,4144,6091,1.020,1.090,1.120,0,0,0,0,0,18,291,0,40,3
25-06 23:04:34,18.499,2.750,76.994,0.250,0,5631772,137724,181036,2058376,9869.228,1619.873,0,983.923,0,54.996,3380,3631,1.020,1.090,1.120,1,0,0,0,0,18,295,0,41,3
25-06 23:04:35,25.000,3.250,68.500,0.250,0,5632128,137220,181036,2058524,11742.922,1619.989,0,939.994,0,75.999,4863,5651,1.020,1.090,1.120,2,0,0,0,0,18,295,0,43,3
25-06 23:04:36,25.511,4.002,68.279,1.251,0,5632436,136716,181036,2058720,10385.400,1620.687,112.047,1132.480,6.003,96.041,4776,5394,1.020,1.090,1.110,1,0,1.000,0,0,18,295,0,58,3
25-06 23:04:37,25.395,3.486,65.230,1.992,0,5633104,135960,181036,2058808,11095.092,1613.325,0,5094.919,0,338.599,5225,6543,1.020,1.090,1.110,2,0,0.996,0,0,18,297,0,62,3
25-06 23:04:38,24.574,3.761,69.209,0.251,0.251,5633440,135456,181036,2058976,10537.885,1462.425,0,690.088,0,49.149,4468,5023,1.020,1.090,1.110,2,0,1.003,0,0,18,298,0,62,3
25-06 23:04:39,25.769,4.003,67.551,0.500,0,5635020,133452,181036,2059400,9978.540,1687.275,0,1116.844,0,72.054,4765,5504,1.020,1.090,1.110,4,0,0,0,0,18,295,0,77,3
25-06 23:04:40,27.347,3.262,66.736,0.502,0.251,5636028,130960,181036,2060868,6599.331,1625.748,0,4451.738,0,478.692,4566,4861,1.020,1.090,1.110,2,0,0,0,0,18,295,0,80,3
25-06 23:04:41,7.714,2.488,86.097,1.493,0,5635912,130960,181036,2060984,12725.368,3443.862,0,1489.022,0,159.254,2986,4254,0.940,1.070,1.110,1,0,0,0,0,18,294,0,80,3
25-06 23:04:42,25.052,5.511,65.136,2.004,0.251,5635876,130960,181036,2061020,10326.484,1623.377,0,2485.170,0,254.530,5908,8084,0.940,1.070,1.110,2,0,3.006,0,0,18,295,0,80,3
25-06 23:04:43,26.371,4.727,64.685,0.995,0.249,5635944,130456,181036,2061456,10786.413,1612.140,0,1946.510,0,198.035,5524,7103,0.940,1.070,1.110,1,1,0,0,0,18,295,0,80,3
25-06 23:04:44,23.852,4.017,69.047,0.502,0,5636164,130204,181036,2061488,10002.983,1464.292,0,1458.266,0,111.479,4610,5707,0.940,1.070,1.110,1,0,0,0,0,18,295,0,80,3
25-06 23:04:45,14.250,3.750,77.500,2.250,0,5636200,129952,181036,2061704,9747.033,2574.009,0,2572.009,0,251.001,3909,5595,0.940,1.070,1.110,0,0,0,0,0,18,294,0,76,3
25-06 23:04:46,12.996,2.249,78.727,2.249,0,5636192,129952,181036,2061712,25605.657,2552.268,0,5130.529,0,405.884,3906,5649,0.940,1.070,1.110,0,0,0,0,0,18,294,0,77,3
25-06 23:04:47,11.750,2.750,82.503,1.750,0,5635936,130096,181036,2061824,12702.410,2511.081,0,3984.129,0,532.017,3436,4272,0.940,1.070,1.110,0,1,2.000,0,0,18,294,0,77,3
25-06 23:04:48,3.751,1.000,93.780,0.250,0,5635920,130096,181036,2061840,6413.079,1620.525,0,668.217,0,40.013,1605,2206,0.940,1.070,1.110,2,0,0,0,0,18,295,0,77,3
25-06 23:04:49,9.999,1.750,85.243,1.250,0,5635864,130096,181036,2061896,11286.075,2510.794,0,1415.884,0,155.987,2964,4133,0.940,1.070,1.110,0,0,0,0,0,18,294,0,75,3
25-06 23:04:50,23.232,5.246,69.197,0,0.250,5638184,127580,181036,2062092,10855.705,1618.763,0,555.575,0,32.975,3616,3458,0.940,1.070,1.110,1,0,5.995,0,0,18,295,0,77,3
25-06 23:04:51,17.760,2.251,76.542,1.251,0,5639088,126572,181036,2062196,7792.280,2084.145,0,1152.633,0,116.064,3245,4250,0.950,1.070,1.110,0,0,0,0,0,18,294,0,78,3
25-06 23:04:52,8.500,2.000,86.746,1.000,0,5639264,126320,181036,2062272,11262.421,1920.901,0,1275.934,0,128.993,2685,3737,0.950,1.070,1.110,1,0,1.000,0,0,18,294,0,78,3
25-06 23:04:53,11.502,1.500,84.015,0.750,0,5639240,126320,181036,2062296,13843.496,4710.849,0,1176.212,0,130.023,2837,3874,0.950,1.070,1.110,1,0,0,0,0,18,295,0,77,2
25-06 23:04:54,7.000,1.250,88.994,0.750,0.250,5639200,126320,181036,2062336,14475.017,2231.849,0,907.938,0,88.994,2235,2963,0.950,1.070,1.110,1,0,0,0,0,18,296,0,77,2
25-06 23:04:55,8.750,2.250,85.999,1.250,0,5639012,126320,181040,2062520,14805.796,3525.951,0,1615.978,0,182.997,2996,4423,0.950,1.070,1.110,1,0,0,0,0,18,295,0,77,2
25-06 23:04:56,22.755,4.751,69.764,0.750,0,5638992,126320,181040,2062540,9153.834,1620.325,0,1296.260,0,149.030,4829,6404,1.030,1.080,1.110,0,1,0,0,0,18,296,0,78,2
25-06 23:04:57,24.743,4.749,62.983,2.999,0.500,5638956,126068,181040,2062828,22269.100,1551.589,0,6766.207,0,485.871,6377,9158,1.030,1.080,1.110,2,0,0,0,0,18,296,0,72,2
25-06 23:04:58,25.507,4.751,67.018,0.250,0,5639652,125312,181040,2062888,9940.615,1620.426,0,1888.497,0,110.029,4971,6026,1.030,1.080,1.110,1,0,0,0,0,18,296,0,72,2
25-06 23:04:59,17.002,3.500,75.759,2.000,0,5639812,125060,181040,2062980,8026.002,2578.322,0,1936.242,0,220.027,4184,5889,1.030,1.080,1.110,0,0,0,0,0,18,295,0,73,2
25-06 23:05:00,12.417,1.738,80.709,1.242,0,5640056,124808,181040,2062988,11941.996,2497.270,0,1617.166,0,187.742,3454,4751,1.030,1.080,1.110,0,0,0,0,0,18,295,0,73,2
25-06 23:05:01,8.809,2.013,87.079,0.755,0,5641092,123548,181040,2063212,9525.319,2096.939,0,1252.325,0,87.582,2395,3211,0.950,1.060,1.100,2,0,3.020,0,0,18,295,0,68,2
25-06 23:05:02,5.993,1.249,90.147,0.999,0,5641052,123548,181040,2063252,9881.731,1618.155,0,1146.692,0,119.863,2419,3595,0.950,1.060,1.100,1,0,0.999,0,0,18,296,0,68,2
25-06 23:05:03,22.268,8.507,65.053,1.251,0,5644384,155832,181040,2028508,16229.120,3462.799,0,1733.401,0,184.149,5080,14133,0.950,1.060,1.100,0,0,36.029,0,0,18,295,0,69,2
25-06 23:05:04,18.868,3.972,73.485,0.497,0,5644808,155328,181040,2028588,6325.697,1447.860,15.889,1088.377,0.993,121.151,4217,5497,0.950,1.060,1.100,10,0,0,0,0,18,296,0,69,2
25-06 23:05:05,25.939,5.289,62.958,3.526,0,5644616,155328,181040,2028780,10533.691,1631.881,0,7857.204,0,565.114,5971,8474,0.950,1.060,1.100,1,0,0,0,0,18,295,0,65,2
25-06 23:05:06,17.983,4.246,74.677,1.499,0,5484392,315340,181052,2029044,19836.724,275186.592,191.814,4687.445,9.990,456.556,2654,2007,1.110,1.100,1.120,1,0,13.986,0,0,18,295,0,65,2
25-06 23:05:07,1.752,1.251,96.335,0,0,5473820,325920,181052,2029044,9935.759,1621.429,0,480.424,0,25.022,1244,1740,1.110,1.100,1.120,0,0,0,0,0,18,295,0,65,2
25-06 23:05:08,1.500,0.500,95.510,0.500,0,5474008,325732,181052,2029044,20291.168,2033.217,0,1268.135,0,69.007,1310,1868,1.110,1.100,1.120,0,0,0,0,0,18,295,0,65,2
25-06 23:05:09,2.499,1.000,95.704,0,0.250,5473488,326240,181052,2029056,15197.635,2648.716,0,0,0,0,1225,1590,1.110,1.100,1.120,0,0,0,0,0,18,295,0,63,2
25-06 23:05:10,1.000,1.000,96.774,0,0.250,5473696,326024,181060,2029056,10251.499,1620.395,0,264.064,0,6.001,1106,1502,1.110,1.100,1.120,0,0,0,0,0,18,295,0,63,2
25-06 23:05:11,2.500,0.750,96.007,0.500,0,5473692,326024,181060,2029060,6117.476,1458.113,0,300.023,0,23.002,1294,1947,1.020,1.080,1.110,0,0,0,0,0,18,295,0,63,2
25-06 23:05:12,2.248,1.249,93.899,0.250,0.250,5473684,326024,181060,2029068,8265.120,1618.261,0,275.704,0,42.954,1806,2698,1.020,1.080,1.110,0,0,0.999,0,0,18,295,0,63,2
25-06 23:05:13,2.002,1.001,94.840,0.250,0,5473680,326024,181060,2029072,13354.615,1621.532,0,536.507,0,52.049,1619,2312,1.020,1.080,1.110,0,0,0,0,0,18,295,0,61,2
25-06 23:05:14,1.750,1.500,95.752,0.250,0,5473680,326024,181060,2029072,8116.184,1620.037,0,444.010,0,42.001,1336,2024,1.020,1.080,1.110,2,0,0,0,0,18,295,0,61,2
25-06 23:05:15,1.000,0.750,96.251,0.250,0,5473676,326024,181060,2029076,13450.105,1620.013,0,336.003,0,28.000,1234,1637,1.020,1.080,1.110,0,0,0,0,0,18,295,0,61,2
25-06 23:05:16,1.000,0.500,97.257,0.250,0,5473676,326024,181060,2029076,9077.652,1458.105,0,36.003,0,5.000,1010,1412,0.940,1.060,1.100,0,0,0,0,0,18,295,0,61,2
25-06 23:05:17,2.250,0.250,95.771,0,0.250,5473672,326024,181060,2029080,11788.545,1620.350,0,0,0,0,1194,1531,0.940,1.060,1.100,0,0,1.000,0,0,18,295,0,61,2
25-06 23:05:18,4.001,2.250,92.518,0,0,5473652,326024,181060,2029100,9630.904,1686.333,0,132.026,0,15.003,1631,2237,0.940,1.060,1.100,1,0,3.001,0,0,18,295,0,60,2
25-06 23:05:19,16.243,2.999,78.716,0,0,5473648,326024,181060,2029104,6401.253,1619.305,0,0,0,0,3002,3342,0.940,1.060,1.100,1,0,1.000,0,0,18,295,0,62,2
25-06 23:05:20,3.250,1.000,94.236,0.500,0,5473616,326024,181060,2029136,11562.279,1619.759,0,115.983,0,11.998,1510,2042,0.940,1.060,1.100,0,0,1.000,0,0,18,295,0,62,2
25-06 23:05:21,2.249,0.999,95.944,0.250,0,5473616,326024,181060,2029136,20624.911,1619.051,0,359.789,0,29.982,1325,1961,0.870,1.040,1.100,1,0,0,0,0,18,295,0,62,2
25-06 23:05:22,3.253,1.001,93.572,0.250,0,5473612,326024,181060,2029140,7007.402,1621.250,0,244.188,0,35.027,1738,2291,0.870,1.040,1.100,1,0,1.001,0,0,18,295,0,57,2
25-06 23:05:23,1.999,0.750,95.469,0.250,0,5473604,326024,181060,2029148,10159.653,1619.466,0,471.845,0,44.985,1512,2156,0.870,1.040,1.100,1,0,0,0,0,18,295,0,57,2
25-06 23:05:24,1.000,0.750,96.267,0.250,0,5473584,326024,181060,2029168,11137.000,1590.286,0,276.050,0,23.004,1344,1948,0.870,1.040,1.100,0,0,0,0,0,18,295,0,57,2
25-06 23:05:25,1.500,0.500,97.250,0.250,0,5473584,326024,181060,2029168,14119.071,1620.008,0,576.003,0,68.000,1143,1505,0.870,1.040,1.100,0,0,0,0,0,18,295,0,57,2
25-06 23:05:26,2.500,0.500,96.001,0,0,5473580,326024,181060,2029172,9671.111,1620.019,0,1160.013,0,210.002,1249,1555,0.800,1.020,1.090,0,0,0,0,0,18,295,0,54,2
25-06 23:05:27,1.500,1.000,96.226,0.250,0,5473580,326024,181060,2029172,6654.346,1619.597,0,87.978,0,11.997,1301,1865,0.800,1.020,1.090,0,0,0,0,0,18,295,0,54,2
25-06 23:05:28,1.500,0.750,95.780,0,0,5473576,326024,181060,2029176,9955.076,1620.501,0,348.108,0,29.009,1421,2018,0.800,1.020,1.090,0,0,0,0,0,18,295,0,54,2
25-06 23:05:29,1.500,0.500,96.282,0,0,5473576,326024,181060,2029176,15586.164,1620.537,0,288.095,0,22.007,1215,1574,0.800,1.020,1.090,0,0,0,0,0,18,295,0,54,2
25-06 23:05:30,1.499,0.999,96.450,0.250,0,5473576,326024,181060,2029176,5990.898,1457.245,0,31.983,0,2.998,1222,1733,0.800,1.020,1.090,0,0,0,0,0,18,295,0,54,2
25-06 23:05:31,2.251,0.750,94.787,0.500,0,5473568,326024,181060,2029184,11115.354,1662.651,0,336.132,0,34.013,1375,2063,0.730,1.010,1.080,0,0,0,0,0,18,295,0,54,2
25-06 23:05:32,1.999,0.250,95.467,0.250,0,5473568,326024,181060,2029184,21078.715,1619.440,0,155.946,0,24.991,1458,2114,0.730,1.010,1.080,0,0,1.000,0,0,18,295,0,54,2
25-06 23:05:33,2.250,0.750,94.765,0.250,0,5473568,326024,181060,2029184,11348.777,1620.254,0,468.073,0,47.007,1704,2553,0.730,1.010,1.080,0,0,1.000,0,0,18,295,0,54,2
25-06 23:05:34,1.750,0.750,96.000,0.250,0,5473560,326024,181060,2029192,8759.008,1686.002,0,288.000,0,25.000,1242,1945,0.730,1.010,1.080,0,0,0,0,0,18,295,0,50,2
25-06 23:05:35,1.751,1.500,95.027,1.000,0.250,5473560,326024,181060,2029192,6313.826,1458.422,0,2564.742,0,152.044,1381,2212,0.730,1.010,1.080,0,0,0,0,0,18,295,0,50,2
25-06 23:05:36,0.750,0.250,96.743,0,0,5473560,326024,181060,2029192,10454.261,1457.897,0,243.983,0,13.999,1017,1422,0.750,1.010,1.080,0,0,0,0,0,18,295,0,50,2
25-06 23:05:37,9.251,2.250,87.005,0.500,0,5469316,330260,181068,2029192,139887.811,3678.232,4.000,720.045,1.000,113.007,1791,1794,0.750,1.010,1.080,0,0,4.000,0,0,18,295,0,50,2
25-06 23:05:38,16.496,3.749,77.731,0,0.250,5493224,306332,181084,2029196,292386.670,9381.647,0,111.972,0,5.998,2780,2226,0.750,1.010,1.080,1,0,20.995,0,0,18,295,0,28,2
25-06 23:05:39,11.775,4.510,80.674,1.754,0,5491508,307928,181092,2029308,302778.453,12913.785,108.233,80.172,5.011,2.004,2727,2168,0.750,1.010,1.080,1,0,22.047,0,0,18,295,0,28,2
25-06 23:05:40,21.461,5.740,71.371,0.250,0.499,5498572,295916,181100,2034232,8983.702,539.022,15.971,163.703,0.998,7.986,2445,1889,0.750,1.010,1.080,1,0,10.980,0,0,18,295,0,28,2
25-06 23:05:41,22.005,5.501,71.266,0.250,0,5494484,292652,181104,2041564,7438.663,540.121,0,592.132,0,31.007,2534,2150,0.770,1.010,1.080,2,0,9.002,0,0,18,295,0,28,2
