{0} setUpClass (tempest.api.compute.admin.test_live_migration.LiveAutoBlockMigrationV225Test) ... SKIPPED: Less than 2 compute nodes, skipping migration test.
{0} setUpClass (tempest.api.compute.admin.test_live_migration.LiveMigrationTest) ... SKIPPED: Less than 2 compute nodes, skipping migration test.
{0} setUpClass (tempest.api.compute.admin.test_live_migration.LiveMigrationWithoutHostTest) ... SKIPPED: Less than 2 compute nodes, skipping migration test.
{0} setUpClass (tempest.api.compute.servers.test_server_rescue.ServerBootFromVolumeStableRescueTest) ... SKIPPED: Stable rescue not available.
{0} setUpClass (tempest.api.compute.servers.test_server_rescue.ServerStableDeviceRescueTest) ... SKIPPED: Stable rescue not available.
{0} tempest.api.compute.volumes.test_volume_snapshots.VolumesSnapshotsTestJSON.test_volume_snapshot_create_get_list_delete [3.158169s] ... FAILED

Captured traceback:
~~~~~~~~~~~~~~~~~~~
    Traceback (most recent call last):

      File "/opt/stack/tempest/tempest/api/compute/volumes/test_volume_snapshots.py", line 53, in test_volume_snapshot_create_get_list_delete
    volume = self.create_volume()
             ^^^^^^^^^^^^^^^^^^^^

      File "/opt/stack/tempest/tempest/api/compute/base.py", line 541, in create_volume
    waiters.wait_for_volume_resource_status(cls.volumes_client,

      File "/opt/stack/tempest/tempest/common/waiters.py", line 379, in wait_for_volume_resource_status
    raise exceptions.VolumeResourceBuildErrorException(

    tempest.exceptions.VolumeResourceBuildErrorException: volume f647184d-af89-4099-9d20-1909875574b0 failed to build and is in ERROR status


Captured pythonlogging:
~~~~~~~~~~~~~~~~~~~~~~~
    2026-02-17 15:26:08,389 122996 INFO     [tempest.lib.common.rest_client] Request (VolumesSnapshotsTestJSON:test_volume_snapshot_create_get_list_delete): 200 POST http://10.132.44.205/compute/v2.1/os-volumes 1.772s
2026-02-17 15:26:08,390 122996 DEBUG    [tempest.lib.common.rest_client] Request - Headers: {'Content-Type': 'application/json', 'Accept': 'application/json', 'X-Auth-Token': '<omitted>'}
        Body: {"volume": {"size": 1, "display_name": "tempest-VolumesSnapshotsTestJSON-volume-600193280"}}
    Response - Headers: {'date': 'Tue, 17 Feb 2026 15:26:06 GMT', 'server': 'Apache/2.4.58 (Ubuntu)', 'content-length': '341', 'location': 'http://10.132.44.205/compute/v2.1/os-volumes/f647184d-af89-4099-9d20-1909875574b0', 'content-type': 'application/json', 'openstack-api-version': 'compute 2.1', 'x-openstack-nova-api-version': '2.1', 'vary': 'OpenStack-API-Version,X-OpenStack-Nova-API-Version', 'x-openstack-request-id': 'req-50e57335-a462-4df1-9b7d-f2fe100cac40', 'x-compute-request-id': 'req-50e57335-a462-4df1-9b7d-f2fe100cac40', 'connection': 'close', 'status': '200', 'content-location': 'http://10.132.44.205/compute/v2.1/os-volumes'}
        Body: b'{"volume": {"id": "f647184d-af89-4099-9d20-1909875574b0", "status": "creating", "size": 1, "availabilityZone": "nova", "createdAt": "2026-02-17T15:26:07.821734", "attachments": [{}], "displayName": "tempest-VolumesSnapshotsTestJSON-volume-600193280", "displayDescription": null, "volumeType": "nvmetcp1", "snapshotId": null, "metadata": {}}}'
2026-02-17 15:26:08,662 122996 INFO     [tempest.lib.common.rest_client] Request (VolumesSnapshotsTestJSON:test_volume_snapshot_create_get_list_delete): 200 GET http://10.132.44.205/compute/v2.1/os-volumes/f647184d-af89-4099-9d20-1909875574b0 0.268s
2026-02-17 15:26:08,663 122996 DEBUG    [tempest.lib.common.rest_client] Request - Headers: {'Content-Type': 'application/json', 'Accept': 'application/json', 'X-Auth-Token': '<omitted>'}
        Body: None
    Response - Headers: {'date': 'Tue, 17 Feb 2026 15:26:08 GMT', 'server': 'Apache/2.4.58 (Ubuntu)', 'content-length': '338', 'content-type': 'application/json', 'openstack-api-version': 'compute 2.1', 'x-openstack-nova-api-version': '2.1', 'vary': 'OpenStack-API-Version,X-OpenStack-Nova-API-Version', 'x-openstack-request-id': 'req-913652e0-cfda-44f0-aabc-5f6dcdc57d59', 'x-compute-request-id': 'req-913652e0-cfda-44f0-aabc-5f6dcdc57d59', 'connection': 'close', 'status': '200', 'content-location': 'http://10.132.44.205/compute/v2.1/os-volumes/f647184d-af89-4099-9d20-1909875574b0'}
        Body: b'{"volume": {"id": "f647184d-af89-4099-9d20-1909875574b0", "status": "error", "size": 1, "availabilityZone": "nova", "createdAt": "2026-02-17T15:26:08.000000", "attachments": [{}], "displayName": "tempest-VolumesSnapshotsTestJSON-volume-600193280", "displayDescription": null, "volumeType": "nvmetcp1", "snapshotId": null, "metadata": {}}}'
2026-02-17 15:26:09,761 122996 INFO     [tempest.lib.common.rest_client] Request (VolumesSnapshotsTestJSON:test_volume_snapshot_create_get_list_delete): 200 GET http://10.132.44.205/compute/v2.1/os-volumes/f647184d-af89-4099-9d20-1909875574b0 0.093s
2026-02-17 15:26:09,762 122996 DEBUG    [tempest.lib.common.rest_client] Request - Headers: {'Content-Type': 'application/json', 'Accept': 'application/json', 'X-Auth-Token': '<omitted>'}
        Body: None
    Response - Headers: {'date': 'Tue, 17 Feb 2026 15:26:09 GMT', 'server': 'Apache/2.4.58 (Ubuntu)', 'content-length': '338', 'content-type': 'application/json', 'openstack-api-version': 'compute 2.1', 'x-openstack-nova-api-version': '2.1', 'vary': 'OpenStack-API-Version,X-OpenStack-Nova-API-Version', 'x-openstack-request-id': 'req-5944e178-d740-47a6-a022-f40e0a8822b1', 'x-compute-request-id': 'req-5944e178-d740-47a6-a022-f40e0a8822b1', 'connection': 'close', 'status': '200', 'content-location': 'http://10.132.44.205/compute/v2.1/os-volumes/f647184d-af89-4099-9d20-1909875574b0'}
        Body: b'{"volume": {"id": "f647184d-af89-4099-9d20-1909875574b0", "status": "error", "size": 1, "availabilityZone": "nova", "crea
    tedAt": "2026-02-17T15:26:08.000000", "attachments": [{}], "displayName": "tempest-VolumesSnapshotsTestJSON-volume-600193280", "displayDescription": null, "volumeType": "nvmetcp1", "snapshotId": null, "metadata": {}}}'

{0} tempest.api.compute.volumes.test_volumes_get.VolumesGetTestJSON.test_volume_create_get_delete [1.951583s] ... FAILED

Captured traceback:
~~~~~~~~~~~~~~~~~~~
    Traceback (most recent call last):

      File "/opt/stack/tempest/tempest/api/compute/volumes/test_volumes_get.py", line 55, in test_volume_create_get_delete
    volume = self.create_volume(size=CONF.volume.volume_size,
             ^^^^^^^^^^^^^^^^^^^^^^^^^^^^^^^^^^^^^^^^^^^^^^^^

      File "/opt/stack/tempest/tempest/api/compute/base.py", line 541, in create_volume
    waiters.wait_for_volume_resource_status(cls.volumes_client,

      File "/opt/stack/tempest/tempest/common/waiters.py", line 379, in wait_for_volume_resource_status
    raise exceptions.VolumeResourceBuildErrorException(

    tempest.exceptions.VolumeResourceBuildErrorException: volume 5c714f1d-4977-43ac-a8a6-1f9026271d77 failed to build and is in ERROR status


Captured pythonlogging:
~~~~~~~~~~~~~~~~~~~~~~~
    2026-02-17 15:26:14,090 122996 INFO     [tempest.lib.common.rest_client] Request (VolumesGetTestJSON:test_volume_create_get_delete): 200 POST http://10.132.44.205/compute/v2.1/os-volumes 0.714s
2026-02-17 15:26:14,091 122996 DEBUG    [tempest.lib.common.rest_client] Request - Headers: {'Content-Type': 'application/json', 'Accept': 'application/json', 'X-Auth-Token': '<omitted>'}
        Body: {"volume": {"size": 1, "display_name": "tempest-VolumesGetTestJSON-Volume-2144446561", "metadata": {"Type": "work"}}}
    Response - Headers: {'date': 'Tue, 17 Feb 2026 15:26:13 GMT', 'server': 'Apache/2.4.58 (Ubuntu)', 'content-length': '350', 'location': 'http://10.132.44.205/compute/v2.1/os-volumes/5c714f1d-4977-43ac-a8a6-1f9026271d77', 'content-type': 'application/json', 'openstack-api-version': 'compute 2.1', 'x-openstack-nova-api-version': '2.1', 'vary': 'OpenStack-API-Version,X-OpenStack-Nova-API-Version', 'x-openstack-request-id': 'req-2721f2f3-aa26-438f-8357-db3fec766ec3', 'x-compute-request-id': 'req-2721f2f3-aa26-438f-8357-db3fec766ec3', 'connection': 'close', 'status': '200', 'content-location': 'http://10.132.44.205/compute/v2.1/os-volumes'}
        Body: b'{"volume": {"id": "5c714f1d-4977-43ac-a8a6-1f9026271d77", "status": "creating", "size": 1, "availabilityZone": "nova", "createdAt": "2026-02-17T15:26:13.857546", "attachments": [{}], "displayName": "tempest-VolumesGetTestJSON-Volume-2144446561", "displayDescription": null, "volumeType": "nvmetcp1", "snapshotId": null, "metadata": {"Type": "work"}}}'
2026-02-17 15:26:14,191 122996 INFO     [tempest.lib.common.rest_client] Request (VolumesGetTestJSON:test_volume_create_get_delete): 200 GET http://10.132.44.205/compute/v2.1/os-volumes/5c714f1d-4977-43ac-a8a6-1f9026271d77 0.090s
2026-02-17 15:26:14,192 122996 DEBUG    [tempest.lib.common.rest_client] Request - Headers: {'Content-Type': 'application/json', 'Accept': 'application/json', 'X-Auth-Token': '<omitted>'}
        Body: None
    Response - Headers: {'date': 'Tue, 17 Feb 2026 15:26:14 GMT', 'server': 'Apache/2.4.58 (Ubuntu)', 'content-length': '347', 'content-type': 'application/json', 'openstack-api-version': 'compute 2.1', 'x-openstack-nova-api-version': '2.1', 'vary': 'OpenStack-API-Version,X-OpenStack-Nova-API-Version', 'x-openstack-request-id': 'req-3daf1e51-f1d3-43de-b9f1-adc622c23185', 'x-compute-request-id': 'req-3daf1e51-f1d3-43de-b9f1-adc622c23185', 'connection': 'close', 'status': '200', 'content-location': 'http://10.132.44.205/compute/v2.1/os-volumes/5c714f1d-4977-43ac-a8a6-1f9026271d77'}
        Body: b'{"volume": {"id": "5c714f1d-4977-43ac-a8a6-1f9026271d77", "status": "error", "size": 1, "availabilityZone": "nova", "createdAt": "2026-02-17T15:26:14.000000", "attachments": [{}], "displayName": "tempest-VolumesGetTestJSON-Volume-2144446561", "displayDescription": null, "volumeType": "nvmetcp1", "snapshotId": null, "metadata": {"Type": "work"}}}'
2026-02-17 15:26:15,317 122996 INFO     [tempest.lib.common.rest_client] Request (VolumesGetTestJSON:test_volume_create_get_delete): 200 GET http://10.132.44.205/compute/v2.1/os-volumes/5c714f1d-4977-43ac-a8a6-1f9026271d77 0.118s
2026-02-17 15:26:15,318 122996 DEBUG    [tempest.lib.common.rest_client] Request - Headers: {'Content-Type': 'application/json', 'Accept': 'application/json', 'X-Auth-Token': '<omitted>'}
        Body: None
    Response - Headers: {'date': 'Tue, 17 Feb 2026 15:26:15 GMT', 'server': 'Apache/2.4.58 (Ubuntu)', 'content-length': '347', 'content-type': 'application/json', 'openstack-api-version': 'compute 2.1', 'x-openstack-nova-api-version': '2.1', 'vary': 'OpenStack-API-Version,X-OpenStack-Nova-API-Version', 'x-openstack-request-id': 'req-4c0cc63e-2e84-4cf5-8196-701542283f13', 'x-compute-request-id': 'req-4c0cc63e-2e84-4cf5-8196-701542283f13', 'connection': 'close', 'status': '200', 'content-location': 'http://10.132.44.205/compute/v2.1/os-volumes/5c714f1d-4977-43ac-a8a6-1f9026271d77'}
        Body: b'{"volume": {"id": "5c714f1d-4977-43ac-a8a6-1f9026271d77", "status": "error", "size": 1, "availabilityZone": "nova", "createdAt": "2026-02-
    17T15:26:14.000000", "attachments": [{}], "displayName": "tempest-VolumesGetTestJSON-Volume-2144446561", "displayDescription": null, "volumeType": "nvmetcp1", "snapshotId": null, "metadata": {"Type": "work"}}}'

{0} setUpClass (tempest.api.compute.volumes.test_volumes_list.VolumesTestJSON) [0.000000s] ... FAILED

Captured traceback:
~~~~~~~~~~~~~~~~~~~
    Traceback (most recent call last):

      File "/opt/stack/tempest/tempest/test.py", line 185, in setUpClass
    raise value.with_traceback(trace)

      File "/opt/stack/tempest/tempest/test.py", line 178, in setUpClass
    cls.resource_setup()

      File "/opt/stack/tempest/tempest/api/compute/volumes/test_volumes_list.py", line 56, in resource_setup
    volume = cls.create_volume(metadata=metadata)
             ^^^^^^^^^^^^^^^^^^^^^^^^^^^^^^^^^^^^

      File "/opt/stack/tempest/tempest/api/compute/base.py", line 541, in create_volume
    waiters.wait_for_volume_resource_status(cls.volumes_client,

      File "/opt/stack/tempest/tempest/common/waiters.py", line 379, in wait_for_volume_resource_status
    raise exceptions.VolumeResourceBuildErrorException(

    tempest.exceptions.VolumeResourceBuildErrorException: volume 5fa16943-63ee-4fa5-8150-eeeeecf1484e failed to build and is in ERROR status

{0} tempest.api.compute.volumes.test_volumes_negative.VolumesNegativeTest.test_create_volume_with_invalid_size [0.241169s] ... ok
{0} tempest.api.compute.volumes.test_volumes_negative.VolumesNegativeTest.test_create_volume_with_size_zero [0.024516s] ... ok
{0} tempest.api.compute.volumes.test_volumes_negative.VolumesNegativeTest.test_create_volume_without_passing_size [0.026341s] ... ok
{0} tempest.api.compute.volumes.test_volumes_negative.VolumesNegativeTest.test_delete_invalid_volume_id [0.056682s] ... ok
{0} tempest.api.compute.volumes.test_volumes_negative.VolumesNegativeTest.test_delete_volume_without_passing_volume_id [0.016203s] ... ok
{0} tempest.api.compute.volumes.test_volumes_negative.VolumesNegativeTest.test_get_volume_without_passing_volume_id [0.011730s] ... ok
{0} tempest.api.compute.volumes.test_volumes_negative.VolumesNegativeTest.test_volume_delete_nonexistent_volume_id [0.051422s] ... ok
{0} tempest.api.compute.volumes.test_volumes_negative.VolumesNegativeTest.test_volume_get_nonexistent_volume_id [0.054045s] ... ok
{0} tempest.api.volume.admin.test_backends_capabilities.BackendsCapabilitiesAdminTestsJSON.test_compare_volume_stats_values [0.569707s] ... ok
{0} tempest.api.volume.admin.test_backends_capabilities.BackendsCapabilitiesAdminTestsJSON.test_get_capabilities_backend [0.001422s] ... FAILED

Captured traceback:
~~~~~~~~~~~~~~~~~~~
    Traceback (most recent call last):

      File "/opt/stack/tempest/tempest/api/volume/admin/test_backends_capabilities.py", line 38, in test_get_capabilities_backend
    self.admin_capabilities_client.show_backend_capabilities(self.hosts[0])
                                                             ~~~~~~~~~~^^^

    IndexError: list index out of range

{0} setUpClass (tempest.api.volume.admin.test_encrypted_volumes_extend.EncryptedVolumesExtendAttachedTest) ... SKIPPED: Attached encrypted volume extend is disabled.
{0} tempest.api.volume.admin.test_group_snapshots.GroupSnapshotsTest.test_create_group_from_group_snapshot [2.235997s] ... FAILED

Captured traceback:
~~~~~~~~~~~~~~~~~~~
    Traceback (most recent call last):

      File "/opt/stack/tempest/tempest/api/volume/admin/test_group_snapshots.py", line 162, in test_create_group_from_group_snapshot
    grp = self.create_group(group_type=group_type['id'],
          ^^^^^^^^^^^^^^^^^^^^^^^^^^^^^^^^^^^^^^^^^^^^^^

      File "/opt/stack/tempest/tempest/api/volume/base.py", line 293, in create_group
    waiters.wait_for_volume_resource_status(

      File "/opt/stack/tempest/tempest/common/waiters.py", line 379, in wait_for_volume_resource_status
    raise exceptions.VolumeResourceBuildErrorException(

    tempest.exceptions.VolumeResourceBuildErrorException: group a175ced6-1ab6-475d-b6d2-b46960fdbc47 failed to build and is in ERROR status


Captured pythonlogging:
~~~~~~~~~~~~~~~~~~~~~~~
    2026-02-17 15:26:34,134 122996 INFO     [tempest.lib.common.rest_client] Request (GroupSnapshotsTest:test_create_group_from_group_snapshot): 200 POST http://10.132.44.205/volume/v3/types 0.170s
2026-02-17 15:26:34,135 122996 DEBUG    [tempest.lib.common.rest_client] Request - Headers: {'Content-Type': 'application/json', 'Accept': 'application/json', 'X-Auth-Token': '<omitted>'}
        Body: {"volume_type": {"name": "tempest-GroupSnapshotsTest-volume-type-842402078"}}
    Response - Headers: {'date': 'Tue, 17 Feb 2026 15:26:33 GMT', 'server': 'Apache/2.4.58 (Ubuntu)', 'content-type': 'application/json', 'x-compute-request-id': 'req-64d469bb-390e-435c-b400-b7c16a0f9b69', 'content-length': '223', 'openstack-api-version': 'volume 3.0', 'vary': 'OpenStack-API-Version', 'x-openstack-request-id': 'req-64d469bb-390e-435c-b400-b7c16a0f9b69', 'connection': 'close', 'status': '200', 'content-location': 'http://10.132.44.205/volume/v3/types'}
        Body: b'{"volume_type": {"id": "9627fafa-37b5-4a8a-a3c9-742a40f89211", "name": "tempest-GroupSnapshotsTest-volume-type-842402078", "is_public": true, "extra_specs": {}, "description": null, "os-volume-type-access:is_public": true}}'
2026-02-17 15:26:34,235 122996 INFO     [tempest.lib.common.rest_client] Request (GroupSnapshotsTest:test_create_group_from_group_snapshot): 202 POST http://10.132.44.205/volume/v3/group_types 0.093s
2026-02-17 15:26:34,236 122996 DEBUG    [tempest.lib.common.rest_client] Request - Headers: {'Content-Type': 'application/json', 'Accept': 'application/json', 'Openstack-Api-Version': 'volume 3.14', 'X-Auth-Token': '<omitted>'}
        Body: {"group_type": {"name": "tempest-GroupSnapshotsTest-group-type-1528946755"}}
    Response - Headers: {'date': 'Tue, 17 Feb 2026 15:26:34 GMT', 'server': 'Apache/2.4.58 (Ubuntu)', 'content-type': 'application/json', 'x-compute-request-id': 'req-cff12a5c-c5da-462c-9309-c8f36e5ef5e9', 'content-length': '181', 'openstack-api-version': 'volume 3.14', 'vary': 'OpenStack-API-Version', 'x-openstack-request-id': 'req-cff12a5c-c5da-462c-9309-c8f36e5ef5e9', 'connection': 'close', 'status': '202', 'content-location': 'http://10.132.44.205/volume/v3/group_types'}
        Body: b'{"group_type": {"id": "1751ea38-14c4-4676-9680-be188976048b", "name": "tempest-GroupSnapshotsTest-group-type-1528946755", "description": null, "is_public": true, "group_specs": {}}}'
2026-02-17 15:26:34,564 122996 INFO     [tempest.lib.common.rest_client] Request (GroupSnapshotsTest:test_create_group_from_group_snapshot): 202 POST http://10.132.44.205/volume/v3/groups 0.324s
2026-02-17 15:26:34,564 122996 DEBUG    [tempest.lib.common.rest_client] Request - Headers: {'Content-Type': 'application/json', 'Accept': 'application/json', 'Openstack-Api-Version': 'volume 3.14', 'X-Auth-Token': '<omitted>'}
        Body: {"group": {"group_type": "1751ea38-14c4-4676-9680-be188976048b", "volume_types": ["9627fafa-37b5-4a8a-a3c9-742a40f89211"], "name": "tempest-GroupSnapshotsTest-Group-2129631024"}}
    Response - Headers: {'date': 'Tue, 17 Feb 2026 15:26:34 GMT', 'server': 'Apache/2.4.58 (Ubuntu)', 'content-type': 'application/json', 'x-compute-request-id': 'req-aaf132eb-495c-43eb-96bd-ea849558d97d', 'content-length': '112', 'openstack-api-version': 'volume 3.14', 'vary': 'OpenStack-API-Version', 'x-openstack-request-id': 'req-aaf132eb-495c-43eb-96bd-ea849558d97d', 'connection': 'close', 'status': '202', 'content-location': 'http://10.132.44.205/volume/v3/groups'}
        Body: b'{"group": {"id": "a175ced6-1ab6-475d-b6d2-b46960fdbc47", "name": "tempest-GroupSnapshotsTest-Group-2129631024"}}'
2026-02-17 15:26:34,637 122996 INFO     [tempest.lib.common.rest_client] Request (GroupSnapshotsTest:test_create_group_from_group_snapshot): 200 GET http://10.132.44.205/volume/v3/groups/a175ced6-1ab6-475d-b6d2-b46960fdbc47 0.070s
2026-02-17 15:26:34,638 122996 DEBUG    [tempest.lib.common.rest_client] Request - Headers: {'Content-Type': 'application/json', 'Accept': 'application/json', 'Openstack-Api-Version': 'volume 3.14', 'X-Auth-Token': '<omitted>'}
        Body: None
    Respons
    e - Headers: {'date': 'Tue, 17 Feb 2026 15:26:34 GMT', 'server': 'Apache/2.4.58 (Ubuntu)', 'content-type': 'application/json', 'x-compute-request-id': 'req-2f26b6e5-2cad-4ea7-8967-ac50ece1a661', 'content-length': '392', 'openstack-api-version': 'volume 3.14', 'vary': 'OpenStack-API-Version', 'x-openstack-request-id': 'req-2f26b6e5-2cad-4ea7-8967-ac50ece1a661', 'connection': 'close', 'status': '200', 'content-location': 'http://10.132.44.205/volume/v3/groups/a175ced6-1ab6-475d-b6d2-b46960fdbc47'}
        Body: b'{"group": {"id": "a175ced6-1ab6-475d-b6d2-b46960fdbc47", "status": "creating", "availability_zone": "nova", "created_at": "2026-02-17T15:26:34.000000", "name": "tempest-GroupSnapshotsTest-Group-2129631024", "description": null, "group_type": "1751ea38-14c4-4676-9680-be188976048b", "volume_types": ["9627fafa-37b5-4a8a-a3c9-742a40f89211"], "group_snapshot_id": null, "source_group_id": null}}'
2026-02-17 15:26:35,709 122996 INFO     [tempest.lib.common.rest_client] Request (GroupSnapshotsTest:test_create_group_from_group_snapshot): 200 GET http://10.132.44.205/volume/v3/groups/a175ced6-1ab6-475d-b6d2-b46960fdbc47 0.066s
2026-02-17 15:26:35,710 122996 DEBUG    [tempest.lib.common.rest_client] Request - Headers: {'Content-Type': 'application/json', 'Accept': 'application/json', 'Openstack-Api-Version': 'volume 3.14', 'X-Auth-Token': '<omitted>'}
        Body: None
    Response - Headers: {'date': 'Tue, 17 Feb 2026 15:26:35 GMT', 'server': 'Apache/2.4.58 (Ubuntu)', 'content-type': 'application/json', 'x-compute-request-id': 'req-cb16e7e8-ff3d-469f-9f59-9a69dd708d1b', 'content-length': '389', 'openstack-api-version': 'volume 3.14', 'vary': 'OpenStack-API-Version', 'x-openstack-request-id': 'req-cb16e7e8-ff3d-469f-9f59-9a69dd708d1b', 'connection': 'close', 'status': '200', 'content-location': 'http://10.132.44.205/volume/v3/groups/a175ced6-1ab6-475d-b6d2-b46960fdbc47'}
        Body: b'{"group": {"id": "a175ced6-1ab6-475d-b6d2-b46960fdbc47", "status": "error", "availability_zone": "nova", "created_at": "2026-02-17T15:26:34.000000", "name": "tempest-GroupSnapshotsTest-Group-2129631024", "description": null, "group_type": "1751ea38-14c4-4676-9680-be188976048b", "volume_types": ["9627fafa-37b5-4a8a-a3c9-742a40f89211"], "group_snapshot_id": null, "source_group_id": null}}'
2026-02-17 15:26:35,817 122996 INFO     [tempest.lib.common.rest_client] Request (GroupSnapshotsTest:_run_cleanups): 200 GET http://10.132.44.205/volume/v3/volumes/detail 0.098s
2026-02-17 15:26:35,817 122996 DEBUG    [tempest.lib.common.rest_client] Request - Headers: {'Content-Type': 'application/json', 'Accept': 'application/json', 'Openstack-Api-Version': 'volume 3.14', 'X-Auth-Token': '<omitted>'}
        Body: None
    Response - Headers: {'date': 'Tue, 17 Feb 2026 15:26:35 GMT', 'server': 'Apache/2.4.58 (Ubuntu)', 'content-type': 'application/json', 'x-compute-request-id': 'req-9ad54f63-32a9-44c1-b412-7cf603bdfec0', 'content-length': '15', 'openstack-api-version': 'volume 3.14', 'vary': 'OpenStack-API-Version', 'x-openstack-request-id': 'req-9ad54f63-32a9-44c1-b412-7cf603bdfec0', 'connection': 'close', 'status': '200', 'content-location': 'http://10.132.44.205/volume/v3/volumes/detail'}
        Body: b'{"volumes": []}'
2026-02-17 15:26:35,940 122996 INFO     [tempest.lib.common.rest_client] Request (GroupSnapshotsTest:_run_cleanups): 202 POST http://10.132.44.205/volume/v3/groups/a175ced6-1ab6-475d-b6d2-b46960fdbc47/action 0.109s
2026-02-17 15:26:35,941 122996 DEBUG    [tempest.lib.common.rest_client] Request - Headers: {'Content-Type': 'application/json', 'Accept': 'application/json', 'Openstack-Api-Version': 'volume 3.14', 'X-Auth-Token': '<omitted>'}
        Body: {"delete": {"delete-volumes": true}}
    Response - Headers: {'date': 'Tue, 17 Feb 2026 15:26:35 GMT', 'server': 'Apache/2.4.58 (Ubuntu)', 'content-length': '0', 'content-type': 'text/html; charset=UTF-8', 'openstack-api-version': 'volume 3.14', 'vary': 'OpenStack-API-Version', 'x-openstack-request-id': 'req-2be7a154-809a-4a4b-b6db-78ce5b6e13e1', 'connection': 'close', 'status': '202', 'c
    ontent-location': 'http://10.132.44.205/volume/v3/groups/a175ced6-1ab6-475d-b6d2-b46960fdbc47/action'}
        Body: b''
2026-02-17 15:26:35,965 122996 INFO     [tempest.lib.common.rest_client] Request (GroupSnapshotsTest:_run_cleanups): 404 GET http://10.132.44.205/volume/v3/groups/a175ced6-1ab6-475d-b6d2-b46960fdbc47 0.023s
2026-02-17 15:26:35,965 122996 DEBUG    [tempest.lib.common.rest_client] Request - Headers: {'Content-Type': 'application/json', 'Accept': 'application/json', 'Openstack-Api-Version': 'volume 3.14', 'X-Auth-Token': '<omitted>'}
        Body: None
    Response - Headers: {'date': 'Tue, 17 Feb 2026 15:26:35 GMT', 'server': 'Apache/2.4.58 (Ubuntu)', 'openstack-api-version': 'volume 3.14', 'vary': 'OpenStack-API-Version', 'content-length': '108', 'content-type': 'application/json', 'x-compute-request-id': 'req-9d666253-bae9-4832-b610-28646fe67c60', 'x-openstack-request-id': 'req-9d666253-bae9-4832-b610-28646fe67c60', 'connection': 'close', 'status': '404', 'content-location': 'http://10.132.44.205/volume/v3/groups/a175ced6-1ab6-475d-b6d2-b46960fdbc47'}
        Body: b'{"itemNotFound": {"code": 404, "message": "Group a175ced6-1ab6-475d-b6d2-b46960fdbc47 could not be found."}}'
2026-02-17 15:26:36,035 122996 INFO     [tempest.lib.common.rest_client] Request (GroupSnapshotsTest:_run_cleanups): 202 DELETE http://10.132.44.205/volume/v3/group_types/1751ea38-14c4-4676-9680-be188976048b 0.068s
2026-02-17 15:26:36,035 122996 DEBUG    [tempest.lib.common.rest_client] Request - Headers: {'Content-Type': 'application/json', 'Accept': 'application/json', 'Openstack-Api-Version': 'volume 3.14', 'X-Auth-Token': '<omitted>'}
        Body: None
    Response - Headers: {'date': 'Tue, 17 Feb 2026 15:26:35 GMT', 'server': 'Apache/2.4.58 (Ubuntu)', 'content-length': '0', 'content-type': 'text/html; charset=UTF-8', 'openstack-api-version': 'volume 3.14', 'vary': 'OpenStack-API-Version', 'x-openstack-request-id': 'req-296eb8ad-b18e-4802-b935-dfba909bb464', 'connection': 'close', 'status': '202', 'content-location': 'http://10.132.44.205/volume/v3/group_types/1751ea38-14c4-4676-9680-be188976048b'}
        Body: b''
2026-02-17 15:26:36,175 122996 INFO     [tempest.lib.common.rest_client] Request (GroupSnapshotsTest:_run_cleanups): 202 DELETE http://10.132.44.205/volume/v3/types/9627fafa-37b5-4a8a-a3c9-742a40f89211 0.139s
2026-02-17 15:26:36,176 122996 DEBUG    [tempest.lib.common.rest_client] Request - Headers: {'Content-Type': 'application/json', 'Accept': 'application/json', 'X-Auth-Token': '<omitted>'}
        Body: None
    Response - Headers: {'date': 'Tue, 17 Feb 2026 15:26:36 GMT', 'server': 'Apache/2.4.58 (Ubuntu)', 'content-length': '0', 'content-type': 'text/html; charset=UTF-8', 'openstack-api-version': 'volume 3.0', 'vary': 'OpenStack-API-Version', 'x-openstack-request-id': 'req-1ea74b9b-19df-4727-8b83-f8346050731d', 'connection': 'close', 'status': '202', 'content-location': 'http://10.132.44.205/volume/v3/types/9627fafa-37b5-4a8a-a3c9-742a40f89211'}
        Body: b''
2026-02-17 15:26:36,198 122996 INFO     [tempest.lib.common.rest_client] Request (GroupSnapshotsTest:_run_cleanups): 404 GET http://10.132.44.205/volume/v3/types/9627fafa-37b5-4a8a-a3c9-742a40f89211 0.021s
2026-02-17 15:26:36,198 122996 DEBUG    [tempest.lib.common.rest_client] Request - Headers: {'Content-Type': 'application/json', 'Accept': 'application/json', 'X-Auth-Token': '<omitted>'}
        Body: None
    Response - Headers: {'date': 'Tue, 17 Feb 2026 15:26:36 GMT', 'server': 'Apache/2.4.58 (Ubuntu)', 'openstack-api-version': 'volume 3.0', 'vary': 'OpenStack-API-Version', 'content-length': '114', 'content-type': 'application/json', 'x-compute-request-id': 'req-38139f95-477b-4e2c-b82d-20054577d5be', 'x-openstack-request-id': 'req-38139f95-477b-4e2c-b82d-20054577d5be', 'connection': 'close', 'status': '404', 'content-location': 'http://10.132.44.205/volume/v3/types/9627fafa-37b5-4a8a-a3c9-742a40f89211'}
        Body: b'{"itemNotFound": {"code": 404, "message": "Volume type 9627fafa-37b5-4a8a-a3c9-742a40f89211 could not be found."}}'

{0} tempest.api.volume.admin.test_group_snapshots.GroupSnapshotsTest.test_delete_group_snapshots_following_updated_volumes [1.812365s] ... FAILED

Captured traceback:
~~~~~~~~~~~~~~~~~~~
    Traceback (most recent call last):

      File "/opt/stack/tempest/tempest/lib/decorators.py", line 106, in wrapper
    raise exc

      File "/opt/stack/tempest/tempest/lib/decorators.py", line 98, in wrapper
    return f(*func_args, **func_kwargs)
           ^^^^^^^^^^^^^^^^^^^^^^^^^^^^

      File "/opt/stack/tempest/tempest/api/volume/admin/test_group_snapshots.py", line 225, in test_delete_group_snapshots_following_updated_volumes
    grp = self.create_group(group_type=group_type['id'],
          ^^^^^^^^^^^^^^^^^^^^^^^^^^^^^^^^^^^^^^^^^^^^^^

      File "/opt/stack/tempest/tempest/api/volume/base.py", line 293, in create_group
    waiters.wait_for_volume_resource_status(

      File "/opt/stack/tempest/tempest/common/waiters.py", line 379, in wait_for_volume_resource_status
    raise exceptions.VolumeResourceBuildErrorException(

    tempest.exceptions.VolumeResourceBuildErrorException: group aaf3d43d-d670-4f53-a3b1-7f834335cb7d failed to build and is in ERROR status


Captured pythonlogging:
~~~~~~~~~~~~~~~~~~~~~~~
    2026-02-17 15:26:36,245 122996 INFO     [tempest.lib.common.rest_client] Request (GroupSnapshotsTest:test_delete_group_snapshots_following_updated_volumes): 200 POST http://10.132.44.205/volume/v3/types 0.043s
2026-02-17 15:26:36,245 122996 DEBUG    [tempest.lib.common.rest_client] Request - Headers: {'Content-Type': 'application/json', 'Accept': 'application/json', 'X-Auth-Token': '<omitted>'}
        Body: {"volume_type": {"name": "tempest-GroupSnapshotsTest-volume-type-1466916340"}}
    Response - Headers: {'date': 'Tue, 17 Feb 2026 15:26:36 GMT', 'server': 'Apache/2.4.58 (Ubuntu)', 'content-type': 'application/json', 'x-compute-request-id': 'req-d2fc1bda-26d6-40b7-9d2d-a3a454a4b5ec', 'content-length': '224', 'openstack-api-version': 'volume 3.0', 'vary': 'OpenStack-API-Version', 'x-openstack-request-id': 'req-d2fc1bda-26d6-40b7-9d2d-a3a454a4b5ec', 'connection': 'close', 'status': '200', 'content-location': 'http://10.132.44.205/volume/v3/types'}
        Body: b'{"volume_type": {"id": "58010e7c-ca4e-40b5-87cc-f52ebd681693", "name": "tempest-GroupSnapshotsTest-volume-type-1466916340", "is_public": true, "extra_specs": {}, "description": null, "os-volume-type-access:is_public": true}}'
2026-02-17 15:26:36,296 122996 INFO     [tempest.lib.common.rest_client] Request (GroupSnapshotsTest:test_delete_group_snapshots_following_updated_volumes): 202 POST http://10.132.44.205/volume/v3/group_types 0.047s
2026-02-17 15:26:36,297 122996 DEBUG    [tempest.lib.common.rest_client] Request - Headers: {'Content-Type': 'application/json', 'Accept': 'application/json', 'Openstack-Api-Version': 'volume 3.14', 'X-Auth-Token': '<omitted>'}
        Body: {"group_type": {"name": "tempest-GroupSnapshotsTest-group-type-1695345660"}}
    Response - Headers: {'date': 'Tue, 17 Feb 2026 15:26:36 GMT', 'server': 'Apache/2.4.58 (Ubuntu)', 'content-type': 'application/json', 'x-compute-request-id': 'req-b394512f-e15e-4cf5-a82f-4b984d9a4f5e', 'content-length': '181', 'openstack-api-version': 'volume 3.14', 'vary': 'OpenStack-API-Version', 'x-openstack-request-id': 'req-b394512f-e15e-4cf5-a82f-4b984d9a4f5e', 'connection': 'close', 'status': '202', 'content-location': 'http://10.132.44.205/volume/v3/group_types'}
        Body: b'{"group_type": {"id": "76a1e530-0bfb-4dc3-8439-0c4c6bc71878", "name": "tempest-GroupSnapshotsTest-group-type-1695345660", "description": null, "is_public": true, "group_specs": {}}}'
2026-02-17 15:26:36,484 122996 INFO     [tempest.lib.common.rest_client] Request (GroupSnapshotsTest:test_delete_group_snapshots_following_updated_volumes): 202 POST http://10.132.44.205/volume/v3/groups 0.184s
2026-02-17 15:26:36,485 122996 DEBUG    [tempest.lib.common.rest_client] Request - Headers: {'Content-Type': 'application/json', 'Accept': 'application/json', 'Openstack-Api-Version': 'volume 3.14', 'X-Auth-Token': '<omitted>'}
        Body: {"group": {"group_type": "76a1e530-0bfb-4dc3-8439-0c4c6bc71878", "volume_types": ["58010e7c-ca4e-40b5-87cc-f52ebd681693"], "name": "tempest-GroupSnapshotsTest-Group-1794297883"}}
    Response - Headers: {'date': 'Tue, 17 Feb 2026 15:26:36 GMT', 'server': 'Apache/2.4.58 (Ubuntu)', 'content-type': 'application/json', 'x-compute-request-id': 'req-cd43457d-de61-410b-9dac-b2f3fd832660', 'content-length': '112', 'openstack-api-version': 'volume 3.14', 'vary': 'OpenStack-API-Version', 'x-openstack-request-id': 'req-cd43457d-de61-410b-9dac-b2f3fd832660', 'connection': 'close', 'status': '202', 'content-location': 'http://10.132.44.205/volume/v3/groups'}
        Body: b'{"group": {"id": "aaf3d43d-d670-4f53-a3b1-7f834335cb7d", "name": "tempest-GroupSnapshotsTest-Group-1794297883"}}'
2026-02-17 15:26:36,533 122996 INFO     [tempest.lib.common.rest_client] Request (GroupSnapshotsTest:test_delete_group_snapshots_following_updated_volumes): 200 GET http://10.132.44.205/volume/v3/groups/aaf3d43d-d670-4f53-a3b1-7f834335cb7d 0.044s
2026-02-17 15:26:36,534 122996 DEBUG    [tempest.lib.common.rest_client] Request - Headers: {'Content-Type': 'application/json', 'Accept': 'application/json', 'Openstack-Api-Version': 'volume 
    3.14', 'X-Auth-Token': '<omitted>'}
        Body: None
    Response - Headers: {'date': 'Tue, 17 Feb 2026 15:26:36 GMT', 'server': 'Apache/2.4.58 (Ubuntu)', 'content-type': 'application/json', 'x-compute-request-id': 'req-702adf37-a979-4714-9e1a-ceaf4faa2f29', 'content-length': '392', 'openstack-api-version': 'volume 3.14', 'vary': 'OpenStack-API-Version', 'x-openstack-request-id': 'req-702adf37-a979-4714-9e1a-ceaf4faa2f29', 'connection': 'close', 'status': '200', 'content-location': 'http://10.132.44.205/volume/v3/groups/aaf3d43d-d670-4f53-a3b1-7f834335cb7d'}
        Body: b'{"group": {"id": "aaf3d43d-d670-4f53-a3b1-7f834335cb7d", "status": "creating", "availability_zone": "nova", "created_at": "2026-02-17T15:26:36.000000", "name": "tempest-GroupSnapshotsTest-Group-1794297883", "description": null, "group_type": "76a1e530-0bfb-4dc3-8439-0c4c6bc71878", "volume_types": ["58010e7c-ca4e-40b5-87cc-f52ebd681693"], "group_snapshot_id": null, "source_group_id": null}}'
2026-02-17 15:26:37,586 122996 INFO     [tempest.lib.common.rest_client] Request (GroupSnapshotsTest:test_delete_group_snapshots_following_updated_volumes): 200 GET http://10.132.44.205/volume/v3/groups/aaf3d43d-d670-4f53-a3b1-7f834335cb7d 0.046s
2026-02-17 15:26:37,587 122996 DEBUG    [tempest.lib.common.rest_client] Request - Headers: {'Content-Type': 'application/json', 'Accept': 'application/json', 'Openstack-Api-Version': 'volume 3.14', 'X-Auth-Token': '<omitted>'}
        Body: None
    Response - Headers: {'date': 'Tue, 17 Feb 2026 15:26:37 GMT', 'server': 'Apache/2.4.58 (Ubuntu)', 'content-type': 'application/json', 'x-compute-request-id': 'req-a35bfd5b-dc14-43d5-b2d3-636efcf70fbc', 'content-length': '389', 'openstack-api-version': 'volume 3.14', 'vary': 'OpenStack-API-Version', 'x-openstack-request-id': 'req-a35bfd5b-dc14-43d5-b2d3-636efcf70fbc', 'connection': 'close', 'status': '200', 'content-location': 'http://10.132.44.205/volume/v3/groups/aaf3d43d-d670-4f53-a3b1-7f834335cb7d'}
        Body: b'{"group": {"id": "aaf3d43d-d670-4f53-a3b1-7f834335cb7d", "status": "error", "availability_zone": "nova", "created_at": "2026-02-17T15:26:36.000000", "name": "tempest-GroupSnapshotsTest-Group-1794297883", "description": null, "group_type": "76a1e530-0bfb-4dc3-8439-0c4c6bc71878", "volume_types": ["58010e7c-ca4e-40b5-87cc-f52ebd681693"], "group_snapshot_id": null, "source_group_id": null}}'
2026-02-17 15:26:37,594 122996 ERROR    [tempest.lib.decorators] Hints: This test was made for the bug_type 1739031. The failure could be related to https://launchpad.net/bugs/1739031
2026-02-17 15:26:37,687 122996 INFO     [tempest.lib.common.rest_client] Request (GroupSnapshotsTest:_run_cleanups): 200 GET http://10.132.44.205/volume/v3/volumes/detail 0.090s
2026-02-17 15:26:37,688 122996 DEBUG    [tempest.lib.common.rest_client] Request - Headers: {'Content-Type': 'application/json', 'Accept': 'application/json', 'Openstack-Api-Version': 'volume 3.14', 'X-Auth-Token': '<omitted>'}
        Body: None
    Response - Headers: {'date': 'Tue, 17 Feb 2026 15:26:37 GMT', 'server': 'Apache/2.4.58 (Ubuntu)', 'content-type': 'application/json', 'x-compute-request-id': 'req-77dfe66b-3aa6-4c01-b7e0-188e16c312eb', 'content-length': '15', 'openstack-api-version': 'volume 3.14', 'vary': 'OpenStack-API-Version', 'x-openstack-request-id': 'req-77dfe66b-3aa6-4c01-b7e0-188e16c312eb', 'connection': 'close', 'status': '200', 'content-location': 'http://10.132.44.205/volume/v3/volumes/detail'}
        Body: b'{"volumes": []}'
2026-02-17 15:26:37,804 122996 INFO     [tempest.lib.common.rest_client] Request (GroupSnapshotsTest:_run_cleanups): 202 POST http://10.132.44.205/volume/v3/groups/aaf3d43d-d670-4f53-a3b1-7f834335cb7d/action 0.106s
2026-02-17 15:26:37,805 122996 DEBUG    [tempest.lib.common.rest_client] Request - Headers: {'Content-Type': 'application/json', 'Accept': 'application/json', 'Openstack-Api-Version': 'volume 3.14', 'X-Auth-Token': '<omitted>'}
        Body: {"delete": {"delete-volumes": true}}
    Response - Headers: {'date': 'Tue, 17 Feb 2026 15:26:37 GMT', 'server': 'Apache/2.4.
    58 (Ubuntu)', 'content-length': '0', 'content-type': 'text/html; charset=UTF-8', 'openstack-api-version': 'volume 3.14', 'vary': 'OpenStack-API-Version', 'x-openstack-request-id': 'req-6eaa9593-7b7e-49f5-9690-ca22075f0cf6', 'connection': 'close', 'status': '202', 'content-location': 'http://10.132.44.205/volume/v3/groups/aaf3d43d-d670-4f53-a3b1-7f834335cb7d/action'}
        Body: b''
2026-02-17 15:26:37,827 122996 INFO     [tempest.lib.common.rest_client] Request (GroupSnapshotsTest:_run_cleanups): 404 GET http://10.132.44.205/volume/v3/groups/aaf3d43d-d670-4f53-a3b1-7f834335cb7d 0.021s
2026-02-17 15:26:37,828 122996 DEBUG    [tempest.lib.common.rest_client] Request - Headers: {'Content-Type': 'application/json', 'Accept': 'application/json', 'Openstack-Api-Version': 'volume 3.14', 'X-Auth-Token': '<omitted>'}
        Body: None
    Response - Headers: {'date': 'Tue, 17 Feb 2026 15:26:37 GMT', 'server': 'Apache/2.4.58 (Ubuntu)', 'openstack-api-version': 'volume 3.14', 'vary': 'OpenStack-API-Version', 'content-length': '108', 'content-type': 'application/json', 'x-compute-request-id': 'req-dea68225-3e60-43a7-9265-23817480476e', 'x-openstack-request-id': 'req-dea68225-3e60-43a7-9265-23817480476e', 'connection': 'close', 'status': '404', 'content-location': 'http://10.132.44.205/volume/v3/groups/aaf3d43d-d670-4f53-a3b1-7f834335cb7d'}
        Body: b'{"itemNotFound": {"code": 404, "message": "Group aaf3d43d-d670-4f53-a3b1-7f834335cb7d could not be found."}}'
2026-02-17 15:26:37,879 122996 INFO     [tempest.lib.common.rest_client] Request (GroupSnapshotsTest:_run_cleanups): 202 DELETE http://10.132.44.205/volume/v3/group_types/76a1e530-0bfb-4dc3-8439-0c4c6bc71878 0.050s
2026-02-17 15:26:37,879 122996 DEBUG    [tempest.lib.common.rest_client] Request - Headers: {'Content-Type': 'application/json', 'Accept': 'application/json', 'Openstack-Api-Version': 'volume 3.14', 'X-Auth-Token': '<omitted>'}
        Body: None
    Response - Headers: {'date': 'Tue, 17 Feb 2026 15:26:37 GMT', 'server': 'Apache/2.4.58 (Ubuntu)', 'content-length': '0', 'content-type': 'text/html; charset=UTF-8', 'openstack-api-version': 'volume 3.14', 'vary': 'OpenStack-API-Version', 'x-openstack-request-id': 'req-055678bc-e599-4955-9161-32533a05931d', 'connection': 'close', 'status': '202', 'content-location': 'http://10.132.44.205/volume/v3/group_types/76a1e530-0bfb-4dc3-8439-0c4c6bc71878'}
        Body: b''
2026-02-17 15:26:37,987 122996 INFO     [tempest.lib.common.rest_client] Request (GroupSnapshotsTest:_run_cleanups): 202 DELETE http://10.132.44.205/volume/v3/types/58010e7c-ca4e-40b5-87cc-f52ebd681693 0.107s
2026-02-17 15:26:37,988 122996 DEBUG    [tempest.lib.common.rest_client] Request - Headers: {'Content-Type': 'application/json', 'Accept': 'application/json', 'X-Auth-Token': '<omitted>'}
        Body: None
    Response - Headers: {'date': 'Tue, 17 Feb 2026 15:26:37 GMT', 'server': 'Apache/2.4.58 (Ubuntu)', 'content-length': '0', 'content-type': 'text/html; charset=UTF-8', 'openstack-api-version': 'volume 3.0', 'vary': 'OpenStack-API-Version', 'x-openstack-request-id': 'req-bc9914e7-f150-4b1b-baaf-541a2796854d', 'connection': 'close', 'status': '202', 'content-location': 'http://10.132.44.205/volume/v3/types/58010e7c-ca4e-40b5-87cc-f52ebd681693'}
        Body: b''
2026-02-17 15:26:38,011 122996 INFO     [tempest.lib.common.rest_client] Request (GroupSnapshotsTest:_run_cleanups): 404 GET http://10.132.44.205/volume/v3/types/58010e7c-ca4e-40b5-87cc-f52ebd681693 0.023s
2026-02-17 15:26:38,012 122996 DEBUG    [tempest.lib.common.rest_client] Request - Headers: {'Content-Type': 'application/json', 'Accept': 'application/json', 'X-Auth-Token': '<omitted>'}
        Body: None
    Response - Headers: {'date': 'Tue, 17 Feb 2026 15:26:37 GMT', 'server': 'Apache/2.4.58 (Ubuntu)', 'openstack-api-version': 'volume 3.0', 'vary': 'OpenStack-API-Version', 'content-length': '114', 'content-type': 'application/json', 'x-compute-request-id': 'req-cfa793af-07ba-48f3-b834-173ad07ec164', 'x-openstack-request-id': 'req-cfa793af-07ba-48f3-b834-173ad07ec164', 'connection': 
    'close', 'status': '404', 'content-location': 'http://10.132.44.205/volume/v3/types/58010e7c-ca4e-40b5-87cc-f52ebd681693'}
        Body: b'{"itemNotFound": {"code": 404, "message": "Volume type 58010e7c-ca4e-40b5-87cc-f52ebd681693 could not be found."}}'

{0} tempest.api.volume.admin.test_group_snapshots.GroupSnapshotsTest.test_group_snapshot_create_show_list_delete [1.672014s] ... FAILED

Captured traceback:
~~~~~~~~~~~~~~~~~~~
    Traceback (most recent call last):

      File "/opt/stack/tempest/tempest/api/volume/admin/test_group_snapshots.py", line 92, in test_group_snapshot_create_show_list_delete
    grp = self.create_group(group_type=group_type['id'],
          ^^^^^^^^^^^^^^^^^^^^^^^^^^^^^^^^^^^^^^^^^^^^^^

      File "/opt/stack/tempest/tempest/api/volume/base.py", line 293, in create_group
    waiters.wait_for_volume_resource_status(

      File "/opt/stack/tempest/tempest/common/waiters.py", line 379, in wait_for_volume_resource_status
    raise exceptions.VolumeResourceBuildErrorException(

    tempest.exceptions.VolumeResourceBuildErrorException: group b5182f5f-708b-4363-81ae-16f95f40fd09 failed to build and is in ERROR status


Captured pythonlogging:
~~~~~~~~~~~~~~~~~~~~~~~
    2026-02-17 15:26:38,063 122996 INFO     [tempest.lib.common.rest_client] Request (GroupSnapshotsTest:test_group_snapshot_create_show_list_delete): 200 POST http://10.132.44.205/volume/v3/types 0.044s
2026-02-17 15:26:38,063 122996 DEBUG    [tempest.lib.common.rest_client] Request - Headers: {'Content-Type': 'application/json', 'Accept': 'application/json', 'X-Auth-Token': '<omitted>'}
        Body: {"volume_type": {"name": "tempest-GroupSnapshotsTest-volume-type-570096818"}}
    Response - Headers: {'date': 'Tue, 17 Feb 2026 15:26:38 GMT', 'server': 'Apache/2.4.58 (Ubuntu)', 'content-type': 'application/json', 'x-compute-request-id': 'req-f6e8d0fc-2854-46f9-afb2-4c4f199cca62', 'content-length': '223', 'openstack-api-version': 'volume 3.0', 'vary': 'OpenStack-API-Version', 'x-openstack-request-id': 'req-f6e8d0fc-2854-46f9-afb2-4c4f199cca62', 'connection': 'close', 'status': '200', 'content-location': 'http://10.132.44.205/volume/v3/types'}
        Body: b'{"volume_type": {"id": "1ff8fbb5-f6ad-48d8-a019-b8a68693dab2", "name": "tempest-GroupSnapshotsTest-volume-type-570096818", "is_public": true, "extra_specs": {}, "description": null, "os-volume-type-access:is_public": true}}'
2026-02-17 15:26:38,114 122996 INFO     [tempest.lib.common.rest_client] Request (GroupSnapshotsTest:test_group_snapshot_create_show_list_delete): 202 POST http://10.132.44.205/volume/v3/group_types 0.046s
2026-02-17 15:26:38,114 122996 DEBUG    [tempest.lib.common.rest_client] Request - Headers: {'Content-Type': 'application/json', 'Accept': 'application/json', 'Openstack-Api-Version': 'volume 3.14', 'X-Auth-Token': '<omitted>'}
        Body: {"group_type": {"name": "tempest-GroupSnapshotsTest-group-type-1775546796"}}
    Response - Headers: {'date': 'Tue, 17 Feb 2026 15:26:38 GMT', 'server': 'Apache/2.4.58 (Ubuntu)', 'content-type': 'application/json', 'x-compute-request-id': 'req-cac82df1-b3bb-4f15-8587-5987a7f4de9b', 'content-length': '181', 'openstack-api-version': 'volume 3.14', 'vary': 'OpenStack-API-Version', 'x-openstack-request-id': 'req-cac82df1-b3bb-4f15-8587-5987a7f4de9b', 'connection': 'close', 'status': '202', 'content-location': 'http://10.132.44.205/volume/v3/group_types'}
        Body: b'{"group_type": {"id": "d0a921ef-8a57-403f-a6ae-21ce0ed8e388", "name": "tempest-GroupSnapshotsTest-group-type-1775546796", "description": null, "is_public": true, "group_specs": {}}}'
2026-02-17 15:26:38,241 122996 INFO     [tempest.lib.common.rest_client] Request (GroupSnapshotsTest:test_group_snapshot_create_show_list_delete): 202 POST http://10.132.44.205/volume/v3/groups 0.123s
2026-02-17 15:26:38,242 122996 DEBUG    [tempest.lib.common.rest_client] Request - Headers: {'Content-Type': 'application/json', 'Accept': 'application/json', 'Openstack-Api-Version': 'volume 3.14', 'X-Auth-Token': '<omitted>'}
        Body: {"group": {"group_type": "d0a921ef-8a57-403f-a6ae-21ce0ed8e388", "volume_types": ["1ff8fbb5-f6ad-48d8-a019-b8a68693dab2"], "name": "tempest-GroupSnapshotsTest-Group-1264067416"}}
    Response - Headers: {'date': 'Tue, 17 Feb 2026 15:26:38 GMT', 'server': 'Apache/2.4.58 (Ubuntu)', 'content-type': 'application/json', 'x-compute-request-id': 'req-abb88888-5116-4ec8-8b9d-59a2bb79303c', 'content-length': '112', 'openstack-api-version': 'volume 3.14', 'vary': 'OpenStack-API-Version', 'x-openstack-request-id': 'req-abb88888-5116-4ec8-8b9d-59a2bb79303c', 'connection': 'close', 'status': '202', 'content-location': 'http://10.132.44.205/volume/v3/groups'}
        Body: b'{"group": {"id": "b5182f5f-708b-4363-81ae-16f95f40fd09", "name": "tempest-GroupSnapshotsTest-Group-1264067416"}}'
2026-02-17 15:26:38,284 122996 INFO     [tempest.lib.common.rest_client] Request (GroupSnapshotsTest:test_group_snapshot_create_show_list_delete): 200 GET http://10.132.44.205/volume/v3/groups/b5182f5f-708b-4363-81ae-16f95f40fd09 0.039s
2026-02-17 15:26:38,285 122996 DEBUG    [tempest.lib.common.rest_client] Request - Headers: {'Content-Type': 'application/json', 'Accept': 'application/json', 'Openstack-Api-Version': 'volume 3.14', 'X-Auth-Token': '<omitted>'}
      
      Body: None
    Response - Headers: {'date': 'Tue, 17 Feb 2026 15:26:38 GMT', 'server': 'Apache/2.4.58 (Ubuntu)', 'content-type': 'application/json', 'x-compute-request-id': 'req-f0531f8e-fa19-4063-a523-c2f6bf98ed2d', 'content-length': '392', 'openstack-api-version': 'volume 3.14', 'vary': 'OpenStack-API-Version', 'x-openstack-request-id': 'req-f0531f8e-fa19-4063-a523-c2f6bf98ed2d', 'connection': 'close', 'status': '200', 'content-location': 'http://10.132.44.205/volume/v3/groups/b5182f5f-708b-4363-81ae-16f95f40fd09'}
        Body: b'{"group": {"id": "b5182f5f-708b-4363-81ae-16f95f40fd09", "status": "creating", "availability_zone": "nova", "created_at": "2026-02-17T15:26:38.000000", "name": "tempest-GroupSnapshotsTest-Group-1264067416", "description": null, "group_type": "d0a921ef-8a57-403f-a6ae-21ce0ed8e388", "volume_types": ["1ff8fbb5-f6ad-48d8-a019-b8a68693dab2"], "group_snapshot_id": null, "source_group_id": null}}'
2026-02-17 15:26:39,339 122996 INFO     [tempest.lib.common.rest_client] Request (GroupSnapshotsTest:test_group_snapshot_create_show_list_delete): 200 GET http://10.132.44.205/volume/v3/groups/b5182f5f-708b-4363-81ae-16f95f40fd09 0.048s
2026-02-17 15:26:39,340 122996 DEBUG    [tempest.lib.common.rest_client] Request - Headers: {'Content-Type': 'application/json', 'Accept': 'application/json', 'Openstack-Api-Version': 'volume 3.14', 'X-Auth-Token': '<omitted>'}
        Body: None
    Response - Headers: {'date': 'Tue, 17 Feb 2026 15:26:39 GMT', 'server': 'Apache/2.4.58 (Ubuntu)', 'content-type': 'application/json', 'x-compute-request-id': 'req-c3cc7f66-b048-4c75-8dd6-e41ffca309b6', 'content-length': '389', 'openstack-api-version': 'volume 3.14', 'vary': 'OpenStack-API-Version', 'x-openstack-request-id': 'req-c3cc7f66-b048-4c75-8dd6-e41ffca309b6', 'connection': 'close', 'status': '200', 'content-location': 'http://10.132.44.205/volume/v3/groups/b5182f5f-708b-4363-81ae-16f95f40fd09'}
        Body: b'{"group": {"id": "b5182f5f-708b-4363-81ae-16f95f40fd09", "status": "error", "availability_zone": "nova", "created_at": "2026-02-17T15:26:38.000000", "name": "tempest-GroupSnapshotsTest-Group-1264067416", "description": null, "group_type": "d0a921ef-8a57-403f-a6ae-21ce0ed8e388", "volume_types": ["1ff8fbb5-f6ad-48d8-a019-b8a68693dab2"], "group_snapshot_id": null, "source_group_id": null}}'
2026-02-17 15:26:39,389 122996 INFO     [tempest.lib.common.rest_client] Request (GroupSnapshotsTest:_run_cleanups): 200 GET http://10.132.44.205/volume/v3/volumes/detail 0.043s
2026-02-17 15:26:39,390 122996 DEBUG    [tempest.lib.common.rest_client] Request - Headers: {'Content-Type': 'application/json', 'Accept': 'application/json', 'Openstack-Api-Version': 'volume 3.14', 'X-Auth-Token': '<omitted>'}
        Body: None
    Response - Headers: {'date': 'Tue, 17 Feb 2026 15:26:39 GMT', 'server': 'Apache/2.4.58 (Ubuntu)', 'content-type': 'application/json', 'x-compute-request-id': 'req-c40afaec-5f1c-4b8d-982d-b08bcf7c80da', 'content-length': '15', 'openstack-api-version': 'volume 3.14', 'vary': 'OpenStack-API-Version', 'x-openstack-request-id': 'req-c40afaec-5f1c-4b8d-982d-b08bcf7c80da', 'connection': 'close', 'status': '200', 'content-location': 'http://10.132.44.205/volume/v3/volumes/detail'}
        Body: b'{"volumes": []}'
2026-02-17 15:26:39,511 122996 INFO     [tempest.lib.common.rest_client] Request (GroupSnapshotsTest:_run_cleanups): 202 POST http://10.132.44.205/volume/v3/groups/b5182f5f-708b-4363-81ae-16f95f40fd09/action 0.103s
2026-02-17 15:26:39,511 122996 DEBUG    [tempest.lib.common.rest_client] Request - Headers: {'Content-Type': 'application/json', 'Accept': 'application/json', 'Openstack-Api-Version': 'volume 3.14', 'X-Auth-Token': '<omitted>'}
        Body: {"delete": {"delete-volumes": true}}
    Response - Headers: {'date': 'Tue, 17 Feb 2026 15:26:39 GMT', 'server': 'Apache/2.4.58 (Ubuntu)', 'content-length': '0', 'content-type': 'text/html; charset=UTF-8', 'openstack-api-version': 'volume 3.14', 'vary': 'OpenStack-API-Version', 'x-openstack-request-id': 'req-02628f80-543e-4846-b7d7-b69f0f16965c', 'connection'
    : 'close', 'status': '202', 'content-location': 'http://10.132.44.205/volume/v3/groups/b5182f5f-708b-4363-81ae-16f95f40fd09/action'}
        Body: b''
2026-02-17 15:26:39,534 122996 INFO     [tempest.lib.common.rest_client] Request (GroupSnapshotsTest:_run_cleanups): 404 GET http://10.132.44.205/volume/v3/groups/b5182f5f-708b-4363-81ae-16f95f40fd09 0.021s
2026-02-17 15:26:39,534 122996 DEBUG    [tempest.lib.common.rest_client] Request - Headers: {'Content-Type': 'application/json', 'Accept': 'application/json', 'Openstack-Api-Version': 'volume 3.14', 'X-Auth-Token': '<omitted>'}
        Body: None
    Response - Headers: {'date': 'Tue, 17 Feb 2026 15:26:39 GMT', 'server': 'Apache/2.4.58 (Ubuntu)', 'openstack-api-version': 'volume 3.14', 'vary': 'OpenStack-API-Version', 'content-length': '108', 'content-type': 'application/json', 'x-compute-request-id': 'req-38d075d7-795f-454b-a1e4-a45e27ddb980', 'x-openstack-request-id': 'req-38d075d7-795f-454b-a1e4-a45e27ddb980', 'connection': 'close', 'status': '404', 'content-location': 'http://10.132.44.205/volume/v3/groups/b5182f5f-708b-4363-81ae-16f95f40fd09'}
        Body: b'{"itemNotFound": {"code": 404, "message": "Group b5182f5f-708b-4363-81ae-16f95f40fd09 could not be found."}}'
2026-02-17 15:26:39,585 122996 INFO     [tempest.lib.common.rest_client] Request (GroupSnapshotsTest:_run_cleanups): 202 DELETE http://10.132.44.205/volume/v3/group_types/d0a921ef-8a57-403f-a6ae-21ce0ed8e388 0.050s
2026-02-17 15:26:39,586 122996 DEBUG    [tempest.lib.common.rest_client] Request - Headers: {'Content-Type': 'application/json', 'Accept': 'application/json', 'Openstack-Api-Version': 'volume 3.14', 'X-Auth-Token': '<omitted>'}
        Body: None
    Response - Headers: {'date': 'Tue, 17 Feb 2026 15:26:39 GMT', 'server': 'Apache/2.4.58 (Ubuntu)', 'content-length': '0', 'content-type': 'text/html; charset=UTF-8', 'openstack-api-version': 'volume 3.14', 'vary': 'OpenStack-API-Version', 'x-openstack-request-id': 'req-6844db8a-4738-407a-898d-cbee1632db75', 'connection': 'close', 'status': '202', 'content-location': 'http://10.132.44.205/volume/v3/group_types/d0a921ef-8a57-403f-a6ae-21ce0ed8e388'}
        Body: b''
2026-02-17 15:26:39,664 122996 INFO     [tempest.lib.common.rest_client] Request (GroupSnapshotsTest:_run_cleanups): 202 DELETE http://10.132.44.205/volume/v3/types/1ff8fbb5-f6ad-48d8-a019-b8a68693dab2 0.078s
2026-02-17 15:26:39,665 122996 DEBUG    [tempest.lib.common.rest_client] Request - Headers: {'Content-Type': 'application/json', 'Accept': 'application/json', 'X-Auth-Token': '<omitted>'}
        Body: None
    Response - Headers: {'date': 'Tue, 17 Feb 2026 15:26:39 GMT', 'server': 'Apache/2.4.58 (Ubuntu)', 'content-length': '0', 'content-type': 'text/html; charset=UTF-8', 'openstack-api-version': 'volume 3.0', 'vary': 'OpenStack-API-Version', 'x-openstack-request-id': 'req-203353ca-2313-4b11-96e4-083be5e998e2', 'connection': 'close', 'status': '202', 'content-location': 'http://10.132.44.205/volume/v3/types/1ff8fbb5-f6ad-48d8-a019-b8a68693dab2'}
        Body: b''
2026-02-17 15:26:39,689 122996 INFO     [tempest.lib.common.rest_client] Request (GroupSnapshotsTest:_run_cleanups): 404 GET http://10.132.44.205/volume/v3/types/1ff8fbb5-f6ad-48d8-a019-b8a68693dab2 0.023s
2026-02-17 15:26:39,690 122996 DEBUG    [tempest.lib.common.rest_client] Request - Headers: {'Content-Type': 'application/json', 'Accept': 'application/json', 'X-Auth-Token': '<omitted>'}
        Body: None
    Response - Headers: {'date': 'Tue, 17 Feb 2026 15:26:39 GMT', 'server': 'Apache/2.4.58 (Ubuntu)', 'openstack-api-version': 'volume 3.0', 'vary': 'OpenStack-API-Version', 'content-length': '114', 'content-type': 'application/json', 'x-compute-request-id': 'req-8fc822cc-6c85-4452-bdd7-989f3c57605b', 'x-openstack-request-id': 'req-8fc822cc-6c85-4452-bdd7-989f3c57605b', 'connection': 'close', 'status': '404', 'content-location': 'http://10.132.44.205/volume/v3/types/1ff8fbb5-f6ad-48d8-a019-b8a68693dab2'}
        Body: b'{"itemNotFound": {"code": 404, "message": "Volume type 1ff8fbb5-f6ad-48d8-a019-b8a68693dab2 could
     not be found."}}'

{0} tempest.api.volume.admin.test_group_snapshots.GroupSnapshotsV319Test.test_reset_group_snapshot_status [2.028087s] ... FAILED

Captured traceback:
~~~~~~~~~~~~~~~~~~~
    Traceback (most recent call last):

      File "/opt/stack/tempest/tempest/api/volume/admin/test_group_snapshots.py", line 293, in test_reset_group_snapshot_status
    group = self.create_group(group_type=group_type['id'],
            ^^^^^^^^^^^^^^^^^^^^^^^^^^^^^^^^^^^^^^^^^^^^^^

      File "/opt/stack/tempest/tempest/api/volume/base.py", line 293, in create_group
    waiters.wait_for_volume_resource_status(

      File "/opt/stack/tempest/tempest/common/waiters.py", line 379, in wait_for_volume_resource_status
    raise exceptions.VolumeResourceBuildErrorException(

    tempest.exceptions.VolumeResourceBuildErrorException: group fff5df10-c2f3-4e6e-9dac-7e9b4017b74d failed to build and is in ERROR status


Captured pythonlogging:
~~~~~~~~~~~~~~~~~~~~~~~
    2026-02-17 15:26:44,444 122996 INFO     [tempest.lib.common.rest_client] Request (GroupSnapshotsV319Test:test_reset_group_snapshot_status): 200 POST http://10.132.44.205/volume/v3/types 0.248s
2026-02-17 15:26:44,444 122996 DEBUG    [tempest.lib.common.rest_client] Request - Headers: {'Content-Type': 'application/json', 'Accept': 'application/json', 'X-Auth-Token': '<omitted>'}
        Body: {"volume_type": {"name": "tempest-GroupSnapshotsV319Test-volume-type-1773720202"}}
    Response - Headers: {'date': 'Tue, 17 Feb 2026 15:26:44 GMT', 'server': 'Apache/2.4.58 (Ubuntu)', 'content-type': 'application/json', 'x-compute-request-id': 'req-c921b92a-4cd6-4904-880f-42bb27ff46ad', 'content-length': '228', 'openstack-api-version': 'volume 3.0', 'vary': 'OpenStack-API-Version', 'x-openstack-request-id': 'req-c921b92a-4cd6-4904-880f-42bb27ff46ad', 'connection': 'close', 'status': '200', 'content-location': 'http://10.132.44.205/volume/v3/types'}
        Body: b'{"volume_type": {"id": "ffe10373-904e-4066-9528-bc2f3bec8d1f", "name": "tempest-GroupSnapshotsV319Test-volume-type-1773720202", "is_public": true, "extra_specs": {}, "description": null, "os-volume-type-access:is_public": true}}'
2026-02-17 15:26:44,492 122996 INFO     [tempest.lib.common.rest_client] Request (GroupSnapshotsV319Test:test_reset_group_snapshot_status): 202 POST http://10.132.44.205/volume/v3/group_types 0.044s
2026-02-17 15:26:44,493 122996 DEBUG    [tempest.lib.common.rest_client] Request - Headers: {'Content-Type': 'application/json', 'Accept': 'application/json', 'Openstack-Api-Version': 'volume 3.19', 'X-Auth-Token': '<omitted>'}
        Body: {"group_type": {"name": "tempest-GroupSnapshotsV319Test-group-type-541816174"}}
    Response - Headers: {'date': 'Tue, 17 Feb 2026 15:26:44 GMT', 'server': 'Apache/2.4.58 (Ubuntu)', 'content-type': 'application/json', 'x-compute-request-id': 'req-c63fdacd-b801-40cc-96f6-0e6d57ac9749', 'content-length': '184', 'openstack-api-version': 'volume 3.19', 'vary': 'OpenStack-API-Version', 'x-openstack-request-id': 'req-c63fdacd-b801-40cc-96f6-0e6d57ac9749', 'connection': 'close', 'status': '202', 'content-location': 'http://10.132.44.205/volume/v3/group_types'}
        Body: b'{"group_type": {"id": "eda1cd1a-cfa1-4df6-b7b1-752b1714473d", "name": "tempest-GroupSnapshotsV319Test-group-type-541816174", "description": null, "is_public": true, "group_specs": {}}}'
2026-02-17 15:26:44,762 122996 INFO     [tempest.lib.common.rest_client] Request (GroupSnapshotsV319Test:test_reset_group_snapshot_status): 202 POST http://10.132.44.205/volume/v3/groups 0.265s
2026-02-17 15:26:44,762 122996 DEBUG    [tempest.lib.common.rest_client] Request - Headers: {'Content-Type': 'application/json', 'Accept': 'application/json', 'Openstack-Api-Version': 'volume 3.19', 'X-Auth-Token': '<omitted>'}
        Body: {"group": {"group_type": "eda1cd1a-cfa1-4df6-b7b1-752b1714473d", "volume_types": ["ffe10373-904e-4066-9528-bc2f3bec8d1f"], "name": "tempest-GroupSnapshotsV319Test-Group-325838178"}}
    Response - Headers: {'date': 'Tue, 17 Feb 2026 15:26:44 GMT', 'server': 'Apache/2.4.58 (Ubuntu)', 'content-type': 'application/json', 'x-compute-request-id': 'req-5f50214f-731d-46f9-b06e-017fd632a5c6', 'content-length': '115', 'openstack-api-version': 'volume 3.19', 'vary': 'OpenStack-API-Version', 'x-openstack-request-id': 'req-5f50214f-731d-46f9-b06e-017fd632a5c6', 'connection': 'close', 'status': '202', 'content-location': 'http://10.132.44.205/volume/v3/groups'}
        Body: b'{"group": {"id": "fff5df10-c2f3-4e6e-9dac-7e9b4017b74d", "name": "tempest-GroupSnapshotsV319Test-Group-325838178"}}'
2026-02-17 15:26:44,805 122996 INFO     [tempest.lib.common.rest_client] Request (GroupSnapshotsV319Test:test_reset_group_snapshot_status): 200 GET http://10.132.44.205/volume/v3/groups/fff5df10-c2f3-4e6e-9dac-7e9b4017b74d 0.040s
2026-02-17 15:26:44,805 122996 DEBUG    [tempest.lib.common.rest_client] Request - Headers: {'Content-Type': 'application/json', 'Accept': 'application/json', 'Openstack-Api-Version': 'volume 3.19', 'X-Auth-Token': '<omitted>'}
        Body
    : None
    Response - Headers: {'date': 'Tue, 17 Feb 2026 15:26:44 GMT', 'server': 'Apache/2.4.58 (Ubuntu)', 'content-type': 'application/json', 'x-compute-request-id': 'req-39530730-6688-400d-87f9-36d9227894a2', 'content-length': '395', 'openstack-api-version': 'volume 3.19', 'vary': 'OpenStack-API-Version', 'x-openstack-request-id': 'req-39530730-6688-400d-87f9-36d9227894a2', 'connection': 'close', 'status': '200', 'content-location': 'http://10.132.44.205/volume/v3/groups/fff5df10-c2f3-4e6e-9dac-7e9b4017b74d'}
        Body: b'{"group": {"id": "fff5df10-c2f3-4e6e-9dac-7e9b4017b74d", "status": "creating", "availability_zone": "nova", "created_at": "2026-02-17T15:26:45.000000", "name": "tempest-GroupSnapshotsV319Test-Group-325838178", "description": null, "group_type": "eda1cd1a-cfa1-4df6-b7b1-752b1714473d", "volume_types": ["ffe10373-904e-4066-9528-bc2f3bec8d1f"], "group_snapshot_id": null, "source_group_id": null}}'
2026-02-17 15:26:45,861 122996 INFO     [tempest.lib.common.rest_client] Request (GroupSnapshotsV319Test:test_reset_group_snapshot_status): 200 GET http://10.132.44.205/volume/v3/groups/fff5df10-c2f3-4e6e-9dac-7e9b4017b74d 0.051s
2026-02-17 15:26:45,862 122996 DEBUG    [tempest.lib.common.rest_client] Request - Headers: {'Content-Type': 'application/json', 'Accept': 'application/json', 'Openstack-Api-Version': 'volume 3.19', 'X-Auth-Token': '<omitted>'}
        Body: None
    Response - Headers: {'date': 'Tue, 17 Feb 2026 15:26:45 GMT', 'server': 'Apache/2.4.58 (Ubuntu)', 'content-type': 'application/json', 'x-compute-request-id': 'req-423f636d-7c8a-44f7-bdda-34f4afd7da7b', 'content-length': '392', 'openstack-api-version': 'volume 3.19', 'vary': 'OpenStack-API-Version', 'x-openstack-request-id': 'req-423f636d-7c8a-44f7-bdda-34f4afd7da7b', 'connection': 'close', 'status': '200', 'content-location': 'http://10.132.44.205/volume/v3/groups/fff5df10-c2f3-4e6e-9dac-7e9b4017b74d'}
        Body: b'{"group": {"id": "fff5df10-c2f3-4e6e-9dac-7e9b4017b74d", "status": "error", "availability_zone": "nova", "created_at": "2026-02-17T15:26:45.000000", "name": "tempest-GroupSnapshotsV319Test-Group-325838178", "description": null, "group_type": "eda1cd1a-cfa1-4df6-b7b1-752b1714473d", "volume_types": ["ffe10373-904e-4066-9528-bc2f3bec8d1f"], "group_snapshot_id": null, "source_group_id": null}}'
2026-02-17 15:26:45,910 122996 INFO     [tempest.lib.common.rest_client] Request (GroupSnapshotsV319Test:_run_cleanups): 200 GET http://10.132.44.205/volume/v3/volumes/detail 0.041s
2026-02-17 15:26:45,911 122996 DEBUG    [tempest.lib.common.rest_client] Request - Headers: {'Content-Type': 'application/json', 'Accept': 'application/json', 'Openstack-Api-Version': 'volume 3.19', 'X-Auth-Token': '<omitted>'}
        Body: None
    Response - Headers: {'date': 'Tue, 17 Feb 2026 15:26:45 GMT', 'server': 'Apache/2.4.58 (Ubuntu)', 'content-type': 'application/json', 'x-compute-request-id': 'req-60ebd49f-9c4f-46c9-b645-51c0b6ad3c04', 'content-length': '15', 'openstack-api-version': 'volume 3.19', 'vary': 'OpenStack-API-Version', 'x-openstack-request-id': 'req-60ebd49f-9c4f-46c9-b645-51c0b6ad3c04', 'connection': 'close', 'status': '200', 'content-location': 'http://10.132.44.205/volume/v3/volumes/detail'}
        Body: b'{"volumes": []}'
2026-02-17 15:26:46,033 122996 INFO     [tempest.lib.common.rest_client] Request (GroupSnapshotsV319Test:_run_cleanups): 202 POST http://10.132.44.205/volume/v3/groups/fff5df10-c2f3-4e6e-9dac-7e9b4017b74d/action 0.104s
2026-02-17 15:26:46,034 122996 DEBUG    [tempest.lib.common.rest_client] Request - Headers: {'Content-Type': 'application/json', 'Accept': 'application/json', 'Openstack-Api-Version': 'volume 3.19', 'X-Auth-Token': '<omitted>'}
        Body: {"delete": {"delete-volumes": true}}
    Response - Headers: {'date': 'Tue, 17 Feb 2026 15:26:45 GMT', 'server': 'Apache/2.4.58 (Ubuntu)', 'content-length': '0', 'content-type': 'text/html; charset=UTF-8', 'openstack-api-version': 'volume 3.19', 'vary': 'OpenStack-API-Version', 'x-openstack-request-id': 'req-431513f6-6089-4567-97c8-ef07c23759f6', 'connection
    ': 'close', 'status': '202', 'content-location': 'http://10.132.44.205/volume/v3/groups/fff5df10-c2f3-4e6e-9dac-7e9b4017b74d/action'}
        Body: b''
2026-02-17 15:26:46,056 122996 INFO     [tempest.lib.common.rest_client] Request (GroupSnapshotsV319Test:_run_cleanups): 404 GET http://10.132.44.205/volume/v3/groups/fff5df10-c2f3-4e6e-9dac-7e9b4017b74d 0.021s
2026-02-17 15:26:46,056 122996 DEBUG    [tempest.lib.common.rest_client] Request - Headers: {'Content-Type': 'application/json', 'Accept': 'application/json', 'Openstack-Api-Version': 'volume 3.19', 'X-Auth-Token': '<omitted>'}
        Body: None
    Response - Headers: {'date': 'Tue, 17 Feb 2026 15:26:46 GMT', 'server': 'Apache/2.4.58 (Ubuntu)', 'openstack-api-version': 'volume 3.19', 'vary': 'OpenStack-API-Version', 'content-length': '108', 'content-type': 'application/json', 'x-compute-request-id': 'req-fe78a464-a77a-4dc8-b457-3d1c3fd5c6d9', 'x-openstack-request-id': 'req-fe78a464-a77a-4dc8-b457-3d1c3fd5c6d9', 'connection': 'close', 'status': '404', 'content-location': 'http://10.132.44.205/volume/v3/groups/fff5df10-c2f3-4e6e-9dac-7e9b4017b74d'}
        Body: b'{"itemNotFound": {"code": 404, "message": "Group fff5df10-c2f3-4e6e-9dac-7e9b4017b74d could not be found."}}'
2026-02-17 15:26:46,103 122996 INFO     [tempest.lib.common.rest_client] Request (GroupSnapshotsV319Test:_run_cleanups): 202 DELETE http://10.132.44.205/volume/v3/group_types/eda1cd1a-cfa1-4df6-b7b1-752b1714473d 0.046s
2026-02-17 15:26:46,104 122996 DEBUG    [tempest.lib.common.rest_client] Request - Headers: {'Content-Type': 'application/json', 'Accept': 'application/json', 'Openstack-Api-Version': 'volume 3.19', 'X-Auth-Token': '<omitted>'}
        Body: None
    Response - Headers: {'date': 'Tue, 17 Feb 2026 15:26:46 GMT', 'server': 'Apache/2.4.58 (Ubuntu)', 'content-length': '0', 'content-type': 'text/html; charset=UTF-8', 'openstack-api-version': 'volume 3.19', 'vary': 'OpenStack-API-Version', 'x-openstack-request-id': 'req-120aa5d9-1946-4f4a-9d04-eab05894ce75', 'connection': 'close', 'status': '202', 'content-location': 'http://10.132.44.205/volume/v3/group_types/eda1cd1a-cfa1-4df6-b7b1-752b1714473d'}
        Body: b''
2026-02-17 15:26:46,196 122996 INFO     [tempest.lib.common.rest_client] Request (GroupSnapshotsV319Test:_run_cleanups): 202 DELETE http://10.132.44.205/volume/v3/types/ffe10373-904e-4066-9528-bc2f3bec8d1f 0.092s
2026-02-17 15:26:46,197 122996 DEBUG    [tempest.lib.common.rest_client] Request - Headers: {'Content-Type': 'application/json', 'Accept': 'application/json', 'X-Auth-Token': '<omitted>'}
        Body: None
    Response - Headers: {'date': 'Tue, 17 Feb 2026 15:26:46 GMT', 'server': 'Apache/2.4.58 (Ubuntu)', 'content-length': '0', 'content-type': 'text/html; charset=UTF-8', 'openstack-api-version': 'volume 3.0', 'vary': 'OpenStack-API-Version', 'x-openstack-request-id': 'req-73f2baad-1700-4fb2-979e-5e2171243dde', 'connection': 'close', 'status': '202', 'content-location': 'http://10.132.44.205/volume/v3/types/ffe10373-904e-4066-9528-bc2f3bec8d1f'}
        Body: b''
2026-02-17 15:26:46,221 122996 INFO     [tempest.lib.common.rest_client] Request (GroupSnapshotsV319Test:_run_cleanups): 404 GET http://10.132.44.205/volume/v3/types/ffe10373-904e-4066-9528-bc2f3bec8d1f 0.023s
2026-02-17 15:26:46,222 122996 DEBUG    [tempest.lib.common.rest_client] Request - Headers: {'Content-Type': 'application/json', 'Accept': 'application/json', 'X-Auth-Token': '<omitted>'}
        Body: None
    Response - Headers: {'date': 'Tue, 17 Feb 2026 15:26:46 GMT', 'server': 'Apache/2.4.58 (Ubuntu)', 'openstack-api-version': 'volume 3.0', 'vary': 'OpenStack-API-Version', 'content-length': '114', 'content-type': 'application/json', 'x-compute-request-id': 'req-92107342-c46b-41e5-ba70-631ea5b1e937', 'x-openstack-request-id': 'req-92107342-c46b-41e5-ba70-631ea5b1e937', 'connection': 'close', 'status': '404', 'content-location': 'http://10.132.44.205/volume/v3/types/ffe10373-904e-4066-9528-bc2f3bec8d1f'}
        Body: b'{"itemNotFound": {"code": 404, "message": "Volume type ffe10373-904e-4066-9528-b
    c2f3bec8d1f could not be found."}}'

{0} tempest.api.volume.admin.test_group_type_specs.GroupTypeSpecsTest.test_group_type_specs_create_show_update_list_delete [0.739807s] ... ok
{0} tempest.api.volume.admin.test_group_types.GroupTypesTest.test_group_type_create_list_update_show_delete [0.388106s] ... ok
{0} tempest.api.volume.admin.test_group_types.GroupTypesTest.test_group_type_list_by_optional_params [0.354133s] ... ok
{0} tempest.api.volume.admin.test_groups.GroupsTest.test_group_create_show_list_delete [1.946832s] ... FAILED

Captured traceback:
~~~~~~~~~~~~~~~~~~~
    Traceback (most recent call last):

      File "/opt/stack/tempest/tempest/api/volume/admin/test_groups.py", line 43, in test_group_create_show_list_delete
    grp1 = self.create_group(group_type=group_type['id'],
           ^^^^^^^^^^^^^^^^^^^^^^^^^^^^^^^^^^^^^^^^^^^^^^

      File "/opt/stack/tempest/tempest/api/volume/base.py", line 293, in create_group
    waiters.wait_for_volume_resource_status(

      File "/opt/stack/tempest/tempest/common/waiters.py", line 379, in wait_for_volume_resource_status
    raise exceptions.VolumeResourceBuildErrorException(

    tempest.exceptions.VolumeResourceBuildErrorException: group d83b913c-16de-4b99-abee-6cb808c35994 failed to build and is in ERROR status


Captured pythonlogging:
~~~~~~~~~~~~~~~~~~~~~~~
    2026-02-17 15:27:01,678 122996 INFO     [tempest.lib.common.rest_client] Request (GroupsTest:test_group_create_show_list_delete): 200 POST http://10.132.44.205/volume/v3/types 0.209s
2026-02-17 15:27:01,679 122996 DEBUG    [tempest.lib.common.rest_client] Request - Headers: {'Content-Type': 'application/json', 'Accept': 'application/json', 'X-Auth-Token': '<omitted>'}
        Body: {"volume_type": {"name": "tempest-GroupsTest-volume-type-887935436"}}
    Response - Headers: {'date': 'Tue, 17 Feb 2026 15:27:01 GMT', 'server': 'Apache/2.4.58 (Ubuntu)', 'content-type': 'application/json', 'x-compute-request-id': 'req-a25b2e5e-1f83-4d81-9a1e-3d520f6bb701', 'content-length': '215', 'openstack-api-version': 'volume 3.0', 'vary': 'OpenStack-API-Version', 'x-openstack-request-id': 'req-a25b2e5e-1f83-4d81-9a1e-3d520f6bb701', 'connection': 'close', 'status': '200', 'content-location': 'http://10.132.44.205/volume/v3/types'}
        Body: b'{"volume_type": {"id": "2f1bdb10-a69e-4196-894c-0f2aa2cf9757", "name": "tempest-GroupsTest-volume-type-887935436", "is_public": true, "extra_specs": {}, "description": null, "os-volume-type-access:is_public": true}}'
2026-02-17 15:27:01,731 122996 INFO     [tempest.lib.common.rest_client] Request (GroupsTest:test_group_create_show_list_delete): 202 POST http://10.132.44.205/volume/v3/group_types 0.047s
2026-02-17 15:27:01,731 122996 DEBUG    [tempest.lib.common.rest_client] Request - Headers: {'Content-Type': 'application/json', 'Accept': 'application/json', 'Openstack-Api-Version': 'volume 3.13', 'X-Auth-Token': '<omitted>'}
        Body: {"group_type": {"name": "tempest-GroupsTest-group-type-1183983502"}}
    Response - Headers: {'date': 'Tue, 17 Feb 2026 15:27:01 GMT', 'server': 'Apache/2.4.58 (Ubuntu)', 'content-type': 'application/json', 'x-compute-request-id': 'req-63d45108-7054-49ea-9a51-a0ee24b3e284', 'content-length': '173', 'openstack-api-version': 'volume 3.13', 'vary': 'OpenStack-API-Version', 'x-openstack-request-id': 'req-63d45108-7054-49ea-9a51-a0ee24b3e284', 'connection': 'close', 'status': '202', 'content-location': 'http://10.132.44.205/volume/v3/group_types'}
        Body: b'{"group_type": {"id": "3289958f-bf9b-44d8-816a-5b8dbda0bc2e", "name": "tempest-GroupsTest-group-type-1183983502", "description": null, "is_public": true, "group_specs": {}}}'
2026-02-17 15:27:01,984 122996 INFO     [tempest.lib.common.rest_client] Request (GroupsTest:test_group_create_show_list_delete): 202 POST http://10.132.44.205/volume/v3/groups 0.248s
2026-02-17 15:27:01,985 122996 DEBUG    [tempest.lib.common.rest_client] Request - Headers: {'Content-Type': 'application/json', 'Accept': 'application/json', 'Openstack-Api-Version': 'volume 3.13', 'X-Auth-Token': '<omitted>'}
        Body: {"group": {"group_type": "3289958f-bf9b-44d8-816a-5b8dbda0bc2e", "volume_types": ["2f1bdb10-a69e-4196-894c-0f2aa2cf9757"], "name": "tempest-Group1-47928558"}}
    Response - Headers: {'date': 'Tue, 17 Feb 2026 15:27:01 GMT', 'server': 'Apache/2.4.58 (Ubuntu)', 'content-type': 'application/json', 'x-compute-request-id': 'req-af03ce3f-8eee-4ed5-aa67-859c9da10b01', 'content-length': '92', 'openstack-api-version': 'volume 3.13', 'vary': 'OpenStack-API-Version', 'x-openstack-request-id': 'req-af03ce3f-8eee-4ed5-aa67-859c9da10b01', 'connection': 'close', 'status': '202', 'content-location': 'http://10.132.44.205/volume/v3/groups'}
        Body: b'{"group": {"id": "d83b913c-16de-4b99-abee-6cb808c35994", "name": "tempest-Group1-47928558"}}'
2026-02-17 15:27:02,031 122996 INFO     [tempest.lib.common.rest_client] Request (GroupsTest:test_group_create_show_list_delete): 200 GET http://10.132.44.205/volume/v3/groups/d83b913c-16de-4b99-abee-6cb808c35994 0.043s
2026-02-17 15:27:02,031 122996 DEBUG    [tempest.lib.common.rest_client] Request - Headers: {'Content-Type': 'application/json', 'Accept': 'application/json', 'Openstack-Api-Version': 'volume 3.13', 'X-Auth-Token': '<omitted>'}
        Body: None
    Response - Headers: {'date': 'Tue, 17 Feb 2026 15:27:01 GMT', 'server': 'Apache/2.4.58 (Ubuntu)', 'content-type': 'applicati
    on/json', 'x-compute-request-id': 'req-a3922d27-b272-4404-9e4a-36b792f8804e', 'content-length': '320', 'openstack-api-version': 'volume 3.13', 'vary': 'OpenStack-API-Version', 'x-openstack-request-id': 'req-a3922d27-b272-4404-9e4a-36b792f8804e', 'connection': 'close', 'status': '200', 'content-location': 'http://10.132.44.205/volume/v3/groups/d83b913c-16de-4b99-abee-6cb808c35994'}
        Body: b'{"group": {"id": "d83b913c-16de-4b99-abee-6cb808c35994", "status": "creating", "availability_zone": "nova", "created_at": "2026-02-17T15:27:02.000000", "name": "tempest-Group1-47928558", "description": null, "group_type": "3289958f-bf9b-44d8-816a-5b8dbda0bc2e", "volume_types": ["2f1bdb10-a69e-4196-894c-0f2aa2cf9757"]}}'
2026-02-17 15:27:03,082 122996 INFO     [tempest.lib.common.rest_client] Request (GroupsTest:test_group_create_show_list_delete): 200 GET http://10.132.44.205/volume/v3/groups/d83b913c-16de-4b99-abee-6cb808c35994 0.045s
2026-02-17 15:27:03,083 122996 DEBUG    [tempest.lib.common.rest_client] Request - Headers: {'Content-Type': 'application/json', 'Accept': 'application/json', 'Openstack-Api-Version': 'volume 3.13', 'X-Auth-Token': '<omitted>'}
        Body: None
    Response - Headers: {'date': 'Tue, 17 Feb 2026 15:27:03 GMT', 'server': 'Apache/2.4.58 (Ubuntu)', 'content-type': 'application/json', 'x-compute-request-id': 'req-d0fccedc-e281-4cab-ba48-954d30a54349', 'content-length': '317', 'openstack-api-version': 'volume 3.13', 'vary': 'OpenStack-API-Version', 'x-openstack-request-id': 'req-d0fccedc-e281-4cab-ba48-954d30a54349', 'connection': 'close', 'status': '200', 'content-location': 'http://10.132.44.205/volume/v3/groups/d83b913c-16de-4b99-abee-6cb808c35994'}
        Body: b'{"group": {"id": "d83b913c-16de-4b99-abee-6cb808c35994", "status": "error", "availability_zone": "nova", "created_at": "2026-02-17T15:27:02.000000", "name": "tempest-Group1-47928558", "description": null, "group_type": "3289958f-bf9b-44d8-816a-5b8dbda0bc2e", "volume_types": ["2f1bdb10-a69e-4196-894c-0f2aa2cf9757"]}}'
2026-02-17 15:27:03,133 122996 INFO     [tempest.lib.common.rest_client] Request (GroupsTest:_run_cleanups): 200 GET http://10.132.44.205/volume/v3/volumes/detail 0.043s
2026-02-17 15:27:03,133 122996 DEBUG    [tempest.lib.common.rest_client] Request - Headers: {'Content-Type': 'application/json', 'Accept': 'application/json', 'Openstack-Api-Version': 'volume 3.13', 'X-Auth-Token': '<omitted>'}
        Body: None
    Response - Headers: {'date': 'Tue, 17 Feb 2026 15:27:03 GMT', 'server': 'Apache/2.4.58 (Ubuntu)', 'content-type': 'application/json', 'x-compute-request-id': 'req-cd1518d2-2e65-4aed-b9a6-8d200bd83bfb', 'content-length': '15', 'openstack-api-version': 'volume 3.13', 'vary': 'OpenStack-API-Version', 'x-openstack-request-id': 'req-cd1518d2-2e65-4aed-b9a6-8d200bd83bfb', 'connection': 'close', 'status': '200', 'content-location': 'http://10.132.44.205/volume/v3/volumes/detail'}
        Body: b'{"volumes": []}'
2026-02-17 15:27:03,249 122996 INFO     [tempest.lib.common.rest_client] Request (GroupsTest:_run_cleanups): 202 POST http://10.132.44.205/volume/v3/groups/d83b913c-16de-4b99-abee-6cb808c35994/action 0.098s
2026-02-17 15:27:03,250 122996 DEBUG    [tempest.lib.common.rest_client] Request - Headers: {'Content-Type': 'application/json', 'Accept': 'application/json', 'Openstack-Api-Version': 'volume 3.13', 'X-Auth-Token': '<omitted>'}
        Body: {"delete": {"delete-volumes": true}}
    Response - Headers: {'date': 'Tue, 17 Feb 2026 15:27:03 GMT', 'server': 'Apache/2.4.58 (Ubuntu)', 'content-length': '0', 'content-type': 'text/html; charset=UTF-8', 'openstack-api-version': 'volume 3.13', 'vary': 'OpenStack-API-Version', 'x-openstack-request-id': 'req-37f441bb-c083-4fb6-89fa-519fc882eba8', 'connection': 'close', 'status': '202', 'content-location': 'http://10.132.44.205/volume/v3/groups/d83b913c-16de-4b99-abee-6cb808c35994/action'}
        Body: b''
2026-02-17 15:27:03,276 122996 INFO     [tempest.lib.common.rest_client] Request (GroupsTest:_run_cleanups): 404 GET http://10.132.44.205/volume/v3/groups/d83b913c-16d
    e-4b99-abee-6cb808c35994 0.025s
2026-02-17 15:27:03,276 122996 DEBUG    [tempest.lib.common.rest_client] Request - Headers: {'Content-Type': 'application/json', 'Accept': 'application/json', 'Openstack-Api-Version': 'volume 3.13', 'X-Auth-Token': '<omitted>'}
        Body: None
    Response - Headers: {'date': 'Tue, 17 Feb 2026 15:27:03 GMT', 'server': 'Apache/2.4.58 (Ubuntu)', 'openstack-api-version': 'volume 3.13', 'vary': 'OpenStack-API-Version', 'content-length': '108', 'content-type': 'application/json', 'x-compute-request-id': 'req-bb449b61-9981-4f0d-84f4-8cee850d680d', 'x-openstack-request-id': 'req-bb449b61-9981-4f0d-84f4-8cee850d680d', 'connection': 'close', 'status': '404', 'content-location': 'http://10.132.44.205/volume/v3/groups/d83b913c-16de-4b99-abee-6cb808c35994'}
        Body: b'{"itemNotFound": {"code": 404, "message": "Group d83b913c-16de-4b99-abee-6cb808c35994 could not be found."}}'
2026-02-17 15:27:03,320 122996 INFO     [tempest.lib.common.rest_client] Request (GroupsTest:_run_cleanups): 202 DELETE http://10.132.44.205/volume/v3/group_types/3289958f-bf9b-44d8-816a-5b8dbda0bc2e 0.043s
2026-02-17 15:27:03,321 122996 DEBUG    [tempest.lib.common.rest_client] Request - Headers: {'Content-Type': 'application/json', 'Accept': 'application/json', 'Openstack-Api-Version': 'volume 3.13', 'X-Auth-Token': '<omitted>'}
        Body: None
    Response - Headers: {'date': 'Tue, 17 Feb 2026 15:27:03 GMT', 'server': 'Apache/2.4.58 (Ubuntu)', 'content-length': '0', 'content-type': 'text/html; charset=UTF-8', 'openstack-api-version': 'volume 3.13', 'vary': 'OpenStack-API-Version', 'x-openstack-request-id': 'req-46f89fdb-490b-47f7-8aac-2328df5bda7c', 'connection': 'close', 'status': '202', 'content-location': 'http://10.132.44.205/volume/v3/group_types/3289958f-bf9b-44d8-816a-5b8dbda0bc2e'}
        Body: b''
2026-02-17 15:27:03,390 122996 INFO     [tempest.lib.common.rest_client] Request (GroupsTest:_run_cleanups): 202 DELETE http://10.132.44.205/volume/v3/types/2f1bdb10-a69e-4196-894c-0f2aa2cf9757 0.068s
2026-02-17 15:27:03,390 122996 DEBUG    [tempest.lib.common.rest_client] Request - Headers: {'Content-Type': 'application/json', 'Accept': 'application/json', 'X-Auth-Token': '<omitted>'}
        Body: None
    Response - Headers: {'date': 'Tue, 17 Feb 2026 15:27:03 GMT', 'server': 'Apache/2.4.58 (Ubuntu)', 'content-length': '0', 'content-type': 'text/html; charset=UTF-8', 'openstack-api-version': 'volume 3.0', 'vary': 'OpenStack-API-Version', 'x-openstack-request-id': 'req-14b3f854-2ea7-46c6-a246-ce37c3100ec3', 'connection': 'close', 'status': '202', 'content-location': 'http://10.132.44.205/volume/v3/types/2f1bdb10-a69e-4196-894c-0f2aa2cf9757'}
        Body: b''
2026-02-17 15:27:03,413 122996 INFO     [tempest.lib.common.rest_client] Request (GroupsTest:_run_cleanups): 404 GET http://10.132.44.205/volume/v3/types/2f1bdb10-a69e-4196-894c-0f2aa2cf9757 0.023s
2026-02-17 15:27:03,414 122996 DEBUG    [tempest.lib.common.rest_client] Request - Headers: {'Content-Type': 'application/json', 'Accept': 'application/json', 'X-Auth-Token': '<omitted>'}
        Body: None
    Response - Headers: {'date': 'Tue, 17 Feb 2026 15:27:03 GMT', 'server': 'Apache/2.4.58 (Ubuntu)', 'openstack-api-version': 'volume 3.0', 'vary': 'OpenStack-API-Version', 'content-length': '114', 'content-type': 'application/json', 'x-compute-request-id': 'req-e6a2ab11-f9d7-4b52-a835-260ae655d415', 'x-openstack-request-id': 'req-e6a2ab11-f9d7-4b52-a835-260ae655d415', 'connection': 'close', 'status': '404', 'content-location': 'http://10.132.44.205/volume/v3/types/2f1bdb10-a69e-4196-894c-0f2aa2cf9757'}
        Body: b'{"itemNotFound": {"code": 404, "message": "Volume type 2f1bdb10-a69e-4196-894c-0f2aa2cf9757 could not be found."}}'

{0} tempest.api.volume.admin.test_groups.GroupsTest.test_group_update [1.798829s] ... FAILED

Captured traceback:
~~~~~~~~~~~~~~~~~~~
    Traceback (most recent call last):

      File "/opt/stack/tempest/tempest/api/volume/admin/test_groups.py", line 111, in test_group_update
    grp = self.create_group(group_type=group_type['id'],
          ^^^^^^^^^^^^^^^^^^^^^^^^^^^^^^^^^^^^^^^^^^^^^^

      File "/opt/stack/tempest/tempest/api/volume/base.py", line 293, in create_group
    waiters.wait_for_volume_resource_status(

      File "/opt/stack/tempest/tempest/common/waiters.py", line 379, in wait_for_volume_resource_status
    raise exceptions.VolumeResourceBuildErrorException(

    tempest.exceptions.VolumeResourceBuildErrorException: group ae5e7e69-803e-4821-aa4c-6c079fb26354 failed to build and is in ERROR status


Captured pythonlogging:
~~~~~~~~~~~~~~~~~~~~~~~
    2026-02-17 15:27:03,464 122996 INFO     [tempest.lib.common.rest_client] Request (GroupsTest:test_group_update): 200 POST http://10.132.44.205/volume/v3/types 0.047s
2026-02-17 15:27:03,465 122996 DEBUG    [tempest.lib.common.rest_client] Request - Headers: {'Content-Type': 'application/json', 'Accept': 'application/json', 'X-Auth-Token': '<omitted>'}
        Body: {"volume_type": {"name": "tempest-GroupsTest-volume-type-1072604865"}}
    Response - Headers: {'date': 'Tue, 17 Feb 2026 15:27:03 GMT', 'server': 'Apache/2.4.58 (Ubuntu)', 'content-type': 'application/json', 'x-compute-request-id': 'req-63dcb13c-713c-4301-8278-ad23be6af346', 'content-length': '216', 'openstack-api-version': 'volume 3.0', 'vary': 'OpenStack-API-Version', 'x-openstack-request-id': 'req-63dcb13c-713c-4301-8278-ad23be6af346', 'connection': 'close', 'status': '200', 'content-location': 'http://10.132.44.205/volume/v3/types'}
        Body: b'{"volume_type": {"id": "21cf31b0-5492-4ba1-82d4-14083efae37c", "name": "tempest-GroupsTest-volume-type-1072604865", "is_public": true, "extra_specs": {}, "description": null, "os-volume-type-access:is_public": true}}'
2026-02-17 15:27:03,512 122996 INFO     [tempest.lib.common.rest_client] Request (GroupsTest:test_group_update): 202 POST http://10.132.44.205/volume/v3/group_types 0.043s
2026-02-17 15:27:03,512 122996 DEBUG    [tempest.lib.common.rest_client] Request - Headers: {'Content-Type': 'application/json', 'Accept': 'application/json', 'Openstack-Api-Version': 'volume 3.13', 'X-Auth-Token': '<omitted>'}
        Body: {"group_type": {"name": "tempest-GroupsTest-group-type-803880480"}}
    Response - Headers: {'date': 'Tue, 17 Feb 2026 15:27:03 GMT', 'server': 'Apache/2.4.58 (Ubuntu)', 'content-type': 'application/json', 'x-compute-request-id': 'req-d434880e-b0fe-4f9f-88e4-4ac8b76fb07b', 'content-length': '172', 'openstack-api-version': 'volume 3.13', 'vary': 'OpenStack-API-Version', 'x-openstack-request-id': 'req-d434880e-b0fe-4f9f-88e4-4ac8b76fb07b', 'connection': 'close', 'status': '202', 'content-location': 'http://10.132.44.205/volume/v3/group_types'}
        Body: b'{"group_type": {"id": "0b58afe9-cb9c-4471-b2df-576cfea7187f", "name": "tempest-GroupsTest-group-type-803880480", "description": null, "is_public": true, "group_specs": {}}}'
2026-02-17 15:27:03,633 122996 INFO     [tempest.lib.common.rest_client] Request (GroupsTest:test_group_update): 202 POST http://10.132.44.205/volume/v3/groups 0.117s
2026-02-17 15:27:03,633 122996 DEBUG    [tempest.lib.common.rest_client] Request - Headers: {'Content-Type': 'application/json', 'Accept': 'application/json', 'Openstack-Api-Version': 'volume 3.13', 'X-Auth-Token': '<omitted>'}
        Body: {"group": {"group_type": "0b58afe9-cb9c-4471-b2df-576cfea7187f", "volume_types": ["21cf31b0-5492-4ba1-82d4-14083efae37c"], "name": "tempest-GroupsTest-Group-1255526894"}}
    Response - Headers: {'date': 'Tue, 17 Feb 2026 15:27:03 GMT', 'server': 'Apache/2.4.58 (Ubuntu)', 'content-type': 'application/json', 'x-compute-request-id': 'req-2344d231-fb2a-46f0-8e7a-bb78eff27708', 'content-length': '104', 'openstack-api-version': 'volume 3.13', 'vary': 'OpenStack-API-Version', 'x-openstack-request-id': 'req-2344d231-fb2a-46f0-8e7a-bb78eff27708', 'connection': 'close', 'status': '202', 'content-location': 'http://10.132.44.205/volume/v3/groups'}
        Body: b'{"group": {"id": "ae5e7e69-803e-4821-aa4c-6c079fb26354", "name": "tempest-GroupsTest-Group-1255526894"}}'
2026-02-17 15:27:03,678 122996 INFO     [tempest.lib.common.rest_client] Request (GroupsTest:test_group_update): 200 GET http://10.132.44.205/volume/v3/groups/ae5e7e69-803e-4821-aa4c-6c079fb26354 0.042s
2026-02-17 15:27:03,679 122996 DEBUG    [tempest.lib.common.rest_client] Request - Headers: {'Content-Type': 'application/json', 'Accept': 'application/json', 'Openstack-Api-Version': 'volume 3.13', 'X-Auth-Token': '<omitted>'}
        Body: None
    Response - Headers: {'date': 'Tue, 17 Feb 2026 15:27:03 GMT', 'server': 'Apache/2.4.58 (Ubuntu)', 'content-type': 'application/json', 'x-compute-request-id': 'req-b22a
    5b5c-3430-44d1-96bb-0d8a9e017174', 'content-length': '329', 'openstack-api-version': 'volume 3.13', 'vary': 'OpenStack-API-Version', 'x-openstack-request-id': 'req-b22a5b5c-3430-44d1-96bb-0d8a9e017174', 'connection': 'close', 'status': '200', 'content-location': 'http://10.132.44.205/volume/v3/groups/ae5e7e69-803e-4821-aa4c-6c079fb26354'}
        Body: b'{"group": {"id": "ae5e7e69-803e-4821-aa4c-6c079fb26354", "status": "error", "availability_zone": "nova", "created_at": "2026-02-17T15:27:04.000000", "name": "tempest-GroupsTest-Group-1255526894", "description": null, "group_type": "0b58afe9-cb9c-4471-b2df-576cfea7187f", "volume_types": ["21cf31b0-5492-4ba1-82d4-14083efae37c"]}}'
2026-02-17 15:27:04,739 122996 INFO     [tempest.lib.common.rest_client] Request (GroupsTest:test_group_update): 200 GET http://10.132.44.205/volume/v3/groups/ae5e7e69-803e-4821-aa4c-6c079fb26354 0.055s
2026-02-17 15:27:04,740 122996 DEBUG    [tempest.lib.common.rest_client] Request - Headers: {'Content-Type': 'application/json', 'Accept': 'application/json', 'Openstack-Api-Version': 'volume 3.13', 'X-Auth-Token': '<omitted>'}
        Body: None
    Response - Headers: {'date': 'Tue, 17 Feb 2026 15:27:04 GMT', 'server': 'Apache/2.4.58 (Ubuntu)', 'content-type': 'application/json', 'x-compute-request-id': 'req-39fc9de5-d258-4800-91d0-18d324929244', 'content-length': '329', 'openstack-api-version': 'volume 3.13', 'vary': 'OpenStack-API-Version', 'x-openstack-request-id': 'req-39fc9de5-d258-4800-91d0-18d324929244', 'connection': 'close', 'status': '200', 'content-location': 'http://10.132.44.205/volume/v3/groups/ae5e7e69-803e-4821-aa4c-6c079fb26354'}
        Body: b'{"group": {"id": "ae5e7e69-803e-4821-aa4c-6c079fb26354", "status": "error", "availability_zone": "nova", "created_at": "2026-02-17T15:27:04.000000", "name": "tempest-GroupsTest-Group-1255526894", "description": null, "group_type": "0b58afe9-cb9c-4471-b2df-576cfea7187f", "volume_types": ["21cf31b0-5492-4ba1-82d4-14083efae37c"]}}'
2026-02-17 15:27:04,792 122996 INFO     [tempest.lib.common.rest_client] Request (GroupsTest:_run_cleanups): 200 GET http://10.132.44.205/volume/v3/volumes/detail 0.045s
2026-02-17 15:27:04,793 122996 DEBUG    [tempest.lib.common.rest_client] Request - Headers: {'Content-Type': 'application/json', 'Accept': 'application/json', 'Openstack-Api-Version': 'volume 3.13', 'X-Auth-Token': '<omitted>'}
        Body: None
    Response - Headers: {'date': 'Tue, 17 Feb 2026 15:27:04 GMT', 'server': 'Apache/2.4.58 (Ubuntu)', 'content-type': 'application/json', 'x-compute-request-id': 'req-4af5a0a9-03da-4f6c-88f6-bce97a8db750', 'content-length': '15', 'openstack-api-version': 'volume 3.13', 'vary': 'OpenStack-API-Version', 'x-openstack-request-id': 'req-4af5a0a9-03da-4f6c-88f6-bce97a8db750', 'connection': 'close', 'status': '200', 'content-location': 'http://10.132.44.205/volume/v3/volumes/detail'}
        Body: b'{"volumes": []}'
2026-02-17 15:27:04,912 122996 INFO     [tempest.lib.common.rest_client] Request (GroupsTest:_run_cleanups): 202 POST http://10.132.44.205/volume/v3/groups/ae5e7e69-803e-4821-aa4c-6c079fb26354/action 0.103s
2026-02-17 15:27:04,913 122996 DEBUG    [tempest.lib.common.rest_client] Request - Headers: {'Content-Type': 'application/json', 'Accept': 'application/json', 'Openstack-Api-Version': 'volume 3.13', 'X-Auth-Token': '<omitted>'}
        Body: {"delete": {"delete-volumes": true}}
    Response - Headers: {'date': 'Tue, 17 Feb 2026 15:27:04 GMT', 'server': 'Apache/2.4.58 (Ubuntu)', 'content-length': '0', 'content-type': 'text/html; charset=UTF-8', 'openstack-api-version': 'volume 3.13', 'vary': 'OpenStack-API-Version', 'x-openstack-request-id': 'req-34ee7430-1ef5-4058-af32-97240fb41a79', 'connection': 'close', 'status': '202', 'content-location': 'http://10.132.44.205/volume/v3/groups/ae5e7e69-803e-4821-aa4c-6c079fb26354/action'}
        Body: b''
2026-02-17 15:27:04,935 122996 INFO     [tempest.lib.common.rest_client] Request (GroupsTest:_run_cleanups): 404 GET http://10.132.44.205/volume/v3/groups/ae5e7e69-803e-4821-aa4c-6c079fb26354 0.021s
2026-02
    -17 15:27:04,936 122996 DEBUG    [tempest.lib.common.rest_client] Request - Headers: {'Content-Type': 'application/json', 'Accept': 'application/json', 'Openstack-Api-Version': 'volume 3.13', 'X-Auth-Token': '<omitted>'}
        Body: None
    Response - Headers: {'date': 'Tue, 17 Feb 2026 15:27:04 GMT', 'server': 'Apache/2.4.58 (Ubuntu)', 'openstack-api-version': 'volume 3.13', 'vary': 'OpenStack-API-Version', 'content-length': '108', 'content-type': 'application/json', 'x-compute-request-id': 'req-85180757-4dcb-4236-8c47-be5024432f22', 'x-openstack-request-id': 'req-85180757-4dcb-4236-8c47-be5024432f22', 'connection': 'close', 'status': '404', 'content-location': 'http://10.132.44.205/volume/v3/groups/ae5e7e69-803e-4821-aa4c-6c079fb26354'}
        Body: b'{"itemNotFound": {"code": 404, "message": "Group ae5e7e69-803e-4821-aa4c-6c079fb26354 could not be found."}}'
2026-02-17 15:27:04,984 122996 INFO     [tempest.lib.common.rest_client] Request (GroupsTest:_run_cleanups): 202 DELETE http://10.132.44.205/volume/v3/group_types/0b58afe9-cb9c-4471-b2df-576cfea7187f 0.047s
2026-02-17 15:27:04,985 122996 DEBUG    [tempest.lib.common.rest_client] Request - Headers: {'Content-Type': 'application/json', 'Accept': 'application/json', 'Openstack-Api-Version': 'volume 3.13', 'X-Auth-Token': '<omitted>'}
        Body: None
    Response - Headers: {'date': 'Tue, 17 Feb 2026 15:27:04 GMT', 'server': 'Apache/2.4.58 (Ubuntu)', 'content-length': '0', 'content-type': 'text/html; charset=UTF-8', 'openstack-api-version': 'volume 3.13', 'vary': 'OpenStack-API-Version', 'x-openstack-request-id': 'req-fdf83a86-d584-491c-a688-5f4a77f0313f', 'connection': 'close', 'status': '202', 'content-location': 'http://10.132.44.205/volume/v3/group_types/0b58afe9-cb9c-4471-b2df-576cfea7187f'}
        Body: b''
2026-02-17 15:27:05,191 122996 INFO     [tempest.lib.common.rest_client] Request (GroupsTest:_run_cleanups): 202 DELETE http://10.132.44.205/volume/v3/types/21cf31b0-5492-4ba1-82d4-14083efae37c 0.206s
2026-02-17 15:27:05,192 122996 DEBUG    [tempest.lib.common.rest_client] Request - Headers: {'Content-Type': 'application/json', 'Accept': 'application/json', 'X-Auth-Token': '<omitted>'}
        Body: None
    Response - Headers: {'date': 'Tue, 17 Feb 2026 15:27:04 GMT', 'server': 'Apache/2.4.58 (Ubuntu)', 'content-length': '0', 'content-type': 'text/html; charset=UTF-8', 'openstack-api-version': 'volume 3.0', 'vary': 'OpenStack-API-Version', 'x-openstack-request-id': 'req-42422267-463c-405d-b7f3-61fe9cb4899a', 'connection': 'close', 'status': '202', 'content-location': 'http://10.132.44.205/volume/v3/types/21cf31b0-5492-4ba1-82d4-14083efae37c'}
        Body: b''
2026-02-17 15:27:05,214 122996 INFO     [tempest.lib.common.rest_client] Request (GroupsTest:_run_cleanups): 404 GET http://10.132.44.205/volume/v3/types/21cf31b0-5492-4ba1-82d4-14083efae37c 0.021s
2026-02-17 15:27:05,215 122996 DEBUG    [tempest.lib.common.rest_client] Request - Headers: {'Content-Type': 'application/json', 'Accept': 'application/json', 'X-Auth-Token': '<omitted>'}
        Body: None
    Response - Headers: {'date': 'Tue, 17 Feb 2026 15:27:05 GMT', 'server': 'Apache/2.4.58 (Ubuntu)', 'openstack-api-version': 'volume 3.0', 'vary': 'OpenStack-API-Version', 'content-length': '114', 'content-type': 'application/json', 'x-compute-request-id': 'req-4a848f04-0e67-413d-b7ee-adb15b646b12', 'x-openstack-request-id': 'req-4a848f04-0e67-413d-b7ee-adb15b646b12', 'connection': 'close', 'status': '404', 'content-location': 'http://10.132.44.205/volume/v3/types/21cf31b0-5492-4ba1-82d4-14083efae37c'}
        Body: b'{"itemNotFound": {"code": 404, "message": "Volume type 21cf31b0-5492-4ba1-82d4-14083efae37c could not be found."}}'

{0} tempest.api.volume.admin.test_groups.GroupsV314Test.test_create_group_from_group [2.028068s] ... FAILED

Captured traceback:
~~~~~~~~~~~~~~~~~~~
    Traceback (most recent call last):

      File "/opt/stack/tempest/tempest/api/volume/admin/test_groups.py", line 182, in test_create_group_from_group
    grp = self.create_group(group_type=group_type['id'],
          ^^^^^^^^^^^^^^^^^^^^^^^^^^^^^^^^^^^^^^^^^^^^^^

      File "/opt/stack/tempest/tempest/api/volume/base.py", line 293, in create_group
    waiters.wait_for_volume_resource_status(

      File "/opt/stack/tempest/tempest/common/waiters.py", line 379, in wait_for_volume_resource_status
    raise exceptions.VolumeResourceBuildErrorException(

    tempest.exceptions.VolumeResourceBuildErrorException: group 90847a19-6374-4b29-8977-2e593e53b987 failed to build and is in ERROR status


Captured pythonlogging:
~~~~~~~~~~~~~~~~~~~~~~~
    2026-02-17 15:27:09,851 122996 INFO     [tempest.lib.common.rest_client] Request (GroupsV314Test:test_create_group_from_group): 200 POST http://10.132.44.205/volume/v3/types 0.190s
2026-02-17 15:27:09,852 122996 DEBUG    [tempest.lib.common.rest_client] Request - Headers: {'Content-Type': 'application/json', 'Accept': 'application/json', 'X-Auth-Token': '<omitted>'}
        Body: {"volume_type": {"name": "tempest-GroupsV314Test-volume-type-615010329"}}
    Response - Headers: {'date': 'Tue, 17 Feb 2026 15:27:09 GMT', 'server': 'Apache/2.4.58 (Ubuntu)', 'content-type': 'application/json', 'x-compute-request-id': 'req-07e0c939-b87d-4844-96a4-880f61629b4e', 'content-length': '219', 'openstack-api-version': 'volume 3.0', 'vary': 'OpenStack-API-Version', 'x-openstack-request-id': 'req-07e0c939-b87d-4844-96a4-880f61629b4e', 'connection': 'close', 'status': '200', 'content-location': 'http://10.132.44.205/volume/v3/types'}
        Body: b'{"volume_type": {"id": "a189e3c8-6fbf-479a-b347-229d05e6c863", "name": "tempest-GroupsV314Test-volume-type-615010329", "is_public": true, "extra_specs": {}, "description": null, "os-volume-type-access:is_public": true}}'
2026-02-17 15:27:09,914 122996 INFO     [tempest.lib.common.rest_client] Request (GroupsV314Test:test_create_group_from_group): 202 POST http://10.132.44.205/volume/v3/group_types 0.056s
2026-02-17 15:27:09,915 122996 DEBUG    [tempest.lib.common.rest_client] Request - Headers: {'Content-Type': 'application/json', 'Accept': 'application/json', 'Openstack-Api-Version': 'volume 3.14', 'X-Auth-Token': '<omitted>'}
        Body: {"group_type": {"name": "tempest-GroupsV314Test-group-type-1310757614"}}
    Response - Headers: {'date': 'Tue, 17 Feb 2026 15:27:09 GMT', 'server': 'Apache/2.4.58 (Ubuntu)', 'content-type': 'application/json', 'x-compute-request-id': 'req-224e50dd-d41a-4dd5-8c09-601ab619010d', 'content-length': '177', 'openstack-api-version': 'volume 3.14', 'vary': 'OpenStack-API-Version', 'x-openstack-request-id': 'req-224e50dd-d41a-4dd5-8c09-601ab619010d', 'connection': 'close', 'status': '202', 'content-location': 'http://10.132.44.205/volume/v3/group_types'}
        Body: b'{"group_type": {"id": "9b134bc1-ac83-4930-8321-51dae3fb0cbc", "name": "tempest-GroupsV314Test-group-type-1310757614", "description": null, "is_public": true, "group_specs": {}}}'
2026-02-17 15:27:10,198 122996 INFO     [tempest.lib.common.rest_client] Request (GroupsV314Test:test_create_group_from_group): 202 POST http://10.132.44.205/volume/v3/groups 0.277s
2026-02-17 15:27:10,199 122996 DEBUG    [tempest.lib.common.rest_client] Request - Headers: {'Content-Type': 'application/json', 'Accept': 'application/json', 'Openstack-Api-Version': 'volume 3.14', 'X-Auth-Token': '<omitted>'}
        Body: {"group": {"group_type": "9b134bc1-ac83-4930-8321-51dae3fb0cbc", "volume_types": ["a189e3c8-6fbf-479a-b347-229d05e6c863"], "name": "tempest-GroupsV314Test-Group-1307711487"}}
    Response - Headers: {'date': 'Tue, 17 Feb 2026 15:27:09 GMT', 'server': 'Apache/2.4.58 (Ubuntu)', 'content-type': 'application/json', 'x-compute-request-id': 'req-d041a641-026f-4521-90fb-8c91af66bf67', 'content-length': '108', 'openstack-api-version': 'volume 3.14', 'vary': 'OpenStack-API-Version', 'x-openstack-request-id': 'req-d041a641-026f-4521-90fb-8c91af66bf67', 'connection': 'close', 'status': '202', 'content-location': 'http://10.132.44.205/volume/v3/groups'}
        Body: b'{"group": {"id": "90847a19-6374-4b29-8977-2e593e53b987", "name": "tempest-GroupsV314Test-Group-1307711487"}}'
2026-02-17 15:27:10,249 122996 INFO     [tempest.lib.common.rest_client] Request (GroupsV314Test:test_create_group_from_group): 200 GET http://10.132.44.205/volume/v3/groups/90847a19-6374-4b29-8977-2e593e53b987 0.046s
2026-02-17 15:27:10,250 122996 DEBUG    [tempest.lib.common.rest_client] Request - Headers: {'Content-Type': 'application/json', 'Accept': 'application/json', 'Openstack-Api-Version': 'volume 3.14', 'X-Auth-Token': '<omitted>'}
        Body: None
    Response - Headers: {'date': 'Tue, 17 Feb 2026 15:27:10 GMT', 'server': 'Apache/2.4
    .58 (Ubuntu)', 'content-type': 'application/json', 'x-compute-request-id': 'req-b26880a2-b827-41b4-8234-67755d0ddcf0', 'content-length': '388', 'openstack-api-version': 'volume 3.14', 'vary': 'OpenStack-API-Version', 'x-openstack-request-id': 'req-b26880a2-b827-41b4-8234-67755d0ddcf0', 'connection': 'close', 'status': '200', 'content-location': 'http://10.132.44.205/volume/v3/groups/90847a19-6374-4b29-8977-2e593e53b987'}
        Body: b'{"group": {"id": "90847a19-6374-4b29-8977-2e593e53b987", "status": "creating", "availability_zone": "nova", "created_at": "2026-02-17T15:27:10.000000", "name": "tempest-GroupsV314Test-Group-1307711487", "description": null, "group_type": "9b134bc1-ac83-4930-8321-51dae3fb0cbc", "volume_types": ["a189e3c8-6fbf-479a-b347-229d05e6c863"], "group_snapshot_id": null, "source_group_id": null}}'
2026-02-17 15:27:11,306 122996 INFO     [tempest.lib.common.rest_client] Request (GroupsV314Test:test_create_group_from_group): 200 GET http://10.132.44.205/volume/v3/groups/90847a19-6374-4b29-8977-2e593e53b987 0.046s
2026-02-17 15:27:11,307 122996 DEBUG    [tempest.lib.common.rest_client] Request - Headers: {'Content-Type': 'application/json', 'Accept': 'application/json', 'Openstack-Api-Version': 'volume 3.14', 'X-Auth-Token': '<omitted>'}
        Body: None
    Response - Headers: {'date': 'Tue, 17 Feb 2026 15:27:11 GMT', 'server': 'Apache/2.4.58 (Ubuntu)', 'content-type': 'application/json', 'x-compute-request-id': 'req-8949d485-fc41-469b-a887-65eb78d5e2aa', 'content-length': '385', 'openstack-api-version': 'volume 3.14', 'vary': 'OpenStack-API-Version', 'x-openstack-request-id': 'req-8949d485-fc41-469b-a887-65eb78d5e2aa', 'connection': 'close', 'status': '200', 'content-location': 'http://10.132.44.205/volume/v3/groups/90847a19-6374-4b29-8977-2e593e53b987'}
        Body: b'{"group": {"id": "90847a19-6374-4b29-8977-2e593e53b987", "status": "error", "availability_zone": "nova", "created_at": "2026-02-17T15:27:10.000000", "name": "tempest-GroupsV314Test-Group-1307711487", "description": null, "group_type": "9b134bc1-ac83-4930-8321-51dae3fb0cbc", "volume_types": ["a189e3c8-6fbf-479a-b347-229d05e6c863"], "group_snapshot_id": null, "source_group_id": null}}'
2026-02-17 15:27:11,363 122996 INFO     [tempest.lib.common.rest_client] Request (GroupsV314Test:_run_cleanups): 200 GET http://10.132.44.205/volume/v3/volumes/detail 0.046s
2026-02-17 15:27:11,364 122996 DEBUG    [tempest.lib.common.rest_client] Request - Headers: {'Content-Type': 'application/json', 'Accept': 'application/json', 'Openstack-Api-Version': 'volume 3.14', 'X-Auth-Token': '<omitted>'}
        Body: None
    Response - Headers: {'date': 'Tue, 17 Feb 2026 15:27:11 GMT', 'server': 'Apache/2.4.58 (Ubuntu)', 'content-type': 'application/json', 'x-compute-request-id': 'req-586f0138-3bb2-4ba7-9fbb-3c30ddbe21ab', 'content-length': '15', 'openstack-api-version': 'volume 3.14', 'vary': 'OpenStack-API-Version', 'x-openstack-request-id': 'req-586f0138-3bb2-4ba7-9fbb-3c30ddbe21ab', 'connection': 'close', 'status': '200', 'content-location': 'http://10.132.44.205/volume/v3/volumes/detail'}
        Body: b'{"volumes": []}'
2026-02-17 15:27:11,491 122996 INFO     [tempest.lib.common.rest_client] Request (GroupsV314Test:_run_cleanups): 202 POST http://10.132.44.205/volume/v3/groups/90847a19-6374-4b29-8977-2e593e53b987/action 0.103s
2026-02-17 15:27:11,492 122996 DEBUG    [tempest.lib.common.rest_client] Request - Headers: {'Content-Type': 'application/json', 'Accept': 'application/json', 'Openstack-Api-Version': 'volume 3.14', 'X-Auth-Token': '<omitted>'}
        Body: {"delete": {"delete-volumes": true}}
    Response - Headers: {'date': 'Tue, 17 Feb 2026 15:27:11 GMT', 'server': 'Apache/2.4.58 (Ubuntu)', 'content-length': '0', 'content-type': 'text/html; charset=UTF-8', 'openstack-api-version': 'volume 3.14', 'vary': 'OpenStack-API-Version', 'x-openstack-request-id': 'req-7a561ac9-32ca-4948-a920-9b05d23c8770', 'connection': 'close', 'status': '202', 'content-location': 'http://10.132.44.205/volume/v3/groups/90847a19-6374-4b29-8977-2e593e53b987/action'}
  
          Body: b''
2026-02-17 15:27:11,516 122996 INFO     [tempest.lib.common.rest_client] Request (GroupsV314Test:_run_cleanups): 404 GET http://10.132.44.205/volume/v3/groups/90847a19-6374-4b29-8977-2e593e53b987 0.023s
2026-02-17 15:27:11,517 122996 DEBUG    [tempest.lib.common.rest_client] Request - Headers: {'Content-Type': 'application/json', 'Accept': 'application/json', 'Openstack-Api-Version': 'volume 3.14', 'X-Auth-Token': '<omitted>'}
        Body: None
    Response - Headers: {'date': 'Tue, 17 Feb 2026 15:27:11 GMT', 'server': 'Apache/2.4.58 (Ubuntu)', 'openstack-api-version': 'volume 3.14', 'vary': 'OpenStack-API-Version', 'content-length': '108', 'content-type': 'application/json', 'x-compute-request-id': 'req-bb16e354-c8c0-4b86-97c1-467e3e407753', 'x-openstack-request-id': 'req-bb16e354-c8c0-4b86-97c1-467e3e407753', 'connection': 'close', 'status': '404', 'content-location': 'http://10.132.44.205/volume/v3/groups/90847a19-6374-4b29-8977-2e593e53b987'}
        Body: b'{"itemNotFound": {"code": 404, "message": "Group 90847a19-6374-4b29-8977-2e593e53b987 could not be found."}}'
2026-02-17 15:27:11,575 122996 INFO     [tempest.lib.common.rest_client] Request (GroupsV314Test:_run_cleanups): 202 DELETE http://10.132.44.205/volume/v3/group_types/9b134bc1-ac83-4930-8321-51dae3fb0cbc 0.057s
2026-02-17 15:27:11,576 122996 DEBUG    [tempest.lib.common.rest_client] Request - Headers: {'Content-Type': 'application/json', 'Accept': 'application/json', 'Openstack-Api-Version': 'volume 3.14', 'X-Auth-Token': '<omitted>'}
        Body: None
    Response - Headers: {'date': 'Tue, 17 Feb 2026 15:27:11 GMT', 'server': 'Apache/2.4.58 (Ubuntu)', 'content-length': '0', 'content-type': 'text/html; charset=UTF-8', 'openstack-api-version': 'volume 3.14', 'vary': 'OpenStack-API-Version', 'x-openstack-request-id': 'req-82199941-90b3-4a21-895e-d528a9ebac64', 'connection': 'close', 'status': '202', 'content-location': 'http://10.132.44.205/volume/v3/group_types/9b134bc1-ac83-4930-8321-51dae3fb0cbc'}
        Body: b''
2026-02-17 15:27:11,659 122996 INFO     [tempest.lib.common.rest_client] Request (GroupsV314Test:_run_cleanups): 202 DELETE http://10.132.44.205/volume/v3/types/a189e3c8-6fbf-479a-b347-229d05e6c863 0.082s
2026-02-17 15:27:11,660 122996 DEBUG    [tempest.lib.common.rest_client] Request - Headers: {'Content-Type': 'application/json', 'Accept': 'application/json', 'X-Auth-Token': '<omitted>'}
        Body: None
    Response - Headers: {'date': 'Tue, 17 Feb 2026 15:27:11 GMT', 'server': 'Apache/2.4.58 (Ubuntu)', 'content-length': '0', 'content-type': 'text/html; charset=UTF-8', 'openstack-api-version': 'volume 3.0', 'vary': 'OpenStack-API-Version', 'x-openstack-request-id': 'req-03daa5fa-817d-4aa8-afd9-1133ef3dfdbc', 'connection': 'close', 'status': '202', 'content-location': 'http://10.132.44.205/volume/v3/types/a189e3c8-6fbf-479a-b347-229d05e6c863'}
        Body: b''
2026-02-17 15:27:11,686 122996 INFO     [tempest.lib.common.rest_client] Request (GroupsV314Test:_run_cleanups): 404 GET http://10.132.44.205/volume/v3/types/a189e3c8-6fbf-479a-b347-229d05e6c863 0.025s
2026-02-17 15:27:11,687 122996 DEBUG    [tempest.lib.common.rest_client] Request - Headers: {'Content-Type': 'application/json', 'Accept': 'application/json', 'X-Auth-Token': '<omitted>'}
        Body: None
    Response - Headers: {'date': 'Tue, 17 Feb 2026 15:27:11 GMT', 'server': 'Apache/2.4.58 (Ubuntu)', 'openstack-api-version': 'volume 3.0', 'vary': 'OpenStack-API-Version', 'content-length': '114', 'content-type': 'application/json', 'x-compute-request-id': 'req-ec02b2e3-e6c8-4b64-9641-7f4eb4da23a5', 'x-openstack-request-id': 'req-ec02b2e3-e6c8-4b64-9641-7f4eb4da23a5', 'connection': 'close', 'status': '404', 'content-location': 'http://10.132.44.205/volume/v3/types/a189e3c8-6fbf-479a-b347-229d05e6c863'}
        Body: b'{"itemNotFound": {"code": 404, "message": "Volume type a189e3c8-6fbf-479a-b347-229d05e6c863 could not be found."}}'

{0} tempest.api.volume.admin.test_groups.GroupsV320Test.test_reset_group_status [1.992742s] ... FAILED

Captured traceback:
~~~~~~~~~~~~~~~~~~~
    Traceback (most recent call last):

      File "/opt/stack/tempest/tempest/api/volume/admin/test_groups.py", line 227, in test_reset_group_status
    group = self.create_group(group_type=group_type['id'],
            ^^^^^^^^^^^^^^^^^^^^^^^^^^^^^^^^^^^^^^^^^^^^^^

      File "/opt/stack/tempest/tempest/api/volume/base.py", line 293, in create_group
    waiters.wait_for_volume_resource_status(

      File "/opt/stack/tempest/tempest/common/waiters.py", line 379, in wait_for_volume_resource_status
    raise exceptions.VolumeResourceBuildErrorException(

    tempest.exceptions.VolumeResourceBuildErrorException: group 6a0ce5ef-25e3-4f9d-9d21-a129379a843b failed to build and is in ERROR status


Captured pythonlogging:
~~~~~~~~~~~~~~~~~~~~~~~
    2026-02-17 15:27:16,241 122996 INFO     [tempest.lib.common.rest_client] Request (GroupsV320Test:test_reset_group_status): 200 POST http://10.132.44.205/volume/v3/types 0.169s
2026-02-17 15:27:16,242 122996 DEBUG    [tempest.lib.common.rest_client] Request - Headers: {'Content-Type': 'application/json', 'Accept': 'application/json', 'X-Auth-Token': '<omitted>'}
        Body: {"volume_type": {"name": "tempest-GroupsV320Test-volume-type-321544562"}}
    Response - Headers: {'date': 'Tue, 17 Feb 2026 15:27:16 GMT', 'server': 'Apache/2.4.58 (Ubuntu)', 'content-type': 'application/json', 'x-compute-request-id': 'req-8fc47882-5b85-496f-838f-8d859ef2b20c', 'content-length': '219', 'openstack-api-version': 'volume 3.0', 'vary': 'OpenStack-API-Version', 'x-openstack-request-id': 'req-8fc47882-5b85-496f-838f-8d859ef2b20c', 'connection': 'close', 'status': '200', 'content-location': 'http://10.132.44.205/volume/v3/types'}
        Body: b'{"volume_type": {"id": "40ab23f7-bfea-4645-a844-0fed92df5631", "name": "tempest-GroupsV320Test-volume-type-321544562", "is_public": true, "extra_specs": {}, "description": null, "os-volume-type-access:is_public": true}}'
2026-02-17 15:27:16,318 122996 INFO     [tempest.lib.common.rest_client] Request (GroupsV320Test:test_reset_group_status): 202 POST http://10.132.44.205/volume/v3/group_types 0.069s
2026-02-17 15:27:16,319 122996 DEBUG    [tempest.lib.common.rest_client] Request - Headers: {'Content-Type': 'application/json', 'Accept': 'application/json', 'Openstack-Api-Version': 'volume 3.20', 'X-Auth-Token': '<omitted>'}
        Body: {"group_type": {"name": "tempest-GroupsV320Test-group-type-1912699897"}}
    Response - Headers: {'date': 'Tue, 17 Feb 2026 15:27:16 GMT', 'server': 'Apache/2.4.58 (Ubuntu)', 'content-type': 'application/json', 'x-compute-request-id': 'req-e46f7505-3b82-408f-a8be-0338ece872a3', 'content-length': '177', 'openstack-api-version': 'volume 3.20', 'vary': 'OpenStack-API-Version', 'x-openstack-request-id': 'req-e46f7505-3b82-408f-a8be-0338ece872a3', 'connection': 'close', 'status': '202', 'content-location': 'http://10.132.44.205/volume/v3/group_types'}
        Body: b'{"group_type": {"id": "35f79b97-1473-4153-9c83-6bd548240da9", "name": "tempest-GroupsV320Test-group-type-1912699897", "description": null, "is_public": true, "group_specs": {}}}'
2026-02-17 15:27:16,597 122996 INFO     [tempest.lib.common.rest_client] Request (GroupsV320Test:test_reset_group_status): 202 POST http://10.132.44.205/volume/v3/groups 0.272s
2026-02-17 15:27:16,598 122996 DEBUG    [tempest.lib.common.rest_client] Request - Headers: {'Content-Type': 'application/json', 'Accept': 'application/json', 'Openstack-Api-Version': 'volume 3.20', 'X-Auth-Token': '<omitted>'}
        Body: {"group": {"group_type": "35f79b97-1473-4153-9c83-6bd548240da9", "volume_types": ["40ab23f7-bfea-4645-a844-0fed92df5631"], "name": "tempest-GroupsV320Test-Group-3138878"}}
    Response - Headers: {'date': 'Tue, 17 Feb 2026 15:27:16 GMT', 'server': 'Apache/2.4.58 (Ubuntu)', 'content-type': 'application/json', 'x-compute-request-id': 'req-e9f5e5c0-5fad-44bd-a618-b9cf1714cd23', 'content-length': '105', 'openstack-api-version': 'volume 3.20', 'vary': 'OpenStack-API-Version', 'x-openstack-request-id': 'req-e9f5e5c0-5fad-44bd-a618-b9cf1714cd23', 'connection': 'close', 'status': '202', 'content-location': 'http://10.132.44.205/volume/v3/groups'}
        Body: b'{"group": {"id": "6a0ce5ef-25e3-4f9d-9d21-a129379a843b", "name": "tempest-GroupsV320Test-Group-3138878"}}'
2026-02-17 15:27:16,657 122996 INFO     [tempest.lib.common.rest_client] Request (GroupsV320Test:test_reset_group_status): 200 GET http://10.132.44.205/volume/v3/groups/6a0ce5ef-25e3-4f9d-9d21-a129379a843b 0.055s
2026-02-17 15:27:16,658 122996 DEBUG    [tempest.lib.common.rest_client] Request - Headers: {'Content-Type': 'application/json', 'Accept': 'application/json', 'Openstack-Api-Version': 'volume 3.20', 'X-Auth-Token': '<omitted>'}
        Body: None
    Response - Headers: {'date': 'Tue, 17 Feb 2026 15:27:16 GMT', 'server': 'Apache/2.4.58 (Ubuntu)', 'content-ty
    pe': 'application/json', 'x-compute-request-id': 'req-3ba3da1c-53f5-408b-988b-ee39b3131914', 'content-length': '382', 'openstack-api-version': 'volume 3.20', 'vary': 'OpenStack-API-Version', 'x-openstack-request-id': 'req-3ba3da1c-53f5-408b-988b-ee39b3131914', 'connection': 'close', 'status': '200', 'content-location': 'http://10.132.44.205/volume/v3/groups/6a0ce5ef-25e3-4f9d-9d21-a129379a843b'}
        Body: b'{"group": {"id": "6a0ce5ef-25e3-4f9d-9d21-a129379a843b", "status": "error", "availability_zone": "nova", "created_at": "2026-02-17T15:27:17.000000", "name": "tempest-GroupsV320Test-Group-3138878", "description": null, "group_type": "35f79b97-1473-4153-9c83-6bd548240da9", "volume_types": ["40ab23f7-bfea-4645-a844-0fed92df5631"], "group_snapshot_id": null, "source_group_id": null}}'
2026-02-17 15:27:17,709 122996 INFO     [tempest.lib.common.rest_client] Request (GroupsV320Test:test_reset_group_status): 200 GET http://10.132.44.205/volume/v3/groups/6a0ce5ef-25e3-4f9d-9d21-a129379a843b 0.044s
2026-02-17 15:27:17,709 122996 DEBUG    [tempest.lib.common.rest_client] Request - Headers: {'Content-Type': 'application/json', 'Accept': 'application/json', 'Openstack-Api-Version': 'volume 3.20', 'X-Auth-Token': '<omitted>'}
        Body: None
    Response - Headers: {'date': 'Tue, 17 Feb 2026 15:27:17 GMT', 'server': 'Apache/2.4.58 (Ubuntu)', 'content-type': 'application/json', 'x-compute-request-id': 'req-9b280fc6-6839-430f-8d2d-eb2806f5de5b', 'content-length': '382', 'openstack-api-version': 'volume 3.20', 'vary': 'OpenStack-API-Version', 'x-openstack-request-id': 'req-9b280fc6-6839-430f-8d2d-eb2806f5de5b', 'connection': 'close', 'status': '200', 'content-location': 'http://10.132.44.205/volume/v3/groups/6a0ce5ef-25e3-4f9d-9d21-a129379a843b'}
        Body: b'{"group": {"id": "6a0ce5ef-25e3-4f9d-9d21-a129379a843b", "status": "error", "availability_zone": "nova", "created_at": "2026-02-17T15:27:17.000000", "name": "tempest-GroupsV320Test-Group-3138878", "description": null, "group_type": "35f79b97-1473-4153-9c83-6bd548240da9", "volume_types": ["40ab23f7-bfea-4645-a844-0fed92df5631"], "group_snapshot_id": null, "source_group_id": null}}'
2026-02-17 15:27:17,759 122996 INFO     [tempest.lib.common.rest_client] Request (GroupsV320Test:_run_cleanups): 200 GET http://10.132.44.205/volume/v3/volumes/detail 0.043s
2026-02-17 15:27:17,760 122996 DEBUG    [tempest.lib.common.rest_client] Request - Headers: {'Content-Type': 'application/json', 'Accept': 'application/json', 'Openstack-Api-Version': 'volume 3.20', 'X-Auth-Token': '<omitted>'}
        Body: None
    Response - Headers: {'date': 'Tue, 17 Feb 2026 15:27:17 GMT', 'server': 'Apache/2.4.58 (Ubuntu)', 'content-type': 'application/json', 'x-compute-request-id': 'req-f822f364-666d-4e99-970e-856b4bfc3a45', 'content-length': '15', 'openstack-api-version': 'volume 3.20', 'vary': 'OpenStack-API-Version', 'x-openstack-request-id': 'req-f822f364-666d-4e99-970e-856b4bfc3a45', 'connection': 'close', 'status': '200', 'content-location': 'http://10.132.44.205/volume/v3/volumes/detail'}
        Body: b'{"volumes": []}'
2026-02-17 15:27:17,883 122996 INFO     [tempest.lib.common.rest_client] Request (GroupsV320Test:_run_cleanups): 202 POST http://10.132.44.205/volume/v3/groups/6a0ce5ef-25e3-4f9d-9d21-a129379a843b/action 0.106s
2026-02-17 15:27:17,883 122996 DEBUG    [tempest.lib.common.rest_client] Request - Headers: {'Content-Type': 'application/json', 'Accept': 'application/json', 'Openstack-Api-Version': 'volume 3.20', 'X-Auth-Token': '<omitted>'}
        Body: {"delete": {"delete-volumes": true}}
    Response - Headers: {'date': 'Tue, 17 Feb 2026 15:27:17 GMT', 'server': 'Apache/2.4.58 (Ubuntu)', 'content-length': '0', 'content-type': 'text/html; charset=UTF-8', 'openstack-api-version': 'volume 3.20', 'vary': 'OpenStack-API-Version', 'x-openstack-request-id': 'req-98b569b4-1e31-4631-8b67-c1c783f52b36', 'connection': 'close', 'status': '202', 'content-location': 'http://10.132.44.205/volume/v3/groups/6a0ce5ef-25e3-4f9d-9d21-a129379a843b/action'}
        Body: b''
2026-02-17 15:27:17,905 
    122996 INFO     [tempest.lib.common.rest_client] Request (GroupsV320Test:_run_cleanups): 404 GET http://10.132.44.205/volume/v3/groups/6a0ce5ef-25e3-4f9d-9d21-a129379a843b 0.021s
2026-02-17 15:27:17,905 122996 DEBUG    [tempest.lib.common.rest_client] Request - Headers: {'Content-Type': 'application/json', 'Accept': 'application/json', 'Openstack-Api-Version': 'volume 3.20', 'X-Auth-Token': '<omitted>'}
        Body: None
    Response - Headers: {'date': 'Tue, 17 Feb 2026 15:27:17 GMT', 'server': 'Apache/2.4.58 (Ubuntu)', 'openstack-api-version': 'volume 3.20', 'vary': 'OpenStack-API-Version', 'content-length': '108', 'content-type': 'application/json', 'x-compute-request-id': 'req-8a02b9c0-7140-4d8c-8ebf-954e2fa3d58a', 'x-openstack-request-id': 'req-8a02b9c0-7140-4d8c-8ebf-954e2fa3d58a', 'connection': 'close', 'status': '404', 'content-location': 'http://10.132.44.205/volume/v3/groups/6a0ce5ef-25e3-4f9d-9d21-a129379a843b'}
        Body: b'{"itemNotFound": {"code": 404, "message": "Group 6a0ce5ef-25e3-4f9d-9d21-a129379a843b could not be found."}}'
2026-02-17 15:27:17,955 122996 INFO     [tempest.lib.common.rest_client] Request (GroupsV320Test:_run_cleanups): 202 DELETE http://10.132.44.205/volume/v3/group_types/35f79b97-1473-4153-9c83-6bd548240da9 0.049s
2026-02-17 15:27:17,956 122996 DEBUG    [tempest.lib.common.rest_client] Request - Headers: {'Content-Type': 'application/json', 'Accept': 'application/json', 'Openstack-Api-Version': 'volume 3.20', 'X-Auth-Token': '<omitted>'}
        Body: None
    Response - Headers: {'date': 'Tue, 17 Feb 2026 15:27:17 GMT', 'server': 'Apache/2.4.58 (Ubuntu)', 'content-length': '0', 'content-type': 'text/html; charset=UTF-8', 'openstack-api-version': 'volume 3.20', 'vary': 'OpenStack-API-Version', 'x-openstack-request-id': 'req-dc0b0a08-e08a-465e-897a-624ecb39eadc', 'connection': 'close', 'status': '202', 'content-location': 'http://10.132.44.205/volume/v3/group_types/35f79b97-1473-4153-9c83-6bd548240da9'}
        Body: b''
2026-02-17 15:27:18,037 122996 INFO     [tempest.lib.common.rest_client] Request (GroupsV320Test:_run_cleanups): 202 DELETE http://10.132.44.205/volume/v3/types/40ab23f7-bfea-4645-a844-0fed92df5631 0.080s
2026-02-17 15:27:18,038 122996 DEBUG    [tempest.lib.common.rest_client] Request - Headers: {'Content-Type': 'application/json', 'Accept': 'application/json', 'X-Auth-Token': '<omitted>'}
        Body: None
    Response - Headers: {'date': 'Tue, 17 Feb 2026 15:27:17 GMT', 'server': 'Apache/2.4.58 (Ubuntu)', 'content-length': '0', 'content-type': 'text/html; charset=UTF-8', 'openstack-api-version': 'volume 3.0', 'vary': 'OpenStack-API-Version', 'x-openstack-request-id': 'req-1013e0a3-7170-420d-a764-361f575a7949', 'connection': 'close', 'status': '202', 'content-location': 'http://10.132.44.205/volume/v3/types/40ab23f7-bfea-4645-a844-0fed92df5631'}
        Body: b''
2026-02-17 15:27:18,062 122996 INFO     [tempest.lib.common.rest_client] Request (GroupsV320Test:_run_cleanups): 404 GET http://10.132.44.205/volume/v3/types/40ab23f7-bfea-4645-a844-0fed92df5631 0.023s
2026-02-17 15:27:18,063 122996 DEBUG    [tempest.lib.common.rest_client] Request - Headers: {'Content-Type': 'application/json', 'Accept': 'application/json', 'X-Auth-Token': '<omitted>'}
        Body: None
    Response - Headers: {'date': 'Tue, 17 Feb 2026 15:27:18 GMT', 'server': 'Apache/2.4.58 (Ubuntu)', 'openstack-api-version': 'volume 3.0', 'vary': 'OpenStack-API-Version', 'content-length': '114', 'content-type': 'application/json', 'x-compute-request-id': 'req-c52f68b3-3d46-4515-acc8-168c07fba54b', 'x-openstack-request-id': 'req-c52f68b3-3d46-4515-acc8-168c07fba54b', 'connection': 'close', 'status': '404', 'content-location': 'http://10.132.44.205/volume/v3/types/40ab23f7-bfea-4645-a844-0fed92df5631'}
        Body: b'{"itemNotFound": {"code": 404, "message": "Volume type 40ab23f7-bfea-4645-a844-0fed92df5631 could not be found."}}'

{0} setUpClass (tempest.api.volume.admin.test_multi_backend.VolumeMultiBackendTest) [0.000000s] ... FAILED

Captured traceback:
~~~~~~~~~~~~~~~~~~~
    Traceback (most recent call last):

      File "/opt/stack/tempest/tempest/test.py", line 185, in setUpClass
    raise value.with_traceback(trace)

      File "/opt/stack/tempest/tempest/test.py", line 178, in setUpClass
    cls.resource_setup()

      File "/opt/stack/tempest/tempest/api/volume/admin/test_multi_backend.py", line 50, in resource_setup
    cls._create_type_and_volume(backend_name, False)

      File "/opt/stack/tempest/tempest/api/volume/admin/test_multi_backend.py", line 74, in _create_type_and_volume
    cls.volume = cls.create_volume(**params)
                 ^^^^^^^^^^^^^^^^^^^^^^^^^^^

      File "/opt/stack/tempest/tempest/api/volume/base.py", line 144, in create_volume
    waiters.wait_for_volume_resource_status(self.volumes_client,

      File "/opt/stack/tempest/tempest/common/waiters.py", line 379, in wait_for_volume_resource_status
    raise exceptions.VolumeResourceBuildErrorException(

    tempest.exceptions.VolumeResourceBuildErrorException: volume b8145b09-75d3-4553-8493-eb35b5c784ac failed to build and is in ERROR status

{0} tempest.api.volume.admin.test_qos.QosSpecsTestJSON.test_associate_disassociate_qos [0.869759s] ... ok
{0} tempest.api.volume.admin.test_qos.QosSpecsTestJSON.test_create_delete_qos_with_back_end_consumer [0.215351s] ... ok
{0} tempest.api.volume.admin.test_qos.QosSpecsTestJSON.test_create_delete_qos_with_both_consumer [0.199194s] ... ok
{0} tempest.api.volume.admin.test_qos.QosSpecsTestJSON.test_create_delete_qos_with_front_end_consumer [0.199465s] ... ok
{0} tempest.api.volume.admin.test_qos.QosSpecsTestJSON.test_get_qos [0.028171s] ... ok
{0} tempest.api.volume.admin.test_qos.QosSpecsTestJSON.test_list_qos [0.028660s] ... ok
{0} tempest.api.volume.admin.test_qos.QosSpecsTestJSON.test_set_unset_qos_key [0.196985s] ... ok
{0} setUpClass (tempest.api.volume.admin.test_snapshots_actions.SnapshotsActionsTest) [0.000000s] ... FAILED

Captured traceback:
~~~~~~~~~~~~~~~~~~~
    Traceback (most recent call last):

      File "/opt/stack/tempest/tempest/test.py", line 185, in setUpClass
    raise value.with_traceback(trace)

      File "/opt/stack/tempest/tempest/test.py", line 178, in setUpClass
    cls.resource_setup()

      File "/opt/stack/tempest/tempest/api/volume/admin/test_snapshots_actions.py", line 38, in resource_setup
    cls.volume = cls.create_volume()
                 ^^^^^^^^^^^^^^^^^^^

      File "/opt/stack/tempest/tempest/api/volume/base.py", line 144, in create_volume
    waiters.wait_for_volume_resource_status(self.volumes_client,

      File "/opt/stack/tempest/tempest/common/waiters.py", line 379, in wait_for_volume_resource_status
    raise exceptions.VolumeResourceBuildErrorException(

    tempest.exceptions.VolumeResourceBuildErrorException: volume a1acb0ae-ddda-4b15-a171-929f646c6101 failed to build and is in ERROR status

{0} tempest.api.volume.admin.test_user_messages.UserMessagesTest.test_delete_message [2.362598s] ... ok
{0} tempest.api.volume.admin.test_user_messages.UserMessagesTest.test_list_show_messages [2.087728s] ... ok
{0} tempest.api.volume.admin.test_volume_hosts.VolumeHostsAdminTestsJSON.test_list_hosts [0.168697s] ... ok
{0} tempest.api.volume.admin.test_volume_hosts.VolumeHostsAdminTestsJSON.test_show_host [0.084738s] ... ok
{0} setUpClass (tempest.api.volume.admin.test_volume_manage.VolumeManageAdminTest) ... SKIPPED: Manage volume tests are disabled
{0} tempest.api.volume.admin.test_volume_pools.VolumePoolsAdminTestsJSON.test_get_pools_with_details [0.667087s] ... FAILED

Captured traceback:
~~~~~~~~~~~~~~~~~~~
    Traceback (most recent call last):

      File "/opt/stack/tempest/tempest/api/volume/admin/test_volume_pools.py", line 44, in test_get_pools_with_details
    self._assert_pools(with_detail=True)

      File "/opt/stack/tempest/tempest/api/volume/admin/test_volume_pools.py", line 29, in _assert_pools
    self.assertNotEmpty(cinder_pools, "no cinder pools listed.")

      File "/opt/stack/tempest/tempest/test.py", line 949, in assertNotEmpty
    self.assertTrue(items, msg)

      File "/usr/lib/python3.12/unittest/case.py", line 727, in assertTrue
    raise self.failureException(msg)

    AssertionError: [] is not true : no cinder pools listed.


Captured pythonlogging:
~~~~~~~~~~~~~~~~~~~~~~~
    2026-02-17 15:27:57,099 122996 INFO     [tempest.lib.common.rest_client] Request (VolumePoolsAdminTestsJSON:test_get_pools_with_details): 200 GET http://10.132.44.205/volume/v3/scheduler-stats/get_pools?detail=True 0.652s
2026-02-17 15:27:57,100 122996 DEBUG    [tempest.lib.common.rest_client] Request - Headers: {'Content-Type': 'application/json', 'Accept': 'application/json', 'X-Auth-Token': '<omitted>'}
        Body: None
    Response - Headers: {'date': 'Tue, 17 Feb 2026 15:27:56 GMT', 'server': 'Apache/2.4.58 (Ubuntu)', 'content-type': 'application/json', 'x-compute-request-id': 'req-5bbd5b24-4f4f-4acb-b7e6-7859a945a148', 'content-length': '13', 'openstack-api-version': 'volume 3.0', 'vary': 'OpenStack-API-Version', 'x-openstack-request-id': 'req-5bbd5b24-4f4f-4acb-b7e6-7859a945a148', 'connection': 'close', 'status': '200', 'content-location': 'http://10.132.44.205/volume/v3/scheduler-stats/get_pools?detail=True'}
        Body: b'{"pools": []}'

{0} tempest.api.volume.admin.test_volume_pools.VolumePoolsAdminTestsJSON.test_get_pools_without_details [0.536720s] ... FAILED

Captured traceback:
~~~~~~~~~~~~~~~~~~~
    Traceback (most recent call last):

      File "/opt/stack/tempest/tempest/api/volume/admin/test_volume_pools.py", line 39, in test_get_pools_without_details
    self._assert_pools()

      File "/opt/stack/tempest/tempest/api/volume/admin/test_volume_pools.py", line 29, in _assert_pools
    self.assertNotEmpty(cinder_pools, "no cinder pools listed.")

      File "/opt/stack/tempest/tempest/test.py", line 949, in assertNotEmpty
    self.assertTrue(items, msg)

      File "/usr/lib/python3.12/unittest/case.py", line 727, in assertTrue
    raise self.failureException(msg)

    AssertionError: [] is not true : no cinder pools listed.


Captured pythonlogging:
~~~~~~~~~~~~~~~~~~~~~~~
    2026-02-17 15:27:57,649 122996 INFO     [tempest.lib.common.rest_client] Request (VolumePoolsAdminTestsJSON:test_get_pools_without_details): 200 GET http://10.132.44.205/volume/v3/scheduler-stats/get_pools 0.532s
2026-02-17 15:27:57,650 122996 DEBUG    [tempest.lib.common.rest_client] Request - Headers: {'Content-Type': 'application/json', 'Accept': 'application/json', 'X-Auth-Token': '<omitted>'}
        Body: None
    Response - Headers: {'date': 'Tue, 17 Feb 2026 15:27:57 GMT', 'server': 'Apache/2.4.58 (Ubuntu)', 'content-type': 'application/json', 'x-compute-request-id': 'req-eaeca34a-e05f-4d53-bc52-0b0a518e7a68', 'content-length': '13', 'openstack-api-version': 'volume 3.0', 'vary': 'OpenStack-API-Version', 'x-openstack-request-id': 'req-eaeca34a-e05f-4d53-bc52-0b0a518e7a68', 'connection': 'close', 'status': '200', 'content-location': 'http://10.132.44.205/volume/v3/scheduler-stats/get_pools'}
        Body: b'{"pools": []}'

{0} tempest.api.volume.admin.test_volume_quota_classes.VolumeQuotaClassesTest.test_show_default_quota [0.195345s] ... ok
{0} tempest.api.volume.admin.test_volume_quota_classes.VolumeQuotaClassesTest.test_update_default_quota [1.126664s] ... ok
{0} tempest.api.volume.admin.test_volume_quotas.VolumeQuotasAdminTestJSON.test_delete_quota [0.511553s] ... ok
{0} tempest.api.volume.admin.test_volume_quotas.VolumeQuotasAdminTestJSON.test_list_default_quotas [0.049598s] ... ok
{0} tempest.api.volume.admin.test_volume_quotas.VolumeQuotasAdminTestJSON.test_list_quotas [0.059298s] ... ok
{0} tempest.api.volume.admin.test_volume_quotas.VolumeQuotasAdminTestJSON.test_quota_usage [1.987851s] ... FAILED

Captured traceback:
~~~~~~~~~~~~~~~~~~~
    Traceback (most recent call last):

      File "/opt/stack/tempest/tempest/api/volume/admin/test_volume_quotas.py", line 123, in test_quota_usage
    volume = self.create_volume()
             ^^^^^^^^^^^^^^^^^^^^

      File "/opt/stack/tempest/tempest/api/volume/base.py", line 144, in create_volume
    waiters.wait_for_volume_resource_status(self.volumes_client,

      File "/opt/stack/tempest/tempest/common/waiters.py", line 379, in wait_for_volume_resource_status
    raise exceptions.VolumeResourceBuildErrorException(

    tempest.exceptions.VolumeResourceBuildErrorException: volume a526b01e-42b0-4114-b924-3b84e0dc16c6 failed to build and is in ERROR status


Captured pythonlogging:
~~~~~~~~~~~~~~~~~~~~~~~
    2026-02-17 15:28:09,527 122996 INFO     [tempest.lib.common.rest_client] Request (VolumeQuotasAdminTestJSON:test_quota_usage): 200 GET http://10.132.44.205/volume/v3/os-quota-sets/5cfd24f28eb84ac8be785e574055d45e?usage=True 0.064s
2026-02-17 15:28:09,528 122996 DEBUG    [tempest.lib.common.rest_client] Request - Headers: {'Content-Type': 'application/json', 'Accept': 'application/json', 'X-Auth-Token': '<omitted>'}
        Body: None
    Response - Headers: {'date': 'Tue, 17 Feb 2026 15:28:09 GMT', 'server': 'Apache/2.4.58 (Ubuntu)', 'content-type': 'application/json', 'x-compute-request-id': 'req-92cb4448-ba08-4d10-a651-7fc16e86a4c4', 'content-length': '1254', 'openstack-api-version': 'volume 3.0', 'vary': 'OpenStack-API-Version', 'x-openstack-request-id': 'req-92cb4448-ba08-4d10-a651-7fc16e86a4c4', 'connection': 'close', 'status': '200', 'content-location': 'http://10.132.44.205/volume/v3/os-quota-sets/5cfd24f28eb84ac8be785e574055d45e?usage=True'}
        Body: b'{"quota_set": {"volumes": {"limit": 10, "in_use": 0, "reserved": 0}, "per_volume_gigabytes": {"limit": -1, "in_use": 0, "reserved": 0}, "snapshots": {"limit": 10, "in_use": 0, "reserved": 0}, "gigabytes": {"limit": 1000, "in_use": 0, "reserved": 0}, "backups": {"limit": 10, "in_use": 0, "reserved": 0}, "backup_gigabytes": {"limit": 1000, "in_use": 0, "reserved": 0}, "volumes_nvmetcp2": {"limit": -1, "in_use": 0, "reserved": 0}, "gigabytes_nvmetcp2": {"limit": -1, "in_use": 0, "reserved": 0}, "snapshots_nvmetcp2": {"limit": -1, "in_use": 0, "reserved": 0}, "volumes_nvmetcp1": {"limit": -1, "in_use": 0, "reserved": 0}, "gigabytes_nvmetcp1": {"limit": -1, "in_use": 0, "reserved": 0}, "snapshots_nvmetcp1": {"limit": -1, "in_use": 0, "reserved": 0}, "volumes_lvmdriver-1": {"limit": -1, "in_use": 0, "reserved": 0}, "gigabytes_lvmdriver-1": {"limit": -1, "in_use": 0, "reserved": 0}, "snapshots_lvmdriver-1": {"limit": -1, "in_use": 0, "reserved": 0}, "volumes___DEFAULT__": {"limit": -1, "in_use": 0, "reserved": 0}, "gigabytes___DEFAULT__": {"limit": -1, "in_use": 0, "reserved": 0}, "snapshots___DEFAULT__": {"limit": -1, "in_use": 0, "reserved": 0}, "groups": {"limit": 10, "in_use": 0, "reserved": 0}, "id": "5cfd24f28eb84ac8be785e574055d45e"}}'
2026-02-17 15:28:10,022 122996 INFO     [tempest.lib.common.rest_client] Request (VolumeQuotasAdminTestJSON:test_quota_usage): 202 POST http://10.132.44.205/volume/v3/volumes 0.482s
2026-02-17 15:28:10,023 122996 DEBUG    [tempest.lib.common.rest_client] Request - Headers: {'Content-Type': 'application/json', 'Accept': 'application/json', 'X-Auth-Token': '<omitted>'}
        Body: {"volume": {"size": 1, "name": "tempest-VolumeQuotasAdminTestJSON-Volume-274698394"}}
    Response - Headers: {'date': 'Tue, 17 Feb 2026 15:28:09 GMT', 'server': 'Apache/2.4.58 (Ubuntu)', 'content-type': 'application/json', 'x-compute-request-id': 'req-1cc87dc2-6618-4f5b-b56c-c9ab6a013781', 'content-length': '759', 'openstack-api-version': 'volume 3.0', 'vary': 'OpenStack-API-Version', 'x-openstack-request-id': 'req-1cc87dc2-6618-4f5b-b56c-c9ab6a013781', 'connection': 'close', 'status': '202', 'content-location': 'http://10.132.44.205/volume/v3/volumes'}
        Body: b'{"volume": {"id": "a526b01e-42b0-4114-b924-3b84e0dc16c6", "status": "creating", "size": 1, "availability_zone": "nova", "created_at": "2026-02-17T15:28:09.942137", "updated_at": null, "name": "tempest-VolumeQuotasAdminTestJSON-Volume-274698394", "description": null, "volume_type": "nvmetcp1", "snapshot_id": null, "source_volid": null, "metadata": {}, "links": [{"rel": "self", "href": "http://10.132.44.205/volume/v3/volumes/a526b01e-42b0-4114-b924-3b84e0dc16c6"}, {"rel": "bookmark", "href": "http://10.132.44.205/volume/volumes/a526b01e-42b0-4114-b924-3b84e0dc16c6"}], "user_id": "420aa8d9fceb47249c96748d01ce9a1c", "bootable": "false", "encrypted": false, "replication_status": null, "consistencygroup_id": null, "multiattach": false, "attachments": []}}'
2026-02-17 15:28:10,079 122996 INFO     [tempest.lib.common.rest_client] Request (VolumeQuotasAdminTestJSON:test_quota_usage): 200 GET htt
    p://10.132.44.205/volume/v3/volumes/a526b01e-42b0-4114-b924-3b84e0dc16c6 0.041s
2026-02-17 15:28:10,080 122996 DEBUG    [tempest.lib.common.rest_client] Request - Headers: {'Content-Type': 'application/json', 'Accept': 'application/json', 'X-Auth-Token': '<omitted>'}
        Body: None
    Response - Headers: {'date': 'Tue, 17 Feb 2026 15:28:10 GMT', 'server': 'Apache/2.4.58 (Ubuntu)', 'content-type': 'application/json', 'x-compute-request-id': 'req-77785633-414d-40e0-85ad-540dff0a1e4c', 'content-length': '827', 'openstack-api-version': 'volume 3.0', 'vary': 'OpenStack-API-Version', 'x-openstack-request-id': 'req-77785633-414d-40e0-85ad-540dff0a1e4c', 'connection': 'close', 'status': '200', 'content-location': 'http://10.132.44.205/volume/v3/volumes/a526b01e-42b0-4114-b924-3b84e0dc16c6'}
        Body: b'{"volume": {"id": "a526b01e-42b0-4114-b924-3b84e0dc16c6", "status": "creating", "size": 1, "availability_zone": "nova", "created_at": "2026-02-17T15:28:10.000000", "updated_at": null, "name": "tempest-VolumeQuotasAdminTestJSON-Volume-274698394", "description": null, "volume_type": "nvmetcp1", "snapshot_id": null, "source_volid": null, "metadata": {}, "links": [{"rel": "self", "href": "http://10.132.44.205/volume/v3/volumes/a526b01e-42b0-4114-b924-3b84e0dc16c6"}, {"rel": "bookmark", "href": "http://10.132.44.205/volume/volumes/a526b01e-42b0-4114-b924-3b84e0dc16c6"}], "user_id": "420aa8d9fceb47249c96748d01ce9a1c", "bootable": "false", "encrypted": false, "replication_status": null, "consistencygroup_id": null, "multiattach": false, "attachments": [], "os-vol-tenant-attr:tenant_id": "5cfd24f28eb84ac8be785e574055d45e"}}'
2026-02-17 15:28:11,159 122996 INFO     [tempest.lib.common.rest_client] Request (VolumeQuotasAdminTestJSON:test_quota_usage): 200 GET http://10.132.44.205/volume/v3/volumes/a526b01e-42b0-4114-b924-3b84e0dc16c6 0.062s
2026-02-17 15:28:11,159 122996 DEBUG    [tempest.lib.common.rest_client] Request - Headers: {'Content-Type': 'application/json', 'Accept': 'application/json', 'X-Auth-Token': '<omitted>'}
        Body: None
    Response - Headers: {'date': 'Tue, 17 Feb 2026 15:28:11 GMT', 'server': 'Apache/2.4.58 (Ubuntu)', 'content-type': 'application/json', 'x-compute-request-id': 'req-943181e0-4399-4685-aa81-84615f6f42aa', 'content-length': '848', 'openstack-api-version': 'volume 3.0', 'vary': 'OpenStack-API-Version', 'x-openstack-request-id': 'req-943181e0-4399-4685-aa81-84615f6f42aa', 'connection': 'close', 'status': '200', 'content-location': 'http://10.132.44.205/volume/v3/volumes/a526b01e-42b0-4114-b924-3b84e0dc16c6'}
        Body: b'{"volume": {"id": "a526b01e-42b0-4114-b924-3b84e0dc16c6", "status": "error", "size": 1, "availability_zone": "nova", "created_at": "2026-02-17T15:28:10.000000", "updated_at": "2026-02-17T15:28:10.000000", "name": "tempest-VolumeQuotasAdminTestJSON-Volume-274698394", "description": null, "volume_type": "nvmetcp1", "snapshot_id": null, "source_volid": null, "metadata": {}, "links": [{"rel": "self", "href": "http://10.132.44.205/volume/v3/volumes/a526b01e-42b0-4114-b924-3b84e0dc16c6"}, {"rel": "bookmark", "href": "http://10.132.44.205/volume/volumes/a526b01e-42b0-4114-b924-3b84e0dc16c6"}], "user_id": "420aa8d9fceb47249c96748d01ce9a1c", "bootable": "false", "encrypted": false, "replication_status": null, "consistencygroup_id": null, "multiattach": false, "attachments": [], "os-vol-tenant-attr:tenant_id": "5cfd24f28eb84ac8be785e574055d45e"}}'
2026-02-17 15:28:11,236 122996 INFO     [tempest.lib.common.rest_client] Request (VolumeQuotasAdminTestJSON:_run_cleanups): 200 GET http://10.132.44.205/volume/v3/volumes/a526b01e-42b0-4114-b924-3b84e0dc16c6 0.057s
2026-02-17 15:28:11,237 122996 DEBUG    [tempest.lib.common.rest_client] Request - Headers: {'Content-Type': 'application/json', 'Accept': 'application/json', 'X-Auth-Token': '<omitted>'}
        Body: None
    Response - Headers: {'date': 'Tue, 17 Feb 2026 15:28:11 GMT', 'server': 'Apache/2.4.58 (Ubuntu)', 'content-type': 'application/json', 'x-compute-request-id': 'req-738464d0-855e-40f9-b439-137450d32e0e', 'content-length': '84
    8', 'openstack-api-version': 'volume 3.0', 'vary': 'OpenStack-API-Version', 'x-openstack-request-id': 'req-738464d0-855e-40f9-b439-137450d32e0e', 'connection': 'close', 'status': '200', 'content-location': 'http://10.132.44.205/volume/v3/volumes/a526b01e-42b0-4114-b924-3b84e0dc16c6'}
        Body: b'{"volume": {"id": "a526b01e-42b0-4114-b924-3b84e0dc16c6", "status": "error", "size": 1, "availability_zone": "nova", "created_at": "2026-02-17T15:28:10.000000", "updated_at": "2026-02-17T15:28:10.000000", "name": "tempest-VolumeQuotasAdminTestJSON-Volume-274698394", "description": null, "volume_type": "nvmetcp1", "snapshot_id": null, "source_volid": null, "metadata": {}, "links": [{"rel": "self", "href": "http://10.132.44.205/volume/v3/volumes/a526b01e-42b0-4114-b924-3b84e0dc16c6"}, {"rel": "bookmark", "href": "http://10.132.44.205/volume/volumes/a526b01e-42b0-4114-b924-3b84e0dc16c6"}], "user_id": "420aa8d9fceb47249c96748d01ce9a1c", "bootable": "false", "encrypted": false, "replication_status": null, "consistencygroup_id": null, "multiattach": false, "attachments": [], "os-vol-tenant-attr:tenant_id": "5cfd24f28eb84ac8be785e574055d45e"}}'
2026-02-17 15:28:11,415 122996 INFO     [tempest.lib.common.rest_client] Request (VolumeQuotasAdminTestJSON:_run_cleanups): 202 DELETE http://10.132.44.205/volume/v3/volumes/a526b01e-42b0-4114-b924-3b84e0dc16c6 0.162s
2026-02-17 15:28:11,416 122996 DEBUG    [tempest.lib.common.rest_client] Request - Headers: {'Content-Type': 'application/json', 'Accept': 'application/json', 'X-Auth-Token': '<omitted>'}
        Body: None
    Response - Headers: {'date': 'Tue, 17 Feb 2026 15:28:11 GMT', 'server': 'Apache/2.4.58 (Ubuntu)', 'content-length': '0', 'content-type': 'text/html; charset=UTF-8', 'openstack-api-version': 'volume 3.0', 'vary': 'OpenStack-API-Version', 'x-openstack-request-id': 'req-baf04742-fc39-4389-89e9-b6fc8f5c9d4d', 'connection': 'close', 'status': '202', 'content-location': 'http://10.132.44.205/volume/v3/volumes/a526b01e-42b0-4114-b924-3b84e0dc16c6'}
        Body: b''
2026-02-17 15:28:11,447 122996 INFO     [tempest.lib.common.rest_client] Request (VolumeQuotasAdminTestJSON:_run_cleanups): 404 GET http://10.132.44.205/volume/v3/volumes/a526b01e-42b0-4114-b924-3b84e0dc16c6 0.030s
2026-02-17 15:28:11,448 122996 DEBUG    [tempest.lib.common.rest_client] Request - Headers: {'Content-Type': 'application/json', 'Accept': 'application/json', 'X-Auth-Token': '<omitted>'}
        Body: None
    Response - Headers: {'date': 'Tue, 17 Feb 2026 15:28:11 GMT', 'server': 'Apache/2.4.58 (Ubuntu)', 'openstack-api-version': 'volume 3.0', 'vary': 'OpenStack-API-Version', 'content-length': '109', 'content-type': 'application/json', 'x-compute-request-id': 'req-550f6f2a-469f-49b7-8c0a-7600bc686bc3', 'x-openstack-request-id': 'req-550f6f2a-469f-49b7-8c0a-7600bc686bc3', 'connection': 'close', 'status': '404', 'content-location': 'http://10.132.44.205/volume/v3/volumes/a526b01e-42b0-4114-b924-3b84e0dc16c6'}
        Body: b'{"itemNotFound": {"code": 404, "message": "Volume a526b01e-42b0-4114-b924-3b84e0dc16c6 could not be found."}}'

{0} tempest.api.volume.admin.test_volume_quotas.VolumeQuotasAdminTestJSON.test_quota_usage_after_volume_transfer [1.749097s] ... FAILED

Captured traceback:
~~~~~~~~~~~~~~~~~~~
    Traceback (most recent call last):

      File "/opt/stack/tempest/tempest/api/volume/admin/test_volume_quotas.py", line 141, in test_quota_usage_after_volume_transfer
    volume = self.create_volume()
             ^^^^^^^^^^^^^^^^^^^^

      File "/opt/stack/tempest/tempest/api/volume/base.py", line 144, in create_volume
    waiters.wait_for_volume_resource_status(self.volumes_client,

      File "/opt/stack/tempest/tempest/common/waiters.py", line 379, in wait_for_volume_resource_status
    raise exceptions.VolumeResourceBuildErrorException(

    tempest.exceptions.VolumeResourceBuildErrorException: volume 8ea1fac6-2ea0-4c59-a16c-d22889fae62c failed to build and is in ERROR status


Captured pythonlogging:
~~~~~~~~~~~~~~~~~~~~~~~
    2026-02-17 15:28:11,770 122996 INFO     [tempest.lib.common.rest_client] Request (VolumeQuotasAdminTestJSON:test_quota_usage_after_volume_transfer): 202 POST http://10.132.44.205/volume/v3/volumes 0.317s
2026-02-17 15:28:11,771 122996 DEBUG    [tempest.lib.common.rest_client] Request - Headers: {'Content-Type': 'application/json', 'Accept': 'application/json', 'X-Auth-Token': '<omitted>'}
        Body: {"volume": {"size": 1, "name": "tempest-VolumeQuotasAdminTestJSON-Volume-321176969"}}
    Response - Headers: {'date': 'Tue, 17 Feb 2026 15:28:11 GMT', 'server': 'Apache/2.4.58 (Ubuntu)', 'content-type': 'application/json', 'x-compute-request-id': 'req-2b69145a-6b06-485b-aa4c-7ad43ef75416', 'content-length': '759', 'openstack-api-version': 'volume 3.0', 'vary': 'OpenStack-API-Version', 'x-openstack-request-id': 'req-2b69145a-6b06-485b-aa4c-7ad43ef75416', 'connection': 'close', 'status': '202', 'content-location': 'http://10.132.44.205/volume/v3/volumes'}
        Body: b'{"volume": {"id": "8ea1fac6-2ea0-4c59-a16c-d22889fae62c", "status": "creating", "size": 1, "availability_zone": "nova", "created_at": "2026-02-17T15:28:11.674266", "updated_at": null, "name": "tempest-VolumeQuotasAdminTestJSON-Volume-321176969", "description": null, "volume_type": "nvmetcp1", "snapshot_id": null, "source_volid": null, "metadata": {}, "links": [{"rel": "self", "href": "http://10.132.44.205/volume/v3/volumes/8ea1fac6-2ea0-4c59-a16c-d22889fae62c"}, {"rel": "bookmark", "href": "http://10.132.44.205/volume/volumes/8ea1fac6-2ea0-4c59-a16c-d22889fae62c"}], "user_id": "420aa8d9fceb47249c96748d01ce9a1c", "bootable": "false", "encrypted": false, "replication_status": null, "consistencygroup_id": null, "multiattach": false, "attachments": []}}'
2026-02-17 15:28:11,831 122996 INFO     [tempest.lib.common.rest_client] Request (VolumeQuotasAdminTestJSON:test_quota_usage_after_volume_transfer): 200 GET http://10.132.44.205/volume/v3/volumes/8ea1fac6-2ea0-4c59-a16c-d22889fae62c 0.044s
2026-02-17 15:28:11,831 122996 DEBUG    [tempest.lib.common.rest_client] Request - Headers: {'Content-Type': 'application/json', 'Accept': 'application/json', 'X-Auth-Token': '<omitted>'}
        Body: None
    Response - Headers: {'date': 'Tue, 17 Feb 2026 15:28:11 GMT', 'server': 'Apache/2.4.58 (Ubuntu)', 'content-type': 'application/json', 'x-compute-request-id': 'req-8974c0ae-ba87-45ce-8c25-e8dd5de21655', 'content-length': '827', 'openstack-api-version': 'volume 3.0', 'vary': 'OpenStack-API-Version', 'x-openstack-request-id': 'req-8974c0ae-ba87-45ce-8c25-e8dd5de21655', 'connection': 'close', 'status': '200', 'content-location': 'http://10.132.44.205/volume/v3/volumes/8ea1fac6-2ea0-4c59-a16c-d22889fae62c'}
        Body: b'{"volume": {"id": "8ea1fac6-2ea0-4c59-a16c-d22889fae62c", "status": "creating", "size": 1, "availability_zone": "nova", "created_at": "2026-02-17T15:28:12.000000", "updated_at": null, "name": "tempest-VolumeQuotasAdminTestJSON-Volume-321176969", "description": null, "volume_type": "nvmetcp1", "snapshot_id": null, "source_volid": null, "metadata": {}, "links": [{"rel": "self", "href": "http://10.132.44.205/volume/v3/volumes/8ea1fac6-2ea0-4c59-a16c-d22889fae62c"}, {"rel": "bookmark", "href": "http://10.132.44.205/volume/volumes/8ea1fac6-2ea0-4c59-a16c-d22889fae62c"}], "user_id": "420aa8d9fceb47249c96748d01ce9a1c", "bootable": "false", "encrypted": false, "replication_status": null, "consistencygroup_id": null, "multiattach": false, "attachments": [], "os-vol-tenant-attr:tenant_id": "5cfd24f28eb84ac8be785e574055d45e"}}'
2026-02-17 15:28:12,910 122996 INFO     [tempest.lib.common.rest_client] Request (VolumeQuotasAdminTestJSON:test_quota_usage_after_volume_transfer): 200 GET http://10.132.44.205/volume/v3/volumes/8ea1fac6-2ea0-4c59-a16c-d22889fae62c 0.061s
2026-02-17 15:28:12,910 122996 DEBUG    [tempest.lib.common.rest_client] Request - Headers: {'Content-Type': 'application/json', 'Accept': 'application/json', 'X-Auth-Token': '<omitted>'}
        Body: None
    Response - Headers: {'date': 'Tue, 17 Feb 2026 15:28:12 GMT', 'server': 'Apache/2.4.58 (Ubuntu)',
     'content-type': 'application/json', 'x-compute-request-id': 'req-014cd3ca-311a-46bb-a788-447d00471f44', 'content-length': '848', 'openstack-api-version': 'volume 3.0', 'vary': 'OpenStack-API-Version', 'x-openstack-request-id': 'req-014cd3ca-311a-46bb-a788-447d00471f44', 'connection': 'close', 'status': '200', 'content-location': 'http://10.132.44.205/volume/v3/volumes/8ea1fac6-2ea0-4c59-a16c-d22889fae62c'}
        Body: b'{"volume": {"id": "8ea1fac6-2ea0-4c59-a16c-d22889fae62c", "status": "error", "size": 1, "availability_zone": "nova", "created_at": "2026-02-17T15:28:12.000000", "updated_at": "2026-02-17T15:28:12.000000", "name": "tempest-VolumeQuotasAdminTestJSON-Volume-321176969", "description": null, "volume_type": "nvmetcp1", "snapshot_id": null, "source_volid": null, "metadata": {}, "links": [{"rel": "self", "href": "http://10.132.44.205/volume/v3/volumes/8ea1fac6-2ea0-4c59-a16c-d22889fae62c"}, {"rel": "bookmark", "href": "http://10.132.44.205/volume/volumes/8ea1fac6-2ea0-4c59-a16c-d22889fae62c"}], "user_id": "420aa8d9fceb47249c96748d01ce9a1c", "bootable": "false", "encrypted": false, "replication_status": null, "consistencygroup_id": null, "multiattach": false, "attachments": [], "os-vol-tenant-attr:tenant_id": "5cfd24f28eb84ac8be785e574055d45e"}}'
2026-02-17 15:28:12,983 122996 INFO     [tempest.lib.common.rest_client] Request (VolumeQuotasAdminTestJSON:_run_cleanups): 200 GET http://10.132.44.205/volume/v3/volumes/8ea1fac6-2ea0-4c59-a16c-d22889fae62c 0.056s
2026-02-17 15:28:12,984 122996 DEBUG    [tempest.lib.common.rest_client] Request - Headers: {'Content-Type': 'application/json', 'Accept': 'application/json', 'X-Auth-Token': '<omitted>'}
        Body: None
    Response - Headers: {'date': 'Tue, 17 Feb 2026 15:28:12 GMT', 'server': 'Apache/2.4.58 (Ubuntu)', 'content-type': 'application/json', 'x-compute-request-id': 'req-bd2956ca-3d9c-4ca5-92ff-e47d2ff58a0e', 'content-length': '848', 'openstack-api-version': 'volume 3.0', 'vary': 'OpenStack-API-Version', 'x-openstack-request-id': 'req-bd2956ca-3d9c-4ca5-92ff-e47d2ff58a0e', 'connection': 'close', 'status': '200', 'content-location': 'http://10.132.44.205/volume/v3/volumes/8ea1fac6-2ea0-4c59-a16c-d22889fae62c'}
        Body: b'{"volume": {"id": "8ea1fac6-2ea0-4c59-a16c-d22889fae62c", "status": "error", "size": 1, "availability_zone": "nova", "created_at": "2026-02-17T15:28:12.000000", "updated_at": "2026-02-17T15:28:12.000000", "name": "tempest-VolumeQuotasAdminTestJSON-Volume-321176969", "description": null, "volume_type": "nvmetcp1", "snapshot_id": null, "source_volid": null, "metadata": {}, "links": [{"rel": "self", "href": "http://10.132.44.205/volume/v3/volumes/8ea1fac6-2ea0-4c59-a16c-d22889fae62c"}, {"rel": "bookmark", "href": "http://10.132.44.205/volume/volumes/8ea1fac6-2ea0-4c59-a16c-d22889fae62c"}], "user_id": "420aa8d9fceb47249c96748d01ce9a1c", "bootable": "false", "encrypted": false, "replication_status": null, "consistencygroup_id": null, "multiattach": false, "attachments": [], "os-vol-tenant-attr:tenant_id": "5cfd24f28eb84ac8be785e574055d45e"}}'
2026-02-17 15:28:13,168 122996 INFO     [tempest.lib.common.rest_client] Request (VolumeQuotasAdminTestJSON:_run_cleanups): 202 DELETE http://10.132.44.205/volume/v3/volumes/8ea1fac6-2ea0-4c59-a16c-d22889fae62c 0.167s
2026-02-17 15:28:13,168 122996 DEBUG    [tempest.lib.common.rest_client] Request - Headers: {'Content-Type': 'application/json', 'Accept': 'application/json', 'X-Auth-Token': '<omitted>'}
        Body: None
    Response - Headers: {'date': 'Tue, 17 Feb 2026 15:28:13 GMT', 'server': 'Apache/2.4.58 (Ubuntu)', 'content-length': '0', 'content-type': 'text/html; charset=UTF-8', 'openstack-api-version': 'volume 3.0', 'vary': 'OpenStack-API-Version', 'x-openstack-request-id': 'req-151b797d-f88f-47d0-ba99-920e7132575d', 'connection': 'close', 'status': '202', 'content-location': 'http://10.132.44.205/volume/v3/volumes/8ea1fac6-2ea0-4c59-a16c-d22889fae62c'}
        Body: b''
2026-02-17 15:28:13,199 122996 INFO     [tempest.lib.common.rest_client] Request (VolumeQuotasAdminTestJSON:_run_cleanups): 40
    4 GET http://10.132.44.205/volume/v3/volumes/8ea1fac6-2ea0-4c59-a16c-d22889fae62c 0.030s
2026-02-17 15:28:13,200 122996 DEBUG    [tempest.lib.common.rest_client] Request - Headers: {'Content-Type': 'application/json', 'Accept': 'application/json', 'X-Auth-Token': '<omitted>'}
        Body: None
    Response - Headers: {'date': 'Tue, 17 Feb 2026 15:28:13 GMT', 'server': 'Apache/2.4.58 (Ubuntu)', 'openstack-api-version': 'volume 3.0', 'vary': 'OpenStack-API-Version', 'content-length': '109', 'content-type': 'application/json', 'x-compute-request-id': 'req-a537cca1-2b8e-4ef2-b57b-bab3331c0eac', 'x-openstack-request-id': 'req-a537cca1-2b8e-4ef2-b57b-bab3331c0eac', 'connection': 'close', 'status': '404', 'content-location': 'http://10.132.44.205/volume/v3/volumes/8ea1fac6-2ea0-4c59-a16c-d22889fae62c'}
        Body: b'{"itemNotFound": {"code": 404, "message": "Volume 8ea1fac6-2ea0-4c59-a16c-d22889fae62c could not be found."}}'

{0} tempest.api.volume.admin.test_volume_quotas.VolumeQuotasAdminTestJSON.test_show_quota_usage [0.076095s] ... ok
{0} tempest.api.volume.admin.test_volume_quotas.VolumeQuotasAdminTestJSON.test_update_all_quota_resources_for_tenant [0.418289s] ... ok
{0} setUpClass (tempest.api.volume.admin.test_volume_quotas_negative.VolumeQuotasNegativeTestJSON) [0.000000s] ... FAILED

Captured traceback:
~~~~~~~~~~~~~~~~~~~
    Traceback (most recent call last):

      File "/opt/stack/tempest/tempest/test.py", line 185, in setUpClass
    raise value.with_traceback(trace)

      File "/opt/stack/tempest/tempest/test.py", line 178, in setUpClass
    cls.resource_setup()

      File "/opt/stack/tempest/tempest/api/volume/admin/test_volume_quotas_negative.py", line 51, in resource_setup
    cls.volume = cls.create_volume()
                 ^^^^^^^^^^^^^^^^^^^

      File "/opt/stack/tempest/tempest/api/volume/base.py", line 144, in create_volume
    waiters.wait_for_volume_resource_status(self.volumes_client,

      File "/opt/stack/tempest/tempest/common/waiters.py", line 379, in wait_for_volume_resource_status
    raise exceptions.VolumeResourceBuildErrorException(

    tempest.exceptions.VolumeResourceBuildErrorException: volume 92dc9075-f9a9-4e1a-a314-405531ec2e32 failed to build and is in ERROR status

{0} tempest.api.volume.admin.test_volume_retype.VolumeRetypeMultiattachTest.test_volume_retype_multiattach [1.859212s] ... FAILED

Captured traceback:
~~~~~~~~~~~~~~~~~~~
    Traceback (most recent call last):

      File "/opt/stack/tempest/tempest/api/volume/admin/test_volume_retype.py", line 247, in test_volume_retype_multiattach
    vol = self.create_volume(volume_type=self.src_vol_type['name'])
          ^^^^^^^^^^^^^^^^^^^^^^^^^^^^^^^^^^^^^^^^^^^^^^^^^^^^^^^^^

      File "/opt/stack/tempest/tempest/api/volume/base.py", line 144, in create_volume
    waiters.wait_for_volume_resource_status(self.volumes_client,

      File "/opt/stack/tempest/tempest/common/waiters.py", line 379, in wait_for_volume_resource_status
    raise exceptions.VolumeResourceBuildErrorException(

    tempest.exceptions.VolumeResourceBuildErrorException: volume 5c21e92c-892a-4faf-8725-4345e3968dea failed to build and is in ERROR status


Captured pythonlogging:
~~~~~~~~~~~~~~~~~~~~~~~
    2026-02-17 15:28:26,850 122996 INFO     [tempest.lib.common.rest_client] Request (VolumeRetypeMultiattachTest:test_volume_retype_multiattach): 202 POST http://10.132.44.205/volume/v3/volumes 0.429s
2026-02-17 15:28:26,851 122996 DEBUG    [tempest.lib.common.rest_client] Request - Headers: {'Content-Type': 'application/json', 'Accept': 'application/json', 'Openstack-Api-Version': 'volume 3.50', 'X-Auth-Token': '<omitted>'}
        Body: {"volume": {"volume_type": "tempest-VolumeRetypeMultiattachTest-volume-type-2068891300", "size": 1, "name": "tempest-VolumeRetypeMultiattachTest-Volume-903380421"}}
    Response - Headers: {'date': 'Tue, 17 Feb 2026 15:28:26 GMT', 'server': 'Apache/2.4.58 (Ubuntu)', 'content-type': 'application/json', 'x-compute-request-id': 'req-b3fb2d55-b45b-45dd-b60e-0e672e2bc04d', 'content-length': '875', 'openstack-api-version': 'volume 3.50', 'vary': 'OpenStack-API-Version', 'x-openstack-request-id': 'req-b3fb2d55-b45b-45dd-b60e-0e672e2bc04d', 'connection': 'close', 'status': '202', 'content-location': 'http://10.132.44.205/volume/v3/volumes'}
        Body: b'{"volume": {"id": "5c21e92c-892a-4faf-8725-4345e3968dea", "status": "creating", "size": 1, "availability_zone": "nova", "created_at": "2026-02-17T15:28:26.774029", "updated_at": null, "name": "tempest-VolumeRetypeMultiattachTest-Volume-903380421", "description": null, "volume_type": "tempest-VolumeRetypeMultiattachTest-volume-type-2068891300", "snapshot_id": null, "source_volid": null, "metadata": {}, "links": [{"rel": "self", "href": "http://10.132.44.205/volume/v3/volumes/5c21e92c-892a-4faf-8725-4345e3968dea"}, {"rel": "bookmark", "href": "http://10.132.44.205/volume/volumes/5c21e92c-892a-4faf-8725-4345e3968dea"}], "user_id": "2d952c8ff3094f29a63f2abec9bf10d5", "bootable": "false", "encrypted": false, "replication_status": null, "consistencygroup_id": null, "multiattach": false, "attachments": [], "group_id": null, "shared_targets": true, "service_uuid": null}}'
2026-02-17 15:28:26,925 122996 INFO     [tempest.lib.common.rest_client] Request (VolumeRetypeMultiattachTest:test_volume_retype_multiattach): 200 GET http://10.132.44.205/volume/v3/volumes/5c21e92c-892a-4faf-8725-4345e3968dea 0.058s
2026-02-17 15:28:26,925 122996 DEBUG    [tempest.lib.common.rest_client] Request - Headers: {'Content-Type': 'application/json', 'Accept': 'application/json', 'Openstack-Api-Version': 'volume 3.50', 'X-Auth-Token': '<omitted>'}
        Body: None
    Response - Headers: {'date': 'Tue, 17 Feb 2026 15:28:26 GMT', 'server': 'Apache/2.4.58 (Ubuntu)', 'content-type': 'application/json', 'x-compute-request-id': 'req-4203b71b-8024-42dc-9b50-5ce48b21d50e', 'content-length': '943', 'openstack-api-version': 'volume 3.50', 'vary': 'OpenStack-API-Version', 'x-openstack-request-id': 'req-4203b71b-8024-42dc-9b50-5ce48b21d50e', 'connection': 'close', 'status': '200', 'content-location': 'http://10.132.44.205/volume/v3/volumes/5c21e92c-892a-4faf-8725-4345e3968dea'}
        Body: b'{"volume": {"id": "5c21e92c-892a-4faf-8725-4345e3968dea", "status": "creating", "size": 1, "availability_zone": "nova", "created_at": "2026-02-17T15:28:27.000000", "updated_at": null, "name": "tempest-VolumeRetypeMultiattachTest-Volume-903380421", "description": null, "volume_type": "tempest-VolumeRetypeMultiattachTest-volume-type-2068891300", "snapshot_id": null, "source_volid": null, "metadata": {}, "links": [{"rel": "self", "href": "http://10.132.44.205/volume/v3/volumes/5c21e92c-892a-4faf-8725-4345e3968dea"}, {"rel": "bookmark", "href": "http://10.132.44.205/volume/volumes/5c21e92c-892a-4faf-8725-4345e3968dea"}], "user_id": "2d952c8ff3094f29a63f2abec9bf10d5", "bootable": "false", "encrypted": false, "replication_status": null, "consistencygroup_id": null, "multiattach": false, "attachments": [], "group_id": null, "shared_targets": true, "service_uuid": null, "os-vol-tenant-attr:tenant_id": "959da1c3515f44e7a6a0461b9d2c9126"}}'
2026-02-17 15:28:28,002 122996 INFO     [tempest.lib.common.rest_client] Request (VolumeRetypeMultiattachTest:test_volume_retype_multiattach): 200 GET http://10.132.44
    .205/volume/v3/volumes/5c21e92c-892a-4faf-8725-4345e3968dea 0.058s
2026-02-17 15:28:28,003 122996 DEBUG    [tempest.lib.common.rest_client] Request - Headers: {'Content-Type': 'application/json', 'Accept': 'application/json', 'Openstack-Api-Version': 'volume 3.50', 'X-Auth-Token': '<omitted>'}
        Body: None
    Response - Headers: {'date': 'Tue, 17 Feb 2026 15:28:27 GMT', 'server': 'Apache/2.4.58 (Ubuntu)', 'content-type': 'application/json', 'x-compute-request-id': 'req-040ae50e-e00b-41fe-a1db-4e39dc1715bf', 'content-length': '964', 'openstack-api-version': 'volume 3.50', 'vary': 'OpenStack-API-Version', 'x-openstack-request-id': 'req-040ae50e-e00b-41fe-a1db-4e39dc1715bf', 'connection': 'close', 'status': '200', 'content-location': 'http://10.132.44.205/volume/v3/volumes/5c21e92c-892a-4faf-8725-4345e3968dea'}
        Body: b'{"volume": {"id": "5c21e92c-892a-4faf-8725-4345e3968dea", "status": "error", "size": 1, "availability_zone": "nova", "created_at": "2026-02-17T15:28:27.000000", "updated_at": "2026-02-17T15:28:27.000000", "name": "tempest-VolumeRetypeMultiattachTest-Volume-903380421", "description": null, "volume_type": "tempest-VolumeRetypeMultiattachTest-volume-type-2068891300", "snapshot_id": null, "source_volid": null, "metadata": {}, "links": [{"rel": "self", "href": "http://10.132.44.205/volume/v3/volumes/5c21e92c-892a-4faf-8725-4345e3968dea"}, {"rel": "bookmark", "href": "http://10.132.44.205/volume/volumes/5c21e92c-892a-4faf-8725-4345e3968dea"}], "user_id": "2d952c8ff3094f29a63f2abec9bf10d5", "bootable": "false", "encrypted": false, "replication_status": null, "consistencygroup_id": null, "multiattach": false, "attachments": [], "group_id": null, "shared_targets": true, "service_uuid": null, "os-vol-tenant-attr:tenant_id": "959da1c3515f44e7a6a0461b9d2c9126"}}'
2026-02-17 15:28:28,081 122996 INFO     [tempest.lib.common.rest_client] Request (VolumeRetypeMultiattachTest:_run_cleanups): 200 GET http://10.132.44.205/volume/v3/volumes/5c21e92c-892a-4faf-8725-4345e3968dea 0.061s
2026-02-17 15:28:28,081 122996 DEBUG    [tempest.lib.common.rest_client] Request - Headers: {'Content-Type': 'application/json', 'Accept': 'application/json', 'Openstack-Api-Version': 'volume 3.50', 'X-Auth-Token': '<omitted>'}
        Body: None
    Response - Headers: {'date': 'Tue, 17 Feb 2026 15:28:28 GMT', 'server': 'Apache/2.4.58 (Ubuntu)', 'content-type': 'application/json', 'x-compute-request-id': 'req-bc0df032-e000-4c88-ac0e-dafae66efd2d', 'content-length': '964', 'openstack-api-version': 'volume 3.50', 'vary': 'OpenStack-API-Version', 'x-openstack-request-id': 'req-bc0df032-e000-4c88-ac0e-dafae66efd2d', 'connection': 'close', 'status': '200', 'content-location': 'http://10.132.44.205/volume/v3/volumes/5c21e92c-892a-4faf-8725-4345e3968dea'}
        Body: b'{"volume": {"id": "5c21e92c-892a-4faf-8725-4345e3968dea", "status": "error", "size": 1, "availability_zone": "nova", "created_at": "2026-02-17T15:28:27.000000", "updated_at": "2026-02-17T15:28:27.000000", "name": "tempest-VolumeRetypeMultiattachTest-Volume-903380421", "description": null, "volume_type": "tempest-VolumeRetypeMultiattachTest-volume-type-2068891300", "snapshot_id": null, "source_volid": null, "metadata": {}, "links": [{"rel": "self", "href": "http://10.132.44.205/volume/v3/volumes/5c21e92c-892a-4faf-8725-4345e3968dea"}, {"rel": "bookmark", "href": "http://10.132.44.205/volume/volumes/5c21e92c-892a-4faf-8725-4345e3968dea"}], "user_id": "2d952c8ff3094f29a63f2abec9bf10d5", "bootable": "false", "encrypted": false, "replication_status": null, "consistencygroup_id": null, "multiattach": false, "attachments": [], "group_id": null, "shared_targets": true, "service_uuid": null, "os-vol-tenant-attr:tenant_id": "959da1c3515f44e7a6a0461b9d2c9126"}}'
2026-02-17 15:28:28,247 122996 INFO     [tempest.lib.common.rest_client] Request (VolumeRetypeMultiattachTest:_run_cleanups): 202 DELETE http://10.132.44.205/volume/v3/volumes/5c21e92c-892a-4faf-8725-4345e3968dea 0.148s
2026-02-17 15:28:28,248 122996 DEBUG    [tempest.lib.common.rest_client] Request - Headers: {'Content-Type':
     'application/json', 'Accept': 'application/json', 'Openstack-Api-Version': 'volume 3.50', 'X-Auth-Token': '<omitted>'}
        Body: None
    Response - Headers: {'date': 'Tue, 17 Feb 2026 15:28:28 GMT', 'server': 'Apache/2.4.58 (Ubuntu)', 'content-length': '0', 'content-type': 'text/html; charset=UTF-8', 'openstack-api-version': 'volume 3.50', 'vary': 'OpenStack-API-Version', 'x-openstack-request-id': 'req-79cff968-eccb-4df5-9509-56aab9a248cd', 'connection': 'close', 'status': '202', 'content-location': 'http://10.132.44.205/volume/v3/volumes/5c21e92c-892a-4faf-8725-4345e3968dea'}
        Body: b''
2026-02-17 15:28:28,278 122996 INFO     [tempest.lib.common.rest_client] Request (VolumeRetypeMultiattachTest:_run_cleanups): 404 GET http://10.132.44.205/volume/v3/volumes/5c21e92c-892a-4faf-8725-4345e3968dea 0.030s
2026-02-17 15:28:28,279 122996 DEBUG    [tempest.lib.common.rest_client] Request - Headers: {'Content-Type': 'application/json', 'Accept': 'application/json', 'Openstack-Api-Version': 'volume 3.50', 'X-Auth-Token': '<omitted>'}
        Body: None
    Response - Headers: {'date': 'Tue, 17 Feb 2026 15:28:28 GMT', 'server': 'Apache/2.4.58 (Ubuntu)', 'openstack-api-version': 'volume 3.50', 'vary': 'OpenStack-API-Version', 'content-length': '109', 'content-type': 'application/json', 'x-compute-request-id': 'req-bc30a560-f23d-4129-bd69-8fd4ec7d25e9', 'x-openstack-request-id': 'req-bc30a560-f23d-4129-bd69-8fd4ec7d25e9', 'connection': 'close', 'status': '404', 'content-location': 'http://10.132.44.205/volume/v3/volumes/5c21e92c-892a-4faf-8725-4345e3968dea'}
        Body: b'{"itemNotFound": {"code": 404, "message": "Volume 5c21e92c-892a-4faf-8725-4345e3968dea could not be found."}}'

{0} tempest.api.volume.admin.test_volume_retype.VolumeRetypeWithoutMigrationTest.test_available_volume_retype [1.917397s] ... FAILED

Captured traceback:
~~~~~~~~~~~~~~~~~~~
    Traceback (most recent call last):

      File "/opt/stack/tempest/tempest/api/volume/admin/test_volume_retype.py", line 203, in test_available_volume_retype
    src_vol = self.create_volume(volume_type=self.src_vol_type['name'])
              ^^^^^^^^^^^^^^^^^^^^^^^^^^^^^^^^^^^^^^^^^^^^^^^^^^^^^^^^^

      File "/opt/stack/tempest/tempest/api/volume/base.py", line 144, in create_volume
    waiters.wait_for_volume_resource_status(self.volumes_client,

      File "/opt/stack/tempest/tempest/common/waiters.py", line 379, in wait_for_volume_resource_status
    raise exceptions.VolumeResourceBuildErrorException(

    tempest.exceptions.VolumeResourceBuildErrorException: volume 4440199a-6641-4b61-927a-eb855fc88fac failed to build and is in ERROR status


Captured pythonlogging:
~~~~~~~~~~~~~~~~~~~~~~~
    2026-02-17 15:28:33,923 122996 INFO     [tempest.lib.common.rest_client] Request (VolumeRetypeWithoutMigrationTest:test_available_volume_retype): 202 POST http://10.132.44.205/volume/v3/volumes 0.438s
2026-02-17 15:28:33,924 122996 DEBUG    [tempest.lib.common.rest_client] Request - Headers: {'Content-Type': 'application/json', 'Accept': 'application/json', 'X-Auth-Token': '<omitted>'}
        Body: {"volume": {"volume_type": "volume-type-1", "size": 1, "name": "tempest-VolumeRetypeWithoutMigrationTest-Volume-1261436684"}}
    Response - Headers: {'date': 'Tue, 17 Feb 2026 15:28:33 GMT', 'server': 'Apache/2.4.58 (Ubuntu)', 'content-type': 'application/json', 'x-compute-request-id': 'req-6bc5804f-a544-4991-83a2-2eb74534a689', 'content-length': '772', 'openstack-api-version': 'volume 3.0', 'vary': 'OpenStack-API-Version', 'x-openstack-request-id': 'req-6bc5804f-a544-4991-83a2-2eb74534a689', 'connection': 'close', 'status': '202', 'content-location': 'http://10.132.44.205/volume/v3/volumes'}
        Body: b'{"volume": {"id": "4440199a-6641-4b61-927a-eb855fc88fac", "status": "creating", "size": 1, "availability_zone": "nova", "created_at": "2026-02-17T15:28:33.842252", "updated_at": null, "name": "tempest-VolumeRetypeWithoutMigrationTest-Volume-1261436684", "description": null, "volume_type": "volume-type-1", "snapshot_id": null, "source_volid": null, "metadata": {}, "links": [{"rel": "self", "href": "http://10.132.44.205/volume/v3/volumes/4440199a-6641-4b61-927a-eb855fc88fac"}, {"rel": "bookmark", "href": "http://10.132.44.205/volume/volumes/4440199a-6641-4b61-927a-eb855fc88fac"}], "user_id": "2e83fd514f604c8dbeb151a890baed6b", "bootable": "false", "encrypted": false, "replication_status": null, "consistencygroup_id": null, "multiattach": false, "attachments": []}}'
2026-02-17 15:28:34,028 122996 INFO     [tempest.lib.common.rest_client] Request (VolumeRetypeWithoutMigrationTest:test_available_volume_retype): 200 GET http://10.132.44.205/volume/v3/volumes/4440199a-6641-4b61-927a-eb855fc88fac 0.088s
2026-02-17 15:28:34,029 122996 DEBUG    [tempest.lib.common.rest_client] Request - Headers: {'Content-Type': 'application/json', 'Accept': 'application/json', 'X-Auth-Token': '<omitted>'}
        Body: None
    Response - Headers: {'date': 'Tue, 17 Feb 2026 15:28:33 GMT', 'server': 'Apache/2.4.58 (Ubuntu)', 'content-type': 'application/json', 'x-compute-request-id': 'req-5fdff22f-3d4d-40bc-924c-66dc9791df36', 'content-length': '840', 'openstack-api-version': 'volume 3.0', 'vary': 'OpenStack-API-Version', 'x-openstack-request-id': 'req-5fdff22f-3d4d-40bc-924c-66dc9791df36', 'connection': 'close', 'status': '200', 'content-location': 'http://10.132.44.205/volume/v3/volumes/4440199a-6641-4b61-927a-eb855fc88fac'}
        Body: b'{"volume": {"id": "4440199a-6641-4b61-927a-eb855fc88fac", "status": "creating", "size": 1, "availability_zone": "nova", "created_at": "2026-02-17T15:28:34.000000", "updated_at": null, "name": "tempest-VolumeRetypeWithoutMigrationTest-Volume-1261436684", "description": null, "volume_type": "volume-type-1", "snapshot_id": null, "source_volid": null, "metadata": {}, "links": [{"rel": "self", "href": "http://10.132.44.205/volume/v3/volumes/4440199a-6641-4b61-927a-eb855fc88fac"}, {"rel": "bookmark", "href": "http://10.132.44.205/volume/volumes/4440199a-6641-4b61-927a-eb855fc88fac"}], "user_id": "2e83fd514f604c8dbeb151a890baed6b", "bootable": "false", "encrypted": false, "replication_status": null, "consistencygroup_id": null, "multiattach": false, "attachments": [], "os-vol-tenant-attr:tenant_id": "bf709467fdc34b6eab4de172c9f2fa4f"}}'
2026-02-17 15:28:35,109 122996 INFO     [tempest.lib.common.rest_client] Request (VolumeRetypeWithoutMigrationTest:test_available_volume_retype): 200 GET http://10.132.44.205/volume/v3/volumes/4440199a-6641-4b61-927a-eb855fc88fac 0.061s
2026-02-17 15:28:35,110 122996 DEBUG    [tempest.lib.common.rest_client] Request - Headers: {'Content-Type': 'application/json', 'Accept': 'application/json', 'X-Auth-Token': '<omitted>'}
        Body: None
    Response - Headers: {'date': 'Tue, 17 Fe
    b 2026 15:28:35 GMT', 'server': 'Apache/2.4.58 (Ubuntu)', 'content-type': 'application/json', 'x-compute-request-id': 'req-06ab307e-ebe1-4cdc-af43-73c9aa277b55', 'content-length': '861', 'openstack-api-version': 'volume 3.0', 'vary': 'OpenStack-API-Version', 'x-openstack-request-id': 'req-06ab307e-ebe1-4cdc-af43-73c9aa277b55', 'connection': 'close', 'status': '200', 'content-location': 'http://10.132.44.205/volume/v3/volumes/4440199a-6641-4b61-927a-eb855fc88fac'}
        Body: b'{"volume": {"id": "4440199a-6641-4b61-927a-eb855fc88fac", "status": "error", "size": 1, "availability_zone": "nova", "created_at": "2026-02-17T15:28:34.000000", "updated_at": "2026-02-17T15:28:34.000000", "name": "tempest-VolumeRetypeWithoutMigrationTest-Volume-1261436684", "description": null, "volume_type": "volume-type-1", "snapshot_id": null, "source_volid": null, "metadata": {}, "links": [{"rel": "self", "href": "http://10.132.44.205/volume/v3/volumes/4440199a-6641-4b61-927a-eb855fc88fac"}, {"rel": "bookmark", "href": "http://10.132.44.205/volume/volumes/4440199a-6641-4b61-927a-eb855fc88fac"}], "user_id": "2e83fd514f604c8dbeb151a890baed6b", "bootable": "false", "encrypted": false, "replication_status": null, "consistencygroup_id": null, "multiattach": false, "attachments": [], "os-vol-tenant-attr:tenant_id": "bf709467fdc34b6eab4de172c9f2fa4f"}}'
2026-02-17 15:28:35,187 122996 INFO     [tempest.lib.common.rest_client] Request (VolumeRetypeWithoutMigrationTest:_run_cleanups): 200 GET http://10.132.44.205/volume/v3/volumes/4440199a-6641-4b61-927a-eb855fc88fac 0.057s
2026-02-17 15:28:35,187 122996 DEBUG    [tempest.lib.common.rest_client] Request - Headers: {'Content-Type': 'application/json', 'Accept': 'application/json', 'X-Auth-Token': '<omitted>'}
        Body: None
    Response - Headers: {'date': 'Tue, 17 Feb 2026 15:28:35 GMT', 'server': 'Apache/2.4.58 (Ubuntu)', 'content-type': 'application/json', 'x-compute-request-id': 'req-f54dd16f-2b2e-4136-85e8-b1f368fd2b5a', 'content-length': '861', 'openstack-api-version': 'volume 3.0', 'vary': 'OpenStack-API-Version', 'x-openstack-request-id': 'req-f54dd16f-2b2e-4136-85e8-b1f368fd2b5a', 'connection': 'close', 'status': '200', 'content-location': 'http://10.132.44.205/volume/v3/volumes/4440199a-6641-4b61-927a-eb855fc88fac'}
        Body: b'{"volume": {"id": "4440199a-6641-4b61-927a-eb855fc88fac", "status": "error", "size": 1, "availability_zone": "nova", "created_at": "2026-02-17T15:28:34.000000", "updated_at": "2026-02-17T15:28:34.000000", "name": "tempest-VolumeRetypeWithoutMigrationTest-Volume-1261436684", "description": null, "volume_type": "volume-type-1", "snapshot_id": null, "source_volid": null, "metadata": {}, "links": [{"rel": "self", "href": "http://10.132.44.205/volume/v3/volumes/4440199a-6641-4b61-927a-eb855fc88fac"}, {"rel": "bookmark", "href": "http://10.132.44.205/volume/volumes/4440199a-6641-4b61-927a-eb855fc88fac"}], "user_id": "2e83fd514f604c8dbeb151a890baed6b", "bootable": "false", "encrypted": false, "replication_status": null, "consistencygroup_id": null, "multiattach": false, "attachments": [], "os-vol-tenant-attr:tenant_id": "bf709467fdc34b6eab4de172c9f2fa4f"}}'
2026-02-17 15:28:35,369 122996 INFO     [tempest.lib.common.rest_client] Request (VolumeRetypeWithoutMigrationTest:_run_cleanups): 202 DELETE http://10.132.44.205/volume/v3/volumes/4440199a-6641-4b61-927a-eb855fc88fac 0.163s
2026-02-17 15:28:35,369 122996 DEBUG    [tempest.lib.common.rest_client] Request - Headers: {'Content-Type': 'application/json', 'Accept': 'application/json', 'X-Auth-Token': '<omitted>'}
        Body: None
    Response - Headers: {'date': 'Tue, 17 Feb 2026 15:28:35 GMT', 'server': 'Apache/2.4.58 (Ubuntu)', 'content-length': '0', 'content-type': 'text/html; charset=UTF-8', 'openstack-api-version': 'volume 3.0', 'vary': 'OpenStack-API-Version', 'x-openstack-request-id': 'req-e9ce61f0-5c27-4e93-912f-99741632a95f', 'connection': 'close', 'status': '202', 'content-location': 'http://10.132.44.205/volume/v3/volumes/4440199a-6641-4b61-927a-eb855fc88fac'}
        Body: b''
2026-02-17 15:28:35,400 12299
    6 INFO     [tempest.lib.common.rest_client] Request (VolumeRetypeWithoutMigrationTest:_run_cleanups): 404 GET http://10.132.44.205/volume/v3/volumes/4440199a-6641-4b61-927a-eb855fc88fac 0.030s
2026-02-17 15:28:35,401 122996 DEBUG    [tempest.lib.common.rest_client] Request - Headers: {'Content-Type': 'application/json', 'Accept': 'application/json', 'X-Auth-Token': '<omitted>'}
        Body: None
    Response - Headers: {'date': 'Tue, 17 Feb 2026 15:28:35 GMT', 'server': 'Apache/2.4.58 (Ubuntu)', 'openstack-api-version': 'volume 3.0', 'vary': 'OpenStack-API-Version', 'content-length': '109', 'content-type': 'application/json', 'x-compute-request-id': 'req-898350da-787c-47dd-b071-f75753cf9a0a', 'x-openstack-request-id': 'req-898350da-787c-47dd-b071-f75753cf9a0a', 'connection': 'close', 'status': '404', 'content-location': 'http://10.132.44.205/volume/v3/volumes/4440199a-6641-4b61-927a-eb855fc88fac'}
        Body: b'{"itemNotFound": {"code": 404, "message": "Volume 4440199a-6641-4b61-927a-eb855fc88fac could not be found."}}'

{0} tempest.api.volume.admin.test_volume_services.VolumesServicesTestJSON.test_get_service_by_host_name [0.037449s] ... ok
{0} tempest.api.volume.admin.test_volume_services.VolumesServicesTestJSON.test_get_service_by_service_and_host_name [0.032859s] ... ok
{0} tempest.api.volume.admin.test_volume_services.VolumesServicesTestJSON.test_get_service_by_service_binary_name [0.030298s] ... ok
{0} tempest.api.volume.admin.test_volume_services.VolumesServicesTestJSON.test_get_service_by_volume_host_name [1.802533s] ... FAILED

Captured traceback:
~~~~~~~~~~~~~~~~~~~
    Traceback (most recent call last):

      File "/opt/stack/tempest/tempest/api/volume/admin/test_volume_services.py", line 76, in test_get_service_by_volume_host_name
    volume_id = self.create_volume()['id']
                ^^^^^^^^^^^^^^^^^^^^

      File "/opt/stack/tempest/tempest/api/volume/base.py", line 144, in create_volume
    waiters.wait_for_volume_resource_status(self.volumes_client,

      File "/opt/stack/tempest/tempest/common/waiters.py", line 379, in wait_for_volume_resource_status
    raise exceptions.VolumeResourceBuildErrorException(

    tempest.exceptions.VolumeResourceBuildErrorException: volume 06b3466f-5231-4167-82db-bf1cececce85 failed to build and is in ERROR status


Captured pythonlogging:
~~~~~~~~~~~~~~~~~~~~~~~
    2026-02-17 15:28:40,847 122996 INFO     [tempest.lib.common.rest_client] Request (VolumesServicesTestJSON:test_get_service_by_volume_host_name): 202 POST http://10.132.44.205/volume/v3/volumes 0.381s
2026-02-17 15:28:40,848 122996 DEBUG    [tempest.lib.common.rest_client] Request - Headers: {'Content-Type': 'application/json', 'Accept': 'application/json', 'X-Auth-Token': '<omitted>'}
        Body: {"volume": {"size": 1, "name": "tempest-VolumesServicesTestJSON-Volume-581549549"}}
    Response - Headers: {'date': 'Tue, 17 Feb 2026 15:28:40 GMT', 'server': 'Apache/2.4.58 (Ubuntu)', 'content-type': 'application/json', 'x-compute-request-id': 'req-f33809c5-2b20-493d-b347-231cc95e84c5', 'content-length': '757', 'openstack-api-version': 'volume 3.0', 'vary': 'OpenStack-API-Version', 'x-openstack-request-id': 'req-f33809c5-2b20-493d-b347-231cc95e84c5', 'connection': 'close', 'status': '202', 'content-location': 'http://10.132.44.205/volume/v3/volumes'}
        Body: b'{"volume": {"id": "06b3466f-5231-4167-82db-bf1cececce85", "status": "creating", "size": 1, "availability_zone": "nova", "created_at": "2026-02-17T15:28:40.767813", "updated_at": null, "name": "tempest-VolumesServicesTestJSON-Volume-581549549", "description": null, "volume_type": "nvmetcp1", "snapshot_id": null, "source_volid": null, "metadata": {}, "links": [{"rel": "self", "href": "http://10.132.44.205/volume/v3/volumes/06b3466f-5231-4167-82db-bf1cececce85"}, {"rel": "bookmark", "href": "http://10.132.44.205/volume/volumes/06b3466f-5231-4167-82db-bf1cececce85"}], "user_id": "98ec77687ecb4f00801ebb28c233e113", "bootable": "false", "encrypted": false, "replication_status": null, "consistencygroup_id": null, "multiattach": false, "attachments": []}}'
2026-02-17 15:28:40,914 122996 INFO     [tempest.lib.common.rest_client] Request (VolumesServicesTestJSON:test_get_service_by_volume_host_name): 200 GET http://10.132.44.205/volume/v3/volumes/06b3466f-5231-4167-82db-bf1cececce85 0.059s
2026-02-17 15:28:40,915 122996 DEBUG    [tempest.lib.common.rest_client] Request - Headers: {'Content-Type': 'application/json', 'Accept': 'application/json', 'X-Auth-Token': '<omitted>'}
        Body: None
    Response - Headers: {'date': 'Tue, 17 Feb 2026 15:28:40 GMT', 'server': 'Apache/2.4.58 (Ubuntu)', 'content-type': 'application/json', 'x-compute-request-id': 'req-4089a891-8fdb-4f98-9409-3aa117568cd1', 'content-length': '825', 'openstack-api-version': 'volume 3.0', 'vary': 'OpenStack-API-Version', 'x-openstack-request-id': 'req-4089a891-8fdb-4f98-9409-3aa117568cd1', 'connection': 'close', 'status': '200', 'content-location': 'http://10.132.44.205/volume/v3/volumes/06b3466f-5231-4167-82db-bf1cececce85'}
        Body: b'{"volume": {"id": "06b3466f-5231-4167-82db-bf1cececce85", "status": "creating", "size": 1, "availability_zone": "nova", "created_at": "2026-02-17T15:28:41.000000", "updated_at": null, "name": "tempest-VolumesServicesTestJSON-Volume-581549549", "description": null, "volume_type": "nvmetcp1", "snapshot_id": null, "source_volid": null, "metadata": {}, "links": [{"rel": "self", "href": "http://10.132.44.205/volume/v3/volumes/06b3466f-5231-4167-82db-bf1cececce85"}, {"rel": "bookmark", "href": "http://10.132.44.205/volume/volumes/06b3466f-5231-4167-82db-bf1cececce85"}], "user_id": "98ec77687ecb4f00801ebb28c233e113", "bootable": "false", "encrypted": false, "replication_status": null, "consistencygroup_id": null, "multiattach": false, "attachments": [], "os-vol-tenant-attr:tenant_id": "c96bbc90b19c44349a0f613e470ab14d"}}'
2026-02-17 15:28:41,985 122996 INFO     [tempest.lib.common.rest_client] Request (VolumesServicesTestJSON:test_get_service_by_volume_host_name): 200 GET http://10.132.44.205/volume/v3/volumes/06b3466f-5231-4167-82db-bf1cececce85 0.058s
2026-02-17 15:28:41,986 122996 DEBUG    [tempest.lib.common.rest_client] Request - Headers: {'Content-Type': 'application/json', 'Accept': 'application/json', 'X-Auth-Token': '<omitted>'}
        Body: None
    Response - Headers: {'date': 'Tue, 17 Feb 2026 15:28:41 GMT', 'server': 'Apache/2.4.58 (Ubuntu)', 'content-type': '
    application/json', 'x-compute-request-id': 'req-ccf6dcef-2a44-45e7-a207-bd2ef38fb0ed', 'content-length': '846', 'openstack-api-version': 'volume 3.0', 'vary': 'OpenStack-API-Version', 'x-openstack-request-id': 'req-ccf6dcef-2a44-45e7-a207-bd2ef38fb0ed', 'connection': 'close', 'status': '200', 'content-location': 'http://10.132.44.205/volume/v3/volumes/06b3466f-5231-4167-82db-bf1cececce85'}
        Body: b'{"volume": {"id": "06b3466f-5231-4167-82db-bf1cececce85", "status": "error", "size": 1, "availability_zone": "nova", "created_at": "2026-02-17T15:28:41.000000", "updated_at": "2026-02-17T15:28:41.000000", "name": "tempest-VolumesServicesTestJSON-Volume-581549549", "description": null, "volume_type": "nvmetcp1", "snapshot_id": null, "source_volid": null, "metadata": {}, "links": [{"rel": "self", "href": "http://10.132.44.205/volume/v3/volumes/06b3466f-5231-4167-82db-bf1cececce85"}, {"rel": "bookmark", "href": "http://10.132.44.205/volume/volumes/06b3466f-5231-4167-82db-bf1cececce85"}], "user_id": "98ec77687ecb4f00801ebb28c233e113", "bootable": "false", "encrypted": false, "replication_status": null, "consistencygroup_id": null, "multiattach": false, "attachments": [], "os-vol-tenant-attr:tenant_id": "c96bbc90b19c44349a0f613e470ab14d"}}'
2026-02-17 15:28:42,062 122996 INFO     [tempest.lib.common.rest_client] Request (VolumesServicesTestJSON:_run_cleanups): 200 GET http://10.132.44.205/volume/v3/volumes/06b3466f-5231-4167-82db-bf1cececce85 0.058s
2026-02-17 15:28:42,063 122996 DEBUG    [tempest.lib.common.rest_client] Request - Headers: {'Content-Type': 'application/json', 'Accept': 'application/json', 'X-Auth-Token': '<omitted>'}
        Body: None
    Response - Headers: {'date': 'Tue, 17 Feb 2026 15:28:42 GMT', 'server': 'Apache/2.4.58 (Ubuntu)', 'content-type': 'application/json', 'x-compute-request-id': 'req-6c193311-6862-4316-b42e-804c94da151c', 'content-length': '846', 'openstack-api-version': 'volume 3.0', 'vary': 'OpenStack-API-Version', 'x-openstack-request-id': 'req-6c193311-6862-4316-b42e-804c94da151c', 'connection': 'close', 'status': '200', 'content-location': 'http://10.132.44.205/volume/v3/volumes/06b3466f-5231-4167-82db-bf1cececce85'}
        Body: b'{"volume": {"id": "06b3466f-5231-4167-82db-bf1cececce85", "status": "error", "size": 1, "availability_zone": "nova", "created_at": "2026-02-17T15:28:41.000000", "updated_at": "2026-02-17T15:28:41.000000", "name": "tempest-VolumesServicesTestJSON-Volume-581549549", "description": null, "volume_type": "nvmetcp1", "snapshot_id": null, "source_volid": null, "metadata": {}, "links": [{"rel": "self", "href": "http://10.132.44.205/volume/v3/volumes/06b3466f-5231-4167-82db-bf1cececce85"}, {"rel": "bookmark", "href": "http://10.132.44.205/volume/volumes/06b3466f-5231-4167-82db-bf1cececce85"}], "user_id": "98ec77687ecb4f00801ebb28c233e113", "bootable": "false", "encrypted": false, "replication_status": null, "consistencygroup_id": null, "multiattach": false, "attachments": [], "os-vol-tenant-attr:tenant_id": "c96bbc90b19c44349a0f613e470ab14d"}}'
2026-02-17 15:28:42,235 122996 INFO     [tempest.lib.common.rest_client] Request (VolumesServicesTestJSON:_run_cleanups): 202 DELETE http://10.132.44.205/volume/v3/volumes/06b3466f-5231-4167-82db-bf1cececce85 0.155s
2026-02-17 15:28:42,235 122996 DEBUG    [tempest.lib.common.rest_client] Request - Headers: {'Content-Type': 'application/json', 'Accept': 'application/json', 'X-Auth-Token': '<omitted>'}
        Body: None
    Response - Headers: {'date': 'Tue, 17 Feb 2026 15:28:42 GMT', 'server': 'Apache/2.4.58 (Ubuntu)', 'content-length': '0', 'content-type': 'text/html; charset=UTF-8', 'openstack-api-version': 'volume 3.0', 'vary': 'OpenStack-API-Version', 'x-openstack-request-id': 'req-dbabdc05-4ff7-44d3-b12f-5665a71c46bd', 'connection': 'close', 'status': '202', 'content-location': 'http://10.132.44.205/volume/v3/volumes/06b3466f-5231-4167-82db-bf1cececce85'}
        Body: b''
2026-02-17 15:28:42,267 122996 INFO     [tempest.lib.common.rest_client] Request (VolumesServicesTestJSON:_run_cleanups): 404 GET http://10.132.44.205/v
    olume/v3/volumes/06b3466f-5231-4167-82db-bf1cececce85 0.030s
2026-02-17 15:28:42,267 122996 DEBUG    [tempest.lib.common.rest_client] Request - Headers: {'Content-Type': 'application/json', 'Accept': 'application/json', 'X-Auth-Token': '<omitted>'}
        Body: None
    Response - Headers: {'date': 'Tue, 17 Feb 2026 15:28:42 GMT', 'server': 'Apache/2.4.58 (Ubuntu)', 'openstack-api-version': 'volume 3.0', 'vary': 'OpenStack-API-Version', 'content-length': '109', 'content-type': 'application/json', 'x-compute-request-id': 'req-a37333a8-1d2b-42aa-85e7-8b8bad38ba74', 'x-openstack-request-id': 'req-a37333a8-1d2b-42aa-85e7-8b8bad38ba74', 'connection': 'close', 'status': '404', 'content-location': 'http://10.132.44.205/volume/v3/volumes/06b3466f-5231-4167-82db-bf1cececce85'}
        Body: b'{"itemNotFound": {"code": 404, "message": "Volume 06b3466f-5231-4167-82db-bf1cececce85 could not be found."}}'

{0} tempest.api.volume.admin.test_volume_services.VolumesServicesTestJSON.test_list_services [0.029331s] ... ok
{0} tempest.api.volume.admin.test_volume_services_negative.VolumeServicesNegativeTest.test_disable_log_reason_with_no_reason [0.020437s] ... ok
{0} tempest.api.volume.admin.test_volume_services_negative.VolumeServicesNegativeTest.test_disable_service_with_invalid_binary [0.034586s] ... ok
{0} tempest.api.volume.admin.test_volume_services_negative.VolumeServicesNegativeTest.test_enable_service_with_invalid_host [0.032535s] ... ok
{0} tempest.api.volume.admin.test_volume_services_negative.VolumeServicesNegativeTest.test_freeze_host_with_invalid_host [0.033109s] ... ok
{0} tempest.api.volume.admin.test_volume_services_negative.VolumeServicesNegativeTest.test_thaw_host_with_invalid_host [0.029537s] ... ok
{0} setUpClass (tempest.api.volume.admin.test_volume_snapshot_quotas_negative.VolumeSnapshotQuotasNegativeTestJSON) [0.000000s] ... FAILED

Captured traceback:
~~~~~~~~~~~~~~~~~~~
    Traceback (most recent call last):

      File "/opt/stack/tempest/tempest/test.py", line 185, in setUpClass
    raise value.with_traceback(trace)

      File "/opt/stack/tempest/tempest/test.py", line 178, in setUpClass
    cls.resource_setup()

      File "/opt/stack/tempest/tempest/api/volume/admin/test_volume_snapshot_quotas_negative.py", line 65, in resource_setup
    cls.volume = cls.create_volume()
                 ^^^^^^^^^^^^^^^^^^^

      File "/opt/stack/tempest/tempest/api/volume/base.py", line 144, in create_volume
    waiters.wait_for_volume_resource_status(self.volumes_client,

      File "/opt/stack/tempest/tempest/common/waiters.py", line 379, in wait_for_volume_resource_status
    raise exceptions.VolumeResourceBuildErrorException(

    tempest.exceptions.VolumeResourceBuildErrorException: volume e3772ebc-7404-4ac5-a843-188f0e636775 failed to build and is in ERROR status

{0} tempest.api.volume.admin.test_volume_type_access.VolumeTypesAccessTest.test_volume_type_access_add [2.344027s] ... FAILED

Captured traceback:
~~~~~~~~~~~~~~~~~~~
    Traceback (most recent call last):

      File "/opt/stack/tempest/tempest/api/volume/admin/test_volume_type_access.py", line 51, in test_volume_type_access_add
    volume = self.create_volume(volume_type=volume_type['id'])
             ^^^^^^^^^^^^^^^^^^^^^^^^^^^^^^^^^^^^^^^^^^^^^^^^^

      File "/opt/stack/tempest/tempest/api/volume/base.py", line 144, in create_volume
    waiters.wait_for_volume_resource_status(self.volumes_client,

      File "/opt/stack/tempest/tempest/common/waiters.py", line 379, in wait_for_volume_resource_status
    raise exceptions.VolumeResourceBuildErrorException(

    tempest.exceptions.VolumeResourceBuildErrorException: volume 1a62cba5-c6fd-40b7-a791-209a37983071 failed to build and is in ERROR status


Captured pythonlogging:
~~~~~~~~~~~~~~~~~~~~~~~
    2026-02-17 15:28:59,832 122996 INFO     [tempest.lib.common.rest_client] Request (VolumeTypesAccessTest:test_volume_type_access_add): 200 POST http://10.132.44.205/volume/v3/types 0.184s
2026-02-17 15:28:59,833 122996 DEBUG    [tempest.lib.common.rest_client] Request - Headers: {'Content-Type': 'application/json', 'Accept': 'application/json', 'X-Auth-Token': '<omitted>'}
        Body: {"volume_type": {"name": "tempest-VolumeTypesAccessTest-volume-type-1411012162", "os-volume-type-access:is_public": false}}
    Response - Headers: {'date': 'Tue, 17 Feb 2026 15:28:59 GMT', 'server': 'Apache/2.4.58 (Ubuntu)', 'content-type': 'application/json', 'x-compute-request-id': 'req-b8ef3608-d62f-4ae3-ae1e-f2f478df304a', 'content-length': '229', 'openstack-api-version': 'volume 3.0', 'vary': 'OpenStack-API-Version', 'x-openstack-request-id': 'req-b8ef3608-d62f-4ae3-ae1e-f2f478df304a', 'connection': 'close', 'status': '200', 'content-location': 'http://10.132.44.205/volume/v3/types'}
        Body: b'{"volume_type": {"id": "1abb2415-8ef3-4139-8910-de11c87d1d6c", "name": "tempest-VolumeTypesAccessTest-volume-type-1411012162", "is_public": false, "extra_specs": {}, "description": null, "os-volume-type-access:is_public": false}}'
2026-02-17 15:29:00,012 122996 INFO     [tempest.lib.common.rest_client] Request (VolumeTypesAccessTest:test_volume_type_access_add): 404 POST http://10.132.44.205/volume/v3/volumes 0.176s
2026-02-17 15:29:00,013 122996 DEBUG    [tempest.lib.common.rest_client] Request - Headers: {'Content-Type': 'application/json', 'Accept': 'application/json', 'X-Auth-Token': '<omitted>'}
        Body: {"volume": {"volume_type": "1abb2415-8ef3-4139-8910-de11c87d1d6c", "size": 1}}
    Response - Headers: {'date': 'Tue, 17 Feb 2026 15:28:59 GMT', 'server': 'Apache/2.4.58 (Ubuntu)', 'openstack-api-version': 'volume 3.0', 'vary': 'OpenStack-API-Version', 'content-length': '114', 'content-type': 'application/json', 'x-compute-request-id': 'req-a041c733-4201-43f0-96e6-5f620d8b0066', 'x-openstack-request-id': 'req-a041c733-4201-43f0-96e6-5f620d8b0066', 'connection': 'close', 'status': '404', 'content-location': 'http://10.132.44.205/volume/v3/volumes'}
        Body: b'{"itemNotFound": {"code": 404, "message": "Volume type 1abb2415-8ef3-4139-8910-de11c87d1d6c could not be found."}}'
2026-02-17 15:29:00,014 122996 WARNING  [tempest.lib.common.rest_client] Deprecated: "tenant_id" property is deprecated for removal, use "project_id" instead
2026-02-17 15:29:00,056 122996 INFO     [tempest.lib.common.rest_client] Request (VolumeTypesAccessTest:test_volume_type_access_add): 202 POST http://10.132.44.205/volume/v3/types/1abb2415-8ef3-4139-8910-de11c87d1d6c/action 0.042s
2026-02-17 15:29:00,057 122996 DEBUG    [tempest.lib.common.rest_client] Request - Headers: {'Content-Type': 'application/json', 'Accept': 'application/json', 'X-Auth-Token': '<omitted>'}
        Body: {"addProjectAccess": {"project": "8ee0e65996b749eb814d6a00932aec41"}}
    Response - Headers: {'date': 'Tue, 17 Feb 2026 15:29:00 GMT', 'server': 'Apache/2.4.58 (Ubuntu)', 'content-length': '0', 'content-type': 'text/html; charset=UTF-8', 'openstack-api-version': 'volume 3.0', 'vary': 'OpenStack-API-Version', 'x-openstack-request-id': 'req-7b3457dd-ef77-4fef-a64c-60c4b939beb5', 'connection': 'close', 'status': '202', 'content-location': 'http://10.132.44.205/volume/v3/types/1abb2415-8ef3-4139-8910-de11c87d1d6c/action'}
        Body: b''
2026-02-17 15:29:00,394 122996 INFO     [tempest.lib.common.rest_client] Request (VolumeTypesAccessTest:test_volume_type_access_add): 202 POST http://10.132.44.205/volume/v3/volumes 0.336s
2026-02-17 15:29:00,395 122996 DEBUG    [tempest.lib.common.rest_client] Request - Headers: {'Content-Type': 'application/json', 'Accept': 'application/json', 'X-Auth-Token': '<omitted>'}
        Body: {"volume": {"volume_type": "1abb2415-8ef3-4139-8910-de11c87d1d6c", "size": 1, "name": "tempest-VolumeTypesAccessTest-Volume-3810093"}}
    Response - Headers: {'date': 'Tue, 17 Feb 2026 15:29:00 GMT', 'server': 'Apache/2.4.58 (Ubuntu)', 'content-type': 'applica
    tion/json', 'x-compute-request-id': 'req-750151a2-bc0d-4e17-90ed-c800b30f8843', 'content-length': '797', 'openstack-api-version': 'volume 3.0', 'vary': 'OpenStack-API-Version', 'x-openstack-request-id': 'req-750151a2-bc0d-4e17-90ed-c800b30f8843', 'connection': 'close', 'status': '202', 'content-location': 'http://10.132.44.205/volume/v3/volumes'}
        Body: b'{"volume": {"id": "1a62cba5-c6fd-40b7-a791-209a37983071", "status": "creating", "size": 1, "availability_zone": "nova", "created_at": "2026-02-17T15:29:00.287029", "updated_at": null, "name": "tempest-VolumeTypesAccessTest-Volume-3810093", "description": null, "volume_type": "tempest-VolumeTypesAccessTest-volume-type-1411012162", "snapshot_id": null, "source_volid": null, "metadata": {}, "links": [{"rel": "self", "href": "http://10.132.44.205/volume/v3/volumes/1a62cba5-c6fd-40b7-a791-209a37983071"}, {"rel": "bookmark", "href": "http://10.132.44.205/volume/volumes/1a62cba5-c6fd-40b7-a791-209a37983071"}], "user_id": "a21f67e52b2e4896a9f43c4d7deac6fa", "bootable": "false", "encrypted": false, "replication_status": null, "consistencygroup_id": null, "multiattach": false, "attachments": []}}'
2026-02-17 15:29:00,467 122996 INFO     [tempest.lib.common.rest_client] Request (VolumeTypesAccessTest:test_volume_type_access_add): 200 GET http://10.132.44.205/volume/v3/volumes/1a62cba5-c6fd-40b7-a791-209a37983071 0.054s
2026-02-17 15:29:00,468 122996 DEBUG    [tempest.lib.common.rest_client] Request - Headers: {'Content-Type': 'application/json', 'Accept': 'application/json', 'X-Auth-Token': '<omitted>'}
        Body: None
    Response - Headers: {'date': 'Tue, 17 Feb 2026 15:29:00 GMT', 'server': 'Apache/2.4.58 (Ubuntu)', 'content-type': 'application/json', 'x-compute-request-id': 'req-954db477-9405-430f-9ff5-2c0f1b19aff2', 'content-length': '865', 'openstack-api-version': 'volume 3.0', 'vary': 'OpenStack-API-Version', 'x-openstack-request-id': 'req-954db477-9405-430f-9ff5-2c0f1b19aff2', 'connection': 'close', 'status': '200', 'content-location': 'http://10.132.44.205/volume/v3/volumes/1a62cba5-c6fd-40b7-a791-209a37983071'}
        Body: b'{"volume": {"id": "1a62cba5-c6fd-40b7-a791-209a37983071", "status": "creating", "size": 1, "availability_zone": "nova", "created_at": "2026-02-17T15:29:00.000000", "updated_at": null, "name": "tempest-VolumeTypesAccessTest-Volume-3810093", "description": null, "volume_type": "tempest-VolumeTypesAccessTest-volume-type-1411012162", "snapshot_id": null, "source_volid": null, "metadata": {}, "links": [{"rel": "self", "href": "http://10.132.44.205/volume/v3/volumes/1a62cba5-c6fd-40b7-a791-209a37983071"}, {"rel": "bookmark", "href": "http://10.132.44.205/volume/volumes/1a62cba5-c6fd-40b7-a791-209a37983071"}], "user_id": "a21f67e52b2e4896a9f43c4d7deac6fa", "bootable": "false", "encrypted": false, "replication_status": null, "consistencygroup_id": null, "multiattach": false, "attachments": [], "os-vol-tenant-attr:tenant_id": "8ee0e65996b749eb814d6a00932aec41"}}'
2026-02-17 15:29:01,549 122996 INFO     [tempest.lib.common.rest_client] Request (VolumeTypesAccessTest:test_volume_type_access_add): 200 GET http://10.132.44.205/volume/v3/volumes/1a62cba5-c6fd-40b7-a791-209a37983071 0.059s
2026-02-17 15:29:01,549 122996 DEBUG    [tempest.lib.common.rest_client] Request - Headers: {'Content-Type': 'application/json', 'Accept': 'application/json', 'X-Auth-Token': '<omitted>'}
        Body: None
    Response - Headers: {'date': 'Tue, 17 Feb 2026 15:29:01 GMT', 'server': 'Apache/2.4.58 (Ubuntu)', 'content-type': 'application/json', 'x-compute-request-id': 'req-43b305e3-85df-4d15-9f71-5247fbcd12da', 'content-length': '886', 'openstack-api-version': 'volume 3.0', 'vary': 'OpenStack-API-Version', 'x-openstack-request-id': 'req-43b305e3-85df-4d15-9f71-5247fbcd12da', 'connection': 'close', 'status': '200', 'content-location': 'http://10.132.44.205/volume/v3/volumes/1a62cba5-c6fd-40b7-a791-209a37983071'}
        Body: b'{"volume": {"id": "1a62cba5-c6fd-40b7-a791-209a37983071", "status": "error", "size": 1, "availability_zone": "nova", "created_at": "2026-02-17T15
    :29:00.000000", "updated_at": "2026-02-17T15:29:00.000000", "name": "tempest-VolumeTypesAccessTest-Volume-3810093", "description": null, "volume_type": "tempest-VolumeTypesAccessTest-volume-type-1411012162", "snapshot_id": null, "source_volid": null, "metadata": {}, "links": [{"rel": "self", "href": "http://10.132.44.205/volume/v3/volumes/1a62cba5-c6fd-40b7-a791-209a37983071"}, {"rel": "bookmark", "href": "http://10.132.44.205/volume/volumes/1a62cba5-c6fd-40b7-a791-209a37983071"}], "user_id": "a21f67e52b2e4896a9f43c4d7deac6fa", "bootable": "false", "encrypted": false, "replication_status": null, "consistencygroup_id": null, "multiattach": false, "attachments": [], "os-vol-tenant-attr:tenant_id": "8ee0e65996b749eb814d6a00932aec41"}}'
2026-02-17 15:29:01,626 122996 INFO     [tempest.lib.common.rest_client] Request (VolumeTypesAccessTest:_run_cleanups): 200 GET http://10.132.44.205/volume/v3/volumes/1a62cba5-c6fd-40b7-a791-209a37983071 0.058s
2026-02-17 15:29:01,626 122996 DEBUG    [tempest.lib.common.rest_client] Request - Headers: {'Content-Type': 'application/json', 'Accept': 'application/json', 'X-Auth-Token': '<omitted>'}
        Body: None
    Response - Headers: {'date': 'Tue, 17 Feb 2026 15:29:01 GMT', 'server': 'Apache/2.4.58 (Ubuntu)', 'content-type': 'application/json', 'x-compute-request-id': 'req-7cd4037c-87d8-45fd-b372-568fd672623b', 'content-length': '886', 'openstack-api-version': 'volume 3.0', 'vary': 'OpenStack-API-Version', 'x-openstack-request-id': 'req-7cd4037c-87d8-45fd-b372-568fd672623b', 'connection': 'close', 'status': '200', 'content-location': 'http://10.132.44.205/volume/v3/volumes/1a62cba5-c6fd-40b7-a791-209a37983071'}
        Body: b'{"volume": {"id": "1a62cba5-c6fd-40b7-a791-209a37983071", "status": "error", "size": 1, "availability_zone": "nova", "created_at": "2026-02-17T15:29:00.000000", "updated_at": "2026-02-17T15:29:00.000000", "name": "tempest-VolumeTypesAccessTest-Volume-3810093", "description": null, "volume_type": "tempest-VolumeTypesAccessTest-volume-type-1411012162", "snapshot_id": null, "source_volid": null, "metadata": {}, "links": [{"rel": "self", "href": "http://10.132.44.205/volume/v3/volumes/1a62cba5-c6fd-40b7-a791-209a37983071"}, {"rel": "bookmark", "href": "http://10.132.44.205/volume/volumes/1a62cba5-c6fd-40b7-a791-209a37983071"}], "user_id": "a21f67e52b2e4896a9f43c4d7deac6fa", "bootable": "false", "encrypted": false, "replication_status": null, "consistencygroup_id": null, "multiattach": false, "attachments": [], "os-vol-tenant-attr:tenant_id": "8ee0e65996b749eb814d6a00932aec41"}}'
2026-02-17 15:29:01,810 122996 INFO     [tempest.lib.common.rest_client] Request (VolumeTypesAccessTest:_run_cleanups): 202 DELETE http://10.132.44.205/volume/v3/volumes/1a62cba5-c6fd-40b7-a791-209a37983071 0.165s
2026-02-17 15:29:01,811 122996 DEBUG    [tempest.lib.common.rest_client] Request - Headers: {'Content-Type': 'application/json', 'Accept': 'application/json', 'X-Auth-Token': '<omitted>'}
        Body: None
    Response - Headers: {'date': 'Tue, 17 Feb 2026 15:29:01 GMT', 'server': 'Apache/2.4.58 (Ubuntu)', 'content-length': '0', 'content-type': 'text/html; charset=UTF-8', 'openstack-api-version': 'volume 3.0', 'vary': 'OpenStack-API-Version', 'x-openstack-request-id': 'req-83f9cb8f-5cc2-4787-b353-dca2a9aec099', 'connection': 'close', 'status': '202', 'content-location': 'http://10.132.44.205/volume/v3/volumes/1a62cba5-c6fd-40b7-a791-209a37983071'}
        Body: b''
2026-02-17 15:29:01,843 122996 INFO     [tempest.lib.common.rest_client] Request (VolumeTypesAccessTest:_run_cleanups): 404 GET http://10.132.44.205/volume/v3/volumes/1a62cba5-c6fd-40b7-a791-209a37983071 0.031s
2026-02-17 15:29:01,844 122996 DEBUG    [tempest.lib.common.rest_client] Request - Headers: {'Content-Type': 'application/json', 'Accept': 'application/json', 'X-Auth-Token': '<omitted>'}
        Body: None
    Response - Headers: {'date': 'Tue, 17 Feb 2026 15:29:01 GMT', 'server': 'Apache/2.4.58 (Ubuntu)', 'openstack-api-version': 'volume 3.0', 'vary': 'OpenStack-API-Version', 'content-length': '109', 'content-type
    ': 'application/json', 'x-compute-request-id': 'req-f7daf38e-01bd-446c-a70b-f36ba791f06b', 'x-openstack-request-id': 'req-f7daf38e-01bd-446c-a70b-f36ba791f06b', 'connection': 'close', 'status': '404', 'content-location': 'http://10.132.44.205/volume/v3/volumes/1a62cba5-c6fd-40b7-a791-209a37983071'}
        Body: b'{"itemNotFound": {"code": 404, "message": "Volume 1a62cba5-c6fd-40b7-a791-209a37983071 could not be found."}}'
2026-02-17 15:29:01,886 122996 INFO     [tempest.lib.common.rest_client] Request (VolumeTypesAccessTest:_run_cleanups): 202 POST http://10.132.44.205/volume/v3/types/1abb2415-8ef3-4139-8910-de11c87d1d6c/action 0.041s
2026-02-17 15:29:01,887 122996 DEBUG    [tempest.lib.common.rest_client] Request - Headers: {'Content-Type': 'application/json', 'Accept': 'application/json', 'X-Auth-Token': '<omitted>'}
        Body: {"removeProjectAccess": {"project": "8ee0e65996b749eb814d6a00932aec41"}}
    Response - Headers: {'date': 'Tue, 17 Feb 2026 15:29:01 GMT', 'server': 'Apache/2.4.58 (Ubuntu)', 'content-length': '0', 'content-type': 'text/html; charset=UTF-8', 'openstack-api-version': 'volume 3.0', 'vary': 'OpenStack-API-Version', 'x-openstack-request-id': 'req-4a5c47b8-8119-4cab-b172-6ade385d0570', 'connection': 'close', 'status': '202', 'content-location': 'http://10.132.44.205/volume/v3/types/1abb2415-8ef3-4139-8910-de11c87d1d6c/action'}
        Body: b''
2026-02-17 15:29:01,966 122996 INFO     [tempest.lib.common.rest_client] Request (VolumeTypesAccessTest:_run_cleanups): 202 DELETE http://10.132.44.205/volume/v3/types/1abb2415-8ef3-4139-8910-de11c87d1d6c 0.078s
2026-02-17 15:29:01,966 122996 DEBUG    [tempest.lib.common.rest_client] Request - Headers: {'Content-Type': 'application/json', 'Accept': 'application/json', 'X-Auth-Token': '<omitted>'}
        Body: None
    Response - Headers: {'date': 'Tue, 17 Feb 2026 15:29:01 GMT', 'server': 'Apache/2.4.58 (Ubuntu)', 'content-length': '0', 'content-type': 'text/html; charset=UTF-8', 'openstack-api-version': 'volume 3.0', 'vary': 'OpenStack-API-Version', 'x-openstack-request-id': 'req-03e0a49c-262d-40ce-8ca6-443c2867e3c0', 'connection': 'close', 'status': '202', 'content-location': 'http://10.132.44.205/volume/v3/types/1abb2415-8ef3-4139-8910-de11c87d1d6c'}
        Body: b''
2026-02-17 15:29:01,990 122996 INFO     [tempest.lib.common.rest_client] Request (VolumeTypesAccessTest:_run_cleanups): 404 GET http://10.132.44.205/volume/v3/types/1abb2415-8ef3-4139-8910-de11c87d1d6c 0.022s
2026-02-17 15:29:01,990 122996 DEBUG    [tempest.lib.common.rest_client] Request - Headers: {'Content-Type': 'application/json', 'Accept': 'application/json', 'X-Auth-Token': '<omitted>'}
        Body: None
    Response - Headers: {'date': 'Tue, 17 Feb 2026 15:29:01 GMT', 'server': 'Apache/2.4.58 (Ubuntu)', 'openstack-api-version': 'volume 3.0', 'vary': 'OpenStack-API-Version', 'content-length': '114', 'content-type': 'application/json', 'x-compute-request-id': 'req-6d000ec1-99d1-424c-aeb5-4b02fcdd8406', 'x-openstack-request-id': 'req-6d000ec1-99d1-424c-aeb5-4b02fcdd8406', 'connection': 'close', 'status': '404', 'content-location': 'http://10.132.44.205/volume/v3/types/1abb2415-8ef3-4139-8910-de11c87d1d6c'}
        Body: b'{"itemNotFound": {"code": 404, "message": "Volume type 1abb2415-8ef3-4139-8910-de11c87d1d6c could not be found."}}'

{0} tempest.api.volume.admin.test_volume_type_access.VolumeTypesAccessTest.test_volume_type_access_list [0.369224s] ... ok
{0} tempest.api.volume.admin.test_volume_types.VolumeTypesTest.test_volume_type_create_get_delete [0.338519s] ... ok
{0} tempest.api.volume.admin.test_volume_types.VolumeTypesTest.test_volume_type_encryption_create_get_update_delete [0.472154s] ... ok
{0} tempest.api.volume.admin.test_volume_types.VolumeTypesTest.test_volume_type_list [0.065043s] ... ok
{0} tempest.api.volume.admin.test_volume_types.VolumeTypesTest.test_volume_type_update [0.306375s] ... ok
{0} tempest.api.volume.admin.test_volume_types_extra_specs.VolumeTypesExtraSpecsTest.test_volume_type_extra_spec_create_get_delete [0.200924s] ... ok
{0} tempest.api.volume.admin.test_volume_types_extra_specs.VolumeTypesExtraSpecsTest.test_volume_type_extra_specs_list [0.107462s] ... ok
{0} tempest.api.volume.admin.test_volume_types_extra_specs.VolumeTypesExtraSpecsTest.test_volume_type_extra_specs_update [0.350850s] ... ok
{0} tempest.api.volume.admin.test_volume_types_extra_specs_negative.ExtraSpecsNegativeTest.test_create_invalid_body [0.021055s] ... ok
{0} tempest.api.volume.admin.test_volume_types_extra_specs_negative.ExtraSpecsNegativeTest.test_create_none_body [0.020163s] ... ok
{0} tempest.api.volume.admin.test_volume_types_extra_specs_negative.ExtraSpecsNegativeTest.test_create_nonexistent_type_id [0.049592s] ... ok
{0} tempest.api.volume.admin.test_volume_types_extra_specs_negative.ExtraSpecsNegativeTest.test_delete_nonexistent_volume_type_id [0.023889s] ... ok
{0} tempest.api.volume.admin.test_volume_types_extra_specs_negative.ExtraSpecsNegativeTest.test_get_nonexistent_extra_spec_name [0.032038s] ... ok
{0} tempest.api.volume.admin.test_volume_types_extra_specs_negative.ExtraSpecsNegativeTest.test_get_nonexistent_volume_type_id [0.023802s] ... ok
{0} tempest.api.volume.admin.test_volume_types_extra_specs_negative.ExtraSpecsNegativeTest.test_list_nonexistent_volume_type_id [0.025274s] ... ok
{0} tempest.api.volume.admin.test_volume_types_extra_specs_negative.ExtraSpecsNegativeTest.test_update_multiple_extra_spec [0.019477s] ... ok
{0} tempest.api.volume.admin.test_volume_types_extra_specs_negative.ExtraSpecsNegativeTest.test_update_no_body [0.019693s] ... ok
{0} tempest.api.volume.admin.test_volume_types_extra_specs_negative.ExtraSpecsNegativeTest.test_update_none_extra_spec_id [0.067623s] ... ok
{0} tempest.api.volume.admin.test_volume_types_extra_specs_negative.ExtraSpecsNegativeTest.test_update_nonexistent_extra_spec_id [0.046337s] ... ok
{0} tempest.api.volume.admin.test_volume_types_extra_specs_negative.ExtraSpecsNegativeTest.test_update_nonexistent_type_id [0.060445s] ... ok
{0} tempest.api.volume.admin.test_volume_types_negative.VolumeTypesNegativeTest.test_create_volume_type_encryption_nonexistent_type_id [0.192306s] ... ok
{0} tempest.api.volume.admin.test_volume_types_negative.VolumeTypesNegativeTest.test_create_volume_with_private_volume_type [0.323073s] ... ok
{0} tempest.api.volume.admin.test_volume_types_negative.VolumeTypesNegativeTest.test_create_with_empty_name [0.018229s] ... ok
{0} tempest.api.volume.admin.test_volume_types_negative.VolumeTypesNegativeTest.test_create_with_repeated_name [0.179296s] ... ok
{0} tempest.api.volume.admin.test_volume_types_negative.VolumeTypesNegativeTest.test_delete_nonexistent_type_id [0.024500s] ... ok
{0} tempest.api.volume.admin.test_volume_types_negative.VolumeTypesNegativeTest.test_get_nonexistent_type_id [0.023398s] ... ok
{0} setUpClass (tempest.api.volume.admin.test_volumes_list.VolumesListAdminTestJSON) [0.000000s] ... FAILED

Captured traceback:
~~~~~~~~~~~~~~~~~~~
    Traceback (most recent call last):

      File "/opt/stack/tempest/tempest/test.py", line 185, in setUpClass
    raise value.with_traceback(trace)

      File "/opt/stack/tempest/tempest/test.py", line 178, in setUpClass
    cls.resource_setup()

      File "/opt/stack/tempest/tempest/api/volume/admin/test_volumes_list.py", line 37, in resource_setup
    volume = cls.create_volume()
             ^^^^^^^^^^^^^^^^^^^

      File "/opt/stack/tempest/tempest/api/volume/base.py", line 144, in create_volume
    waiters.wait_for_volume_resource_status(self.volumes_client,

      File "/opt/stack/tempest/tempest/common/waiters.py", line 379, in wait_for_volume_resource_status
    raise exceptions.VolumeResourceBuildErrorException(

    tempest.exceptions.VolumeResourceBuildErrorException: volume 8cfbc309-da9a-4237-9613-cc02adaebe0e failed to build and is in ERROR status

{0} tempest.api.volume.test_availability_zone.AvailabilityZoneTestJSON.test_get_availability_zone_list [0.156933s] ... ok
{0} tempest.api.volume.test_extensions.ExtensionsTestJSON.test_list_extensions [0.166090s] ... ok
{0} setUpClass (tempest.api.volume.test_snapshot_metadata.SnapshotMetadataTestJSON) [0.000000s] ... FAILED

Captured traceback:
~~~~~~~~~~~~~~~~~~~
    Traceback (most recent call last):

      File "/opt/stack/tempest/tempest/test.py", line 185, in setUpClass
    raise value.with_traceback(trace)

      File "/opt/stack/tempest/tempest/test.py", line 178, in setUpClass
    cls.resource_setup()

      File "/opt/stack/tempest/tempest/api/volume/test_snapshot_metadata.py", line 38, in resource_setup
    cls.volume = cls.create_volume()
                 ^^^^^^^^^^^^^^^^^^^

      File "/opt/stack/tempest/tempest/api/volume/base.py", line 144, in create_volume
    waiters.wait_for_volume_resource_status(self.volumes_client,

      File "/opt/stack/tempest/tempest/common/waiters.py", line 379, in wait_for_volume_resource_status
    raise exceptions.VolumeResourceBuildErrorException(

    tempest.exceptions.VolumeResourceBuildErrorException: volume 601e415b-4876-428c-8fe7-c851454c41f8 failed to build and is in ERROR status

{0} tempest.api.volume.test_versions.VersionsTest.test_list_versions [0.016200s] ... ok
{0} tempest.api.volume.test_versions.VersionsTest.test_show_version [0.169066s] ... ok
{0} setUpClass (tempest.api.volume.test_volume_absolute_limits.AbsoluteLimitsTests) [0.000000s] ... FAILED

Captured traceback:
~~~~~~~~~~~~~~~~~~~
    Traceback (most recent call last):

      File "/opt/stack/tempest/tempest/test.py", line 185, in setUpClass
    raise value.with_traceback(trace)

      File "/opt/stack/tempest/tempest/test.py", line 178, in setUpClass
    cls.resource_setup()

      File "/opt/stack/tempest/tempest/api/volume/test_volume_absolute_limits.py", line 37, in resource_setup
    cls.volume = cls.create_volume()
                 ^^^^^^^^^^^^^^^^^^^

      File "/opt/stack/tempest/tempest/api/volume/base.py", line 144, in create_volume
    waiters.wait_for_volume_resource_status(self.volumes_client,

      File "/opt/stack/tempest/tempest/common/waiters.py", line 379, in wait_for_volume_resource_status
    raise exceptions.VolumeResourceBuildErrorException(

    tempest.exceptions.VolumeResourceBuildErrorException: volume 5c11d4e7-cef1-4730-8d0b-8ff348d7864c failed to build and is in ERROR status

{0} tempest.api.volume.test_volume_delete_cascade.VolumesDeleteCascade.test_volume_delete_cascade [1.896768s] ... FAILED

Captured traceback:
~~~~~~~~~~~~~~~~~~~
    Traceback (most recent call last):

      File "/opt/stack/tempest/tempest/api/volume/test_volume_delete_cascade.py", line 68, in test_volume_delete_cascade
    volume = self.create_volume()
             ^^^^^^^^^^^^^^^^^^^^

      File "/opt/stack/tempest/tempest/api/volume/base.py", line 144, in create_volume
    waiters.wait_for_volume_resource_status(self.volumes_client,

      File "/opt/stack/tempest/tempest/common/waiters.py", line 379, in wait_for_volume_resource_status
    raise exceptions.VolumeResourceBuildErrorException(

    tempest.exceptions.VolumeResourceBuildErrorException: volume 376e95fd-f21a-4f56-a33c-7b1d3bf12b52 failed to build and is in ERROR status


Captured pythonlogging:
~~~~~~~~~~~~~~~~~~~~~~~
    2026-02-17 15:29:53,977 122996 INFO     [tempest.lib.common.rest_client] Request (VolumesDeleteCascade:test_volume_delete_cascade): 202 POST http://10.132.44.205/volume/v3/volumes 0.475s
2026-02-17 15:29:53,978 122996 DEBUG    [tempest.lib.common.rest_client] Request - Headers: {'Content-Type': 'application/json', 'Accept': 'application/json', 'X-Auth-Token': '<omitted>'}
        Body: {"volume": {"size": 1, "name": "tempest-VolumesDeleteCascade-Volume-844896131"}}
    Response - Headers: {'date': 'Tue, 17 Feb 2026 15:29:53 GMT', 'server': 'Apache/2.4.58 (Ubuntu)', 'content-type': 'application/json', 'x-compute-request-id': 'req-c18e18fa-1c3a-4eca-bc66-5b702d9f9ec1', 'content-length': '754', 'openstack-api-version': 'volume 3.0', 'vary': 'OpenStack-API-Version', 'x-openstack-request-id': 'req-c18e18fa-1c3a-4eca-bc66-5b702d9f9ec1', 'connection': 'close', 'status': '202', 'content-location': 'http://10.132.44.205/volume/v3/volumes'}
        Body: b'{"volume": {"id": "376e95fd-f21a-4f56-a33c-7b1d3bf12b52", "status": "creating", "size": 1, "availability_zone": "nova", "created_at": "2026-02-17T15:29:53.871537", "updated_at": null, "name": "tempest-VolumesDeleteCascade-Volume-844896131", "description": null, "volume_type": "nvmetcp1", "snapshot_id": null, "source_volid": null, "metadata": {}, "links": [{"rel": "self", "href": "http://10.132.44.205/volume/v3/volumes/376e95fd-f21a-4f56-a33c-7b1d3bf12b52"}, {"rel": "bookmark", "href": "http://10.132.44.205/volume/volumes/376e95fd-f21a-4f56-a33c-7b1d3bf12b52"}], "user_id": "777218e2194b40788445f4fd5818d337", "bootable": "false", "encrypted": false, "replication_status": null, "consistencygroup_id": null, "multiattach": false, "attachments": []}}'
2026-02-17 15:29:54,041 122996 INFO     [tempest.lib.common.rest_client] Request (VolumesDeleteCascade:test_volume_delete_cascade): 200 GET http://10.132.44.205/volume/v3/volumes/376e95fd-f21a-4f56-a33c-7b1d3bf12b52 0.042s
2026-02-17 15:29:54,041 122996 DEBUG    [tempest.lib.common.rest_client] Request - Headers: {'Content-Type': 'application/json', 'Accept': 'application/json', 'X-Auth-Token': '<omitted>'}
        Body: None
    Response - Headers: {'date': 'Tue, 17 Feb 2026 15:29:54 GMT', 'server': 'Apache/2.4.58 (Ubuntu)', 'content-type': 'application/json', 'x-compute-request-id': 'req-a39f351e-3ebd-4659-be91-7c4f6bd847e7', 'content-length': '822', 'openstack-api-version': 'volume 3.0', 'vary': 'OpenStack-API-Version', 'x-openstack-request-id': 'req-a39f351e-3ebd-4659-be91-7c4f6bd847e7', 'connection': 'close', 'status': '200', 'content-location': 'http://10.132.44.205/volume/v3/volumes/376e95fd-f21a-4f56-a33c-7b1d3bf12b52'}
        Body: b'{"volume": {"id": "376e95fd-f21a-4f56-a33c-7b1d3bf12b52", "status": "creating", "size": 1, "availability_zone": "nova", "created_at": "2026-02-17T15:29:54.000000", "updated_at": null, "name": "tempest-VolumesDeleteCascade-Volume-844896131", "description": null, "volume_type": "nvmetcp1", "snapshot_id": null, "source_volid": null, "metadata": {}, "links": [{"rel": "self", "href": "http://10.132.44.205/volume/v3/volumes/376e95fd-f21a-4f56-a33c-7b1d3bf12b52"}, {"rel": "bookmark", "href": "http://10.132.44.205/volume/volumes/376e95fd-f21a-4f56-a33c-7b1d3bf12b52"}], "user_id": "777218e2194b40788445f4fd5818d337", "bootable": "false", "encrypted": false, "replication_status": null, "consistencygroup_id": null, "multiattach": false, "attachments": [], "os-vol-tenant-attr:tenant_id": "ecb829f1ecf84885bad5cdc7d91c05cc"}}'
2026-02-17 15:29:55,111 122996 INFO     [tempest.lib.common.rest_client] Request (VolumesDeleteCascade:test_volume_delete_cascade): 200 GET http://10.132.44.205/volume/v3/volumes/376e95fd-f21a-4f56-a33c-7b1d3bf12b52 0.058s
2026-02-17 15:29:55,112 122996 DEBUG    [tempest.lib.common.rest_client] Request - Headers: {'Content-Type': 'application/json', 'Accept': 'application/json', 'X-Auth-Token': '<omitted>'}
        Body: None
    Response - Headers: {'date': 'Tue, 17 Feb 2026 15:29:55 GMT', 'server': 'Apache/2.4.58 (Ubuntu)', 'content-type': 'application/json', 'x-compute-request-id': 'req-
    4add4930-b942-4660-95be-3aeb963eea41', 'content-length': '843', 'openstack-api-version': 'volume 3.0', 'vary': 'OpenStack-API-Version', 'x-openstack-request-id': 'req-4add4930-b942-4660-95be-3aeb963eea41', 'connection': 'close', 'status': '200', 'content-location': 'http://10.132.44.205/volume/v3/volumes/376e95fd-f21a-4f56-a33c-7b1d3bf12b52'}
        Body: b'{"volume": {"id": "376e95fd-f21a-4f56-a33c-7b1d3bf12b52", "status": "error", "size": 1, "availability_zone": "nova", "created_at": "2026-02-17T15:29:54.000000", "updated_at": "2026-02-17T15:29:54.000000", "name": "tempest-VolumesDeleteCascade-Volume-844896131", "description": null, "volume_type": "nvmetcp1", "snapshot_id": null, "source_volid": null, "metadata": {}, "links": [{"rel": "self", "href": "http://10.132.44.205/volume/v3/volumes/376e95fd-f21a-4f56-a33c-7b1d3bf12b52"}, {"rel": "bookmark", "href": "http://10.132.44.205/volume/volumes/376e95fd-f21a-4f56-a33c-7b1d3bf12b52"}], "user_id": "777218e2194b40788445f4fd5818d337", "bootable": "false", "encrypted": false, "replication_status": null, "consistencygroup_id": null, "multiattach": false, "attachments": [], "os-vol-tenant-attr:tenant_id": "ecb829f1ecf84885bad5cdc7d91c05cc"}}'
2026-02-17 15:29:55,185 122996 INFO     [tempest.lib.common.rest_client] Request (VolumesDeleteCascade:_run_cleanups): 200 GET http://10.132.44.205/volume/v3/volumes/376e95fd-f21a-4f56-a33c-7b1d3bf12b52 0.055s
2026-02-17 15:29:55,186 122996 DEBUG    [tempest.lib.common.rest_client] Request - Headers: {'Content-Type': 'application/json', 'Accept': 'application/json', 'X-Auth-Token': '<omitted>'}
        Body: None
    Response - Headers: {'date': 'Tue, 17 Feb 2026 15:29:55 GMT', 'server': 'Apache/2.4.58 (Ubuntu)', 'content-type': 'application/json', 'x-compute-request-id': 'req-5ea8bae4-276f-4d0b-902a-7a930f88ec91', 'content-length': '843', 'openstack-api-version': 'volume 3.0', 'vary': 'OpenStack-API-Version', 'x-openstack-request-id': 'req-5ea8bae4-276f-4d0b-902a-7a930f88ec91', 'connection': 'close', 'status': '200', 'content-location': 'http://10.132.44.205/volume/v3/volumes/376e95fd-f21a-4f56-a33c-7b1d3bf12b52'}
        Body: b'{"volume": {"id": "376e95fd-f21a-4f56-a33c-7b1d3bf12b52", "status": "error", "size": 1, "availability_zone": "nova", "created_at": "2026-02-17T15:29:54.000000", "updated_at": "2026-02-17T15:29:54.000000", "name": "tempest-VolumesDeleteCascade-Volume-844896131", "description": null, "volume_type": "nvmetcp1", "snapshot_id": null, "source_volid": null, "metadata": {}, "links": [{"rel": "self", "href": "http://10.132.44.205/volume/v3/volumes/376e95fd-f21a-4f56-a33c-7b1d3bf12b52"}, {"rel": "bookmark", "href": "http://10.132.44.205/volume/volumes/376e95fd-f21a-4f56-a33c-7b1d3bf12b52"}], "user_id": "777218e2194b40788445f4fd5818d337", "bootable": "false", "encrypted": false, "replication_status": null, "consistencygroup_id": null, "multiattach": false, "attachments": [], "os-vol-tenant-attr:tenant_id": "ecb829f1ecf84885bad5cdc7d91c05cc"}}'
2026-02-17 15:29:55,364 122996 INFO     [tempest.lib.common.rest_client] Request (VolumesDeleteCascade:_run_cleanups): 202 DELETE http://10.132.44.205/volume/v3/volumes/376e95fd-f21a-4f56-a33c-7b1d3bf12b52 0.162s
2026-02-17 15:29:55,365 122996 DEBUG    [tempest.lib.common.rest_client] Request - Headers: {'Content-Type': 'application/json', 'Accept': 'application/json', 'X-Auth-Token': '<omitted>'}
        Body: None
    Response - Headers: {'date': 'Tue, 17 Feb 2026 15:29:55 GMT', 'server': 'Apache/2.4.58 (Ubuntu)', 'content-length': '0', 'content-type': 'text/html; charset=UTF-8', 'openstack-api-version': 'volume 3.0', 'vary': 'OpenStack-API-Version', 'x-openstack-request-id': 'req-ff716cfa-ae1d-4455-b215-05bfbc1897ca', 'connection': 'close', 'status': '202', 'content-location': 'http://10.132.44.205/volume/v3/volumes/376e95fd-f21a-4f56-a33c-7b1d3bf12b52'}
        Body: b''
2026-02-17 15:29:55,396 122996 INFO     [tempest.lib.common.rest_client] Request (VolumesDeleteCascade:_run_cleanups): 404 GET http://10.132.44.205/volume/v3/volumes/376e95fd-f21a-4f56-a33c-7b1d3bf12b52 0.030s
20
    26-02-17 15:29:55,396 122996 DEBUG    [tempest.lib.common.rest_client] Request - Headers: {'Content-Type': 'application/json', 'Accept': 'application/json', 'X-Auth-Token': '<omitted>'}
        Body: None
    Response - Headers: {'date': 'Tue, 17 Feb 2026 15:29:55 GMT', 'server': 'Apache/2.4.58 (Ubuntu)', 'openstack-api-version': 'volume 3.0', 'vary': 'OpenStack-API-Version', 'content-length': '109', 'content-type': 'application/json', 'x-compute-request-id': 'req-c7b1606a-aff5-4d31-a9b5-13aeff1e1cb1', 'x-openstack-request-id': 'req-c7b1606a-aff5-4d31-a9b5-13aeff1e1cb1', 'connection': 'close', 'status': '404', 'content-location': 'http://10.132.44.205/volume/v3/volumes/376e95fd-f21a-4f56-a33c-7b1d3bf12b52'}
        Body: b'{"itemNotFound": {"code": 404, "message": "Volume 376e95fd-f21a-4f56-a33c-7b1d3bf12b52 could not be found."}}'

{0} tempest.api.volume.test_volume_delete_cascade.VolumesDeleteCascade.test_volume_from_snapshot_cascade_delete [1.707815s] ... FAILED

Captured traceback:
~~~~~~~~~~~~~~~~~~~
    Traceback (most recent call last):

      File "/opt/stack/tempest/tempest/api/volume/test_volume_delete_cascade.py", line 93, in test_volume_from_snapshot_cascade_delete
    volume = self.create_volume()
             ^^^^^^^^^^^^^^^^^^^^

      File "/opt/stack/tempest/tempest/api/volume/base.py", line 144, in create_volume
    waiters.wait_for_volume_resource_status(self.volumes_client,

      File "/opt/stack/tempest/tempest/common/waiters.py", line 379, in wait_for_volume_resource_status
    raise exceptions.VolumeResourceBuildErrorException(

    tempest.exceptions.VolumeResourceBuildErrorException: volume a0abe43c-6923-4ae7-a6e2-d5767b63ab51 failed to build and is in ERROR status


Captured pythonlogging:
~~~~~~~~~~~~~~~~~~~~~~~
    2026-02-17 15:29:55,674 122996 INFO     [tempest.lib.common.rest_client] Request (VolumesDeleteCascade:test_volume_from_snapshot_cascade_delete): 202 POST http://10.132.44.205/volume/v3/volumes 0.273s
2026-02-17 15:29:55,675 122996 DEBUG    [tempest.lib.common.rest_client] Request - Headers: {'Content-Type': 'application/json', 'Accept': 'application/json', 'X-Auth-Token': '<omitted>'}
        Body: {"volume": {"size": 1, "name": "tempest-VolumesDeleteCascade-Volume-1978814917"}}
    Response - Headers: {'date': 'Tue, 17 Feb 2026 15:29:55 GMT', 'server': 'Apache/2.4.58 (Ubuntu)', 'content-type': 'application/json', 'x-compute-request-id': 'req-5401d626-abb1-430b-ac03-03906d46d369', 'content-length': '755', 'openstack-api-version': 'volume 3.0', 'vary': 'OpenStack-API-Version', 'x-openstack-request-id': 'req-5401d626-abb1-430b-ac03-03906d46d369', 'connection': 'close', 'status': '202', 'content-location': 'http://10.132.44.205/volume/v3/volumes'}
        Body: b'{"volume": {"id": "a0abe43c-6923-4ae7-a6e2-d5767b63ab51", "status": "creating", "size": 1, "availability_zone": "nova", "created_at": "2026-02-17T15:29:55.592461", "updated_at": null, "name": "tempest-VolumesDeleteCascade-Volume-1978814917", "description": null, "volume_type": "nvmetcp1", "snapshot_id": null, "source_volid": null, "metadata": {}, "links": [{"rel": "self", "href": "http://10.132.44.205/volume/v3/volumes/a0abe43c-6923-4ae7-a6e2-d5767b63ab51"}, {"rel": "bookmark", "href": "http://10.132.44.205/volume/volumes/a0abe43c-6923-4ae7-a6e2-d5767b63ab51"}], "user_id": "777218e2194b40788445f4fd5818d337", "bootable": "false", "encrypted": false, "replication_status": null, "consistencygroup_id": null, "multiattach": false, "attachments": []}}'
2026-02-17 15:29:55,749 122996 INFO     [tempest.lib.common.rest_client] Request (VolumesDeleteCascade:test_volume_from_snapshot_cascade_delete): 200 GET http://10.132.44.205/volume/v3/volumes/a0abe43c-6923-4ae7-a6e2-d5767b63ab51 0.058s
2026-02-17 15:29:55,750 122996 DEBUG    [tempest.lib.common.rest_client] Request - Headers: {'Content-Type': 'application/json', 'Accept': 'application/json', 'X-Auth-Token': '<omitted>'}
        Body: None
    Response - Headers: {'date': 'Tue, 17 Feb 2026 15:29:55 GMT', 'server': 'Apache/2.4.58 (Ubuntu)', 'content-type': 'application/json', 'x-compute-request-id': 'req-ff94ce5f-35e3-4397-8662-45e453b91682', 'content-length': '823', 'openstack-api-version': 'volume 3.0', 'vary': 'OpenStack-API-Version', 'x-openstack-request-id': 'req-ff94ce5f-35e3-4397-8662-45e453b91682', 'connection': 'close', 'status': '200', 'content-location': 'http://10.132.44.205/volume/v3/volumes/a0abe43c-6923-4ae7-a6e2-d5767b63ab51'}
        Body: b'{"volume": {"id": "a0abe43c-6923-4ae7-a6e2-d5767b63ab51", "status": "creating", "size": 1, "availability_zone": "nova", "created_at": "2026-02-17T15:29:56.000000", "updated_at": null, "name": "tempest-VolumesDeleteCascade-Volume-1978814917", "description": null, "volume_type": "nvmetcp1", "snapshot_id": null, "source_volid": null, "metadata": {}, "links": [{"rel": "self", "href": "http://10.132.44.205/volume/v3/volumes/a0abe43c-6923-4ae7-a6e2-d5767b63ab51"}, {"rel": "bookmark", "href": "http://10.132.44.205/volume/volumes/a0abe43c-6923-4ae7-a6e2-d5767b63ab51"}], "user_id": "777218e2194b40788445f4fd5818d337", "bootable": "false", "encrypted": false, "replication_status": null, "consistencygroup_id": null, "multiattach": false, "attachments": [], "os-vol-tenant-attr:tenant_id": "ecb829f1ecf84885bad5cdc7d91c05cc"}}'
2026-02-17 15:29:56,823 122996 INFO     [tempest.lib.common.rest_client] Request (VolumesDeleteCascade:test_volume_from_snapshot_cascade_delete): 200 GET http://10.132.44.205/volume/v3/volumes/a0abe43c-6923-4ae7-a6e2-d5767b63ab51 0.059s
2026-02-17 15:29:56,824 122996 DEBUG    [tempest.lib.common.rest_client] Request - Headers: {'Content-Type': 'application/json', 'Accept': 'application/json', 'X-Auth-Token': '<omitted>'}
        Body: None
    Response - Headers: {'date': 'Tue, 17 Feb 2026 15:29:56 GMT', 'server': 'Apache/2.4.58 (Ubuntu)', 'content-type': 'app
    lication/json', 'x-compute-request-id': 'req-6d633ab4-00ce-47c4-9c93-b77e33f5d2ea', 'content-length': '844', 'openstack-api-version': 'volume 3.0', 'vary': 'OpenStack-API-Version', 'x-openstack-request-id': 'req-6d633ab4-00ce-47c4-9c93-b77e33f5d2ea', 'connection': 'close', 'status': '200', 'content-location': 'http://10.132.44.205/volume/v3/volumes/a0abe43c-6923-4ae7-a6e2-d5767b63ab51'}
        Body: b'{"volume": {"id": "a0abe43c-6923-4ae7-a6e2-d5767b63ab51", "status": "error", "size": 1, "availability_zone": "nova", "created_at": "2026-02-17T15:29:56.000000", "updated_at": "2026-02-17T15:29:56.000000", "name": "tempest-VolumesDeleteCascade-Volume-1978814917", "description": null, "volume_type": "nvmetcp1", "snapshot_id": null, "source_volid": null, "metadata": {}, "links": [{"rel": "self", "href": "http://10.132.44.205/volume/v3/volumes/a0abe43c-6923-4ae7-a6e2-d5767b63ab51"}, {"rel": "bookmark", "href": "http://10.132.44.205/volume/volumes/a0abe43c-6923-4ae7-a6e2-d5767b63ab51"}], "user_id": "777218e2194b40788445f4fd5818d337", "bootable": "false", "encrypted": false, "replication_status": null, "consistencygroup_id": null, "multiattach": false, "attachments": [], "os-vol-tenant-attr:tenant_id": "ecb829f1ecf84885bad5cdc7d91c05cc"}}'
2026-02-17 15:29:56,897 122996 INFO     [tempest.lib.common.rest_client] Request (VolumesDeleteCascade:_run_cleanups): 200 GET http://10.132.44.205/volume/v3/volumes/a0abe43c-6923-4ae7-a6e2-d5767b63ab51 0.055s
2026-02-17 15:29:56,897 122996 DEBUG    [tempest.lib.common.rest_client] Request - Headers: {'Content-Type': 'application/json', 'Accept': 'application/json', 'X-Auth-Token': '<omitted>'}
        Body: None
    Response - Headers: {'date': 'Tue, 17 Feb 2026 15:29:56 GMT', 'server': 'Apache/2.4.58 (Ubuntu)', 'content-type': 'application/json', 'x-compute-request-id': 'req-31fb9181-97e7-4ae2-83f6-9d06aa166a35', 'content-length': '844', 'openstack-api-version': 'volume 3.0', 'vary': 'OpenStack-API-Version', 'x-openstack-request-id': 'req-31fb9181-97e7-4ae2-83f6-9d06aa166a35', 'connection': 'close', 'status': '200', 'content-location': 'http://10.132.44.205/volume/v3/volumes/a0abe43c-6923-4ae7-a6e2-d5767b63ab51'}
        Body: b'{"volume": {"id": "a0abe43c-6923-4ae7-a6e2-d5767b63ab51", "status": "error", "size": 1, "availability_zone": "nova", "created_at": "2026-02-17T15:29:56.000000", "updated_at": "2026-02-17T15:29:56.000000", "name": "tempest-VolumesDeleteCascade-Volume-1978814917", "description": null, "volume_type": "nvmetcp1", "snapshot_id": null, "source_volid": null, "metadata": {}, "links": [{"rel": "self", "href": "http://10.132.44.205/volume/v3/volumes/a0abe43c-6923-4ae7-a6e2-d5767b63ab51"}, {"rel": "bookmark", "href": "http://10.132.44.205/volume/volumes/a0abe43c-6923-4ae7-a6e2-d5767b63ab51"}], "user_id": "777218e2194b40788445f4fd5818d337", "bootable": "false", "encrypted": false, "replication_status": null, "consistencygroup_id": null, "multiattach": false, "attachments": [], "os-vol-tenant-attr:tenant_id": "ecb829f1ecf84885bad5cdc7d91c05cc"}}'
2026-02-17 15:29:57,073 122996 INFO     [tempest.lib.common.rest_client] Request (VolumesDeleteCascade:_run_cleanups): 202 DELETE http://10.132.44.205/volume/v3/volumes/a0abe43c-6923-4ae7-a6e2-d5767b63ab51 0.163s
2026-02-17 15:29:57,074 122996 DEBUG    [tempest.lib.common.rest_client] Request - Headers: {'Content-Type': 'application/json', 'Accept': 'application/json', 'X-Auth-Token': '<omitted>'}
        Body: None
    Response - Headers: {'date': 'Tue, 17 Feb 2026 15:29:56 GMT', 'server': 'Apache/2.4.58 (Ubuntu)', 'content-length': '0', 'content-type': 'text/html; charset=UTF-8', 'openstack-api-version': 'volume 3.0', 'vary': 'OpenStack-API-Version', 'x-openstack-request-id': 'req-20a4b565-5efa-46b5-b7ef-074e0dead4b4', 'connection': 'close', 'status': '202', 'content-location': 'http://10.132.44.205/volume/v3/volumes/a0abe43c-6923-4ae7-a6e2-d5767b63ab51'}
        Body: b''
2026-02-17 15:29:57,106 122996 INFO     [tempest.lib.common.rest_client] Request (VolumesDeleteCascade:_run_cleanups): 404 GET http://10.132.44.205/volume/v3/volumes
    /a0abe43c-6923-4ae7-a6e2-d5767b63ab51 0.031s
2026-02-17 15:29:57,106 122996 DEBUG    [tempest.lib.common.rest_client] Request - Headers: {'Content-Type': 'application/json', 'Accept': 'application/json', 'X-Auth-Token': '<omitted>'}
        Body: None
    Response - Headers: {'date': 'Tue, 17 Feb 2026 15:29:57 GMT', 'server': 'Apache/2.4.58 (Ubuntu)', 'openstack-api-version': 'volume 3.0', 'vary': 'OpenStack-API-Version', 'content-length': '109', 'content-type': 'application/json', 'x-compute-request-id': 'req-41723755-1ff9-47e9-ac1b-715e505855f1', 'x-openstack-request-id': 'req-41723755-1ff9-47e9-ac1b-715e505855f1', 'connection': 'close', 'status': '404', 'content-location': 'http://10.132.44.205/volume/v3/volumes/a0abe43c-6923-4ae7-a6e2-d5767b63ab51'}
        Body: b'{"itemNotFound": {"code": 404, "message": "Volume a0abe43c-6923-4ae7-a6e2-d5767b63ab51 could not be found."}}'

{0} setUpClass (tempest.api.volume.test_volume_metadata.VolumesMetadataTest) [0.000000s] ... FAILED

Captured traceback:
~~~~~~~~~~~~~~~~~~~
    Traceback (most recent call last):

      File "/opt/stack/tempest/tempest/test.py", line 185, in setUpClass
    raise value.with_traceback(trace)

      File "/opt/stack/tempest/tempest/test.py", line 178, in setUpClass
    cls.resource_setup()

      File "/opt/stack/tempest/tempest/api/volume/test_volume_metadata.py", line 29, in resource_setup
    cls.volume = cls.create_volume()
                 ^^^^^^^^^^^^^^^^^^^

      File "/opt/stack/tempest/tempest/api/volume/base.py", line 144, in create_volume
    waiters.wait_for_volume_resource_status(self.volumes_client,

      File "/opt/stack/tempest/tempest/common/waiters.py", line 379, in wait_for_volume_resource_status
    raise exceptions.VolumeResourceBuildErrorException(

    tempest.exceptions.VolumeResourceBuildErrorException: volume 2e9af37d-3906-45f2-a072-430991c8aba0 failed to build and is in ERROR status

{0} tempest.api.volume.test_volume_transfers.VolumesTransfersTest.test_create_get_list_accept_volume_transfer [1.953318s] ... FAILED

Captured traceback:
~~~~~~~~~~~~~~~~~~~
    Traceback (most recent call last):

      File "/opt/stack/tempest/tempest/api/volume/test_volume_transfers.py", line 40, in test_create_get_list_accept_volume_transfer
    volume = self.create_volume()
             ^^^^^^^^^^^^^^^^^^^^

      File "/opt/stack/tempest/tempest/api/volume/base.py", line 144, in create_volume
    waiters.wait_for_volume_resource_status(self.volumes_client,

      File "/opt/stack/tempest/tempest/common/waiters.py", line 379, in wait_for_volume_resource_status
    raise exceptions.VolumeResourceBuildErrorException(

    tempest.exceptions.VolumeResourceBuildErrorException: volume d5abb15a-e08e-4c0a-8096-2857099dcfce failed to build and is in ERROR status


Captured pythonlogging:
~~~~~~~~~~~~~~~~~~~~~~~
    2026-02-17 15:30:06,418 122996 INFO     [tempest.lib.common.rest_client] Request (VolumesTransfersTest:test_create_get_list_accept_volume_transfer): 202 POST http://10.132.44.205/volume/v3/volumes 0.522s
2026-02-17 15:30:06,418 122996 DEBUG    [tempest.lib.common.rest_client] Request - Headers: {'Content-Type': 'application/json', 'Accept': 'application/json', 'X-Auth-Token': '<omitted>'}
        Body: {"volume": {"size": 1, "name": "tempest-VolumesTransfersTest-Volume-701161849"}}
    Response - Headers: {'date': 'Tue, 17 Feb 2026 15:30:05 GMT', 'server': 'Apache/2.4.58 (Ubuntu)', 'content-type': 'application/json', 'x-compute-request-id': 'req-3551034d-920a-4943-9227-4de64dac2be7', 'content-length': '754', 'openstack-api-version': 'volume 3.0', 'vary': 'OpenStack-API-Version', 'x-openstack-request-id': 'req-3551034d-920a-4943-9227-4de64dac2be7', 'connection': 'close', 'status': '202', 'content-location': 'http://10.132.44.205/volume/v3/volumes'}
        Body: b'{"volume": {"id": "d5abb15a-e08e-4c0a-8096-2857099dcfce", "status": "creating", "size": 1, "availability_zone": "nova", "created_at": "2026-02-17T15:30:06.341862", "updated_at": null, "name": "tempest-VolumesTransfersTest-Volume-701161849", "description": null, "volume_type": "nvmetcp1", "snapshot_id": null, "source_volid": null, "metadata": {}, "links": [{"rel": "self", "href": "http://10.132.44.205/volume/v3/volumes/d5abb15a-e08e-4c0a-8096-2857099dcfce"}, {"rel": "bookmark", "href": "http://10.132.44.205/volume/volumes/d5abb15a-e08e-4c0a-8096-2857099dcfce"}], "user_id": "aee52e99e01048f5aff5acc5dc41331a", "bootable": "false", "encrypted": false, "replication_status": null, "consistencygroup_id": null, "multiattach": false, "attachments": []}}'
2026-02-17 15:30:06,488 122996 INFO     [tempest.lib.common.rest_client] Request (VolumesTransfersTest:test_create_get_list_accept_volume_transfer): 200 GET http://10.132.44.205/volume/v3/volumes/d5abb15a-e08e-4c0a-8096-2857099dcfce 0.052s
2026-02-17 15:30:06,489 122996 DEBUG    [tempest.lib.common.rest_client] Request - Headers: {'Content-Type': 'application/json', 'Accept': 'application/json', 'X-Auth-Token': '<omitted>'}
        Body: None
    Response - Headers: {'date': 'Tue, 17 Feb 2026 15:30:06 GMT', 'server': 'Apache/2.4.58 (Ubuntu)', 'content-type': 'application/json', 'x-compute-request-id': 'req-898233e4-6d2b-4c71-bb4c-62936de7438d', 'content-length': '822', 'openstack-api-version': 'volume 3.0', 'vary': 'OpenStack-API-Version', 'x-openstack-request-id': 'req-898233e4-6d2b-4c71-bb4c-62936de7438d', 'connection': 'close', 'status': '200', 'content-location': 'http://10.132.44.205/volume/v3/volumes/d5abb15a-e08e-4c0a-8096-2857099dcfce'}
        Body: b'{"volume": {"id": "d5abb15a-e08e-4c0a-8096-2857099dcfce", "status": "creating", "size": 1, "availability_zone": "nova", "created_at": "2026-02-17T15:30:06.000000", "updated_at": null, "name": "tempest-VolumesTransfersTest-Volume-701161849", "description": null, "volume_type": "nvmetcp1", "snapshot_id": null, "source_volid": null, "metadata": {}, "links": [{"rel": "self", "href": "http://10.132.44.205/volume/v3/volumes/d5abb15a-e08e-4c0a-8096-2857099dcfce"}, {"rel": "bookmark", "href": "http://10.132.44.205/volume/volumes/d5abb15a-e08e-4c0a-8096-2857099dcfce"}], "user_id": "aee52e99e01048f5aff5acc5dc41331a", "bootable": "false", "encrypted": false, "replication_status": null, "consistencygroup_id": null, "multiattach": false, "attachments": [], "os-vol-tenant-attr:tenant_id": "03fd30c3e170485b9e70e60f69f38e46"}}'
2026-02-17 15:30:07,562 122996 INFO     [tempest.lib.common.rest_client] Request (VolumesTransfersTest:test_create_get_list_accept_volume_transfer): 200 GET http://10.132.44.205/volume/v3/volumes/d5abb15a-e08e-4c0a-8096-2857099dcfce 0.059s
2026-02-17 15:30:07,563 122996 DEBUG    [tempest.lib.common.rest_client] Request - Headers: {'Content-Type': 'application/json', 'Accept': 'application/json', 'X-Auth-Token': '<omitted>'}
        Body: None
    Response - Headers: {'date': 'Tue, 17 Feb 2026 15:30:07 GMT', 'server': 'Apache/2.4.58 (Ubuntu)', 'content-type'
    : 'application/json', 'x-compute-request-id': 'req-b8b61896-8c44-4753-870c-98bfce626185', 'content-length': '843', 'openstack-api-version': 'volume 3.0', 'vary': 'OpenStack-API-Version', 'x-openstack-request-id': 'req-b8b61896-8c44-4753-870c-98bfce626185', 'connection': 'close', 'status': '200', 'content-location': 'http://10.132.44.205/volume/v3/volumes/d5abb15a-e08e-4c0a-8096-2857099dcfce'}
        Body: b'{"volume": {"id": "d5abb15a-e08e-4c0a-8096-2857099dcfce", "status": "error", "size": 1, "availability_zone": "nova", "created_at": "2026-02-17T15:30:06.000000", "updated_at": "2026-02-17T15:30:07.000000", "name": "tempest-VolumesTransfersTest-Volume-701161849", "description": null, "volume_type": "nvmetcp1", "snapshot_id": null, "source_volid": null, "metadata": {}, "links": [{"rel": "self", "href": "http://10.132.44.205/volume/v3/volumes/d5abb15a-e08e-4c0a-8096-2857099dcfce"}, {"rel": "bookmark", "href": "http://10.132.44.205/volume/volumes/d5abb15a-e08e-4c0a-8096-2857099dcfce"}], "user_id": "aee52e99e01048f5aff5acc5dc41331a", "bootable": "false", "encrypted": false, "replication_status": null, "consistencygroup_id": null, "multiattach": false, "attachments": [], "os-vol-tenant-attr:tenant_id": "03fd30c3e170485b9e70e60f69f38e46"}}'
2026-02-17 15:30:07,639 122996 INFO     [tempest.lib.common.rest_client] Request (VolumesTransfersTest:_run_cleanups): 200 GET http://10.132.44.205/volume/v3/volumes/d5abb15a-e08e-4c0a-8096-2857099dcfce 0.058s
2026-02-17 15:30:07,640 122996 DEBUG    [tempest.lib.common.rest_client] Request - Headers: {'Content-Type': 'application/json', 'Accept': 'application/json', 'X-Auth-Token': '<omitted>'}
        Body: None
    Response - Headers: {'date': 'Tue, 17 Feb 2026 15:30:07 GMT', 'server': 'Apache/2.4.58 (Ubuntu)', 'content-type': 'application/json', 'x-compute-request-id': 'req-3b3e1554-3ba4-4d26-981d-a1e59a92b382', 'content-length': '843', 'openstack-api-version': 'volume 3.0', 'vary': 'OpenStack-API-Version', 'x-openstack-request-id': 'req-3b3e1554-3ba4-4d26-981d-a1e59a92b382', 'connection': 'close', 'status': '200', 'content-location': 'http://10.132.44.205/volume/v3/volumes/d5abb15a-e08e-4c0a-8096-2857099dcfce'}
        Body: b'{"volume": {"id": "d5abb15a-e08e-4c0a-8096-2857099dcfce", "status": "error", "size": 1, "availability_zone": "nova", "created_at": "2026-02-17T15:30:06.000000", "updated_at": "2026-02-17T15:30:07.000000", "name": "tempest-VolumesTransfersTest-Volume-701161849", "description": null, "volume_type": "nvmetcp1", "snapshot_id": null, "source_volid": null, "metadata": {}, "links": [{"rel": "self", "href": "http://10.132.44.205/volume/v3/volumes/d5abb15a-e08e-4c0a-8096-2857099dcfce"}, {"rel": "bookmark", "href": "http://10.132.44.205/volume/volumes/d5abb15a-e08e-4c0a-8096-2857099dcfce"}], "user_id": "aee52e99e01048f5aff5acc5dc41331a", "bootable": "false", "encrypted": false, "replication_status": null, "consistencygroup_id": null, "multiattach": false, "attachments": [], "os-vol-tenant-attr:tenant_id": "03fd30c3e170485b9e70e60f69f38e46"}}'
2026-02-17 15:30:07,813 122996 INFO     [tempest.lib.common.rest_client] Request (VolumesTransfersTest:_run_cleanups): 202 DELETE http://10.132.44.205/volume/v3/volumes/d5abb15a-e08e-4c0a-8096-2857099dcfce 0.155s
2026-02-17 15:30:07,813 122996 DEBUG    [tempest.lib.common.rest_client] Request - Headers: {'Content-Type': 'application/json', 'Accept': 'application/json', 'X-Auth-Token': '<omitted>'}
        Body: None
    Response - Headers: {'date': 'Tue, 17 Feb 2026 15:30:07 GMT', 'server': 'Apache/2.4.58 (Ubuntu)', 'content-length': '0', 'content-type': 'text/html; charset=UTF-8', 'openstack-api-version': 'volume 3.0', 'vary': 'OpenStack-API-Version', 'x-openstack-request-id': 'req-c10346df-c1c2-4292-adbe-cce1373c04ca', 'connection': 'close', 'status': '202', 'content-location': 'http://10.132.44.205/volume/v3/volumes/d5abb15a-e08e-4c0a-8096-2857099dcfce'}
        Body: b''
2026-02-17 15:30:07,846 122996 INFO     [tempest.lib.common.rest_client] Request (VolumesTransfersTest:_run_cleanups): 404 GET http://10.132.44.205/volume/v3/vol
    umes/d5abb15a-e08e-4c0a-8096-2857099dcfce 0.031s
2026-02-17 15:30:07,846 122996 DEBUG    [tempest.lib.common.rest_client] Request - Headers: {'Content-Type': 'application/json', 'Accept': 'application/json', 'X-Auth-Token': '<omitted>'}
        Body: None
    Response - Headers: {'date': 'Tue, 17 Feb 2026 15:30:07 GMT', 'server': 'Apache/2.4.58 (Ubuntu)', 'openstack-api-version': 'volume 3.0', 'vary': 'OpenStack-API-Version', 'content-length': '109', 'content-type': 'application/json', 'x-compute-request-id': 'req-6b7d5017-3035-431c-af59-ad3756850b75', 'x-openstack-request-id': 'req-6b7d5017-3035-431c-af59-ad3756850b75', 'connection': 'close', 'status': '404', 'content-location': 'http://10.132.44.205/volume/v3/volumes/d5abb15a-e08e-4c0a-8096-2857099dcfce'}
        Body: b'{"itemNotFound": {"code": 404, "message": "Volume d5abb15a-e08e-4c0a-8096-2857099dcfce could not be found."}}'

{0} tempest.api.volume.test_volume_transfers.VolumesTransfersTest.test_create_list_delete_volume_transfer [1.790968s] ... FAILED

Captured traceback:
~~~~~~~~~~~~~~~~~~~
    Traceback (most recent call last):

      File "/opt/stack/tempest/tempest/api/volume/test_volume_transfers.py", line 81, in test_create_list_delete_volume_transfer
    volume = self.create_volume()
             ^^^^^^^^^^^^^^^^^^^^

      File "/opt/stack/tempest/tempest/api/volume/base.py", line 144, in create_volume
    waiters.wait_for_volume_resource_status(self.volumes_client,

      File "/opt/stack/tempest/tempest/common/waiters.py", line 379, in wait_for_volume_resource_status
    raise exceptions.VolumeResourceBuildErrorException(

    tempest.exceptions.VolumeResourceBuildErrorException: volume 80f9e916-2602-4b85-892b-e8ccdc21bbb6 failed to build and is in ERROR status


Captured pythonlogging:
~~~~~~~~~~~~~~~~~~~~~~~
    2026-02-17 15:30:08,163 122996 INFO     [tempest.lib.common.rest_client] Request (VolumesTransfersTest:test_create_list_delete_volume_transfer): 202 POST http://10.132.44.205/volume/v3/volumes 0.312s
2026-02-17 15:30:08,163 122996 DEBUG    [tempest.lib.common.rest_client] Request - Headers: {'Content-Type': 'application/json', 'Accept': 'application/json', 'X-Auth-Token': '<omitted>'}
        Body: {"volume": {"size": 1, "name": "tempest-VolumesTransfersTest-Volume-1041917913"}}
    Response - Headers: {'date': 'Tue, 17 Feb 2026 15:30:07 GMT', 'server': 'Apache/2.4.58 (Ubuntu)', 'content-type': 'application/json', 'x-compute-request-id': 'req-5a146828-f009-42a3-a7db-97946ed6669e', 'content-length': '755', 'openstack-api-version': 'volume 3.0', 'vary': 'OpenStack-API-Version', 'x-openstack-request-id': 'req-5a146828-f009-42a3-a7db-97946ed6669e', 'connection': 'close', 'status': '202', 'content-location': 'http://10.132.44.205/volume/v3/volumes'}
        Body: b'{"volume": {"id": "80f9e916-2602-4b85-892b-e8ccdc21bbb6", "status": "creating", "size": 1, "availability_zone": "nova", "created_at": "2026-02-17T15:30:08.049457", "updated_at": null, "name": "tempest-VolumesTransfersTest-Volume-1041917913", "description": null, "volume_type": "nvmetcp1", "snapshot_id": null, "source_volid": null, "metadata": {}, "links": [{"rel": "self", "href": "http://10.132.44.205/volume/v3/volumes/80f9e916-2602-4b85-892b-e8ccdc21bbb6"}, {"rel": "bookmark", "href": "http://10.132.44.205/volume/volumes/80f9e916-2602-4b85-892b-e8ccdc21bbb6"}], "user_id": "aee52e99e01048f5aff5acc5dc41331a", "bootable": "false", "encrypted": false, "replication_status": null, "consistencygroup_id": null, "multiattach": false, "attachments": []}}'
2026-02-17 15:30:08,219 122996 INFO     [tempest.lib.common.rest_client] Request (VolumesTransfersTest:test_create_list_delete_volume_transfer): 200 GET http://10.132.44.205/volume/v3/volumes/80f9e916-2602-4b85-892b-e8ccdc21bbb6 0.049s
2026-02-17 15:30:08,220 122996 DEBUG    [tempest.lib.common.rest_client] Request - Headers: {'Content-Type': 'application/json', 'Accept': 'application/json', 'X-Auth-Token': '<omitted>'}
        Body: None
    Response - Headers: {'date': 'Tue, 17 Feb 2026 15:30:08 GMT', 'server': 'Apache/2.4.58 (Ubuntu)', 'content-type': 'application/json', 'x-compute-request-id': 'req-dfce35e5-6a4f-4ab6-bea0-931de26af96a', 'content-length': '823', 'openstack-api-version': 'volume 3.0', 'vary': 'OpenStack-API-Version', 'x-openstack-request-id': 'req-dfce35e5-6a4f-4ab6-bea0-931de26af96a', 'connection': 'close', 'status': '200', 'content-location': 'http://10.132.44.205/volume/v3/volumes/80f9e916-2602-4b85-892b-e8ccdc21bbb6'}
        Body: b'{"volume": {"id": "80f9e916-2602-4b85-892b-e8ccdc21bbb6", "status": "creating", "size": 1, "availability_zone": "nova", "created_at": "2026-02-17T15:30:08.000000", "updated_at": null, "name": "tempest-VolumesTransfersTest-Volume-1041917913", "description": null, "volume_type": "nvmetcp1", "snapshot_id": null, "source_volid": null, "metadata": {}, "links": [{"rel": "self", "href": "http://10.132.44.205/volume/v3/volumes/80f9e916-2602-4b85-892b-e8ccdc21bbb6"}, {"rel": "bookmark", "href": "http://10.132.44.205/volume/volumes/80f9e916-2602-4b85-892b-e8ccdc21bbb6"}], "user_id": "aee52e99e01048f5aff5acc5dc41331a", "bootable": "false", "encrypted": false, "replication_status": null, "consistencygroup_id": null, "multiattach": false, "attachments": [], "os-vol-tenant-attr:tenant_id": "03fd30c3e170485b9e70e60f69f38e46"}}'
2026-02-17 15:30:09,289 122996 INFO     [tempest.lib.common.rest_client] Request (VolumesTransfersTest:test_create_list_delete_volume_transfer): 200 GET http://10.132.44.205/volume/v3/volumes/80f9e916-2602-4b85-892b-e8ccdc21bbb6 0.059s
2026-02-17 15:30:09,290 122996 DEBUG    [tempest.lib.common.rest_client] Request - Headers: {'Content-Type': 'application/json', 'Accept': 'application/json', 'X-Auth-Token': '<omitted>'}
        Body: None
    Response - Headers: {'date': 'Tue, 17 Feb 2026 15:30:09 GMT', 'server': 'Apache/2.4.58 (Ubuntu)', 'content-type': 'applic
    ation/json', 'x-compute-request-id': 'req-b29d3b01-cd54-453d-b91e-3f862f66e2ae', 'content-length': '844', 'openstack-api-version': 'volume 3.0', 'vary': 'OpenStack-API-Version', 'x-openstack-request-id': 'req-b29d3b01-cd54-453d-b91e-3f862f66e2ae', 'connection': 'close', 'status': '200', 'content-location': 'http://10.132.44.205/volume/v3/volumes/80f9e916-2602-4b85-892b-e8ccdc21bbb6'}
        Body: b'{"volume": {"id": "80f9e916-2602-4b85-892b-e8ccdc21bbb6", "status": "error", "size": 1, "availability_zone": "nova", "created_at": "2026-02-17T15:30:08.000000", "updated_at": "2026-02-17T15:30:08.000000", "name": "tempest-VolumesTransfersTest-Volume-1041917913", "description": null, "volume_type": "nvmetcp1", "snapshot_id": null, "source_volid": null, "metadata": {}, "links": [{"rel": "self", "href": "http://10.132.44.205/volume/v3/volumes/80f9e916-2602-4b85-892b-e8ccdc21bbb6"}, {"rel": "bookmark", "href": "http://10.132.44.205/volume/volumes/80f9e916-2602-4b85-892b-e8ccdc21bbb6"}], "user_id": "aee52e99e01048f5aff5acc5dc41331a", "bootable": "false", "encrypted": false, "replication_status": null, "consistencygroup_id": null, "multiattach": false, "attachments": [], "os-vol-tenant-attr:tenant_id": "03fd30c3e170485b9e70e60f69f38e46"}}'
2026-02-17 15:30:09,378 122996 INFO     [tempest.lib.common.rest_client] Request (VolumesTransfersTest:_run_cleanups): 200 GET http://10.132.44.205/volume/v3/volumes/80f9e916-2602-4b85-892b-e8ccdc21bbb6 0.059s
2026-02-17 15:30:09,379 122996 DEBUG    [tempest.lib.common.rest_client] Request - Headers: {'Content-Type': 'application/json', 'Accept': 'application/json', 'X-Auth-Token': '<omitted>'}
        Body: None
    Response - Headers: {'date': 'Tue, 17 Feb 2026 15:30:09 GMT', 'server': 'Apache/2.4.58 (Ubuntu)', 'content-type': 'application/json', 'x-compute-request-id': 'req-98a525c5-226f-4e7b-8f71-b824b9ecf470', 'content-length': '844', 'openstack-api-version': 'volume 3.0', 'vary': 'OpenStack-API-Version', 'x-openstack-request-id': 'req-98a525c5-226f-4e7b-8f71-b824b9ecf470', 'connection': 'close', 'status': '200', 'content-location': 'http://10.132.44.205/volume/v3/volumes/80f9e916-2602-4b85-892b-e8ccdc21bbb6'}
        Body: b'{"volume": {"id": "80f9e916-2602-4b85-892b-e8ccdc21bbb6", "status": "error", "size": 1, "availability_zone": "nova", "created_at": "2026-02-17T15:30:08.000000", "updated_at": "2026-02-17T15:30:08.000000", "name": "tempest-VolumesTransfersTest-Volume-1041917913", "description": null, "volume_type": "nvmetcp1", "snapshot_id": null, "source_volid": null, "metadata": {}, "links": [{"rel": "self", "href": "http://10.132.44.205/volume/v3/volumes/80f9e916-2602-4b85-892b-e8ccdc21bbb6"}, {"rel": "bookmark", "href": "http://10.132.44.205/volume/volumes/80f9e916-2602-4b85-892b-e8ccdc21bbb6"}], "user_id": "aee52e99e01048f5aff5acc5dc41331a", "bootable": "false", "encrypted": false, "replication_status": null, "consistencygroup_id": null, "multiattach": false, "attachments": [], "os-vol-tenant-attr:tenant_id": "03fd30c3e170485b9e70e60f69f38e46"}}'
2026-02-17 15:30:09,599 122996 INFO     [tempest.lib.common.rest_client] Request (VolumesTransfersTest:_run_cleanups): 202 DELETE http://10.132.44.205/volume/v3/volumes/80f9e916-2602-4b85-892b-e8ccdc21bbb6 0.200s
2026-02-17 15:30:09,600 122996 DEBUG    [tempest.lib.common.rest_client] Request - Headers: {'Content-Type': 'application/json', 'Accept': 'application/json', 'X-Auth-Token': '<omitted>'}
        Body: None
    Response - Headers: {'date': 'Tue, 17 Feb 2026 15:30:09 GMT', 'server': 'Apache/2.4.58 (Ubuntu)', 'content-length': '0', 'content-type': 'text/html; charset=UTF-8', 'openstack-api-version': 'volume 3.0', 'vary': 'OpenStack-API-Version', 'x-openstack-request-id': 'req-1c4d774d-11dc-4e7a-8c3f-9342d358b1d5', 'connection': 'close', 'status': '202', 'content-location': 'http://10.132.44.205/volume/v3/volumes/80f9e916-2602-4b85-892b-e8ccdc21bbb6'}
        Body: b''
2026-02-17 15:30:09,639 122996 INFO     [tempest.lib.common.rest_client] Request (VolumesTransfersTest:_run_cleanups): 404 GET http://10.132.44.205/volume/v3/volumes/80
    f9e916-2602-4b85-892b-e8ccdc21bbb6 0.038s
2026-02-17 15:30:09,640 122996 DEBUG    [tempest.lib.common.rest_client] Request - Headers: {'Content-Type': 'application/json', 'Accept': 'application/json', 'X-Auth-Token': '<omitted>'}
        Body: None
    Response - Headers: {'date': 'Tue, 17 Feb 2026 15:30:09 GMT', 'server': 'Apache/2.4.58 (Ubuntu)', 'openstack-api-version': 'volume 3.0', 'vary': 'OpenStack-API-Version', 'content-length': '109', 'content-type': 'application/json', 'x-compute-request-id': 'req-75810fdb-2c2a-4b94-8e6e-2dd4a13b5d2c', 'x-openstack-request-id': 'req-75810fdb-2c2a-4b94-8e6e-2dd4a13b5d2c', 'connection': 'close', 'status': '404', 'content-location': 'http://10.132.44.205/volume/v3/volumes/80f9e916-2602-4b85-892b-e8ccdc21bbb6'}
        Body: b'{"itemNotFound": {"code": 404, "message": "Volume 80f9e916-2602-4b85-892b-e8ccdc21bbb6 could not be found."}}'

{0} tempest.api.volume.test_volume_transfers.VolumesTransfersV355Test.test_create_get_list_accept_volume_transfer [1.970980s] ... FAILED

Captured traceback:
~~~~~~~~~~~~~~~~~~~
    Traceback (most recent call last):

      File "/opt/stack/tempest/tempest/api/volume/test_volume_transfers.py", line 125, in test_create_get_list_accept_volume_transfer
    test_create_get_list_accept_volume_transfer()

      File "/opt/stack/tempest/tempest/api/volume/test_volume_transfers.py", line 40, in test_create_get_list_accept_volume_transfer
    volume = self.create_volume()
             ^^^^^^^^^^^^^^^^^^^^

      File "/opt/stack/tempest/tempest/api/volume/base.py", line 144, in create_volume
    waiters.wait_for_volume_resource_status(self.volumes_client,

      File "/opt/stack/tempest/tempest/common/waiters.py", line 379, in wait_for_volume_resource_status
    raise exceptions.VolumeResourceBuildErrorException(

    tempest.exceptions.VolumeResourceBuildErrorException: volume 4dbef057-06cc-4e71-8ee4-9867976ef54f failed to build and is in ERROR status


Captured pythonlogging:
~~~~~~~~~~~~~~~~~~~~~~~
    2026-02-17 15:30:16,503 122996 INFO     [tempest.lib.common.rest_client] Request (VolumesTransfersV355Test:test_create_get_list_accept_volume_transfer): 202 POST http://10.132.44.205/volume/v3/volumes 0.530s
2026-02-17 15:30:16,503 122996 DEBUG    [tempest.lib.common.rest_client] Request - Headers: {'Content-Type': 'application/json', 'Accept': 'application/json', 'Openstack-Api-Version': 'volume 3.55', 'X-Auth-Token': '<omitted>'}
        Body: {"volume": {"size": 1, "name": "tempest-VolumesTransfersV355Test-Volume-728250873"}}
    Response - Headers: {'date': 'Tue, 17 Feb 2026 15:30:15 GMT', 'server': 'Apache/2.4.58 (Ubuntu)', 'content-type': 'application/json', 'x-compute-request-id': 'req-b287e1ad-456b-429c-935e-0f393b6032e5', 'content-length': '822', 'openstack-api-version': 'volume 3.55', 'vary': 'OpenStack-API-Version', 'x-openstack-request-id': 'req-b287e1ad-456b-429c-935e-0f393b6032e5', 'connection': 'close', 'status': '202', 'content-location': 'http://10.132.44.205/volume/v3/volumes'}
        Body: b'{"volume": {"id": "4dbef057-06cc-4e71-8ee4-9867976ef54f", "status": "creating", "size": 1, "availability_zone": "nova", "created_at": "2026-02-17T15:30:16.370588", "updated_at": null, "name": "tempest-VolumesTransfersV355Test-Volume-728250873", "description": null, "volume_type": "nvmetcp1", "snapshot_id": null, "source_volid": null, "metadata": {}, "links": [{"rel": "self", "href": "http://10.132.44.205/volume/v3/volumes/4dbef057-06cc-4e71-8ee4-9867976ef54f"}, {"rel": "bookmark", "href": "http://10.132.44.205/volume/volumes/4dbef057-06cc-4e71-8ee4-9867976ef54f"}], "user_id": "2cf8c4c205bc41529dae87c1c4e368bb", "bootable": "false", "encrypted": false, "replication_status": null, "consistencygroup_id": null, "multiattach": false, "attachments": [], "group_id": null, "shared_targets": true, "service_uuid": null}}'
2026-02-17 15:30:16,579 122996 INFO     [tempest.lib.common.rest_client] Request (VolumesTransfersV355Test:test_create_get_list_accept_volume_transfer): 200 GET http://10.132.44.205/volume/v3/volumes/4dbef057-06cc-4e71-8ee4-9867976ef54f 0.059s
2026-02-17 15:30:16,579 122996 DEBUG    [tempest.lib.common.rest_client] Request - Headers: {'Content-Type': 'application/json', 'Accept': 'application/json', 'Openstack-Api-Version': 'volume 3.55', 'X-Auth-Token': '<omitted>'}
        Body: None
    Response - Headers: {'date': 'Tue, 17 Feb 2026 15:30:16 GMT', 'server': 'Apache/2.4.58 (Ubuntu)', 'content-type': 'application/json', 'x-compute-request-id': 'req-68f0022b-39e9-4ce7-8303-f7746f4df199', 'content-length': '890', 'openstack-api-version': 'volume 3.55', 'vary': 'OpenStack-API-Version', 'x-openstack-request-id': 'req-68f0022b-39e9-4ce7-8303-f7746f4df199', 'connection': 'close', 'status': '200', 'content-location': 'http://10.132.44.205/volume/v3/volumes/4dbef057-06cc-4e71-8ee4-9867976ef54f'}
        Body: b'{"volume": {"id": "4dbef057-06cc-4e71-8ee4-9867976ef54f", "status": "creating", "size": 1, "availability_zone": "nova", "created_at": "2026-02-17T15:30:16.000000", "updated_at": null, "name": "tempest-VolumesTransfersV355Test-Volume-728250873", "description": null, "volume_type": "nvmetcp1", "snapshot_id": null, "source_volid": null, "metadata": {}, "links": [{"rel": "self", "href": "http://10.132.44.205/volume/v3/volumes/4dbef057-06cc-4e71-8ee4-9867976ef54f"}, {"rel": "bookmark", "href": "http://10.132.44.205/volume/volumes/4dbef057-06cc-4e71-8ee4-9867976ef54f"}], "user_id": "2cf8c4c205bc41529dae87c1c4e368bb", "bootable": "false", "encrypted": false, "replication_status": null, "consistencygroup_id": null, "multiattach": false, "attachments": [], "group_id": null, "shared_targets": true, "service_uuid": null, "os-vol-tenant-attr:tenant_id": "c5d9c18e83974ca08e3ec803d76602f0"}}'
2026-02-17 15:30:17,658 122996 INFO     [tempest.lib.common.rest_client] Request (VolumesTransfersV355Test:test_create_get_list_accept_volume_transfer): 200 GET http://10.132.44.205/volume/v3/volumes/4dbef057-06cc-4e71-8ee4-9867976ef54f 0.059s
2026-02-17 15:30:17,659 122996 DEBUG    [tempest.lib.common.rest_client] Request - Header
    s: {'Content-Type': 'application/json', 'Accept': 'application/json', 'Openstack-Api-Version': 'volume 3.55', 'X-Auth-Token': '<omitted>'}
        Body: None
    Response - Headers: {'date': 'Tue, 17 Feb 2026 15:30:17 GMT', 'server': 'Apache/2.4.58 (Ubuntu)', 'content-type': 'application/json', 'x-compute-request-id': 'req-5d699fec-ae5d-4894-a1d9-eff5b6b46126', 'content-length': '911', 'openstack-api-version': 'volume 3.55', 'vary': 'OpenStack-API-Version', 'x-openstack-request-id': 'req-5d699fec-ae5d-4894-a1d9-eff5b6b46126', 'connection': 'close', 'status': '200', 'content-location': 'http://10.132.44.205/volume/v3/volumes/4dbef057-06cc-4e71-8ee4-9867976ef54f'}
        Body: b'{"volume": {"id": "4dbef057-06cc-4e71-8ee4-9867976ef54f", "status": "error", "size": 1, "availability_zone": "nova", "created_at": "2026-02-17T15:30:16.000000", "updated_at": "2026-02-17T15:30:17.000000", "name": "tempest-VolumesTransfersV355Test-Volume-728250873", "description": null, "volume_type": "nvmetcp1", "snapshot_id": null, "source_volid": null, "metadata": {}, "links": [{"rel": "self", "href": "http://10.132.44.205/volume/v3/volumes/4dbef057-06cc-4e71-8ee4-9867976ef54f"}, {"rel": "bookmark", "href": "http://10.132.44.205/volume/volumes/4dbef057-06cc-4e71-8ee4-9867976ef54f"}], "user_id": "2cf8c4c205bc41529dae87c1c4e368bb", "bootable": "false", "encrypted": false, "replication_status": null, "consistencygroup_id": null, "multiattach": false, "attachments": [], "group_id": null, "shared_targets": true, "service_uuid": null, "os-vol-tenant-attr:tenant_id": "c5d9c18e83974ca08e3ec803d76602f0"}}'
2026-02-17 15:30:17,734 122996 INFO     [tempest.lib.common.rest_client] Request (VolumesTransfersV355Test:_run_cleanups): 200 GET http://10.132.44.205/volume/v3/volumes/4dbef057-06cc-4e71-8ee4-9867976ef54f 0.058s
2026-02-17 15:30:17,735 122996 DEBUG    [tempest.lib.common.rest_client] Request - Headers: {'Content-Type': 'application/json', 'Accept': 'application/json', 'Openstack-Api-Version': 'volume 3.55', 'X-Auth-Token': '<omitted>'}
        Body: None
    Response - Headers: {'date': 'Tue, 17 Feb 2026 15:30:17 GMT', 'server': 'Apache/2.4.58 (Ubuntu)', 'content-type': 'application/json', 'x-compute-request-id': 'req-d25110f9-1386-415d-bfd1-cb7f6327a6fb', 'content-length': '911', 'openstack-api-version': 'volume 3.55', 'vary': 'OpenStack-API-Version', 'x-openstack-request-id': 'req-d25110f9-1386-415d-bfd1-cb7f6327a6fb', 'connection': 'close', 'status': '200', 'content-location': 'http://10.132.44.205/volume/v3/volumes/4dbef057-06cc-4e71-8ee4-9867976ef54f'}
        Body: b'{"volume": {"id": "4dbef057-06cc-4e71-8ee4-9867976ef54f", "status": "error", "size": 1, "availability_zone": "nova", "created_at": "2026-02-17T15:30:16.000000", "updated_at": "2026-02-17T15:30:17.000000", "name": "tempest-VolumesTransfersV355Test-Volume-728250873", "description": null, "volume_type": "nvmetcp1", "snapshot_id": null, "source_volid": null, "metadata": {}, "links": [{"rel": "self", "href": "http://10.132.44.205/volume/v3/volumes/4dbef057-06cc-4e71-8ee4-9867976ef54f"}, {"rel": "bookmark", "href": "http://10.132.44.205/volume/volumes/4dbef057-06cc-4e71-8ee4-9867976ef54f"}], "user_id": "2cf8c4c205bc41529dae87c1c4e368bb", "bootable": "false", "encrypted": false, "replication_status": null, "consistencygroup_id": null, "multiattach": false, "attachments": [], "group_id": null, "shared_targets": true, "service_uuid": null, "os-vol-tenant-attr:tenant_id": "c5d9c18e83974ca08e3ec803d76602f0"}}'
2026-02-17 15:30:17,907 122996 INFO     [tempest.lib.common.rest_client] Request (VolumesTransfersV355Test:_run_cleanups): 202 DELETE http://10.132.44.205/volume/v3/volumes/4dbef057-06cc-4e71-8ee4-9867976ef54f 0.155s
2026-02-17 15:30:17,908 122996 DEBUG    [tempest.lib.common.rest_client] Request - Headers: {'Content-Type': 'application/json', 'Accept': 'application/json', 'Openstack-Api-Version': 'volume 3.55', 'X-Auth-Token': '<omitted>'}
        Body: None
    Response - Headers: {'date': 'Tue, 17 Feb 2026 15:30:17 GMT', 'server': 'Apache/2.4.58 (Ubuntu)', 'content-length': '0', 'con
    tent-type': 'text/html; charset=UTF-8', 'openstack-api-version': 'volume 3.55', 'vary': 'OpenStack-API-Version', 'x-openstack-request-id': 'req-47c2a379-d45d-477a-97e8-6e0b3068c8fc', 'connection': 'close', 'status': '202', 'content-location': 'http://10.132.44.205/volume/v3/volumes/4dbef057-06cc-4e71-8ee4-9867976ef54f'}
        Body: b''
2026-02-17 15:30:17,941 122996 INFO     [tempest.lib.common.rest_client] Request (VolumesTransfersV355Test:_run_cleanups): 404 GET http://10.132.44.205/volume/v3/volumes/4dbef057-06cc-4e71-8ee4-9867976ef54f 0.032s
2026-02-17 15:30:17,942 122996 DEBUG    [tempest.lib.common.rest_client] Request - Headers: {'Content-Type': 'application/json', 'Accept': 'application/json', 'Openstack-Api-Version': 'volume 3.55', 'X-Auth-Token': '<omitted>'}
        Body: None
    Response - Headers: {'date': 'Tue, 17 Feb 2026 15:30:17 GMT', 'server': 'Apache/2.4.58 (Ubuntu)', 'openstack-api-version': 'volume 3.55', 'vary': 'OpenStack-API-Version', 'content-length': '109', 'content-type': 'application/json', 'x-compute-request-id': 'req-e7b48477-e4b4-4903-94ca-b1a3eacc11cc', 'x-openstack-request-id': 'req-e7b48477-e4b4-4903-94ca-b1a3eacc11cc', 'connection': 'close', 'status': '404', 'content-location': 'http://10.132.44.205/volume/v3/volumes/4dbef057-06cc-4e71-8ee4-9867976ef54f'}
        Body: b'{"itemNotFound": {"code": 404, "message": "Volume 4dbef057-06cc-4e71-8ee4-9867976ef54f could not be found."}}'

{0} tempest.api.volume.test_volume_transfers.VolumesTransfersV355Test.test_create_list_delete_volume_transfer [1.799312s] ... FAILED

Captured traceback:
~~~~~~~~~~~~~~~~~~~
    Traceback (most recent call last):

      File "/opt/stack/tempest/tempest/api/volume/test_volume_transfers.py", line 131, in test_create_list_delete_volume_transfer
    test_create_list_delete_volume_transfer()

      File "/opt/stack/tempest/tempest/api/volume/test_volume_transfers.py", line 81, in test_create_list_delete_volume_transfer
    volume = self.create_volume()
             ^^^^^^^^^^^^^^^^^^^^

      File "/opt/stack/tempest/tempest/api/volume/base.py", line 144, in create_volume
    waiters.wait_for_volume_resource_status(self.volumes_client,

      File "/opt/stack/tempest/tempest/common/waiters.py", line 379, in wait_for_volume_resource_status
    raise exceptions.VolumeResourceBuildErrorException(

    tempest.exceptions.VolumeResourceBuildErrorException: volume fe4be9c7-1542-4748-a5cd-19c42761101e failed to build and is in ERROR status


Captured pythonlogging:
~~~~~~~~~~~~~~~~~~~~~~~
    2026-02-17 15:30:18,277 122996 INFO     [tempest.lib.common.rest_client] Request (VolumesTransfersV355Test:test_create_list_delete_volume_transfer): 202 POST http://10.132.44.205/volume/v3/volumes 0.331s
2026-02-17 15:30:18,278 122996 DEBUG    [tempest.lib.common.rest_client] Request - Headers: {'Content-Type': 'application/json', 'Accept': 'application/json', 'Openstack-Api-Version': 'volume 3.55', 'X-Auth-Token': '<omitted>'}
        Body: {"volume": {"size": 1, "name": "tempest-VolumesTransfersV355Test-Volume-1713601768"}}
    Response - Headers: {'date': 'Tue, 17 Feb 2026 15:30:17 GMT', 'server': 'Apache/2.4.58 (Ubuntu)', 'content-type': 'application/json', 'x-compute-request-id': 'req-154af31f-a9ef-4f5d-b45a-42f8b394651c', 'content-length': '823', 'openstack-api-version': 'volume 3.55', 'vary': 'OpenStack-API-Version', 'x-openstack-request-id': 'req-154af31f-a9ef-4f5d-b45a-42f8b394651c', 'connection': 'close', 'status': '202', 'content-location': 'http://10.132.44.205/volume/v3/volumes'}
        Body: b'{"volume": {"id": "fe4be9c7-1542-4748-a5cd-19c42761101e", "status": "creating", "size": 1, "availability_zone": "nova", "created_at": "2026-02-17T15:30:18.159141", "updated_at": null, "name": "tempest-VolumesTransfersV355Test-Volume-1713601768", "description": null, "volume_type": "nvmetcp1", "snapshot_id": null, "source_volid": null, "metadata": {}, "links": [{"rel": "self", "href": "http://10.132.44.205/volume/v3/volumes/fe4be9c7-1542-4748-a5cd-19c42761101e"}, {"rel": "bookmark", "href": "http://10.132.44.205/volume/volumes/fe4be9c7-1542-4748-a5cd-19c42761101e"}], "user_id": "2cf8c4c205bc41529dae87c1c4e368bb", "bootable": "false", "encrypted": false, "replication_status": null, "consistencygroup_id": null, "multiattach": false, "attachments": [], "group_id": null, "shared_targets": true, "service_uuid": null}}'
2026-02-17 15:30:18,383 122996 INFO     [tempest.lib.common.rest_client] Request (VolumesTransfersV355Test:test_create_list_delete_volume_transfer): 200 GET http://10.132.44.205/volume/v3/volumes/fe4be9c7-1542-4748-a5cd-19c42761101e 0.090s
2026-02-17 15:30:18,384 122996 DEBUG    [tempest.lib.common.rest_client] Request - Headers: {'Content-Type': 'application/json', 'Accept': 'application/json', 'Openstack-Api-Version': 'volume 3.55', 'X-Auth-Token': '<omitted>'}
        Body: None
    Response - Headers: {'date': 'Tue, 17 Feb 2026 15:30:18 GMT', 'server': 'Apache/2.4.58 (Ubuntu)', 'content-type': 'application/json', 'x-compute-request-id': 'req-9b81cea2-e879-45c1-be9a-1beb63d73626', 'content-length': '891', 'openstack-api-version': 'volume 3.55', 'vary': 'OpenStack-API-Version', 'x-openstack-request-id': 'req-9b81cea2-e879-45c1-be9a-1beb63d73626', 'connection': 'close', 'status': '200', 'content-location': 'http://10.132.44.205/volume/v3/volumes/fe4be9c7-1542-4748-a5cd-19c42761101e'}
        Body: b'{"volume": {"id": "fe4be9c7-1542-4748-a5cd-19c42761101e", "status": "creating", "size": 1, "availability_zone": "nova", "created_at": "2026-02-17T15:30:18.000000", "updated_at": null, "name": "tempest-VolumesTransfersV355Test-Volume-1713601768", "description": null, "volume_type": "nvmetcp1", "snapshot_id": null, "source_volid": null, "metadata": {}, "links": [{"rel": "self", "href": "http://10.132.44.205/volume/v3/volumes/fe4be9c7-1542-4748-a5cd-19c42761101e"}, {"rel": "bookmark", "href": "http://10.132.44.205/volume/volumes/fe4be9c7-1542-4748-a5cd-19c42761101e"}], "user_id": "2cf8c4c205bc41529dae87c1c4e368bb", "bootable": "false", "encrypted": false, "replication_status": null, "consistencygroup_id": null, "multiattach": false, "attachments": [], "group_id": null, "shared_targets": true, "service_uuid": null, "os-vol-tenant-attr:tenant_id": "c5d9c18e83974ca08e3ec803d76602f0"}}'
2026-02-17 15:30:19,460 122996 INFO     [tempest.lib.common.rest_client] Request (VolumesTransfersV355Test:test_create_list_delete_volume_transfer): 200 GET http://10.132.44.205/volume/v3/volumes/fe4be9c7-1542-4748-a5cd-19c42761101e 0.060s
2026-02-17 15:30:19,461 122996 DEBUG    [tempest.lib.common.rest_client] Request - Headers: {'Cont
    ent-Type': 'application/json', 'Accept': 'application/json', 'Openstack-Api-Version': 'volume 3.55', 'X-Auth-Token': '<omitted>'}
        Body: None
    Response - Headers: {'date': 'Tue, 17 Feb 2026 15:30:19 GMT', 'server': 'Apache/2.4.58 (Ubuntu)', 'content-type': 'application/json', 'x-compute-request-id': 'req-ab61f7f7-c2aa-471d-aa0e-87f5e5dafb72', 'content-length': '912', 'openstack-api-version': 'volume 3.55', 'vary': 'OpenStack-API-Version', 'x-openstack-request-id': 'req-ab61f7f7-c2aa-471d-aa0e-87f5e5dafb72', 'connection': 'close', 'status': '200', 'content-location': 'http://10.132.44.205/volume/v3/volumes/fe4be9c7-1542-4748-a5cd-19c42761101e'}
        Body: b'{"volume": {"id": "fe4be9c7-1542-4748-a5cd-19c42761101e", "status": "error", "size": 1, "availability_zone": "nova", "created_at": "2026-02-17T15:30:18.000000", "updated_at": "2026-02-17T15:30:18.000000", "name": "tempest-VolumesTransfersV355Test-Volume-1713601768", "description": null, "volume_type": "nvmetcp1", "snapshot_id": null, "source_volid": null, "metadata": {}, "links": [{"rel": "self", "href": "http://10.132.44.205/volume/v3/volumes/fe4be9c7-1542-4748-a5cd-19c42761101e"}, {"rel": "bookmark", "href": "http://10.132.44.205/volume/volumes/fe4be9c7-1542-4748-a5cd-19c42761101e"}], "user_id": "2cf8c4c205bc41529dae87c1c4e368bb", "bootable": "false", "encrypted": false, "replication_status": null, "consistencygroup_id": null, "multiattach": false, "attachments": [], "group_id": null, "shared_targets": true, "service_uuid": null, "os-vol-tenant-attr:tenant_id": "c5d9c18e83974ca08e3ec803d76602f0"}}'
2026-02-17 15:30:19,538 122996 INFO     [tempest.lib.common.rest_client] Request (VolumesTransfersV355Test:_run_cleanups): 200 GET http://10.132.44.205/volume/v3/volumes/fe4be9c7-1542-4748-a5cd-19c42761101e 0.060s
2026-02-17 15:30:19,539 122996 DEBUG    [tempest.lib.common.rest_client] Request - Headers: {'Content-Type': 'application/json', 'Accept': 'application/json', 'Openstack-Api-Version': 'volume 3.55', 'X-Auth-Token': '<omitted>'}
        Body: None
    Response - Headers: {'date': 'Tue, 17 Feb 2026 15:30:19 GMT', 'server': 'Apache/2.4.58 (Ubuntu)', 'content-type': 'application/json', 'x-compute-request-id': 'req-4d16bdca-1d0e-4241-97d1-a702ff94da4b', 'content-length': '912', 'openstack-api-version': 'volume 3.55', 'vary': 'OpenStack-API-Version', 'x-openstack-request-id': 'req-4d16bdca-1d0e-4241-97d1-a702ff94da4b', 'connection': 'close', 'status': '200', 'content-location': 'http://10.132.44.205/volume/v3/volumes/fe4be9c7-1542-4748-a5cd-19c42761101e'}
        Body: b'{"volume": {"id": "fe4be9c7-1542-4748-a5cd-19c42761101e", "status": "error", "size": 1, "availability_zone": "nova", "created_at": "2026-02-17T15:30:18.000000", "updated_at": "2026-02-17T15:30:18.000000", "name": "tempest-VolumesTransfersV355Test-Volume-1713601768", "description": null, "volume_type": "nvmetcp1", "snapshot_id": null, "source_volid": null, "metadata": {}, "links": [{"rel": "self", "href": "http://10.132.44.205/volume/v3/volumes/fe4be9c7-1542-4748-a5cd-19c42761101e"}, {"rel": "bookmark", "href": "http://10.132.44.205/volume/volumes/fe4be9c7-1542-4748-a5cd-19c42761101e"}], "user_id": "2cf8c4c205bc41529dae87c1c4e368bb", "bootable": "false", "encrypted": false, "replication_status": null, "consistencygroup_id": null, "multiattach": false, "attachments": [], "group_id": null, "shared_targets": true, "service_uuid": null, "os-vol-tenant-attr:tenant_id": "c5d9c18e83974ca08e3ec803d76602f0"}}'
2026-02-17 15:30:19,711 122996 INFO     [tempest.lib.common.rest_client] Request (VolumesTransfersV355Test:_run_cleanups): 202 DELETE http://10.132.44.205/volume/v3/volumes/fe4be9c7-1542-4748-a5cd-19c42761101e 0.155s
2026-02-17 15:30:19,712 122996 DEBUG    [tempest.lib.common.rest_client] Request - Headers: {'Content-Type': 'application/json', 'Accept': 'application/json', 'Openstack-Api-Version': 'volume 3.55', 'X-Auth-Token': '<omitted>'}
        Body: None
    Response - Headers: {'date': 'Tue, 17 Feb 2026 15:30:19 GMT', 'server': 'Apache/2.4.58 (Ubuntu)', 'content-length': '0', 'content-ty
    pe': 'text/html; charset=UTF-8', 'openstack-api-version': 'volume 3.55', 'vary': 'OpenStack-API-Version', 'x-openstack-request-id': 'req-5b1fb202-fcc6-4aa5-90d5-07cfc7e95ebc', 'connection': 'close', 'status': '202', 'content-location': 'http://10.132.44.205/volume/v3/volumes/fe4be9c7-1542-4748-a5cd-19c42761101e'}
        Body: b''
2026-02-17 15:30:19,743 122996 INFO     [tempest.lib.common.rest_client] Request (VolumesTransfersV355Test:_run_cleanups): 404 GET http://10.132.44.205/volume/v3/volumes/fe4be9c7-1542-4748-a5cd-19c42761101e 0.031s
2026-02-17 15:30:19,744 122996 DEBUG    [tempest.lib.common.rest_client] Request - Headers: {'Content-Type': 'application/json', 'Accept': 'application/json', 'Openstack-Api-Version': 'volume 3.55', 'X-Auth-Token': '<omitted>'}
        Body: None
    Response - Headers: {'date': 'Tue, 17 Feb 2026 15:30:19 GMT', 'server': 'Apache/2.4.58 (Ubuntu)', 'openstack-api-version': 'volume 3.55', 'vary': 'OpenStack-API-Version', 'content-length': '109', 'content-type': 'application/json', 'x-compute-request-id': 'req-46d00653-96fc-4b32-a4e1-bbebb233036c', 'x-openstack-request-id': 'req-46d00653-96fc-4b32-a4e1-bbebb233036c', 'connection': 'close', 'status': '404', 'content-location': 'http://10.132.44.205/volume/v3/volumes/fe4be9c7-1542-4748-a5cd-19c42761101e'}
        Body: b'{"itemNotFound": {"code": 404, "message": "Volume fe4be9c7-1542-4748-a5cd-19c42761101e could not be found."}}'

{0} tempest.api.volume.test_volume_transfers.VolumesTransfersV357Test.test_create_get_list_accept_volume_transfer [1.975303s] ... FAILED

Captured traceback:
~~~~~~~~~~~~~~~~~~~
    Traceback (most recent call last):

      File "/opt/stack/tempest/tempest/api/volume/test_volume_transfers.py", line 144, in test_create_get_list_accept_volume_transfer
    test_create_get_list_accept_volume_transfer()

      File "/opt/stack/tempest/tempest/api/volume/test_volume_transfers.py", line 125, in test_create_get_list_accept_volume_transfer
    test_create_get_list_accept_volume_transfer()

      File "/opt/stack/tempest/tempest/api/volume/test_volume_transfers.py", line 40, in test_create_get_list_accept_volume_transfer
    volume = self.create_volume()
             ^^^^^^^^^^^^^^^^^^^^

      File "/opt/stack/tempest/tempest/api/volume/base.py", line 144, in create_volume
    waiters.wait_for_volume_resource_status(self.volumes_client,

      File "/opt/stack/tempest/tempest/common/waiters.py", line 379, in wait_for_volume_resource_status
    raise exceptions.VolumeResourceBuildErrorException(

    tempest.exceptions.VolumeResourceBuildErrorException: volume 463ecfde-94db-458b-994f-fffa1b4df08b failed to build and is in ERROR status


Captured pythonlogging:
~~~~~~~~~~~~~~~~~~~~~~~
    2026-02-17 15:30:26,797 122996 INFO     [tempest.lib.common.rest_client] Request (VolumesTransfersV357Test:test_create_get_list_accept_volume_transfer): 202 POST http://10.132.44.205/volume/v3/volumes 0.546s
2026-02-17 15:30:26,798 122996 DEBUG    [tempest.lib.common.rest_client] Request - Headers: {'Content-Type': 'application/json', 'Accept': 'application/json', 'Openstack-Api-Version': 'volume 3.57', 'X-Auth-Token': '<omitted>'}
        Body: {"volume": {"size": 1, "name": "tempest-VolumesTransfersV357Test-Volume-1431134466"}}
    Response - Headers: {'date': 'Tue, 17 Feb 2026 15:30:26 GMT', 'server': 'Apache/2.4.58 (Ubuntu)', 'content-type': 'application/json', 'x-compute-request-id': 'req-f456c90e-d909-4792-ad42-d9a73cda2d58', 'content-length': '823', 'openstack-api-version': 'volume 3.57', 'vary': 'OpenStack-API-Version', 'x-openstack-request-id': 'req-f456c90e-d909-4792-ad42-d9a73cda2d58', 'connection': 'close', 'status': '202', 'content-location': 'http://10.132.44.205/volume/v3/volumes'}
        Body: b'{"volume": {"id": "463ecfde-94db-458b-994f-fffa1b4df08b", "status": "creating", "size": 1, "availability_zone": "nova", "created_at": "2026-02-17T15:30:26.711833", "updated_at": null, "name": "tempest-VolumesTransfersV357Test-Volume-1431134466", "description": null, "volume_type": "nvmetcp1", "snapshot_id": null, "source_volid": null, "metadata": {}, "links": [{"rel": "self", "href": "http://10.132.44.205/volume/v3/volumes/463ecfde-94db-458b-994f-fffa1b4df08b"}, {"rel": "bookmark", "href": "http://10.132.44.205/volume/volumes/463ecfde-94db-458b-994f-fffa1b4df08b"}], "user_id": "d4eb3cdf57dc4d89a80358612da416b6", "bootable": "false", "encrypted": false, "replication_status": null, "consistencygroup_id": null, "multiattach": false, "attachments": [], "group_id": null, "shared_targets": true, "service_uuid": null}}'
2026-02-17 15:30:26,862 122996 INFO     [tempest.lib.common.rest_client] Request (VolumesTransfersV357Test:test_create_get_list_accept_volume_transfer): 200 GET http://10.132.44.205/volume/v3/volumes/463ecfde-94db-458b-994f-fffa1b4df08b 0.048s
2026-02-17 15:30:26,863 122996 DEBUG    [tempest.lib.common.rest_client] Request - Headers: {'Content-Type': 'application/json', 'Accept': 'application/json', 'Openstack-Api-Version': 'volume 3.57', 'X-Auth-Token': '<omitted>'}
        Body: None
    Response - Headers: {'date': 'Tue, 17 Feb 2026 15:30:26 GMT', 'server': 'Apache/2.4.58 (Ubuntu)', 'content-type': 'application/json', 'x-compute-request-id': 'req-24cb07b1-04fa-45b8-b782-eaa7f0b0a001', 'content-length': '891', 'openstack-api-version': 'volume 3.57', 'vary': 'OpenStack-API-Version', 'x-openstack-request-id': 'req-24cb07b1-04fa-45b8-b782-eaa7f0b0a001', 'connection': 'close', 'status': '200', 'content-location': 'http://10.132.44.205/volume/v3/volumes/463ecfde-94db-458b-994f-fffa1b4df08b'}
        Body: b'{"volume": {"id": "463ecfde-94db-458b-994f-fffa1b4df08b", "status": "creating", "size": 1, "availability_zone": "nova", "created_at": "2026-02-17T15:30:27.000000", "updated_at": null, "name": "tempest-VolumesTransfersV357Test-Volume-1431134466", "description": null, "volume_type": "nvmetcp1", "snapshot_id": null, "source_volid": null, "metadata": {}, "links": [{"rel": "self", "href": "http://10.132.44.205/volume/v3/volumes/463ecfde-94db-458b-994f-fffa1b4df08b"}, {"rel": "bookmark", "href": "http://10.132.44.205/volume/volumes/463ecfde-94db-458b-994f-fffa1b4df08b"}], "user_id": "d4eb3cdf57dc4d89a80358612da416b6", "bootable": "false", "encrypted": false, "replication_status": null, "consistencygroup_id": null, "multiattach": false, "attachments": [], "group_id": null, "shared_targets": true, "service_uuid": null, "os-vol-tenant-attr:tenant_id": "28a0e7737f14426291113b31756370b6"}}'
2026-02-17 15:30:27,945 122996 INFO     [tempest.lib.common.rest_client] Request (VolumesTransfersV357Test:test_create_get_list_accept_volume_transfer): 200 GET http://10.132.44.205/volume/v3/volumes/463ecfde-94db-458b-994f-fffa1b4df08b 0.063s
2026-02-17 15:30:27,946 122996 DEBUG    [tempest.lib.common.rest_client] Request - Hea
    ders: {'Content-Type': 'application/json', 'Accept': 'application/json', 'Openstack-Api-Version': 'volume 3.57', 'X-Auth-Token': '<omitted>'}
        Body: None
    Response - Headers: {'date': 'Tue, 17 Feb 2026 15:30:27 GMT', 'server': 'Apache/2.4.58 (Ubuntu)', 'content-type': 'application/json', 'x-compute-request-id': 'req-317b913d-4048-48c3-a90e-23b3efdbaca9', 'content-length': '912', 'openstack-api-version': 'volume 3.57', 'vary': 'OpenStack-API-Version', 'x-openstack-request-id': 'req-317b913d-4048-48c3-a90e-23b3efdbaca9', 'connection': 'close', 'status': '200', 'content-location': 'http://10.132.44.205/volume/v3/volumes/463ecfde-94db-458b-994f-fffa1b4df08b'}
        Body: b'{"volume": {"id": "463ecfde-94db-458b-994f-fffa1b4df08b", "status": "error", "size": 1, "availability_zone": "nova", "created_at": "2026-02-17T15:30:27.000000", "updated_at": "2026-02-17T15:30:27.000000", "name": "tempest-VolumesTransfersV357Test-Volume-1431134466", "description": null, "volume_type": "nvmetcp1", "snapshot_id": null, "source_volid": null, "metadata": {}, "links": [{"rel": "self", "href": "http://10.132.44.205/volume/v3/volumes/463ecfde-94db-458b-994f-fffa1b4df08b"}, {"rel": "bookmark", "href": "http://10.132.44.205/volume/volumes/463ecfde-94db-458b-994f-fffa1b4df08b"}], "user_id": "d4eb3cdf57dc4d89a80358612da416b6", "bootable": "false", "encrypted": false, "replication_status": null, "consistencygroup_id": null, "multiattach": false, "attachments": [], "group_id": null, "shared_targets": true, "service_uuid": null, "os-vol-tenant-attr:tenant_id": "28a0e7737f14426291113b31756370b6"}}'
2026-02-17 15:30:28,022 122996 INFO     [tempest.lib.common.rest_client] Request (VolumesTransfersV357Test:_run_cleanups): 200 GET http://10.132.44.205/volume/v3/volumes/463ecfde-94db-458b-994f-fffa1b4df08b 0.059s
2026-02-17 15:30:28,023 122996 DEBUG    [tempest.lib.common.rest_client] Request - Headers: {'Content-Type': 'application/json', 'Accept': 'application/json', 'Openstack-Api-Version': 'volume 3.57', 'X-Auth-Token': '<omitted>'}
        Body: None
    Response - Headers: {'date': 'Tue, 17 Feb 2026 15:30:27 GMT', 'server': 'Apache/2.4.58 (Ubuntu)', 'content-type': 'application/json', 'x-compute-request-id': 'req-eec469df-96fa-4c4c-ac6c-2835790d766c', 'content-length': '912', 'openstack-api-version': 'volume 3.57', 'vary': 'OpenStack-API-Version', 'x-openstack-request-id': 'req-eec469df-96fa-4c4c-ac6c-2835790d766c', 'connection': 'close', 'status': '200', 'content-location': 'http://10.132.44.205/volume/v3/volumes/463ecfde-94db-458b-994f-fffa1b4df08b'}
        Body: b'{"volume": {"id": "463ecfde-94db-458b-994f-fffa1b4df08b", "status": "error", "size": 1, "availability_zone": "nova", "created_at": "2026-02-17T15:30:27.000000", "updated_at": "2026-02-17T15:30:27.000000", "name": "tempest-VolumesTransfersV357Test-Volume-1431134466", "description": null, "volume_type": "nvmetcp1", "snapshot_id": null, "source_volid": null, "metadata": {}, "links": [{"rel": "self", "href": "http://10.132.44.205/volume/v3/volumes/463ecfde-94db-458b-994f-fffa1b4df08b"}, {"rel": "bookmark", "href": "http://10.132.44.205/volume/volumes/463ecfde-94db-458b-994f-fffa1b4df08b"}], "user_id": "d4eb3cdf57dc4d89a80358612da416b6", "bootable": "false", "encrypted": false, "replication_status": null, "consistencygroup_id": null, "multiattach": false, "attachments": [], "group_id": null, "shared_targets": true, "service_uuid": null, "os-vol-tenant-attr:tenant_id": "28a0e7737f14426291113b31756370b6"}}'
2026-02-17 15:30:28,193 122996 INFO     [tempest.lib.common.rest_client] Request (VolumesTransfersV357Test:_run_cleanups): 202 DELETE http://10.132.44.205/volume/v3/volumes/463ecfde-94db-458b-994f-fffa1b4df08b 0.152s
2026-02-17 15:30:28,193 122996 DEBUG    [tempest.lib.common.rest_client] Request - Headers: {'Content-Type': 'application/json', 'Accept': 'application/json', 'Openstack-Api-Version': 'volume 3.57', 'X-Auth-Token': '<omitted>'}
        Body: None
    Response - Headers: {'date': 'Tue, 17 Feb 2026 15:30:28 GMT', 'server': 'Apache/2.4.58 (Ubuntu)', 'content-length': '0',
     'content-type': 'text/html; charset=UTF-8', 'openstack-api-version': 'volume 3.57', 'vary': 'OpenStack-API-Version', 'x-openstack-request-id': 'req-19b3e79f-0b43-4830-b9ed-5d501c99e1d7', 'connection': 'close', 'status': '202', 'content-location': 'http://10.132.44.205/volume/v3/volumes/463ecfde-94db-458b-994f-fffa1b4df08b'}
        Body: b''
2026-02-17 15:30:28,224 122996 INFO     [tempest.lib.common.rest_client] Request (VolumesTransfersV357Test:_run_cleanups): 404 GET http://10.132.44.205/volume/v3/volumes/463ecfde-94db-458b-994f-fffa1b4df08b 0.030s
2026-02-17 15:30:28,224 122996 DEBUG    [tempest.lib.common.rest_client] Request - Headers: {'Content-Type': 'application/json', 'Accept': 'application/json', 'Openstack-Api-Version': 'volume 3.57', 'X-Auth-Token': '<omitted>'}
        Body: None
    Response - Headers: {'date': 'Tue, 17 Feb 2026 15:30:28 GMT', 'server': 'Apache/2.4.58 (Ubuntu)', 'openstack-api-version': 'volume 3.57', 'vary': 'OpenStack-API-Version', 'content-length': '109', 'content-type': 'application/json', 'x-compute-request-id': 'req-c2934a45-5144-4fc5-a0e5-5f90573fc9b8', 'x-openstack-request-id': 'req-c2934a45-5144-4fc5-a0e5-5f90573fc9b8', 'connection': 'close', 'status': '404', 'content-location': 'http://10.132.44.205/volume/v3/volumes/463ecfde-94db-458b-994f-fffa1b4df08b'}
        Body: b'{"itemNotFound": {"code": 404, "message": "Volume 463ecfde-94db-458b-994f-fffa1b4df08b could not be found."}}'

{0} tempest.api.volume.test_volume_transfers.VolumesTransfersV357Test.test_create_list_delete_volume_transfer [1.701271s] ... FAILED

Captured traceback:
~~~~~~~~~~~~~~~~~~~
    Traceback (most recent call last):

      File "/opt/stack/tempest/tempest/api/volume/test_volume_transfers.py", line 150, in test_create_list_delete_volume_transfer
    test_create_list_delete_volume_transfer()

      File "/opt/stack/tempest/tempest/api/volume/test_volume_transfers.py", line 131, in test_create_list_delete_volume_transfer
    test_create_list_delete_volume_transfer()

      File "/opt/stack/tempest/tempest/api/volume/test_volume_transfers.py", line 81, in test_create_list_delete_volume_transfer
    volume = self.create_volume()
             ^^^^^^^^^^^^^^^^^^^^

      File "/opt/stack/tempest/tempest/api/volume/base.py", line 144, in create_volume
    waiters.wait_for_volume_resource_status(self.volumes_client,

      File "/opt/stack/tempest/tempest/common/waiters.py", line 379, in wait_for_volume_resource_status
    raise exceptions.VolumeResourceBuildErrorException(

    tempest.exceptions.VolumeResourceBuildErrorException: volume 29e0ac1b-3b6e-4a9f-84f0-c311d41d4ae0 failed to build and is in ERROR status


Captured pythonlogging:
~~~~~~~~~~~~~~~~~~~~~~~
    2026-02-17 15:30:28,498 122996 INFO     [tempest.lib.common.rest_client] Request (VolumesTransfersV357Test:test_create_list_delete_volume_transfer): 202 POST http://10.132.44.205/volume/v3/volumes 0.269s
2026-02-17 15:30:28,499 122996 DEBUG    [tempest.lib.common.rest_client] Request - Headers: {'Content-Type': 'application/json', 'Accept': 'application/json', 'Openstack-Api-Version': 'volume 3.57', 'X-Auth-Token': '<omitted>'}
        Body: {"volume": {"size": 1, "name": "tempest-VolumesTransfersV357Test-Volume-1955411557"}}
    Response - Headers: {'date': 'Tue, 17 Feb 2026 15:30:28 GMT', 'server': 'Apache/2.4.58 (Ubuntu)', 'content-type': 'application/json', 'x-compute-request-id': 'req-fe76ffe2-1dc6-497f-afcc-acf73721d6fc', 'content-length': '823', 'openstack-api-version': 'volume 3.57', 'vary': 'OpenStack-API-Version', 'x-openstack-request-id': 'req-fe76ffe2-1dc6-497f-afcc-acf73721d6fc', 'connection': 'close', 'status': '202', 'content-location': 'http://10.132.44.205/volume/v3/volumes'}
        Body: b'{"volume": {"id": "29e0ac1b-3b6e-4a9f-84f0-c311d41d4ae0", "status": "creating", "size": 1, "availability_zone": "nova", "created_at": "2026-02-17T15:30:28.409663", "updated_at": null, "name": "tempest-VolumesTransfersV357Test-Volume-1955411557", "description": null, "volume_type": "nvmetcp1", "snapshot_id": null, "source_volid": null, "metadata": {}, "links": [{"rel": "self", "href": "http://10.132.44.205/volume/v3/volumes/29e0ac1b-3b6e-4a9f-84f0-c311d41d4ae0"}, {"rel": "bookmark", "href": "http://10.132.44.205/volume/volumes/29e0ac1b-3b6e-4a9f-84f0-c311d41d4ae0"}], "user_id": "d4eb3cdf57dc4d89a80358612da416b6", "bootable": "false", "encrypted": false, "replication_status": null, "consistencygroup_id": null, "multiattach": false, "attachments": [], "group_id": null, "shared_targets": true, "service_uuid": null}}'
2026-02-17 15:30:28,572 122996 INFO     [tempest.lib.common.rest_client] Request (VolumesTransfersV357Test:test_create_list_delete_volume_transfer): 200 GET http://10.132.44.205/volume/v3/volumes/29e0ac1b-3b6e-4a9f-84f0-c311d41d4ae0 0.065s
2026-02-17 15:30:28,572 122996 DEBUG    [tempest.lib.common.rest_client] Request - Headers: {'Content-Type': 'application/json', 'Accept': 'application/json', 'Openstack-Api-Version': 'volume 3.57', 'X-Auth-Token': '<omitted>'}
        Body: None
    Response - Headers: {'date': 'Tue, 17 Feb 2026 15:30:28 GMT', 'server': 'Apache/2.4.58 (Ubuntu)', 'content-type': 'application/json', 'x-compute-request-id': 'req-cef9fc3e-4d69-41e7-a41f-20ab39e9d216', 'content-length': '891', 'openstack-api-version': 'volume 3.57', 'vary': 'OpenStack-API-Version', 'x-openstack-request-id': 'req-cef9fc3e-4d69-41e7-a41f-20ab39e9d216', 'connection': 'close', 'status': '200', 'content-location': 'http://10.132.44.205/volume/v3/volumes/29e0ac1b-3b6e-4a9f-84f0-c311d41d4ae0'}
        Body: b'{"volume": {"id": "29e0ac1b-3b6e-4a9f-84f0-c311d41d4ae0", "status": "creating", "size": 1, "availability_zone": "nova", "created_at": "2026-02-17T15:30:28.000000", "updated_at": null, "name": "tempest-VolumesTransfersV357Test-Volume-1955411557", "description": null, "volume_type": "nvmetcp1", "snapshot_id": null, "source_volid": null, "metadata": {}, "links": [{"rel": "self", "href": "http://10.132.44.205/volume/v3/volumes/29e0ac1b-3b6e-4a9f-84f0-c311d41d4ae0"}, {"rel": "bookmark", "href": "http://10.132.44.205/volume/volumes/29e0ac1b-3b6e-4a9f-84f0-c311d41d4ae0"}], "user_id": "d4eb3cdf57dc4d89a80358612da416b6", "bootable": "false", "encrypted": false, "replication_status": null, "consistencygroup_id": null, "multiattach": false, "attachments": [], "group_id": null, "shared_targets": true, "service_uuid": null, "os-vol-tenant-attr:tenant_id": "28a0e7737f14426291113b31756370b6"}}'
2026-02-17 15:30:29,643 122996 INFO     [tempest.lib.common.rest_client] Request (VolumesTransfersV357Test:test_create_list_delete_volume_transfer): 200 GET http://10.132.44.205/volume/v3/volumes/29e0ac1b-3b6e-4a9f-84f0-c311d41d4ae0 0.060s
2026-02-17 15:30:29,644 122996 DEBUG    [tempest.lib.common.rest_client] Request - Headers: {'Cont
    ent-Type': 'application/json', 'Accept': 'application/json', 'Openstack-Api-Version': 'volume 3.57', 'X-Auth-Token': '<omitted>'}
        Body: None
    Response - Headers: {'date': 'Tue, 17 Feb 2026 15:30:29 GMT', 'server': 'Apache/2.4.58 (Ubuntu)', 'content-type': 'application/json', 'x-compute-request-id': 'req-c090381b-e513-4083-909a-30220c1e5a74', 'content-length': '912', 'openstack-api-version': 'volume 3.57', 'vary': 'OpenStack-API-Version', 'x-openstack-request-id': 'req-c090381b-e513-4083-909a-30220c1e5a74', 'connection': 'close', 'status': '200', 'content-location': 'http://10.132.44.205/volume/v3/volumes/29e0ac1b-3b6e-4a9f-84f0-c311d41d4ae0'}
        Body: b'{"volume": {"id": "29e0ac1b-3b6e-4a9f-84f0-c311d41d4ae0", "status": "error", "size": 1, "availability_zone": "nova", "created_at": "2026-02-17T15:30:28.000000", "updated_at": "2026-02-17T15:30:29.000000", "name": "tempest-VolumesTransfersV357Test-Volume-1955411557", "description": null, "volume_type": "nvmetcp1", "snapshot_id": null, "source_volid": null, "metadata": {}, "links": [{"rel": "self", "href": "http://10.132.44.205/volume/v3/volumes/29e0ac1b-3b6e-4a9f-84f0-c311d41d4ae0"}, {"rel": "bookmark", "href": "http://10.132.44.205/volume/volumes/29e0ac1b-3b6e-4a9f-84f0-c311d41d4ae0"}], "user_id": "d4eb3cdf57dc4d89a80358612da416b6", "bootable": "false", "encrypted": false, "replication_status": null, "consistencygroup_id": null, "multiattach": false, "attachments": [], "group_id": null, "shared_targets": true, "service_uuid": null, "os-vol-tenant-attr:tenant_id": "28a0e7737f14426291113b31756370b6"}}'
2026-02-17 15:30:29,721 122996 INFO     [tempest.lib.common.rest_client] Request (VolumesTransfersV357Test:_run_cleanups): 200 GET http://10.132.44.205/volume/v3/volumes/29e0ac1b-3b6e-4a9f-84f0-c311d41d4ae0 0.059s
2026-02-17 15:30:29,721 122996 DEBUG    [tempest.lib.common.rest_client] Request - Headers: {'Content-Type': 'application/json', 'Accept': 'application/json', 'Openstack-Api-Version': 'volume 3.57', 'X-Auth-Token': '<omitted>'}
        Body: None
    Response - Headers: {'date': 'Tue, 17 Feb 2026 15:30:29 GMT', 'server': 'Apache/2.4.58 (Ubuntu)', 'content-type': 'application/json', 'x-compute-request-id': 'req-fef7c575-14bb-4c64-89fe-c14b10f9d090', 'content-length': '912', 'openstack-api-version': 'volume 3.57', 'vary': 'OpenStack-API-Version', 'x-openstack-request-id': 'req-fef7c575-14bb-4c64-89fe-c14b10f9d090', 'connection': 'close', 'status': '200', 'content-location': 'http://10.132.44.205/volume/v3/volumes/29e0ac1b-3b6e-4a9f-84f0-c311d41d4ae0'}
        Body: b'{"volume": {"id": "29e0ac1b-3b6e-4a9f-84f0-c311d41d4ae0", "status": "error", "size": 1, "availability_zone": "nova", "created_at": "2026-02-17T15:30:28.000000", "updated_at": "2026-02-17T15:30:29.000000", "name": "tempest-VolumesTransfersV357Test-Volume-1955411557", "description": null, "volume_type": "nvmetcp1", "snapshot_id": null, "source_volid": null, "metadata": {}, "links": [{"rel": "self", "href": "http://10.132.44.205/volume/v3/volumes/29e0ac1b-3b6e-4a9f-84f0-c311d41d4ae0"}, {"rel": "bookmark", "href": "http://10.132.44.205/volume/volumes/29e0ac1b-3b6e-4a9f-84f0-c311d41d4ae0"}], "user_id": "d4eb3cdf57dc4d89a80358612da416b6", "bootable": "false", "encrypted": false, "replication_status": null, "consistencygroup_id": null, "multiattach": false, "attachments": [], "group_id": null, "shared_targets": true, "service_uuid": null, "os-vol-tenant-attr:tenant_id": "28a0e7737f14426291113b31756370b6"}}'
2026-02-17 15:30:29,896 122996 INFO     [tempest.lib.common.rest_client] Request (VolumesTransfersV357Test:_run_cleanups): 202 DELETE http://10.132.44.205/volume/v3/volumes/29e0ac1b-3b6e-4a9f-84f0-c311d41d4ae0 0.157s
2026-02-17 15:30:29,897 122996 DEBUG    [tempest.lib.common.rest_client] Request - Headers: {'Content-Type': 'application/json', 'Accept': 'application/json', 'Openstack-Api-Version': 'volume 3.57', 'X-Auth-Token': '<omitted>'}
        Body: None
    Response - Headers: {'date': 'Tue, 17 Feb 2026 15:30:29 GMT', 'server': 'Apache/2.4.58 (Ubuntu)', 'content-length': '0', 'content-ty
    pe': 'text/html; charset=UTF-8', 'openstack-api-version': 'volume 3.57', 'vary': 'OpenStack-API-Version', 'x-openstack-request-id': 'req-aca85976-2940-47f3-ab34-e0e9710af847', 'connection': 'close', 'status': '202', 'content-location': 'http://10.132.44.205/volume/v3/volumes/29e0ac1b-3b6e-4a9f-84f0-c311d41d4ae0'}
        Body: b''
2026-02-17 15:30:29,928 122996 INFO     [tempest.lib.common.rest_client] Request (VolumesTransfersV357Test:_run_cleanups): 404 GET http://10.132.44.205/volume/v3/volumes/29e0ac1b-3b6e-4a9f-84f0-c311d41d4ae0 0.030s
2026-02-17 15:30:29,928 122996 DEBUG    [tempest.lib.common.rest_client] Request - Headers: {'Content-Type': 'application/json', 'Accept': 'application/json', 'Openstack-Api-Version': 'volume 3.57', 'X-Auth-Token': '<omitted>'}
        Body: None
    Response - Headers: {'date': 'Tue, 17 Feb 2026 15:30:29 GMT', 'server': 'Apache/2.4.58 (Ubuntu)', 'openstack-api-version': 'volume 3.57', 'vary': 'OpenStack-API-Version', 'content-length': '109', 'content-type': 'application/json', 'x-compute-request-id': 'req-bfc68e5c-f87e-4af2-b244-e3a0c41dfd9e', 'x-openstack-request-id': 'req-bfc68e5c-f87e-4af2-b244-e3a0c41dfd9e', 'connection': 'close', 'status': '404', 'content-location': 'http://10.132.44.205/volume/v3/volumes/29e0ac1b-3b6e-4a9f-84f0-c311d41d4ae0'}
        Body: b'{"itemNotFound": {"code": 404, "message": "Volume 29e0ac1b-3b6e-4a9f-84f0-c311d41d4ae0 could not be found."}}'

{0} tempest.api.volume.test_volumes_clone.VolumesCloneTest.test_create_from_volume [1.842191s] ... FAILED

Captured traceback:
~~~~~~~~~~~~~~~~~~~
    Traceback (most recent call last):

      File "/opt/stack/tempest/tempest/api/volume/test_volumes_clone.py", line 54, in test_create_from_volume
    src_vol = self.create_volume(size=src_size)
              ^^^^^^^^^^^^^^^^^^^^^^^^^^^^^^^^^

      File "/opt/stack/tempest/tempest/api/volume/base.py", line 144, in create_volume
    waiters.wait_for_volume_resource_status(self.volumes_client,

      File "/opt/stack/tempest/tempest/common/waiters.py", line 379, in wait_for_volume_resource_status
    raise exceptions.VolumeResourceBuildErrorException(

    tempest.exceptions.VolumeResourceBuildErrorException: volume 76bbedfd-ceeb-4680-a6a8-db056aa83ce5 failed to build and is in ERROR status


Captured pythonlogging:
~~~~~~~~~~~~~~~~~~~~~~~
    2026-02-17 15:30:35,026 122996 INFO     [tempest.lib.common.rest_client] Request (VolumesCloneTest:test_create_from_volume): 202 POST http://10.132.44.205/volume/v3/volumes 0.379s
2026-02-17 15:30:35,026 122996 DEBUG    [tempest.lib.common.rest_client] Request - Headers: {'Content-Type': 'application/json', 'Accept': 'application/json', 'X-Auth-Token': '<omitted>'}
        Body: {"volume": {"size": 1, "name": "tempest-VolumesCloneTest-Volume-361236425"}}
    Response - Headers: {'date': 'Tue, 17 Feb 2026 15:30:34 GMT', 'server': 'Apache/2.4.58 (Ubuntu)', 'content-type': 'application/json', 'x-compute-request-id': 'req-791d17ba-fb37-4e56-a9a2-bf884a44d7a2', 'content-length': '750', 'openstack-api-version': 'volume 3.0', 'vary': 'OpenStack-API-Version', 'x-openstack-request-id': 'req-791d17ba-fb37-4e56-a9a2-bf884a44d7a2', 'connection': 'close', 'status': '202', 'content-location': 'http://10.132.44.205/volume/v3/volumes'}
        Body: b'{"volume": {"id": "76bbedfd-ceeb-4680-a6a8-db056aa83ce5", "status": "creating", "size": 1, "availability_zone": "nova", "created_at": "2026-02-17T15:30:34.946821", "updated_at": null, "name": "tempest-VolumesCloneTest-Volume-361236425", "description": null, "volume_type": "nvmetcp1", "snapshot_id": null, "source_volid": null, "metadata": {}, "links": [{"rel": "self", "href": "http://10.132.44.205/volume/v3/volumes/76bbedfd-ceeb-4680-a6a8-db056aa83ce5"}, {"rel": "bookmark", "href": "http://10.132.44.205/volume/volumes/76bbedfd-ceeb-4680-a6a8-db056aa83ce5"}], "user_id": "fa52808ac2f64ecdb060e369f71d43aa", "bootable": "false", "encrypted": false, "replication_status": null, "consistencygroup_id": null, "multiattach": false, "attachments": []}}'
2026-02-17 15:30:35,098 122996 INFO     [tempest.lib.common.rest_client] Request (VolumesCloneTest:test_create_from_volume): 200 GET http://10.132.44.205/volume/v3/volumes/76bbedfd-ceeb-4680-a6a8-db056aa83ce5 0.056s
2026-02-17 15:30:35,099 122996 DEBUG    [tempest.lib.common.rest_client] Request - Headers: {'Content-Type': 'application/json', 'Accept': 'application/json', 'X-Auth-Token': '<omitted>'}
        Body: None
    Response - Headers: {'date': 'Tue, 17 Feb 2026 15:30:35 GMT', 'server': 'Apache/2.4.58 (Ubuntu)', 'content-type': 'application/json', 'x-compute-request-id': 'req-49172991-8ec7-43b5-bf37-f9acd1722339', 'content-length': '818', 'openstack-api-version': 'volume 3.0', 'vary': 'OpenStack-API-Version', 'x-openstack-request-id': 'req-49172991-8ec7-43b5-bf37-f9acd1722339', 'connection': 'close', 'status': '200', 'content-location': 'http://10.132.44.205/volume/v3/volumes/76bbedfd-ceeb-4680-a6a8-db056aa83ce5'}
        Body: b'{"volume": {"id": "76bbedfd-ceeb-4680-a6a8-db056aa83ce5", "status": "creating", "size": 1, "availability_zone": "nova", "created_at": "2026-02-17T15:30:35.000000", "updated_at": null, "name": "tempest-VolumesCloneTest-Volume-361236425", "description": null, "volume_type": "nvmetcp1", "snapshot_id": null, "source_volid": null, "metadata": {}, "links": [{"rel": "self", "href": "http://10.132.44.205/volume/v3/volumes/76bbedfd-ceeb-4680-a6a8-db056aa83ce5"}, {"rel": "bookmark", "href": "http://10.132.44.205/volume/volumes/76bbedfd-ceeb-4680-a6a8-db056aa83ce5"}], "user_id": "fa52808ac2f64ecdb060e369f71d43aa", "bootable": "false", "encrypted": false, "replication_status": null, "consistencygroup_id": null, "multiattach": false, "attachments": [], "os-vol-tenant-attr:tenant_id": "59698a827a844ce59cc9e94bc69f2e16"}}'
2026-02-17 15:30:36,178 122996 INFO     [tempest.lib.common.rest_client] Request (VolumesCloneTest:test_create_from_volume): 200 GET http://10.132.44.205/volume/v3/volumes/76bbedfd-ceeb-4680-a6a8-db056aa83ce5 0.059s
2026-02-17 15:30:36,179 122996 DEBUG    [tempest.lib.common.rest_client] Request - Headers: {'Content-Type': 'application/json', 'Accept': 'application/json', 'X-Auth-Token': '<omitted>'}
        Body: None
    Response - Headers: {'date': 'Tue, 17 Feb 2026 15:30:36 GMT', 'server': 'Apache/2.4.58 (Ubuntu)', 'content-type': 'application/json', 'x-compute-request-id': 'req-04fa5f24-e529-46a8-bcbe-8e6c1c502
    2bc', 'content-length': '839', 'openstack-api-version': 'volume 3.0', 'vary': 'OpenStack-API-Version', 'x-openstack-request-id': 'req-04fa5f24-e529-46a8-bcbe-8e6c1c5022bc', 'connection': 'close', 'status': '200', 'content-location': 'http://10.132.44.205/volume/v3/volumes/76bbedfd-ceeb-4680-a6a8-db056aa83ce5'}
        Body: b'{"volume": {"id": "76bbedfd-ceeb-4680-a6a8-db056aa83ce5", "status": "error", "size": 1, "availability_zone": "nova", "created_at": "2026-02-17T15:30:35.000000", "updated_at": "2026-02-17T15:30:35.000000", "name": "tempest-VolumesCloneTest-Volume-361236425", "description": null, "volume_type": "nvmetcp1", "snapshot_id": null, "source_volid": null, "metadata": {}, "links": [{"rel": "self", "href": "http://10.132.44.205/volume/v3/volumes/76bbedfd-ceeb-4680-a6a8-db056aa83ce5"}, {"rel": "bookmark", "href": "http://10.132.44.205/volume/volumes/76bbedfd-ceeb-4680-a6a8-db056aa83ce5"}], "user_id": "fa52808ac2f64ecdb060e369f71d43aa", "bootable": "false", "encrypted": false, "replication_status": null, "consistencygroup_id": null, "multiattach": false, "attachments": [], "os-vol-tenant-attr:tenant_id": "59698a827a844ce59cc9e94bc69f2e16"}}'
2026-02-17 15:30:36,254 122996 INFO     [tempest.lib.common.rest_client] Request (VolumesCloneTest:_run_cleanups): 200 GET http://10.132.44.205/volume/v3/volumes/76bbedfd-ceeb-4680-a6a8-db056aa83ce5 0.056s
2026-02-17 15:30:36,254 122996 DEBUG    [tempest.lib.common.rest_client] Request - Headers: {'Content-Type': 'application/json', 'Accept': 'application/json', 'X-Auth-Token': '<omitted>'}
        Body: None
    Response - Headers: {'date': 'Tue, 17 Feb 2026 15:30:36 GMT', 'server': 'Apache/2.4.58 (Ubuntu)', 'content-type': 'application/json', 'x-compute-request-id': 'req-9a4b701b-0a4b-4e20-b01f-ffdeadd8e06a', 'content-length': '839', 'openstack-api-version': 'volume 3.0', 'vary': 'OpenStack-API-Version', 'x-openstack-request-id': 'req-9a4b701b-0a4b-4e20-b01f-ffdeadd8e06a', 'connection': 'close', 'status': '200', 'content-location': 'http://10.132.44.205/volume/v3/volumes/76bbedfd-ceeb-4680-a6a8-db056aa83ce5'}
        Body: b'{"volume": {"id": "76bbedfd-ceeb-4680-a6a8-db056aa83ce5", "status": "error", "size": 1, "availability_zone": "nova", "created_at": "2026-02-17T15:30:35.000000", "updated_at": "2026-02-17T15:30:35.000000", "name": "tempest-VolumesCloneTest-Volume-361236425", "description": null, "volume_type": "nvmetcp1", "snapshot_id": null, "source_volid": null, "metadata": {}, "links": [{"rel": "self", "href": "http://10.132.44.205/volume/v3/volumes/76bbedfd-ceeb-4680-a6a8-db056aa83ce5"}, {"rel": "bookmark", "href": "http://10.132.44.205/volume/volumes/76bbedfd-ceeb-4680-a6a8-db056aa83ce5"}], "user_id": "fa52808ac2f64ecdb060e369f71d43aa", "bootable": "false", "encrypted": false, "replication_status": null, "consistencygroup_id": null, "multiattach": false, "attachments": [], "os-vol-tenant-attr:tenant_id": "59698a827a844ce59cc9e94bc69f2e16"}}'
2026-02-17 15:30:36,446 122996 INFO     [tempest.lib.common.rest_client] Request (VolumesCloneTest:_run_cleanups): 202 DELETE http://10.132.44.205/volume/v3/volumes/76bbedfd-ceeb-4680-a6a8-db056aa83ce5 0.172s
2026-02-17 15:30:36,446 122996 DEBUG    [tempest.lib.common.rest_client] Request - Headers: {'Content-Type': 'application/json', 'Accept': 'application/json', 'X-Auth-Token': '<omitted>'}
        Body: None
    Response - Headers: {'date': 'Tue, 17 Feb 2026 15:30:36 GMT', 'server': 'Apache/2.4.58 (Ubuntu)', 'content-length': '0', 'content-type': 'text/html; charset=UTF-8', 'openstack-api-version': 'volume 3.0', 'vary': 'OpenStack-API-Version', 'x-openstack-request-id': 'req-cb4221b3-cfa9-4364-b88f-5c6b80c037f3', 'connection': 'close', 'status': '202', 'content-location': 'http://10.132.44.205/volume/v3/volumes/76bbedfd-ceeb-4680-a6a8-db056aa83ce5'}
        Body: b''
2026-02-17 15:30:36,486 122996 INFO     [tempest.lib.common.rest_client] Request (VolumesCloneTest:_run_cleanups): 404 GET http://10.132.44.205/volume/v3/volumes/76bbedfd-ceeb-4680-a6a8-db056aa83ce5 0.038s
2026-02-17 15:30:36,487 122996 DEBUG    [tempest.lib.co
    mmon.rest_client] Request - Headers: {'Content-Type': 'application/json', 'Accept': 'application/json', 'X-Auth-Token': '<omitted>'}
        Body: None
    Response - Headers: {'date': 'Tue, 17 Feb 2026 15:30:36 GMT', 'server': 'Apache/2.4.58 (Ubuntu)', 'openstack-api-version': 'volume 3.0', 'vary': 'OpenStack-API-Version', 'content-length': '109', 'content-type': 'application/json', 'x-compute-request-id': 'req-507e244f-927d-425f-832b-5f9b10eaee17', 'x-openstack-request-id': 'req-507e244f-927d-425f-832b-5f9b10eaee17', 'connection': 'close', 'status': '404', 'content-location': 'http://10.132.44.205/volume/v3/volumes/76bbedfd-ceeb-4680-a6a8-db056aa83ce5'}
        Body: b'{"itemNotFound": {"code": 404, "message": "Volume 76bbedfd-ceeb-4680-a6a8-db056aa83ce5 could not be found."}}'

{0} tempest.api.volume.test_volumes_clone_negative.VolumesCloneNegativeTest.test_create_from_volume_decreasing_size [1.972269s] ... FAILED

Captured traceback:
~~~~~~~~~~~~~~~~~~~
    Traceback (most recent call last):

      File "/opt/stack/tempest/tempest/api/volume/test_volumes_clone_negative.py", line 40, in test_create_from_volume_decreasing_size
    src_vol = self.create_volume(size=src_size)
              ^^^^^^^^^^^^^^^^^^^^^^^^^^^^^^^^^

      File "/opt/stack/tempest/tempest/api/volume/base.py", line 144, in create_volume
    waiters.wait_for_volume_resource_status(self.volumes_client,

      File "/opt/stack/tempest/tempest/common/waiters.py", line 379, in wait_for_volume_resource_status
    raise exceptions.VolumeResourceBuildErrorException(

    tempest.exceptions.VolumeResourceBuildErrorException: volume 2da54020-c202-4279-89c5-8a41b03d2ded failed to build and is in ERROR status


Captured pythonlogging:
~~~~~~~~~~~~~~~~~~~~~~~
    2026-02-17 15:30:39,426 122996 INFO     [tempest.lib.common.rest_client] Request (VolumesCloneNegativeTest:test_create_from_volume_decreasing_size): 202 POST http://10.132.44.205/volume/v3/volumes 0.485s
2026-02-17 15:30:39,427 122996 DEBUG    [tempest.lib.common.rest_client] Request - Headers: {'Content-Type': 'application/json', 'Accept': 'application/json', 'X-Auth-Token': '<omitted>'}
        Body: {"volume": {"size": 2, "name": "tempest-VolumesCloneNegativeTest-Volume-1939646172"}}
    Response - Headers: {'date': 'Tue, 17 Feb 2026 15:30:38 GMT', 'server': 'Apache/2.4.58 (Ubuntu)', 'content-type': 'application/json', 'x-compute-request-id': 'req-fdcb1bfc-72ed-4bf4-8ace-26ed4196409d', 'content-length': '759', 'openstack-api-version': 'volume 3.0', 'vary': 'OpenStack-API-Version', 'x-openstack-request-id': 'req-fdcb1bfc-72ed-4bf4-8ace-26ed4196409d', 'connection': 'close', 'status': '202', 'content-location': 'http://10.132.44.205/volume/v3/volumes'}
        Body: b'{"volume": {"id": "2da54020-c202-4279-89c5-8a41b03d2ded", "status": "creating", "size": 2, "availability_zone": "nova", "created_at": "2026-02-17T15:30:39.327920", "updated_at": null, "name": "tempest-VolumesCloneNegativeTest-Volume-1939646172", "description": null, "volume_type": "nvmetcp1", "snapshot_id": null, "source_volid": null, "metadata": {}, "links": [{"rel": "self", "href": "http://10.132.44.205/volume/v3/volumes/2da54020-c202-4279-89c5-8a41b03d2ded"}, {"rel": "bookmark", "href": "http://10.132.44.205/volume/volumes/2da54020-c202-4279-89c5-8a41b03d2ded"}], "user_id": "c7a802236e9f4eb79ef3306c8e42c081", "bootable": "false", "encrypted": false, "replication_status": null, "consistencygroup_id": null, "multiattach": false, "attachments": []}}'
2026-02-17 15:30:39,536 122996 INFO     [tempest.lib.common.rest_client] Request (VolumesCloneNegativeTest:test_create_from_volume_decreasing_size): 200 GET http://10.132.44.205/volume/v3/volumes/2da54020-c202-4279-89c5-8a41b03d2ded 0.094s
2026-02-17 15:30:39,537 122996 DEBUG    [tempest.lib.common.rest_client] Request - Headers: {'Content-Type': 'application/json', 'Accept': 'application/json', 'X-Auth-Token': '<omitted>'}
        Body: None
    Response - Headers: {'date': 'Tue, 17 Feb 2026 15:30:39 GMT', 'server': 'Apache/2.4.58 (Ubuntu)', 'content-type': 'application/json', 'x-compute-request-id': 'req-99039266-8c8c-4433-9504-e1a1b7731dbd', 'content-length': '827', 'openstack-api-version': 'volume 3.0', 'vary': 'OpenStack-API-Version', 'x-openstack-request-id': 'req-99039266-8c8c-4433-9504-e1a1b7731dbd', 'connection': 'close', 'status': '200', 'content-location': 'http://10.132.44.205/volume/v3/volumes/2da54020-c202-4279-89c5-8a41b03d2ded'}
        Body: b'{"volume": {"id": "2da54020-c202-4279-89c5-8a41b03d2ded", "status": "creating", "size": 2, "availability_zone": "nova", "created_at": "2026-02-17T15:30:39.000000", "updated_at": null, "name": "tempest-VolumesCloneNegativeTest-Volume-1939646172", "description": null, "volume_type": "nvmetcp1", "snapshot_id": null, "source_volid": null, "metadata": {}, "links": [{"rel": "self", "href": "http://10.132.44.205/volume/v3/volumes/2da54020-c202-4279-89c5-8a41b03d2ded"}, {"rel": "bookmark", "href": "http://10.132.44.205/volume/volumes/2da54020-c202-4279-89c5-8a41b03d2ded"}], "user_id": "c7a802236e9f4eb79ef3306c8e42c081", "bootable": "false", "encrypted": false, "replication_status": null, "consistencygroup_id": null, "multiattach": false, "attachments": [], "os-vol-tenant-attr:tenant_id": "b3c5aa01413c4cd98246fefc25f490ce"}}'
2026-02-17 15:30:40,622 122996 INFO     [tempest.lib.common.rest_client] Request (VolumesCloneNegativeTest:test_create_from_volume_decreasing_size): 200 GET http://10.132.44.205/volume/v3/volumes/2da54020-c202-4279-89c5-8a41b03d2ded 0.071s
2026-02-17 15:30:40,623 122996 DEBUG    [tempest.lib.common.rest_client] Request - Headers: {'Content-Type': 'application/json', 'Accept': 'application/json', 'X-Auth-Token': '<omitted>'}
        Body: None
    Response - Headers: {'date': 'Tue, 17 Feb 2026 15:30:40 GMT', 'server': 'Apache/2.4.58 (Ubuntu)',
     'content-type': 'application/json', 'x-compute-request-id': 'req-f38ebaa4-335d-4359-8cbf-f56f5f9f4966', 'content-length': '848', 'openstack-api-version': 'volume 3.0', 'vary': 'OpenStack-API-Version', 'x-openstack-request-id': 'req-f38ebaa4-335d-4359-8cbf-f56f5f9f4966', 'connection': 'close', 'status': '200', 'content-location': 'http://10.132.44.205/volume/v3/volumes/2da54020-c202-4279-89c5-8a41b03d2ded'}
        Body: b'{"volume": {"id": "2da54020-c202-4279-89c5-8a41b03d2ded", "status": "error", "size": 2, "availability_zone": "nova", "created_at": "2026-02-17T15:30:39.000000", "updated_at": "2026-02-17T15:30:40.000000", "name": "tempest-VolumesCloneNegativeTest-Volume-1939646172", "description": null, "volume_type": "nvmetcp1", "snapshot_id": null, "source_volid": null, "metadata": {}, "links": [{"rel": "self", "href": "http://10.132.44.205/volume/v3/volumes/2da54020-c202-4279-89c5-8a41b03d2ded"}, {"rel": "bookmark", "href": "http://10.132.44.205/volume/volumes/2da54020-c202-4279-89c5-8a41b03d2ded"}], "user_id": "c7a802236e9f4eb79ef3306c8e42c081", "bootable": "false", "encrypted": false, "replication_status": null, "consistencygroup_id": null, "multiattach": false, "attachments": [], "os-vol-tenant-attr:tenant_id": "b3c5aa01413c4cd98246fefc25f490ce"}}'
2026-02-17 15:30:40,701 122996 INFO     [tempest.lib.common.rest_client] Request (VolumesCloneNegativeTest:_run_cleanups): 200 GET http://10.132.44.205/volume/v3/volumes/2da54020-c202-4279-89c5-8a41b03d2ded 0.058s
2026-02-17 15:30:40,701 122996 DEBUG    [tempest.lib.common.rest_client] Request - Headers: {'Content-Type': 'application/json', 'Accept': 'application/json', 'X-Auth-Token': '<omitted>'}
        Body: None
    Response - Headers: {'date': 'Tue, 17 Feb 2026 15:30:40 GMT', 'server': 'Apache/2.4.58 (Ubuntu)', 'content-type': 'application/json', 'x-compute-request-id': 'req-935d652c-7f41-44a8-9d11-f2f50d6942ac', 'content-length': '848', 'openstack-api-version': 'volume 3.0', 'vary': 'OpenStack-API-Version', 'x-openstack-request-id': 'req-935d652c-7f41-44a8-9d11-f2f50d6942ac', 'connection': 'close', 'status': '200', 'content-location': 'http://10.132.44.205/volume/v3/volumes/2da54020-c202-4279-89c5-8a41b03d2ded'}
        Body: b'{"volume": {"id": "2da54020-c202-4279-89c5-8a41b03d2ded", "status": "error", "size": 2, "availability_zone": "nova", "created_at": "2026-02-17T15:30:39.000000", "updated_at": "2026-02-17T15:30:40.000000", "name": "tempest-VolumesCloneNegativeTest-Volume-1939646172", "description": null, "volume_type": "nvmetcp1", "snapshot_id": null, "source_volid": null, "metadata": {}, "links": [{"rel": "self", "href": "http://10.132.44.205/volume/v3/volumes/2da54020-c202-4279-89c5-8a41b03d2ded"}, {"rel": "bookmark", "href": "http://10.132.44.205/volume/volumes/2da54020-c202-4279-89c5-8a41b03d2ded"}], "user_id": "c7a802236e9f4eb79ef3306c8e42c081", "bootable": "false", "encrypted": false, "replication_status": null, "consistencygroup_id": null, "multiattach": false, "attachments": [], "os-vol-tenant-attr:tenant_id": "b3c5aa01413c4cd98246fefc25f490ce"}}'
2026-02-17 15:30:40,877 122996 INFO     [tempest.lib.common.rest_client] Request (VolumesCloneNegativeTest:_run_cleanups): 202 DELETE http://10.132.44.205/volume/v3/volumes/2da54020-c202-4279-89c5-8a41b03d2ded 0.158s
2026-02-17 15:30:40,878 122996 DEBUG    [tempest.lib.common.rest_client] Request - Headers: {'Content-Type': 'application/json', 'Accept': 'application/json', 'X-Auth-Token': '<omitted>'}
        Body: None
    Response - Headers: {'date': 'Tue, 17 Feb 2026 15:30:40 GMT', 'server': 'Apache/2.4.58 (Ubuntu)', 'content-length': '0', 'content-type': 'text/html; charset=UTF-8', 'openstack-api-version': 'volume 3.0', 'vary': 'OpenStack-API-Version', 'x-openstack-request-id': 'req-a9b55f68-faef-4362-878b-2c763d564202', 'connection': 'close', 'status': '202', 'content-location': 'http://10.132.44.205/volume/v3/volumes/2da54020-c202-4279-89c5-8a41b03d2ded'}
        Body: b''
2026-02-17 15:30:40,911 122996 INFO     [tempest.lib.common.rest_client] Request (VolumesCloneNegativeTest:_run_cleanups): 404 G
    ET http://10.132.44.205/volume/v3/volumes/2da54020-c202-4279-89c5-8a41b03d2ded 0.032s
2026-02-17 15:30:40,911 122996 DEBUG    [tempest.lib.common.rest_client] Request - Headers: {'Content-Type': 'application/json', 'Accept': 'application/json', 'X-Auth-Token': '<omitted>'}
        Body: None
    Response - Headers: {'date': 'Tue, 17 Feb 2026 15:30:40 GMT', 'server': 'Apache/2.4.58 (Ubuntu)', 'openstack-api-version': 'volume 3.0', 'vary': 'OpenStack-API-Version', 'content-length': '109', 'content-type': 'application/json', 'x-compute-request-id': 'req-7fc1c1c7-4114-43ac-83b2-5a0820794f54', 'x-openstack-request-id': 'req-7fc1c1c7-4114-43ac-83b2-5a0820794f54', 'connection': 'close', 'status': '404', 'content-location': 'http://10.132.44.205/volume/v3/volumes/2da54020-c202-4279-89c5-8a41b03d2ded'}
        Body: b'{"itemNotFound": {"code": 404, "message": "Volume 2da54020-c202-4279-89c5-8a41b03d2ded could not be found."}}'

{0} tempest.api.volume.test_volumes_get.VolumesGetTest.test_volume_create_get_update_delete [2.009509s] ... FAILED

Captured traceback:
~~~~~~~~~~~~~~~~~~~
    Traceback (most recent call last):

      File "/opt/stack/tempest/tempest/api/volume/test_volumes_get.py", line 117, in test_volume_create_get_update_delete
    self._volume_create_get_update_delete(size=CONF.volume.volume_size)

      File "/opt/stack/tempest/tempest/api/volume/test_volumes_get.py", line 40, in _volume_create_get_update_delete
    volume = self.create_volume(wait_until='available', **kwargs)
             ^^^^^^^^^^^^^^^^^^^^^^^^^^^^^^^^^^^^^^^^^^^^^^^^^^^^

      File "/opt/stack/tempest/tempest/api/volume/base.py", line 144, in create_volume
    waiters.wait_for_volume_resource_status(self.volumes_client,

      File "/opt/stack/tempest/tempest/common/waiters.py", line 379, in wait_for_volume_resource_status
    raise exceptions.VolumeResourceBuildErrorException(

    tempest.exceptions.VolumeResourceBuildErrorException: volume d68e34ed-704d-492f-aedf-b18965d8a5ca failed to build and is in ERROR status


Captured pythonlogging:
~~~~~~~~~~~~~~~~~~~~~~~
    2026-02-17 15:30:43,939 122996 INFO     [tempest.lib.common.rest_client] Request (VolumesGetTest:test_volume_create_get_update_delete): 202 POST http://10.132.44.205/volume/v3/volumes 0.515s
2026-02-17 15:30:43,940 122996 DEBUG    [tempest.lib.common.rest_client] Request - Headers: {'Content-Type': 'application/json', 'Accept': 'application/json', 'X-Auth-Token': '<omitted>'}
        Body: {"volume": {"size": 1, "name": "tempest-VolumesGetTest-Volume-1846629212", "metadata": {"Type": "Test"}}}
    Response - Headers: {'date': 'Tue, 17 Feb 2026 15:30:43 GMT', 'server': 'Apache/2.4.58 (Ubuntu)', 'content-type': 'application/json', 'x-compute-request-id': 'req-0c1ec14e-8c71-4e5d-99f4-963967fa9a14', 'content-length': '763', 'openstack-api-version': 'volume 3.0', 'vary': 'OpenStack-API-Version', 'x-openstack-request-id': 'req-0c1ec14e-8c71-4e5d-99f4-963967fa9a14', 'connection': 'close', 'status': '202', 'content-location': 'http://10.132.44.205/volume/v3/volumes'}
        Body: b'{"volume": {"id": "d68e34ed-704d-492f-aedf-b18965d8a5ca", "status": "creating", "size": 1, "availability_zone": "nova", "created_at": "2026-02-17T15:30:43.822795", "updated_at": null, "name": "tempest-VolumesGetTest-Volume-1846629212", "description": null, "volume_type": "nvmetcp1", "snapshot_id": null, "source_volid": null, "metadata": {"Type": "Test"}, "links": [{"rel": "self", "href": "http://10.132.44.205/volume/v3/volumes/d68e34ed-704d-492f-aedf-b18965d8a5ca"}, {"rel": "bookmark", "href": "http://10.132.44.205/volume/volumes/d68e34ed-704d-492f-aedf-b18965d8a5ca"}], "user_id": "7d222de327204463ad7b4764092eb705", "bootable": "false", "encrypted": false, "replication_status": null, "consistencygroup_id": null, "multiattach": false, "attachments": []}}'
2026-02-17 15:30:44,040 122996 INFO     [tempest.lib.common.rest_client] Request (VolumesGetTest:test_volume_create_get_update_delete): 200 GET http://10.132.44.205/volume/v3/volumes/d68e34ed-704d-492f-aedf-b18965d8a5ca 0.085s
2026-02-17 15:30:44,041 122996 DEBUG    [tempest.lib.common.rest_client] Request - Headers: {'Content-Type': 'application/json', 'Accept': 'application/json', 'X-Auth-Token': '<omitted>'}
        Body: None
    Response - Headers: {'date': 'Tue, 17 Feb 2026 15:30:43 GMT', 'server': 'Apache/2.4.58 (Ubuntu)', 'content-type': 'application/json', 'x-compute-request-id': 'req-03cc7aab-6f06-4051-8567-36a0e254e8c7', 'content-length': '831', 'openstack-api-version': 'volume 3.0', 'vary': 'OpenStack-API-Version', 'x-openstack-request-id': 'req-03cc7aab-6f06-4051-8567-36a0e254e8c7', 'connection': 'close', 'status': '200', 'content-location': 'http://10.132.44.205/volume/v3/volumes/d68e34ed-704d-492f-aedf-b18965d8a5ca'}
        Body: b'{"volume": {"id": "d68e34ed-704d-492f-aedf-b18965d8a5ca", "status": "creating", "size": 1, "availability_zone": "nova", "created_at": "2026-02-17T15:30:44.000000", "updated_at": null, "name": "tempest-VolumesGetTest-Volume-1846629212", "description": null, "volume_type": "nvmetcp1", "snapshot_id": null, "source_volid": null, "metadata": {"Type": "Test"}, "links": [{"rel": "self", "href": "http://10.132.44.205/volume/v3/volumes/d68e34ed-704d-492f-aedf-b18965d8a5ca"}, {"rel": "bookmark", "href": "http://10.132.44.205/volume/volumes/d68e34ed-704d-492f-aedf-b18965d8a5ca"}], "user_id": "7d222de327204463ad7b4764092eb705", "bootable": "false", "encrypted": false, "replication_status": null, "consistencygroup_id": null, "multiattach": false, "attachments": [], "os-vol-tenant-attr:tenant_id": "f9340611cb9a49c5a986505c849b44f2"}}'
2026-02-17 15:30:45,124 122996 INFO     [tempest.lib.common.rest_client] Request (VolumesGetTest:test_volume_create_get_update_delete): 200 GET http://10.132.44.205/volume/v3/volumes/d68e34ed-704d-492f-aedf-b18965d8a5ca 0.065s
2026-02-17 15:30:45,125 122996 DEBUG    [tempest.lib.common.rest_client] Request - Headers: {'Content-Type': 'application/json', 'Accept': 'application/json', 'X-Auth-Token': '<omitted>'}
        Body: None
    Response - Headers: {'date': 'Tue, 17 Feb 2026 15:30:45 GMT', 'server': 'Apache/2.4.58 (Ubuntu)', 'content-t
    ype': 'application/json', 'x-compute-request-id': 'req-88d262ef-2488-4862-88d3-3fcf3b8a81f4', 'content-length': '852', 'openstack-api-version': 'volume 3.0', 'vary': 'OpenStack-API-Version', 'x-openstack-request-id': 'req-88d262ef-2488-4862-88d3-3fcf3b8a81f4', 'connection': 'close', 'status': '200', 'content-location': 'http://10.132.44.205/volume/v3/volumes/d68e34ed-704d-492f-aedf-b18965d8a5ca'}
        Body: b'{"volume": {"id": "d68e34ed-704d-492f-aedf-b18965d8a5ca", "status": "error", "size": 1, "availability_zone": "nova", "created_at": "2026-02-17T15:30:44.000000", "updated_at": "2026-02-17T15:30:44.000000", "name": "tempest-VolumesGetTest-Volume-1846629212", "description": null, "volume_type": "nvmetcp1", "snapshot_id": null, "source_volid": null, "metadata": {"Type": "Test"}, "links": [{"rel": "self", "href": "http://10.132.44.205/volume/v3/volumes/d68e34ed-704d-492f-aedf-b18965d8a5ca"}, {"rel": "bookmark", "href": "http://10.132.44.205/volume/volumes/d68e34ed-704d-492f-aedf-b18965d8a5ca"}], "user_id": "7d222de327204463ad7b4764092eb705", "bootable": "false", "encrypted": false, "replication_status": null, "consistencygroup_id": null, "multiattach": false, "attachments": [], "os-vol-tenant-attr:tenant_id": "f9340611cb9a49c5a986505c849b44f2"}}'
2026-02-17 15:30:45,214 122996 INFO     [tempest.lib.common.rest_client] Request (VolumesGetTest:_run_cleanups): 200 GET http://10.132.44.205/volume/v3/volumes/d68e34ed-704d-492f-aedf-b18965d8a5ca 0.070s
2026-02-17 15:30:45,215 122996 DEBUG    [tempest.lib.common.rest_client] Request - Headers: {'Content-Type': 'application/json', 'Accept': 'application/json', 'X-Auth-Token': '<omitted>'}
        Body: None
    Response - Headers: {'date': 'Tue, 17 Feb 2026 15:30:45 GMT', 'server': 'Apache/2.4.58 (Ubuntu)', 'content-type': 'application/json', 'x-compute-request-id': 'req-00122479-6362-4b28-8ac3-1825b66c3e76', 'content-length': '852', 'openstack-api-version': 'volume 3.0', 'vary': 'OpenStack-API-Version', 'x-openstack-request-id': 'req-00122479-6362-4b28-8ac3-1825b66c3e76', 'connection': 'close', 'status': '200', 'content-location': 'http://10.132.44.205/volume/v3/volumes/d68e34ed-704d-492f-aedf-b18965d8a5ca'}
        Body: b'{"volume": {"id": "d68e34ed-704d-492f-aedf-b18965d8a5ca", "status": "error", "size": 1, "availability_zone": "nova", "created_at": "2026-02-17T15:30:44.000000", "updated_at": "2026-02-17T15:30:44.000000", "name": "tempest-VolumesGetTest-Volume-1846629212", "description": null, "volume_type": "nvmetcp1", "snapshot_id": null, "source_volid": null, "metadata": {"Type": "Test"}, "links": [{"rel": "self", "href": "http://10.132.44.205/volume/v3/volumes/d68e34ed-704d-492f-aedf-b18965d8a5ca"}, {"rel": "bookmark", "href": "http://10.132.44.205/volume/volumes/d68e34ed-704d-492f-aedf-b18965d8a5ca"}], "user_id": "7d222de327204463ad7b4764092eb705", "bootable": "false", "encrypted": false, "replication_status": null, "consistencygroup_id": null, "multiattach": false, "attachments": [], "os-vol-tenant-attr:tenant_id": "f9340611cb9a49c5a986505c849b44f2"}}'
2026-02-17 15:30:45,392 122996 INFO     [tempest.lib.common.rest_client] Request (VolumesGetTest:_run_cleanups): 202 DELETE http://10.132.44.205/volume/v3/volumes/d68e34ed-704d-492f-aedf-b18965d8a5ca 0.160s
2026-02-17 15:30:45,392 122996 DEBUG    [tempest.lib.common.rest_client] Request - Headers: {'Content-Type': 'application/json', 'Accept': 'application/json', 'X-Auth-Token': '<omitted>'}
        Body: None
    Response - Headers: {'date': 'Tue, 17 Feb 2026 15:30:45 GMT', 'server': 'Apache/2.4.58 (Ubuntu)', 'content-length': '0', 'content-type': 'text/html; charset=UTF-8', 'openstack-api-version': 'volume 3.0', 'vary': 'OpenStack-API-Version', 'x-openstack-request-id': 'req-c26a4e12-4bc0-44c3-b639-95a09d50b81e', 'connection': 'close', 'status': '202', 'content-location': 'http://10.132.44.205/volume/v3/volumes/d68e34ed-704d-492f-aedf-b18965d8a5ca'}
        Body: b''
2026-02-17 15:30:45,430 122996 INFO     [tempest.lib.common.rest_client] Request (VolumesGetTest:_run_cleanups): 404 GET http://10.132.44.205/volume/v3
    /volumes/d68e34ed-704d-492f-aedf-b18965d8a5ca 0.037s
2026-02-17 15:30:45,431 122996 DEBUG    [tempest.lib.common.rest_client] Request - Headers: {'Content-Type': 'application/json', 'Accept': 'application/json', 'X-Auth-Token': '<omitted>'}
        Body: None
    Response - Headers: {'date': 'Tue, 17 Feb 2026 15:30:45 GMT', 'server': 'Apache/2.4.58 (Ubuntu)', 'openstack-api-version': 'volume 3.0', 'vary': 'OpenStack-API-Version', 'content-length': '109', 'content-type': 'application/json', 'x-compute-request-id': 'req-492e9331-36fc-4242-86e3-bbb1dc63fa3e', 'x-openstack-request-id': 'req-492e9331-36fc-4242-86e3-bbb1dc63fa3e', 'connection': 'close', 'status': '404', 'content-location': 'http://10.132.44.205/volume/v3/volumes/d68e34ed-704d-492f-aedf-b18965d8a5ca'}
        Body: b'{"itemNotFound": {"code": 404, "message": "Volume d68e34ed-704d-492f-aedf-b18965d8a5ca could not be found."}}'

{0} tempest.api.volume.test_volumes_get.VolumesGetTest.test_volume_create_get_update_delete_as_clone [1.839117s] ... FAILED

Captured traceback:
~~~~~~~~~~~~~~~~~~~
    Traceback (most recent call last):

      File "/opt/stack/tempest/tempest/api/volume/test_volumes_get.py", line 135, in test_volume_create_get_update_delete_as_clone
    origin = self.create_volume()
             ^^^^^^^^^^^^^^^^^^^^

      File "/opt/stack/tempest/tempest/api/volume/base.py", line 144, in create_volume
    waiters.wait_for_volume_resource_status(self.volumes_client,

      File "/opt/stack/tempest/tempest/common/waiters.py", line 379, in wait_for_volume_resource_status
    raise exceptions.VolumeResourceBuildErrorException(

    tempest.exceptions.VolumeResourceBuildErrorException: volume 2411a4e3-9ba4-4c5f-ae8c-96290f41aba6 failed to build and is in ERROR status


Captured pythonlogging:
~~~~~~~~~~~~~~~~~~~~~~~
    2026-02-17 15:30:45,735 122996 INFO     [tempest.lib.common.rest_client] Request (VolumesGetTest:test_volume_create_get_update_delete_as_clone): 202 POST http://10.132.44.205/volume/v3/volumes 0.299s
2026-02-17 15:30:45,736 122996 DEBUG    [tempest.lib.common.rest_client] Request - Headers: {'Content-Type': 'application/json', 'Accept': 'application/json', 'X-Auth-Token': '<omitted>'}
        Body: {"volume": {"size": 1, "name": "tempest-VolumesGetTest-Volume-568307817"}}
    Response - Headers: {'date': 'Tue, 17 Feb 2026 15:30:45 GMT', 'server': 'Apache/2.4.58 (Ubuntu)', 'content-type': 'application/json', 'x-compute-request-id': 'req-d2462104-9c3e-4173-a8a7-723fa81b3933', 'content-length': '748', 'openstack-api-version': 'volume 3.0', 'vary': 'OpenStack-API-Version', 'x-openstack-request-id': 'req-d2462104-9c3e-4173-a8a7-723fa81b3933', 'connection': 'close', 'status': '202', 'content-location': 'http://10.132.44.205/volume/v3/volumes'}
        Body: b'{"volume": {"id": "2411a4e3-9ba4-4c5f-ae8c-96290f41aba6", "status": "creating", "size": 1, "availability_zone": "nova", "created_at": "2026-02-17T15:30:45.647963", "updated_at": null, "name": "tempest-VolumesGetTest-Volume-568307817", "description": null, "volume_type": "nvmetcp1", "snapshot_id": null, "source_volid": null, "metadata": {}, "links": [{"rel": "self", "href": "http://10.132.44.205/volume/v3/volumes/2411a4e3-9ba4-4c5f-ae8c-96290f41aba6"}, {"rel": "bookmark", "href": "http://10.132.44.205/volume/volumes/2411a4e3-9ba4-4c5f-ae8c-96290f41aba6"}], "user_id": "7d222de327204463ad7b4764092eb705", "bootable": "false", "encrypted": false, "replication_status": null, "consistencygroup_id": null, "multiattach": false, "attachments": []}}'
2026-02-17 15:30:45,827 122996 INFO     [tempest.lib.common.rest_client] Request (VolumesGetTest:test_volume_create_get_update_delete_as_clone): 200 GET http://10.132.44.205/volume/v3/volumes/2411a4e3-9ba4-4c5f-ae8c-96290f41aba6 0.067s
2026-02-17 15:30:45,827 122996 DEBUG    [tempest.lib.common.rest_client] Request - Headers: {'Content-Type': 'application/json', 'Accept': 'application/json', 'X-Auth-Token': '<omitted>'}
        Body: None
    Response - Headers: {'date': 'Tue, 17 Feb 2026 15:30:45 GMT', 'server': 'Apache/2.4.58 (Ubuntu)', 'content-type': 'application/json', 'x-compute-request-id': 'req-3fd1b0a1-3940-446a-a190-697bf779d7e5', 'content-length': '816', 'openstack-api-version': 'volume 3.0', 'vary': 'OpenStack-API-Version', 'x-openstack-request-id': 'req-3fd1b0a1-3940-446a-a190-697bf779d7e5', 'connection': 'close', 'status': '200', 'content-location': 'http://10.132.44.205/volume/v3/volumes/2411a4e3-9ba4-4c5f-ae8c-96290f41aba6'}
        Body: b'{"volume": {"id": "2411a4e3-9ba4-4c5f-ae8c-96290f41aba6", "status": "creating", "size": 1, "availability_zone": "nova", "created_at": "2026-02-17T15:30:46.000000", "updated_at": null, "name": "tempest-VolumesGetTest-Volume-568307817", "description": null, "volume_type": "nvmetcp1", "snapshot_id": null, "source_volid": null, "metadata": {}, "links": [{"rel": "self", "href": "http://10.132.44.205/volume/v3/volumes/2411a4e3-9ba4-4c5f-ae8c-96290f41aba6"}, {"rel": "bookmark", "href": "http://10.132.44.205/volume/volumes/2411a4e3-9ba4-4c5f-ae8c-96290f41aba6"}], "user_id": "7d222de327204463ad7b4764092eb705", "bootable": "false", "encrypted": false, "replication_status": null, "consistencygroup_id": null, "multiattach": false, "attachments": [], "os-vol-tenant-attr:tenant_id": "f9340611cb9a49c5a986505c849b44f2"}}'
2026-02-17 15:30:46,908 122996 INFO     [tempest.lib.common.rest_client] Request (VolumesGetTest:test_volume_create_get_update_delete_as_clone): 200 GET http://10.132.44.205/volume/v3/volumes/2411a4e3-9ba4-4c5f-ae8c-96290f41aba6 0.060s
2026-02-17 15:30:46,909 122996 DEBUG    [tempest.lib.common.rest_client] Request - Headers: {'Content-Type': 'application/json', 'Accept': 'application/json', 'X-Auth-Token': '<omitted>'}
        Body: None
    Response - Headers: {'date': 'Tue, 17 Feb 2026 15:30:46 GMT', 'server': 'Apache/2.4.58 (Ubuntu)', 'content-type': 'application/json', 'x-compu
    te-request-id': 'req-dce03612-c7c0-4407-b9c0-3ace45676db0', 'content-length': '837', 'openstack-api-version': 'volume 3.0', 'vary': 'OpenStack-API-Version', 'x-openstack-request-id': 'req-dce03612-c7c0-4407-b9c0-3ace45676db0', 'connection': 'close', 'status': '200', 'content-location': 'http://10.132.44.205/volume/v3/volumes/2411a4e3-9ba4-4c5f-ae8c-96290f41aba6'}
        Body: b'{"volume": {"id": "2411a4e3-9ba4-4c5f-ae8c-96290f41aba6", "status": "error", "size": 1, "availability_zone": "nova", "created_at": "2026-02-17T15:30:46.000000", "updated_at": "2026-02-17T15:30:46.000000", "name": "tempest-VolumesGetTest-Volume-568307817", "description": null, "volume_type": "nvmetcp1", "snapshot_id": null, "source_volid": null, "metadata": {}, "links": [{"rel": "self", "href": "http://10.132.44.205/volume/v3/volumes/2411a4e3-9ba4-4c5f-ae8c-96290f41aba6"}, {"rel": "bookmark", "href": "http://10.132.44.205/volume/volumes/2411a4e3-9ba4-4c5f-ae8c-96290f41aba6"}], "user_id": "7d222de327204463ad7b4764092eb705", "bootable": "false", "encrypted": false, "replication_status": null, "consistencygroup_id": null, "multiattach": false, "attachments": [], "os-vol-tenant-attr:tenant_id": "f9340611cb9a49c5a986505c849b44f2"}}'
2026-02-17 15:30:47,027 122996 INFO     [tempest.lib.common.rest_client] Request (VolumesGetTest:_run_cleanups): 200 GET http://10.132.44.205/volume/v3/volumes/2411a4e3-9ba4-4c5f-ae8c-96290f41aba6 0.097s
2026-02-17 15:30:47,028 122996 DEBUG    [tempest.lib.common.rest_client] Request - Headers: {'Content-Type': 'application/json', 'Accept': 'application/json', 'X-Auth-Token': '<omitted>'}
        Body: None
    Response - Headers: {'date': 'Tue, 17 Feb 2026 15:30:46 GMT', 'server': 'Apache/2.4.58 (Ubuntu)', 'content-type': 'application/json', 'x-compute-request-id': 'req-234a8149-ab35-4e05-986f-665e43e4dfb8', 'content-length': '837', 'openstack-api-version': 'volume 3.0', 'vary': 'OpenStack-API-Version', 'x-openstack-request-id': 'req-234a8149-ab35-4e05-986f-665e43e4dfb8', 'connection': 'close', 'status': '200', 'content-location': 'http://10.132.44.205/volume/v3/volumes/2411a4e3-9ba4-4c5f-ae8c-96290f41aba6'}
        Body: b'{"volume": {"id": "2411a4e3-9ba4-4c5f-ae8c-96290f41aba6", "status": "error", "size": 1, "availability_zone": "nova", "created_at": "2026-02-17T15:30:46.000000", "updated_at": "2026-02-17T15:30:46.000000", "name": "tempest-VolumesGetTest-Volume-568307817", "description": null, "volume_type": "nvmetcp1", "snapshot_id": null, "source_volid": null, "metadata": {}, "links": [{"rel": "self", "href": "http://10.132.44.205/volume/v3/volumes/2411a4e3-9ba4-4c5f-ae8c-96290f41aba6"}, {"rel": "bookmark", "href": "http://10.132.44.205/volume/volumes/2411a4e3-9ba4-4c5f-ae8c-96290f41aba6"}], "user_id": "7d222de327204463ad7b4764092eb705", "bootable": "false", "encrypted": false, "replication_status": null, "consistencygroup_id": null, "multiattach": false, "attachments": [], "os-vol-tenant-attr:tenant_id": "f9340611cb9a49c5a986505c849b44f2"}}'
2026-02-17 15:30:47,217 122996 INFO     [tempest.lib.common.rest_client] Request (VolumesGetTest:_run_cleanups): 202 DELETE http://10.132.44.205/volume/v3/volumes/2411a4e3-9ba4-4c5f-ae8c-96290f41aba6 0.173s
2026-02-17 15:30:47,218 122996 DEBUG    [tempest.lib.common.rest_client] Request - Headers: {'Content-Type': 'application/json', 'Accept': 'application/json', 'X-Auth-Token': '<omitted>'}
        Body: None
    Response - Headers: {'date': 'Tue, 17 Feb 2026 15:30:47 GMT', 'server': 'Apache/2.4.58 (Ubuntu)', 'content-length': '0', 'content-type': 'text/html; charset=UTF-8', 'openstack-api-version': 'volume 3.0', 'vary': 'OpenStack-API-Version', 'x-openstack-request-id': 'req-2ab73e54-7a32-42fe-b74c-fdb071eb318d', 'connection': 'close', 'status': '202', 'content-location': 'http://10.132.44.205/volume/v3/volumes/2411a4e3-9ba4-4c5f-ae8c-96290f41aba6'}
        Body: b''
2026-02-17 15:30:47,273 122996 INFO     [tempest.lib.common.rest_client] Request (VolumesGetTest:_run_cleanups): 404 GET http://10.132.44.205/volume/v3/volumes/2411a4e3-9ba4-4c5f-ae8c-96290f41aba6 0.054s
2026-02-17 
    15:30:47,274 122996 DEBUG    [tempest.lib.common.rest_client] Request - Headers: {'Content-Type': 'application/json', 'Accept': 'application/json', 'X-Auth-Token': '<omitted>'}
        Body: None
    Response - Headers: {'date': 'Tue, 17 Feb 2026 15:30:47 GMT', 'server': 'Apache/2.4.58 (Ubuntu)', 'openstack-api-version': 'volume 3.0', 'vary': 'OpenStack-API-Version', 'content-length': '109', 'content-type': 'application/json', 'x-compute-request-id': 'req-d1b29a8e-cee0-43af-a4ce-9050fb8f8700', 'x-openstack-request-id': 'req-d1b29a8e-cee0-43af-a4ce-9050fb8f8700', 'connection': 'close', 'status': '404', 'content-location': 'http://10.132.44.205/volume/v3/volumes/2411a4e3-9ba4-4c5f-ae8c-96290f41aba6'}
        Body: b'{"itemNotFound": {"code": 404, "message": "Volume 2411a4e3-9ba4-4c5f-ae8c-96290f41aba6 could not be found."}}'

{0} tempest.api.volume.test_volumes_get.VolumesSummaryTest.test_show_volume_summary [0.162837s] ... ok
{0} setUpClass (tempest.api.volume.test_volumes_list.VolumesListTestJSON) [0.000000s] ... FAILED

Captured traceback:
~~~~~~~~~~~~~~~~~~~
    Traceback (most recent call last):

      File "/opt/stack/tempest/tempest/test.py", line 185, in setUpClass
    raise value.with_traceback(trace)

      File "/opt/stack/tempest/tempest/test.py", line 178, in setUpClass
    cls.resource_setup()

      File "/opt/stack/tempest/tempest/api/volume/test_volumes_list.py", line 89, in resource_setup
    volume = cls.create_volume(metadata=cls.metadata)
             ^^^^^^^^^^^^^^^^^^^^^^^^^^^^^^^^^^^^^^^^

      File "/opt/stack/tempest/tempest/api/volume/base.py", line 144, in create_volume
    waiters.wait_for_volume_resource_status(self.volumes_client,

      File "/opt/stack/tempest/tempest/common/waiters.py", line 379, in wait_for_volume_resource_status
    raise exceptions.VolumeResourceBuildErrorException(

    tempest.exceptions.VolumeResourceBuildErrorException: volume 91786410-8eca-488e-99e7-55ec272c188f failed to build and is in ERROR status

{0} setUpClass (tempest.api.volume.test_volumes_negative.VolumesNegativeTest) [0.000000s] ... FAILED

Captured traceback:
~~~~~~~~~~~~~~~~~~~
    Traceback (most recent call last):

      File "/opt/stack/tempest/tempest/test.py", line 185, in setUpClass
    raise value.with_traceback(trace)

      File "/opt/stack/tempest/tempest/test.py", line 178, in setUpClass
    cls.resource_setup()

      File "/opt/stack/tempest/tempest/api/volume/test_volumes_negative.py", line 38, in resource_setup
    cls.volume = cls.create_volume()
                 ^^^^^^^^^^^^^^^^^^^

      File "/opt/stack/tempest/tempest/api/volume/base.py", line 144, in create_volume
    waiters.wait_for_volume_resource_status(self.volumes_client,

      File "/opt/stack/tempest/tempest/common/waiters.py", line 379, in wait_for_volume_resource_status
    raise exceptions.VolumeResourceBuildErrorException(

    tempest.exceptions.VolumeResourceBuildErrorException: volume c803e0cb-7acb-4f1e-bbba-796e7c8889a0 failed to build and is in ERROR status

{0} setUpClass (tempest.api.volume.test_volumes_snapshots_list.VolumesSnapshotListTestJSON) [0.000000s] ... FAILED

Captured traceback:
~~~~~~~~~~~~~~~~~~~
    Traceback (most recent call last):

      File "/opt/stack/tempest/tempest/test.py", line 185, in setUpClass
    raise value.with_traceback(trace)

      File "/opt/stack/tempest/tempest/test.py", line 178, in setUpClass
    cls.resource_setup()

      File "/opt/stack/tempest/tempest/api/volume/test_volumes_snapshots_list.py", line 32, in resource_setup
    volume_origin = cls.create_volume()
                    ^^^^^^^^^^^^^^^^^^^

      File "/opt/stack/tempest/tempest/api/volume/base.py", line 144, in create_volume
    waiters.wait_for_volume_resource_status(self.volumes_client,

      File "/opt/stack/tempest/tempest/common/waiters.py", line 379, in wait_for_volume_resource_status
    raise exceptions.VolumeResourceBuildErrorException(

    tempest.exceptions.VolumeResourceBuildErrorException: volume 0ea0315b-b9e1-4a8c-a4fa-18edf65f62da failed to build and is in ERROR status

{0} tempest.api.volume.test_volumes_snapshots_negative.VolumesSnapshotNegativeTestJSON.test_create_snapshot_with_nonexistent_volume_id [0.164564s] ... ok
{0} tempest.api.volume.test_volumes_snapshots_negative.VolumesSnapshotNegativeTestJSON.test_create_snapshot_without_passing_volume_id [0.064560s] ... ok
{0} tempest.api.volume.test_volumes_snapshots_negative.VolumesSnapshotNegativeTestJSON.test_list_snapshot_invalid_param_limit [0.014317s] ... ok
{0} tempest.api.volume.test_volumes_snapshots_negative.VolumesSnapshotNegativeTestJSON.test_list_snapshots_invalid_param_marker [0.044225s] ... ok
{0} tempest.api.volume.test_volumes_snapshots_negative.VolumesSnapshotNegativeTestJSON.test_list_snapshots_invalid_param_sort [0.019482s] ... ok
{0} tempest.api.volume.test_volumes_snapshots_negative.VolumesSnapshotNegativeTestJSON.test_volume_from_snapshot_decreasing_size [1.776264s] ... FAILED

Captured traceback:
~~~~~~~~~~~~~~~~~~~
    Traceback (most recent call last):

      File "/opt/stack/tempest/tempest/api/volume/test_volumes_snapshots_negative.py", line 65, in test_volume_from_snapshot_decreasing_size
    src_vol = self.create_volume(size=src_size)
              ^^^^^^^^^^^^^^^^^^^^^^^^^^^^^^^^^

      File "/opt/stack/tempest/tempest/api/volume/base.py", line 144, in create_volume
    waiters.wait_for_volume_resource_status(self.volumes_client,

      File "/opt/stack/tempest/tempest/common/waiters.py", line 379, in wait_for_volume_resource_status
    raise exceptions.VolumeResourceBuildErrorException(

    tempest.exceptions.VolumeResourceBuildErrorException: volume 29c57d4f-e7a1-4010-829d-fd169b78ef70 failed to build and is in ERROR status


Captured pythonlogging:
~~~~~~~~~~~~~~~~~~~~~~~
    2026-02-17 15:31:05,491 122996 INFO     [tempest.lib.common.rest_client] Request (VolumesSnapshotNegativeTestJSON:test_volume_from_snapshot_decreasing_size): 202 POST http://10.132.44.205/volume/v3/volumes 0.379s
2026-02-17 15:31:05,491 122996 DEBUG    [tempest.lib.common.rest_client] Request - Headers: {'Content-Type': 'application/json', 'Accept': 'application/json', 'X-Auth-Token': '<omitted>'}
        Body: {"volume": {"size": 2, "name": "tempest-VolumesSnapshotNegativeTestJSON-Volume-387433178"}}
    Response - Headers: {'date': 'Tue, 17 Feb 2026 15:31:05 GMT', 'server': 'Apache/2.4.58 (Ubuntu)', 'content-type': 'application/json', 'x-compute-request-id': 'req-a49c5ace-4776-449e-b703-1050dc322ed7', 'content-length': '765', 'openstack-api-version': 'volume 3.0', 'vary': 'OpenStack-API-Version', 'x-openstack-request-id': 'req-a49c5ace-4776-449e-b703-1050dc322ed7', 'connection': 'close', 'status': '202', 'content-location': 'http://10.132.44.205/volume/v3/volumes'}
        Body: b'{"volume": {"id": "29c57d4f-e7a1-4010-829d-fd169b78ef70", "status": "creating", "size": 2, "availability_zone": "nova", "created_at": "2026-02-17T15:31:05.387789", "updated_at": null, "name": "tempest-VolumesSnapshotNegativeTestJSON-Volume-387433178", "description": null, "volume_type": "nvmetcp1", "snapshot_id": null, "source_volid": null, "metadata": {}, "links": [{"rel": "self", "href": "http://10.132.44.205/volume/v3/volumes/29c57d4f-e7a1-4010-829d-fd169b78ef70"}, {"rel": "bookmark", "href": "http://10.132.44.205/volume/volumes/29c57d4f-e7a1-4010-829d-fd169b78ef70"}], "user_id": "08eb7193847b41afafeec47d1d099f5b", "bootable": "false", "encrypted": false, "replication_status": null, "consistencygroup_id": null, "multiattach": false, "attachments": []}}'
2026-02-17 15:31:05,554 122996 INFO     [tempest.lib.common.rest_client] Request (VolumesSnapshotNegativeTestJSON:test_volume_from_snapshot_decreasing_size): 200 GET http://10.132.44.205/volume/v3/volumes/29c57d4f-e7a1-4010-829d-fd169b78ef70 0.054s
2026-02-17 15:31:05,554 122996 DEBUG    [tempest.lib.common.rest_client] Request - Headers: {'Content-Type': 'application/json', 'Accept': 'application/json', 'X-Auth-Token': '<omitted>'}
        Body: None
    Response - Headers: {'date': 'Tue, 17 Feb 2026 15:31:05 GMT', 'server': 'Apache/2.4.58 (Ubuntu)', 'content-type': 'application/json', 'x-compute-request-id': 'req-9c1f0b55-8aaa-4283-914a-8ad8379ddd43', 'content-length': '833', 'openstack-api-version': 'volume 3.0', 'vary': 'OpenStack-API-Version', 'x-openstack-request-id': 'req-9c1f0b55-8aaa-4283-914a-8ad8379ddd43', 'connection': 'close', 'status': '200', 'content-location': 'http://10.132.44.205/volume/v3/volumes/29c57d4f-e7a1-4010-829d-fd169b78ef70'}
        Body: b'{"volume": {"id": "29c57d4f-e7a1-4010-829d-fd169b78ef70", "status": "creating", "size": 2, "availability_zone": "nova", "created_at": "2026-02-17T15:31:05.000000", "updated_at": null, "name": "tempest-VolumesSnapshotNegativeTestJSON-Volume-387433178", "description": null, "volume_type": "nvmetcp1", "snapshot_id": null, "source_volid": null, "metadata": {}, "links": [{"rel": "self", "href": "http://10.132.44.205/volume/v3/volumes/29c57d4f-e7a1-4010-829d-fd169b78ef70"}, {"rel": "bookmark", "href": "http://10.132.44.205/volume/volumes/29c57d4f-e7a1-4010-829d-fd169b78ef70"}], "user_id": "08eb7193847b41afafeec47d1d099f5b", "bootable": "false", "encrypted": false, "replication_status": null, "consistencygroup_id": null, "multiattach": false, "attachments": [], "os-vol-tenant-attr:tenant_id": "9a1c6390c94943419db371c24e396c85"}}'
2026-02-17 15:31:06,625 122996 INFO     [tempest.lib.common.rest_client] Request (VolumesSnapshotNegativeTestJSON:test_volume_from_snapshot_decreasing_size): 200 GET http://10.132.44.205/volume/v3/volumes/29c57d4f-e7a1-4010-829d-fd169b78ef70 0.058s
2026-02-17 15:31:06,626 122996 DEBUG    [tempest.lib.common.rest_client] Request - Headers: {'Content-Type': 'application/json', 'Accept': 'application/json', 'X-Auth-Token': '<omitted>'}
        Body: None
    Response - Headers: {'date': 'Tue, 17 Feb 2026 15:31
    :06 GMT', 'server': 'Apache/2.4.58 (Ubuntu)', 'content-type': 'application/json', 'x-compute-request-id': 'req-40061b53-93a2-4239-9d51-bcb39b93a21e', 'content-length': '854', 'openstack-api-version': 'volume 3.0', 'vary': 'OpenStack-API-Version', 'x-openstack-request-id': 'req-40061b53-93a2-4239-9d51-bcb39b93a21e', 'connection': 'close', 'status': '200', 'content-location': 'http://10.132.44.205/volume/v3/volumes/29c57d4f-e7a1-4010-829d-fd169b78ef70'}
        Body: b'{"volume": {"id": "29c57d4f-e7a1-4010-829d-fd169b78ef70", "status": "error", "size": 2, "availability_zone": "nova", "created_at": "2026-02-17T15:31:05.000000", "updated_at": "2026-02-17T15:31:06.000000", "name": "tempest-VolumesSnapshotNegativeTestJSON-Volume-387433178", "description": null, "volume_type": "nvmetcp1", "snapshot_id": null, "source_volid": null, "metadata": {}, "links": [{"rel": "self", "href": "http://10.132.44.205/volume/v3/volumes/29c57d4f-e7a1-4010-829d-fd169b78ef70"}, {"rel": "bookmark", "href": "http://10.132.44.205/volume/volumes/29c57d4f-e7a1-4010-829d-fd169b78ef70"}], "user_id": "08eb7193847b41afafeec47d1d099f5b", "bootable": "false", "encrypted": false, "replication_status": null, "consistencygroup_id": null, "multiattach": false, "attachments": [], "os-vol-tenant-attr:tenant_id": "9a1c6390c94943419db371c24e396c85"}}'
2026-02-17 15:31:06,700 122996 INFO     [tempest.lib.common.rest_client] Request (VolumesSnapshotNegativeTestJSON:_run_cleanups): 200 GET http://10.132.44.205/volume/v3/volumes/29c57d4f-e7a1-4010-829d-fd169b78ef70 0.055s
2026-02-17 15:31:06,700 122996 DEBUG    [tempest.lib.common.rest_client] Request - Headers: {'Content-Type': 'application/json', 'Accept': 'application/json', 'X-Auth-Token': '<omitted>'}
        Body: None
    Response - Headers: {'date': 'Tue, 17 Feb 2026 15:31:06 GMT', 'server': 'Apache/2.4.58 (Ubuntu)', 'content-type': 'application/json', 'x-compute-request-id': 'req-371fe69d-fee5-4b41-9f39-c453a38a379f', 'content-length': '854', 'openstack-api-version': 'volume 3.0', 'vary': 'OpenStack-API-Version', 'x-openstack-request-id': 'req-371fe69d-fee5-4b41-9f39-c453a38a379f', 'connection': 'close', 'status': '200', 'content-location': 'http://10.132.44.205/volume/v3/volumes/29c57d4f-e7a1-4010-829d-fd169b78ef70'}
        Body: b'{"volume": {"id": "29c57d4f-e7a1-4010-829d-fd169b78ef70", "status": "error", "size": 2, "availability_zone": "nova", "created_at": "2026-02-17T15:31:05.000000", "updated_at": "2026-02-17T15:31:06.000000", "name": "tempest-VolumesSnapshotNegativeTestJSON-Volume-387433178", "description": null, "volume_type": "nvmetcp1", "snapshot_id": null, "source_volid": null, "metadata": {}, "links": [{"rel": "self", "href": "http://10.132.44.205/volume/v3/volumes/29c57d4f-e7a1-4010-829d-fd169b78ef70"}, {"rel": "bookmark", "href": "http://10.132.44.205/volume/volumes/29c57d4f-e7a1-4010-829d-fd169b78ef70"}], "user_id": "08eb7193847b41afafeec47d1d099f5b", "bootable": "false", "encrypted": false, "replication_status": null, "consistencygroup_id": null, "multiattach": false, "attachments": [], "os-vol-tenant-attr:tenant_id": "9a1c6390c94943419db371c24e396c85"}}'
2026-02-17 15:31:06,857 122996 INFO     [tempest.lib.common.rest_client] Request (VolumesSnapshotNegativeTestJSON:_run_cleanups): 202 DELETE http://10.132.44.205/volume/v3/volumes/29c57d4f-e7a1-4010-829d-fd169b78ef70 0.139s
2026-02-17 15:31:06,857 122996 DEBUG    [tempest.lib.common.rest_client] Request - Headers: {'Content-Type': 'application/json', 'Accept': 'application/json', 'X-Auth-Token': '<omitted>'}
        Body: None
    Response - Headers: {'date': 'Tue, 17 Feb 2026 15:31:06 GMT', 'server': 'Apache/2.4.58 (Ubuntu)', 'content-length': '0', 'content-type': 'text/html; charset=UTF-8', 'openstack-api-version': 'volume 3.0', 'vary': 'OpenStack-API-Version', 'x-openstack-request-id': 'req-6a94d054-6b49-4b59-b99f-78ed15bb2652', 'connection': 'close', 'status': '202', 'content-location': 'http://10.132.44.205/volume/v3/volumes/29c57d4f-e7a1-4010-829d-fd169b78ef70'}
        Body: b''
2026-02-17 15:31:06,886 122996 INFO     [tempest.lib.comm
    on.rest_client] Request (VolumesSnapshotNegativeTestJSON:_run_cleanups): 404 GET http://10.132.44.205/volume/v3/volumes/29c57d4f-e7a1-4010-829d-fd169b78ef70 0.028s
2026-02-17 15:31:06,887 122996 DEBUG    [tempest.lib.common.rest_client] Request - Headers: {'Content-Type': 'application/json', 'Accept': 'application/json', 'X-Auth-Token': '<omitted>'}
        Body: None
    Response - Headers: {'date': 'Tue, 17 Feb 2026 15:31:06 GMT', 'server': 'Apache/2.4.58 (Ubuntu)', 'openstack-api-version': 'volume 3.0', 'vary': 'OpenStack-API-Version', 'content-length': '109', 'content-type': 'application/json', 'x-compute-request-id': 'req-95f04f12-84c9-44c5-b981-a3b4aef8d907', 'x-openstack-request-id': 'req-95f04f12-84c9-44c5-b981-a3b4aef8d907', 'connection': 'close', 'status': '404', 'content-location': 'http://10.132.44.205/volume/v3/volumes/29c57d4f-e7a1-4010-829d-fd169b78ef70'}
        Body: b'{"itemNotFound": {"code": 404, "message": "Volume 29c57d4f-e7a1-4010-829d-fd169b78ef70 could not be found."}}'


==============================
Failed 44 tests - output below:
==============================

tempest.api.compute.volumes.test_volume_snapshots.VolumesSnapshotsTestJSON.test_volume_snapshot_create_get_list_delete[id-cd4ec87d-7825-450d-8040-6e2068f2da8f]
---------------------------------------------------------------------------------------------------------------------------------------------------------------

Captured traceback:
~~~~~~~~~~~~~~~~~~~
    Traceback (most recent call last):

      File "/opt/stack/tempest/tempest/api/compute/volumes/test_volume_snapshots.py", line 53, in test_volume_snapshot_create_get_list_delete
    volume = self.create_volume()
             ^^^^^^^^^^^^^^^^^^^^

      File "/opt/stack/tempest/tempest/api/compute/base.py", line 541, in create_volume
    waiters.wait_for_volume_resource_status(cls.volumes_client,

      File "/opt/stack/tempest/tempest/common/waiters.py", line 379, in wait_for_volume_resource_status
    raise exceptions.VolumeResourceBuildErrorException(

    tempest.exceptions.VolumeResourceBuildErrorException: volume f647184d-af89-4099-9d20-1909875574b0 failed to build and is in ERROR status


Captured pythonlogging:
~~~~~~~~~~~~~~~~~~~~~~~
    2026-02-17 15:26:08,389 122996 INFO     [tempest.lib.common.rest_client] Request (VolumesSnapshotsTestJSON:test_volume_snapshot_create_get_list_delete): 200 POST http://10.132.44.205/compute/v2.1/os-volumes 1.772s
2026-02-17 15:26:08,390 122996 DEBUG    [tempest.lib.common.rest_client] Request - Headers: {'Content-Type': 'application/json', 'Accept': 'application/json', 'X-Auth-Token': '<omitted>'}
        Body: {"volume": {"size": 1, "display_name": "tempest-VolumesSnapshotsTestJSON-volume-600193280"}}
    Response - Headers: {'date': 'Tue, 17 Feb 2026 15:26:06 GMT', 'server': 'Apache/2.4.58 (Ubuntu)', 'content-length': '341', 'location': 'http://10.132.44.205/compute/v2.1/os-volumes/f647184d-af89-4099-9d20-1909875574b0', 'content-type': 'application/json', 'openstack-api-version': 'compute 2.1', 'x-openstack-nova-api-version': '2.1', 'vary': 'OpenStack-API-Version,X-OpenStack-Nova-API-Version', 'x-openstack-request-id': 'req-50e57335-a462-4df1-9b7d-f2fe100cac40', 'x-compute-request-id': 'req-50e57335-a462-4df1-9b7d-f2fe100cac40', 'connection': 'close', 'status': '200', 'content-location': 'http://10.132.44.205/compute/v2.1/os-volumes'}
        Body: b'{"volume": {"id": "f647184d-af89-4099-9d20-1909875574b0", "status": "creating", "size": 1, "availabilityZone": "nova", "createdAt": "2026-02-17T15:26:07.821734", "attachments": [{}], "displayName": "tempest-VolumesSnapshotsTestJSON-volume-600193280", "displayDescription": null, "volumeType": "nvmetcp1", "snapshotId": null, "metadata": {}}}'
2026-02-17 15:26:08,662 122996 INFO     [tempest.lib.common.rest_client] Request (VolumesSnapshotsTestJSON:test_volume_snapshot_create_get_list_delete): 200 GET http://10.132.44.205/compute/v2.1/os-volumes/f647184d-af89-4099-9d20-1909875574b0 0.268s
2026-02-17 15:26:08,663 122996 DEBUG    [tempest.lib.common.rest_client] Request - Headers: {'Content-Type': 'application/json', 'Accept': 'application/json', 'X-Auth-Token': '<omitted>'}
        Body: None
    Response - Headers: {'date': 'Tue, 17 Feb 2026 15:26:08 GMT', 'server': 'Apache/2.4.58 (Ubuntu)', 'content-length': '338', 'content-type': 'application/json', 'openstack-api-version': 'compute 2.1', 'x-openstack-nova-api-version': '2.1', 'vary': 'OpenStack-API-Version,X-OpenStack-Nova-API-Version', 'x-openstack-request-id': 'req-913652e0-cfda-44f0-aabc-5f6dcdc57d59', 'x-compute-request-id': 'req-913652e0-cfda-44f0-aabc-5f6dcdc57d59', 'connection': 'close', 'status': '200', 'content-location': 'http://10.132.44.205/compute/v2.1/os-volumes/f647184d-af89-4099-9d20-1909875574b0'}
        Body: b'{"volume": {"id": "f647184d-af89-4099-9d20-1909875574b0", "status": "error", "size": 1, "availabilityZone": "nova", "createdAt": "2026-02-17T15:26:08.000000", "attachments": [{}], "displayName": "tempest-VolumesSnapshotsTestJSON-volume-600193280", "displayDescription": null, "volumeType": "nvmetcp1", "snapshotId": null, "metadata": {}}}'
2026-02-17 15:26:09,761 122996 INFO     [tempest.lib.common.rest_client] Request (VolumesSnapshotsTestJSON:test_volume_snapshot_create_get_list_delete): 200 GET http://10.132.44.205/compute/v2.1/os-volumes/f647184d-af89-4099-9d20-1909875574b0 0.093s
2026-02-17 15:26:09,762 122996 DEBUG    [tempest.lib.common.rest_client] Request - Headers: {'Content-Type': 'application/json', 'Accept': 'application/json', 'X-Auth-Token': '<omitted>'}
        Body: None
    Response - Headers: {'date': 'Tue, 17 Feb 2026 15:26:09 GMT', 'server': 'Apache/2.4.58 (Ubuntu)', 'content-length': '338', 'content-type': 'application/json', 'openstack-api-version': 'compute 2.1', 'x-openstack-nova-api-version': '2.1', 'vary': 'OpenStack-API-Version,X-OpenStack-Nova-API-Version', 'x-openstack-request-id': 'req-5944e178-d740-47a6-a022-f40e0a8822b1', 'x-compute-request-id': 'req-5944e178-d740-47a6-a022-f40e0a8822b1', 'connection': 'close', 'status': '200', 'content-location': 'http://10.132.44.205/compute/v2.1/os-volumes/f647184d-af89-4099-9d20-1909875574b0'}
        Body: b'{"volume": {"id": "f647184d-af89-4099-9d20-1909875574b0", "status": "error", "size": 1, "availabilityZone": "nova", "crea
    tedAt": "2026-02-17T15:26:08.000000", "attachments": [{}], "displayName": "tempest-VolumesSnapshotsTestJSON-volume-600193280", "displayDescription": null, "volumeType": "nvmetcp1", "snapshotId": null, "metadata": {}}}'


tempest.api.compute.volumes.test_volumes_get.VolumesGetTestJSON.test_volume_create_get_delete[id-f10f25eb-9775-4d9d-9cbe-1cf54dae9d5f]
--------------------------------------------------------------------------------------------------------------------------------------

Captured traceback:
~~~~~~~~~~~~~~~~~~~
    Traceback (most recent call last):

      File "/opt/stack/tempest/tempest/api/compute/volumes/test_volumes_get.py", line 55, in test_volume_create_get_delete
    volume = self.create_volume(size=CONF.volume.volume_size,
             ^^^^^^^^^^^^^^^^^^^^^^^^^^^^^^^^^^^^^^^^^^^^^^^^

      File "/opt/stack/tempest/tempest/api/compute/base.py", line 541, in create_volume
    waiters.wait_for_volume_resource_status(cls.volumes_client,

      File "/opt/stack/tempest/tempest/common/waiters.py", line 379, in wait_for_volume_resource_status
    raise exceptions.VolumeResourceBuildErrorException(

    tempest.exceptions.VolumeResourceBuildErrorException: volume 5c714f1d-4977-43ac-a8a6-1f9026271d77 failed to build and is in ERROR status


Captured pythonlogging:
~~~~~~~~~~~~~~~~~~~~~~~
    2026-02-17 15:26:14,090 122996 INFO     [tempest.lib.common.rest_client] Request (VolumesGetTestJSON:test_volume_create_get_delete): 200 POST http://10.132.44.205/compute/v2.1/os-volumes 0.714s
2026-02-17 15:26:14,091 122996 DEBUG    [tempest.lib.common.rest_client] Request - Headers: {'Content-Type': 'application/json', 'Accept': 'application/json', 'X-Auth-Token': '<omitted>'}
        Body: {"volume": {"size": 1, "display_name": "tempest-VolumesGetTestJSON-Volume-2144446561", "metadata": {"Type": "work"}}}
    Response - Headers: {'date': 'Tue, 17 Feb 2026 15:26:13 GMT', 'server': 'Apache/2.4.58 (Ubuntu)', 'content-length': '350', 'location': 'http://10.132.44.205/compute/v2.1/os-volumes/5c714f1d-4977-43ac-a8a6-1f9026271d77', 'content-type': 'application/json', 'openstack-api-version': 'compute 2.1', 'x-openstack-nova-api-version': '2.1', 'vary': 'OpenStack-API-Version,X-OpenStack-Nova-API-Version', 'x-openstack-request-id': 'req-2721f2f3-aa26-438f-8357-db3fec766ec3', 'x-compute-request-id': 'req-2721f2f3-aa26-438f-8357-db3fec766ec3', 'connection': 'close', 'status': '200', 'content-location': 'http://10.132.44.205/compute/v2.1/os-volumes'}
        Body: b'{"volume": {"id": "5c714f1d-4977-43ac-a8a6-1f9026271d77", "status": "creating", "size": 1, "availabilityZone": "nova", "createdAt": "2026-02-17T15:26:13.857546", "attachments": [{}], "displayName": "tempest-VolumesGetTestJSON-Volume-2144446561", "displayDescription": null, "volumeType": "nvmetcp1", "snapshotId": null, "metadata": {"Type": "work"}}}'
2026-02-17 15:26:14,191 122996 INFO     [tempest.lib.common.rest_client] Request (VolumesGetTestJSON:test_volume_create_get_delete): 200 GET http://10.132.44.205/compute/v2.1/os-volumes/5c714f1d-4977-43ac-a8a6-1f9026271d77 0.090s
2026-02-17 15:26:14,192 122996 DEBUG    [tempest.lib.common.rest_client] Request - Headers: {'Content-Type': 'application/json', 'Accept': 'application/json', 'X-Auth-Token': '<omitted>'}
        Body: None
    Response - Headers: {'date': 'Tue, 17 Feb 2026 15:26:14 GMT', 'server': 'Apache/2.4.58 (Ubuntu)', 'content-length': '347', 'content-type': 'application/json', 'openstack-api-version': 'compute 2.1', 'x-openstack-nova-api-version': '2.1', 'vary': 'OpenStack-API-Version,X-OpenStack-Nova-API-Version', 'x-openstack-request-id': 'req-3daf1e51-f1d3-43de-b9f1-adc622c23185', 'x-compute-request-id': 'req-3daf1e51-f1d3-43de-b9f1-adc622c23185', 'connection': 'close', 'status': '200', 'content-location': 'http://10.132.44.205/compute/v2.1/os-volumes/5c714f1d-4977-43ac-a8a6-1f9026271d77'}
        Body: b'{"volume": {"id": "5c714f1d-4977-43ac-a8a6-1f9026271d77", "status": "error", "size": 1, "availabilityZone": "nova", "createdAt": "2026-02-17T15:26:14.000000", "attachments": [{}], "displayName": "tempest-VolumesGetTestJSON-Volume-2144446561", "displayDescription": null, "volumeType": "nvmetcp1", "snapshotId": null, "metadata": {"Type": "work"}}}'
2026-02-17 15:26:15,317 122996 INFO     [tempest.lib.common.rest_client] Request (VolumesGetTestJSON:test_volume_create_get_delete): 200 GET http://10.132.44.205/compute/v2.1/os-volumes/5c714f1d-4977-43ac-a8a6-1f9026271d77 0.118s
2026-02-17 15:26:15,318 122996 DEBUG    [tempest.lib.common.rest_client] Request - Headers: {'Content-Type': 'application/json', 'Accept': 'application/json', 'X-Auth-Token': '<omitted>'}
        Body: None
    Response - Headers: {'date': 'Tue, 17 Feb 2026 15:26:15 GMT', 'server': 'Apache/2.4.58 (Ubuntu)', 'content-length': '347', 'content-type': 'application/json', 'openstack-api-version': 'compute 2.1', 'x-openstack-nova-api-version': '2.1', 'vary': 'OpenStack-API-Version,X-OpenStack-Nova-API-Version', 'x-openstack-request-id': 'req-4c0cc63e-2e84-4cf5-8196-701542283f13', 'x-compute-request-id': 'req-4c0cc63e-2e84-4cf5-8196-701542283f13', 'connection': 'close', 'status': '200', 'content-location': 'http://10.132.44.205/compute/v2.1/os-volumes/5c714f1d-4977-43ac-a8a6-1f9026271d77'}
        Body: b'{"volume": {"id": "5c714f1d-4977-43ac-a8a6-1f9026271d77", "status": "error", "size": 1, "availabilityZone": "nova", "createdAt": "2026-02-
    17T15:26:14.000000", "attachments": [{}], "displayName": "tempest-VolumesGetTestJSON-Volume-2144446561", "displayDescription": null, "volumeType": "nvmetcp1", "snapshotId": null, "metadata": {"Type": "work"}}}'


setUpClass (tempest.api.compute.volumes.test_volumes_list.VolumesTestJSON)
--------------------------------------------------------------------------

Captured traceback:
~~~~~~~~~~~~~~~~~~~
    Traceback (most recent call last):

      File "/opt/stack/tempest/tempest/test.py", line 185, in setUpClass
    raise value.with_traceback(trace)

      File "/opt/stack/tempest/tempest/test.py", line 178, in setUpClass
    cls.resource_setup()

      File "/opt/stack/tempest/tempest/api/compute/volumes/test_volumes_list.py", line 56, in resource_setup
    volume = cls.create_volume(metadata=metadata)
             ^^^^^^^^^^^^^^^^^^^^^^^^^^^^^^^^^^^^

      File "/opt/stack/tempest/tempest/api/compute/base.py", line 541, in create_volume
    waiters.wait_for_volume_resource_status(cls.volumes_client,

      File "/opt/stack/tempest/tempest/common/waiters.py", line 379, in wait_for_volume_resource_status
    raise exceptions.VolumeResourceBuildErrorException(

    tempest.exceptions.VolumeResourceBuildErrorException: volume 5fa16943-63ee-4fa5-8150-eeeeecf1484e failed to build and is in ERROR status


tempest.api.volume.admin.test_backends_capabilities.BackendsCapabilitiesAdminTestsJSON.test_get_capabilities_backend[id-3750af44-5ea2-4cd4-bc3e-56e7e6caf854]
-------------------------------------------------------------------------------------------------------------------------------------------------------------

Captured traceback:
~~~~~~~~~~~~~~~~~~~
    Traceback (most recent call last):

      File "/opt/stack/tempest/tempest/api/volume/admin/test_backends_capabilities.py", line 38, in test_get_capabilities_backend
    self.admin_capabilities_client.show_backend_capabilities(self.hosts[0])
                                                             ~~~~~~~~~~^^^

    IndexError: list index out of range


tempest.api.volume.admin.test_group_snapshots.GroupSnapshotsTest.test_create_group_from_group_snapshot[id-eff52c70-efc7-45ed-b47a-4ad675d09b81]
-----------------------------------------------------------------------------------------------------------------------------------------------

Captured traceback:
~~~~~~~~~~~~~~~~~~~
    Traceback (most recent call last):

      File "/opt/stack/tempest/tempest/api/volume/admin/test_group_snapshots.py", line 162, in test_create_group_from_group_snapshot
    grp = self.create_group(group_type=group_type['id'],
          ^^^^^^^^^^^^^^^^^^^^^^^^^^^^^^^^^^^^^^^^^^^^^^

      File "/opt/stack/tempest/tempest/api/volume/base.py", line 293, in create_group
    waiters.wait_for_volume_resource_status(

      File "/opt/stack/tempest/tempest/common/waiters.py", line 379, in wait_for_volume_resource_status
    raise exceptions.VolumeResourceBuildErrorException(

    tempest.exceptions.VolumeResourceBuildErrorException: group a175ced6-1ab6-475d-b6d2-b46960fdbc47 failed to build and is in ERROR status


Captured pythonlogging:
~~~~~~~~~~~~~~~~~~~~~~~
    2026-02-17 15:26:34,134 122996 INFO     [tempest.lib.common.rest_client] Request (GroupSnapshotsTest:test_create_group_from_group_snapshot): 200 POST http://10.132.44.205/volume/v3/types 0.170s
2026-02-17 15:26:34,135 122996 DEBUG    [tempest.lib.common.rest_client] Request - Headers: {'Content-Type': 'application/json', 'Accept': 'application/json', 'X-Auth-Token': '<omitted>'}
        Body: {"volume_type": {"name": "tempest-GroupSnapshotsTest-volume-type-842402078"}}
    Response - Headers: {'date': 'Tue, 17 Feb 2026 15:26:33 GMT', 'server': 'Apache/2.4.58 (Ubuntu)', 'content-type': 'application/json', 'x-compute-request-id': 'req-64d469bb-390e-435c-b400-b7c16a0f9b69', 'content-length': '223', 'openstack-api-version': 'volume 3.0', 'vary': 'OpenStack-API-Version', 'x-openstack-request-id': 'req-64d469bb-390e-435c-b400-b7c16a0f9b69', 'connection': 'close', 'status': '200', 'content-location': 'http://10.132.44.205/volume/v3/types'}
        Body: b'{"volume_type": {"id": "9627fafa-37b5-4a8a-a3c9-742a40f89211", "name": "tempest-GroupSnapshotsTest-volume-type-842402078", "is_public": true, "extra_specs": {}, "description": null, "os-volume-type-access:is_public": true}}'
2026-02-17 15:26:34,235 122996 INFO     [tempest.lib.common.rest_client] Request (GroupSnapshotsTest:test_create_group_from_group_snapshot): 202 POST http://10.132.44.205/volume/v3/group_types 0.093s
2026-02-17 15:26:34,236 122996 DEBUG    [tempest.lib.common.rest_client] Request - Headers: {'Content-Type': 'application/json', 'Accept': 'application/json', 'Openstack-Api-Version': 'volume 3.14', 'X-Auth-Token': '<omitted>'}
        Body: {"group_type": {"name": "tempest-GroupSnapshotsTest-group-type-1528946755"}}
    Response - Headers: {'date': 'Tue, 17 Feb 2026 15:26:34 GMT', 'server': 'Apache/2.4.58 (Ubuntu)', 'content-type': 'application/json', 'x-compute-request-id': 'req-cff12a5c-c5da-462c-9309-c8f36e5ef5e9', 'content-length': '181', 'openstack-api-version': 'volume 3.14', 'vary': 'OpenStack-API-Version', 'x-openstack-request-id': 'req-cff12a5c-c5da-462c-9309-c8f36e5ef5e9', 'connection': 'close', 'status': '202', 'content-location': 'http://10.132.44.205/volume/v3/group_types'}
        Body: b'{"group_type": {"id": "1751ea38-14c4-4676-9680-be188976048b", "name": "tempest-GroupSnapshotsTest-group-type-1528946755", "description": null, "is_public": true, "group_specs": {}}}'
2026-02-17 15:26:34,564 122996 INFO     [tempest.lib.common.rest_client] Request (GroupSnapshotsTest:test_create_group_from_group_snapshot): 202 POST http://10.132.44.205/volume/v3/groups 0.324s
2026-02-17 15:26:34,564 122996 DEBUG    [tempest.lib.common.rest_client] Request - Headers: {'Content-Type': 'application/json', 'Accept': 'application/json', 'Openstack-Api-Version': 'volume 3.14', 'X-Auth-Token': '<omitted>'}
        Body: {"group": {"group_type": "1751ea38-14c4-4676-9680-be188976048b", "volume_types": ["9627fafa-37b5-4a8a-a3c9-742a40f89211"], "name": "tempest-GroupSnapshotsTest-Group-2129631024"}}
    Response - Headers: {'date': 'Tue, 17 Feb 2026 15:26:34 GMT', 'server': 'Apache/2.4.58 (Ubuntu)', 'content-type': 'application/json', 'x-compute-request-id': 'req-aaf132eb-495c-43eb-96bd-ea849558d97d', 'content-length': '112', 'openstack-api-version': 'volume 3.14', 'vary': 'OpenStack-API-Version', 'x-openstack-request-id': 'req-aaf132eb-495c-43eb-96bd-ea849558d97d', 'connection': 'close', 'status': '202', 'content-location': 'http://10.132.44.205/volume/v3/groups'}
        Body: b'{"group": {"id": "a175ced6-1ab6-475d-b6d2-b46960fdbc47", "name": "tempest-GroupSnapshotsTest-Group-2129631024"}}'
2026-02-17 15:26:34,637 122996 INFO     [tempest.lib.common.rest_client] Request (GroupSnapshotsTest:test_create_group_from_group_snapshot): 200 GET http://10.132.44.205/volume/v3/groups/a175ced6-1ab6-475d-b6d2-b46960fdbc47 0.070s
2026-02-17 15:26:34,638 122996 DEBUG    [tempest.lib.common.rest_client] Request - Headers: {'Content-Type': 'application/json', 'Accept': 'application/json', 'Openstack-Api-Version': 'volume 3.14', 'X-Auth-Token': '<omitted>'}
        Body: None
    Respons
    e - Headers: {'date': 'Tue, 17 Feb 2026 15:26:34 GMT', 'server': 'Apache/2.4.58 (Ubuntu)', 'content-type': 'application/json', 'x-compute-request-id': 'req-2f26b6e5-2cad-4ea7-8967-ac50ece1a661', 'content-length': '392', 'openstack-api-version': 'volume 3.14', 'vary': 'OpenStack-API-Version', 'x-openstack-request-id': 'req-2f26b6e5-2cad-4ea7-8967-ac50ece1a661', 'connection': 'close', 'status': '200', 'content-location': 'http://10.132.44.205/volume/v3/groups/a175ced6-1ab6-475d-b6d2-b46960fdbc47'}
        Body: b'{"group": {"id": "a175ced6-1ab6-475d-b6d2-b46960fdbc47", "status": "creating", "availability_zone": "nova", "created_at": "2026-02-17T15:26:34.000000", "name": "tempest-GroupSnapshotsTest-Group-2129631024", "description": null, "group_type": "1751ea38-14c4-4676-9680-be188976048b", "volume_types": ["9627fafa-37b5-4a8a-a3c9-742a40f89211"], "group_snapshot_id": null, "source_group_id": null}}'
2026-02-17 15:26:35,709 122996 INFO     [tempest.lib.common.rest_client] Request (GroupSnapshotsTest:test_create_group_from_group_snapshot): 200 GET http://10.132.44.205/volume/v3/groups/a175ced6-1ab6-475d-b6d2-b46960fdbc47 0.066s
2026-02-17 15:26:35,710 122996 DEBUG    [tempest.lib.common.rest_client] Request - Headers: {'Content-Type': 'application/json', 'Accept': 'application/json', 'Openstack-Api-Version': 'volume 3.14', 'X-Auth-Token': '<omitted>'}
        Body: None
    Response - Headers: {'date': 'Tue, 17 Feb 2026 15:26:35 GMT', 'server': 'Apache/2.4.58 (Ubuntu)', 'content-type': 'application/json', 'x-compute-request-id': 'req-cb16e7e8-ff3d-469f-9f59-9a69dd708d1b', 'content-length': '389', 'openstack-api-version': 'volume 3.14', 'vary': 'OpenStack-API-Version', 'x-openstack-request-id': 'req-cb16e7e8-ff3d-469f-9f59-9a69dd708d1b', 'connection': 'close', 'status': '200', 'content-location': 'http://10.132.44.205/volume/v3/groups/a175ced6-1ab6-475d-b6d2-b46960fdbc47'}
        Body: b'{"group": {"id": "a175ced6-1ab6-475d-b6d2-b46960fdbc47", "status": "error", "availability_zone": "nova", "created_at": "2026-02-17T15:26:34.000000", "name": "tempest-GroupSnapshotsTest-Group-2129631024", "description": null, "group_type": "1751ea38-14c4-4676-9680-be188976048b", "volume_types": ["9627fafa-37b5-4a8a-a3c9-742a40f89211"], "group_snapshot_id": null, "source_group_id": null}}'
2026-02-17 15:26:35,817 122996 INFO     [tempest.lib.common.rest_client] Request (GroupSnapshotsTest:_run_cleanups): 200 GET http://10.132.44.205/volume/v3/volumes/detail 0.098s
2026-02-17 15:26:35,817 122996 DEBUG    [tempest.lib.common.rest_client] Request - Headers: {'Content-Type': 'application/json', 'Accept': 'application/json', 'Openstack-Api-Version': 'volume 3.14', 'X-Auth-Token': '<omitted>'}
        Body: None
    Response - Headers: {'date': 'Tue, 17 Feb 2026 15:26:35 GMT', 'server': 'Apache/2.4.58 (Ubuntu)', 'content-type': 'application/json', 'x-compute-request-id': 'req-9ad54f63-32a9-44c1-b412-7cf603bdfec0', 'content-length': '15', 'openstack-api-version': 'volume 3.14', 'vary': 'OpenStack-API-Version', 'x-openstack-request-id': 'req-9ad54f63-32a9-44c1-b412-7cf603bdfec0', 'connection': 'close', 'status': '200', 'content-location': 'http://10.132.44.205/volume/v3/volumes/detail'}
        Body: b'{"volumes": []}'
2026-02-17 15:26:35,940 122996 INFO     [tempest.lib.common.rest_client] Request (GroupSnapshotsTest:_run_cleanups): 202 POST http://10.132.44.205/volume/v3/groups/a175ced6-1ab6-475d-b6d2-b46960fdbc47/action 0.109s
2026-02-17 15:26:35,941 122996 DEBUG    [tempest.lib.common.rest_client] Request - Headers: {'Content-Type': 'application/json', 'Accept': 'application/json', 'Openstack-Api-Version': 'volume 3.14', 'X-Auth-Token': '<omitted>'}
        Body: {"delete": {"delete-volumes": true}}
    Response - Headers: {'date': 'Tue, 17 Feb 2026 15:26:35 GMT', 'server': 'Apache/2.4.58 (Ubuntu)', 'content-length': '0', 'content-type': 'text/html; charset=UTF-8', 'openstack-api-version': 'volume 3.14', 'vary': 'OpenStack-API-Version', 'x-openstack-request-id': 'req-2be7a154-809a-4a4b-b6db-78ce5b6e13e1', 'connection': 'close', 'status': '202', 'c
    ontent-location': 'http://10.132.44.205/volume/v3/groups/a175ced6-1ab6-475d-b6d2-b46960fdbc47/action'}
        Body: b''
2026-02-17 15:26:35,965 122996 INFO     [tempest.lib.common.rest_client] Request (GroupSnapshotsTest:_run_cleanups): 404 GET http://10.132.44.205/volume/v3/groups/a175ced6-1ab6-475d-b6d2-b46960fdbc47 0.023s
2026-02-17 15:26:35,965 122996 DEBUG    [tempest.lib.common.rest_client] Request - Headers: {'Content-Type': 'application/json', 'Accept': 'application/json', 'Openstack-Api-Version': 'volume 3.14', 'X-Auth-Token': '<omitted>'}
        Body: None
    Response - Headers: {'date': 'Tue, 17 Feb 2026 15:26:35 GMT', 'server': 'Apache/2.4.58 (Ubuntu)', 'openstack-api-version': 'volume 3.14', 'vary': 'OpenStack-API-Version', 'content-length': '108', 'content-type': 'application/json', 'x-compute-request-id': 'req-9d666253-bae9-4832-b610-28646fe67c60', 'x-openstack-request-id': 'req-9d666253-bae9-4832-b610-28646fe67c60', 'connection': 'close', 'status': '404', 'content-location': 'http://10.132.44.205/volume/v3/groups/a175ced6-1ab6-475d-b6d2-b46960fdbc47'}
        Body: b'{"itemNotFound": {"code": 404, "message": "Group a175ced6-1ab6-475d-b6d2-b46960fdbc47 could not be found."}}'
2026-02-17 15:26:36,035 122996 INFO     [tempest.lib.common.rest_client] Request (GroupSnapshotsTest:_run_cleanups): 202 DELETE http://10.132.44.205/volume/v3/group_types/1751ea38-14c4-4676-9680-be188976048b 0.068s
2026-02-17 15:26:36,035 122996 DEBUG    [tempest.lib.common.rest_client] Request - Headers: {'Content-Type': 'application/json', 'Accept': 'application/json', 'Openstack-Api-Version': 'volume 3.14', 'X-Auth-Token': '<omitted>'}
        Body: None
    Response - Headers: {'date': 'Tue, 17 Feb 2026 15:26:35 GMT', 'server': 'Apache/2.4.58 (Ubuntu)', 'content-length': '0', 'content-type': 'text/html; charset=UTF-8', 'openstack-api-version': 'volume 3.14', 'vary': 'OpenStack-API-Version', 'x-openstack-request-id': 'req-296eb8ad-b18e-4802-b935-dfba909bb464', 'connection': 'close', 'status': '202', 'content-location': 'http://10.132.44.205/volume/v3/group_types/1751ea38-14c4-4676-9680-be188976048b'}
        Body: b''
2026-02-17 15:26:36,175 122996 INFO     [tempest.lib.common.rest_client] Request (GroupSnapshotsTest:_run_cleanups): 202 DELETE http://10.132.44.205/volume/v3/types/9627fafa-37b5-4a8a-a3c9-742a40f89211 0.139s
2026-02-17 15:26:36,176 122996 DEBUG    [tempest.lib.common.rest_client] Request - Headers: {'Content-Type': 'application/json', 'Accept': 'application/json', 'X-Auth-Token': '<omitted>'}
        Body: None
    Response - Headers: {'date': 'Tue, 17 Feb 2026 15:26:36 GMT', 'server': 'Apache/2.4.58 (Ubuntu)', 'content-length': '0', 'content-type': 'text/html; charset=UTF-8', 'openstack-api-version': 'volume 3.0', 'vary': 'OpenStack-API-Version', 'x-openstack-request-id': 'req-1ea74b9b-19df-4727-8b83-f8346050731d', 'connection': 'close', 'status': '202', 'content-location': 'http://10.132.44.205/volume/v3/types/9627fafa-37b5-4a8a-a3c9-742a40f89211'}
        Body: b''
2026-02-17 15:26:36,198 122996 INFO     [tempest.lib.common.rest_client] Request (GroupSnapshotsTest:_run_cleanups): 404 GET http://10.132.44.205/volume/v3/types/9627fafa-37b5-4a8a-a3c9-742a40f89211 0.021s
2026-02-17 15:26:36,198 122996 DEBUG    [tempest.lib.common.rest_client] Request - Headers: {'Content-Type': 'application/json', 'Accept': 'application/json', 'X-Auth-Token': '<omitted>'}
        Body: None
    Response - Headers: {'date': 'Tue, 17 Feb 2026 15:26:36 GMT', 'server': 'Apache/2.4.58 (Ubuntu)', 'openstack-api-version': 'volume 3.0', 'vary': 'OpenStack-API-Version', 'content-length': '114', 'content-type': 'application/json', 'x-compute-request-id': 'req-38139f95-477b-4e2c-b82d-20054577d5be', 'x-openstack-request-id': 'req-38139f95-477b-4e2c-b82d-20054577d5be', 'connection': 'close', 'status': '404', 'content-location': 'http://10.132.44.205/volume/v3/types/9627fafa-37b5-4a8a-a3c9-742a40f89211'}
        Body: b'{"itemNotFound": {"code": 404, "message": "Volume type 9627fafa-37b5-4a8a-a3c9-742a40f89211 could not be found."}}'


tempest.api.volume.admin.test_group_snapshots.GroupSnapshotsTest.test_delete_group_snapshots_following_updated_volumes[id-7d7fc000-0b4c-4376-a372-544116d2e127]
---------------------------------------------------------------------------------------------------------------------------------------------------------------

Captured traceback:
~~~~~~~~~~~~~~~~~~~
    Traceback (most recent call last):

      File "/opt/stack/tempest/tempest/lib/decorators.py", line 106, in wrapper
    raise exc

      File "/opt/stack/tempest/tempest/lib/decorators.py", line 98, in wrapper
    return f(*func_args, **func_kwargs)
           ^^^^^^^^^^^^^^^^^^^^^^^^^^^^

      File "/opt/stack/tempest/tempest/api/volume/admin/test_group_snapshots.py", line 225, in test_delete_group_snapshots_following_updated_volumes
    grp = self.create_group(group_type=group_type['id'],
          ^^^^^^^^^^^^^^^^^^^^^^^^^^^^^^^^^^^^^^^^^^^^^^

      File "/opt/stack/tempest/tempest/api/volume/base.py", line 293, in create_group
    waiters.wait_for_volume_resource_status(

      File "/opt/stack/tempest/tempest/common/waiters.py", line 379, in wait_for_volume_resource_status
    raise exceptions.VolumeResourceBuildErrorException(

    tempest.exceptions.VolumeResourceBuildErrorException: group aaf3d43d-d670-4f53-a3b1-7f834335cb7d failed to build and is in ERROR status


Captured pythonlogging:
~~~~~~~~~~~~~~~~~~~~~~~
    2026-02-17 15:26:36,245 122996 INFO     [tempest.lib.common.rest_client] Request (GroupSnapshotsTest:test_delete_group_snapshots_following_updated_volumes): 200 POST http://10.132.44.205/volume/v3/types 0.043s
2026-02-17 15:26:36,245 122996 DEBUG    [tempest.lib.common.rest_client] Request - Headers: {'Content-Type': 'application/json', 'Accept': 'application/json', 'X-Auth-Token': '<omitted>'}
        Body: {"volume_type": {"name": "tempest-GroupSnapshotsTest-volume-type-1466916340"}}
    Response - Headers: {'date': 'Tue, 17 Feb 2026 15:26:36 GMT', 'server': 'Apache/2.4.58 (Ubuntu)', 'content-type': 'application/json', 'x-compute-request-id': 'req-d2fc1bda-26d6-40b7-9d2d-a3a454a4b5ec', 'content-length': '224', 'openstack-api-version': 'volume 3.0', 'vary': 'OpenStack-API-Version', 'x-openstack-request-id': 'req-d2fc1bda-26d6-40b7-9d2d-a3a454a4b5ec', 'connection': 'close', 'status': '200', 'content-location': 'http://10.132.44.205/volume/v3/types'}
        Body: b'{"volume_type": {"id": "58010e7c-ca4e-40b5-87cc-f52ebd681693", "name": "tempest-GroupSnapshotsTest-volume-type-1466916340", "is_public": true, "extra_specs": {}, "description": null, "os-volume-type-access:is_public": true}}'
2026-02-17 15:26:36,296 122996 INFO     [tempest.lib.common.rest_client] Request (GroupSnapshotsTest:test_delete_group_snapshots_following_updated_volumes): 202 POST http://10.132.44.205/volume/v3/group_types 0.047s
2026-02-17 15:26:36,297 122996 DEBUG    [tempest.lib.common.rest_client] Request - Headers: {'Content-Type': 'application/json', 'Accept': 'application/json', 'Openstack-Api-Version': 'volume 3.14', 'X-Auth-Token': '<omitted>'}
        Body: {"group_type": {"name": "tempest-GroupSnapshotsTest-group-type-1695345660"}}
    Response - Headers: {'date': 'Tue, 17 Feb 2026 15:26:36 GMT', 'server': 'Apache/2.4.58 (Ubuntu)', 'content-type': 'application/json', 'x-compute-request-id': 'req-b394512f-e15e-4cf5-a82f-4b984d9a4f5e', 'content-length': '181', 'openstack-api-version': 'volume 3.14', 'vary': 'OpenStack-API-Version', 'x-openstack-request-id': 'req-b394512f-e15e-4cf5-a82f-4b984d9a4f5e', 'connection': 'close', 'status': '202', 'content-location': 'http://10.132.44.205/volume/v3/group_types'}
        Body: b'{"group_type": {"id": "76a1e530-0bfb-4dc3-8439-0c4c6bc71878", "name": "tempest-GroupSnapshotsTest-group-type-1695345660", "description": null, "is_public": true, "group_specs": {}}}'
2026-02-17 15:26:36,484 122996 INFO     [tempest.lib.common.rest_client] Request (GroupSnapshotsTest:test_delete_group_snapshots_following_updated_volumes): 202 POST http://10.132.44.205/volume/v3/groups 0.184s
2026-02-17 15:26:36,485 122996 DEBUG    [tempest.lib.common.rest_client] Request - Headers: {'Content-Type': 'application/json', 'Accept': 'application/json', 'Openstack-Api-Version': 'volume 3.14', 'X-Auth-Token': '<omitted>'}
        Body: {"group": {"group_type": "76a1e530-0bfb-4dc3-8439-0c4c6bc71878", "volume_types": ["58010e7c-ca4e-40b5-87cc-f52ebd681693"], "name": "tempest-GroupSnapshotsTest-Group-1794297883"}}
    Response - Headers: {'date': 'Tue, 17 Feb 2026 15:26:36 GMT', 'server': 'Apache/2.4.58 (Ubuntu)', 'content-type': 'application/json', 'x-compute-request-id': 'req-cd43457d-de61-410b-9dac-b2f3fd832660', 'content-length': '112', 'openstack-api-version': 'volume 3.14', 'vary': 'OpenStack-API-Version', 'x-openstack-request-id': 'req-cd43457d-de61-410b-9dac-b2f3fd832660', 'connection': 'close', 'status': '202', 'content-location': 'http://10.132.44.205/volume/v3/groups'}
        Body: b'{"group": {"id": "aaf3d43d-d670-4f53-a3b1-7f834335cb7d", "name": "tempest-GroupSnapshotsTest-Group-1794297883"}}'
2026-02-17 15:26:36,533 122996 INFO     [tempest.lib.common.rest_client] Request (GroupSnapshotsTest:test_delete_group_snapshots_following_updated_volumes): 200 GET http://10.132.44.205/volume/v3/groups/aaf3d43d-d670-4f53-a3b1-7f834335cb7d 0.044s
2026-02-17 15:26:36,534 122996 DEBUG    [tempest.lib.common.rest_client] Request - Headers: {'Content-Type': 'application/json', 'Accept': 'application/json', 'Openstack-Api-Version': 'volume 
    3.14', 'X-Auth-Token': '<omitted>'}
        Body: None
    Response - Headers: {'date': 'Tue, 17 Feb 2026 15:26:36 GMT', 'server': 'Apache/2.4.58 (Ubuntu)', 'content-type': 'application/json', 'x-compute-request-id': 'req-702adf37-a979-4714-9e1a-ceaf4faa2f29', 'content-length': '392', 'openstack-api-version': 'volume 3.14', 'vary': 'OpenStack-API-Version', 'x-openstack-request-id': 'req-702adf37-a979-4714-9e1a-ceaf4faa2f29', 'connection': 'close', 'status': '200', 'content-location': 'http://10.132.44.205/volume/v3/groups/aaf3d43d-d670-4f53-a3b1-7f834335cb7d'}
        Body: b'{"group": {"id": "aaf3d43d-d670-4f53-a3b1-7f834335cb7d", "status": "creating", "availability_zone": "nova", "created_at": "2026-02-17T15:26:36.000000", "name": "tempest-GroupSnapshotsTest-Group-1794297883", "description": null, "group_type": "76a1e530-0bfb-4dc3-8439-0c4c6bc71878", "volume_types": ["58010e7c-ca4e-40b5-87cc-f52ebd681693"], "group_snapshot_id": null, "source_group_id": null}}'
2026-02-17 15:26:37,586 122996 INFO     [tempest.lib.common.rest_client] Request (GroupSnapshotsTest:test_delete_group_snapshots_following_updated_volumes): 200 GET http://10.132.44.205/volume/v3/groups/aaf3d43d-d670-4f53-a3b1-7f834335cb7d 0.046s
2026-02-17 15:26:37,587 122996 DEBUG    [tempest.lib.common.rest_client] Request - Headers: {'Content-Type': 'application/json', 'Accept': 'application/json', 'Openstack-Api-Version': 'volume 3.14', 'X-Auth-Token': '<omitted>'}
        Body: None
    Response - Headers: {'date': 'Tue, 17 Feb 2026 15:26:37 GMT', 'server': 'Apache/2.4.58 (Ubuntu)', 'content-type': 'application/json', 'x-compute-request-id': 'req-a35bfd5b-dc14-43d5-b2d3-636efcf70fbc', 'content-length': '389', 'openstack-api-version': 'volume 3.14', 'vary': 'OpenStack-API-Version', 'x-openstack-request-id': 'req-a35bfd5b-dc14-43d5-b2d3-636efcf70fbc', 'connection': 'close', 'status': '200', 'content-location': 'http://10.132.44.205/volume/v3/groups/aaf3d43d-d670-4f53-a3b1-7f834335cb7d'}
        Body: b'{"group": {"id": "aaf3d43d-d670-4f53-a3b1-7f834335cb7d", "status": "error", "availability_zone": "nova", "created_at": "2026-02-17T15:26:36.000000", "name": "tempest-GroupSnapshotsTest-Group-1794297883", "description": null, "group_type": "76a1e530-0bfb-4dc3-8439-0c4c6bc71878", "volume_types": ["58010e7c-ca4e-40b5-87cc-f52ebd681693"], "group_snapshot_id": null, "source_group_id": null}}'
2026-02-17 15:26:37,594 122996 ERROR    [tempest.lib.decorators] Hints: This test was made for the bug_type 1739031. The failure could be related to https://launchpad.net/bugs/1739031
2026-02-17 15:26:37,687 122996 INFO     [tempest.lib.common.rest_client] Request (GroupSnapshotsTest:_run_cleanups): 200 GET http://10.132.44.205/volume/v3/volumes/detail 0.090s
2026-02-17 15:26:37,688 122996 DEBUG    [tempest.lib.common.rest_client] Request - Headers: {'Content-Type': 'application/json', 'Accept': 'application/json', 'Openstack-Api-Version': 'volume 3.14', 'X-Auth-Token': '<omitted>'}
        Body: None
    Response - Headers: {'date': 'Tue, 17 Feb 2026 15:26:37 GMT', 'server': 'Apache/2.4.58 (Ubuntu)', 'content-type': 'application/json', 'x-compute-request-id': 'req-77dfe66b-3aa6-4c01-b7e0-188e16c312eb', 'content-length': '15', 'openstack-api-version': 'volume 3.14', 'vary': 'OpenStack-API-Version', 'x-openstack-request-id': 'req-77dfe66b-3aa6-4c01-b7e0-188e16c312eb', 'connection': 'close', 'status': '200', 'content-location': 'http://10.132.44.205/volume/v3/volumes/detail'}
        Body: b'{"volumes": []}'
2026-02-17 15:26:37,804 122996 INFO     [tempest.lib.common.rest_client] Request (GroupSnapshotsTest:_run_cleanups): 202 POST http://10.132.44.205/volume/v3/groups/aaf3d43d-d670-4f53-a3b1-7f834335cb7d/action 0.106s
2026-02-17 15:26:37,805 122996 DEBUG    [tempest.lib.common.rest_client] Request - Headers: {'Content-Type': 'application/json', 'Accept': 'application/json', 'Openstack-Api-Version': 'volume 3.14', 'X-Auth-Token': '<omitted>'}
        Body: {"delete": {"delete-volumes": true}}
    Response - Headers: {'date': 'Tue, 17 Feb 2026 15:26:37 GMT', 'server': 'Apache/2.4.
    58 (Ubuntu)', 'content-length': '0', 'content-type': 'text/html; charset=UTF-8', 'openstack-api-version': 'volume 3.14', 'vary': 'OpenStack-API-Version', 'x-openstack-request-id': 'req-6eaa9593-7b7e-49f5-9690-ca22075f0cf6', 'connection': 'close', 'status': '202', 'content-location': 'http://10.132.44.205/volume/v3/groups/aaf3d43d-d670-4f53-a3b1-7f834335cb7d/action'}
        Body: b''
2026-02-17 15:26:37,827 122996 INFO     [tempest.lib.common.rest_client] Request (GroupSnapshotsTest:_run_cleanups): 404 GET http://10.132.44.205/volume/v3/groups/aaf3d43d-d670-4f53-a3b1-7f834335cb7d 0.021s
2026-02-17 15:26:37,828 122996 DEBUG    [tempest.lib.common.rest_client] Request - Headers: {'Content-Type': 'application/json', 'Accept': 'application/json', 'Openstack-Api-Version': 'volume 3.14', 'X-Auth-Token': '<omitted>'}
        Body: None
    Response - Headers: {'date': 'Tue, 17 Feb 2026 15:26:37 GMT', 'server': 'Apache/2.4.58 (Ubuntu)', 'openstack-api-version': 'volume 3.14', 'vary': 'OpenStack-API-Version', 'content-length': '108', 'content-type': 'application/json', 'x-compute-request-id': 'req-dea68225-3e60-43a7-9265-23817480476e', 'x-openstack-request-id': 'req-dea68225-3e60-43a7-9265-23817480476e', 'connection': 'close', 'status': '404', 'content-location': 'http://10.132.44.205/volume/v3/groups/aaf3d43d-d670-4f53-a3b1-7f834335cb7d'}
        Body: b'{"itemNotFound": {"code": 404, "message": "Group aaf3d43d-d670-4f53-a3b1-7f834335cb7d could not be found."}}'
2026-02-17 15:26:37,879 122996 INFO     [tempest.lib.common.rest_client] Request (GroupSnapshotsTest:_run_cleanups): 202 DELETE http://10.132.44.205/volume/v3/group_types/76a1e530-0bfb-4dc3-8439-0c4c6bc71878 0.050s
2026-02-17 15:26:37,879 122996 DEBUG    [tempest.lib.common.rest_client] Request - Headers: {'Content-Type': 'application/json', 'Accept': 'application/json', 'Openstack-Api-Version': 'volume 3.14', 'X-Auth-Token': '<omitted>'}
        Body: None
    Response - Headers: {'date': 'Tue, 17 Feb 2026 15:26:37 GMT', 'server': 'Apache/2.4.58 (Ubuntu)', 'content-length': '0', 'content-type': 'text/html; charset=UTF-8', 'openstack-api-version': 'volume 3.14', 'vary': 'OpenStack-API-Version', 'x-openstack-request-id': 'req-055678bc-e599-4955-9161-32533a05931d', 'connection': 'close', 'status': '202', 'content-location': 'http://10.132.44.205/volume/v3/group_types/76a1e530-0bfb-4dc3-8439-0c4c6bc71878'}
        Body: b''
2026-02-17 15:26:37,987 122996 INFO     [tempest.lib.common.rest_client] Request (GroupSnapshotsTest:_run_cleanups): 202 DELETE http://10.132.44.205/volume/v3/types/58010e7c-ca4e-40b5-87cc-f52ebd681693 0.107s
2026-02-17 15:26:37,988 122996 DEBUG    [tempest.lib.common.rest_client] Request - Headers: {'Content-Type': 'application/json', 'Accept': 'application/json', 'X-Auth-Token': '<omitted>'}
        Body: None
    Response - Headers: {'date': 'Tue, 17 Feb 2026 15:26:37 GMT', 'server': 'Apache/2.4.58 (Ubuntu)', 'content-length': '0', 'content-type': 'text/html; charset=UTF-8', 'openstack-api-version': 'volume 3.0', 'vary': 'OpenStack-API-Version', 'x-openstack-request-id': 'req-bc9914e7-f150-4b1b-baaf-541a2796854d', 'connection': 'close', 'status': '202', 'content-location': 'http://10.132.44.205/volume/v3/types/58010e7c-ca4e-40b5-87cc-f52ebd681693'}
        Body: b''
2026-02-17 15:26:38,011 122996 INFO     [tempest.lib.common.rest_client] Request (GroupSnapshotsTest:_run_cleanups): 404 GET http://10.132.44.205/volume/v3/types/58010e7c-ca4e-40b5-87cc-f52ebd681693 0.023s
2026-02-17 15:26:38,012 122996 DEBUG    [tempest.lib.common.rest_client] Request - Headers: {'Content-Type': 'application/json', 'Accept': 'application/json', 'X-Auth-Token': '<omitted>'}
        Body: None
    Response - Headers: {'date': 'Tue, 17 Feb 2026 15:26:37 GMT', 'server': 'Apache/2.4.58 (Ubuntu)', 'openstack-api-version': 'volume 3.0', 'vary': 'OpenStack-API-Version', 'content-length': '114', 'content-type': 'application/json', 'x-compute-request-id': 'req-cfa793af-07ba-48f3-b834-173ad07ec164', 'x-openstack-request-id': 'req-cfa793af-07ba-48f3-b834-173ad07ec164', 'connection': 
    'close', 'status': '404', 'content-location': 'http://10.132.44.205/volume/v3/types/58010e7c-ca4e-40b5-87cc-f52ebd681693'}
        Body: b'{"itemNotFound": {"code": 404, "message": "Volume type 58010e7c-ca4e-40b5-87cc-f52ebd681693 could not be found."}}'


tempest.api.volume.admin.test_group_snapshots.GroupSnapshotsTest.test_group_snapshot_create_show_list_delete[id-1298e537-f1f0-47a3-a1dd-8adec8168897]
-----------------------------------------------------------------------------------------------------------------------------------------------------

Captured traceback:
~~~~~~~~~~~~~~~~~~~
    Traceback (most recent call last):

      File "/opt/stack/tempest/tempest/api/volume/admin/test_group_snapshots.py", line 92, in test_group_snapshot_create_show_list_delete
    grp = self.create_group(group_type=group_type['id'],
          ^^^^^^^^^^^^^^^^^^^^^^^^^^^^^^^^^^^^^^^^^^^^^^

      File "/opt/stack/tempest/tempest/api/volume/base.py", line 293, in create_group
    waiters.wait_for_volume_resource_status(

      File "/opt/stack/tempest/tempest/common/waiters.py", line 379, in wait_for_volume_resource_status
    raise exceptions.VolumeResourceBuildErrorException(

    tempest.exceptions.VolumeResourceBuildErrorException: group b5182f5f-708b-4363-81ae-16f95f40fd09 failed to build and is in ERROR status


Captured pythonlogging:
~~~~~~~~~~~~~~~~~~~~~~~
    2026-02-17 15:26:38,063 122996 INFO     [tempest.lib.common.rest_client] Request (GroupSnapshotsTest:test_group_snapshot_create_show_list_delete): 200 POST http://10.132.44.205/volume/v3/types 0.044s
2026-02-17 15:26:38,063 122996 DEBUG    [tempest.lib.common.rest_client] Request - Headers: {'Content-Type': 'application/json', 'Accept': 'application/json', 'X-Auth-Token': '<omitted>'}
        Body: {"volume_type": {"name": "tempest-GroupSnapshotsTest-volume-type-570096818"}}
    Response - Headers: {'date': 'Tue, 17 Feb 2026 15:26:38 GMT', 'server': 'Apache/2.4.58 (Ubuntu)', 'content-type': 'application/json', 'x-compute-request-id': 'req-f6e8d0fc-2854-46f9-afb2-4c4f199cca62', 'content-length': '223', 'openstack-api-version': 'volume 3.0', 'vary': 'OpenStack-API-Version', 'x-openstack-request-id': 'req-f6e8d0fc-2854-46f9-afb2-4c4f199cca62', 'connection': 'close', 'status': '200', 'content-location': 'http://10.132.44.205/volume/v3/types'}
        Body: b'{"volume_type": {"id": "1ff8fbb5-f6ad-48d8-a019-b8a68693dab2", "name": "tempest-GroupSnapshotsTest-volume-type-570096818", "is_public": true, "extra_specs": {}, "description": null, "os-volume-type-access:is_public": true}}'
2026-02-17 15:26:38,114 122996 INFO     [tempest.lib.common.rest_client] Request (GroupSnapshotsTest:test_group_snapshot_create_show_list_delete): 202 POST http://10.132.44.205/volume/v3/group_types 0.046s
2026-02-17 15:26:38,114 122996 DEBUG    [tempest.lib.common.rest_client] Request - Headers: {'Content-Type': 'application/json', 'Accept': 'application/json', 'Openstack-Api-Version': 'volume 3.14', 'X-Auth-Token': '<omitted>'}
        Body: {"group_type": {"name": "tempest-GroupSnapshotsTest-group-type-1775546796"}}
    Response - Headers: {'date': 'Tue, 17 Feb 2026 15:26:38 GMT', 'server': 'Apache/2.4.58 (Ubuntu)', 'content-type': 'application/json', 'x-compute-request-id': 'req-cac82df1-b3bb-4f15-8587-5987a7f4de9b', 'content-length': '181', 'openstack-api-version': 'volume 3.14', 'vary': 'OpenStack-API-Version', 'x-openstack-request-id': 'req-cac82df1-b3bb-4f15-8587-5987a7f4de9b', 'connection': 'close', 'status': '202', 'content-location': 'http://10.132.44.205/volume/v3/group_types'}
        Body: b'{"group_type": {"id": "d0a921ef-8a57-403f-a6ae-21ce0ed8e388", "name": "tempest-GroupSnapshotsTest-group-type-1775546796", "description": null, "is_public": true, "group_specs": {}}}'
2026-02-17 15:26:38,241 122996 INFO     [tempest.lib.common.rest_client] Request (GroupSnapshotsTest:test_group_snapshot_create_show_list_delete): 202 POST http://10.132.44.205/volume/v3/groups 0.123s
2026-02-17 15:26:38,242 122996 DEBUG    [tempest.lib.common.rest_client] Request - Headers: {'Content-Type': 'application/json', 'Accept': 'application/json', 'Openstack-Api-Version': 'volume 3.14', 'X-Auth-Token': '<omitted>'}
        Body: {"group": {"group_type": "d0a921ef-8a57-403f-a6ae-21ce0ed8e388", "volume_types": ["1ff8fbb5-f6ad-48d8-a019-b8a68693dab2"], "name": "tempest-GroupSnapshotsTest-Group-1264067416"}}
    Response - Headers: {'date': 'Tue, 17 Feb 2026 15:26:38 GMT', 'server': 'Apache/2.4.58 (Ubuntu)', 'content-type': 'application/json', 'x-compute-request-id': 'req-abb88888-5116-4ec8-8b9d-59a2bb79303c', 'content-length': '112', 'openstack-api-version': 'volume 3.14', 'vary': 'OpenStack-API-Version', 'x-openstack-request-id': 'req-abb88888-5116-4ec8-8b9d-59a2bb79303c', 'connection': 'close', 'status': '202', 'content-location': 'http://10.132.44.205/volume/v3/groups'}
        Body: b'{"group": {"id": "b5182f5f-708b-4363-81ae-16f95f40fd09", "name": "tempest-GroupSnapshotsTest-Group-1264067416"}}'
2026-02-17 15:26:38,284 122996 INFO     [tempest.lib.common.rest_client] Request (GroupSnapshotsTest:test_group_snapshot_create_show_list_delete): 200 GET http://10.132.44.205/volume/v3/groups/b5182f5f-708b-4363-81ae-16f95f40fd09 0.039s
2026-02-17 15:26:38,285 122996 DEBUG    [tempest.lib.common.rest_client] Request - Headers: {'Content-Type': 'application/json', 'Accept': 'application/json', 'Openstack-Api-Version': 'volume 3.14', 'X-Auth-Token': '<omitted>'}
      
      Body: None
    Response - Headers: {'date': 'Tue, 17 Feb 2026 15:26:38 GMT', 'server': 'Apache/2.4.58 (Ubuntu)', 'content-type': 'application/json', 'x-compute-request-id': 'req-f0531f8e-fa19-4063-a523-c2f6bf98ed2d', 'content-length': '392', 'openstack-api-version': 'volume 3.14', 'vary': 'OpenStack-API-Version', 'x-openstack-request-id': 'req-f0531f8e-fa19-4063-a523-c2f6bf98ed2d', 'connection': 'close', 'status': '200', 'content-location': 'http://10.132.44.205/volume/v3/groups/b5182f5f-708b-4363-81ae-16f95f40fd09'}
        Body: b'{"group": {"id": "b5182f5f-708b-4363-81ae-16f95f40fd09", "status": "creating", "availability_zone": "nova", "created_at": "2026-02-17T15:26:38.000000", "name": "tempest-GroupSnapshotsTest-Group-1264067416", "description": null, "group_type": "d0a921ef-8a57-403f-a6ae-21ce0ed8e388", "volume_types": ["1ff8fbb5-f6ad-48d8-a019-b8a68693dab2"], "group_snapshot_id": null, "source_group_id": null}}'
2026-02-17 15:26:39,339 122996 INFO     [tempest.lib.common.rest_client] Request (GroupSnapshotsTest:test_group_snapshot_create_show_list_delete): 200 GET http://10.132.44.205/volume/v3/groups/b5182f5f-708b-4363-81ae-16f95f40fd09 0.048s
2026-02-17 15:26:39,340 122996 DEBUG    [tempest.lib.common.rest_client] Request - Headers: {'Content-Type': 'application/json', 'Accept': 'application/json', 'Openstack-Api-Version': 'volume 3.14', 'X-Auth-Token': '<omitted>'}
        Body: None
    Response - Headers: {'date': 'Tue, 17 Feb 2026 15:26:39 GMT', 'server': 'Apache/2.4.58 (Ubuntu)', 'content-type': 'application/json', 'x-compute-request-id': 'req-c3cc7f66-b048-4c75-8dd6-e41ffca309b6', 'content-length': '389', 'openstack-api-version': 'volume 3.14', 'vary': 'OpenStack-API-Version', 'x-openstack-request-id': 'req-c3cc7f66-b048-4c75-8dd6-e41ffca309b6', 'connection': 'close', 'status': '200', 'content-location': 'http://10.132.44.205/volume/v3/groups/b5182f5f-708b-4363-81ae-16f95f40fd09'}
        Body: b'{"group": {"id": "b5182f5f-708b-4363-81ae-16f95f40fd09", "status": "error", "availability_zone": "nova", "created_at": "2026-02-17T15:26:38.000000", "name": "tempest-GroupSnapshotsTest-Group-1264067416", "description": null, "group_type": "d0a921ef-8a57-403f-a6ae-21ce0ed8e388", "volume_types": ["1ff8fbb5-f6ad-48d8-a019-b8a68693dab2"], "group_snapshot_id": null, "source_group_id": null}}'
2026-02-17 15:26:39,389 122996 INFO     [tempest.lib.common.rest_client] Request (GroupSnapshotsTest:_run_cleanups): 200 GET http://10.132.44.205/volume/v3/volumes/detail 0.043s
2026-02-17 15:26:39,390 122996 DEBUG    [tempest.lib.common.rest_client] Request - Headers: {'Content-Type': 'application/json', 'Accept': 'application/json', 'Openstack-Api-Version': 'volume 3.14', 'X-Auth-Token': '<omitted>'}
        Body: None
    Response - Headers: {'date': 'Tue, 17 Feb 2026 15:26:39 GMT', 'server': 'Apache/2.4.58 (Ubuntu)', 'content-type': 'application/json', 'x-compute-request-id': 'req-c40afaec-5f1c-4b8d-982d-b08bcf7c80da', 'content-length': '15', 'openstack-api-version': 'volume 3.14', 'vary': 'OpenStack-API-Version', 'x-openstack-request-id': 'req-c40afaec-5f1c-4b8d-982d-b08bcf7c80da', 'connection': 'close', 'status': '200', 'content-location': 'http://10.132.44.205/volume/v3/volumes/detail'}
        Body: b'{"volumes": []}'
2026-02-17 15:26:39,511 122996 INFO     [tempest.lib.common.rest_client] Request (GroupSnapshotsTest:_run_cleanups): 202 POST http://10.132.44.205/volume/v3/groups/b5182f5f-708b-4363-81ae-16f95f40fd09/action 0.103s
2026-02-17 15:26:39,511 122996 DEBUG    [tempest.lib.common.rest_client] Request - Headers: {'Content-Type': 'application/json', 'Accept': 'application/json', 'Openstack-Api-Version': 'volume 3.14', 'X-Auth-Token': '<omitted>'}
        Body: {"delete": {"delete-volumes": true}}
    Response - Headers: {'date': 'Tue, 17 Feb 2026 15:26:39 GMT', 'server': 'Apache/2.4.58 (Ubuntu)', 'content-length': '0', 'content-type': 'text/html; charset=UTF-8', 'openstack-api-version': 'volume 3.14', 'vary': 'OpenStack-API-Version', 'x-openstack-request-id': 'req-02628f80-543e-4846-b7d7-b69f0f16965c', 'connection'
    : 'close', 'status': '202', 'content-location': 'http://10.132.44.205/volume/v3/groups/b5182f5f-708b-4363-81ae-16f95f40fd09/action'}
        Body: b''
2026-02-17 15:26:39,534 122996 INFO     [tempest.lib.common.rest_client] Request (GroupSnapshotsTest:_run_cleanups): 404 GET http://10.132.44.205/volume/v3/groups/b5182f5f-708b-4363-81ae-16f95f40fd09 0.021s
2026-02-17 15:26:39,534 122996 DEBUG    [tempest.lib.common.rest_client] Request - Headers: {'Content-Type': 'application/json', 'Accept': 'application/json', 'Openstack-Api-Version': 'volume 3.14', 'X-Auth-Token': '<omitted>'}
        Body: None
    Response - Headers: {'date': 'Tue, 17 Feb 2026 15:26:39 GMT', 'server': 'Apache/2.4.58 (Ubuntu)', 'openstack-api-version': 'volume 3.14', 'vary': 'OpenStack-API-Version', 'content-length': '108', 'content-type': 'application/json', 'x-compute-request-id': 'req-38d075d7-795f-454b-a1e4-a45e27ddb980', 'x-openstack-request-id': 'req-38d075d7-795f-454b-a1e4-a45e27ddb980', 'connection': 'close', 'status': '404', 'content-location': 'http://10.132.44.205/volume/v3/groups/b5182f5f-708b-4363-81ae-16f95f40fd09'}
        Body: b'{"itemNotFound": {"code": 404, "message": "Group b5182f5f-708b-4363-81ae-16f95f40fd09 could not be found."}}'
2026-02-17 15:26:39,585 122996 INFO     [tempest.lib.common.rest_client] Request (GroupSnapshotsTest:_run_cleanups): 202 DELETE http://10.132.44.205/volume/v3/group_types/d0a921ef-8a57-403f-a6ae-21ce0ed8e388 0.050s
2026-02-17 15:26:39,586 122996 DEBUG    [tempest.lib.common.rest_client] Request - Headers: {'Content-Type': 'application/json', 'Accept': 'application/json', 'Openstack-Api-Version': 'volume 3.14', 'X-Auth-Token': '<omitted>'}
        Body: None
    Response - Headers: {'date': 'Tue, 17 Feb 2026 15:26:39 GMT', 'server': 'Apache/2.4.58 (Ubuntu)', 'content-length': '0', 'content-type': 'text/html; charset=UTF-8', 'openstack-api-version': 'volume 3.14', 'vary': 'OpenStack-API-Version', 'x-openstack-request-id': 'req-6844db8a-4738-407a-898d-cbee1632db75', 'connection': 'close', 'status': '202', 'content-location': 'http://10.132.44.205/volume/v3/group_types/d0a921ef-8a57-403f-a6ae-21ce0ed8e388'}
        Body: b''
2026-02-17 15:26:39,664 122996 INFO     [tempest.lib.common.rest_client] Request (GroupSnapshotsTest:_run_cleanups): 202 DELETE http://10.132.44.205/volume/v3/types/1ff8fbb5-f6ad-48d8-a019-b8a68693dab2 0.078s
2026-02-17 15:26:39,665 122996 DEBUG    [tempest.lib.common.rest_client] Request - Headers: {'Content-Type': 'application/json', 'Accept': 'application/json', 'X-Auth-Token': '<omitted>'}
        Body: None
    Response - Headers: {'date': 'Tue, 17 Feb 2026 15:26:39 GMT', 'server': 'Apache/2.4.58 (Ubuntu)', 'content-length': '0', 'content-type': 'text/html; charset=UTF-8', 'openstack-api-version': 'volume 3.0', 'vary': 'OpenStack-API-Version', 'x-openstack-request-id': 'req-203353ca-2313-4b11-96e4-083be5e998e2', 'connection': 'close', 'status': '202', 'content-location': 'http://10.132.44.205/volume/v3/types/1ff8fbb5-f6ad-48d8-a019-b8a68693dab2'}
        Body: b''
2026-02-17 15:26:39,689 122996 INFO     [tempest.lib.common.rest_client] Request (GroupSnapshotsTest:_run_cleanups): 404 GET http://10.132.44.205/volume/v3/types/1ff8fbb5-f6ad-48d8-a019-b8a68693dab2 0.023s
2026-02-17 15:26:39,690 122996 DEBUG    [tempest.lib.common.rest_client] Request - Headers: {'Content-Type': 'application/json', 'Accept': 'application/json', 'X-Auth-Token': '<omitted>'}
        Body: None
    Response - Headers: {'date': 'Tue, 17 Feb 2026 15:26:39 GMT', 'server': 'Apache/2.4.58 (Ubuntu)', 'openstack-api-version': 'volume 3.0', 'vary': 'OpenStack-API-Version', 'content-length': '114', 'content-type': 'application/json', 'x-compute-request-id': 'req-8fc822cc-6c85-4452-bdd7-989f3c57605b', 'x-openstack-request-id': 'req-8fc822cc-6c85-4452-bdd7-989f3c57605b', 'connection': 'close', 'status': '404', 'content-location': 'http://10.132.44.205/volume/v3/types/1ff8fbb5-f6ad-48d8-a019-b8a68693dab2'}
        Body: b'{"itemNotFound": {"code": 404, "message": "Volume type 1ff8fbb5-f6ad-48d8-a019-b8a68693dab2 could
     not be found."}}'


tempest.api.volume.admin.test_group_snapshots.GroupSnapshotsV319Test.test_reset_group_snapshot_status[id-3b42c9b9-c984-4444-816e-ca2e1ed30b40]
----------------------------------------------------------------------------------------------------------------------------------------------

Captured traceback:
~~~~~~~~~~~~~~~~~~~
    Traceback (most recent call last):

      File "/opt/stack/tempest/tempest/api/volume/admin/test_group_snapshots.py", line 293, in test_reset_group_snapshot_status
    group = self.create_group(group_type=group_type['id'],
            ^^^^^^^^^^^^^^^^^^^^^^^^^^^^^^^^^^^^^^^^^^^^^^

      File "/opt/stack/tempest/tempest/api/volume/base.py", line 293, in create_group
    waiters.wait_for_volume_resource_status(

      File "/opt/stack/tempest/tempest/common/waiters.py", line 379, in wait_for_volume_resource_status
    raise exceptions.VolumeResourceBuildErrorException(

    tempest.exceptions.VolumeResourceBuildErrorException: group fff5df10-c2f3-4e6e-9dac-7e9b4017b74d failed to build and is in ERROR status


Captured pythonlogging:
~~~~~~~~~~~~~~~~~~~~~~~
    2026-02-17 15:26:44,444 122996 INFO     [tempest.lib.common.rest_client] Request (GroupSnapshotsV319Test:test_reset_group_snapshot_status): 200 POST http://10.132.44.205/volume/v3/types 0.248s
2026-02-17 15:26:44,444 122996 DEBUG    [tempest.lib.common.rest_client] Request - Headers: {'Content-Type': 'application/json', 'Accept': 'application/json', 'X-Auth-Token': '<omitted>'}
        Body: {"volume_type": {"name": "tempest-GroupSnapshotsV319Test-volume-type-1773720202"}}
    Response - Headers: {'date': 'Tue, 17 Feb 2026 15:26:44 GMT', 'server': 'Apache/2.4.58 (Ubuntu)', 'content-type': 'application/json', 'x-compute-request-id': 'req-c921b92a-4cd6-4904-880f-42bb27ff46ad', 'content-length': '228', 'openstack-api-version': 'volume 3.0', 'vary': 'OpenStack-API-Version', 'x-openstack-request-id': 'req-c921b92a-4cd6-4904-880f-42bb27ff46ad', 'connection': 'close', 'status': '200', 'content-location': 'http://10.132.44.205/volume/v3/types'}
        Body: b'{"volume_type": {"id": "ffe10373-904e-4066-9528-bc2f3bec8d1f", "name": "tempest-GroupSnapshotsV319Test-volume-type-1773720202", "is_public": true, "extra_specs": {}, "description": null, "os-volume-type-access:is_public": true}}'
2026-02-17 15:26:44,492 122996 INFO     [tempest.lib.common.rest_client] Request (GroupSnapshotsV319Test:test_reset_group_snapshot_status): 202 POST http://10.132.44.205/volume/v3/group_types 0.044s
2026-02-17 15:26:44,493 122996 DEBUG    [tempest.lib.common.rest_client] Request - Headers: {'Content-Type': 'application/json', 'Accept': 'application/json', 'Openstack-Api-Version': 'volume 3.19', 'X-Auth-Token': '<omitted>'}
        Body: {"group_type": {"name": "tempest-GroupSnapshotsV319Test-group-type-541816174"}}
    Response - Headers: {'date': 'Tue, 17 Feb 2026 15:26:44 GMT', 'server': 'Apache/2.4.58 (Ubuntu)', 'content-type': 'application/json', 'x-compute-request-id': 'req-c63fdacd-b801-40cc-96f6-0e6d57ac9749', 'content-length': '184', 'openstack-api-version': 'volume 3.19', 'vary': 'OpenStack-API-Version', 'x-openstack-request-id': 'req-c63fdacd-b801-40cc-96f6-0e6d57ac9749', 'connection': 'close', 'status': '202', 'content-location': 'http://10.132.44.205/volume/v3/group_types'}
        Body: b'{"group_type": {"id": "eda1cd1a-cfa1-4df6-b7b1-752b1714473d", "name": "tempest-GroupSnapshotsV319Test-group-type-541816174", "description": null, "is_public": true, "group_specs": {}}}'
2026-02-17 15:26:44,762 122996 INFO     [tempest.lib.common.rest_client] Request (GroupSnapshotsV319Test:test_reset_group_snapshot_status): 202 POST http://10.132.44.205/volume/v3/groups 0.265s
2026-02-17 15:26:44,762 122996 DEBUG    [tempest.lib.common.rest_client] Request - Headers: {'Content-Type': 'application/json', 'Accept': 'application/json', 'Openstack-Api-Version': 'volume 3.19', 'X-Auth-Token': '<omitted>'}
        Body: {"group": {"group_type": "eda1cd1a-cfa1-4df6-b7b1-752b1714473d", "volume_types": ["ffe10373-904e-4066-9528-bc2f3bec8d1f"], "name": "tempest-GroupSnapshotsV319Test-Group-325838178"}}
    Response - Headers: {'date': 'Tue, 17 Feb 2026 15:26:44 GMT', 'server': 'Apache/2.4.58 (Ubuntu)', 'content-type': 'application/json', 'x-compute-request-id': 'req-5f50214f-731d-46f9-b06e-017fd632a5c6', 'content-length': '115', 'openstack-api-version': 'volume 3.19', 'vary': 'OpenStack-API-Version', 'x-openstack-request-id': 'req-5f50214f-731d-46f9-b06e-017fd632a5c6', 'connection': 'close', 'status': '202', 'content-location': 'http://10.132.44.205/volume/v3/groups'}
        Body: b'{"group": {"id": "fff5df10-c2f3-4e6e-9dac-7e9b4017b74d", "name": "tempest-GroupSnapshotsV319Test-Group-325838178"}}'
2026-02-17 15:26:44,805 122996 INFO     [tempest.lib.common.rest_client] Request (GroupSnapshotsV319Test:test_reset_group_snapshot_status): 200 GET http://10.132.44.205/volume/v3/groups/fff5df10-c2f3-4e6e-9dac-7e9b4017b74d 0.040s
2026-02-17 15:26:44,805 122996 DEBUG    [tempest.lib.common.rest_client] Request - Headers: {'Content-Type': 'application/json', 'Accept': 'application/json', 'Openstack-Api-Version': 'volume 3.19', 'X-Auth-Token': '<omitted>'}
        Body
    : None
    Response - Headers: {'date': 'Tue, 17 Feb 2026 15:26:44 GMT', 'server': 'Apache/2.4.58 (Ubuntu)', 'content-type': 'application/json', 'x-compute-request-id': 'req-39530730-6688-400d-87f9-36d9227894a2', 'content-length': '395', 'openstack-api-version': 'volume 3.19', 'vary': 'OpenStack-API-Version', 'x-openstack-request-id': 'req-39530730-6688-400d-87f9-36d9227894a2', 'connection': 'close', 'status': '200', 'content-location': 'http://10.132.44.205/volume/v3/groups/fff5df10-c2f3-4e6e-9dac-7e9b4017b74d'}
        Body: b'{"group": {"id": "fff5df10-c2f3-4e6e-9dac-7e9b4017b74d", "status": "creating", "availability_zone": "nova", "created_at": "2026-02-17T15:26:45.000000", "name": "tempest-GroupSnapshotsV319Test-Group-325838178", "description": null, "group_type": "eda1cd1a-cfa1-4df6-b7b1-752b1714473d", "volume_types": ["ffe10373-904e-4066-9528-bc2f3bec8d1f"], "group_snapshot_id": null, "source_group_id": null}}'
2026-02-17 15:26:45,861 122996 INFO     [tempest.lib.common.rest_client] Request (GroupSnapshotsV319Test:test_reset_group_snapshot_status): 200 GET http://10.132.44.205/volume/v3/groups/fff5df10-c2f3-4e6e-9dac-7e9b4017b74d 0.051s
2026-02-17 15:26:45,862 122996 DEBUG    [tempest.lib.common.rest_client] Request - Headers: {'Content-Type': 'application/json', 'Accept': 'application/json', 'Openstack-Api-Version': 'volume 3.19', 'X-Auth-Token': '<omitted>'}
        Body: None
    Response - Headers: {'date': 'Tue, 17 Feb 2026 15:26:45 GMT', 'server': 'Apache/2.4.58 (Ubuntu)', 'content-type': 'application/json', 'x-compute-request-id': 'req-423f636d-7c8a-44f7-bdda-34f4afd7da7b', 'content-length': '392', 'openstack-api-version': 'volume 3.19', 'vary': 'OpenStack-API-Version', 'x-openstack-request-id': 'req-423f636d-7c8a-44f7-bdda-34f4afd7da7b', 'connection': 'close', 'status': '200', 'content-location': 'http://10.132.44.205/volume/v3/groups/fff5df10-c2f3-4e6e-9dac-7e9b4017b74d'}
        Body: b'{"group": {"id": "fff5df10-c2f3-4e6e-9dac-7e9b4017b74d", "status": "error", "availability_zone": "nova", "created_at": "2026-02-17T15:26:45.000000", "name": "tempest-GroupSnapshotsV319Test-Group-325838178", "description": null, "group_type": "eda1cd1a-cfa1-4df6-b7b1-752b1714473d", "volume_types": ["ffe10373-904e-4066-9528-bc2f3bec8d1f"], "group_snapshot_id": null, "source_group_id": null}}'
2026-02-17 15:26:45,910 122996 INFO     [tempest.lib.common.rest_client] Request (GroupSnapshotsV319Test:_run_cleanups): 200 GET http://10.132.44.205/volume/v3/volumes/detail 0.041s
2026-02-17 15:26:45,911 122996 DEBUG    [tempest.lib.common.rest_client] Request - Headers: {'Content-Type': 'application/json', 'Accept': 'application/json', 'Openstack-Api-Version': 'volume 3.19', 'X-Auth-Token': '<omitted>'}
        Body: None
    Response - Headers: {'date': 'Tue, 17 Feb 2026 15:26:45 GMT', 'server': 'Apache/2.4.58 (Ubuntu)', 'content-type': 'application/json', 'x-compute-request-id': 'req-60ebd49f-9c4f-46c9-b645-51c0b6ad3c04', 'content-length': '15', 'openstack-api-version': 'volume 3.19', 'vary': 'OpenStack-API-Version', 'x-openstack-request-id': 'req-60ebd49f-9c4f-46c9-b645-51c0b6ad3c04', 'connection': 'close', 'status': '200', 'content-location': 'http://10.132.44.205/volume/v3/volumes/detail'}
        Body: b'{"volumes": []}'
2026-02-17 15:26:46,033 122996 INFO     [tempest.lib.common.rest_client] Request (GroupSnapshotsV319Test:_run_cleanups): 202 POST http://10.132.44.205/volume/v3/groups/fff5df10-c2f3-4e6e-9dac-7e9b4017b74d/action 0.104s
2026-02-17 15:26:46,034 122996 DEBUG    [tempest.lib.common.rest_client] Request - Headers: {'Content-Type': 'application/json', 'Accept': 'application/json', 'Openstack-Api-Version': 'volume 3.19', 'X-Auth-Token': '<omitted>'}
        Body: {"delete": {"delete-volumes": true}}
    Response - Headers: {'date': 'Tue, 17 Feb 2026 15:26:45 GMT', 'server': 'Apache/2.4.58 (Ubuntu)', 'content-length': '0', 'content-type': 'text/html; charset=UTF-8', 'openstack-api-version': 'volume 3.19', 'vary': 'OpenStack-API-Version', 'x-openstack-request-id': 'req-431513f6-6089-4567-97c8-ef07c23759f6', 'connection
    ': 'close', 'status': '202', 'content-location': 'http://10.132.44.205/volume/v3/groups/fff5df10-c2f3-4e6e-9dac-7e9b4017b74d/action'}
        Body: b''
2026-02-17 15:26:46,056 122996 INFO     [tempest.lib.common.rest_client] Request (GroupSnapshotsV319Test:_run_cleanups): 404 GET http://10.132.44.205/volume/v3/groups/fff5df10-c2f3-4e6e-9dac-7e9b4017b74d 0.021s
2026-02-17 15:26:46,056 122996 DEBUG    [tempest.lib.common.rest_client] Request - Headers: {'Content-Type': 'application/json', 'Accept': 'application/json', 'Openstack-Api-Version': 'volume 3.19', 'X-Auth-Token': '<omitted>'}
        Body: None
    Response - Headers: {'date': 'Tue, 17 Feb 2026 15:26:46 GMT', 'server': 'Apache/2.4.58 (Ubuntu)', 'openstack-api-version': 'volume 3.19', 'vary': 'OpenStack-API-Version', 'content-length': '108', 'content-type': 'application/json', 'x-compute-request-id': 'req-fe78a464-a77a-4dc8-b457-3d1c3fd5c6d9', 'x-openstack-request-id': 'req-fe78a464-a77a-4dc8-b457-3d1c3fd5c6d9', 'connection': 'close', 'status': '404', 'content-location': 'http://10.132.44.205/volume/v3/groups/fff5df10-c2f3-4e6e-9dac-7e9b4017b74d'}
        Body: b'{"itemNotFound": {"code": 404, "message": "Group fff5df10-c2f3-4e6e-9dac-7e9b4017b74d could not be found."}}'
2026-02-17 15:26:46,103 122996 INFO     [tempest.lib.common.rest_client] Request (GroupSnapshotsV319Test:_run_cleanups): 202 DELETE http://10.132.44.205/volume/v3/group_types/eda1cd1a-cfa1-4df6-b7b1-752b1714473d 0.046s
2026-02-17 15:26:46,104 122996 DEBUG    [tempest.lib.common.rest_client] Request - Headers: {'Content-Type': 'application/json', 'Accept': 'application/json', 'Openstack-Api-Version': 'volume 3.19', 'X-Auth-Token': '<omitted>'}
        Body: None
    Response - Headers: {'date': 'Tue, 17 Feb 2026 15:26:46 GMT', 'server': 'Apache/2.4.58 (Ubuntu)', 'content-length': '0', 'content-type': 'text/html; charset=UTF-8', 'openstack-api-version': 'volume 3.19', 'vary': 'OpenStack-API-Version', 'x-openstack-request-id': 'req-120aa5d9-1946-4f4a-9d04-eab05894ce75', 'connection': 'close', 'status': '202', 'content-location': 'http://10.132.44.205/volume/v3/group_types/eda1cd1a-cfa1-4df6-b7b1-752b1714473d'}
        Body: b''
2026-02-17 15:26:46,196 122996 INFO     [tempest.lib.common.rest_client] Request (GroupSnapshotsV319Test:_run_cleanups): 202 DELETE http://10.132.44.205/volume/v3/types/ffe10373-904e-4066-9528-bc2f3bec8d1f 0.092s
2026-02-17 15:26:46,197 122996 DEBUG    [tempest.lib.common.rest_client] Request - Headers: {'Content-Type': 'application/json', 'Accept': 'application/json', 'X-Auth-Token': '<omitted>'}
        Body: None
    Response - Headers: {'date': 'Tue, 17 Feb 2026 15:26:46 GMT', 'server': 'Apache/2.4.58 (Ubuntu)', 'content-length': '0', 'content-type': 'text/html; charset=UTF-8', 'openstack-api-version': 'volume 3.0', 'vary': 'OpenStack-API-Version', 'x-openstack-request-id': 'req-73f2baad-1700-4fb2-979e-5e2171243dde', 'connection': 'close', 'status': '202', 'content-location': 'http://10.132.44.205/volume/v3/types/ffe10373-904e-4066-9528-bc2f3bec8d1f'}
        Body: b''
2026-02-17 15:26:46,221 122996 INFO     [tempest.lib.common.rest_client] Request (GroupSnapshotsV319Test:_run_cleanups): 404 GET http://10.132.44.205/volume/v3/types/ffe10373-904e-4066-9528-bc2f3bec8d1f 0.023s
2026-02-17 15:26:46,222 122996 DEBUG    [tempest.lib.common.rest_client] Request - Headers: {'Content-Type': 'application/json', 'Accept': 'application/json', 'X-Auth-Token': '<omitted>'}
        Body: None
    Response - Headers: {'date': 'Tue, 17 Feb 2026 15:26:46 GMT', 'server': 'Apache/2.4.58 (Ubuntu)', 'openstack-api-version': 'volume 3.0', 'vary': 'OpenStack-API-Version', 'content-length': '114', 'content-type': 'application/json', 'x-compute-request-id': 'req-92107342-c46b-41e5-ba70-631ea5b1e937', 'x-openstack-request-id': 'req-92107342-c46b-41e5-ba70-631ea5b1e937', 'connection': 'close', 'status': '404', 'content-location': 'http://10.132.44.205/volume/v3/types/ffe10373-904e-4066-9528-bc2f3bec8d1f'}
        Body: b'{"itemNotFound": {"code": 404, "message": "Volume type ffe10373-904e-4066-9528-b
    c2f3bec8d1f could not be found."}}'


tempest.api.volume.admin.test_groups.GroupsTest.test_group_create_show_list_delete[id-4b111d28-b73d-4908-9bd2-03dc2992e4d4]
---------------------------------------------------------------------------------------------------------------------------

Captured traceback:
~~~~~~~~~~~~~~~~~~~
    Traceback (most recent call last):

      File "/opt/stack/tempest/tempest/api/volume/admin/test_groups.py", line 43, in test_group_create_show_list_delete
    grp1 = self.create_group(group_type=group_type['id'],
           ^^^^^^^^^^^^^^^^^^^^^^^^^^^^^^^^^^^^^^^^^^^^^^

      File "/opt/stack/tempest/tempest/api/volume/base.py", line 293, in create_group
    waiters.wait_for_volume_resource_status(

      File "/opt/stack/tempest/tempest/common/waiters.py", line 379, in wait_for_volume_resource_status
    raise exceptions.VolumeResourceBuildErrorException(

    tempest.exceptions.VolumeResourceBuildErrorException: group d83b913c-16de-4b99-abee-6cb808c35994 failed to build and is in ERROR status


Captured pythonlogging:
~~~~~~~~~~~~~~~~~~~~~~~
    2026-02-17 15:27:01,678 122996 INFO     [tempest.lib.common.rest_client] Request (GroupsTest:test_group_create_show_list_delete): 200 POST http://10.132.44.205/volume/v3/types 0.209s
2026-02-17 15:27:01,679 122996 DEBUG    [tempest.lib.common.rest_client] Request - Headers: {'Content-Type': 'application/json', 'Accept': 'application/json', 'X-Auth-Token': '<omitted>'}
        Body: {"volume_type": {"name": "tempest-GroupsTest-volume-type-887935436"}}
    Response - Headers: {'date': 'Tue, 17 Feb 2026 15:27:01 GMT', 'server': 'Apache/2.4.58 (Ubuntu)', 'content-type': 'application/json', 'x-compute-request-id': 'req-a25b2e5e-1f83-4d81-9a1e-3d520f6bb701', 'content-length': '215', 'openstack-api-version': 'volume 3.0', 'vary': 'OpenStack-API-Version', 'x-openstack-request-id': 'req-a25b2e5e-1f83-4d81-9a1e-3d520f6bb701', 'connection': 'close', 'status': '200', 'content-location': 'http://10.132.44.205/volume/v3/types'}
        Body: b'{"volume_type": {"id": "2f1bdb10-a69e-4196-894c-0f2aa2cf9757", "name": "tempest-GroupsTest-volume-type-887935436", "is_public": true, "extra_specs": {}, "description": null, "os-volume-type-access:is_public": true}}'
2026-02-17 15:27:01,731 122996 INFO     [tempest.lib.common.rest_client] Request (GroupsTest:test_group_create_show_list_delete): 202 POST http://10.132.44.205/volume/v3/group_types 0.047s
2026-02-17 15:27:01,731 122996 DEBUG    [tempest.lib.common.rest_client] Request - Headers: {'Content-Type': 'application/json', 'Accept': 'application/json', 'Openstack-Api-Version': 'volume 3.13', 'X-Auth-Token': '<omitted>'}
        Body: {"group_type": {"name": "tempest-GroupsTest-group-type-1183983502"}}
    Response - Headers: {'date': 'Tue, 17 Feb 2026 15:27:01 GMT', 'server': 'Apache/2.4.58 (Ubuntu)', 'content-type': 'application/json', 'x-compute-request-id': 'req-63d45108-7054-49ea-9a51-a0ee24b3e284', 'content-length': '173', 'openstack-api-version': 'volume 3.13', 'vary': 'OpenStack-API-Version', 'x-openstack-request-id': 'req-63d45108-7054-49ea-9a51-a0ee24b3e284', 'connection': 'close', 'status': '202', 'content-location': 'http://10.132.44.205/volume/v3/group_types'}
        Body: b'{"group_type": {"id": "3289958f-bf9b-44d8-816a-5b8dbda0bc2e", "name": "tempest-GroupsTest-group-type-1183983502", "description": null, "is_public": true, "group_specs": {}}}'
2026-02-17 15:27:01,984 122996 INFO     [tempest.lib.common.rest_client] Request (GroupsTest:test_group_create_show_list_delete): 202 POST http://10.132.44.205/volume/v3/groups 0.248s
2026-02-17 15:27:01,985 122996 DEBUG    [tempest.lib.common.rest_client] Request - Headers: {'Content-Type': 'application/json', 'Accept': 'application/json', 'Openstack-Api-Version': 'volume 3.13', 'X-Auth-Token': '<omitted>'}
        Body: {"group": {"group_type": "3289958f-bf9b-44d8-816a-5b8dbda0bc2e", "volume_types": ["2f1bdb10-a69e-4196-894c-0f2aa2cf9757"], "name": "tempest-Group1-47928558"}}
    Response - Headers: {'date': 'Tue, 17 Feb 2026 15:27:01 GMT', 'server': 'Apache/2.4.58 (Ubuntu)', 'content-type': 'application/json', 'x-compute-request-id': 'req-af03ce3f-8eee-4ed5-aa67-859c9da10b01', 'content-length': '92', 'openstack-api-version': 'volume 3.13', 'vary': 'OpenStack-API-Version', 'x-openstack-request-id': 'req-af03ce3f-8eee-4ed5-aa67-859c9da10b01', 'connection': 'close', 'status': '202', 'content-location': 'http://10.132.44.205/volume/v3/groups'}
        Body: b'{"group": {"id": "d83b913c-16de-4b99-abee-6cb808c35994", "name": "tempest-Group1-47928558"}}'
2026-02-17 15:27:02,031 122996 INFO     [tempest.lib.common.rest_client] Request (GroupsTest:test_group_create_show_list_delete): 200 GET http://10.132.44.205/volume/v3/groups/d83b913c-16de-4b99-abee-6cb808c35994 0.043s
2026-02-17 15:27:02,031 122996 DEBUG    [tempest.lib.common.rest_client] Request - Headers: {'Content-Type': 'application/json', 'Accept': 'application/json', 'Openstack-Api-Version': 'volume 3.13', 'X-Auth-Token': '<omitted>'}
        Body: None
    Response - Headers: {'date': 'Tue, 17 Feb 2026 15:27:01 GMT', 'server': 'Apache/2.4.58 (Ubuntu)', 'content-type': 'applicati
    on/json', 'x-compute-request-id': 'req-a3922d27-b272-4404-9e4a-36b792f8804e', 'content-length': '320', 'openstack-api-version': 'volume 3.13', 'vary': 'OpenStack-API-Version', 'x-openstack-request-id': 'req-a3922d27-b272-4404-9e4a-36b792f8804e', 'connection': 'close', 'status': '200', 'content-location': 'http://10.132.44.205/volume/v3/groups/d83b913c-16de-4b99-abee-6cb808c35994'}
        Body: b'{"group": {"id": "d83b913c-16de-4b99-abee-6cb808c35994", "status": "creating", "availability_zone": "nova", "created_at": "2026-02-17T15:27:02.000000", "name": "tempest-Group1-47928558", "description": null, "group_type": "3289958f-bf9b-44d8-816a-5b8dbda0bc2e", "volume_types": ["2f1bdb10-a69e-4196-894c-0f2aa2cf9757"]}}'
2026-02-17 15:27:03,082 122996 INFO     [tempest.lib.common.rest_client] Request (GroupsTest:test_group_create_show_list_delete): 200 GET http://10.132.44.205/volume/v3/groups/d83b913c-16de-4b99-abee-6cb808c35994 0.045s
2026-02-17 15:27:03,083 122996 DEBUG    [tempest.lib.common.rest_client] Request - Headers: {'Content-Type': 'application/json', 'Accept': 'application/json', 'Openstack-Api-Version': 'volume 3.13', 'X-Auth-Token': '<omitted>'}
        Body: None
    Response - Headers: {'date': 'Tue, 17 Feb 2026 15:27:03 GMT', 'server': 'Apache/2.4.58 (Ubuntu)', 'content-type': 'application/json', 'x-compute-request-id': 'req-d0fccedc-e281-4cab-ba48-954d30a54349', 'content-length': '317', 'openstack-api-version': 'volume 3.13', 'vary': 'OpenStack-API-Version', 'x-openstack-request-id': 'req-d0fccedc-e281-4cab-ba48-954d30a54349', 'connection': 'close', 'status': '200', 'content-location': 'http://10.132.44.205/volume/v3/groups/d83b913c-16de-4b99-abee-6cb808c35994'}
        Body: b'{"group": {"id": "d83b913c-16de-4b99-abee-6cb808c35994", "status": "error", "availability_zone": "nova", "created_at": "2026-02-17T15:27:02.000000", "name": "tempest-Group1-47928558", "description": null, "group_type": "3289958f-bf9b-44d8-816a-5b8dbda0bc2e", "volume_types": ["2f1bdb10-a69e-4196-894c-0f2aa2cf9757"]}}'
2026-02-17 15:27:03,133 122996 INFO     [tempest.lib.common.rest_client] Request (GroupsTest:_run_cleanups): 200 GET http://10.132.44.205/volume/v3/volumes/detail 0.043s
2026-02-17 15:27:03,133 122996 DEBUG    [tempest.lib.common.rest_client] Request - Headers: {'Content-Type': 'application/json', 'Accept': 'application/json', 'Openstack-Api-Version': 'volume 3.13', 'X-Auth-Token': '<omitted>'}
        Body: None
    Response - Headers: {'date': 'Tue, 17 Feb 2026 15:27:03 GMT', 'server': 'Apache/2.4.58 (Ubuntu)', 'content-type': 'application/json', 'x-compute-request-id': 'req-cd1518d2-2e65-4aed-b9a6-8d200bd83bfb', 'content-length': '15', 'openstack-api-version': 'volume 3.13', 'vary': 'OpenStack-API-Version', 'x-openstack-request-id': 'req-cd1518d2-2e65-4aed-b9a6-8d200bd83bfb', 'connection': 'close', 'status': '200', 'content-location': 'http://10.132.44.205/volume/v3/volumes/detail'}
        Body: b'{"volumes": []}'
2026-02-17 15:27:03,249 122996 INFO     [tempest.lib.common.rest_client] Request (GroupsTest:_run_cleanups): 202 POST http://10.132.44.205/volume/v3/groups/d83b913c-16de-4b99-abee-6cb808c35994/action 0.098s
2026-02-17 15:27:03,250 122996 DEBUG    [tempest.lib.common.rest_client] Request - Headers: {'Content-Type': 'application/json', 'Accept': 'application/json', 'Openstack-Api-Version': 'volume 3.13', 'X-Auth-Token': '<omitted>'}
        Body: {"delete": {"delete-volumes": true}}
    Response - Headers: {'date': 'Tue, 17 Feb 2026 15:27:03 GMT', 'server': 'Apache/2.4.58 (Ubuntu)', 'content-length': '0', 'content-type': 'text/html; charset=UTF-8', 'openstack-api-version': 'volume 3.13', 'vary': 'OpenStack-API-Version', 'x-openstack-request-id': 'req-37f441bb-c083-4fb6-89fa-519fc882eba8', 'connection': 'close', 'status': '202', 'content-location': 'http://10.132.44.205/volume/v3/groups/d83b913c-16de-4b99-abee-6cb808c35994/action'}
        Body: b''
2026-02-17 15:27:03,276 122996 INFO     [tempest.lib.common.rest_client] Request (GroupsTest:_run_cleanups): 404 GET http://10.132.44.205/volume/v3/groups/d83b913c-16d
    e-4b99-abee-6cb808c35994 0.025s
2026-02-17 15:27:03,276 122996 DEBUG    [tempest.lib.common.rest_client] Request - Headers: {'Content-Type': 'application/json', 'Accept': 'application/json', 'Openstack-Api-Version': 'volume 3.13', 'X-Auth-Token': '<omitted>'}
        Body: None
    Response - Headers: {'date': 'Tue, 17 Feb 2026 15:27:03 GMT', 'server': 'Apache/2.4.58 (Ubuntu)', 'openstack-api-version': 'volume 3.13', 'vary': 'OpenStack-API-Version', 'content-length': '108', 'content-type': 'application/json', 'x-compute-request-id': 'req-bb449b61-9981-4f0d-84f4-8cee850d680d', 'x-openstack-request-id': 'req-bb449b61-9981-4f0d-84f4-8cee850d680d', 'connection': 'close', 'status': '404', 'content-location': 'http://10.132.44.205/volume/v3/groups/d83b913c-16de-4b99-abee-6cb808c35994'}
        Body: b'{"itemNotFound": {"code": 404, "message": "Group d83b913c-16de-4b99-abee-6cb808c35994 could not be found."}}'
2026-02-17 15:27:03,320 122996 INFO     [tempest.lib.common.rest_client] Request (GroupsTest:_run_cleanups): 202 DELETE http://10.132.44.205/volume/v3/group_types/3289958f-bf9b-44d8-816a-5b8dbda0bc2e 0.043s
2026-02-17 15:27:03,321 122996 DEBUG    [tempest.lib.common.rest_client] Request - Headers: {'Content-Type': 'application/json', 'Accept': 'application/json', 'Openstack-Api-Version': 'volume 3.13', 'X-Auth-Token': '<omitted>'}
        Body: None
    Response - Headers: {'date': 'Tue, 17 Feb 2026 15:27:03 GMT', 'server': 'Apache/2.4.58 (Ubuntu)', 'content-length': '0', 'content-type': 'text/html; charset=UTF-8', 'openstack-api-version': 'volume 3.13', 'vary': 'OpenStack-API-Version', 'x-openstack-request-id': 'req-46f89fdb-490b-47f7-8aac-2328df5bda7c', 'connection': 'close', 'status': '202', 'content-location': 'http://10.132.44.205/volume/v3/group_types/3289958f-bf9b-44d8-816a-5b8dbda0bc2e'}
        Body: b''
2026-02-17 15:27:03,390 122996 INFO     [tempest.lib.common.rest_client] Request (GroupsTest:_run_cleanups): 202 DELETE http://10.132.44.205/volume/v3/types/2f1bdb10-a69e-4196-894c-0f2aa2cf9757 0.068s
2026-02-17 15:27:03,390 122996 DEBUG    [tempest.lib.common.rest_client] Request - Headers: {'Content-Type': 'application/json', 'Accept': 'application/json', 'X-Auth-Token': '<omitted>'}
        Body: None
    Response - Headers: {'date': 'Tue, 17 Feb 2026 15:27:03 GMT', 'server': 'Apache/2.4.58 (Ubuntu)', 'content-length': '0', 'content-type': 'text/html; charset=UTF-8', 'openstack-api-version': 'volume 3.0', 'vary': 'OpenStack-API-Version', 'x-openstack-request-id': 'req-14b3f854-2ea7-46c6-a246-ce37c3100ec3', 'connection': 'close', 'status': '202', 'content-location': 'http://10.132.44.205/volume/v3/types/2f1bdb10-a69e-4196-894c-0f2aa2cf9757'}
        Body: b''
2026-02-17 15:27:03,413 122996 INFO     [tempest.lib.common.rest_client] Request (GroupsTest:_run_cleanups): 404 GET http://10.132.44.205/volume/v3/types/2f1bdb10-a69e-4196-894c-0f2aa2cf9757 0.023s
2026-02-17 15:27:03,414 122996 DEBUG    [tempest.lib.common.rest_client] Request - Headers: {'Content-Type': 'application/json', 'Accept': 'application/json', 'X-Auth-Token': '<omitted>'}
        Body: None
    Response - Headers: {'date': 'Tue, 17 Feb 2026 15:27:03 GMT', 'server': 'Apache/2.4.58 (Ubuntu)', 'openstack-api-version': 'volume 3.0', 'vary': 'OpenStack-API-Version', 'content-length': '114', 'content-type': 'application/json', 'x-compute-request-id': 'req-e6a2ab11-f9d7-4b52-a835-260ae655d415', 'x-openstack-request-id': 'req-e6a2ab11-f9d7-4b52-a835-260ae655d415', 'connection': 'close', 'status': '404', 'content-location': 'http://10.132.44.205/volume/v3/types/2f1bdb10-a69e-4196-894c-0f2aa2cf9757'}
        Body: b'{"itemNotFound": {"code": 404, "message": "Volume type 2f1bdb10-a69e-4196-894c-0f2aa2cf9757 could not be found."}}'


tempest.api.volume.admin.test_groups.GroupsTest.test_group_update[id-4a8a6fd2-8b3b-4641-8f54-6a6f99320006]
----------------------------------------------------------------------------------------------------------

Captured traceback:
~~~~~~~~~~~~~~~~~~~
    Traceback (most recent call last):

      File "/opt/stack/tempest/tempest/api/volume/admin/test_groups.py", line 111, in test_group_update
    grp = self.create_group(group_type=group_type['id'],
          ^^^^^^^^^^^^^^^^^^^^^^^^^^^^^^^^^^^^^^^^^^^^^^

      File "/opt/stack/tempest/tempest/api/volume/base.py", line 293, in create_group
    waiters.wait_for_volume_resource_status(

      File "/opt/stack/tempest/tempest/common/waiters.py", line 379, in wait_for_volume_resource_status
    raise exceptions.VolumeResourceBuildErrorException(

    tempest.exceptions.VolumeResourceBuildErrorException: group ae5e7e69-803e-4821-aa4c-6c079fb26354 failed to build and is in ERROR status


Captured pythonlogging:
~~~~~~~~~~~~~~~~~~~~~~~
    2026-02-17 15:27:03,464 122996 INFO     [tempest.lib.common.rest_client] Request (GroupsTest:test_group_update): 200 POST http://10.132.44.205/volume/v3/types 0.047s
2026-02-17 15:27:03,465 122996 DEBUG    [tempest.lib.common.rest_client] Request - Headers: {'Content-Type': 'application/json', 'Accept': 'application/json', 'X-Auth-Token': '<omitted>'}
        Body: {"volume_type": {"name": "tempest-GroupsTest-volume-type-1072604865"}}
    Response - Headers: {'date': 'Tue, 17 Feb 2026 15:27:03 GMT', 'server': 'Apache/2.4.58 (Ubuntu)', 'content-type': 'application/json', 'x-compute-request-id': 'req-63dcb13c-713c-4301-8278-ad23be6af346', 'content-length': '216', 'openstack-api-version': 'volume 3.0', 'vary': 'OpenStack-API-Version', 'x-openstack-request-id': 'req-63dcb13c-713c-4301-8278-ad23be6af346', 'connection': 'close', 'status': '200', 'content-location': 'http://10.132.44.205/volume/v3/types'}
        Body: b'{"volume_type": {"id": "21cf31b0-5492-4ba1-82d4-14083efae37c", "name": "tempest-GroupsTest-volume-type-1072604865", "is_public": true, "extra_specs": {}, "description": null, "os-volume-type-access:is_public": true}}'
2026-02-17 15:27:03,512 122996 INFO     [tempest.lib.common.rest_client] Request (GroupsTest:test_group_update): 202 POST http://10.132.44.205/volume/v3/group_types 0.043s
2026-02-17 15:27:03,512 122996 DEBUG    [tempest.lib.common.rest_client] Request - Headers: {'Content-Type': 'application/json', 'Accept': 'application/json', 'Openstack-Api-Version': 'volume 3.13', 'X-Auth-Token': '<omitted>'}
        Body: {"group_type": {"name": "tempest-GroupsTest-group-type-803880480"}}
    Response - Headers: {'date': 'Tue, 17 Feb 2026 15:27:03 GMT', 'server': 'Apache/2.4.58 (Ubuntu)', 'content-type': 'application/json', 'x-compute-request-id': 'req-d434880e-b0fe-4f9f-88e4-4ac8b76fb07b', 'content-length': '172', 'openstack-api-version': 'volume 3.13', 'vary': 'OpenStack-API-Version', 'x-openstack-request-id': 'req-d434880e-b0fe-4f9f-88e4-4ac8b76fb07b', 'connection': 'close', 'status': '202', 'content-location': 'http://10.132.44.205/volume/v3/group_types'}
        Body: b'{"group_type": {"id": "0b58afe9-cb9c-4471-b2df-576cfea7187f", "name": "tempest-GroupsTest-group-type-803880480", "description": null, "is_public": true, "group_specs": {}}}'
2026-02-17 15:27:03,633 122996 INFO     [tempest.lib.common.rest_client] Request (GroupsTest:test_group_update): 202 POST http://10.132.44.205/volume/v3/groups 0.117s
2026-02-17 15:27:03,633 122996 DEBUG    [tempest.lib.common.rest_client] Request - Headers: {'Content-Type': 'application/json', 'Accept': 'application/json', 'Openstack-Api-Version': 'volume 3.13', 'X-Auth-Token': '<omitted>'}
        Body: {"group": {"group_type": "0b58afe9-cb9c-4471-b2df-576cfea7187f", "volume_types": ["21cf31b0-5492-4ba1-82d4-14083efae37c"], "name": "tempest-GroupsTest-Group-1255526894"}}
    Response - Headers: {'date': 'Tue, 17 Feb 2026 15:27:03 GMT', 'server': 'Apache/2.4.58 (Ubuntu)', 'content-type': 'application/json', 'x-compute-request-id': 'req-2344d231-fb2a-46f0-8e7a-bb78eff27708', 'content-length': '104', 'openstack-api-version': 'volume 3.13', 'vary': 'OpenStack-API-Version', 'x-openstack-request-id': 'req-2344d231-fb2a-46f0-8e7a-bb78eff27708', 'connection': 'close', 'status': '202', 'content-location': 'http://10.132.44.205/volume/v3/groups'}
        Body: b'{"group": {"id": "ae5e7e69-803e-4821-aa4c-6c079fb26354", "name": "tempest-GroupsTest-Group-1255526894"}}'
2026-02-17 15:27:03,678 122996 INFO     [tempest.lib.common.rest_client] Request (GroupsTest:test_group_update): 200 GET http://10.132.44.205/volume/v3/groups/ae5e7e69-803e-4821-aa4c-6c079fb26354 0.042s
2026-02-17 15:27:03,679 122996 DEBUG    [tempest.lib.common.rest_client] Request - Headers: {'Content-Type': 'application/json', 'Accept': 'application/json', 'Openstack-Api-Version': 'volume 3.13', 'X-Auth-Token': '<omitted>'}
        Body: None
    Response - Headers: {'date': 'Tue, 17 Feb 2026 15:27:03 GMT', 'server': 'Apache/2.4.58 (Ubuntu)', 'content-type': 'application/json', 'x-compute-request-id': 'req-b22a
    5b5c-3430-44d1-96bb-0d8a9e017174', 'content-length': '329', 'openstack-api-version': 'volume 3.13', 'vary': 'OpenStack-API-Version', 'x-openstack-request-id': 'req-b22a5b5c-3430-44d1-96bb-0d8a9e017174', 'connection': 'close', 'status': '200', 'content-location': 'http://10.132.44.205/volume/v3/groups/ae5e7e69-803e-4821-aa4c-6c079fb26354'}
        Body: b'{"group": {"id": "ae5e7e69-803e-4821-aa4c-6c079fb26354", "status": "error", "availability_zone": "nova", "created_at": "2026-02-17T15:27:04.000000", "name": "tempest-GroupsTest-Group-1255526894", "description": null, "group_type": "0b58afe9-cb9c-4471-b2df-576cfea7187f", "volume_types": ["21cf31b0-5492-4ba1-82d4-14083efae37c"]}}'
2026-02-17 15:27:04,739 122996 INFO     [tempest.lib.common.rest_client] Request (GroupsTest:test_group_update): 200 GET http://10.132.44.205/volume/v3/groups/ae5e7e69-803e-4821-aa4c-6c079fb26354 0.055s
2026-02-17 15:27:04,740 122996 DEBUG    [tempest.lib.common.rest_client] Request - Headers: {'Content-Type': 'application/json', 'Accept': 'application/json', 'Openstack-Api-Version': 'volume 3.13', 'X-Auth-Token': '<omitted>'}
        Body: None
    Response - Headers: {'date': 'Tue, 17 Feb 2026 15:27:04 GMT', 'server': 'Apache/2.4.58 (Ubuntu)', 'content-type': 'application/json', 'x-compute-request-id': 'req-39fc9de5-d258-4800-91d0-18d324929244', 'content-length': '329', 'openstack-api-version': 'volume 3.13', 'vary': 'OpenStack-API-Version', 'x-openstack-request-id': 'req-39fc9de5-d258-4800-91d0-18d324929244', 'connection': 'close', 'status': '200', 'content-location': 'http://10.132.44.205/volume/v3/groups/ae5e7e69-803e-4821-aa4c-6c079fb26354'}
        Body: b'{"group": {"id": "ae5e7e69-803e-4821-aa4c-6c079fb26354", "status": "error", "availability_zone": "nova", "created_at": "2026-02-17T15:27:04.000000", "name": "tempest-GroupsTest-Group-1255526894", "description": null, "group_type": "0b58afe9-cb9c-4471-b2df-576cfea7187f", "volume_types": ["21cf31b0-5492-4ba1-82d4-14083efae37c"]}}'
2026-02-17 15:27:04,792 122996 INFO     [tempest.lib.common.rest_client] Request (GroupsTest:_run_cleanups): 200 GET http://10.132.44.205/volume/v3/volumes/detail 0.045s
2026-02-17 15:27:04,793 122996 DEBUG    [tempest.lib.common.rest_client] Request - Headers: {'Content-Type': 'application/json', 'Accept': 'application/json', 'Openstack-Api-Version': 'volume 3.13', 'X-Auth-Token': '<omitted>'}
        Body: None
    Response - Headers: {'date': 'Tue, 17 Feb 2026 15:27:04 GMT', 'server': 'Apache/2.4.58 (Ubuntu)', 'content-type': 'application/json', 'x-compute-request-id': 'req-4af5a0a9-03da-4f6c-88f6-bce97a8db750', 'content-length': '15', 'openstack-api-version': 'volume 3.13', 'vary': 'OpenStack-API-Version', 'x-openstack-request-id': 'req-4af5a0a9-03da-4f6c-88f6-bce97a8db750', 'connection': 'close', 'status': '200', 'content-location': 'http://10.132.44.205/volume/v3/volumes/detail'}
        Body: b'{"volumes": []}'
2026-02-17 15:27:04,912 122996 INFO     [tempest.lib.common.rest_client] Request (GroupsTest:_run_cleanups): 202 POST http://10.132.44.205/volume/v3/groups/ae5e7e69-803e-4821-aa4c-6c079fb26354/action 0.103s
2026-02-17 15:27:04,913 122996 DEBUG    [tempest.lib.common.rest_client] Request - Headers: {'Content-Type': 'application/json', 'Accept': 'application/json', 'Openstack-Api-Version': 'volume 3.13', 'X-Auth-Token': '<omitted>'}
        Body: {"delete": {"delete-volumes": true}}
    Response - Headers: {'date': 'Tue, 17 Feb 2026 15:27:04 GMT', 'server': 'Apache/2.4.58 (Ubuntu)', 'content-length': '0', 'content-type': 'text/html; charset=UTF-8', 'openstack-api-version': 'volume 3.13', 'vary': 'OpenStack-API-Version', 'x-openstack-request-id': 'req-34ee7430-1ef5-4058-af32-97240fb41a79', 'connection': 'close', 'status': '202', 'content-location': 'http://10.132.44.205/volume/v3/groups/ae5e7e69-803e-4821-aa4c-6c079fb26354/action'}
        Body: b''
2026-02-17 15:27:04,935 122996 INFO     [tempest.lib.common.rest_client] Request (GroupsTest:_run_cleanups): 404 GET http://10.132.44.205/volume/v3/groups/ae5e7e69-803e-4821-aa4c-6c079fb26354 0.021s
2026-02
    -17 15:27:04,936 122996 DEBUG    [tempest.lib.common.rest_client] Request - Headers: {'Content-Type': 'application/json', 'Accept': 'application/json', 'Openstack-Api-Version': 'volume 3.13', 'X-Auth-Token': '<omitted>'}
        Body: None
    Response - Headers: {'date': 'Tue, 17 Feb 2026 15:27:04 GMT', 'server': 'Apache/2.4.58 (Ubuntu)', 'openstack-api-version': 'volume 3.13', 'vary': 'OpenStack-API-Version', 'content-length': '108', 'content-type': 'application/json', 'x-compute-request-id': 'req-85180757-4dcb-4236-8c47-be5024432f22', 'x-openstack-request-id': 'req-85180757-4dcb-4236-8c47-be5024432f22', 'connection': 'close', 'status': '404', 'content-location': 'http://10.132.44.205/volume/v3/groups/ae5e7e69-803e-4821-aa4c-6c079fb26354'}
        Body: b'{"itemNotFound": {"code": 404, "message": "Group ae5e7e69-803e-4821-aa4c-6c079fb26354 could not be found."}}'
2026-02-17 15:27:04,984 122996 INFO     [tempest.lib.common.rest_client] Request (GroupsTest:_run_cleanups): 202 DELETE http://10.132.44.205/volume/v3/group_types/0b58afe9-cb9c-4471-b2df-576cfea7187f 0.047s
2026-02-17 15:27:04,985 122996 DEBUG    [tempest.lib.common.rest_client] Request - Headers: {'Content-Type': 'application/json', 'Accept': 'application/json', 'Openstack-Api-Version': 'volume 3.13', 'X-Auth-Token': '<omitted>'}
        Body: None
    Response - Headers: {'date': 'Tue, 17 Feb 2026 15:27:04 GMT', 'server': 'Apache/2.4.58 (Ubuntu)', 'content-length': '0', 'content-type': 'text/html; charset=UTF-8', 'openstack-api-version': 'volume 3.13', 'vary': 'OpenStack-API-Version', 'x-openstack-request-id': 'req-fdf83a86-d584-491c-a688-5f4a77f0313f', 'connection': 'close', 'status': '202', 'content-location': 'http://10.132.44.205/volume/v3/group_types/0b58afe9-cb9c-4471-b2df-576cfea7187f'}
        Body: b''
2026-02-17 15:27:05,191 122996 INFO     [tempest.lib.common.rest_client] Request (GroupsTest:_run_cleanups): 202 DELETE http://10.132.44.205/volume/v3/types/21cf31b0-5492-4ba1-82d4-14083efae37c 0.206s
2026-02-17 15:27:05,192 122996 DEBUG    [tempest.lib.common.rest_client] Request - Headers: {'Content-Type': 'application/json', 'Accept': 'application/json', 'X-Auth-Token': '<omitted>'}
        Body: None
    Response - Headers: {'date': 'Tue, 17 Feb 2026 15:27:04 GMT', 'server': 'Apache/2.4.58 (Ubuntu)', 'content-length': '0', 'content-type': 'text/html; charset=UTF-8', 'openstack-api-version': 'volume 3.0', 'vary': 'OpenStack-API-Version', 'x-openstack-request-id': 'req-42422267-463c-405d-b7f3-61fe9cb4899a', 'connection': 'close', 'status': '202', 'content-location': 'http://10.132.44.205/volume/v3/types/21cf31b0-5492-4ba1-82d4-14083efae37c'}
        Body: b''
2026-02-17 15:27:05,214 122996 INFO     [tempest.lib.common.rest_client] Request (GroupsTest:_run_cleanups): 404 GET http://10.132.44.205/volume/v3/types/21cf31b0-5492-4ba1-82d4-14083efae37c 0.021s
2026-02-17 15:27:05,215 122996 DEBUG    [tempest.lib.common.rest_client] Request - Headers: {'Content-Type': 'application/json', 'Accept': 'application/json', 'X-Auth-Token': '<omitted>'}
        Body: None
    Response - Headers: {'date': 'Tue, 17 Feb 2026 15:27:05 GMT', 'server': 'Apache/2.4.58 (Ubuntu)', 'openstack-api-version': 'volume 3.0', 'vary': 'OpenStack-API-Version', 'content-length': '114', 'content-type': 'application/json', 'x-compute-request-id': 'req-4a848f04-0e67-413d-b7ee-adb15b646b12', 'x-openstack-request-id': 'req-4a848f04-0e67-413d-b7ee-adb15b646b12', 'connection': 'close', 'status': '404', 'content-location': 'http://10.132.44.205/volume/v3/types/21cf31b0-5492-4ba1-82d4-14083efae37c'}
        Body: b'{"itemNotFound": {"code": 404, "message": "Volume type 21cf31b0-5492-4ba1-82d4-14083efae37c could not be found."}}'


tempest.api.volume.admin.test_groups.GroupsV314Test.test_create_group_from_group[id-2424af8c-7851-4888-986a-794b10c3210e]
-------------------------------------------------------------------------------------------------------------------------

Captured traceback:
~~~~~~~~~~~~~~~~~~~
    Traceback (most recent call last):

      File "/opt/stack/tempest/tempest/api/volume/admin/test_groups.py", line 182, in test_create_group_from_group
    grp = self.create_group(group_type=group_type['id'],
          ^^^^^^^^^^^^^^^^^^^^^^^^^^^^^^^^^^^^^^^^^^^^^^

      File "/opt/stack/tempest/tempest/api/volume/base.py", line 293, in create_group
    waiters.wait_for_volume_resource_status(

      File "/opt/stack/tempest/tempest/common/waiters.py", line 379, in wait_for_volume_resource_status
    raise exceptions.VolumeResourceBuildErrorException(

    tempest.exceptions.VolumeResourceBuildErrorException: group 90847a19-6374-4b29-8977-2e593e53b987 failed to build and is in ERROR status


Captured pythonlogging:
~~~~~~~~~~~~~~~~~~~~~~~
    2026-02-17 15:27:09,851 122996 INFO     [tempest.lib.common.rest_client] Request (GroupsV314Test:test_create_group_from_group): 200 POST http://10.132.44.205/volume/v3/types 0.190s
2026-02-17 15:27:09,852 122996 DEBUG    [tempest.lib.common.rest_client] Request - Headers: {'Content-Type': 'application/json', 'Accept': 'application/json', 'X-Auth-Token': '<omitted>'}
        Body: {"volume_type": {"name": "tempest-GroupsV314Test-volume-type-615010329"}}
    Response - Headers: {'date': 'Tue, 17 Feb 2026 15:27:09 GMT', 'server': 'Apache/2.4.58 (Ubuntu)', 'content-type': 'application/json', 'x-compute-request-id': 'req-07e0c939-b87d-4844-96a4-880f61629b4e', 'content-length': '219', 'openstack-api-version': 'volume 3.0', 'vary': 'OpenStack-API-Version', 'x-openstack-request-id': 'req-07e0c939-b87d-4844-96a4-880f61629b4e', 'connection': 'close', 'status': '200', 'content-location': 'http://10.132.44.205/volume/v3/types'}
        Body: b'{"volume_type": {"id": "a189e3c8-6fbf-479a-b347-229d05e6c863", "name": "tempest-GroupsV314Test-volume-type-615010329", "is_public": true, "extra_specs": {}, "description": null, "os-volume-type-access:is_public": true}}'
2026-02-17 15:27:09,914 122996 INFO     [tempest.lib.common.rest_client] Request (GroupsV314Test:test_create_group_from_group): 202 POST http://10.132.44.205/volume/v3/group_types 0.056s
2026-02-17 15:27:09,915 122996 DEBUG    [tempest.lib.common.rest_client] Request - Headers: {'Content-Type': 'application/json', 'Accept': 'application/json', 'Openstack-Api-Version': 'volume 3.14', 'X-Auth-Token': '<omitted>'}
        Body: {"group_type": {"name": "tempest-GroupsV314Test-group-type-1310757614"}}
    Response - Headers: {'date': 'Tue, 17 Feb 2026 15:27:09 GMT', 'server': 'Apache/2.4.58 (Ubuntu)', 'content-type': 'application/json', 'x-compute-request-id': 'req-224e50dd-d41a-4dd5-8c09-601ab619010d', 'content-length': '177', 'openstack-api-version': 'volume 3.14', 'vary': 'OpenStack-API-Version', 'x-openstack-request-id': 'req-224e50dd-d41a-4dd5-8c09-601ab619010d', 'connection': 'close', 'status': '202', 'content-location': 'http://10.132.44.205/volume/v3/group_types'}
        Body: b'{"group_type": {"id": "9b134bc1-ac83-4930-8321-51dae3fb0cbc", "name": "tempest-GroupsV314Test-group-type-1310757614", "description": null, "is_public": true, "group_specs": {}}}'
2026-02-17 15:27:10,198 122996 INFO     [tempest.lib.common.rest_client] Request (GroupsV314Test:test_create_group_from_group): 202 POST http://10.132.44.205/volume/v3/groups 0.277s
2026-02-17 15:27:10,199 122996 DEBUG    [tempest.lib.common.rest_client] Request - Headers: {'Content-Type': 'application/json', 'Accept': 'application/json', 'Openstack-Api-Version': 'volume 3.14', 'X-Auth-Token': '<omitted>'}
        Body: {"group": {"group_type": "9b134bc1-ac83-4930-8321-51dae3fb0cbc", "volume_types": ["a189e3c8-6fbf-479a-b347-229d05e6c863"], "name": "tempest-GroupsV314Test-Group-1307711487"}}
    Response - Headers: {'date': 'Tue, 17 Feb 2026 15:27:09 GMT', 'server': 'Apache/2.4.58 (Ubuntu)', 'content-type': 'application/json', 'x-compute-request-id': 'req-d041a641-026f-4521-90fb-8c91af66bf67', 'content-length': '108', 'openstack-api-version': 'volume 3.14', 'vary': 'OpenStack-API-Version', 'x-openstack-request-id': 'req-d041a641-026f-4521-90fb-8c91af66bf67', 'connection': 'close', 'status': '202', 'content-location': 'http://10.132.44.205/volume/v3/groups'}
        Body: b'{"group": {"id": "90847a19-6374-4b29-8977-2e593e53b987", "name": "tempest-GroupsV314Test-Group-1307711487"}}'
2026-02-17 15:27:10,249 122996 INFO     [tempest.lib.common.rest_client] Request (GroupsV314Test:test_create_group_from_group): 200 GET http://10.132.44.205/volume/v3/groups/90847a19-6374-4b29-8977-2e593e53b987 0.046s
2026-02-17 15:27:10,250 122996 DEBUG    [tempest.lib.common.rest_client] Request - Headers: {'Content-Type': 'application/json', 'Accept': 'application/json', 'Openstack-Api-Version': 'volume 3.14', 'X-Auth-Token': '<omitted>'}
        Body: None
    Response - Headers: {'date': 'Tue, 17 Feb 2026 15:27:10 GMT', 'server': 'Apache/2.4
    .58 (Ubuntu)', 'content-type': 'application/json', 'x-compute-request-id': 'req-b26880a2-b827-41b4-8234-67755d0ddcf0', 'content-length': '388', 'openstack-api-version': 'volume 3.14', 'vary': 'OpenStack-API-Version', 'x-openstack-request-id': 'req-b26880a2-b827-41b4-8234-67755d0ddcf0', 'connection': 'close', 'status': '200', 'content-location': 'http://10.132.44.205/volume/v3/groups/90847a19-6374-4b29-8977-2e593e53b987'}
        Body: b'{"group": {"id": "90847a19-6374-4b29-8977-2e593e53b987", "status": "creating", "availability_zone": "nova", "created_at": "2026-02-17T15:27:10.000000", "name": "tempest-GroupsV314Test-Group-1307711487", "description": null, "group_type": "9b134bc1-ac83-4930-8321-51dae3fb0cbc", "volume_types": ["a189e3c8-6fbf-479a-b347-229d05e6c863"], "group_snapshot_id": null, "source_group_id": null}}'
2026-02-17 15:27:11,306 122996 INFO     [tempest.lib.common.rest_client] Request (GroupsV314Test:test_create_group_from_group): 200 GET http://10.132.44.205/volume/v3/groups/90847a19-6374-4b29-8977-2e593e53b987 0.046s
2026-02-17 15:27:11,307 122996 DEBUG    [tempest.lib.common.rest_client] Request - Headers: {'Content-Type': 'application/json', 'Accept': 'application/json', 'Openstack-Api-Version': 'volume 3.14', 'X-Auth-Token': '<omitted>'}
        Body: None
    Response - Headers: {'date': 'Tue, 17 Feb 2026 15:27:11 GMT', 'server': 'Apache/2.4.58 (Ubuntu)', 'content-type': 'application/json', 'x-compute-request-id': 'req-8949d485-fc41-469b-a887-65eb78d5e2aa', 'content-length': '385', 'openstack-api-version': 'volume 3.14', 'vary': 'OpenStack-API-Version', 'x-openstack-request-id': 'req-8949d485-fc41-469b-a887-65eb78d5e2aa', 'connection': 'close', 'status': '200', 'content-location': 'http://10.132.44.205/volume/v3/groups/90847a19-6374-4b29-8977-2e593e53b987'}
        Body: b'{"group": {"id": "90847a19-6374-4b29-8977-2e593e53b987", "status": "error", "availability_zone": "nova", "created_at": "2026-02-17T15:27:10.000000", "name": "tempest-GroupsV314Test-Group-1307711487", "description": null, "group_type": "9b134bc1-ac83-4930-8321-51dae3fb0cbc", "volume_types": ["a189e3c8-6fbf-479a-b347-229d05e6c863"], "group_snapshot_id": null, "source_group_id": null}}'
2026-02-17 15:27:11,363 122996 INFO     [tempest.lib.common.rest_client] Request (GroupsV314Test:_run_cleanups): 200 GET http://10.132.44.205/volume/v3/volumes/detail 0.046s
2026-02-17 15:27:11,364 122996 DEBUG    [tempest.lib.common.rest_client] Request - Headers: {'Content-Type': 'application/json', 'Accept': 'application/json', 'Openstack-Api-Version': 'volume 3.14', 'X-Auth-Token': '<omitted>'}
        Body: None
    Response - Headers: {'date': 'Tue, 17 Feb 2026 15:27:11 GMT', 'server': 'Apache/2.4.58 (Ubuntu)', 'content-type': 'application/json', 'x-compute-request-id': 'req-586f0138-3bb2-4ba7-9fbb-3c30ddbe21ab', 'content-length': '15', 'openstack-api-version': 'volume 3.14', 'vary': 'OpenStack-API-Version', 'x-openstack-request-id': 'req-586f0138-3bb2-4ba7-9fbb-3c30ddbe21ab', 'connection': 'close', 'status': '200', 'content-location': 'http://10.132.44.205/volume/v3/volumes/detail'}
        Body: b'{"volumes": []}'
2026-02-17 15:27:11,491 122996 INFO     [tempest.lib.common.rest_client] Request (GroupsV314Test:_run_cleanups): 202 POST http://10.132.44.205/volume/v3/groups/90847a19-6374-4b29-8977-2e593e53b987/action 0.103s
2026-02-17 15:27:11,492 122996 DEBUG    [tempest.lib.common.rest_client] Request - Headers: {'Content-Type': 'application/json', 'Accept': 'application/json', 'Openstack-Api-Version': 'volume 3.14', 'X-Auth-Token': '<omitted>'}
        Body: {"delete": {"delete-volumes": true}}
    Response - Headers: {'date': 'Tue, 17 Feb 2026 15:27:11 GMT', 'server': 'Apache/2.4.58 (Ubuntu)', 'content-length': '0', 'content-type': 'text/html; charset=UTF-8', 'openstack-api-version': 'volume 3.14', 'vary': 'OpenStack-API-Version', 'x-openstack-request-id': 'req-7a561ac9-32ca-4948-a920-9b05d23c8770', 'connection': 'close', 'status': '202', 'content-location': 'http://10.132.44.205/volume/v3/groups/90847a19-6374-4b29-8977-2e593e53b987/action'}
  
          Body: b''
2026-02-17 15:27:11,516 122996 INFO     [tempest.lib.common.rest_client] Request (GroupsV314Test:_run_cleanups): 404 GET http://10.132.44.205/volume/v3/groups/90847a19-6374-4b29-8977-2e593e53b987 0.023s
2026-02-17 15:27:11,517 122996 DEBUG    [tempest.lib.common.rest_client] Request - Headers: {'Content-Type': 'application/json', 'Accept': 'application/json', 'Openstack-Api-Version': 'volume 3.14', 'X-Auth-Token': '<omitted>'}
        Body: None
    Response - Headers: {'date': 'Tue, 17 Feb 2026 15:27:11 GMT', 'server': 'Apache/2.4.58 (Ubuntu)', 'openstack-api-version': 'volume 3.14', 'vary': 'OpenStack-API-Version', 'content-length': '108', 'content-type': 'application/json', 'x-compute-request-id': 'req-bb16e354-c8c0-4b86-97c1-467e3e407753', 'x-openstack-request-id': 'req-bb16e354-c8c0-4b86-97c1-467e3e407753', 'connection': 'close', 'status': '404', 'content-location': 'http://10.132.44.205/volume/v3/groups/90847a19-6374-4b29-8977-2e593e53b987'}
        Body: b'{"itemNotFound": {"code": 404, "message": "Group 90847a19-6374-4b29-8977-2e593e53b987 could not be found."}}'
2026-02-17 15:27:11,575 122996 INFO     [tempest.lib.common.rest_client] Request (GroupsV314Test:_run_cleanups): 202 DELETE http://10.132.44.205/volume/v3/group_types/9b134bc1-ac83-4930-8321-51dae3fb0cbc 0.057s
2026-02-17 15:27:11,576 122996 DEBUG    [tempest.lib.common.rest_client] Request - Headers: {'Content-Type': 'application/json', 'Accept': 'application/json', 'Openstack-Api-Version': 'volume 3.14', 'X-Auth-Token': '<omitted>'}
        Body: None
    Response - Headers: {'date': 'Tue, 17 Feb 2026 15:27:11 GMT', 'server': 'Apache/2.4.58 (Ubuntu)', 'content-length': '0', 'content-type': 'text/html; charset=UTF-8', 'openstack-api-version': 'volume 3.14', 'vary': 'OpenStack-API-Version', 'x-openstack-request-id': 'req-82199941-90b3-4a21-895e-d528a9ebac64', 'connection': 'close', 'status': '202', 'content-location': 'http://10.132.44.205/volume/v3/group_types/9b134bc1-ac83-4930-8321-51dae3fb0cbc'}
        Body: b''
2026-02-17 15:27:11,659 122996 INFO     [tempest.lib.common.rest_client] Request (GroupsV314Test:_run_cleanups): 202 DELETE http://10.132.44.205/volume/v3/types/a189e3c8-6fbf-479a-b347-229d05e6c863 0.082s
2026-02-17 15:27:11,660 122996 DEBUG    [tempest.lib.common.rest_client] Request - Headers: {'Content-Type': 'application/json', 'Accept': 'application/json', 'X-Auth-Token': '<omitted>'}
        Body: None
    Response - Headers: {'date': 'Tue, 17 Feb 2026 15:27:11 GMT', 'server': 'Apache/2.4.58 (Ubuntu)', 'content-length': '0', 'content-type': 'text/html; charset=UTF-8', 'openstack-api-version': 'volume 3.0', 'vary': 'OpenStack-API-Version', 'x-openstack-request-id': 'req-03daa5fa-817d-4aa8-afd9-1133ef3dfdbc', 'connection': 'close', 'status': '202', 'content-location': 'http://10.132.44.205/volume/v3/types/a189e3c8-6fbf-479a-b347-229d05e6c863'}
        Body: b''
2026-02-17 15:27:11,686 122996 INFO     [tempest.lib.common.rest_client] Request (GroupsV314Test:_run_cleanups): 404 GET http://10.132.44.205/volume/v3/types/a189e3c8-6fbf-479a-b347-229d05e6c863 0.025s
2026-02-17 15:27:11,687 122996 DEBUG    [tempest.lib.common.rest_client] Request - Headers: {'Content-Type': 'application/json', 'Accept': 'application/json', 'X-Auth-Token': '<omitted>'}
        Body: None
    Response - Headers: {'date': 'Tue, 17 Feb 2026 15:27:11 GMT', 'server': 'Apache/2.4.58 (Ubuntu)', 'openstack-api-version': 'volume 3.0', 'vary': 'OpenStack-API-Version', 'content-length': '114', 'content-type': 'application/json', 'x-compute-request-id': 'req-ec02b2e3-e6c8-4b64-9641-7f4eb4da23a5', 'x-openstack-request-id': 'req-ec02b2e3-e6c8-4b64-9641-7f4eb4da23a5', 'connection': 'close', 'status': '404', 'content-location': 'http://10.132.44.205/volume/v3/types/a189e3c8-6fbf-479a-b347-229d05e6c863'}
        Body: b'{"itemNotFound": {"code": 404, "message": "Volume type a189e3c8-6fbf-479a-b347-229d05e6c863 could not be found."}}'


tempest.api.volume.admin.test_groups.GroupsV320Test.test_reset_group_status[id-b20c696b-0cbc-49a5-8b3a-b1fb9338f45c]
--------------------------------------------------------------------------------------------------------------------

Captured traceback:
~~~~~~~~~~~~~~~~~~~
    Traceback (most recent call last):

      File "/opt/stack/tempest/tempest/api/volume/admin/test_groups.py", line 227, in test_reset_group_status
    group = self.create_group(group_type=group_type['id'],
            ^^^^^^^^^^^^^^^^^^^^^^^^^^^^^^^^^^^^^^^^^^^^^^

      File "/opt/stack/tempest/tempest/api/volume/base.py", line 293, in create_group
    waiters.wait_for_volume_resource_status(

      File "/opt/stack/tempest/tempest/common/waiters.py", line 379, in wait_for_volume_resource_status
    raise exceptions.VolumeResourceBuildErrorException(

    tempest.exceptions.VolumeResourceBuildErrorException: group 6a0ce5ef-25e3-4f9d-9d21-a129379a843b failed to build and is in ERROR status


Captured pythonlogging:
~~~~~~~~~~~~~~~~~~~~~~~
    2026-02-17 15:27:16,241 122996 INFO     [tempest.lib.common.rest_client] Request (GroupsV320Test:test_reset_group_status): 200 POST http://10.132.44.205/volume/v3/types 0.169s
2026-02-17 15:27:16,242 122996 DEBUG    [tempest.lib.common.rest_client] Request - Headers: {'Content-Type': 'application/json', 'Accept': 'application/json', 'X-Auth-Token': '<omitted>'}
        Body: {"volume_type": {"name": "tempest-GroupsV320Test-volume-type-321544562"}}
    Response - Headers: {'date': 'Tue, 17 Feb 2026 15:27:16 GMT', 'server': 'Apache/2.4.58 (Ubuntu)', 'content-type': 'application/json', 'x-compute-request-id': 'req-8fc47882-5b85-496f-838f-8d859ef2b20c', 'content-length': '219', 'openstack-api-version': 'volume 3.0', 'vary': 'OpenStack-API-Version', 'x-openstack-request-id': 'req-8fc47882-5b85-496f-838f-8d859ef2b20c', 'connection': 'close', 'status': '200', 'content-location': 'http://10.132.44.205/volume/v3/types'}
        Body: b'{"volume_type": {"id": "40ab23f7-bfea-4645-a844-0fed92df5631", "name": "tempest-GroupsV320Test-volume-type-321544562", "is_public": true, "extra_specs": {}, "description": null, "os-volume-type-access:is_public": true}}'
2026-02-17 15:27:16,318 122996 INFO     [tempest.lib.common.rest_client] Request (GroupsV320Test:test_reset_group_status): 202 POST http://10.132.44.205/volume/v3/group_types 0.069s
2026-02-17 15:27:16,319 122996 DEBUG    [tempest.lib.common.rest_client] Request - Headers: {'Content-Type': 'application/json', 'Accept': 'application/json', 'Openstack-Api-Version': 'volume 3.20', 'X-Auth-Token': '<omitted>'}
        Body: {"group_type": {"name": "tempest-GroupsV320Test-group-type-1912699897"}}
    Response - Headers: {'date': 'Tue, 17 Feb 2026 15:27:16 GMT', 'server': 'Apache/2.4.58 (Ubuntu)', 'content-type': 'application/json', 'x-compute-request-id': 'req-e46f7505-3b82-408f-a8be-0338ece872a3', 'content-length': '177', 'openstack-api-version': 'volume 3.20', 'vary': 'OpenStack-API-Version', 'x-openstack-request-id': 'req-e46f7505-3b82-408f-a8be-0338ece872a3', 'connection': 'close', 'status': '202', 'content-location': 'http://10.132.44.205/volume/v3/group_types'}
        Body: b'{"group_type": {"id": "35f79b97-1473-4153-9c83-6bd548240da9", "name": "tempest-GroupsV320Test-group-type-1912699897", "description": null, "is_public": true, "group_specs": {}}}'
2026-02-17 15:27:16,597 122996 INFO     [tempest.lib.common.rest_client] Request (GroupsV320Test:test_reset_group_status): 202 POST http://10.132.44.205/volume/v3/groups 0.272s
2026-02-17 15:27:16,598 122996 DEBUG    [tempest.lib.common.rest_client] Request - Headers: {'Content-Type': 'application/json', 'Accept': 'application/json', 'Openstack-Api-Version': 'volume 3.20', 'X-Auth-Token': '<omitted>'}
        Body: {"group": {"group_type": "35f79b97-1473-4153-9c83-6bd548240da9", "volume_types": ["40ab23f7-bfea-4645-a844-0fed92df5631"], "name": "tempest-GroupsV320Test-Group-3138878"}}
    Response - Headers: {'date': 'Tue, 17 Feb 2026 15:27:16 GMT', 'server': 'Apache/2.4.58 (Ubuntu)', 'content-type': 'application/json', 'x-compute-request-id': 'req-e9f5e5c0-5fad-44bd-a618-b9cf1714cd23', 'content-length': '105', 'openstack-api-version': 'volume 3.20', 'vary': 'OpenStack-API-Version', 'x-openstack-request-id': 'req-e9f5e5c0-5fad-44bd-a618-b9cf1714cd23', 'connection': 'close', 'status': '202', 'content-location': 'http://10.132.44.205/volume/v3/groups'}
        Body: b'{"group": {"id": "6a0ce5ef-25e3-4f9d-9d21-a129379a843b", "name": "tempest-GroupsV320Test-Group-3138878"}}'
2026-02-17 15:27:16,657 122996 INFO     [tempest.lib.common.rest_client] Request (GroupsV320Test:test_reset_group_status): 200 GET http://10.132.44.205/volume/v3/groups/6a0ce5ef-25e3-4f9d-9d21-a129379a843b 0.055s
2026-02-17 15:27:16,658 122996 DEBUG    [tempest.lib.common.rest_client] Request - Headers: {'Content-Type': 'application/json', 'Accept': 'application/json', 'Openstack-Api-Version': 'volume 3.20', 'X-Auth-Token': '<omitted>'}
        Body: None
    Response - Headers: {'date': 'Tue, 17 Feb 2026 15:27:16 GMT', 'server': 'Apache/2.4.58 (Ubuntu)', 'content-ty
    pe': 'application/json', 'x-compute-request-id': 'req-3ba3da1c-53f5-408b-988b-ee39b3131914', 'content-length': '382', 'openstack-api-version': 'volume 3.20', 'vary': 'OpenStack-API-Version', 'x-openstack-request-id': 'req-3ba3da1c-53f5-408b-988b-ee39b3131914', 'connection': 'close', 'status': '200', 'content-location': 'http://10.132.44.205/volume/v3/groups/6a0ce5ef-25e3-4f9d-9d21-a129379a843b'}
        Body: b'{"group": {"id": "6a0ce5ef-25e3-4f9d-9d21-a129379a843b", "status": "error", "availability_zone": "nova", "created_at": "2026-02-17T15:27:17.000000", "name": "tempest-GroupsV320Test-Group-3138878", "description": null, "group_type": "35f79b97-1473-4153-9c83-6bd548240da9", "volume_types": ["40ab23f7-bfea-4645-a844-0fed92df5631"], "group_snapshot_id": null, "source_group_id": null}}'
2026-02-17 15:27:17,709 122996 INFO     [tempest.lib.common.rest_client] Request (GroupsV320Test:test_reset_group_status): 200 GET http://10.132.44.205/volume/v3/groups/6a0ce5ef-25e3-4f9d-9d21-a129379a843b 0.044s
2026-02-17 15:27:17,709 122996 DEBUG    [tempest.lib.common.rest_client] Request - Headers: {'Content-Type': 'application/json', 'Accept': 'application/json', 'Openstack-Api-Version': 'volume 3.20', 'X-Auth-Token': '<omitted>'}
        Body: None
    Response - Headers: {'date': 'Tue, 17 Feb 2026 15:27:17 GMT', 'server': 'Apache/2.4.58 (Ubuntu)', 'content-type': 'application/json', 'x-compute-request-id': 'req-9b280fc6-6839-430f-8d2d-eb2806f5de5b', 'content-length': '382', 'openstack-api-version': 'volume 3.20', 'vary': 'OpenStack-API-Version', 'x-openstack-request-id': 'req-9b280fc6-6839-430f-8d2d-eb2806f5de5b', 'connection': 'close', 'status': '200', 'content-location': 'http://10.132.44.205/volume/v3/groups/6a0ce5ef-25e3-4f9d-9d21-a129379a843b'}
        Body: b'{"group": {"id": "6a0ce5ef-25e3-4f9d-9d21-a129379a843b", "status": "error", "availability_zone": "nova", "created_at": "2026-02-17T15:27:17.000000", "name": "tempest-GroupsV320Test-Group-3138878", "description": null, "group_type": "35f79b97-1473-4153-9c83-6bd548240da9", "volume_types": ["40ab23f7-bfea-4645-a844-0fed92df5631"], "group_snapshot_id": null, "source_group_id": null}}'
2026-02-17 15:27:17,759 122996 INFO     [tempest.lib.common.rest_client] Request (GroupsV320Test:_run_cleanups): 200 GET http://10.132.44.205/volume/v3/volumes/detail 0.043s
2026-02-17 15:27:17,760 122996 DEBUG    [tempest.lib.common.rest_client] Request - Headers: {'Content-Type': 'application/json', 'Accept': 'application/json', 'Openstack-Api-Version': 'volume 3.20', 'X-Auth-Token': '<omitted>'}
        Body: None
    Response - Headers: {'date': 'Tue, 17 Feb 2026 15:27:17 GMT', 'server': 'Apache/2.4.58 (Ubuntu)', 'content-type': 'application/json', 'x-compute-request-id': 'req-f822f364-666d-4e99-970e-856b4bfc3a45', 'content-length': '15', 'openstack-api-version': 'volume 3.20', 'vary': 'OpenStack-API-Version', 'x-openstack-request-id': 'req-f822f364-666d-4e99-970e-856b4bfc3a45', 'connection': 'close', 'status': '200', 'content-location': 'http://10.132.44.205/volume/v3/volumes/detail'}
        Body: b'{"volumes": []}'
2026-02-17 15:27:17,883 122996 INFO     [tempest.lib.common.rest_client] Request (GroupsV320Test:_run_cleanups): 202 POST http://10.132.44.205/volume/v3/groups/6a0ce5ef-25e3-4f9d-9d21-a129379a843b/action 0.106s
2026-02-17 15:27:17,883 122996 DEBUG    [tempest.lib.common.rest_client] Request - Headers: {'Content-Type': 'application/json', 'Accept': 'application/json', 'Openstack-Api-Version': 'volume 3.20', 'X-Auth-Token': '<omitted>'}
        Body: {"delete": {"delete-volumes": true}}
    Response - Headers: {'date': 'Tue, 17 Feb 2026 15:27:17 GMT', 'server': 'Apache/2.4.58 (Ubuntu)', 'content-length': '0', 'content-type': 'text/html; charset=UTF-8', 'openstack-api-version': 'volume 3.20', 'vary': 'OpenStack-API-Version', 'x-openstack-request-id': 'req-98b569b4-1e31-4631-8b67-c1c783f52b36', 'connection': 'close', 'status': '202', 'content-location': 'http://10.132.44.205/volume/v3/groups/6a0ce5ef-25e3-4f9d-9d21-a129379a843b/action'}
        Body: b''
2026-02-17 15:27:17,905 
    122996 INFO     [tempest.lib.common.rest_client] Request (GroupsV320Test:_run_cleanups): 404 GET http://10.132.44.205/volume/v3/groups/6a0ce5ef-25e3-4f9d-9d21-a129379a843b 0.021s
2026-02-17 15:27:17,905 122996 DEBUG    [tempest.lib.common.rest_client] Request - Headers: {'Content-Type': 'application/json', 'Accept': 'application/json', 'Openstack-Api-Version': 'volume 3.20', 'X-Auth-Token': '<omitted>'}
        Body: None
    Response - Headers: {'date': 'Tue, 17 Feb 2026 15:27:17 GMT', 'server': 'Apache/2.4.58 (Ubuntu)', 'openstack-api-version': 'volume 3.20', 'vary': 'OpenStack-API-Version', 'content-length': '108', 'content-type': 'application/json', 'x-compute-request-id': 'req-8a02b9c0-7140-4d8c-8ebf-954e2fa3d58a', 'x-openstack-request-id': 'req-8a02b9c0-7140-4d8c-8ebf-954e2fa3d58a', 'connection': 'close', 'status': '404', 'content-location': 'http://10.132.44.205/volume/v3/groups/6a0ce5ef-25e3-4f9d-9d21-a129379a843b'}
        Body: b'{"itemNotFound": {"code": 404, "message": "Group 6a0ce5ef-25e3-4f9d-9d21-a129379a843b could not be found."}}'
2026-02-17 15:27:17,955 122996 INFO     [tempest.lib.common.rest_client] Request (GroupsV320Test:_run_cleanups): 202 DELETE http://10.132.44.205/volume/v3/group_types/35f79b97-1473-4153-9c83-6bd548240da9 0.049s
2026-02-17 15:27:17,956 122996 DEBUG    [tempest.lib.common.rest_client] Request - Headers: {'Content-Type': 'application/json', 'Accept': 'application/json', 'Openstack-Api-Version': 'volume 3.20', 'X-Auth-Token': '<omitted>'}
        Body: None
    Response - Headers: {'date': 'Tue, 17 Feb 2026 15:27:17 GMT', 'server': 'Apache/2.4.58 (Ubuntu)', 'content-length': '0', 'content-type': 'text/html; charset=UTF-8', 'openstack-api-version': 'volume 3.20', 'vary': 'OpenStack-API-Version', 'x-openstack-request-id': 'req-dc0b0a08-e08a-465e-897a-624ecb39eadc', 'connection': 'close', 'status': '202', 'content-location': 'http://10.132.44.205/volume/v3/group_types/35f79b97-1473-4153-9c83-6bd548240da9'}
        Body: b''
2026-02-17 15:27:18,037 122996 INFO     [tempest.lib.common.rest_client] Request (GroupsV320Test:_run_cleanups): 202 DELETE http://10.132.44.205/volume/v3/types/40ab23f7-bfea-4645-a844-0fed92df5631 0.080s
2026-02-17 15:27:18,038 122996 DEBUG    [tempest.lib.common.rest_client] Request - Headers: {'Content-Type': 'application/json', 'Accept': 'application/json', 'X-Auth-Token': '<omitted>'}
        Body: None
    Response - Headers: {'date': 'Tue, 17 Feb 2026 15:27:17 GMT', 'server': 'Apache/2.4.58 (Ubuntu)', 'content-length': '0', 'content-type': 'text/html; charset=UTF-8', 'openstack-api-version': 'volume 3.0', 'vary': 'OpenStack-API-Version', 'x-openstack-request-id': 'req-1013e0a3-7170-420d-a764-361f575a7949', 'connection': 'close', 'status': '202', 'content-location': 'http://10.132.44.205/volume/v3/types/40ab23f7-bfea-4645-a844-0fed92df5631'}
        Body: b''
2026-02-17 15:27:18,062 122996 INFO     [tempest.lib.common.rest_client] Request (GroupsV320Test:_run_cleanups): 404 GET http://10.132.44.205/volume/v3/types/40ab23f7-bfea-4645-a844-0fed92df5631 0.023s
2026-02-17 15:27:18,063 122996 DEBUG    [tempest.lib.common.rest_client] Request - Headers: {'Content-Type': 'application/json', 'Accept': 'application/json', 'X-Auth-Token': '<omitted>'}
        Body: None
    Response - Headers: {'date': 'Tue, 17 Feb 2026 15:27:18 GMT', 'server': 'Apache/2.4.58 (Ubuntu)', 'openstack-api-version': 'volume 3.0', 'vary': 'OpenStack-API-Version', 'content-length': '114', 'content-type': 'application/json', 'x-compute-request-id': 'req-c52f68b3-3d46-4515-acc8-168c07fba54b', 'x-openstack-request-id': 'req-c52f68b3-3d46-4515-acc8-168c07fba54b', 'connection': 'close', 'status': '404', 'content-location': 'http://10.132.44.205/volume/v3/types/40ab23f7-bfea-4645-a844-0fed92df5631'}
        Body: b'{"itemNotFound": {"code": 404, "message": "Volume type 40ab23f7-bfea-4645-a844-0fed92df5631 could not be found."}}'


setUpClass (tempest.api.volume.admin.test_multi_backend.VolumeMultiBackendTest)
-------------------------------------------------------------------------------

Captured traceback:
~~~~~~~~~~~~~~~~~~~
    Traceback (most recent call last):

      File "/opt/stack/tempest/tempest/test.py", line 185, in setUpClass
    raise value.with_traceback(trace)

      File "/opt/stack/tempest/tempest/test.py", line 178, in setUpClass
    cls.resource_setup()

      File "/opt/stack/tempest/tempest/api/volume/admin/test_multi_backend.py", line 50, in resource_setup
    cls._create_type_and_volume(backend_name, False)

      File "/opt/stack/tempest/tempest/api/volume/admin/test_multi_backend.py", line 74, in _create_type_and_volume
    cls.volume = cls.create_volume(**params)
                 ^^^^^^^^^^^^^^^^^^^^^^^^^^^

      File "/opt/stack/tempest/tempest/api/volume/base.py", line 144, in create_volume
    waiters.wait_for_volume_resource_status(self.volumes_client,

      File "/opt/stack/tempest/tempest/common/waiters.py", line 379, in wait_for_volume_resource_status
    raise exceptions.VolumeResourceBuildErrorException(

    tempest.exceptions.VolumeResourceBuildErrorException: volume b8145b09-75d3-4553-8493-eb35b5c784ac failed to build and is in ERROR status


setUpClass (tempest.api.volume.admin.test_snapshots_actions.SnapshotsActionsTest)
---------------------------------------------------------------------------------

Captured traceback:
~~~~~~~~~~~~~~~~~~~
    Traceback (most recent call last):

      File "/opt/stack/tempest/tempest/test.py", line 185, in setUpClass
    raise value.with_traceback(trace)

      File "/opt/stack/tempest/tempest/test.py", line 178, in setUpClass
    cls.resource_setup()

      File "/opt/stack/tempest/tempest/api/volume/admin/test_snapshots_actions.py", line 38, in resource_setup
    cls.volume = cls.create_volume()
                 ^^^^^^^^^^^^^^^^^^^

      File "/opt/stack/tempest/tempest/api/volume/base.py", line 144, in create_volume
    waiters.wait_for_volume_resource_status(self.volumes_client,

      File "/opt/stack/tempest/tempest/common/waiters.py", line 379, in wait_for_volume_resource_status
    raise exceptions.VolumeResourceBuildErrorException(

    tempest.exceptions.VolumeResourceBuildErrorException: volume a1acb0ae-ddda-4b15-a171-929f646c6101 failed to build and is in ERROR status


tempest.api.volume.admin.test_volume_pools.VolumePoolsAdminTestsJSON.test_get_pools_with_details[id-d4bb61f7-762d-4437-b8a4-5785759a0ced]
-----------------------------------------------------------------------------------------------------------------------------------------

Captured traceback:
~~~~~~~~~~~~~~~~~~~
    Traceback (most recent call last):

      File "/opt/stack/tempest/tempest/api/volume/admin/test_volume_pools.py", line 44, in test_get_pools_with_details
    self._assert_pools(with_detail=True)

      File "/opt/stack/tempest/tempest/api/volume/admin/test_volume_pools.py", line 29, in _assert_pools
    self.assertNotEmpty(cinder_pools, "no cinder pools listed.")

      File "/opt/stack/tempest/tempest/test.py", line 949, in assertNotEmpty
    self.assertTrue(items, msg)

      File "/usr/lib/python3.12/unittest/case.py", line 727, in assertTrue
    raise self.failureException(msg)

    AssertionError: [] is not true : no cinder pools listed.


Captured pythonlogging:
~~~~~~~~~~~~~~~~~~~~~~~
    2026-02-17 15:27:57,099 122996 INFO     [tempest.lib.common.rest_client] Request (VolumePoolsAdminTestsJSON:test_get_pools_with_details): 200 GET http://10.132.44.205/volume/v3/scheduler-stats/get_pools?detail=True 0.652s
2026-02-17 15:27:57,100 122996 DEBUG    [tempest.lib.common.rest_client] Request - Headers: {'Content-Type': 'application/json', 'Accept': 'application/json', 'X-Auth-Token': '<omitted>'}
        Body: None
    Response - Headers: {'date': 'Tue, 17 Feb 2026 15:27:56 GMT', 'server': 'Apache/2.4.58 (Ubuntu)', 'content-type': 'application/json', 'x-compute-request-id': 'req-5bbd5b24-4f4f-4acb-b7e6-7859a945a148', 'content-length': '13', 'openstack-api-version': 'volume 3.0', 'vary': 'OpenStack-API-Version', 'x-openstack-request-id': 'req-5bbd5b24-4f4f-4acb-b7e6-7859a945a148', 'connection': 'close', 'status': '200', 'content-location': 'http://10.132.44.205/volume/v3/scheduler-stats/get_pools?detail=True'}
        Body: b'{"pools": []}'


tempest.api.volume.admin.test_volume_pools.VolumePoolsAdminTestsJSON.test_get_pools_without_details[id-0248a46c-e226-4933-be10-ad6fca8227e7]
--------------------------------------------------------------------------------------------------------------------------------------------

Captured traceback:
~~~~~~~~~~~~~~~~~~~
    Traceback (most recent call last):

      File "/opt/stack/tempest/tempest/api/volume/admin/test_volume_pools.py", line 39, in test_get_pools_without_details
    self._assert_pools()

      File "/opt/stack/tempest/tempest/api/volume/admin/test_volume_pools.py", line 29, in _assert_pools
    self.assertNotEmpty(cinder_pools, "no cinder pools listed.")

      File "/opt/stack/tempest/tempest/test.py", line 949, in assertNotEmpty
    self.assertTrue(items, msg)

      File "/usr/lib/python3.12/unittest/case.py", line 727, in assertTrue
    raise self.failureException(msg)

    AssertionError: [] is not true : no cinder pools listed.


Captured pythonlogging:
~~~~~~~~~~~~~~~~~~~~~~~
    2026-02-17 15:27:57,649 122996 INFO     [tempest.lib.common.rest_client] Request (VolumePoolsAdminTestsJSON:test_get_pools_without_details): 200 GET http://10.132.44.205/volume/v3/scheduler-stats/get_pools 0.532s
2026-02-17 15:27:57,650 122996 DEBUG    [tempest.lib.common.rest_client] Request - Headers: {'Content-Type': 'application/json', 'Accept': 'application/json', 'X-Auth-Token': '<omitted>'}
        Body: None
    Response - Headers: {'date': 'Tue, 17 Feb 2026 15:27:57 GMT', 'server': 'Apache/2.4.58 (Ubuntu)', 'content-type': 'application/json', 'x-compute-request-id': 'req-eaeca34a-e05f-4d53-bc52-0b0a518e7a68', 'content-length': '13', 'openstack-api-version': 'volume 3.0', 'vary': 'OpenStack-API-Version', 'x-openstack-request-id': 'req-eaeca34a-e05f-4d53-bc52-0b0a518e7a68', 'connection': 'close', 'status': '200', 'content-location': 'http://10.132.44.205/volume/v3/scheduler-stats/get_pools'}
        Body: b'{"pools": []}'


tempest.api.volume.admin.test_volume_quotas.VolumeQuotasAdminTestJSON.test_quota_usage[id-ae8b6091-48ad-4bfa-a188-bbf5cc02115f]
-------------------------------------------------------------------------------------------------------------------------------

Captured traceback:
~~~~~~~~~~~~~~~~~~~
    Traceback (most recent call last):

      File "/opt/stack/tempest/tempest/api/volume/admin/test_volume_quotas.py", line 123, in test_quota_usage
    volume = self.create_volume()
             ^^^^^^^^^^^^^^^^^^^^

      File "/opt/stack/tempest/tempest/api/volume/base.py", line 144, in create_volume
    waiters.wait_for_volume_resource_status(self.volumes_client,

      File "/opt/stack/tempest/tempest/common/waiters.py", line 379, in wait_for_volume_resource_status
    raise exceptions.VolumeResourceBuildErrorException(

    tempest.exceptions.VolumeResourceBuildErrorException: volume a526b01e-42b0-4114-b924-3b84e0dc16c6 failed to build and is in ERROR status


Captured pythonlogging:
~~~~~~~~~~~~~~~~~~~~~~~
    2026-02-17 15:28:09,527 122996 INFO     [tempest.lib.common.rest_client] Request (VolumeQuotasAdminTestJSON:test_quota_usage): 200 GET http://10.132.44.205/volume/v3/os-quota-sets/5cfd24f28eb84ac8be785e574055d45e?usage=True 0.064s
2026-02-17 15:28:09,528 122996 DEBUG    [tempest.lib.common.rest_client] Request - Headers: {'Content-Type': 'application/json', 'Accept': 'application/json', 'X-Auth-Token': '<omitted>'}
        Body: None
    Response - Headers: {'date': 'Tue, 17 Feb 2026 15:28:09 GMT', 'server': 'Apache/2.4.58 (Ubuntu)', 'content-type': 'application/json', 'x-compute-request-id': 'req-92cb4448-ba08-4d10-a651-7fc16e86a4c4', 'content-length': '1254', 'openstack-api-version': 'volume 3.0', 'vary': 'OpenStack-API-Version', 'x-openstack-request-id': 'req-92cb4448-ba08-4d10-a651-7fc16e86a4c4', 'connection': 'close', 'status': '200', 'content-location': 'http://10.132.44.205/volume/v3/os-quota-sets/5cfd24f28eb84ac8be785e574055d45e?usage=True'}
        Body: b'{"quota_set": {"volumes": {"limit": 10, "in_use": 0, "reserved": 0}, "per_volume_gigabytes": {"limit": -1, "in_use": 0, "reserved": 0}, "snapshots": {"limit": 10, "in_use": 0, "reserved": 0}, "gigabytes": {"limit": 1000, "in_use": 0, "reserved": 0}, "backups": {"limit": 10, "in_use": 0, "reserved": 0}, "backup_gigabytes": {"limit": 1000, "in_use": 0, "reserved": 0}, "volumes_nvmetcp2": {"limit": -1, "in_use": 0, "reserved": 0}, "gigabytes_nvmetcp2": {"limit": -1, "in_use": 0, "reserved": 0}, "snapshots_nvmetcp2": {"limit": -1, "in_use": 0, "reserved": 0}, "volumes_nvmetcp1": {"limit": -1, "in_use": 0, "reserved": 0}, "gigabytes_nvmetcp1": {"limit": -1, "in_use": 0, "reserved": 0}, "snapshots_nvmetcp1": {"limit": -1, "in_use": 0, "reserved": 0}, "volumes_lvmdriver-1": {"limit": -1, "in_use": 0, "reserved": 0}, "gigabytes_lvmdriver-1": {"limit": -1, "in_use": 0, "reserved": 0}, "snapshots_lvmdriver-1": {"limit": -1, "in_use": 0, "reserved": 0}, "volumes___DEFAULT__": {"limit": -1, "in_use": 0, "reserved": 0}, "gigabytes___DEFAULT__": {"limit": -1, "in_use": 0, "reserved": 0}, "snapshots___DEFAULT__": {"limit": -1, "in_use": 0, "reserved": 0}, "groups": {"limit": 10, "in_use": 0, "reserved": 0}, "id": "5cfd24f28eb84ac8be785e574055d45e"}}'
2026-02-17 15:28:10,022 122996 INFO     [tempest.lib.common.rest_client] Request (VolumeQuotasAdminTestJSON:test_quota_usage): 202 POST http://10.132.44.205/volume/v3/volumes 0.482s
2026-02-17 15:28:10,023 122996 DEBUG    [tempest.lib.common.rest_client] Request - Headers: {'Content-Type': 'application/json', 'Accept': 'application/json', 'X-Auth-Token': '<omitted>'}
        Body: {"volume": {"size": 1, "name": "tempest-VolumeQuotasAdminTestJSON-Volume-274698394"}}
    Response - Headers: {'date': 'Tue, 17 Feb 2026 15:28:09 GMT', 'server': 'Apache/2.4.58 (Ubuntu)', 'content-type': 'application/json', 'x-compute-request-id': 'req-1cc87dc2-6618-4f5b-b56c-c9ab6a013781', 'content-length': '759', 'openstack-api-version': 'volume 3.0', 'vary': 'OpenStack-API-Version', 'x-openstack-request-id': 'req-1cc87dc2-6618-4f5b-b56c-c9ab6a013781', 'connection': 'close', 'status': '202', 'content-location': 'http://10.132.44.205/volume/v3/volumes'}
        Body: b'{"volume": {"id": "a526b01e-42b0-4114-b924-3b84e0dc16c6", "status": "creating", "size": 1, "availability_zone": "nova", "created_at": "2026-02-17T15:28:09.942137", "updated_at": null, "name": "tempest-VolumeQuotasAdminTestJSON-Volume-274698394", "description": null, "volume_type": "nvmetcp1", "snapshot_id": null, "source_volid": null, "metadata": {}, "links": [{"rel": "self", "href": "http://10.132.44.205/volume/v3/volumes/a526b01e-42b0-4114-b924-3b84e0dc16c6"}, {"rel": "bookmark", "href": "http://10.132.44.205/volume/volumes/a526b01e-42b0-4114-b924-3b84e0dc16c6"}], "user_id": "420aa8d9fceb47249c96748d01ce9a1c", "bootable": "false", "encrypted": false, "replication_status": null, "consistencygroup_id": null, "multiattach": false, "attachments": []}}'
2026-02-17 15:28:10,079 122996 INFO     [tempest.lib.common.rest_client] Request (VolumeQuotasAdminTestJSON:test_quota_usage): 200 GET htt
    p://10.132.44.205/volume/v3/volumes/a526b01e-42b0-4114-b924-3b84e0dc16c6 0.041s
2026-02-17 15:28:10,080 122996 DEBUG    [tempest.lib.common.rest_client] Request - Headers: {'Content-Type': 'application/json', 'Accept': 'application/json', 'X-Auth-Token': '<omitted>'}
        Body: None
    Response - Headers: {'date': 'Tue, 17 Feb 2026 15:28:10 GMT', 'server': 'Apache/2.4.58 (Ubuntu)', 'content-type': 'application/json', 'x-compute-request-id': 'req-77785633-414d-40e0-85ad-540dff0a1e4c', 'content-length': '827', 'openstack-api-version': 'volume 3.0', 'vary': 'OpenStack-API-Version', 'x-openstack-request-id': 'req-77785633-414d-40e0-85ad-540dff0a1e4c', 'connection': 'close', 'status': '200', 'content-location': 'http://10.132.44.205/volume/v3/volumes/a526b01e-42b0-4114-b924-3b84e0dc16c6'}
        Body: b'{"volume": {"id": "a526b01e-42b0-4114-b924-3b84e0dc16c6", "status": "creating", "size": 1, "availability_zone": "nova", "created_at": "2026-02-17T15:28:10.000000", "updated_at": null, "name": "tempest-VolumeQuotasAdminTestJSON-Volume-274698394", "description": null, "volume_type": "nvmetcp1", "snapshot_id": null, "source_volid": null, "metadata": {}, "links": [{"rel": "self", "href": "http://10.132.44.205/volume/v3/volumes/a526b01e-42b0-4114-b924-3b84e0dc16c6"}, {"rel": "bookmark", "href": "http://10.132.44.205/volume/volumes/a526b01e-42b0-4114-b924-3b84e0dc16c6"}], "user_id": "420aa8d9fceb47249c96748d01ce9a1c", "bootable": "false", "encrypted": false, "replication_status": null, "consistencygroup_id": null, "multiattach": false, "attachments": [], "os-vol-tenant-attr:tenant_id": "5cfd24f28eb84ac8be785e574055d45e"}}'
2026-02-17 15:28:11,159 122996 INFO     [tempest.lib.common.rest_client] Request (VolumeQuotasAdminTestJSON:test_quota_usage): 200 GET http://10.132.44.205/volume/v3/volumes/a526b01e-42b0-4114-b924-3b84e0dc16c6 0.062s
2026-02-17 15:28:11,159 122996 DEBUG    [tempest.lib.common.rest_client] Request - Headers: {'Content-Type': 'application/json', 'Accept': 'application/json', 'X-Auth-Token': '<omitted>'}
        Body: None
    Response - Headers: {'date': 'Tue, 17 Feb 2026 15:28:11 GMT', 'server': 'Apache/2.4.58 (Ubuntu)', 'content-type': 'application/json', 'x-compute-request-id': 'req-943181e0-4399-4685-aa81-84615f6f42aa', 'content-length': '848', 'openstack-api-version': 'volume 3.0', 'vary': 'OpenStack-API-Version', 'x-openstack-request-id': 'req-943181e0-4399-4685-aa81-84615f6f42aa', 'connection': 'close', 'status': '200', 'content-location': 'http://10.132.44.205/volume/v3/volumes/a526b01e-42b0-4114-b924-3b84e0dc16c6'}
        Body: b'{"volume": {"id": "a526b01e-42b0-4114-b924-3b84e0dc16c6", "status": "error", "size": 1, "availability_zone": "nova", "created_at": "2026-02-17T15:28:10.000000", "updated_at": "2026-02-17T15:28:10.000000", "name": "tempest-VolumeQuotasAdminTestJSON-Volume-274698394", "description": null, "volume_type": "nvmetcp1", "snapshot_id": null, "source_volid": null, "metadata": {}, "links": [{"rel": "self", "href": "http://10.132.44.205/volume/v3/volumes/a526b01e-42b0-4114-b924-3b84e0dc16c6"}, {"rel": "bookmark", "href": "http://10.132.44.205/volume/volumes/a526b01e-42b0-4114-b924-3b84e0dc16c6"}], "user_id": "420aa8d9fceb47249c96748d01ce9a1c", "bootable": "false", "encrypted": false, "replication_status": null, "consistencygroup_id": null, "multiattach": false, "attachments": [], "os-vol-tenant-attr:tenant_id": "5cfd24f28eb84ac8be785e574055d45e"}}'
2026-02-17 15:28:11,236 122996 INFO     [tempest.lib.common.rest_client] Request (VolumeQuotasAdminTestJSON:_run_cleanups): 200 GET http://10.132.44.205/volume/v3/volumes/a526b01e-42b0-4114-b924-3b84e0dc16c6 0.057s
2026-02-17 15:28:11,237 122996 DEBUG    [tempest.lib.common.rest_client] Request - Headers: {'Content-Type': 'application/json', 'Accept': 'application/json', 'X-Auth-Token': '<omitted>'}
        Body: None
    Response - Headers: {'date': 'Tue, 17 Feb 2026 15:28:11 GMT', 'server': 'Apache/2.4.58 (Ubuntu)', 'content-type': 'application/json', 'x-compute-request-id': 'req-738464d0-855e-40f9-b439-137450d32e0e', 'content-length': '84
    8', 'openstack-api-version': 'volume 3.0', 'vary': 'OpenStack-API-Version', 'x-openstack-request-id': 'req-738464d0-855e-40f9-b439-137450d32e0e', 'connection': 'close', 'status': '200', 'content-location': 'http://10.132.44.205/volume/v3/volumes/a526b01e-42b0-4114-b924-3b84e0dc16c6'}
        Body: b'{"volume": {"id": "a526b01e-42b0-4114-b924-3b84e0dc16c6", "status": "error", "size": 1, "availability_zone": "nova", "created_at": "2026-02-17T15:28:10.000000", "updated_at": "2026-02-17T15:28:10.000000", "name": "tempest-VolumeQuotasAdminTestJSON-Volume-274698394", "description": null, "volume_type": "nvmetcp1", "snapshot_id": null, "source_volid": null, "metadata": {}, "links": [{"rel": "self", "href": "http://10.132.44.205/volume/v3/volumes/a526b01e-42b0-4114-b924-3b84e0dc16c6"}, {"rel": "bookmark", "href": "http://10.132.44.205/volume/volumes/a526b01e-42b0-4114-b924-3b84e0dc16c6"}], "user_id": "420aa8d9fceb47249c96748d01ce9a1c", "bootable": "false", "encrypted": false, "replication_status": null, "consistencygroup_id": null, "multiattach": false, "attachments": [], "os-vol-tenant-attr:tenant_id": "5cfd24f28eb84ac8be785e574055d45e"}}'
2026-02-17 15:28:11,415 122996 INFO     [tempest.lib.common.rest_client] Request (VolumeQuotasAdminTestJSON:_run_cleanups): 202 DELETE http://10.132.44.205/volume/v3/volumes/a526b01e-42b0-4114-b924-3b84e0dc16c6 0.162s
2026-02-17 15:28:11,416 122996 DEBUG    [tempest.lib.common.rest_client] Request - Headers: {'Content-Type': 'application/json', 'Accept': 'application/json', 'X-Auth-Token': '<omitted>'}
        Body: None
    Response - Headers: {'date': 'Tue, 17 Feb 2026 15:28:11 GMT', 'server': 'Apache/2.4.58 (Ubuntu)', 'content-length': '0', 'content-type': 'text/html; charset=UTF-8', 'openstack-api-version': 'volume 3.0', 'vary': 'OpenStack-API-Version', 'x-openstack-request-id': 'req-baf04742-fc39-4389-89e9-b6fc8f5c9d4d', 'connection': 'close', 'status': '202', 'content-location': 'http://10.132.44.205/volume/v3/volumes/a526b01e-42b0-4114-b924-3b84e0dc16c6'}
        Body: b''
2026-02-17 15:28:11,447 122996 INFO     [tempest.lib.common.rest_client] Request (VolumeQuotasAdminTestJSON:_run_cleanups): 404 GET http://10.132.44.205/volume/v3/volumes/a526b01e-42b0-4114-b924-3b84e0dc16c6 0.030s
2026-02-17 15:28:11,448 122996 DEBUG    [tempest.lib.common.rest_client] Request - Headers: {'Content-Type': 'application/json', 'Accept': 'application/json', 'X-Auth-Token': '<omitted>'}
        Body: None
    Response - Headers: {'date': 'Tue, 17 Feb 2026 15:28:11 GMT', 'server': 'Apache/2.4.58 (Ubuntu)', 'openstack-api-version': 'volume 3.0', 'vary': 'OpenStack-API-Version', 'content-length': '109', 'content-type': 'application/json', 'x-compute-request-id': 'req-550f6f2a-469f-49b7-8c0a-7600bc686bc3', 'x-openstack-request-id': 'req-550f6f2a-469f-49b7-8c0a-7600bc686bc3', 'connection': 'close', 'status': '404', 'content-location': 'http://10.132.44.205/volume/v3/volumes/a526b01e-42b0-4114-b924-3b84e0dc16c6'}
        Body: b'{"itemNotFound": {"code": 404, "message": "Volume a526b01e-42b0-4114-b924-3b84e0dc16c6 could not be found."}}'


tempest.api.volume.admin.test_volume_quotas.VolumeQuotasAdminTestJSON.test_quota_usage_after_volume_transfer[id-8911036f-9d54-4720-80cc-a1c9796a8805]
-----------------------------------------------------------------------------------------------------------------------------------------------------

Captured traceback:
~~~~~~~~~~~~~~~~~~~
    Traceback (most recent call last):

      File "/opt/stack/tempest/tempest/api/volume/admin/test_volume_quotas.py", line 141, in test_quota_usage_after_volume_transfer
    volume = self.create_volume()
             ^^^^^^^^^^^^^^^^^^^^

      File "/opt/stack/tempest/tempest/api/volume/base.py", line 144, in create_volume
    waiters.wait_for_volume_resource_status(self.volumes_client,

      File "/opt/stack/tempest/tempest/common/waiters.py", line 379, in wait_for_volume_resource_status
    raise exceptions.VolumeResourceBuildErrorException(

    tempest.exceptions.VolumeResourceBuildErrorException: volume 8ea1fac6-2ea0-4c59-a16c-d22889fae62c failed to build and is in ERROR status


Captured pythonlogging:
~~~~~~~~~~~~~~~~~~~~~~~
    2026-02-17 15:28:11,770 122996 INFO     [tempest.lib.common.rest_client] Request (VolumeQuotasAdminTestJSON:test_quota_usage_after_volume_transfer): 202 POST http://10.132.44.205/volume/v3/volumes 0.317s
2026-02-17 15:28:11,771 122996 DEBUG    [tempest.lib.common.rest_client] Request - Headers: {'Content-Type': 'application/json', 'Accept': 'application/json', 'X-Auth-Token': '<omitted>'}
        Body: {"volume": {"size": 1, "name": "tempest-VolumeQuotasAdminTestJSON-Volume-321176969"}}
    Response - Headers: {'date': 'Tue, 17 Feb 2026 15:28:11 GMT', 'server': 'Apache/2.4.58 (Ubuntu)', 'content-type': 'application/json', 'x-compute-request-id': 'req-2b69145a-6b06-485b-aa4c-7ad43ef75416', 'content-length': '759', 'openstack-api-version': 'volume 3.0', 'vary': 'OpenStack-API-Version', 'x-openstack-request-id': 'req-2b69145a-6b06-485b-aa4c-7ad43ef75416', 'connection': 'close', 'status': '202', 'content-location': 'http://10.132.44.205/volume/v3/volumes'}
        Body: b'{"volume": {"id": "8ea1fac6-2ea0-4c59-a16c-d22889fae62c", "status": "creating", "size": 1, "availability_zone": "nova", "created_at": "2026-02-17T15:28:11.674266", "updated_at": null, "name": "tempest-VolumeQuotasAdminTestJSON-Volume-321176969", "description": null, "volume_type": "nvmetcp1", "snapshot_id": null, "source_volid": null, "metadata": {}, "links": [{"rel": "self", "href": "http://10.132.44.205/volume/v3/volumes/8ea1fac6-2ea0-4c59-a16c-d22889fae62c"}, {"rel": "bookmark", "href": "http://10.132.44.205/volume/volumes/8ea1fac6-2ea0-4c59-a16c-d22889fae62c"}], "user_id": "420aa8d9fceb47249c96748d01ce9a1c", "bootable": "false", "encrypted": false, "replication_status": null, "consistencygroup_id": null, "multiattach": false, "attachments": []}}'
2026-02-17 15:28:11,831 122996 INFO     [tempest.lib.common.rest_client] Request (VolumeQuotasAdminTestJSON:test_quota_usage_after_volume_transfer): 200 GET http://10.132.44.205/volume/v3/volumes/8ea1fac6-2ea0-4c59-a16c-d22889fae62c 0.044s
2026-02-17 15:28:11,831 122996 DEBUG    [tempest.lib.common.rest_client] Request - Headers: {'Content-Type': 'application/json', 'Accept': 'application/json', 'X-Auth-Token': '<omitted>'}
        Body: None
    Response - Headers: {'date': 'Tue, 17 Feb 2026 15:28:11 GMT', 'server': 'Apache/2.4.58 (Ubuntu)', 'content-type': 'application/json', 'x-compute-request-id': 'req-8974c0ae-ba87-45ce-8c25-e8dd5de21655', 'content-length': '827', 'openstack-api-version': 'volume 3.0', 'vary': 'OpenStack-API-Version', 'x-openstack-request-id': 'req-8974c0ae-ba87-45ce-8c25-e8dd5de21655', 'connection': 'close', 'status': '200', 'content-location': 'http://10.132.44.205/volume/v3/volumes/8ea1fac6-2ea0-4c59-a16c-d22889fae62c'}
        Body: b'{"volume": {"id": "8ea1fac6-2ea0-4c59-a16c-d22889fae62c", "status": "creating", "size": 1, "availability_zone": "nova", "created_at": "2026-02-17T15:28:12.000000", "updated_at": null, "name": "tempest-VolumeQuotasAdminTestJSON-Volume-321176969", "description": null, "volume_type": "nvmetcp1", "snapshot_id": null, "source_volid": null, "metadata": {}, "links": [{"rel": "self", "href": "http://10.132.44.205/volume/v3/volumes/8ea1fac6-2ea0-4c59-a16c-d22889fae62c"}, {"rel": "bookmark", "href": "http://10.132.44.205/volume/volumes/8ea1fac6-2ea0-4c59-a16c-d22889fae62c"}], "user_id": "420aa8d9fceb47249c96748d01ce9a1c", "bootable": "false", "encrypted": false, "replication_status": null, "consistencygroup_id": null, "multiattach": false, "attachments": [], "os-vol-tenant-attr:tenant_id": "5cfd24f28eb84ac8be785e574055d45e"}}'
2026-02-17 15:28:12,910 122996 INFO     [tempest.lib.common.rest_client] Request (VolumeQuotasAdminTestJSON:test_quota_usage_after_volume_transfer): 200 GET http://10.132.44.205/volume/v3/volumes/8ea1fac6-2ea0-4c59-a16c-d22889fae62c 0.061s
2026-02-17 15:28:12,910 122996 DEBUG    [tempest.lib.common.rest_client] Request - Headers: {'Content-Type': 'application/json', 'Accept': 'application/json', 'X-Auth-Token': '<omitted>'}
        Body: None
    Response - Headers: {'date': 'Tue, 17 Feb 2026 15:28:12 GMT', 'server': 'Apache/2.4.58 (Ubuntu)',
     'content-type': 'application/json', 'x-compute-request-id': 'req-014cd3ca-311a-46bb-a788-447d00471f44', 'content-length': '848', 'openstack-api-version': 'volume 3.0', 'vary': 'OpenStack-API-Version', 'x-openstack-request-id': 'req-014cd3ca-311a-46bb-a788-447d00471f44', 'connection': 'close', 'status': '200', 'content-location': 'http://10.132.44.205/volume/v3/volumes/8ea1fac6-2ea0-4c59-a16c-d22889fae62c'}
        Body: b'{"volume": {"id": "8ea1fac6-2ea0-4c59-a16c-d22889fae62c", "status": "error", "size": 1, "availability_zone": "nova", "created_at": "2026-02-17T15:28:12.000000", "updated_at": "2026-02-17T15:28:12.000000", "name": "tempest-VolumeQuotasAdminTestJSON-Volume-321176969", "description": null, "volume_type": "nvmetcp1", "snapshot_id": null, "source_volid": null, "metadata": {}, "links": [{"rel": "self", "href": "http://10.132.44.205/volume/v3/volumes/8ea1fac6-2ea0-4c59-a16c-d22889fae62c"}, {"rel": "bookmark", "href": "http://10.132.44.205/volume/volumes/8ea1fac6-2ea0-4c59-a16c-d22889fae62c"}], "user_id": "420aa8d9fceb47249c96748d01ce9a1c", "bootable": "false", "encrypted": false, "replication_status": null, "consistencygroup_id": null, "multiattach": false, "attachments": [], "os-vol-tenant-attr:tenant_id": "5cfd24f28eb84ac8be785e574055d45e"}}'
2026-02-17 15:28:12,983 122996 INFO     [tempest.lib.common.rest_client] Request (VolumeQuotasAdminTestJSON:_run_cleanups): 200 GET http://10.132.44.205/volume/v3/volumes/8ea1fac6-2ea0-4c59-a16c-d22889fae62c 0.056s
2026-02-17 15:28:12,984 122996 DEBUG    [tempest.lib.common.rest_client] Request - Headers: {'Content-Type': 'application/json', 'Accept': 'application/json', 'X-Auth-Token': '<omitted>'}
        Body: None
    Response - Headers: {'date': 'Tue, 17 Feb 2026 15:28:12 GMT', 'server': 'Apache/2.4.58 (Ubuntu)', 'content-type': 'application/json', 'x-compute-request-id': 'req-bd2956ca-3d9c-4ca5-92ff-e47d2ff58a0e', 'content-length': '848', 'openstack-api-version': 'volume 3.0', 'vary': 'OpenStack-API-Version', 'x-openstack-request-id': 'req-bd2956ca-3d9c-4ca5-92ff-e47d2ff58a0e', 'connection': 'close', 'status': '200', 'content-location': 'http://10.132.44.205/volume/v3/volumes/8ea1fac6-2ea0-4c59-a16c-d22889fae62c'}
        Body: b'{"volume": {"id": "8ea1fac6-2ea0-4c59-a16c-d22889fae62c", "status": "error", "size": 1, "availability_zone": "nova", "created_at": "2026-02-17T15:28:12.000000", "updated_at": "2026-02-17T15:28:12.000000", "name": "tempest-VolumeQuotasAdminTestJSON-Volume-321176969", "description": null, "volume_type": "nvmetcp1", "snapshot_id": null, "source_volid": null, "metadata": {}, "links": [{"rel": "self", "href": "http://10.132.44.205/volume/v3/volumes/8ea1fac6-2ea0-4c59-a16c-d22889fae62c"}, {"rel": "bookmark", "href": "http://10.132.44.205/volume/volumes/8ea1fac6-2ea0-4c59-a16c-d22889fae62c"}], "user_id": "420aa8d9fceb47249c96748d01ce9a1c", "bootable": "false", "encrypted": false, "replication_status": null, "consistencygroup_id": null, "multiattach": false, "attachments": [], "os-vol-tenant-attr:tenant_id": "5cfd24f28eb84ac8be785e574055d45e"}}'
2026-02-17 15:28:13,168 122996 INFO     [tempest.lib.common.rest_client] Request (VolumeQuotasAdminTestJSON:_run_cleanups): 202 DELETE http://10.132.44.205/volume/v3/volumes/8ea1fac6-2ea0-4c59-a16c-d22889fae62c 0.167s
2026-02-17 15:28:13,168 122996 DEBUG    [tempest.lib.common.rest_client] Request - Headers: {'Content-Type': 'application/json', 'Accept': 'application/json', 'X-Auth-Token': '<omitted>'}
        Body: None
    Response - Headers: {'date': 'Tue, 17 Feb 2026 15:28:13 GMT', 'server': 'Apache/2.4.58 (Ubuntu)', 'content-length': '0', 'content-type': 'text/html; charset=UTF-8', 'openstack-api-version': 'volume 3.0', 'vary': 'OpenStack-API-Version', 'x-openstack-request-id': 'req-151b797d-f88f-47d0-ba99-920e7132575d', 'connection': 'close', 'status': '202', 'content-location': 'http://10.132.44.205/volume/v3/volumes/8ea1fac6-2ea0-4c59-a16c-d22889fae62c'}
        Body: b''
2026-02-17 15:28:13,199 122996 INFO     [tempest.lib.common.rest_client] Request (VolumeQuotasAdminTestJSON:_run_cleanups): 40
    4 GET http://10.132.44.205/volume/v3/volumes/8ea1fac6-2ea0-4c59-a16c-d22889fae62c 0.030s
2026-02-17 15:28:13,200 122996 DEBUG    [tempest.lib.common.rest_client] Request - Headers: {'Content-Type': 'application/json', 'Accept': 'application/json', 'X-Auth-Token': '<omitted>'}
        Body: None
    Response - Headers: {'date': 'Tue, 17 Feb 2026 15:28:13 GMT', 'server': 'Apache/2.4.58 (Ubuntu)', 'openstack-api-version': 'volume 3.0', 'vary': 'OpenStack-API-Version', 'content-length': '109', 'content-type': 'application/json', 'x-compute-request-id': 'req-a537cca1-2b8e-4ef2-b57b-bab3331c0eac', 'x-openstack-request-id': 'req-a537cca1-2b8e-4ef2-b57b-bab3331c0eac', 'connection': 'close', 'status': '404', 'content-location': 'http://10.132.44.205/volume/v3/volumes/8ea1fac6-2ea0-4c59-a16c-d22889fae62c'}
        Body: b'{"itemNotFound": {"code": 404, "message": "Volume 8ea1fac6-2ea0-4c59-a16c-d22889fae62c could not be found."}}'


setUpClass (tempest.api.volume.admin.test_volume_quotas_negative.VolumeQuotasNegativeTestJSON)
----------------------------------------------------------------------------------------------

Captured traceback:
~~~~~~~~~~~~~~~~~~~
    Traceback (most recent call last):

      File "/opt/stack/tempest/tempest/test.py", line 185, in setUpClass
    raise value.with_traceback(trace)

      File "/opt/stack/tempest/tempest/test.py", line 178, in setUpClass
    cls.resource_setup()

      File "/opt/stack/tempest/tempest/api/volume/admin/test_volume_quotas_negative.py", line 51, in resource_setup
    cls.volume = cls.create_volume()
                 ^^^^^^^^^^^^^^^^^^^

      File "/opt/stack/tempest/tempest/api/volume/base.py", line 144, in create_volume
    waiters.wait_for_volume_resource_status(self.volumes_client,

      File "/opt/stack/tempest/tempest/common/waiters.py", line 379, in wait_for_volume_resource_status
    raise exceptions.VolumeResourceBuildErrorException(

    tempest.exceptions.VolumeResourceBuildErrorException: volume 92dc9075-f9a9-4e1a-a314-405531ec2e32 failed to build and is in ERROR status


tempest.api.volume.admin.test_volume_retype.VolumeRetypeMultiattachTest.test_volume_retype_multiattach[id-c0521465-ed82-4d03-961d-a68d673a5051]
-----------------------------------------------------------------------------------------------------------------------------------------------

Captured traceback:
~~~~~~~~~~~~~~~~~~~
    Traceback (most recent call last):

      File "/opt/stack/tempest/tempest/api/volume/admin/test_volume_retype.py", line 247, in test_volume_retype_multiattach
    vol = self.create_volume(volume_type=self.src_vol_type['name'])
          ^^^^^^^^^^^^^^^^^^^^^^^^^^^^^^^^^^^^^^^^^^^^^^^^^^^^^^^^^

      File "/opt/stack/tempest/tempest/api/volume/base.py", line 144, in create_volume
    waiters.wait_for_volume_resource_status(self.volumes_client,

      File "/opt/stack/tempest/tempest/common/waiters.py", line 379, in wait_for_volume_resource_status
    raise exceptions.VolumeResourceBuildErrorException(

    tempest.exceptions.VolumeResourceBuildErrorException: volume 5c21e92c-892a-4faf-8725-4345e3968dea failed to build and is in ERROR status


Captured pythonlogging:
~~~~~~~~~~~~~~~~~~~~~~~
    2026-02-17 15:28:26,850 122996 INFO     [tempest.lib.common.rest_client] Request (VolumeRetypeMultiattachTest:test_volume_retype_multiattach): 202 POST http://10.132.44.205/volume/v3/volumes 0.429s
2026-02-17 15:28:26,851 122996 DEBUG    [tempest.lib.common.rest_client] Request - Headers: {'Content-Type': 'application/json', 'Accept': 'application/json', 'Openstack-Api-Version': 'volume 3.50', 'X-Auth-Token': '<omitted>'}
        Body: {"volume": {"volume_type": "tempest-VolumeRetypeMultiattachTest-volume-type-2068891300", "size": 1, "name": "tempest-VolumeRetypeMultiattachTest-Volume-903380421"}}
    Response - Headers: {'date': 'Tue, 17 Feb 2026 15:28:26 GMT', 'server': 'Apache/2.4.58 (Ubuntu)', 'content-type': 'application/json', 'x-compute-request-id': 'req-b3fb2d55-b45b-45dd-b60e-0e672e2bc04d', 'content-length': '875', 'openstack-api-version': 'volume 3.50', 'vary': 'OpenStack-API-Version', 'x-openstack-request-id': 'req-b3fb2d55-b45b-45dd-b60e-0e672e2bc04d', 'connection': 'close', 'status': '202', 'content-location': 'http://10.132.44.205/volume/v3/volumes'}
        Body: b'{"volume": {"id": "5c21e92c-892a-4faf-8725-4345e3968dea", "status": "creating", "size": 1, "availability_zone": "nova", "created_at": "2026-02-17T15:28:26.774029", "updated_at": null, "name": "tempest-VolumeRetypeMultiattachTest-Volume-903380421", "description": null, "volume_type": "tempest-VolumeRetypeMultiattachTest-volume-type-2068891300", "snapshot_id": null, "source_volid": null, "metadata": {}, "links": [{"rel": "self", "href": "http://10.132.44.205/volume/v3/volumes/5c21e92c-892a-4faf-8725-4345e3968dea"}, {"rel": "bookmark", "href": "http://10.132.44.205/volume/volumes/5c21e92c-892a-4faf-8725-4345e3968dea"}], "user_id": "2d952c8ff3094f29a63f2abec9bf10d5", "bootable": "false", "encrypted": false, "replication_status": null, "consistencygroup_id": null, "multiattach": false, "attachments": [], "group_id": null, "shared_targets": true, "service_uuid": null}}'
2026-02-17 15:28:26,925 122996 INFO     [tempest.lib.common.rest_client] Request (VolumeRetypeMultiattachTest:test_volume_retype_multiattach): 200 GET http://10.132.44.205/volume/v3/volumes/5c21e92c-892a-4faf-8725-4345e3968dea 0.058s
2026-02-17 15:28:26,925 122996 DEBUG    [tempest.lib.common.rest_client] Request - Headers: {'Content-Type': 'application/json', 'Accept': 'application/json', 'Openstack-Api-Version': 'volume 3.50', 'X-Auth-Token': '<omitted>'}
        Body: None
    Response - Headers: {'date': 'Tue, 17 Feb 2026 15:28:26 GMT', 'server': 'Apache/2.4.58 (Ubuntu)', 'content-type': 'application/json', 'x-compute-request-id': 'req-4203b71b-8024-42dc-9b50-5ce48b21d50e', 'content-length': '943', 'openstack-api-version': 'volume 3.50', 'vary': 'OpenStack-API-Version', 'x-openstack-request-id': 'req-4203b71b-8024-42dc-9b50-5ce48b21d50e', 'connection': 'close', 'status': '200', 'content-location': 'http://10.132.44.205/volume/v3/volumes/5c21e92c-892a-4faf-8725-4345e3968dea'}
        Body: b'{"volume": {"id": "5c21e92c-892a-4faf-8725-4345e3968dea", "status": "creating", "size": 1, "availability_zone": "nova", "created_at": "2026-02-17T15:28:27.000000", "updated_at": null, "name": "tempest-VolumeRetypeMultiattachTest-Volume-903380421", "description": null, "volume_type": "tempest-VolumeRetypeMultiattachTest-volume-type-2068891300", "snapshot_id": null, "source_volid": null, "metadata": {}, "links": [{"rel": "self", "href": "http://10.132.44.205/volume/v3/volumes/5c21e92c-892a-4faf-8725-4345e3968dea"}, {"rel": "bookmark", "href": "http://10.132.44.205/volume/volumes/5c21e92c-892a-4faf-8725-4345e3968dea"}], "user_id": "2d952c8ff3094f29a63f2abec9bf10d5", "bootable": "false", "encrypted": false, "replication_status": null, "consistencygroup_id": null, "multiattach": false, "attachments": [], "group_id": null, "shared_targets": true, "service_uuid": null, "os-vol-tenant-attr:tenant_id": "959da1c3515f44e7a6a0461b9d2c9126"}}'
2026-02-17 15:28:28,002 122996 INFO     [tempest.lib.common.rest_client] Request (VolumeRetypeMultiattachTest:test_volume_retype_multiattach): 200 GET http://10.132.44
    .205/volume/v3/volumes/5c21e92c-892a-4faf-8725-4345e3968dea 0.058s
2026-02-17 15:28:28,003 122996 DEBUG    [tempest.lib.common.rest_client] Request - Headers: {'Content-Type': 'application/json', 'Accept': 'application/json', 'Openstack-Api-Version': 'volume 3.50', 'X-Auth-Token': '<omitted>'}
        Body: None
    Response - Headers: {'date': 'Tue, 17 Feb 2026 15:28:27 GMT', 'server': 'Apache/2.4.58 (Ubuntu)', 'content-type': 'application/json', 'x-compute-request-id': 'req-040ae50e-e00b-41fe-a1db-4e39dc1715bf', 'content-length': '964', 'openstack-api-version': 'volume 3.50', 'vary': 'OpenStack-API-Version', 'x-openstack-request-id': 'req-040ae50e-e00b-41fe-a1db-4e39dc1715bf', 'connection': 'close', 'status': '200', 'content-location': 'http://10.132.44.205/volume/v3/volumes/5c21e92c-892a-4faf-8725-4345e3968dea'}
        Body: b'{"volume": {"id": "5c21e92c-892a-4faf-8725-4345e3968dea", "status": "error", "size": 1, "availability_zone": "nova", "created_at": "2026-02-17T15:28:27.000000", "updated_at": "2026-02-17T15:28:27.000000", "name": "tempest-VolumeRetypeMultiattachTest-Volume-903380421", "description": null, "volume_type": "tempest-VolumeRetypeMultiattachTest-volume-type-2068891300", "snapshot_id": null, "source_volid": null, "metadata": {}, "links": [{"rel": "self", "href": "http://10.132.44.205/volume/v3/volumes/5c21e92c-892a-4faf-8725-4345e3968dea"}, {"rel": "bookmark", "href": "http://10.132.44.205/volume/volumes/5c21e92c-892a-4faf-8725-4345e3968dea"}], "user_id": "2d952c8ff3094f29a63f2abec9bf10d5", "bootable": "false", "encrypted": false, "replication_status": null, "consistencygroup_id": null, "multiattach": false, "attachments": [], "group_id": null, "shared_targets": true, "service_uuid": null, "os-vol-tenant-attr:tenant_id": "959da1c3515f44e7a6a0461b9d2c9126"}}'
2026-02-17 15:28:28,081 122996 INFO     [tempest.lib.common.rest_client] Request (VolumeRetypeMultiattachTest:_run_cleanups): 200 GET http://10.132.44.205/volume/v3/volumes/5c21e92c-892a-4faf-8725-4345e3968dea 0.061s
2026-02-17 15:28:28,081 122996 DEBUG    [tempest.lib.common.rest_client] Request - Headers: {'Content-Type': 'application/json', 'Accept': 'application/json', 'Openstack-Api-Version': 'volume 3.50', 'X-Auth-Token': '<omitted>'}
        Body: None
    Response - Headers: {'date': 'Tue, 17 Feb 2026 15:28:28 GMT', 'server': 'Apache/2.4.58 (Ubuntu)', 'content-type': 'application/json', 'x-compute-request-id': 'req-bc0df032-e000-4c88-ac0e-dafae66efd2d', 'content-length': '964', 'openstack-api-version': 'volume 3.50', 'vary': 'OpenStack-API-Version', 'x-openstack-request-id': 'req-bc0df032-e000-4c88-ac0e-dafae66efd2d', 'connection': 'close', 'status': '200', 'content-location': 'http://10.132.44.205/volume/v3/volumes/5c21e92c-892a-4faf-8725-4345e3968dea'}
        Body: b'{"volume": {"id": "5c21e92c-892a-4faf-8725-4345e3968dea", "status": "error", "size": 1, "availability_zone": "nova", "created_at": "2026-02-17T15:28:27.000000", "updated_at": "2026-02-17T15:28:27.000000", "name": "tempest-VolumeRetypeMultiattachTest-Volume-903380421", "description": null, "volume_type": "tempest-VolumeRetypeMultiattachTest-volume-type-2068891300", "snapshot_id": null, "source_volid": null, "metadata": {}, "links": [{"rel": "self", "href": "http://10.132.44.205/volume/v3/volumes/5c21e92c-892a-4faf-8725-4345e3968dea"}, {"rel": "bookmark", "href": "http://10.132.44.205/volume/volumes/5c21e92c-892a-4faf-8725-4345e3968dea"}], "user_id": "2d952c8ff3094f29a63f2abec9bf10d5", "bootable": "false", "encrypted": false, "replication_status": null, "consistencygroup_id": null, "multiattach": false, "attachments": [], "group_id": null, "shared_targets": true, "service_uuid": null, "os-vol-tenant-attr:tenant_id": "959da1c3515f44e7a6a0461b9d2c9126"}}'
2026-02-17 15:28:28,247 122996 INFO     [tempest.lib.common.rest_client] Request (VolumeRetypeMultiattachTest:_run_cleanups): 202 DELETE http://10.132.44.205/volume/v3/volumes/5c21e92c-892a-4faf-8725-4345e3968dea 0.148s
2026-02-17 15:28:28,248 122996 DEBUG    [tempest.lib.common.rest_client] Request - Headers: {'Content-Type':
     'application/json', 'Accept': 'application/json', 'Openstack-Api-Version': 'volume 3.50', 'X-Auth-Token': '<omitted>'}
        Body: None
    Response - Headers: {'date': 'Tue, 17 Feb 2026 15:28:28 GMT', 'server': 'Apache/2.4.58 (Ubuntu)', 'content-length': '0', 'content-type': 'text/html; charset=UTF-8', 'openstack-api-version': 'volume 3.50', 'vary': 'OpenStack-API-Version', 'x-openstack-request-id': 'req-79cff968-eccb-4df5-9509-56aab9a248cd', 'connection': 'close', 'status': '202', 'content-location': 'http://10.132.44.205/volume/v3/volumes/5c21e92c-892a-4faf-8725-4345e3968dea'}
        Body: b''
2026-02-17 15:28:28,278 122996 INFO     [tempest.lib.common.rest_client] Request (VolumeRetypeMultiattachTest:_run_cleanups): 404 GET http://10.132.44.205/volume/v3/volumes/5c21e92c-892a-4faf-8725-4345e3968dea 0.030s
2026-02-17 15:28:28,279 122996 DEBUG    [tempest.lib.common.rest_client] Request - Headers: {'Content-Type': 'application/json', 'Accept': 'application/json', 'Openstack-Api-Version': 'volume 3.50', 'X-Auth-Token': '<omitted>'}
        Body: None
    Response - Headers: {'date': 'Tue, 17 Feb 2026 15:28:28 GMT', 'server': 'Apache/2.4.58 (Ubuntu)', 'openstack-api-version': 'volume 3.50', 'vary': 'OpenStack-API-Version', 'content-length': '109', 'content-type': 'application/json', 'x-compute-request-id': 'req-bc30a560-f23d-4129-bd69-8fd4ec7d25e9', 'x-openstack-request-id': 'req-bc30a560-f23d-4129-bd69-8fd4ec7d25e9', 'connection': 'close', 'status': '404', 'content-location': 'http://10.132.44.205/volume/v3/volumes/5c21e92c-892a-4faf-8725-4345e3968dea'}
        Body: b'{"itemNotFound": {"code": 404, "message": "Volume 5c21e92c-892a-4faf-8725-4345e3968dea could not be found."}}'


tempest.api.volume.admin.test_volume_retype.VolumeRetypeWithoutMigrationTest.test_available_volume_retype[id-b90412ee-465d-46e9-b249-ec84a47d5f25]
--------------------------------------------------------------------------------------------------------------------------------------------------

Captured traceback:
~~~~~~~~~~~~~~~~~~~
    Traceback (most recent call last):

      File "/opt/stack/tempest/tempest/api/volume/admin/test_volume_retype.py", line 203, in test_available_volume_retype
    src_vol = self.create_volume(volume_type=self.src_vol_type['name'])
              ^^^^^^^^^^^^^^^^^^^^^^^^^^^^^^^^^^^^^^^^^^^^^^^^^^^^^^^^^

      File "/opt/stack/tempest/tempest/api/volume/base.py", line 144, in create_volume
    waiters.wait_for_volume_resource_status(self.volumes_client,

      File "/opt/stack/tempest/tempest/common/waiters.py", line 379, in wait_for_volume_resource_status
    raise exceptions.VolumeResourceBuildErrorException(

    tempest.exceptions.VolumeResourceBuildErrorException: volume 4440199a-6641-4b61-927a-eb855fc88fac failed to build and is in ERROR status


Captured pythonlogging:
~~~~~~~~~~~~~~~~~~~~~~~
    2026-02-17 15:28:33,923 122996 INFO     [tempest.lib.common.rest_client] Request (VolumeRetypeWithoutMigrationTest:test_available_volume_retype): 202 POST http://10.132.44.205/volume/v3/volumes 0.438s
2026-02-17 15:28:33,924 122996 DEBUG    [tempest.lib.common.rest_client] Request - Headers: {'Content-Type': 'application/json', 'Accept': 'application/json', 'X-Auth-Token': '<omitted>'}
        Body: {"volume": {"volume_type": "volume-type-1", "size": 1, "name": "tempest-VolumeRetypeWithoutMigrationTest-Volume-1261436684"}}
    Response - Headers: {'date': 'Tue, 17 Feb 2026 15:28:33 GMT', 'server': 'Apache/2.4.58 (Ubuntu)', 'content-type': 'application/json', 'x-compute-request-id': 'req-6bc5804f-a544-4991-83a2-2eb74534a689', 'content-length': '772', 'openstack-api-version': 'volume 3.0', 'vary': 'OpenStack-API-Version', 'x-openstack-request-id': 'req-6bc5804f-a544-4991-83a2-2eb74534a689', 'connection': 'close', 'status': '202', 'content-location': 'http://10.132.44.205/volume/v3/volumes'}
        Body: b'{"volume": {"id": "4440199a-6641-4b61-927a-eb855fc88fac", "status": "creating", "size": 1, "availability_zone": "nova", "created_at": "2026-02-17T15:28:33.842252", "updated_at": null, "name": "tempest-VolumeRetypeWithoutMigrationTest-Volume-1261436684", "description": null, "volume_type": "volume-type-1", "snapshot_id": null, "source_volid": null, "metadata": {}, "links": [{"rel": "self", "href": "http://10.132.44.205/volume/v3/volumes/4440199a-6641-4b61-927a-eb855fc88fac"}, {"rel": "bookmark", "href": "http://10.132.44.205/volume/volumes/4440199a-6641-4b61-927a-eb855fc88fac"}], "user_id": "2e83fd514f604c8dbeb151a890baed6b", "bootable": "false", "encrypted": false, "replication_status": null, "consistencygroup_id": null, "multiattach": false, "attachments": []}}'
2026-02-17 15:28:34,028 122996 INFO     [tempest.lib.common.rest_client] Request (VolumeRetypeWithoutMigrationTest:test_available_volume_retype): 200 GET http://10.132.44.205/volume/v3/volumes/4440199a-6641-4b61-927a-eb855fc88fac 0.088s
2026-02-17 15:28:34,029 122996 DEBUG    [tempest.lib.common.rest_client] Request - Headers: {'Content-Type': 'application/json', 'Accept': 'application/json', 'X-Auth-Token': '<omitted>'}
        Body: None
    Response - Headers: {'date': 'Tue, 17 Feb 2026 15:28:33 GMT', 'server': 'Apache/2.4.58 (Ubuntu)', 'content-type': 'application/json', 'x-compute-request-id': 'req-5fdff22f-3d4d-40bc-924c-66dc9791df36', 'content-length': '840', 'openstack-api-version': 'volume 3.0', 'vary': 'OpenStack-API-Version', 'x-openstack-request-id': 'req-5fdff22f-3d4d-40bc-924c-66dc9791df36', 'connection': 'close', 'status': '200', 'content-location': 'http://10.132.44.205/volume/v3/volumes/4440199a-6641-4b61-927a-eb855fc88fac'}
        Body: b'{"volume": {"id": "4440199a-6641-4b61-927a-eb855fc88fac", "status": "creating", "size": 1, "availability_zone": "nova", "created_at": "2026-02-17T15:28:34.000000", "updated_at": null, "name": "tempest-VolumeRetypeWithoutMigrationTest-Volume-1261436684", "description": null, "volume_type": "volume-type-1", "snapshot_id": null, "source_volid": null, "metadata": {}, "links": [{"rel": "self", "href": "http://10.132.44.205/volume/v3/volumes/4440199a-6641-4b61-927a-eb855fc88fac"}, {"rel": "bookmark", "href": "http://10.132.44.205/volume/volumes/4440199a-6641-4b61-927a-eb855fc88fac"}], "user_id": "2e83fd514f604c8dbeb151a890baed6b", "bootable": "false", "encrypted": false, "replication_status": null, "consistencygroup_id": null, "multiattach": false, "attachments": [], "os-vol-tenant-attr:tenant_id": "bf709467fdc34b6eab4de172c9f2fa4f"}}'
2026-02-17 15:28:35,109 122996 INFO     [tempest.lib.common.rest_client] Request (VolumeRetypeWithoutMigrationTest:test_available_volume_retype): 200 GET http://10.132.44.205/volume/v3/volumes/4440199a-6641-4b61-927a-eb855fc88fac 0.061s
2026-02-17 15:28:35,110 122996 DEBUG    [tempest.lib.common.rest_client] Request - Headers: {'Content-Type': 'application/json', 'Accept': 'application/json', 'X-Auth-Token': '<omitted>'}
        Body: None
    Response - Headers: {'date': 'Tue, 17 Fe
    b 2026 15:28:35 GMT', 'server': 'Apache/2.4.58 (Ubuntu)', 'content-type': 'application/json', 'x-compute-request-id': 'req-06ab307e-ebe1-4cdc-af43-73c9aa277b55', 'content-length': '861', 'openstack-api-version': 'volume 3.0', 'vary': 'OpenStack-API-Version', 'x-openstack-request-id': 'req-06ab307e-ebe1-4cdc-af43-73c9aa277b55', 'connection': 'close', 'status': '200', 'content-location': 'http://10.132.44.205/volume/v3/volumes/4440199a-6641-4b61-927a-eb855fc88fac'}
        Body: b'{"volume": {"id": "4440199a-6641-4b61-927a-eb855fc88fac", "status": "error", "size": 1, "availability_zone": "nova", "created_at": "2026-02-17T15:28:34.000000", "updated_at": "2026-02-17T15:28:34.000000", "name": "tempest-VolumeRetypeWithoutMigrationTest-Volume-1261436684", "description": null, "volume_type": "volume-type-1", "snapshot_id": null, "source_volid": null, "metadata": {}, "links": [{"rel": "self", "href": "http://10.132.44.205/volume/v3/volumes/4440199a-6641-4b61-927a-eb855fc88fac"}, {"rel": "bookmark", "href": "http://10.132.44.205/volume/volumes/4440199a-6641-4b61-927a-eb855fc88fac"}], "user_id": "2e83fd514f604c8dbeb151a890baed6b", "bootable": "false", "encrypted": false, "replication_status": null, "consistencygroup_id": null, "multiattach": false, "attachments": [], "os-vol-tenant-attr:tenant_id": "bf709467fdc34b6eab4de172c9f2fa4f"}}'
2026-02-17 15:28:35,187 122996 INFO     [tempest.lib.common.rest_client] Request (VolumeRetypeWithoutMigrationTest:_run_cleanups): 200 GET http://10.132.44.205/volume/v3/volumes/4440199a-6641-4b61-927a-eb855fc88fac 0.057s
2026-02-17 15:28:35,187 122996 DEBUG    [tempest.lib.common.rest_client] Request - Headers: {'Content-Type': 'application/json', 'Accept': 'application/json', 'X-Auth-Token': '<omitted>'}
        Body: None
    Response - Headers: {'date': 'Tue, 17 Feb 2026 15:28:35 GMT', 'server': 'Apache/2.4.58 (Ubuntu)', 'content-type': 'application/json', 'x-compute-request-id': 'req-f54dd16f-2b2e-4136-85e8-b1f368fd2b5a', 'content-length': '861', 'openstack-api-version': 'volume 3.0', 'vary': 'OpenStack-API-Version', 'x-openstack-request-id': 'req-f54dd16f-2b2e-4136-85e8-b1f368fd2b5a', 'connection': 'close', 'status': '200', 'content-location': 'http://10.132.44.205/volume/v3/volumes/4440199a-6641-4b61-927a-eb855fc88fac'}
        Body: b'{"volume": {"id": "4440199a-6641-4b61-927a-eb855fc88fac", "status": "error", "size": 1, "availability_zone": "nova", "created_at": "2026-02-17T15:28:34.000000", "updated_at": "2026-02-17T15:28:34.000000", "name": "tempest-VolumeRetypeWithoutMigrationTest-Volume-1261436684", "description": null, "volume_type": "volume-type-1", "snapshot_id": null, "source_volid": null, "metadata": {}, "links": [{"rel": "self", "href": "http://10.132.44.205/volume/v3/volumes/4440199a-6641-4b61-927a-eb855fc88fac"}, {"rel": "bookmark", "href": "http://10.132.44.205/volume/volumes/4440199a-6641-4b61-927a-eb855fc88fac"}], "user_id": "2e83fd514f604c8dbeb151a890baed6b", "bootable": "false", "encrypted": false, "replication_status": null, "consistencygroup_id": null, "multiattach": false, "attachments": [], "os-vol-tenant-attr:tenant_id": "bf709467fdc34b6eab4de172c9f2fa4f"}}'
2026-02-17 15:28:35,369 122996 INFO     [tempest.lib.common.rest_client] Request (VolumeRetypeWithoutMigrationTest:_run_cleanups): 202 DELETE http://10.132.44.205/volume/v3/volumes/4440199a-6641-4b61-927a-eb855fc88fac 0.163s
2026-02-17 15:28:35,369 122996 DEBUG    [tempest.lib.common.rest_client] Request - Headers: {'Content-Type': 'application/json', 'Accept': 'application/json', 'X-Auth-Token': '<omitted>'}
        Body: None
    Response - Headers: {'date': 'Tue, 17 Feb 2026 15:28:35 GMT', 'server': 'Apache/2.4.58 (Ubuntu)', 'content-length': '0', 'content-type': 'text/html; charset=UTF-8', 'openstack-api-version': 'volume 3.0', 'vary': 'OpenStack-API-Version', 'x-openstack-request-id': 'req-e9ce61f0-5c27-4e93-912f-99741632a95f', 'connection': 'close', 'status': '202', 'content-location': 'http://10.132.44.205/volume/v3/volumes/4440199a-6641-4b61-927a-eb855fc88fac'}
        Body: b''
2026-02-17 15:28:35,400 12299
    6 INFO     [tempest.lib.common.rest_client] Request (VolumeRetypeWithoutMigrationTest:_run_cleanups): 404 GET http://10.132.44.205/volume/v3/volumes/4440199a-6641-4b61-927a-eb855fc88fac 0.030s
2026-02-17 15:28:35,401 122996 DEBUG    [tempest.lib.common.rest_client] Request - Headers: {'Content-Type': 'application/json', 'Accept': 'application/json', 'X-Auth-Token': '<omitted>'}
        Body: None
    Response - Headers: {'date': 'Tue, 17 Feb 2026 15:28:35 GMT', 'server': 'Apache/2.4.58 (Ubuntu)', 'openstack-api-version': 'volume 3.0', 'vary': 'OpenStack-API-Version', 'content-length': '109', 'content-type': 'application/json', 'x-compute-request-id': 'req-898350da-787c-47dd-b071-f75753cf9a0a', 'x-openstack-request-id': 'req-898350da-787c-47dd-b071-f75753cf9a0a', 'connection': 'close', 'status': '404', 'content-location': 'http://10.132.44.205/volume/v3/volumes/4440199a-6641-4b61-927a-eb855fc88fac'}
        Body: b'{"itemNotFound": {"code": 404, "message": "Volume 4440199a-6641-4b61-927a-eb855fc88fac could not be found."}}'


tempest.api.volume.admin.test_volume_services.VolumesServicesTestJSON.test_get_service_by_volume_host_name[id-67ec6902-f91d-4dec-91fa-338523208bbc]
---------------------------------------------------------------------------------------------------------------------------------------------------

Captured traceback:
~~~~~~~~~~~~~~~~~~~
    Traceback (most recent call last):

      File "/opt/stack/tempest/tempest/api/volume/admin/test_volume_services.py", line 76, in test_get_service_by_volume_host_name
    volume_id = self.create_volume()['id']
                ^^^^^^^^^^^^^^^^^^^^

      File "/opt/stack/tempest/tempest/api/volume/base.py", line 144, in create_volume
    waiters.wait_for_volume_resource_status(self.volumes_client,

      File "/opt/stack/tempest/tempest/common/waiters.py", line 379, in wait_for_volume_resource_status
    raise exceptions.VolumeResourceBuildErrorException(

    tempest.exceptions.VolumeResourceBuildErrorException: volume 06b3466f-5231-4167-82db-bf1cececce85 failed to build and is in ERROR status


Captured pythonlogging:
~~~~~~~~~~~~~~~~~~~~~~~
    2026-02-17 15:28:40,847 122996 INFO     [tempest.lib.common.rest_client] Request (VolumesServicesTestJSON:test_get_service_by_volume_host_name): 202 POST http://10.132.44.205/volume/v3/volumes 0.381s
2026-02-17 15:28:40,848 122996 DEBUG    [tempest.lib.common.rest_client] Request - Headers: {'Content-Type': 'application/json', 'Accept': 'application/json', 'X-Auth-Token': '<omitted>'}
        Body: {"volume": {"size": 1, "name": "tempest-VolumesServicesTestJSON-Volume-581549549"}}
    Response - Headers: {'date': 'Tue, 17 Feb 2026 15:28:40 GMT', 'server': 'Apache/2.4.58 (Ubuntu)', 'content-type': 'application/json', 'x-compute-request-id': 'req-f33809c5-2b20-493d-b347-231cc95e84c5', 'content-length': '757', 'openstack-api-version': 'volume 3.0', 'vary': 'OpenStack-API-Version', 'x-openstack-request-id': 'req-f33809c5-2b20-493d-b347-231cc95e84c5', 'connection': 'close', 'status': '202', 'content-location': 'http://10.132.44.205/volume/v3/volumes'}
        Body: b'{"volume": {"id": "06b3466f-5231-4167-82db-bf1cececce85", "status": "creating", "size": 1, "availability_zone": "nova", "created_at": "2026-02-17T15:28:40.767813", "updated_at": null, "name": "tempest-VolumesServicesTestJSON-Volume-581549549", "description": null, "volume_type": "nvmetcp1", "snapshot_id": null, "source_volid": null, "metadata": {}, "links": [{"rel": "self", "href": "http://10.132.44.205/volume/v3/volumes/06b3466f-5231-4167-82db-bf1cececce85"}, {"rel": "bookmark", "href": "http://10.132.44.205/volume/volumes/06b3466f-5231-4167-82db-bf1cececce85"}], "user_id": "98ec77687ecb4f00801ebb28c233e113", "bootable": "false", "encrypted": false, "replication_status": null, "consistencygroup_id": null, "multiattach": false, "attachments": []}}'
2026-02-17 15:28:40,914 122996 INFO     [tempest.lib.common.rest_client] Request (VolumesServicesTestJSON:test_get_service_by_volume_host_name): 200 GET http://10.132.44.205/volume/v3/volumes/06b3466f-5231-4167-82db-bf1cececce85 0.059s
2026-02-17 15:28:40,915 122996 DEBUG    [tempest.lib.common.rest_client] Request - Headers: {'Content-Type': 'application/json', 'Accept': 'application/json', 'X-Auth-Token': '<omitted>'}
        Body: None
    Response - Headers: {'date': 'Tue, 17 Feb 2026 15:28:40 GMT', 'server': 'Apache/2.4.58 (Ubuntu)', 'content-type': 'application/json', 'x-compute-request-id': 'req-4089a891-8fdb-4f98-9409-3aa117568cd1', 'content-length': '825', 'openstack-api-version': 'volume 3.0', 'vary': 'OpenStack-API-Version', 'x-openstack-request-id': 'req-4089a891-8fdb-4f98-9409-3aa117568cd1', 'connection': 'close', 'status': '200', 'content-location': 'http://10.132.44.205/volume/v3/volumes/06b3466f-5231-4167-82db-bf1cececce85'}
        Body: b'{"volume": {"id": "06b3466f-5231-4167-82db-bf1cececce85", "status": "creating", "size": 1, "availability_zone": "nova", "created_at": "2026-02-17T15:28:41.000000", "updated_at": null, "name": "tempest-VolumesServicesTestJSON-Volume-581549549", "description": null, "volume_type": "nvmetcp1", "snapshot_id": null, "source_volid": null, "metadata": {}, "links": [{"rel": "self", "href": "http://10.132.44.205/volume/v3/volumes/06b3466f-5231-4167-82db-bf1cececce85"}, {"rel": "bookmark", "href": "http://10.132.44.205/volume/volumes/06b3466f-5231-4167-82db-bf1cececce85"}], "user_id": "98ec77687ecb4f00801ebb28c233e113", "bootable": "false", "encrypted": false, "replication_status": null, "consistencygroup_id": null, "multiattach": false, "attachments": [], "os-vol-tenant-attr:tenant_id": "c96bbc90b19c44349a0f613e470ab14d"}}'
2026-02-17 15:28:41,985 122996 INFO     [tempest.lib.common.rest_client] Request (VolumesServicesTestJSON:test_get_service_by_volume_host_name): 200 GET http://10.132.44.205/volume/v3/volumes/06b3466f-5231-4167-82db-bf1cececce85 0.058s
2026-02-17 15:28:41,986 122996 DEBUG    [tempest.lib.common.rest_client] Request - Headers: {'Content-Type': 'application/json', 'Accept': 'application/json', 'X-Auth-Token': '<omitted>'}
        Body: None
    Response - Headers: {'date': 'Tue, 17 Feb 2026 15:28:41 GMT', 'server': 'Apache/2.4.58 (Ubuntu)', 'content-type': '
    application/json', 'x-compute-request-id': 'req-ccf6dcef-2a44-45e7-a207-bd2ef38fb0ed', 'content-length': '846', 'openstack-api-version': 'volume 3.0', 'vary': 'OpenStack-API-Version', 'x-openstack-request-id': 'req-ccf6dcef-2a44-45e7-a207-bd2ef38fb0ed', 'connection': 'close', 'status': '200', 'content-location': 'http://10.132.44.205/volume/v3/volumes/06b3466f-5231-4167-82db-bf1cececce85'}
        Body: b'{"volume": {"id": "06b3466f-5231-4167-82db-bf1cececce85", "status": "error", "size": 1, "availability_zone": "nova", "created_at": "2026-02-17T15:28:41.000000", "updated_at": "2026-02-17T15:28:41.000000", "name": "tempest-VolumesServicesTestJSON-Volume-581549549", "description": null, "volume_type": "nvmetcp1", "snapshot_id": null, "source_volid": null, "metadata": {}, "links": [{"rel": "self", "href": "http://10.132.44.205/volume/v3/volumes/06b3466f-5231-4167-82db-bf1cececce85"}, {"rel": "bookmark", "href": "http://10.132.44.205/volume/volumes/06b3466f-5231-4167-82db-bf1cececce85"}], "user_id": "98ec77687ecb4f00801ebb28c233e113", "bootable": "false", "encrypted": false, "replication_status": null, "consistencygroup_id": null, "multiattach": false, "attachments": [], "os-vol-tenant-attr:tenant_id": "c96bbc90b19c44349a0f613e470ab14d"}}'
2026-02-17 15:28:42,062 122996 INFO     [tempest.lib.common.rest_client] Request (VolumesServicesTestJSON:_run_cleanups): 200 GET http://10.132.44.205/volume/v3/volumes/06b3466f-5231-4167-82db-bf1cececce85 0.058s
2026-02-17 15:28:42,063 122996 DEBUG    [tempest.lib.common.rest_client] Request - Headers: {'Content-Type': 'application/json', 'Accept': 'application/json', 'X-Auth-Token': '<omitted>'}
        Body: None
    Response - Headers: {'date': 'Tue, 17 Feb 2026 15:28:42 GMT', 'server': 'Apache/2.4.58 (Ubuntu)', 'content-type': 'application/json', 'x-compute-request-id': 'req-6c193311-6862-4316-b42e-804c94da151c', 'content-length': '846', 'openstack-api-version': 'volume 3.0', 'vary': 'OpenStack-API-Version', 'x-openstack-request-id': 'req-6c193311-6862-4316-b42e-804c94da151c', 'connection': 'close', 'status': '200', 'content-location': 'http://10.132.44.205/volume/v3/volumes/06b3466f-5231-4167-82db-bf1cececce85'}
        Body: b'{"volume": {"id": "06b3466f-5231-4167-82db-bf1cececce85", "status": "error", "size": 1, "availability_zone": "nova", "created_at": "2026-02-17T15:28:41.000000", "updated_at": "2026-02-17T15:28:41.000000", "name": "tempest-VolumesServicesTestJSON-Volume-581549549", "description": null, "volume_type": "nvmetcp1", "snapshot_id": null, "source_volid": null, "metadata": {}, "links": [{"rel": "self", "href": "http://10.132.44.205/volume/v3/volumes/06b3466f-5231-4167-82db-bf1cececce85"}, {"rel": "bookmark", "href": "http://10.132.44.205/volume/volumes/06b3466f-5231-4167-82db-bf1cececce85"}], "user_id": "98ec77687ecb4f00801ebb28c233e113", "bootable": "false", "encrypted": false, "replication_status": null, "consistencygroup_id": null, "multiattach": false, "attachments": [], "os-vol-tenant-attr:tenant_id": "c96bbc90b19c44349a0f613e470ab14d"}}'
2026-02-17 15:28:42,235 122996 INFO     [tempest.lib.common.rest_client] Request (VolumesServicesTestJSON:_run_cleanups): 202 DELETE http://10.132.44.205/volume/v3/volumes/06b3466f-5231-4167-82db-bf1cececce85 0.155s
2026-02-17 15:28:42,235 122996 DEBUG    [tempest.lib.common.rest_client] Request - Headers: {'Content-Type': 'application/json', 'Accept': 'application/json', 'X-Auth-Token': '<omitted>'}
        Body: None
    Response - Headers: {'date': 'Tue, 17 Feb 2026 15:28:42 GMT', 'server': 'Apache/2.4.58 (Ubuntu)', 'content-length': '0', 'content-type': 'text/html; charset=UTF-8', 'openstack-api-version': 'volume 3.0', 'vary': 'OpenStack-API-Version', 'x-openstack-request-id': 'req-dbabdc05-4ff7-44d3-b12f-5665a71c46bd', 'connection': 'close', 'status': '202', 'content-location': 'http://10.132.44.205/volume/v3/volumes/06b3466f-5231-4167-82db-bf1cececce85'}
        Body: b''
2026-02-17 15:28:42,267 122996 INFO     [tempest.lib.common.rest_client] Request (VolumesServicesTestJSON:_run_cleanups): 404 GET http://10.132.44.205/v
    olume/v3/volumes/06b3466f-5231-4167-82db-bf1cececce85 0.030s
2026-02-17 15:28:42,267 122996 DEBUG    [tempest.lib.common.rest_client] Request - Headers: {'Content-Type': 'application/json', 'Accept': 'application/json', 'X-Auth-Token': '<omitted>'}
        Body: None
    Response - Headers: {'date': 'Tue, 17 Feb 2026 15:28:42 GMT', 'server': 'Apache/2.4.58 (Ubuntu)', 'openstack-api-version': 'volume 3.0', 'vary': 'OpenStack-API-Version', 'content-length': '109', 'content-type': 'application/json', 'x-compute-request-id': 'req-a37333a8-1d2b-42aa-85e7-8b8bad38ba74', 'x-openstack-request-id': 'req-a37333a8-1d2b-42aa-85e7-8b8bad38ba74', 'connection': 'close', 'status': '404', 'content-location': 'http://10.132.44.205/volume/v3/volumes/06b3466f-5231-4167-82db-bf1cececce85'}
        Body: b'{"itemNotFound": {"code": 404, "message": "Volume 06b3466f-5231-4167-82db-bf1cececce85 could not be found."}}'


setUpClass (tempest.api.volume.admin.test_volume_snapshot_quotas_negative.VolumeSnapshotQuotasNegativeTestJSON)
---------------------------------------------------------------------------------------------------------------

Captured traceback:
~~~~~~~~~~~~~~~~~~~
    Traceback (most recent call last):

      File "/opt/stack/tempest/tempest/test.py", line 185, in setUpClass
    raise value.with_traceback(trace)

      File "/opt/stack/tempest/tempest/test.py", line 178, in setUpClass
    cls.resource_setup()

      File "/opt/stack/tempest/tempest/api/volume/admin/test_volume_snapshot_quotas_negative.py", line 65, in resource_setup
    cls.volume = cls.create_volume()
                 ^^^^^^^^^^^^^^^^^^^

      File "/opt/stack/tempest/tempest/api/volume/base.py", line 144, in create_volume
    waiters.wait_for_volume_resource_status(self.volumes_client,

      File "/opt/stack/tempest/tempest/common/waiters.py", line 379, in wait_for_volume_resource_status
    raise exceptions.VolumeResourceBuildErrorException(

    tempest.exceptions.VolumeResourceBuildErrorException: volume e3772ebc-7404-4ac5-a843-188f0e636775 failed to build and is in ERROR status


tempest.api.volume.admin.test_volume_type_access.VolumeTypesAccessTest.test_volume_type_access_add[id-d4dd0027-835f-4554-a6e5-50903fb79184]
-------------------------------------------------------------------------------------------------------------------------------------------

Captured traceback:
~~~~~~~~~~~~~~~~~~~
    Traceback (most recent call last):

      File "/opt/stack/tempest/tempest/api/volume/admin/test_volume_type_access.py", line 51, in test_volume_type_access_add
    volume = self.create_volume(volume_type=volume_type['id'])
             ^^^^^^^^^^^^^^^^^^^^^^^^^^^^^^^^^^^^^^^^^^^^^^^^^

      File "/opt/stack/tempest/tempest/api/volume/base.py", line 144, in create_volume
    waiters.wait_for_volume_resource_status(self.volumes_client,

      File "/opt/stack/tempest/tempest/common/waiters.py", line 379, in wait_for_volume_resource_status
    raise exceptions.VolumeResourceBuildErrorException(

    tempest.exceptions.VolumeResourceBuildErrorException: volume 1a62cba5-c6fd-40b7-a791-209a37983071 failed to build and is in ERROR status


Captured pythonlogging:
~~~~~~~~~~~~~~~~~~~~~~~
    2026-02-17 15:28:59,832 122996 INFO     [tempest.lib.common.rest_client] Request (VolumeTypesAccessTest:test_volume_type_access_add): 200 POST http://10.132.44.205/volume/v3/types 0.184s
2026-02-17 15:28:59,833 122996 DEBUG    [tempest.lib.common.rest_client] Request - Headers: {'Content-Type': 'application/json', 'Accept': 'application/json', 'X-Auth-Token': '<omitted>'}
        Body: {"volume_type": {"name": "tempest-VolumeTypesAccessTest-volume-type-1411012162", "os-volume-type-access:is_public": false}}
    Response - Headers: {'date': 'Tue, 17 Feb 2026 15:28:59 GMT', 'server': 'Apache/2.4.58 (Ubuntu)', 'content-type': 'application/json', 'x-compute-request-id': 'req-b8ef3608-d62f-4ae3-ae1e-f2f478df304a', 'content-length': '229', 'openstack-api-version': 'volume 3.0', 'vary': 'OpenStack-API-Version', 'x-openstack-request-id': 'req-b8ef3608-d62f-4ae3-ae1e-f2f478df304a', 'connection': 'close', 'status': '200', 'content-location': 'http://10.132.44.205/volume/v3/types'}
        Body: b'{"volume_type": {"id": "1abb2415-8ef3-4139-8910-de11c87d1d6c", "name": "tempest-VolumeTypesAccessTest-volume-type-1411012162", "is_public": false, "extra_specs": {}, "description": null, "os-volume-type-access:is_public": false}}'
2026-02-17 15:29:00,012 122996 INFO     [tempest.lib.common.rest_client] Request (VolumeTypesAccessTest:test_volume_type_access_add): 404 POST http://10.132.44.205/volume/v3/volumes 0.176s
2026-02-17 15:29:00,013 122996 DEBUG    [tempest.lib.common.rest_client] Request - Headers: {'Content-Type': 'application/json', 'Accept': 'application/json', 'X-Auth-Token': '<omitted>'}
        Body: {"volume": {"volume_type": "1abb2415-8ef3-4139-8910-de11c87d1d6c", "size": 1}}
    Response - Headers: {'date': 'Tue, 17 Feb 2026 15:28:59 GMT', 'server': 'Apache/2.4.58 (Ubuntu)', 'openstack-api-version': 'volume 3.0', 'vary': 'OpenStack-API-Version', 'content-length': '114', 'content-type': 'application/json', 'x-compute-request-id': 'req-a041c733-4201-43f0-96e6-5f620d8b0066', 'x-openstack-request-id': 'req-a041c733-4201-43f0-96e6-5f620d8b0066', 'connection': 'close', 'status': '404', 'content-location': 'http://10.132.44.205/volume/v3/volumes'}
        Body: b'{"itemNotFound": {"code": 404, "message": "Volume type 1abb2415-8ef3-4139-8910-de11c87d1d6c could not be found."}}'
2026-02-17 15:29:00,014 122996 WARNING  [tempest.lib.common.rest_client] Deprecated: "tenant_id" property is deprecated for removal, use "project_id" instead
2026-02-17 15:29:00,056 122996 INFO     [tempest.lib.common.rest_client] Request (VolumeTypesAccessTest:test_volume_type_access_add): 202 POST http://10.132.44.205/volume/v3/types/1abb2415-8ef3-4139-8910-de11c87d1d6c/action 0.042s
2026-02-17 15:29:00,057 122996 DEBUG    [tempest.lib.common.rest_client] Request - Headers: {'Content-Type': 'application/json', 'Accept': 'application/json', 'X-Auth-Token': '<omitted>'}
        Body: {"addProjectAccess": {"project": "8ee0e65996b749eb814d6a00932aec41"}}
    Response - Headers: {'date': 'Tue, 17 Feb 2026 15:29:00 GMT', 'server': 'Apache/2.4.58 (Ubuntu)', 'content-length': '0', 'content-type': 'text/html; charset=UTF-8', 'openstack-api-version': 'volume 3.0', 'vary': 'OpenStack-API-Version', 'x-openstack-request-id': 'req-7b3457dd-ef77-4fef-a64c-60c4b939beb5', 'connection': 'close', 'status': '202', 'content-location': 'http://10.132.44.205/volume/v3/types/1abb2415-8ef3-4139-8910-de11c87d1d6c/action'}
        Body: b''
2026-02-17 15:29:00,394 122996 INFO     [tempest.lib.common.rest_client] Request (VolumeTypesAccessTest:test_volume_type_access_add): 202 POST http://10.132.44.205/volume/v3/volumes 0.336s
2026-02-17 15:29:00,395 122996 DEBUG    [tempest.lib.common.rest_client] Request - Headers: {'Content-Type': 'application/json', 'Accept': 'application/json', 'X-Auth-Token': '<omitted>'}
        Body: {"volume": {"volume_type": "1abb2415-8ef3-4139-8910-de11c87d1d6c", "size": 1, "name": "tempest-VolumeTypesAccessTest-Volume-3810093"}}
    Response - Headers: {'date': 'Tue, 17 Feb 2026 15:29:00 GMT', 'server': 'Apache/2.4.58 (Ubuntu)', 'content-type': 'applica
    tion/json', 'x-compute-request-id': 'req-750151a2-bc0d-4e17-90ed-c800b30f8843', 'content-length': '797', 'openstack-api-version': 'volume 3.0', 'vary': 'OpenStack-API-Version', 'x-openstack-request-id': 'req-750151a2-bc0d-4e17-90ed-c800b30f8843', 'connection': 'close', 'status': '202', 'content-location': 'http://10.132.44.205/volume/v3/volumes'}
        Body: b'{"volume": {"id": "1a62cba5-c6fd-40b7-a791-209a37983071", "status": "creating", "size": 1, "availability_zone": "nova", "created_at": "2026-02-17T15:29:00.287029", "updated_at": null, "name": "tempest-VolumeTypesAccessTest-Volume-3810093", "description": null, "volume_type": "tempest-VolumeTypesAccessTest-volume-type-1411012162", "snapshot_id": null, "source_volid": null, "metadata": {}, "links": [{"rel": "self", "href": "http://10.132.44.205/volume/v3/volumes/1a62cba5-c6fd-40b7-a791-209a37983071"}, {"rel": "bookmark", "href": "http://10.132.44.205/volume/volumes/1a62cba5-c6fd-40b7-a791-209a37983071"}], "user_id": "a21f67e52b2e4896a9f43c4d7deac6fa", "bootable": "false", "encrypted": false, "replication_status": null, "consistencygroup_id": null, "multiattach": false, "attachments": []}}'
2026-02-17 15:29:00,467 122996 INFO     [tempest.lib.common.rest_client] Request (VolumeTypesAccessTest:test_volume_type_access_add): 200 GET http://10.132.44.205/volume/v3/volumes/1a62cba5-c6fd-40b7-a791-209a37983071 0.054s
2026-02-17 15:29:00,468 122996 DEBUG    [tempest.lib.common.rest_client] Request - Headers: {'Content-Type': 'application/json', 'Accept': 'application/json', 'X-Auth-Token': '<omitted>'}
        Body: None
    Response - Headers: {'date': 'Tue, 17 Feb 2026 15:29:00 GMT', 'server': 'Apache/2.4.58 (Ubuntu)', 'content-type': 'application/json', 'x-compute-request-id': 'req-954db477-9405-430f-9ff5-2c0f1b19aff2', 'content-length': '865', 'openstack-api-version': 'volume 3.0', 'vary': 'OpenStack-API-Version', 'x-openstack-request-id': 'req-954db477-9405-430f-9ff5-2c0f1b19aff2', 'connection': 'close', 'status': '200', 'content-location': 'http://10.132.44.205/volume/v3/volumes/1a62cba5-c6fd-40b7-a791-209a37983071'}
        Body: b'{"volume": {"id": "1a62cba5-c6fd-40b7-a791-209a37983071", "status": "creating", "size": 1, "availability_zone": "nova", "created_at": "2026-02-17T15:29:00.000000", "updated_at": null, "name": "tempest-VolumeTypesAccessTest-Volume-3810093", "description": null, "volume_type": "tempest-VolumeTypesAccessTest-volume-type-1411012162", "snapshot_id": null, "source_volid": null, "metadata": {}, "links": [{"rel": "self", "href": "http://10.132.44.205/volume/v3/volumes/1a62cba5-c6fd-40b7-a791-209a37983071"}, {"rel": "bookmark", "href": "http://10.132.44.205/volume/volumes/1a62cba5-c6fd-40b7-a791-209a37983071"}], "user_id": "a21f67e52b2e4896a9f43c4d7deac6fa", "bootable": "false", "encrypted": false, "replication_status": null, "consistencygroup_id": null, "multiattach": false, "attachments": [], "os-vol-tenant-attr:tenant_id": "8ee0e65996b749eb814d6a00932aec41"}}'
2026-02-17 15:29:01,549 122996 INFO     [tempest.lib.common.rest_client] Request (VolumeTypesAccessTest:test_volume_type_access_add): 200 GET http://10.132.44.205/volume/v3/volumes/1a62cba5-c6fd-40b7-a791-209a37983071 0.059s
2026-02-17 15:29:01,549 122996 DEBUG    [tempest.lib.common.rest_client] Request - Headers: {'Content-Type': 'application/json', 'Accept': 'application/json', 'X-Auth-Token': '<omitted>'}
        Body: None
    Response - Headers: {'date': 'Tue, 17 Feb 2026 15:29:01 GMT', 'server': 'Apache/2.4.58 (Ubuntu)', 'content-type': 'application/json', 'x-compute-request-id': 'req-43b305e3-85df-4d15-9f71-5247fbcd12da', 'content-length': '886', 'openstack-api-version': 'volume 3.0', 'vary': 'OpenStack-API-Version', 'x-openstack-request-id': 'req-43b305e3-85df-4d15-9f71-5247fbcd12da', 'connection': 'close', 'status': '200', 'content-location': 'http://10.132.44.205/volume/v3/volumes/1a62cba5-c6fd-40b7-a791-209a37983071'}
        Body: b'{"volume": {"id": "1a62cba5-c6fd-40b7-a791-209a37983071", "status": "error", "size": 1, "availability_zone": "nova", "created_at": "2026-02-17T15
    :29:00.000000", "updated_at": "2026-02-17T15:29:00.000000", "name": "tempest-VolumeTypesAccessTest-Volume-3810093", "description": null, "volume_type": "tempest-VolumeTypesAccessTest-volume-type-1411012162", "snapshot_id": null, "source_volid": null, "metadata": {}, "links": [{"rel": "self", "href": "http://10.132.44.205/volume/v3/volumes/1a62cba5-c6fd-40b7-a791-209a37983071"}, {"rel": "bookmark", "href": "http://10.132.44.205/volume/volumes/1a62cba5-c6fd-40b7-a791-209a37983071"}], "user_id": "a21f67e52b2e4896a9f43c4d7deac6fa", "bootable": "false", "encrypted": false, "replication_status": null, "consistencygroup_id": null, "multiattach": false, "attachments": [], "os-vol-tenant-attr:tenant_id": "8ee0e65996b749eb814d6a00932aec41"}}'
2026-02-17 15:29:01,626 122996 INFO     [tempest.lib.common.rest_client] Request (VolumeTypesAccessTest:_run_cleanups): 200 GET http://10.132.44.205/volume/v3/volumes/1a62cba5-c6fd-40b7-a791-209a37983071 0.058s
2026-02-17 15:29:01,626 122996 DEBUG    [tempest.lib.common.rest_client] Request - Headers: {'Content-Type': 'application/json', 'Accept': 'application/json', 'X-Auth-Token': '<omitted>'}
        Body: None
    Response - Headers: {'date': 'Tue, 17 Feb 2026 15:29:01 GMT', 'server': 'Apache/2.4.58 (Ubuntu)', 'content-type': 'application/json', 'x-compute-request-id': 'req-7cd4037c-87d8-45fd-b372-568fd672623b', 'content-length': '886', 'openstack-api-version': 'volume 3.0', 'vary': 'OpenStack-API-Version', 'x-openstack-request-id': 'req-7cd4037c-87d8-45fd-b372-568fd672623b', 'connection': 'close', 'status': '200', 'content-location': 'http://10.132.44.205/volume/v3/volumes/1a62cba5-c6fd-40b7-a791-209a37983071'}
        Body: b'{"volume": {"id": "1a62cba5-c6fd-40b7-a791-209a37983071", "status": "error", "size": 1, "availability_zone": "nova", "created_at": "2026-02-17T15:29:00.000000", "updated_at": "2026-02-17T15:29:00.000000", "name": "tempest-VolumeTypesAccessTest-Volume-3810093", "description": null, "volume_type": "tempest-VolumeTypesAccessTest-volume-type-1411012162", "snapshot_id": null, "source_volid": null, "metadata": {}, "links": [{"rel": "self", "href": "http://10.132.44.205/volume/v3/volumes/1a62cba5-c6fd-40b7-a791-209a37983071"}, {"rel": "bookmark", "href": "http://10.132.44.205/volume/volumes/1a62cba5-c6fd-40b7-a791-209a37983071"}], "user_id": "a21f67e52b2e4896a9f43c4d7deac6fa", "bootable": "false", "encrypted": false, "replication_status": null, "consistencygroup_id": null, "multiattach": false, "attachments": [], "os-vol-tenant-attr:tenant_id": "8ee0e65996b749eb814d6a00932aec41"}}'
2026-02-17 15:29:01,810 122996 INFO     [tempest.lib.common.rest_client] Request (VolumeTypesAccessTest:_run_cleanups): 202 DELETE http://10.132.44.205/volume/v3/volumes/1a62cba5-c6fd-40b7-a791-209a37983071 0.165s
2026-02-17 15:29:01,811 122996 DEBUG    [tempest.lib.common.rest_client] Request - Headers: {'Content-Type': 'application/json', 'Accept': 'application/json', 'X-Auth-Token': '<omitted>'}
        Body: None
    Response - Headers: {'date': 'Tue, 17 Feb 2026 15:29:01 GMT', 'server': 'Apache/2.4.58 (Ubuntu)', 'content-length': '0', 'content-type': 'text/html; charset=UTF-8', 'openstack-api-version': 'volume 3.0', 'vary': 'OpenStack-API-Version', 'x-openstack-request-id': 'req-83f9cb8f-5cc2-4787-b353-dca2a9aec099', 'connection': 'close', 'status': '202', 'content-location': 'http://10.132.44.205/volume/v3/volumes/1a62cba5-c6fd-40b7-a791-209a37983071'}
        Body: b''
2026-02-17 15:29:01,843 122996 INFO     [tempest.lib.common.rest_client] Request (VolumeTypesAccessTest:_run_cleanups): 404 GET http://10.132.44.205/volume/v3/volumes/1a62cba5-c6fd-40b7-a791-209a37983071 0.031s
2026-02-17 15:29:01,844 122996 DEBUG    [tempest.lib.common.rest_client] Request - Headers: {'Content-Type': 'application/json', 'Accept': 'application/json', 'X-Auth-Token': '<omitted>'}
        Body: None
    Response - Headers: {'date': 'Tue, 17 Feb 2026 15:29:01 GMT', 'server': 'Apache/2.4.58 (Ubuntu)', 'openstack-api-version': 'volume 3.0', 'vary': 'OpenStack-API-Version', 'content-length': '109', 'content-type
    ': 'application/json', 'x-compute-request-id': 'req-f7daf38e-01bd-446c-a70b-f36ba791f06b', 'x-openstack-request-id': 'req-f7daf38e-01bd-446c-a70b-f36ba791f06b', 'connection': 'close', 'status': '404', 'content-location': 'http://10.132.44.205/volume/v3/volumes/1a62cba5-c6fd-40b7-a791-209a37983071'}
        Body: b'{"itemNotFound": {"code": 404, "message": "Volume 1a62cba5-c6fd-40b7-a791-209a37983071 could not be found."}}'
2026-02-17 15:29:01,886 122996 INFO     [tempest.lib.common.rest_client] Request (VolumeTypesAccessTest:_run_cleanups): 202 POST http://10.132.44.205/volume/v3/types/1abb2415-8ef3-4139-8910-de11c87d1d6c/action 0.041s
2026-02-17 15:29:01,887 122996 DEBUG    [tempest.lib.common.rest_client] Request - Headers: {'Content-Type': 'application/json', 'Accept': 'application/json', 'X-Auth-Token': '<omitted>'}
        Body: {"removeProjectAccess": {"project": "8ee0e65996b749eb814d6a00932aec41"}}
    Response - Headers: {'date': 'Tue, 17 Feb 2026 15:29:01 GMT', 'server': 'Apache/2.4.58 (Ubuntu)', 'content-length': '0', 'content-type': 'text/html; charset=UTF-8', 'openstack-api-version': 'volume 3.0', 'vary': 'OpenStack-API-Version', 'x-openstack-request-id': 'req-4a5c47b8-8119-4cab-b172-6ade385d0570', 'connection': 'close', 'status': '202', 'content-location': 'http://10.132.44.205/volume/v3/types/1abb2415-8ef3-4139-8910-de11c87d1d6c/action'}
        Body: b''
2026-02-17 15:29:01,966 122996 INFO     [tempest.lib.common.rest_client] Request (VolumeTypesAccessTest:_run_cleanups): 202 DELETE http://10.132.44.205/volume/v3/types/1abb2415-8ef3-4139-8910-de11c87d1d6c 0.078s
2026-02-17 15:29:01,966 122996 DEBUG    [tempest.lib.common.rest_client] Request - Headers: {'Content-Type': 'application/json', 'Accept': 'application/json', 'X-Auth-Token': '<omitted>'}
        Body: None
    Response - Headers: {'date': 'Tue, 17 Feb 2026 15:29:01 GMT', 'server': 'Apache/2.4.58 (Ubuntu)', 'content-length': '0', 'content-type': 'text/html; charset=UTF-8', 'openstack-api-version': 'volume 3.0', 'vary': 'OpenStack-API-Version', 'x-openstack-request-id': 'req-03e0a49c-262d-40ce-8ca6-443c2867e3c0', 'connection': 'close', 'status': '202', 'content-location': 'http://10.132.44.205/volume/v3/types/1abb2415-8ef3-4139-8910-de11c87d1d6c'}
        Body: b''
2026-02-17 15:29:01,990 122996 INFO     [tempest.lib.common.rest_client] Request (VolumeTypesAccessTest:_run_cleanups): 404 GET http://10.132.44.205/volume/v3/types/1abb2415-8ef3-4139-8910-de11c87d1d6c 0.022s
2026-02-17 15:29:01,990 122996 DEBUG    [tempest.lib.common.rest_client] Request - Headers: {'Content-Type': 'application/json', 'Accept': 'application/json', 'X-Auth-Token': '<omitted>'}
        Body: None
    Response - Headers: {'date': 'Tue, 17 Feb 2026 15:29:01 GMT', 'server': 'Apache/2.4.58 (Ubuntu)', 'openstack-api-version': 'volume 3.0', 'vary': 'OpenStack-API-Version', 'content-length': '114', 'content-type': 'application/json', 'x-compute-request-id': 'req-6d000ec1-99d1-424c-aeb5-4b02fcdd8406', 'x-openstack-request-id': 'req-6d000ec1-99d1-424c-aeb5-4b02fcdd8406', 'connection': 'close', 'status': '404', 'content-location': 'http://10.132.44.205/volume/v3/types/1abb2415-8ef3-4139-8910-de11c87d1d6c'}
        Body: b'{"itemNotFound": {"code": 404, "message": "Volume type 1abb2415-8ef3-4139-8910-de11c87d1d6c could not be found."}}'


setUpClass (tempest.api.volume.admin.test_volumes_list.VolumesListAdminTestJSON)
--------------------------------------------------------------------------------

Captured traceback:
~~~~~~~~~~~~~~~~~~~
    Traceback (most recent call last):

      File "/opt/stack/tempest/tempest/test.py", line 185, in setUpClass
    raise value.with_traceback(trace)

      File "/opt/stack/tempest/tempest/test.py", line 178, in setUpClass
    cls.resource_setup()

      File "/opt/stack/tempest/tempest/api/volume/admin/test_volumes_list.py", line 37, in resource_setup
    volume = cls.create_volume()
             ^^^^^^^^^^^^^^^^^^^

      File "/opt/stack/tempest/tempest/api/volume/base.py", line 144, in create_volume
    waiters.wait_for_volume_resource_status(self.volumes_client,

      File "/opt/stack/tempest/tempest/common/waiters.py", line 379, in wait_for_volume_resource_status
    raise exceptions.VolumeResourceBuildErrorException(

    tempest.exceptions.VolumeResourceBuildErrorException: volume 8cfbc309-da9a-4237-9613-cc02adaebe0e failed to build and is in ERROR status


setUpClass (tempest.api.volume.test_snapshot_metadata.SnapshotMetadataTestJSON)
-------------------------------------------------------------------------------

Captured traceback:
~~~~~~~~~~~~~~~~~~~
    Traceback (most recent call last):

      File "/opt/stack/tempest/tempest/test.py", line 185, in setUpClass
    raise value.with_traceback(trace)

      File "/opt/stack/tempest/tempest/test.py", line 178, in setUpClass
    cls.resource_setup()

      File "/opt/stack/tempest/tempest/api/volume/test_snapshot_metadata.py", line 38, in resource_setup
    cls.volume = cls.create_volume()
                 ^^^^^^^^^^^^^^^^^^^

      File "/opt/stack/tempest/tempest/api/volume/base.py", line 144, in create_volume
    waiters.wait_for_volume_resource_status(self.volumes_client,

      File "/opt/stack/tempest/tempest/common/waiters.py", line 379, in wait_for_volume_resource_status
    raise exceptions.VolumeResourceBuildErrorException(

    tempest.exceptions.VolumeResourceBuildErrorException: volume 601e415b-4876-428c-8fe7-c851454c41f8 failed to build and is in ERROR status


setUpClass (tempest.api.volume.test_volume_absolute_limits.AbsoluteLimitsTests)
-------------------------------------------------------------------------------

Captured traceback:
~~~~~~~~~~~~~~~~~~~
    Traceback (most recent call last):

      File "/opt/stack/tempest/tempest/test.py", line 185, in setUpClass
    raise value.with_traceback(trace)

      File "/opt/stack/tempest/tempest/test.py", line 178, in setUpClass
    cls.resource_setup()

      File "/opt/stack/tempest/tempest/api/volume/test_volume_absolute_limits.py", line 37, in resource_setup
    cls.volume = cls.create_volume()
                 ^^^^^^^^^^^^^^^^^^^

      File "/opt/stack/tempest/tempest/api/volume/base.py", line 144, in create_volume
    waiters.wait_for_volume_resource_status(self.volumes_client,

      File "/opt/stack/tempest/tempest/common/waiters.py", line 379, in wait_for_volume_resource_status
    raise exceptions.VolumeResourceBuildErrorException(

    tempest.exceptions.VolumeResourceBuildErrorException: volume 5c11d4e7-cef1-4730-8d0b-8ff348d7864c failed to build and is in ERROR status


tempest.api.volume.test_volume_delete_cascade.VolumesDeleteCascade.test_volume_delete_cascade[id-994e2d40-de37-46e8-b328-a58fba7e4a95]
--------------------------------------------------------------------------------------------------------------------------------------

Captured traceback:
~~~~~~~~~~~~~~~~~~~
    Traceback (most recent call last):

      File "/opt/stack/tempest/tempest/api/volume/test_volume_delete_cascade.py", line 68, in test_volume_delete_cascade
    volume = self.create_volume()
             ^^^^^^^^^^^^^^^^^^^^

      File "/opt/stack/tempest/tempest/api/volume/base.py", line 144, in create_volume
    waiters.wait_for_volume_resource_status(self.volumes_client,

      File "/opt/stack/tempest/tempest/common/waiters.py", line 379, in wait_for_volume_resource_status
    raise exceptions.VolumeResourceBuildErrorException(

    tempest.exceptions.VolumeResourceBuildErrorException: volume 376e95fd-f21a-4f56-a33c-7b1d3bf12b52 failed to build and is in ERROR status


Captured pythonlogging:
~~~~~~~~~~~~~~~~~~~~~~~
    2026-02-17 15:29:53,977 122996 INFO     [tempest.lib.common.rest_client] Request (VolumesDeleteCascade:test_volume_delete_cascade): 202 POST http://10.132.44.205/volume/v3/volumes 0.475s
2026-02-17 15:29:53,978 122996 DEBUG    [tempest.lib.common.rest_client] Request - Headers: {'Content-Type': 'application/json', 'Accept': 'application/json', 'X-Auth-Token': '<omitted>'}
        Body: {"volume": {"size": 1, "name": "tempest-VolumesDeleteCascade-Volume-844896131"}}
    Response - Headers: {'date': 'Tue, 17 Feb 2026 15:29:53 GMT', 'server': 'Apache/2.4.58 (Ubuntu)', 'content-type': 'application/json', 'x-compute-request-id': 'req-c18e18fa-1c3a-4eca-bc66-5b702d9f9ec1', 'content-length': '754', 'openstack-api-version': 'volume 3.0', 'vary': 'OpenStack-API-Version', 'x-openstack-request-id': 'req-c18e18fa-1c3a-4eca-bc66-5b702d9f9ec1', 'connection': 'close', 'status': '202', 'content-location': 'http://10.132.44.205/volume/v3/volumes'}
        Body: b'{"volume": {"id": "376e95fd-f21a-4f56-a33c-7b1d3bf12b52", "status": "creating", "size": 1, "availability_zone": "nova", "created_at": "2026-02-17T15:29:53.871537", "updated_at": null, "name": "tempest-VolumesDeleteCascade-Volume-844896131", "description": null, "volume_type": "nvmetcp1", "snapshot_id": null, "source_volid": null, "metadata": {}, "links": [{"rel": "self", "href": "http://10.132.44.205/volume/v3/volumes/376e95fd-f21a-4f56-a33c-7b1d3bf12b52"}, {"rel": "bookmark", "href": "http://10.132.44.205/volume/volumes/376e95fd-f21a-4f56-a33c-7b1d3bf12b52"}], "user_id": "777218e2194b40788445f4fd5818d337", "bootable": "false", "encrypted": false, "replication_status": null, "consistencygroup_id": null, "multiattach": false, "attachments": []}}'
2026-02-17 15:29:54,041 122996 INFO     [tempest.lib.common.rest_client] Request (VolumesDeleteCascade:test_volume_delete_cascade): 200 GET http://10.132.44.205/volume/v3/volumes/376e95fd-f21a-4f56-a33c-7b1d3bf12b52 0.042s
2026-02-17 15:29:54,041 122996 DEBUG    [tempest.lib.common.rest_client] Request - Headers: {'Content-Type': 'application/json', 'Accept': 'application/json', 'X-Auth-Token': '<omitted>'}
        Body: None
    Response - Headers: {'date': 'Tue, 17 Feb 2026 15:29:54 GMT', 'server': 'Apache/2.4.58 (Ubuntu)', 'content-type': 'application/json', 'x-compute-request-id': 'req-a39f351e-3ebd-4659-be91-7c4f6bd847e7', 'content-length': '822', 'openstack-api-version': 'volume 3.0', 'vary': 'OpenStack-API-Version', 'x-openstack-request-id': 'req-a39f351e-3ebd-4659-be91-7c4f6bd847e7', 'connection': 'close', 'status': '200', 'content-location': 'http://10.132.44.205/volume/v3/volumes/376e95fd-f21a-4f56-a33c-7b1d3bf12b52'}
        Body: b'{"volume": {"id": "376e95fd-f21a-4f56-a33c-7b1d3bf12b52", "status": "creating", "size": 1, "availability_zone": "nova", "created_at": "2026-02-17T15:29:54.000000", "updated_at": null, "name": "tempest-VolumesDeleteCascade-Volume-844896131", "description": null, "volume_type": "nvmetcp1", "snapshot_id": null, "source_volid": null, "metadata": {}, "links": [{"rel": "self", "href": "http://10.132.44.205/volume/v3/volumes/376e95fd-f21a-4f56-a33c-7b1d3bf12b52"}, {"rel": "bookmark", "href": "http://10.132.44.205/volume/volumes/376e95fd-f21a-4f56-a33c-7b1d3bf12b52"}], "user_id": "777218e2194b40788445f4fd5818d337", "bootable": "false", "encrypted": false, "replication_status": null, "consistencygroup_id": null, "multiattach": false, "attachments": [], "os-vol-tenant-attr:tenant_id": "ecb829f1ecf84885bad5cdc7d91c05cc"}}'
2026-02-17 15:29:55,111 122996 INFO     [tempest.lib.common.rest_client] Request (VolumesDeleteCascade:test_volume_delete_cascade): 200 GET http://10.132.44.205/volume/v3/volumes/376e95fd-f21a-4f56-a33c-7b1d3bf12b52 0.058s
2026-02-17 15:29:55,112 122996 DEBUG    [tempest.lib.common.rest_client] Request - Headers: {'Content-Type': 'application/json', 'Accept': 'application/json', 'X-Auth-Token': '<omitted>'}
        Body: None
    Response - Headers: {'date': 'Tue, 17 Feb 2026 15:29:55 GMT', 'server': 'Apache/2.4.58 (Ubuntu)', 'content-type': 'application/json', 'x-compute-request-id': 'req-
    4add4930-b942-4660-95be-3aeb963eea41', 'content-length': '843', 'openstack-api-version': 'volume 3.0', 'vary': 'OpenStack-API-Version', 'x-openstack-request-id': 'req-4add4930-b942-4660-95be-3aeb963eea41', 'connection': 'close', 'status': '200', 'content-location': 'http://10.132.44.205/volume/v3/volumes/376e95fd-f21a-4f56-a33c-7b1d3bf12b52'}
        Body: b'{"volume": {"id": "376e95fd-f21a-4f56-a33c-7b1d3bf12b52", "status": "error", "size": 1, "availability_zone": "nova", "created_at": "2026-02-17T15:29:54.000000", "updated_at": "2026-02-17T15:29:54.000000", "name": "tempest-VolumesDeleteCascade-Volume-844896131", "description": null, "volume_type": "nvmetcp1", "snapshot_id": null, "source_volid": null, "metadata": {}, "links": [{"rel": "self", "href": "http://10.132.44.205/volume/v3/volumes/376e95fd-f21a-4f56-a33c-7b1d3bf12b52"}, {"rel": "bookmark", "href": "http://10.132.44.205/volume/volumes/376e95fd-f21a-4f56-a33c-7b1d3bf12b52"}], "user_id": "777218e2194b40788445f4fd5818d337", "bootable": "false", "encrypted": false, "replication_status": null, "consistencygroup_id": null, "multiattach": false, "attachments": [], "os-vol-tenant-attr:tenant_id": "ecb829f1ecf84885bad5cdc7d91c05cc"}}'
2026-02-17 15:29:55,185 122996 INFO     [tempest.lib.common.rest_client] Request (VolumesDeleteCascade:_run_cleanups): 200 GET http://10.132.44.205/volume/v3/volumes/376e95fd-f21a-4f56-a33c-7b1d3bf12b52 0.055s
2026-02-17 15:29:55,186 122996 DEBUG    [tempest.lib.common.rest_client] Request - Headers: {'Content-Type': 'application/json', 'Accept': 'application/json', 'X-Auth-Token': '<omitted>'}
        Body: None
    Response - Headers: {'date': 'Tue, 17 Feb 2026 15:29:55 GMT', 'server': 'Apache/2.4.58 (Ubuntu)', 'content-type': 'application/json', 'x-compute-request-id': 'req-5ea8bae4-276f-4d0b-902a-7a930f88ec91', 'content-length': '843', 'openstack-api-version': 'volume 3.0', 'vary': 'OpenStack-API-Version', 'x-openstack-request-id': 'req-5ea8bae4-276f-4d0b-902a-7a930f88ec91', 'connection': 'close', 'status': '200', 'content-location': 'http://10.132.44.205/volume/v3/volumes/376e95fd-f21a-4f56-a33c-7b1d3bf12b52'}
        Body: b'{"volume": {"id": "376e95fd-f21a-4f56-a33c-7b1d3bf12b52", "status": "error", "size": 1, "availability_zone": "nova", "created_at": "2026-02-17T15:29:54.000000", "updated_at": "2026-02-17T15:29:54.000000", "name": "tempest-VolumesDeleteCascade-Volume-844896131", "description": null, "volume_type": "nvmetcp1", "snapshot_id": null, "source_volid": null, "metadata": {}, "links": [{"rel": "self", "href": "http://10.132.44.205/volume/v3/volumes/376e95fd-f21a-4f56-a33c-7b1d3bf12b52"}, {"rel": "bookmark", "href": "http://10.132.44.205/volume/volumes/376e95fd-f21a-4f56-a33c-7b1d3bf12b52"}], "user_id": "777218e2194b40788445f4fd5818d337", "bootable": "false", "encrypted": false, "replication_status": null, "consistencygroup_id": null, "multiattach": false, "attachments": [], "os-vol-tenant-attr:tenant_id": "ecb829f1ecf84885bad5cdc7d91c05cc"}}'
2026-02-17 15:29:55,364 122996 INFO     [tempest.lib.common.rest_client] Request (VolumesDeleteCascade:_run_cleanups): 202 DELETE http://10.132.44.205/volume/v3/volumes/376e95fd-f21a-4f56-a33c-7b1d3bf12b52 0.162s
2026-02-17 15:29:55,365 122996 DEBUG    [tempest.lib.common.rest_client] Request - Headers: {'Content-Type': 'application/json', 'Accept': 'application/json', 'X-Auth-Token': '<omitted>'}
        Body: None
    Response - Headers: {'date': 'Tue, 17 Feb 2026 15:29:55 GMT', 'server': 'Apache/2.4.58 (Ubuntu)', 'content-length': '0', 'content-type': 'text/html; charset=UTF-8', 'openstack-api-version': 'volume 3.0', 'vary': 'OpenStack-API-Version', 'x-openstack-request-id': 'req-ff716cfa-ae1d-4455-b215-05bfbc1897ca', 'connection': 'close', 'status': '202', 'content-location': 'http://10.132.44.205/volume/v3/volumes/376e95fd-f21a-4f56-a33c-7b1d3bf12b52'}
        Body: b''
2026-02-17 15:29:55,396 122996 INFO     [tempest.lib.common.rest_client] Request (VolumesDeleteCascade:_run_cleanups): 404 GET http://10.132.44.205/volume/v3/volumes/376e95fd-f21a-4f56-a33c-7b1d3bf12b52 0.030s
20
    26-02-17 15:29:55,396 122996 DEBUG    [tempest.lib.common.rest_client] Request - Headers: {'Content-Type': 'application/json', 'Accept': 'application/json', 'X-Auth-Token': '<omitted>'}
        Body: None
    Response - Headers: {'date': 'Tue, 17 Feb 2026 15:29:55 GMT', 'server': 'Apache/2.4.58 (Ubuntu)', 'openstack-api-version': 'volume 3.0', 'vary': 'OpenStack-API-Version', 'content-length': '109', 'content-type': 'application/json', 'x-compute-request-id': 'req-c7b1606a-aff5-4d31-a9b5-13aeff1e1cb1', 'x-openstack-request-id': 'req-c7b1606a-aff5-4d31-a9b5-13aeff1e1cb1', 'connection': 'close', 'status': '404', 'content-location': 'http://10.132.44.205/volume/v3/volumes/376e95fd-f21a-4f56-a33c-7b1d3bf12b52'}
        Body: b'{"itemNotFound": {"code": 404, "message": "Volume 376e95fd-f21a-4f56-a33c-7b1d3bf12b52 could not be found."}}'


tempest.api.volume.test_volume_delete_cascade.VolumesDeleteCascade.test_volume_from_snapshot_cascade_delete[id-59a77ede-609b-4ee8-9f68-fc3c6ffe97b5]
----------------------------------------------------------------------------------------------------------------------------------------------------

Captured traceback:
~~~~~~~~~~~~~~~~~~~
    Traceback (most recent call last):

      File "/opt/stack/tempest/tempest/api/volume/test_volume_delete_cascade.py", line 93, in test_volume_from_snapshot_cascade_delete
    volume = self.create_volume()
             ^^^^^^^^^^^^^^^^^^^^

      File "/opt/stack/tempest/tempest/api/volume/base.py", line 144, in create_volume
    waiters.wait_for_volume_resource_status(self.volumes_client,

      File "/opt/stack/tempest/tempest/common/waiters.py", line 379, in wait_for_volume_resource_status
    raise exceptions.VolumeResourceBuildErrorException(

    tempest.exceptions.VolumeResourceBuildErrorException: volume a0abe43c-6923-4ae7-a6e2-d5767b63ab51 failed to build and is in ERROR status


Captured pythonlogging:
~~~~~~~~~~~~~~~~~~~~~~~
    2026-02-17 15:29:55,674 122996 INFO     [tempest.lib.common.rest_client] Request (VolumesDeleteCascade:test_volume_from_snapshot_cascade_delete): 202 POST http://10.132.44.205/volume/v3/volumes 0.273s
2026-02-17 15:29:55,675 122996 DEBUG    [tempest.lib.common.rest_client] Request - Headers: {'Content-Type': 'application/json', 'Accept': 'application/json', 'X-Auth-Token': '<omitted>'}
        Body: {"volume": {"size": 1, "name": "tempest-VolumesDeleteCascade-Volume-1978814917"}}
    Response - Headers: {'date': 'Tue, 17 Feb 2026 15:29:55 GMT', 'server': 'Apache/2.4.58 (Ubuntu)', 'content-type': 'application/json', 'x-compute-request-id': 'req-5401d626-abb1-430b-ac03-03906d46d369', 'content-length': '755', 'openstack-api-version': 'volume 3.0', 'vary': 'OpenStack-API-Version', 'x-openstack-request-id': 'req-5401d626-abb1-430b-ac03-03906d46d369', 'connection': 'close', 'status': '202', 'content-location': 'http://10.132.44.205/volume/v3/volumes'}
        Body: b'{"volume": {"id": "a0abe43c-6923-4ae7-a6e2-d5767b63ab51", "status": "creating", "size": 1, "availability_zone": "nova", "created_at": "2026-02-17T15:29:55.592461", "updated_at": null, "name": "tempest-VolumesDeleteCascade-Volume-1978814917", "description": null, "volume_type": "nvmetcp1", "snapshot_id": null, "source_volid": null, "metadata": {}, "links": [{"rel": "self", "href": "http://10.132.44.205/volume/v3/volumes/a0abe43c-6923-4ae7-a6e2-d5767b63ab51"}, {"rel": "bookmark", "href": "http://10.132.44.205/volume/volumes/a0abe43c-6923-4ae7-a6e2-d5767b63ab51"}], "user_id": "777218e2194b40788445f4fd5818d337", "bootable": "false", "encrypted": false, "replication_status": null, "consistencygroup_id": null, "multiattach": false, "attachments": []}}'
2026-02-17 15:29:55,749 122996 INFO     [tempest.lib.common.rest_client] Request (VolumesDeleteCascade:test_volume_from_snapshot_cascade_delete): 200 GET http://10.132.44.205/volume/v3/volumes/a0abe43c-6923-4ae7-a6e2-d5767b63ab51 0.058s
2026-02-17 15:29:55,750 122996 DEBUG    [tempest.lib.common.rest_client] Request - Headers: {'Content-Type': 'application/json', 'Accept': 'application/json', 'X-Auth-Token': '<omitted>'}
        Body: None
    Response - Headers: {'date': 'Tue, 17 Feb 2026 15:29:55 GMT', 'server': 'Apache/2.4.58 (Ubuntu)', 'content-type': 'application/json', 'x-compute-request-id': 'req-ff94ce5f-35e3-4397-8662-45e453b91682', 'content-length': '823', 'openstack-api-version': 'volume 3.0', 'vary': 'OpenStack-API-Version', 'x-openstack-request-id': 'req-ff94ce5f-35e3-4397-8662-45e453b91682', 'connection': 'close', 'status': '200', 'content-location': 'http://10.132.44.205/volume/v3/volumes/a0abe43c-6923-4ae7-a6e2-d5767b63ab51'}
        Body: b'{"volume": {"id": "a0abe43c-6923-4ae7-a6e2-d5767b63ab51", "status": "creating", "size": 1, "availability_zone": "nova", "created_at": "2026-02-17T15:29:56.000000", "updated_at": null, "name": "tempest-VolumesDeleteCascade-Volume-1978814917", "description": null, "volume_type": "nvmetcp1", "snapshot_id": null, "source_volid": null, "metadata": {}, "links": [{"rel": "self", "href": "http://10.132.44.205/volume/v3/volumes/a0abe43c-6923-4ae7-a6e2-d5767b63ab51"}, {"rel": "bookmark", "href": "http://10.132.44.205/volume/volumes/a0abe43c-6923-4ae7-a6e2-d5767b63ab51"}], "user_id": "777218e2194b40788445f4fd5818d337", "bootable": "false", "encrypted": false, "replication_status": null, "consistencygroup_id": null, "multiattach": false, "attachments": [], "os-vol-tenant-attr:tenant_id": "ecb829f1ecf84885bad5cdc7d91c05cc"}}'
2026-02-17 15:29:56,823 122996 INFO     [tempest.lib.common.rest_client] Request (VolumesDeleteCascade:test_volume_from_snapshot_cascade_delete): 200 GET http://10.132.44.205/volume/v3/volumes/a0abe43c-6923-4ae7-a6e2-d5767b63ab51 0.059s
2026-02-17 15:29:56,824 122996 DEBUG    [tempest.lib.common.rest_client] Request - Headers: {'Content-Type': 'application/json', 'Accept': 'application/json', 'X-Auth-Token': '<omitted>'}
        Body: None
    Response - Headers: {'date': 'Tue, 17 Feb 2026 15:29:56 GMT', 'server': 'Apache/2.4.58 (Ubuntu)', 'content-type': 'app
    lication/json', 'x-compute-request-id': 'req-6d633ab4-00ce-47c4-9c93-b77e33f5d2ea', 'content-length': '844', 'openstack-api-version': 'volume 3.0', 'vary': 'OpenStack-API-Version', 'x-openstack-request-id': 'req-6d633ab4-00ce-47c4-9c93-b77e33f5d2ea', 'connection': 'close', 'status': '200', 'content-location': 'http://10.132.44.205/volume/v3/volumes/a0abe43c-6923-4ae7-a6e2-d5767b63ab51'}
        Body: b'{"volume": {"id": "a0abe43c-6923-4ae7-a6e2-d5767b63ab51", "status": "error", "size": 1, "availability_zone": "nova", "created_at": "2026-02-17T15:29:56.000000", "updated_at": "2026-02-17T15:29:56.000000", "name": "tempest-VolumesDeleteCascade-Volume-1978814917", "description": null, "volume_type": "nvmetcp1", "snapshot_id": null, "source_volid": null, "metadata": {}, "links": [{"rel": "self", "href": "http://10.132.44.205/volume/v3/volumes/a0abe43c-6923-4ae7-a6e2-d5767b63ab51"}, {"rel": "bookmark", "href": "http://10.132.44.205/volume/volumes/a0abe43c-6923-4ae7-a6e2-d5767b63ab51"}], "user_id": "777218e2194b40788445f4fd5818d337", "bootable": "false", "encrypted": false, "replication_status": null, "consistencygroup_id": null, "multiattach": false, "attachments": [], "os-vol-tenant-attr:tenant_id": "ecb829f1ecf84885bad5cdc7d91c05cc"}}'
2026-02-17 15:29:56,897 122996 INFO     [tempest.lib.common.rest_client] Request (VolumesDeleteCascade:_run_cleanups): 200 GET http://10.132.44.205/volume/v3/volumes/a0abe43c-6923-4ae7-a6e2-d5767b63ab51 0.055s
2026-02-17 15:29:56,897 122996 DEBUG    [tempest.lib.common.rest_client] Request - Headers: {'Content-Type': 'application/json', 'Accept': 'application/json', 'X-Auth-Token': '<omitted>'}
        Body: None
    Response - Headers: {'date': 'Tue, 17 Feb 2026 15:29:56 GMT', 'server': 'Apache/2.4.58 (Ubuntu)', 'content-type': 'application/json', 'x-compute-request-id': 'req-31fb9181-97e7-4ae2-83f6-9d06aa166a35', 'content-length': '844', 'openstack-api-version': 'volume 3.0', 'vary': 'OpenStack-API-Version', 'x-openstack-request-id': 'req-31fb9181-97e7-4ae2-83f6-9d06aa166a35', 'connection': 'close', 'status': '200', 'content-location': 'http://10.132.44.205/volume/v3/volumes/a0abe43c-6923-4ae7-a6e2-d5767b63ab51'}
        Body: b'{"volume": {"id": "a0abe43c-6923-4ae7-a6e2-d5767b63ab51", "status": "error", "size": 1, "availability_zone": "nova", "created_at": "2026-02-17T15:29:56.000000", "updated_at": "2026-02-17T15:29:56.000000", "name": "tempest-VolumesDeleteCascade-Volume-1978814917", "description": null, "volume_type": "nvmetcp1", "snapshot_id": null, "source_volid": null, "metadata": {}, "links": [{"rel": "self", "href": "http://10.132.44.205/volume/v3/volumes/a0abe43c-6923-4ae7-a6e2-d5767b63ab51"}, {"rel": "bookmark", "href": "http://10.132.44.205/volume/volumes/a0abe43c-6923-4ae7-a6e2-d5767b63ab51"}], "user_id": "777218e2194b40788445f4fd5818d337", "bootable": "false", "encrypted": false, "replication_status": null, "consistencygroup_id": null, "multiattach": false, "attachments": [], "os-vol-tenant-attr:tenant_id": "ecb829f1ecf84885bad5cdc7d91c05cc"}}'
2026-02-17 15:29:57,073 122996 INFO     [tempest.lib.common.rest_client] Request (VolumesDeleteCascade:_run_cleanups): 202 DELETE http://10.132.44.205/volume/v3/volumes/a0abe43c-6923-4ae7-a6e2-d5767b63ab51 0.163s
2026-02-17 15:29:57,074 122996 DEBUG    [tempest.lib.common.rest_client] Request - Headers: {'Content-Type': 'application/json', 'Accept': 'application/json', 'X-Auth-Token': '<omitted>'}
        Body: None
    Response - Headers: {'date': 'Tue, 17 Feb 2026 15:29:56 GMT', 'server': 'Apache/2.4.58 (Ubuntu)', 'content-length': '0', 'content-type': 'text/html; charset=UTF-8', 'openstack-api-version': 'volume 3.0', 'vary': 'OpenStack-API-Version', 'x-openstack-request-id': 'req-20a4b565-5efa-46b5-b7ef-074e0dead4b4', 'connection': 'close', 'status': '202', 'content-location': 'http://10.132.44.205/volume/v3/volumes/a0abe43c-6923-4ae7-a6e2-d5767b63ab51'}
        Body: b''
2026-02-17 15:29:57,106 122996 INFO     [tempest.lib.common.rest_client] Request (VolumesDeleteCascade:_run_cleanups): 404 GET http://10.132.44.205/volume/v3/volumes
    /a0abe43c-6923-4ae7-a6e2-d5767b63ab51 0.031s
2026-02-17 15:29:57,106 122996 DEBUG    [tempest.lib.common.rest_client] Request - Headers: {'Content-Type': 'application/json', 'Accept': 'application/json', 'X-Auth-Token': '<omitted>'}
        Body: None
    Response - Headers: {'date': 'Tue, 17 Feb 2026 15:29:57 GMT', 'server': 'Apache/2.4.58 (Ubuntu)', 'openstack-api-version': 'volume 3.0', 'vary': 'OpenStack-API-Version', 'content-length': '109', 'content-type': 'application/json', 'x-compute-request-id': 'req-41723755-1ff9-47e9-ac1b-715e505855f1', 'x-openstack-request-id': 'req-41723755-1ff9-47e9-ac1b-715e505855f1', 'connection': 'close', 'status': '404', 'content-location': 'http://10.132.44.205/volume/v3/volumes/a0abe43c-6923-4ae7-a6e2-d5767b63ab51'}
        Body: b'{"itemNotFound": {"code": 404, "message": "Volume a0abe43c-6923-4ae7-a6e2-d5767b63ab51 could not be found."}}'


setUpClass (tempest.api.volume.test_volume_metadata.VolumesMetadataTest)
------------------------------------------------------------------------

Captured traceback:
~~~~~~~~~~~~~~~~~~~
    Traceback (most recent call last):

      File "/opt/stack/tempest/tempest/test.py", line 185, in setUpClass
    raise value.with_traceback(trace)

      File "/opt/stack/tempest/tempest/test.py", line 178, in setUpClass
    cls.resource_setup()

      File "/opt/stack/tempest/tempest/api/volume/test_volume_metadata.py", line 29, in resource_setup
    cls.volume = cls.create_volume()
                 ^^^^^^^^^^^^^^^^^^^

      File "/opt/stack/tempest/tempest/api/volume/base.py", line 144, in create_volume
    waiters.wait_for_volume_resource_status(self.volumes_client,

      File "/opt/stack/tempest/tempest/common/waiters.py", line 379, in wait_for_volume_resource_status
    raise exceptions.VolumeResourceBuildErrorException(

    tempest.exceptions.VolumeResourceBuildErrorException: volume 2e9af37d-3906-45f2-a072-430991c8aba0 failed to build and is in ERROR status


tempest.api.volume.test_volume_transfers.VolumesTransfersTest.test_create_get_list_accept_volume_transfer[id-4d75b645-a478-48b1-97c8-503f64242f1a]
--------------------------------------------------------------------------------------------------------------------------------------------------

Captured traceback:
~~~~~~~~~~~~~~~~~~~
    Traceback (most recent call last):

      File "/opt/stack/tempest/tempest/api/volume/test_volume_transfers.py", line 40, in test_create_get_list_accept_volume_transfer
    volume = self.create_volume()
             ^^^^^^^^^^^^^^^^^^^^

      File "/opt/stack/tempest/tempest/api/volume/base.py", line 144, in create_volume
    waiters.wait_for_volume_resource_status(self.volumes_client,

      File "/opt/stack/tempest/tempest/common/waiters.py", line 379, in wait_for_volume_resource_status
    raise exceptions.VolumeResourceBuildErrorException(

    tempest.exceptions.VolumeResourceBuildErrorException: volume d5abb15a-e08e-4c0a-8096-2857099dcfce failed to build and is in ERROR status


Captured pythonlogging:
~~~~~~~~~~~~~~~~~~~~~~~
    2026-02-17 15:30:06,418 122996 INFO     [tempest.lib.common.rest_client] Request (VolumesTransfersTest:test_create_get_list_accept_volume_transfer): 202 POST http://10.132.44.205/volume/v3/volumes 0.522s
2026-02-17 15:30:06,418 122996 DEBUG    [tempest.lib.common.rest_client] Request - Headers: {'Content-Type': 'application/json', 'Accept': 'application/json', 'X-Auth-Token': '<omitted>'}
        Body: {"volume": {"size": 1, "name": "tempest-VolumesTransfersTest-Volume-701161849"}}
    Response - Headers: {'date': 'Tue, 17 Feb 2026 15:30:05 GMT', 'server': 'Apache/2.4.58 (Ubuntu)', 'content-type': 'application/json', 'x-compute-request-id': 'req-3551034d-920a-4943-9227-4de64dac2be7', 'content-length': '754', 'openstack-api-version': 'volume 3.0', 'vary': 'OpenStack-API-Version', 'x-openstack-request-id': 'req-3551034d-920a-4943-9227-4de64dac2be7', 'connection': 'close', 'status': '202', 'content-location': 'http://10.132.44.205/volume/v3/volumes'}
        Body: b'{"volume": {"id": "d5abb15a-e08e-4c0a-8096-2857099dcfce", "status": "creating", "size": 1, "availability_zone": "nova", "created_at": "2026-02-17T15:30:06.341862", "updated_at": null, "name": "tempest-VolumesTransfersTest-Volume-701161849", "description": null, "volume_type": "nvmetcp1", "snapshot_id": null, "source_volid": null, "metadata": {}, "links": [{"rel": "self", "href": "http://10.132.44.205/volume/v3/volumes/d5abb15a-e08e-4c0a-8096-2857099dcfce"}, {"rel": "bookmark", "href": "http://10.132.44.205/volume/volumes/d5abb15a-e08e-4c0a-8096-2857099dcfce"}], "user_id": "aee52e99e01048f5aff5acc5dc41331a", "bootable": "false", "encrypted": false, "replication_status": null, "consistencygroup_id": null, "multiattach": false, "attachments": []}}'
2026-02-17 15:30:06,488 122996 INFO     [tempest.lib.common.rest_client] Request (VolumesTransfersTest:test_create_get_list_accept_volume_transfer): 200 GET http://10.132.44.205/volume/v3/volumes/d5abb15a-e08e-4c0a-8096-2857099dcfce 0.052s
2026-02-17 15:30:06,489 122996 DEBUG    [tempest.lib.common.rest_client] Request - Headers: {'Content-Type': 'application/json', 'Accept': 'application/json', 'X-Auth-Token': '<omitted>'}
        Body: None
    Response - Headers: {'date': 'Tue, 17 Feb 2026 15:30:06 GMT', 'server': 'Apache/2.4.58 (Ubuntu)', 'content-type': 'application/json', 'x-compute-request-id': 'req-898233e4-6d2b-4c71-bb4c-62936de7438d', 'content-length': '822', 'openstack-api-version': 'volume 3.0', 'vary': 'OpenStack-API-Version', 'x-openstack-request-id': 'req-898233e4-6d2b-4c71-bb4c-62936de7438d', 'connection': 'close', 'status': '200', 'content-location': 'http://10.132.44.205/volume/v3/volumes/d5abb15a-e08e-4c0a-8096-2857099dcfce'}
        Body: b'{"volume": {"id": "d5abb15a-e08e-4c0a-8096-2857099dcfce", "status": "creating", "size": 1, "availability_zone": "nova", "created_at": "2026-02-17T15:30:06.000000", "updated_at": null, "name": "tempest-VolumesTransfersTest-Volume-701161849", "description": null, "volume_type": "nvmetcp1", "snapshot_id": null, "source_volid": null, "metadata": {}, "links": [{"rel": "self", "href": "http://10.132.44.205/volume/v3/volumes/d5abb15a-e08e-4c0a-8096-2857099dcfce"}, {"rel": "bookmark", "href": "http://10.132.44.205/volume/volumes/d5abb15a-e08e-4c0a-8096-2857099dcfce"}], "user_id": "aee52e99e01048f5aff5acc5dc41331a", "bootable": "false", "encrypted": false, "replication_status": null, "consistencygroup_id": null, "multiattach": false, "attachments": [], "os-vol-tenant-attr:tenant_id": "03fd30c3e170485b9e70e60f69f38e46"}}'
2026-02-17 15:30:07,562 122996 INFO     [tempest.lib.common.rest_client] Request (VolumesTransfersTest:test_create_get_list_accept_volume_transfer): 200 GET http://10.132.44.205/volume/v3/volumes/d5abb15a-e08e-4c0a-8096-2857099dcfce 0.059s
2026-02-17 15:30:07,563 122996 DEBUG    [tempest.lib.common.rest_client] Request - Headers: {'Content-Type': 'application/json', 'Accept': 'application/json', 'X-Auth-Token': '<omitted>'}
        Body: None
    Response - Headers: {'date': 'Tue, 17 Feb 2026 15:30:07 GMT', 'server': 'Apache/2.4.58 (Ubuntu)', 'content-type'
    : 'application/json', 'x-compute-request-id': 'req-b8b61896-8c44-4753-870c-98bfce626185', 'content-length': '843', 'openstack-api-version': 'volume 3.0', 'vary': 'OpenStack-API-Version', 'x-openstack-request-id': 'req-b8b61896-8c44-4753-870c-98bfce626185', 'connection': 'close', 'status': '200', 'content-location': 'http://10.132.44.205/volume/v3/volumes/d5abb15a-e08e-4c0a-8096-2857099dcfce'}
        Body: b'{"volume": {"id": "d5abb15a-e08e-4c0a-8096-2857099dcfce", "status": "error", "size": 1, "availability_zone": "nova", "created_at": "2026-02-17T15:30:06.000000", "updated_at": "2026-02-17T15:30:07.000000", "name": "tempest-VolumesTransfersTest-Volume-701161849", "description": null, "volume_type": "nvmetcp1", "snapshot_id": null, "source_volid": null, "metadata": {}, "links": [{"rel": "self", "href": "http://10.132.44.205/volume/v3/volumes/d5abb15a-e08e-4c0a-8096-2857099dcfce"}, {"rel": "bookmark", "href": "http://10.132.44.205/volume/volumes/d5abb15a-e08e-4c0a-8096-2857099dcfce"}], "user_id": "aee52e99e01048f5aff5acc5dc41331a", "bootable": "false", "encrypted": false, "replication_status": null, "consistencygroup_id": null, "multiattach": false, "attachments": [], "os-vol-tenant-attr:tenant_id": "03fd30c3e170485b9e70e60f69f38e46"}}'
2026-02-17 15:30:07,639 122996 INFO     [tempest.lib.common.rest_client] Request (VolumesTransfersTest:_run_cleanups): 200 GET http://10.132.44.205/volume/v3/volumes/d5abb15a-e08e-4c0a-8096-2857099dcfce 0.058s
2026-02-17 15:30:07,640 122996 DEBUG    [tempest.lib.common.rest_client] Request - Headers: {'Content-Type': 'application/json', 'Accept': 'application/json', 'X-Auth-Token': '<omitted>'}
        Body: None
    Response - Headers: {'date': 'Tue, 17 Feb 2026 15:30:07 GMT', 'server': 'Apache/2.4.58 (Ubuntu)', 'content-type': 'application/json', 'x-compute-request-id': 'req-3b3e1554-3ba4-4d26-981d-a1e59a92b382', 'content-length': '843', 'openstack-api-version': 'volume 3.0', 'vary': 'OpenStack-API-Version', 'x-openstack-request-id': 'req-3b3e1554-3ba4-4d26-981d-a1e59a92b382', 'connection': 'close', 'status': '200', 'content-location': 'http://10.132.44.205/volume/v3/volumes/d5abb15a-e08e-4c0a-8096-2857099dcfce'}
        Body: b'{"volume": {"id": "d5abb15a-e08e-4c0a-8096-2857099dcfce", "status": "error", "size": 1, "availability_zone": "nova", "created_at": "2026-02-17T15:30:06.000000", "updated_at": "2026-02-17T15:30:07.000000", "name": "tempest-VolumesTransfersTest-Volume-701161849", "description": null, "volume_type": "nvmetcp1", "snapshot_id": null, "source_volid": null, "metadata": {}, "links": [{"rel": "self", "href": "http://10.132.44.205/volume/v3/volumes/d5abb15a-e08e-4c0a-8096-2857099dcfce"}, {"rel": "bookmark", "href": "http://10.132.44.205/volume/volumes/d5abb15a-e08e-4c0a-8096-2857099dcfce"}], "user_id": "aee52e99e01048f5aff5acc5dc41331a", "bootable": "false", "encrypted": false, "replication_status": null, "consistencygroup_id": null, "multiattach": false, "attachments": [], "os-vol-tenant-attr:tenant_id": "03fd30c3e170485b9e70e60f69f38e46"}}'
2026-02-17 15:30:07,813 122996 INFO     [tempest.lib.common.rest_client] Request (VolumesTransfersTest:_run_cleanups): 202 DELETE http://10.132.44.205/volume/v3/volumes/d5abb15a-e08e-4c0a-8096-2857099dcfce 0.155s
2026-02-17 15:30:07,813 122996 DEBUG    [tempest.lib.common.rest_client] Request - Headers: {'Content-Type': 'application/json', 'Accept': 'application/json', 'X-Auth-Token': '<omitted>'}
        Body: None
    Response - Headers: {'date': 'Tue, 17 Feb 2026 15:30:07 GMT', 'server': 'Apache/2.4.58 (Ubuntu)', 'content-length': '0', 'content-type': 'text/html; charset=UTF-8', 'openstack-api-version': 'volume 3.0', 'vary': 'OpenStack-API-Version', 'x-openstack-request-id': 'req-c10346df-c1c2-4292-adbe-cce1373c04ca', 'connection': 'close', 'status': '202', 'content-location': 'http://10.132.44.205/volume/v3/volumes/d5abb15a-e08e-4c0a-8096-2857099dcfce'}
        Body: b''
2026-02-17 15:30:07,846 122996 INFO     [tempest.lib.common.rest_client] Request (VolumesTransfersTest:_run_cleanups): 404 GET http://10.132.44.205/volume/v3/vol
    umes/d5abb15a-e08e-4c0a-8096-2857099dcfce 0.031s
2026-02-17 15:30:07,846 122996 DEBUG    [tempest.lib.common.rest_client] Request - Headers: {'Content-Type': 'application/json', 'Accept': 'application/json', 'X-Auth-Token': '<omitted>'}
        Body: None
    Response - Headers: {'date': 'Tue, 17 Feb 2026 15:30:07 GMT', 'server': 'Apache/2.4.58 (Ubuntu)', 'openstack-api-version': 'volume 3.0', 'vary': 'OpenStack-API-Version', 'content-length': '109', 'content-type': 'application/json', 'x-compute-request-id': 'req-6b7d5017-3035-431c-af59-ad3756850b75', 'x-openstack-request-id': 'req-6b7d5017-3035-431c-af59-ad3756850b75', 'connection': 'close', 'status': '404', 'content-location': 'http://10.132.44.205/volume/v3/volumes/d5abb15a-e08e-4c0a-8096-2857099dcfce'}
        Body: b'{"itemNotFound": {"code": 404, "message": "Volume d5abb15a-e08e-4c0a-8096-2857099dcfce could not be found."}}'


tempest.api.volume.test_volume_transfers.VolumesTransfersTest.test_create_list_delete_volume_transfer[id-ab526943-b725-4c07-b875-8e8ef87a2c30]
----------------------------------------------------------------------------------------------------------------------------------------------

Captured traceback:
~~~~~~~~~~~~~~~~~~~
    Traceback (most recent call last):

      File "/opt/stack/tempest/tempest/api/volume/test_volume_transfers.py", line 81, in test_create_list_delete_volume_transfer
    volume = self.create_volume()
             ^^^^^^^^^^^^^^^^^^^^

      File "/opt/stack/tempest/tempest/api/volume/base.py", line 144, in create_volume
    waiters.wait_for_volume_resource_status(self.volumes_client,

      File "/opt/stack/tempest/tempest/common/waiters.py", line 379, in wait_for_volume_resource_status
    raise exceptions.VolumeResourceBuildErrorException(

    tempest.exceptions.VolumeResourceBuildErrorException: volume 80f9e916-2602-4b85-892b-e8ccdc21bbb6 failed to build and is in ERROR status


Captured pythonlogging:
~~~~~~~~~~~~~~~~~~~~~~~
    2026-02-17 15:30:08,163 122996 INFO     [tempest.lib.common.rest_client] Request (VolumesTransfersTest:test_create_list_delete_volume_transfer): 202 POST http://10.132.44.205/volume/v3/volumes 0.312s
2026-02-17 15:30:08,163 122996 DEBUG    [tempest.lib.common.rest_client] Request - Headers: {'Content-Type': 'application/json', 'Accept': 'application/json', 'X-Auth-Token': '<omitted>'}
        Body: {"volume": {"size": 1, "name": "tempest-VolumesTransfersTest-Volume-1041917913"}}
    Response - Headers: {'date': 'Tue, 17 Feb 2026 15:30:07 GMT', 'server': 'Apache/2.4.58 (Ubuntu)', 'content-type': 'application/json', 'x-compute-request-id': 'req-5a146828-f009-42a3-a7db-97946ed6669e', 'content-length': '755', 'openstack-api-version': 'volume 3.0', 'vary': 'OpenStack-API-Version', 'x-openstack-request-id': 'req-5a146828-f009-42a3-a7db-97946ed6669e', 'connection': 'close', 'status': '202', 'content-location': 'http://10.132.44.205/volume/v3/volumes'}
        Body: b'{"volume": {"id": "80f9e916-2602-4b85-892b-e8ccdc21bbb6", "status": "creating", "size": 1, "availability_zone": "nova", "created_at": "2026-02-17T15:30:08.049457", "updated_at": null, "name": "tempest-VolumesTransfersTest-Volume-1041917913", "description": null, "volume_type": "nvmetcp1", "snapshot_id": null, "source_volid": null, "metadata": {}, "links": [{"rel": "self", "href": "http://10.132.44.205/volume/v3/volumes/80f9e916-2602-4b85-892b-e8ccdc21bbb6"}, {"rel": "bookmark", "href": "http://10.132.44.205/volume/volumes/80f9e916-2602-4b85-892b-e8ccdc21bbb6"}], "user_id": "aee52e99e01048f5aff5acc5dc41331a", "bootable": "false", "encrypted": false, "replication_status": null, "consistencygroup_id": null, "multiattach": false, "attachments": []}}'
2026-02-17 15:30:08,219 122996 INFO     [tempest.lib.common.rest_client] Request (VolumesTransfersTest:test_create_list_delete_volume_transfer): 200 GET http://10.132.44.205/volume/v3/volumes/80f9e916-2602-4b85-892b-e8ccdc21bbb6 0.049s
2026-02-17 15:30:08,220 122996 DEBUG    [tempest.lib.common.rest_client] Request - Headers: {'Content-Type': 'application/json', 'Accept': 'application/json', 'X-Auth-Token': '<omitted>'}
        Body: None
    Response - Headers: {'date': 'Tue, 17 Feb 2026 15:30:08 GMT', 'server': 'Apache/2.4.58 (Ubuntu)', 'content-type': 'application/json', 'x-compute-request-id': 'req-dfce35e5-6a4f-4ab6-bea0-931de26af96a', 'content-length': '823', 'openstack-api-version': 'volume 3.0', 'vary': 'OpenStack-API-Version', 'x-openstack-request-id': 'req-dfce35e5-6a4f-4ab6-bea0-931de26af96a', 'connection': 'close', 'status': '200', 'content-location': 'http://10.132.44.205/volume/v3/volumes/80f9e916-2602-4b85-892b-e8ccdc21bbb6'}
        Body: b'{"volume": {"id": "80f9e916-2602-4b85-892b-e8ccdc21bbb6", "status": "creating", "size": 1, "availability_zone": "nova", "created_at": "2026-02-17T15:30:08.000000", "updated_at": null, "name": "tempest-VolumesTransfersTest-Volume-1041917913", "description": null, "volume_type": "nvmetcp1", "snapshot_id": null, "source_volid": null, "metadata": {}, "links": [{"rel": "self", "href": "http://10.132.44.205/volume/v3/volumes/80f9e916-2602-4b85-892b-e8ccdc21bbb6"}, {"rel": "bookmark", "href": "http://10.132.44.205/volume/volumes/80f9e916-2602-4b85-892b-e8ccdc21bbb6"}], "user_id": "aee52e99e01048f5aff5acc5dc41331a", "bootable": "false", "encrypted": false, "replication_status": null, "consistencygroup_id": null, "multiattach": false, "attachments": [], "os-vol-tenant-attr:tenant_id": "03fd30c3e170485b9e70e60f69f38e46"}}'
2026-02-17 15:30:09,289 122996 INFO     [tempest.lib.common.rest_client] Request (VolumesTransfersTest:test_create_list_delete_volume_transfer): 200 GET http://10.132.44.205/volume/v3/volumes/80f9e916-2602-4b85-892b-e8ccdc21bbb6 0.059s
2026-02-17 15:30:09,290 122996 DEBUG    [tempest.lib.common.rest_client] Request - Headers: {'Content-Type': 'application/json', 'Accept': 'application/json', 'X-Auth-Token': '<omitted>'}
        Body: None
    Response - Headers: {'date': 'Tue, 17 Feb 2026 15:30:09 GMT', 'server': 'Apache/2.4.58 (Ubuntu)', 'content-type': 'applic
    ation/json', 'x-compute-request-id': 'req-b29d3b01-cd54-453d-b91e-3f862f66e2ae', 'content-length': '844', 'openstack-api-version': 'volume 3.0', 'vary': 'OpenStack-API-Version', 'x-openstack-request-id': 'req-b29d3b01-cd54-453d-b91e-3f862f66e2ae', 'connection': 'close', 'status': '200', 'content-location': 'http://10.132.44.205/volume/v3/volumes/80f9e916-2602-4b85-892b-e8ccdc21bbb6'}
        Body: b'{"volume": {"id": "80f9e916-2602-4b85-892b-e8ccdc21bbb6", "status": "error", "size": 1, "availability_zone": "nova", "created_at": "2026-02-17T15:30:08.000000", "updated_at": "2026-02-17T15:30:08.000000", "name": "tempest-VolumesTransfersTest-Volume-1041917913", "description": null, "volume_type": "nvmetcp1", "snapshot_id": null, "source_volid": null, "metadata": {}, "links": [{"rel": "self", "href": "http://10.132.44.205/volume/v3/volumes/80f9e916-2602-4b85-892b-e8ccdc21bbb6"}, {"rel": "bookmark", "href": "http://10.132.44.205/volume/volumes/80f9e916-2602-4b85-892b-e8ccdc21bbb6"}], "user_id": "aee52e99e01048f5aff5acc5dc41331a", "bootable": "false", "encrypted": false, "replication_status": null, "consistencygroup_id": null, "multiattach": false, "attachments": [], "os-vol-tenant-attr:tenant_id": "03fd30c3e170485b9e70e60f69f38e46"}}'
2026-02-17 15:30:09,378 122996 INFO     [tempest.lib.common.rest_client] Request (VolumesTransfersTest:_run_cleanups): 200 GET http://10.132.44.205/volume/v3/volumes/80f9e916-2602-4b85-892b-e8ccdc21bbb6 0.059s
2026-02-17 15:30:09,379 122996 DEBUG    [tempest.lib.common.rest_client] Request - Headers: {'Content-Type': 'application/json', 'Accept': 'application/json', 'X-Auth-Token': '<omitted>'}
        Body: None
    Response - Headers: {'date': 'Tue, 17 Feb 2026 15:30:09 GMT', 'server': 'Apache/2.4.58 (Ubuntu)', 'content-type': 'application/json', 'x-compute-request-id': 'req-98a525c5-226f-4e7b-8f71-b824b9ecf470', 'content-length': '844', 'openstack-api-version': 'volume 3.0', 'vary': 'OpenStack-API-Version', 'x-openstack-request-id': 'req-98a525c5-226f-4e7b-8f71-b824b9ecf470', 'connection': 'close', 'status': '200', 'content-location': 'http://10.132.44.205/volume/v3/volumes/80f9e916-2602-4b85-892b-e8ccdc21bbb6'}
        Body: b'{"volume": {"id": "80f9e916-2602-4b85-892b-e8ccdc21bbb6", "status": "error", "size": 1, "availability_zone": "nova", "created_at": "2026-02-17T15:30:08.000000", "updated_at": "2026-02-17T15:30:08.000000", "name": "tempest-VolumesTransfersTest-Volume-1041917913", "description": null, "volume_type": "nvmetcp1", "snapshot_id": null, "source_volid": null, "metadata": {}, "links": [{"rel": "self", "href": "http://10.132.44.205/volume/v3/volumes/80f9e916-2602-4b85-892b-e8ccdc21bbb6"}, {"rel": "bookmark", "href": "http://10.132.44.205/volume/volumes/80f9e916-2602-4b85-892b-e8ccdc21bbb6"}], "user_id": "aee52e99e01048f5aff5acc5dc41331a", "bootable": "false", "encrypted": false, "replication_status": null, "consistencygroup_id": null, "multiattach": false, "attachments": [], "os-vol-tenant-attr:tenant_id": "03fd30c3e170485b9e70e60f69f38e46"}}'
2026-02-17 15:30:09,599 122996 INFO     [tempest.lib.common.rest_client] Request (VolumesTransfersTest:_run_cleanups): 202 DELETE http://10.132.44.205/volume/v3/volumes/80f9e916-2602-4b85-892b-e8ccdc21bbb6 0.200s
2026-02-17 15:30:09,600 122996 DEBUG    [tempest.lib.common.rest_client] Request - Headers: {'Content-Type': 'application/json', 'Accept': 'application/json', 'X-Auth-Token': '<omitted>'}
        Body: None
    Response - Headers: {'date': 'Tue, 17 Feb 2026 15:30:09 GMT', 'server': 'Apache/2.4.58 (Ubuntu)', 'content-length': '0', 'content-type': 'text/html; charset=UTF-8', 'openstack-api-version': 'volume 3.0', 'vary': 'OpenStack-API-Version', 'x-openstack-request-id': 'req-1c4d774d-11dc-4e7a-8c3f-9342d358b1d5', 'connection': 'close', 'status': '202', 'content-location': 'http://10.132.44.205/volume/v3/volumes/80f9e916-2602-4b85-892b-e8ccdc21bbb6'}
        Body: b''
2026-02-17 15:30:09,639 122996 INFO     [tempest.lib.common.rest_client] Request (VolumesTransfersTest:_run_cleanups): 404 GET http://10.132.44.205/volume/v3/volumes/80
    f9e916-2602-4b85-892b-e8ccdc21bbb6 0.038s
2026-02-17 15:30:09,640 122996 DEBUG    [tempest.lib.common.rest_client] Request - Headers: {'Content-Type': 'application/json', 'Accept': 'application/json', 'X-Auth-Token': '<omitted>'}
        Body: None
    Response - Headers: {'date': 'Tue, 17 Feb 2026 15:30:09 GMT', 'server': 'Apache/2.4.58 (Ubuntu)', 'openstack-api-version': 'volume 3.0', 'vary': 'OpenStack-API-Version', 'content-length': '109', 'content-type': 'application/json', 'x-compute-request-id': 'req-75810fdb-2c2a-4b94-8e6e-2dd4a13b5d2c', 'x-openstack-request-id': 'req-75810fdb-2c2a-4b94-8e6e-2dd4a13b5d2c', 'connection': 'close', 'status': '404', 'content-location': 'http://10.132.44.205/volume/v3/volumes/80f9e916-2602-4b85-892b-e8ccdc21bbb6'}
        Body: b'{"itemNotFound": {"code": 404, "message": "Volume 80f9e916-2602-4b85-892b-e8ccdc21bbb6 could not be found."}}'


tempest.api.volume.test_volume_transfers.VolumesTransfersV355Test.test_create_get_list_accept_volume_transfer[id-9f36bb2b-619f-4507-b246-76aeb9a28851]
------------------------------------------------------------------------------------------------------------------------------------------------------

Captured traceback:
~~~~~~~~~~~~~~~~~~~
    Traceback (most recent call last):

      File "/opt/stack/tempest/tempest/api/volume/test_volume_transfers.py", line 125, in test_create_get_list_accept_volume_transfer
    test_create_get_list_accept_volume_transfer()

      File "/opt/stack/tempest/tempest/api/volume/test_volume_transfers.py", line 40, in test_create_get_list_accept_volume_transfer
    volume = self.create_volume()
             ^^^^^^^^^^^^^^^^^^^^

      File "/opt/stack/tempest/tempest/api/volume/base.py", line 144, in create_volume
    waiters.wait_for_volume_resource_status(self.volumes_client,

      File "/opt/stack/tempest/tempest/common/waiters.py", line 379, in wait_for_volume_resource_status
    raise exceptions.VolumeResourceBuildErrorException(

    tempest.exceptions.VolumeResourceBuildErrorException: volume 4dbef057-06cc-4e71-8ee4-9867976ef54f failed to build and is in ERROR status


Captured pythonlogging:
~~~~~~~~~~~~~~~~~~~~~~~
    2026-02-17 15:30:16,503 122996 INFO     [tempest.lib.common.rest_client] Request (VolumesTransfersV355Test:test_create_get_list_accept_volume_transfer): 202 POST http://10.132.44.205/volume/v3/volumes 0.530s
2026-02-17 15:30:16,503 122996 DEBUG    [tempest.lib.common.rest_client] Request - Headers: {'Content-Type': 'application/json', 'Accept': 'application/json', 'Openstack-Api-Version': 'volume 3.55', 'X-Auth-Token': '<omitted>'}
        Body: {"volume": {"size": 1, "name": "tempest-VolumesTransfersV355Test-Volume-728250873"}}
    Response - Headers: {'date': 'Tue, 17 Feb 2026 15:30:15 GMT', 'server': 'Apache/2.4.58 (Ubuntu)', 'content-type': 'application/json', 'x-compute-request-id': 'req-b287e1ad-456b-429c-935e-0f393b6032e5', 'content-length': '822', 'openstack-api-version': 'volume 3.55', 'vary': 'OpenStack-API-Version', 'x-openstack-request-id': 'req-b287e1ad-456b-429c-935e-0f393b6032e5', 'connection': 'close', 'status': '202', 'content-location': 'http://10.132.44.205/volume/v3/volumes'}
        Body: b'{"volume": {"id": "4dbef057-06cc-4e71-8ee4-9867976ef54f", "status": "creating", "size": 1, "availability_zone": "nova", "created_at": "2026-02-17T15:30:16.370588", "updated_at": null, "name": "tempest-VolumesTransfersV355Test-Volume-728250873", "description": null, "volume_type": "nvmetcp1", "snapshot_id": null, "source_volid": null, "metadata": {}, "links": [{"rel": "self", "href": "http://10.132.44.205/volume/v3/volumes/4dbef057-06cc-4e71-8ee4-9867976ef54f"}, {"rel": "bookmark", "href": "http://10.132.44.205/volume/volumes/4dbef057-06cc-4e71-8ee4-9867976ef54f"}], "user_id": "2cf8c4c205bc41529dae87c1c4e368bb", "bootable": "false", "encrypted": false, "replication_status": null, "consistencygroup_id": null, "multiattach": false, "attachments": [], "group_id": null, "shared_targets": true, "service_uuid": null}}'
2026-02-17 15:30:16,579 122996 INFO     [tempest.lib.common.rest_client] Request (VolumesTransfersV355Test:test_create_get_list_accept_volume_transfer): 200 GET http://10.132.44.205/volume/v3/volumes/4dbef057-06cc-4e71-8ee4-9867976ef54f 0.059s
2026-02-17 15:30:16,579 122996 DEBUG    [tempest.lib.common.rest_client] Request - Headers: {'Content-Type': 'application/json', 'Accept': 'application/json', 'Openstack-Api-Version': 'volume 3.55', 'X-Auth-Token': '<omitted>'}
        Body: None
    Response - Headers: {'date': 'Tue, 17 Feb 2026 15:30:16 GMT', 'server': 'Apache/2.4.58 (Ubuntu)', 'content-type': 'application/json', 'x-compute-request-id': 'req-68f0022b-39e9-4ce7-8303-f7746f4df199', 'content-length': '890', 'openstack-api-version': 'volume 3.55', 'vary': 'OpenStack-API-Version', 'x-openstack-request-id': 'req-68f0022b-39e9-4ce7-8303-f7746f4df199', 'connection': 'close', 'status': '200', 'content-location': 'http://10.132.44.205/volume/v3/volumes/4dbef057-06cc-4e71-8ee4-9867976ef54f'}
        Body: b'{"volume": {"id": "4dbef057-06cc-4e71-8ee4-9867976ef54f", "status": "creating", "size": 1, "availability_zone": "nova", "created_at": "2026-02-17T15:30:16.000000", "updated_at": null, "name": "tempest-VolumesTransfersV355Test-Volume-728250873", "description": null, "volume_type": "nvmetcp1", "snapshot_id": null, "source_volid": null, "metadata": {}, "links": [{"rel": "self", "href": "http://10.132.44.205/volume/v3/volumes/4dbef057-06cc-4e71-8ee4-9867976ef54f"}, {"rel": "bookmark", "href": "http://10.132.44.205/volume/volumes/4dbef057-06cc-4e71-8ee4-9867976ef54f"}], "user_id": "2cf8c4c205bc41529dae87c1c4e368bb", "bootable": "false", "encrypted": false, "replication_status": null, "consistencygroup_id": null, "multiattach": false, "attachments": [], "group_id": null, "shared_targets": true, "service_uuid": null, "os-vol-tenant-attr:tenant_id": "c5d9c18e83974ca08e3ec803d76602f0"}}'
2026-02-17 15:30:17,658 122996 INFO     [tempest.lib.common.rest_client] Request (VolumesTransfersV355Test:test_create_get_list_accept_volume_transfer): 200 GET http://10.132.44.205/volume/v3/volumes/4dbef057-06cc-4e71-8ee4-9867976ef54f 0.059s
2026-02-17 15:30:17,659 122996 DEBUG    [tempest.lib.common.rest_client] Request - Header
    s: {'Content-Type': 'application/json', 'Accept': 'application/json', 'Openstack-Api-Version': 'volume 3.55', 'X-Auth-Token': '<omitted>'}
        Body: None
    Response - Headers: {'date': 'Tue, 17 Feb 2026 15:30:17 GMT', 'server': 'Apache/2.4.58 (Ubuntu)', 'content-type': 'application/json', 'x-compute-request-id': 'req-5d699fec-ae5d-4894-a1d9-eff5b6b46126', 'content-length': '911', 'openstack-api-version': 'volume 3.55', 'vary': 'OpenStack-API-Version', 'x-openstack-request-id': 'req-5d699fec-ae5d-4894-a1d9-eff5b6b46126', 'connection': 'close', 'status': '200', 'content-location': 'http://10.132.44.205/volume/v3/volumes/4dbef057-06cc-4e71-8ee4-9867976ef54f'}
        Body: b'{"volume": {"id": "4dbef057-06cc-4e71-8ee4-9867976ef54f", "status": "error", "size": 1, "availability_zone": "nova", "created_at": "2026-02-17T15:30:16.000000", "updated_at": "2026-02-17T15:30:17.000000", "name": "tempest-VolumesTransfersV355Test-Volume-728250873", "description": null, "volume_type": "nvmetcp1", "snapshot_id": null, "source_volid": null, "metadata": {}, "links": [{"rel": "self", "href": "http://10.132.44.205/volume/v3/volumes/4dbef057-06cc-4e71-8ee4-9867976ef54f"}, {"rel": "bookmark", "href": "http://10.132.44.205/volume/volumes/4dbef057-06cc-4e71-8ee4-9867976ef54f"}], "user_id": "2cf8c4c205bc41529dae87c1c4e368bb", "bootable": "false", "encrypted": false, "replication_status": null, "consistencygroup_id": null, "multiattach": false, "attachments": [], "group_id": null, "shared_targets": true, "service_uuid": null, "os-vol-tenant-attr:tenant_id": "c5d9c18e83974ca08e3ec803d76602f0"}}'
2026-02-17 15:30:17,734 122996 INFO     [tempest.lib.common.rest_client] Request (VolumesTransfersV355Test:_run_cleanups): 200 GET http://10.132.44.205/volume/v3/volumes/4dbef057-06cc-4e71-8ee4-9867976ef54f 0.058s
2026-02-17 15:30:17,735 122996 DEBUG    [tempest.lib.common.rest_client] Request - Headers: {'Content-Type': 'application/json', 'Accept': 'application/json', 'Openstack-Api-Version': 'volume 3.55', 'X-Auth-Token': '<omitted>'}
        Body: None
    Response - Headers: {'date': 'Tue, 17 Feb 2026 15:30:17 GMT', 'server': 'Apache/2.4.58 (Ubuntu)', 'content-type': 'application/json', 'x-compute-request-id': 'req-d25110f9-1386-415d-bfd1-cb7f6327a6fb', 'content-length': '911', 'openstack-api-version': 'volume 3.55', 'vary': 'OpenStack-API-Version', 'x-openstack-request-id': 'req-d25110f9-1386-415d-bfd1-cb7f6327a6fb', 'connection': 'close', 'status': '200', 'content-location': 'http://10.132.44.205/volume/v3/volumes/4dbef057-06cc-4e71-8ee4-9867976ef54f'}
        Body: b'{"volume": {"id": "4dbef057-06cc-4e71-8ee4-9867976ef54f", "status": "error", "size": 1, "availability_zone": "nova", "created_at": "2026-02-17T15:30:16.000000", "updated_at": "2026-02-17T15:30:17.000000", "name": "tempest-VolumesTransfersV355Test-Volume-728250873", "description": null, "volume_type": "nvmetcp1", "snapshot_id": null, "source_volid": null, "metadata": {}, "links": [{"rel": "self", "href": "http://10.132.44.205/volume/v3/volumes/4dbef057-06cc-4e71-8ee4-9867976ef54f"}, {"rel": "bookmark", "href": "http://10.132.44.205/volume/volumes/4dbef057-06cc-4e71-8ee4-9867976ef54f"}], "user_id": "2cf8c4c205bc41529dae87c1c4e368bb", "bootable": "false", "encrypted": false, "replication_status": null, "consistencygroup_id": null, "multiattach": false, "attachments": [], "group_id": null, "shared_targets": true, "service_uuid": null, "os-vol-tenant-attr:tenant_id": "c5d9c18e83974ca08e3ec803d76602f0"}}'
2026-02-17 15:30:17,907 122996 INFO     [tempest.lib.common.rest_client] Request (VolumesTransfersV355Test:_run_cleanups): 202 DELETE http://10.132.44.205/volume/v3/volumes/4dbef057-06cc-4e71-8ee4-9867976ef54f 0.155s
2026-02-17 15:30:17,908 122996 DEBUG    [tempest.lib.common.rest_client] Request - Headers: {'Content-Type': 'application/json', 'Accept': 'application/json', 'Openstack-Api-Version': 'volume 3.55', 'X-Auth-Token': '<omitted>'}
        Body: None
    Response - Headers: {'date': 'Tue, 17 Feb 2026 15:30:17 GMT', 'server': 'Apache/2.4.58 (Ubuntu)', 'content-length': '0', 'con
    tent-type': 'text/html; charset=UTF-8', 'openstack-api-version': 'volume 3.55', 'vary': 'OpenStack-API-Version', 'x-openstack-request-id': 'req-47c2a379-d45d-477a-97e8-6e0b3068c8fc', 'connection': 'close', 'status': '202', 'content-location': 'http://10.132.44.205/volume/v3/volumes/4dbef057-06cc-4e71-8ee4-9867976ef54f'}
        Body: b''
2026-02-17 15:30:17,941 122996 INFO     [tempest.lib.common.rest_client] Request (VolumesTransfersV355Test:_run_cleanups): 404 GET http://10.132.44.205/volume/v3/volumes/4dbef057-06cc-4e71-8ee4-9867976ef54f 0.032s
2026-02-17 15:30:17,942 122996 DEBUG    [tempest.lib.common.rest_client] Request - Headers: {'Content-Type': 'application/json', 'Accept': 'application/json', 'Openstack-Api-Version': 'volume 3.55', 'X-Auth-Token': '<omitted>'}
        Body: None
    Response - Headers: {'date': 'Tue, 17 Feb 2026 15:30:17 GMT', 'server': 'Apache/2.4.58 (Ubuntu)', 'openstack-api-version': 'volume 3.55', 'vary': 'OpenStack-API-Version', 'content-length': '109', 'content-type': 'application/json', 'x-compute-request-id': 'req-e7b48477-e4b4-4903-94ca-b1a3eacc11cc', 'x-openstack-request-id': 'req-e7b48477-e4b4-4903-94ca-b1a3eacc11cc', 'connection': 'close', 'status': '404', 'content-location': 'http://10.132.44.205/volume/v3/volumes/4dbef057-06cc-4e71-8ee4-9867976ef54f'}
        Body: b'{"itemNotFound": {"code": 404, "message": "Volume 4dbef057-06cc-4e71-8ee4-9867976ef54f could not be found."}}'


tempest.api.volume.test_volume_transfers.VolumesTransfersV355Test.test_create_list_delete_volume_transfer[id-af4a5b97-0859-4f31-aa3c-85b05bb63322]
--------------------------------------------------------------------------------------------------------------------------------------------------

Captured traceback:
~~~~~~~~~~~~~~~~~~~
    Traceback (most recent call last):

      File "/opt/stack/tempest/tempest/api/volume/test_volume_transfers.py", line 131, in test_create_list_delete_volume_transfer
    test_create_list_delete_volume_transfer()

      File "/opt/stack/tempest/tempest/api/volume/test_volume_transfers.py", line 81, in test_create_list_delete_volume_transfer
    volume = self.create_volume()
             ^^^^^^^^^^^^^^^^^^^^

      File "/opt/stack/tempest/tempest/api/volume/base.py", line 144, in create_volume
    waiters.wait_for_volume_resource_status(self.volumes_client,

      File "/opt/stack/tempest/tempest/common/waiters.py", line 379, in wait_for_volume_resource_status
    raise exceptions.VolumeResourceBuildErrorException(

    tempest.exceptions.VolumeResourceBuildErrorException: volume fe4be9c7-1542-4748-a5cd-19c42761101e failed to build and is in ERROR status


Captured pythonlogging:
~~~~~~~~~~~~~~~~~~~~~~~
    2026-02-17 15:30:18,277 122996 INFO     [tempest.lib.common.rest_client] Request (VolumesTransfersV355Test:test_create_list_delete_volume_transfer): 202 POST http://10.132.44.205/volume/v3/volumes 0.331s
2026-02-17 15:30:18,278 122996 DEBUG    [tempest.lib.common.rest_client] Request - Headers: {'Content-Type': 'application/json', 'Accept': 'application/json', 'Openstack-Api-Version': 'volume 3.55', 'X-Auth-Token': '<omitted>'}
        Body: {"volume": {"size": 1, "name": "tempest-VolumesTransfersV355Test-Volume-1713601768"}}
    Response - Headers: {'date': 'Tue, 17 Feb 2026 15:30:17 GMT', 'server': 'Apache/2.4.58 (Ubuntu)', 'content-type': 'application/json', 'x-compute-request-id': 'req-154af31f-a9ef-4f5d-b45a-42f8b394651c', 'content-length': '823', 'openstack-api-version': 'volume 3.55', 'vary': 'OpenStack-API-Version', 'x-openstack-request-id': 'req-154af31f-a9ef-4f5d-b45a-42f8b394651c', 'connection': 'close', 'status': '202', 'content-location': 'http://10.132.44.205/volume/v3/volumes'}
        Body: b'{"volume": {"id": "fe4be9c7-1542-4748-a5cd-19c42761101e", "status": "creating", "size": 1, "availability_zone": "nova", "created_at": "2026-02-17T15:30:18.159141", "updated_at": null, "name": "tempest-VolumesTransfersV355Test-Volume-1713601768", "description": null, "volume_type": "nvmetcp1", "snapshot_id": null, "source_volid": null, "metadata": {}, "links": [{"rel": "self", "href": "http://10.132.44.205/volume/v3/volumes/fe4be9c7-1542-4748-a5cd-19c42761101e"}, {"rel": "bookmark", "href": "http://10.132.44.205/volume/volumes/fe4be9c7-1542-4748-a5cd-19c42761101e"}], "user_id": "2cf8c4c205bc41529dae87c1c4e368bb", "bootable": "false", "encrypted": false, "replication_status": null, "consistencygroup_id": null, "multiattach": false, "attachments": [], "group_id": null, "shared_targets": true, "service_uuid": null}}'
2026-02-17 15:30:18,383 122996 INFO     [tempest.lib.common.rest_client] Request (VolumesTransfersV355Test:test_create_list_delete_volume_transfer): 200 GET http://10.132.44.205/volume/v3/volumes/fe4be9c7-1542-4748-a5cd-19c42761101e 0.090s
2026-02-17 15:30:18,384 122996 DEBUG    [tempest.lib.common.rest_client] Request - Headers: {'Content-Type': 'application/json', 'Accept': 'application/json', 'Openstack-Api-Version': 'volume 3.55', 'X-Auth-Token': '<omitted>'}
        Body: None
    Response - Headers: {'date': 'Tue, 17 Feb 2026 15:30:18 GMT', 'server': 'Apache/2.4.58 (Ubuntu)', 'content-type': 'application/json', 'x-compute-request-id': 'req-9b81cea2-e879-45c1-be9a-1beb63d73626', 'content-length': '891', 'openstack-api-version': 'volume 3.55', 'vary': 'OpenStack-API-Version', 'x-openstack-request-id': 'req-9b81cea2-e879-45c1-be9a-1beb63d73626', 'connection': 'close', 'status': '200', 'content-location': 'http://10.132.44.205/volume/v3/volumes/fe4be9c7-1542-4748-a5cd-19c42761101e'}
        Body: b'{"volume": {"id": "fe4be9c7-1542-4748-a5cd-19c42761101e", "status": "creating", "size": 1, "availability_zone": "nova", "created_at": "2026-02-17T15:30:18.000000", "updated_at": null, "name": "tempest-VolumesTransfersV355Test-Volume-1713601768", "description": null, "volume_type": "nvmetcp1", "snapshot_id": null, "source_volid": null, "metadata": {}, "links": [{"rel": "self", "href": "http://10.132.44.205/volume/v3/volumes/fe4be9c7-1542-4748-a5cd-19c42761101e"}, {"rel": "bookmark", "href": "http://10.132.44.205/volume/volumes/fe4be9c7-1542-4748-a5cd-19c42761101e"}], "user_id": "2cf8c4c205bc41529dae87c1c4e368bb", "bootable": "false", "encrypted": false, "replication_status": null, "consistencygroup_id": null, "multiattach": false, "attachments": [], "group_id": null, "shared_targets": true, "service_uuid": null, "os-vol-tenant-attr:tenant_id": "c5d9c18e83974ca08e3ec803d76602f0"}}'
2026-02-17 15:30:19,460 122996 INFO     [tempest.lib.common.rest_client] Request (VolumesTransfersV355Test:test_create_list_delete_volume_transfer): 200 GET http://10.132.44.205/volume/v3/volumes/fe4be9c7-1542-4748-a5cd-19c42761101e 0.060s
2026-02-17 15:30:19,461 122996 DEBUG    [tempest.lib.common.rest_client] Request - Headers: {'Cont
    ent-Type': 'application/json', 'Accept': 'application/json', 'Openstack-Api-Version': 'volume 3.55', 'X-Auth-Token': '<omitted>'}
        Body: None
    Response - Headers: {'date': 'Tue, 17 Feb 2026 15:30:19 GMT', 'server': 'Apache/2.4.58 (Ubuntu)', 'content-type': 'application/json', 'x-compute-request-id': 'req-ab61f7f7-c2aa-471d-aa0e-87f5e5dafb72', 'content-length': '912', 'openstack-api-version': 'volume 3.55', 'vary': 'OpenStack-API-Version', 'x-openstack-request-id': 'req-ab61f7f7-c2aa-471d-aa0e-87f5e5dafb72', 'connection': 'close', 'status': '200', 'content-location': 'http://10.132.44.205/volume/v3/volumes/fe4be9c7-1542-4748-a5cd-19c42761101e'}
        Body: b'{"volume": {"id": "fe4be9c7-1542-4748-a5cd-19c42761101e", "status": "error", "size": 1, "availability_zone": "nova", "created_at": "2026-02-17T15:30:18.000000", "updated_at": "2026-02-17T15:30:18.000000", "name": "tempest-VolumesTransfersV355Test-Volume-1713601768", "description": null, "volume_type": "nvmetcp1", "snapshot_id": null, "source_volid": null, "metadata": {}, "links": [{"rel": "self", "href": "http://10.132.44.205/volume/v3/volumes/fe4be9c7-1542-4748-a5cd-19c42761101e"}, {"rel": "bookmark", "href": "http://10.132.44.205/volume/volumes/fe4be9c7-1542-4748-a5cd-19c42761101e"}], "user_id": "2cf8c4c205bc41529dae87c1c4e368bb", "bootable": "false", "encrypted": false, "replication_status": null, "consistencygroup_id": null, "multiattach": false, "attachments": [], "group_id": null, "shared_targets": true, "service_uuid": null, "os-vol-tenant-attr:tenant_id": "c5d9c18e83974ca08e3ec803d76602f0"}}'
2026-02-17 15:30:19,538 122996 INFO     [tempest.lib.common.rest_client] Request (VolumesTransfersV355Test:_run_cleanups): 200 GET http://10.132.44.205/volume/v3/volumes/fe4be9c7-1542-4748-a5cd-19c42761101e 0.060s
2026-02-17 15:30:19,539 122996 DEBUG    [tempest.lib.common.rest_client] Request - Headers: {'Content-Type': 'application/json', 'Accept': 'application/json', 'Openstack-Api-Version': 'volume 3.55', 'X-Auth-Token': '<omitted>'}
        Body: None
    Response - Headers: {'date': 'Tue, 17 Feb 2026 15:30:19 GMT', 'server': 'Apache/2.4.58 (Ubuntu)', 'content-type': 'application/json', 'x-compute-request-id': 'req-4d16bdca-1d0e-4241-97d1-a702ff94da4b', 'content-length': '912', 'openstack-api-version': 'volume 3.55', 'vary': 'OpenStack-API-Version', 'x-openstack-request-id': 'req-4d16bdca-1d0e-4241-97d1-a702ff94da4b', 'connection': 'close', 'status': '200', 'content-location': 'http://10.132.44.205/volume/v3/volumes/fe4be9c7-1542-4748-a5cd-19c42761101e'}
        Body: b'{"volume": {"id": "fe4be9c7-1542-4748-a5cd-19c42761101e", "status": "error", "size": 1, "availability_zone": "nova", "created_at": "2026-02-17T15:30:18.000000", "updated_at": "2026-02-17T15:30:18.000000", "name": "tempest-VolumesTransfersV355Test-Volume-1713601768", "description": null, "volume_type": "nvmetcp1", "snapshot_id": null, "source_volid": null, "metadata": {}, "links": [{"rel": "self", "href": "http://10.132.44.205/volume/v3/volumes/fe4be9c7-1542-4748-a5cd-19c42761101e"}, {"rel": "bookmark", "href": "http://10.132.44.205/volume/volumes/fe4be9c7-1542-4748-a5cd-19c42761101e"}], "user_id": "2cf8c4c205bc41529dae87c1c4e368bb", "bootable": "false", "encrypted": false, "replication_status": null, "consistencygroup_id": null, "multiattach": false, "attachments": [], "group_id": null, "shared_targets": true, "service_uuid": null, "os-vol-tenant-attr:tenant_id": "c5d9c18e83974ca08e3ec803d76602f0"}}'
2026-02-17 15:30:19,711 122996 INFO     [tempest.lib.common.rest_client] Request (VolumesTransfersV355Test:_run_cleanups): 202 DELETE http://10.132.44.205/volume/v3/volumes/fe4be9c7-1542-4748-a5cd-19c42761101e 0.155s
2026-02-17 15:30:19,712 122996 DEBUG    [tempest.lib.common.rest_client] Request - Headers: {'Content-Type': 'application/json', 'Accept': 'application/json', 'Openstack-Api-Version': 'volume 3.55', 'X-Auth-Token': '<omitted>'}
        Body: None
    Response - Headers: {'date': 'Tue, 17 Feb 2026 15:30:19 GMT', 'server': 'Apache/2.4.58 (Ubuntu)', 'content-length': '0', 'content-ty
    pe': 'text/html; charset=UTF-8', 'openstack-api-version': 'volume 3.55', 'vary': 'OpenStack-API-Version', 'x-openstack-request-id': 'req-5b1fb202-fcc6-4aa5-90d5-07cfc7e95ebc', 'connection': 'close', 'status': '202', 'content-location': 'http://10.132.44.205/volume/v3/volumes/fe4be9c7-1542-4748-a5cd-19c42761101e'}
        Body: b''
2026-02-17 15:30:19,743 122996 INFO     [tempest.lib.common.rest_client] Request (VolumesTransfersV355Test:_run_cleanups): 404 GET http://10.132.44.205/volume/v3/volumes/fe4be9c7-1542-4748-a5cd-19c42761101e 0.031s
2026-02-17 15:30:19,744 122996 DEBUG    [tempest.lib.common.rest_client] Request - Headers: {'Content-Type': 'application/json', 'Accept': 'application/json', 'Openstack-Api-Version': 'volume 3.55', 'X-Auth-Token': '<omitted>'}
        Body: None
    Response - Headers: {'date': 'Tue, 17 Feb 2026 15:30:19 GMT', 'server': 'Apache/2.4.58 (Ubuntu)', 'openstack-api-version': 'volume 3.55', 'vary': 'OpenStack-API-Version', 'content-length': '109', 'content-type': 'application/json', 'x-compute-request-id': 'req-46d00653-96fc-4b32-a4e1-bbebb233036c', 'x-openstack-request-id': 'req-46d00653-96fc-4b32-a4e1-bbebb233036c', 'connection': 'close', 'status': '404', 'content-location': 'http://10.132.44.205/volume/v3/volumes/fe4be9c7-1542-4748-a5cd-19c42761101e'}
        Body: b'{"itemNotFound": {"code": 404, "message": "Volume fe4be9c7-1542-4748-a5cd-19c42761101e could not be found."}}'


tempest.api.volume.test_volume_transfers.VolumesTransfersV357Test.test_create_get_list_accept_volume_transfer[id-d746bd69-bb30-4414-9a1c-577959fac6a1]
------------------------------------------------------------------------------------------------------------------------------------------------------

Captured traceback:
~~~~~~~~~~~~~~~~~~~
    Traceback (most recent call last):

      File "/opt/stack/tempest/tempest/api/volume/test_volume_transfers.py", line 144, in test_create_get_list_accept_volume_transfer
    test_create_get_list_accept_volume_transfer()

      File "/opt/stack/tempest/tempest/api/volume/test_volume_transfers.py", line 125, in test_create_get_list_accept_volume_transfer
    test_create_get_list_accept_volume_transfer()

      File "/opt/stack/tempest/tempest/api/volume/test_volume_transfers.py", line 40, in test_create_get_list_accept_volume_transfer
    volume = self.create_volume()
             ^^^^^^^^^^^^^^^^^^^^

      File "/opt/stack/tempest/tempest/api/volume/base.py", line 144, in create_volume
    waiters.wait_for_volume_resource_status(self.volumes_client,

      File "/opt/stack/tempest/tempest/common/waiters.py", line 379, in wait_for_volume_resource_status
    raise exceptions.VolumeResourceBuildErrorException(

    tempest.exceptions.VolumeResourceBuildErrorException: volume 463ecfde-94db-458b-994f-fffa1b4df08b failed to build and is in ERROR status


Captured pythonlogging:
~~~~~~~~~~~~~~~~~~~~~~~
    2026-02-17 15:30:26,797 122996 INFO     [tempest.lib.common.rest_client] Request (VolumesTransfersV357Test:test_create_get_list_accept_volume_transfer): 202 POST http://10.132.44.205/volume/v3/volumes 0.546s
2026-02-17 15:30:26,798 122996 DEBUG    [tempest.lib.common.rest_client] Request - Headers: {'Content-Type': 'application/json', 'Accept': 'application/json', 'Openstack-Api-Version': 'volume 3.57', 'X-Auth-Token': '<omitted>'}
        Body: {"volume": {"size": 1, "name": "tempest-VolumesTransfersV357Test-Volume-1431134466"}}
    Response - Headers: {'date': 'Tue, 17 Feb 2026 15:30:26 GMT', 'server': 'Apache/2.4.58 (Ubuntu)', 'content-type': 'application/json', 'x-compute-request-id': 'req-f456c90e-d909-4792-ad42-d9a73cda2d58', 'content-length': '823', 'openstack-api-version': 'volume 3.57', 'vary': 'OpenStack-API-Version', 'x-openstack-request-id': 'req-f456c90e-d909-4792-ad42-d9a73cda2d58', 'connection': 'close', 'status': '202', 'content-location': 'http://10.132.44.205/volume/v3/volumes'}
        Body: b'{"volume": {"id": "463ecfde-94db-458b-994f-fffa1b4df08b", "status": "creating", "size": 1, "availability_zone": "nova", "created_at": "2026-02-17T15:30:26.711833", "updated_at": null, "name": "tempest-VolumesTransfersV357Test-Volume-1431134466", "description": null, "volume_type": "nvmetcp1", "snapshot_id": null, "source_volid": null, "metadata": {}, "links": [{"rel": "self", "href": "http://10.132.44.205/volume/v3/volumes/463ecfde-94db-458b-994f-fffa1b4df08b"}, {"rel": "bookmark", "href": "http://10.132.44.205/volume/volumes/463ecfde-94db-458b-994f-fffa1b4df08b"}], "user_id": "d4eb3cdf57dc4d89a80358612da416b6", "bootable": "false", "encrypted": false, "replication_status": null, "consistencygroup_id": null, "multiattach": false, "attachments": [], "group_id": null, "shared_targets": true, "service_uuid": null}}'
2026-02-17 15:30:26,862 122996 INFO     [tempest.lib.common.rest_client] Request (VolumesTransfersV357Test:test_create_get_list_accept_volume_transfer): 200 GET http://10.132.44.205/volume/v3/volumes/463ecfde-94db-458b-994f-fffa1b4df08b 0.048s
2026-02-17 15:30:26,863 122996 DEBUG    [tempest.lib.common.rest_client] Request - Headers: {'Content-Type': 'application/json', 'Accept': 'application/json', 'Openstack-Api-Version': 'volume 3.57', 'X-Auth-Token': '<omitted>'}
        Body: None
    Response - Headers: {'date': 'Tue, 17 Feb 2026 15:30:26 GMT', 'server': 'Apache/2.4.58 (Ubuntu)', 'content-type': 'application/json', 'x-compute-request-id': 'req-24cb07b1-04fa-45b8-b782-eaa7f0b0a001', 'content-length': '891', 'openstack-api-version': 'volume 3.57', 'vary': 'OpenStack-API-Version', 'x-openstack-request-id': 'req-24cb07b1-04fa-45b8-b782-eaa7f0b0a001', 'connection': 'close', 'status': '200', 'content-location': 'http://10.132.44.205/volume/v3/volumes/463ecfde-94db-458b-994f-fffa1b4df08b'}
        Body: b'{"volume": {"id": "463ecfde-94db-458b-994f-fffa1b4df08b", "status": "creating", "size": 1, "availability_zone": "nova", "created_at": "2026-02-17T15:30:27.000000", "updated_at": null, "name": "tempest-VolumesTransfersV357Test-Volume-1431134466", "description": null, "volume_type": "nvmetcp1", "snapshot_id": null, "source_volid": null, "metadata": {}, "links": [{"rel": "self", "href": "http://10.132.44.205/volume/v3/volumes/463ecfde-94db-458b-994f-fffa1b4df08b"}, {"rel": "bookmark", "href": "http://10.132.44.205/volume/volumes/463ecfde-94db-458b-994f-fffa1b4df08b"}], "user_id": "d4eb3cdf57dc4d89a80358612da416b6", "bootable": "false", "encrypted": false, "replication_status": null, "consistencygroup_id": null, "multiattach": false, "attachments": [], "group_id": null, "shared_targets": true, "service_uuid": null, "os-vol-tenant-attr:tenant_id": "28a0e7737f14426291113b31756370b6"}}'
2026-02-17 15:30:27,945 122996 INFO     [tempest.lib.common.rest_client] Request (VolumesTransfersV357Test:test_create_get_list_accept_volume_transfer): 200 GET http://10.132.44.205/volume/v3/volumes/463ecfde-94db-458b-994f-fffa1b4df08b 0.063s
2026-02-17 15:30:27,946 122996 DEBUG    [tempest.lib.common.rest_client] Request - Hea
    ders: {'Content-Type': 'application/json', 'Accept': 'application/json', 'Openstack-Api-Version': 'volume 3.57', 'X-Auth-Token': '<omitted>'}
        Body: None
    Response - Headers: {'date': 'Tue, 17 Feb 2026 15:30:27 GMT', 'server': 'Apache/2.4.58 (Ubuntu)', 'content-type': 'application/json', 'x-compute-request-id': 'req-317b913d-4048-48c3-a90e-23b3efdbaca9', 'content-length': '912', 'openstack-api-version': 'volume 3.57', 'vary': 'OpenStack-API-Version', 'x-openstack-request-id': 'req-317b913d-4048-48c3-a90e-23b3efdbaca9', 'connection': 'close', 'status': '200', 'content-location': 'http://10.132.44.205/volume/v3/volumes/463ecfde-94db-458b-994f-fffa1b4df08b'}
        Body: b'{"volume": {"id": "463ecfde-94db-458b-994f-fffa1b4df08b", "status": "error", "size": 1, "availability_zone": "nova", "created_at": "2026-02-17T15:30:27.000000", "updated_at": "2026-02-17T15:30:27.000000", "name": "tempest-VolumesTransfersV357Test-Volume-1431134466", "description": null, "volume_type": "nvmetcp1", "snapshot_id": null, "source_volid": null, "metadata": {}, "links": [{"rel": "self", "href": "http://10.132.44.205/volume/v3/volumes/463ecfde-94db-458b-994f-fffa1b4df08b"}, {"rel": "bookmark", "href": "http://10.132.44.205/volume/volumes/463ecfde-94db-458b-994f-fffa1b4df08b"}], "user_id": "d4eb3cdf57dc4d89a80358612da416b6", "bootable": "false", "encrypted": false, "replication_status": null, "consistencygroup_id": null, "multiattach": false, "attachments": [], "group_id": null, "shared_targets": true, "service_uuid": null, "os-vol-tenant-attr:tenant_id": "28a0e7737f14426291113b31756370b6"}}'
2026-02-17 15:30:28,022 122996 INFO     [tempest.lib.common.rest_client] Request (VolumesTransfersV357Test:_run_cleanups): 200 GET http://10.132.44.205/volume/v3/volumes/463ecfde-94db-458b-994f-fffa1b4df08b 0.059s
2026-02-17 15:30:28,023 122996 DEBUG    [tempest.lib.common.rest_client] Request - Headers: {'Content-Type': 'application/json', 'Accept': 'application/json', 'Openstack-Api-Version': 'volume 3.57', 'X-Auth-Token': '<omitted>'}
        Body: None
    Response - Headers: {'date': 'Tue, 17 Feb 2026 15:30:27 GMT', 'server': 'Apache/2.4.58 (Ubuntu)', 'content-type': 'application/json', 'x-compute-request-id': 'req-eec469df-96fa-4c4c-ac6c-2835790d766c', 'content-length': '912', 'openstack-api-version': 'volume 3.57', 'vary': 'OpenStack-API-Version', 'x-openstack-request-id': 'req-eec469df-96fa-4c4c-ac6c-2835790d766c', 'connection': 'close', 'status': '200', 'content-location': 'http://10.132.44.205/volume/v3/volumes/463ecfde-94db-458b-994f-fffa1b4df08b'}
        Body: b'{"volume": {"id": "463ecfde-94db-458b-994f-fffa1b4df08b", "status": "error", "size": 1, "availability_zone": "nova", "created_at": "2026-02-17T15:30:27.000000", "updated_at": "2026-02-17T15:30:27.000000", "name": "tempest-VolumesTransfersV357Test-Volume-1431134466", "description": null, "volume_type": "nvmetcp1", "snapshot_id": null, "source_volid": null, "metadata": {}, "links": [{"rel": "self", "href": "http://10.132.44.205/volume/v3/volumes/463ecfde-94db-458b-994f-fffa1b4df08b"}, {"rel": "bookmark", "href": "http://10.132.44.205/volume/volumes/463ecfde-94db-458b-994f-fffa1b4df08b"}], "user_id": "d4eb3cdf57dc4d89a80358612da416b6", "bootable": "false", "encrypted": false, "replication_status": null, "consistencygroup_id": null, "multiattach": false, "attachments": [], "group_id": null, "shared_targets": true, "service_uuid": null, "os-vol-tenant-attr:tenant_id": "28a0e7737f14426291113b31756370b6"}}'
2026-02-17 15:30:28,193 122996 INFO     [tempest.lib.common.rest_client] Request (VolumesTransfersV357Test:_run_cleanups): 202 DELETE http://10.132.44.205/volume/v3/volumes/463ecfde-94db-458b-994f-fffa1b4df08b 0.152s
2026-02-17 15:30:28,193 122996 DEBUG    [tempest.lib.common.rest_client] Request - Headers: {'Content-Type': 'application/json', 'Accept': 'application/json', 'Openstack-Api-Version': 'volume 3.57', 'X-Auth-Token': '<omitted>'}
        Body: None
    Response - Headers: {'date': 'Tue, 17 Feb 2026 15:30:28 GMT', 'server': 'Apache/2.4.58 (Ubuntu)', 'content-length': '0',
     'content-type': 'text/html; charset=UTF-8', 'openstack-api-version': 'volume 3.57', 'vary': 'OpenStack-API-Version', 'x-openstack-request-id': 'req-19b3e79f-0b43-4830-b9ed-5d501c99e1d7', 'connection': 'close', 'status': '202', 'content-location': 'http://10.132.44.205/volume/v3/volumes/463ecfde-94db-458b-994f-fffa1b4df08b'}
        Body: b''
2026-02-17 15:30:28,224 122996 INFO     [tempest.lib.common.rest_client] Request (VolumesTransfersV357Test:_run_cleanups): 404 GET http://10.132.44.205/volume/v3/volumes/463ecfde-94db-458b-994f-fffa1b4df08b 0.030s
2026-02-17 15:30:28,224 122996 DEBUG    [tempest.lib.common.rest_client] Request - Headers: {'Content-Type': 'application/json', 'Accept': 'application/json', 'Openstack-Api-Version': 'volume 3.57', 'X-Auth-Token': '<omitted>'}
        Body: None
    Response - Headers: {'date': 'Tue, 17 Feb 2026 15:30:28 GMT', 'server': 'Apache/2.4.58 (Ubuntu)', 'openstack-api-version': 'volume 3.57', 'vary': 'OpenStack-API-Version', 'content-length': '109', 'content-type': 'application/json', 'x-compute-request-id': 'req-c2934a45-5144-4fc5-a0e5-5f90573fc9b8', 'x-openstack-request-id': 'req-c2934a45-5144-4fc5-a0e5-5f90573fc9b8', 'connection': 'close', 'status': '404', 'content-location': 'http://10.132.44.205/volume/v3/volumes/463ecfde-94db-458b-994f-fffa1b4df08b'}
        Body: b'{"itemNotFound": {"code": 404, "message": "Volume 463ecfde-94db-458b-994f-fffa1b4df08b could not be found."}}'


tempest.api.volume.test_volume_transfers.VolumesTransfersV357Test.test_create_list_delete_volume_transfer[id-d4b20ec2-e1bb-4068-adcf-6c20020a8e05]
--------------------------------------------------------------------------------------------------------------------------------------------------

Captured traceback:
~~~~~~~~~~~~~~~~~~~
    Traceback (most recent call last):

      File "/opt/stack/tempest/tempest/api/volume/test_volume_transfers.py", line 150, in test_create_list_delete_volume_transfer
    test_create_list_delete_volume_transfer()

      File "/opt/stack/tempest/tempest/api/volume/test_volume_transfers.py", line 131, in test_create_list_delete_volume_transfer
    test_create_list_delete_volume_transfer()

      File "/opt/stack/tempest/tempest/api/volume/test_volume_transfers.py", line 81, in test_create_list_delete_volume_transfer
    volume = self.create_volume()
             ^^^^^^^^^^^^^^^^^^^^

      File "/opt/stack/tempest/tempest/api/volume/base.py", line 144, in create_volume
    waiters.wait_for_volume_resource_status(self.volumes_client,

      File "/opt/stack/tempest/tempest/common/waiters.py", line 379, in wait_for_volume_resource_status
    raise exceptions.VolumeResourceBuildErrorException(

    tempest.exceptions.VolumeResourceBuildErrorException: volume 29e0ac1b-3b6e-4a9f-84f0-c311d41d4ae0 failed to build and is in ERROR status


Captured pythonlogging:
~~~~~~~~~~~~~~~~~~~~~~~
    2026-02-17 15:30:28,498 122996 INFO     [tempest.lib.common.rest_client] Request (VolumesTransfersV357Test:test_create_list_delete_volume_transfer): 202 POST http://10.132.44.205/volume/v3/volumes 0.269s
2026-02-17 15:30:28,499 122996 DEBUG    [tempest.lib.common.rest_client] Request - Headers: {'Content-Type': 'application/json', 'Accept': 'application/json', 'Openstack-Api-Version': 'volume 3.57', 'X-Auth-Token': '<omitted>'}
        Body: {"volume": {"size": 1, "name": "tempest-VolumesTransfersV357Test-Volume-1955411557"}}
    Response - Headers: {'date': 'Tue, 17 Feb 2026 15:30:28 GMT', 'server': 'Apache/2.4.58 (Ubuntu)', 'content-type': 'application/json', 'x-compute-request-id': 'req-fe76ffe2-1dc6-497f-afcc-acf73721d6fc', 'content-length': '823', 'openstack-api-version': 'volume 3.57', 'vary': 'OpenStack-API-Version', 'x-openstack-request-id': 'req-fe76ffe2-1dc6-497f-afcc-acf73721d6fc', 'connection': 'close', 'status': '202', 'content-location': 'http://10.132.44.205/volume/v3/volumes'}
        Body: b'{"volume": {"id": "29e0ac1b-3b6e-4a9f-84f0-c311d41d4ae0", "status": "creating", "size": 1, "availability_zone": "nova", "created_at": "2026-02-17T15:30:28.409663", "updated_at": null, "name": "tempest-VolumesTransfersV357Test-Volume-1955411557", "description": null, "volume_type": "nvmetcp1", "snapshot_id": null, "source_volid": null, "metadata": {}, "links": [{"rel": "self", "href": "http://10.132.44.205/volume/v3/volumes/29e0ac1b-3b6e-4a9f-84f0-c311d41d4ae0"}, {"rel": "bookmark", "href": "http://10.132.44.205/volume/volumes/29e0ac1b-3b6e-4a9f-84f0-c311d41d4ae0"}], "user_id": "d4eb3cdf57dc4d89a80358612da416b6", "bootable": "false", "encrypted": false, "replication_status": null, "consistencygroup_id": null, "multiattach": false, "attachments": [], "group_id": null, "shared_targets": true, "service_uuid": null}}'
2026-02-17 15:30:28,572 122996 INFO     [tempest.lib.common.rest_client] Request (VolumesTransfersV357Test:test_create_list_delete_volume_transfer): 200 GET http://10.132.44.205/volume/v3/volumes/29e0ac1b-3b6e-4a9f-84f0-c311d41d4ae0 0.065s
2026-02-17 15:30:28,572 122996 DEBUG    [tempest.lib.common.rest_client] Request - Headers: {'Content-Type': 'application/json', 'Accept': 'application/json', 'Openstack-Api-Version': 'volume 3.57', 'X-Auth-Token': '<omitted>'}
        Body: None
    Response - Headers: {'date': 'Tue, 17 Feb 2026 15:30:28 GMT', 'server': 'Apache/2.4.58 (Ubuntu)', 'content-type': 'application/json', 'x-compute-request-id': 'req-cef9fc3e-4d69-41e7-a41f-20ab39e9d216', 'content-length': '891', 'openstack-api-version': 'volume 3.57', 'vary': 'OpenStack-API-Version', 'x-openstack-request-id': 'req-cef9fc3e-4d69-41e7-a41f-20ab39e9d216', 'connection': 'close', 'status': '200', 'content-location': 'http://10.132.44.205/volume/v3/volumes/29e0ac1b-3b6e-4a9f-84f0-c311d41d4ae0'}
        Body: b'{"volume": {"id": "29e0ac1b-3b6e-4a9f-84f0-c311d41d4ae0", "status": "creating", "size": 1, "availability_zone": "nova", "created_at": "2026-02-17T15:30:28.000000", "updated_at": null, "name": "tempest-VolumesTransfersV357Test-Volume-1955411557", "description": null, "volume_type": "nvmetcp1", "snapshot_id": null, "source_volid": null, "metadata": {}, "links": [{"rel": "self", "href": "http://10.132.44.205/volume/v3/volumes/29e0ac1b-3b6e-4a9f-84f0-c311d41d4ae0"}, {"rel": "bookmark", "href": "http://10.132.44.205/volume/volumes/29e0ac1b-3b6e-4a9f-84f0-c311d41d4ae0"}], "user_id": "d4eb3cdf57dc4d89a80358612da416b6", "bootable": "false", "encrypted": false, "replication_status": null, "consistencygroup_id": null, "multiattach": false, "attachments": [], "group_id": null, "shared_targets": true, "service_uuid": null, "os-vol-tenant-attr:tenant_id": "28a0e7737f14426291113b31756370b6"}}'
2026-02-17 15:30:29,643 122996 INFO     [tempest.lib.common.rest_client] Request (VolumesTransfersV357Test:test_create_list_delete_volume_transfer): 200 GET http://10.132.44.205/volume/v3/volumes/29e0ac1b-3b6e-4a9f-84f0-c311d41d4ae0 0.060s
2026-02-17 15:30:29,644 122996 DEBUG    [tempest.lib.common.rest_client] Request - Headers: {'Cont
    ent-Type': 'application/json', 'Accept': 'application/json', 'Openstack-Api-Version': 'volume 3.57', 'X-Auth-Token': '<omitted>'}
        Body: None
    Response - Headers: {'date': 'Tue, 17 Feb 2026 15:30:29 GMT', 'server': 'Apache/2.4.58 (Ubuntu)', 'content-type': 'application/json', 'x-compute-request-id': 'req-c090381b-e513-4083-909a-30220c1e5a74', 'content-length': '912', 'openstack-api-version': 'volume 3.57', 'vary': 'OpenStack-API-Version', 'x-openstack-request-id': 'req-c090381b-e513-4083-909a-30220c1e5a74', 'connection': 'close', 'status': '200', 'content-location': 'http://10.132.44.205/volume/v3/volumes/29e0ac1b-3b6e-4a9f-84f0-c311d41d4ae0'}
        Body: b'{"volume": {"id": "29e0ac1b-3b6e-4a9f-84f0-c311d41d4ae0", "status": "error", "size": 1, "availability_zone": "nova", "created_at": "2026-02-17T15:30:28.000000", "updated_at": "2026-02-17T15:30:29.000000", "name": "tempest-VolumesTransfersV357Test-Volume-1955411557", "description": null, "volume_type": "nvmetcp1", "snapshot_id": null, "source_volid": null, "metadata": {}, "links": [{"rel": "self", "href": "http://10.132.44.205/volume/v3/volumes/29e0ac1b-3b6e-4a9f-84f0-c311d41d4ae0"}, {"rel": "bookmark", "href": "http://10.132.44.205/volume/volumes/29e0ac1b-3b6e-4a9f-84f0-c311d41d4ae0"}], "user_id": "d4eb3cdf57dc4d89a80358612da416b6", "bootable": "false", "encrypted": false, "replication_status": null, "consistencygroup_id": null, "multiattach": false, "attachments": [], "group_id": null, "shared_targets": true, "service_uuid": null, "os-vol-tenant-attr:tenant_id": "28a0e7737f14426291113b31756370b6"}}'
2026-02-17 15:30:29,721 122996 INFO     [tempest.lib.common.rest_client] Request (VolumesTransfersV357Test:_run_cleanups): 200 GET http://10.132.44.205/volume/v3/volumes/29e0ac1b-3b6e-4a9f-84f0-c311d41d4ae0 0.059s
2026-02-17 15:30:29,721 122996 DEBUG    [tempest.lib.common.rest_client] Request - Headers: {'Content-Type': 'application/json', 'Accept': 'application/json', 'Openstack-Api-Version': 'volume 3.57', 'X-Auth-Token': '<omitted>'}
        Body: None
    Response - Headers: {'date': 'Tue, 17 Feb 2026 15:30:29 GMT', 'server': 'Apache/2.4.58 (Ubuntu)', 'content-type': 'application/json', 'x-compute-request-id': 'req-fef7c575-14bb-4c64-89fe-c14b10f9d090', 'content-length': '912', 'openstack-api-version': 'volume 3.57', 'vary': 'OpenStack-API-Version', 'x-openstack-request-id': 'req-fef7c575-14bb-4c64-89fe-c14b10f9d090', 'connection': 'close', 'status': '200', 'content-location': 'http://10.132.44.205/volume/v3/volumes/29e0ac1b-3b6e-4a9f-84f0-c311d41d4ae0'}
        Body: b'{"volume": {"id": "29e0ac1b-3b6e-4a9f-84f0-c311d41d4ae0", "status": "error", "size": 1, "availability_zone": "nova", "created_at": "2026-02-17T15:30:28.000000", "updated_at": "2026-02-17T15:30:29.000000", "name": "tempest-VolumesTransfersV357Test-Volume-1955411557", "description": null, "volume_type": "nvmetcp1", "snapshot_id": null, "source_volid": null, "metadata": {}, "links": [{"rel": "self", "href": "http://10.132.44.205/volume/v3/volumes/29e0ac1b-3b6e-4a9f-84f0-c311d41d4ae0"}, {"rel": "bookmark", "href": "http://10.132.44.205/volume/volumes/29e0ac1b-3b6e-4a9f-84f0-c311d41d4ae0"}], "user_id": "d4eb3cdf57dc4d89a80358612da416b6", "bootable": "false", "encrypted": false, "replication_status": null, "consistencygroup_id": null, "multiattach": false, "attachments": [], "group_id": null, "shared_targets": true, "service_uuid": null, "os-vol-tenant-attr:tenant_id": "28a0e7737f14426291113b31756370b6"}}'
2026-02-17 15:30:29,896 122996 INFO     [tempest.lib.common.rest_client] Request (VolumesTransfersV357Test:_run_cleanups): 202 DELETE http://10.132.44.205/volume/v3/volumes/29e0ac1b-3b6e-4a9f-84f0-c311d41d4ae0 0.157s
2026-02-17 15:30:29,897 122996 DEBUG    [tempest.lib.common.rest_client] Request - Headers: {'Content-Type': 'application/json', 'Accept': 'application/json', 'Openstack-Api-Version': 'volume 3.57', 'X-Auth-Token': '<omitted>'}
        Body: None
    Response - Headers: {'date': 'Tue, 17 Feb 2026 15:30:29 GMT', 'server': 'Apache/2.4.58 (Ubuntu)', 'content-length': '0', 'content-ty
    pe': 'text/html; charset=UTF-8', 'openstack-api-version': 'volume 3.57', 'vary': 'OpenStack-API-Version', 'x-openstack-request-id': 'req-aca85976-2940-47f3-ab34-e0e9710af847', 'connection': 'close', 'status': '202', 'content-location': 'http://10.132.44.205/volume/v3/volumes/29e0ac1b-3b6e-4a9f-84f0-c311d41d4ae0'}
        Body: b''
2026-02-17 15:30:29,928 122996 INFO     [tempest.lib.common.rest_client] Request (VolumesTransfersV357Test:_run_cleanups): 404 GET http://10.132.44.205/volume/v3/volumes/29e0ac1b-3b6e-4a9f-84f0-c311d41d4ae0 0.030s
2026-02-17 15:30:29,928 122996 DEBUG    [tempest.lib.common.rest_client] Request - Headers: {'Content-Type': 'application/json', 'Accept': 'application/json', 'Openstack-Api-Version': 'volume 3.57', 'X-Auth-Token': '<omitted>'}
        Body: None
    Response - Headers: {'date': 'Tue, 17 Feb 2026 15:30:29 GMT', 'server': 'Apache/2.4.58 (Ubuntu)', 'openstack-api-version': 'volume 3.57', 'vary': 'OpenStack-API-Version', 'content-length': '109', 'content-type': 'application/json', 'x-compute-request-id': 'req-bfc68e5c-f87e-4af2-b244-e3a0c41dfd9e', 'x-openstack-request-id': 'req-bfc68e5c-f87e-4af2-b244-e3a0c41dfd9e', 'connection': 'close', 'status': '404', 'content-location': 'http://10.132.44.205/volume/v3/volumes/29e0ac1b-3b6e-4a9f-84f0-c311d41d4ae0'}
        Body: b'{"itemNotFound": {"code": 404, "message": "Volume 29e0ac1b-3b6e-4a9f-84f0-c311d41d4ae0 could not be found."}}'


tempest.api.volume.test_volumes_clone.VolumesCloneTest.test_create_from_volume[id-9adae371-a257-43a5-9555-dc7c88e66e0e]
-----------------------------------------------------------------------------------------------------------------------

Captured traceback:
~~~~~~~~~~~~~~~~~~~
    Traceback (most recent call last):

      File "/opt/stack/tempest/tempest/api/volume/test_volumes_clone.py", line 54, in test_create_from_volume
    src_vol = self.create_volume(size=src_size)
              ^^^^^^^^^^^^^^^^^^^^^^^^^^^^^^^^^

      File "/opt/stack/tempest/tempest/api/volume/base.py", line 144, in create_volume
    waiters.wait_for_volume_resource_status(self.volumes_client,

      File "/opt/stack/tempest/tempest/common/waiters.py", line 379, in wait_for_volume_resource_status
    raise exceptions.VolumeResourceBuildErrorException(

    tempest.exceptions.VolumeResourceBuildErrorException: volume 76bbedfd-ceeb-4680-a6a8-db056aa83ce5 failed to build and is in ERROR status


Captured pythonlogging:
~~~~~~~~~~~~~~~~~~~~~~~
    2026-02-17 15:30:35,026 122996 INFO     [tempest.lib.common.rest_client] Request (VolumesCloneTest:test_create_from_volume): 202 POST http://10.132.44.205/volume/v3/volumes 0.379s
2026-02-17 15:30:35,026 122996 DEBUG    [tempest.lib.common.rest_client] Request - Headers: {'Content-Type': 'application/json', 'Accept': 'application/json', 'X-Auth-Token': '<omitted>'}
        Body: {"volume": {"size": 1, "name": "tempest-VolumesCloneTest-Volume-361236425"}}
    Response - Headers: {'date': 'Tue, 17 Feb 2026 15:30:34 GMT', 'server': 'Apache/2.4.58 (Ubuntu)', 'content-type': 'application/json', 'x-compute-request-id': 'req-791d17ba-fb37-4e56-a9a2-bf884a44d7a2', 'content-length': '750', 'openstack-api-version': 'volume 3.0', 'vary': 'OpenStack-API-Version', 'x-openstack-request-id': 'req-791d17ba-fb37-4e56-a9a2-bf884a44d7a2', 'connection': 'close', 'status': '202', 'content-location': 'http://10.132.44.205/volume/v3/volumes'}
        Body: b'{"volume": {"id": "76bbedfd-ceeb-4680-a6a8-db056aa83ce5", "status": "creating", "size": 1, "availability_zone": "nova", "created_at": "2026-02-17T15:30:34.946821", "updated_at": null, "name": "tempest-VolumesCloneTest-Volume-361236425", "description": null, "volume_type": "nvmetcp1", "snapshot_id": null, "source_volid": null, "metadata": {}, "links": [{"rel": "self", "href": "http://10.132.44.205/volume/v3/volumes/76bbedfd-ceeb-4680-a6a8-db056aa83ce5"}, {"rel": "bookmark", "href": "http://10.132.44.205/volume/volumes/76bbedfd-ceeb-4680-a6a8-db056aa83ce5"}], "user_id": "fa52808ac2f64ecdb060e369f71d43aa", "bootable": "false", "encrypted": false, "replication_status": null, "consistencygroup_id": null, "multiattach": false, "attachments": []}}'
2026-02-17 15:30:35,098 122996 INFO     [tempest.lib.common.rest_client] Request (VolumesCloneTest:test_create_from_volume): 200 GET http://10.132.44.205/volume/v3/volumes/76bbedfd-ceeb-4680-a6a8-db056aa83ce5 0.056s
2026-02-17 15:30:35,099 122996 DEBUG    [tempest.lib.common.rest_client] Request - Headers: {'Content-Type': 'application/json', 'Accept': 'application/json', 'X-Auth-Token': '<omitted>'}
        Body: None
    Response - Headers: {'date': 'Tue, 17 Feb 2026 15:30:35 GMT', 'server': 'Apache/2.4.58 (Ubuntu)', 'content-type': 'application/json', 'x-compute-request-id': 'req-49172991-8ec7-43b5-bf37-f9acd1722339', 'content-length': '818', 'openstack-api-version': 'volume 3.0', 'vary': 'OpenStack-API-Version', 'x-openstack-request-id': 'req-49172991-8ec7-43b5-bf37-f9acd1722339', 'connection': 'close', 'status': '200', 'content-location': 'http://10.132.44.205/volume/v3/volumes/76bbedfd-ceeb-4680-a6a8-db056aa83ce5'}
        Body: b'{"volume": {"id": "76bbedfd-ceeb-4680-a6a8-db056aa83ce5", "status": "creating", "size": 1, "availability_zone": "nova", "created_at": "2026-02-17T15:30:35.000000", "updated_at": null, "name": "tempest-VolumesCloneTest-Volume-361236425", "description": null, "volume_type": "nvmetcp1", "snapshot_id": null, "source_volid": null, "metadata": {}, "links": [{"rel": "self", "href": "http://10.132.44.205/volume/v3/volumes/76bbedfd-ceeb-4680-a6a8-db056aa83ce5"}, {"rel": "bookmark", "href": "http://10.132.44.205/volume/volumes/76bbedfd-ceeb-4680-a6a8-db056aa83ce5"}], "user_id": "fa52808ac2f64ecdb060e369f71d43aa", "bootable": "false", "encrypted": false, "replication_status": null, "consistencygroup_id": null, "multiattach": false, "attachments": [], "os-vol-tenant-attr:tenant_id": "59698a827a844ce59cc9e94bc69f2e16"}}'
2026-02-17 15:30:36,178 122996 INFO     [tempest.lib.common.rest_client] Request (VolumesCloneTest:test_create_from_volume): 200 GET http://10.132.44.205/volume/v3/volumes/76bbedfd-ceeb-4680-a6a8-db056aa83ce5 0.059s
2026-02-17 15:30:36,179 122996 DEBUG    [tempest.lib.common.rest_client] Request - Headers: {'Content-Type': 'application/json', 'Accept': 'application/json', 'X-Auth-Token': '<omitted>'}
        Body: None
    Response - Headers: {'date': 'Tue, 17 Feb 2026 15:30:36 GMT', 'server': 'Apache/2.4.58 (Ubuntu)', 'content-type': 'application/json', 'x-compute-request-id': 'req-04fa5f24-e529-46a8-bcbe-8e6c1c502
    2bc', 'content-length': '839', 'openstack-api-version': 'volume 3.0', 'vary': 'OpenStack-API-Version', 'x-openstack-request-id': 'req-04fa5f24-e529-46a8-bcbe-8e6c1c5022bc', 'connection': 'close', 'status': '200', 'content-location': 'http://10.132.44.205/volume/v3/volumes/76bbedfd-ceeb-4680-a6a8-db056aa83ce5'}
        Body: b'{"volume": {"id": "76bbedfd-ceeb-4680-a6a8-db056aa83ce5", "status": "error", "size": 1, "availability_zone": "nova", "created_at": "2026-02-17T15:30:35.000000", "updated_at": "2026-02-17T15:30:35.000000", "name": "tempest-VolumesCloneTest-Volume-361236425", "description": null, "volume_type": "nvmetcp1", "snapshot_id": null, "source_volid": null, "metadata": {}, "links": [{"rel": "self", "href": "http://10.132.44.205/volume/v3/volumes/76bbedfd-ceeb-4680-a6a8-db056aa83ce5"}, {"rel": "bookmark", "href": "http://10.132.44.205/volume/volumes/76bbedfd-ceeb-4680-a6a8-db056aa83ce5"}], "user_id": "fa52808ac2f64ecdb060e369f71d43aa", "bootable": "false", "encrypted": false, "replication_status": null, "consistencygroup_id": null, "multiattach": false, "attachments": [], "os-vol-tenant-attr:tenant_id": "59698a827a844ce59cc9e94bc69f2e16"}}'
2026-02-17 15:30:36,254 122996 INFO     [tempest.lib.common.rest_client] Request (VolumesCloneTest:_run_cleanups): 200 GET http://10.132.44.205/volume/v3/volumes/76bbedfd-ceeb-4680-a6a8-db056aa83ce5 0.056s
2026-02-17 15:30:36,254 122996 DEBUG    [tempest.lib.common.rest_client] Request - Headers: {'Content-Type': 'application/json', 'Accept': 'application/json', 'X-Auth-Token': '<omitted>'}
        Body: None
    Response - Headers: {'date': 'Tue, 17 Feb 2026 15:30:36 GMT', 'server': 'Apache/2.4.58 (Ubuntu)', 'content-type': 'application/json', 'x-compute-request-id': 'req-9a4b701b-0a4b-4e20-b01f-ffdeadd8e06a', 'content-length': '839', 'openstack-api-version': 'volume 3.0', 'vary': 'OpenStack-API-Version', 'x-openstack-request-id': 'req-9a4b701b-0a4b-4e20-b01f-ffdeadd8e06a', 'connection': 'close', 'status': '200', 'content-location': 'http://10.132.44.205/volume/v3/volumes/76bbedfd-ceeb-4680-a6a8-db056aa83ce5'}
        Body: b'{"volume": {"id": "76bbedfd-ceeb-4680-a6a8-db056aa83ce5", "status": "error", "size": 1, "availability_zone": "nova", "created_at": "2026-02-17T15:30:35.000000", "updated_at": "2026-02-17T15:30:35.000000", "name": "tempest-VolumesCloneTest-Volume-361236425", "description": null, "volume_type": "nvmetcp1", "snapshot_id": null, "source_volid": null, "metadata": {}, "links": [{"rel": "self", "href": "http://10.132.44.205/volume/v3/volumes/76bbedfd-ceeb-4680-a6a8-db056aa83ce5"}, {"rel": "bookmark", "href": "http://10.132.44.205/volume/volumes/76bbedfd-ceeb-4680-a6a8-db056aa83ce5"}], "user_id": "fa52808ac2f64ecdb060e369f71d43aa", "bootable": "false", "encrypted": false, "replication_status": null, "consistencygroup_id": null, "multiattach": false, "attachments": [], "os-vol-tenant-attr:tenant_id": "59698a827a844ce59cc9e94bc69f2e16"}}'
2026-02-17 15:30:36,446 122996 INFO     [tempest.lib.common.rest_client] Request (VolumesCloneTest:_run_cleanups): 202 DELETE http://10.132.44.205/volume/v3/volumes/76bbedfd-ceeb-4680-a6a8-db056aa83ce5 0.172s
2026-02-17 15:30:36,446 122996 DEBUG    [tempest.lib.common.rest_client] Request - Headers: {'Content-Type': 'application/json', 'Accept': 'application/json', 'X-Auth-Token': '<omitted>'}
        Body: None
    Response - Headers: {'date': 'Tue, 17 Feb 2026 15:30:36 GMT', 'server': 'Apache/2.4.58 (Ubuntu)', 'content-length': '0', 'content-type': 'text/html; charset=UTF-8', 'openstack-api-version': 'volume 3.0', 'vary': 'OpenStack-API-Version', 'x-openstack-request-id': 'req-cb4221b3-cfa9-4364-b88f-5c6b80c037f3', 'connection': 'close', 'status': '202', 'content-location': 'http://10.132.44.205/volume/v3/volumes/76bbedfd-ceeb-4680-a6a8-db056aa83ce5'}
        Body: b''
2026-02-17 15:30:36,486 122996 INFO     [tempest.lib.common.rest_client] Request (VolumesCloneTest:_run_cleanups): 404 GET http://10.132.44.205/volume/v3/volumes/76bbedfd-ceeb-4680-a6a8-db056aa83ce5 0.038s
2026-02-17 15:30:36,487 122996 DEBUG    [tempest.lib.co
    mmon.rest_client] Request - Headers: {'Content-Type': 'application/json', 'Accept': 'application/json', 'X-Auth-Token': '<omitted>'}
        Body: None
    Response - Headers: {'date': 'Tue, 17 Feb 2026 15:30:36 GMT', 'server': 'Apache/2.4.58 (Ubuntu)', 'openstack-api-version': 'volume 3.0', 'vary': 'OpenStack-API-Version', 'content-length': '109', 'content-type': 'application/json', 'x-compute-request-id': 'req-507e244f-927d-425f-832b-5f9b10eaee17', 'x-openstack-request-id': 'req-507e244f-927d-425f-832b-5f9b10eaee17', 'connection': 'close', 'status': '404', 'content-location': 'http://10.132.44.205/volume/v3/volumes/76bbedfd-ceeb-4680-a6a8-db056aa83ce5'}
        Body: b'{"itemNotFound": {"code": 404, "message": "Volume 76bbedfd-ceeb-4680-a6a8-db056aa83ce5 could not be found."}}'


tempest.api.volume.test_volumes_clone_negative.VolumesCloneNegativeTest.test_create_from_volume_decreasing_size[id-9adae371-a257-43a5-459a-dc7c88e66e0e,negative]
-----------------------------------------------------------------------------------------------------------------------------------------------------------------

Captured traceback:
~~~~~~~~~~~~~~~~~~~
    Traceback (most recent call last):

      File "/opt/stack/tempest/tempest/api/volume/test_volumes_clone_negative.py", line 40, in test_create_from_volume_decreasing_size
    src_vol = self.create_volume(size=src_size)
              ^^^^^^^^^^^^^^^^^^^^^^^^^^^^^^^^^

      File "/opt/stack/tempest/tempest/api/volume/base.py", line 144, in create_volume
    waiters.wait_for_volume_resource_status(self.volumes_client,

      File "/opt/stack/tempest/tempest/common/waiters.py", line 379, in wait_for_volume_resource_status
    raise exceptions.VolumeResourceBuildErrorException(

    tempest.exceptions.VolumeResourceBuildErrorException: volume 2da54020-c202-4279-89c5-8a41b03d2ded failed to build and is in ERROR status


Captured pythonlogging:
~~~~~~~~~~~~~~~~~~~~~~~
    2026-02-17 15:30:39,426 122996 INFO     [tempest.lib.common.rest_client] Request (VolumesCloneNegativeTest:test_create_from_volume_decreasing_size): 202 POST http://10.132.44.205/volume/v3/volumes 0.485s
2026-02-17 15:30:39,427 122996 DEBUG    [tempest.lib.common.rest_client] Request - Headers: {'Content-Type': 'application/json', 'Accept': 'application/json', 'X-Auth-Token': '<omitted>'}
        Body: {"volume": {"size": 2, "name": "tempest-VolumesCloneNegativeTest-Volume-1939646172"}}
    Response - Headers: {'date': 'Tue, 17 Feb 2026 15:30:38 GMT', 'server': 'Apache/2.4.58 (Ubuntu)', 'content-type': 'application/json', 'x-compute-request-id': 'req-fdcb1bfc-72ed-4bf4-8ace-26ed4196409d', 'content-length': '759', 'openstack-api-version': 'volume 3.0', 'vary': 'OpenStack-API-Version', 'x-openstack-request-id': 'req-fdcb1bfc-72ed-4bf4-8ace-26ed4196409d', 'connection': 'close', 'status': '202', 'content-location': 'http://10.132.44.205/volume/v3/volumes'}
        Body: b'{"volume": {"id": "2da54020-c202-4279-89c5-8a41b03d2ded", "status": "creating", "size": 2, "availability_zone": "nova", "created_at": "2026-02-17T15:30:39.327920", "updated_at": null, "name": "tempest-VolumesCloneNegativeTest-Volume-1939646172", "description": null, "volume_type": "nvmetcp1", "snapshot_id": null, "source_volid": null, "metadata": {}, "links": [{"rel": "self", "href": "http://10.132.44.205/volume/v3/volumes/2da54020-c202-4279-89c5-8a41b03d2ded"}, {"rel": "bookmark", "href": "http://10.132.44.205/volume/volumes/2da54020-c202-4279-89c5-8a41b03d2ded"}], "user_id": "c7a802236e9f4eb79ef3306c8e42c081", "bootable": "false", "encrypted": false, "replication_status": null, "consistencygroup_id": null, "multiattach": false, "attachments": []}}'
2026-02-17 15:30:39,536 122996 INFO     [tempest.lib.common.rest_client] Request (VolumesCloneNegativeTest:test_create_from_volume_decreasing_size): 200 GET http://10.132.44.205/volume/v3/volumes/2da54020-c202-4279-89c5-8a41b03d2ded 0.094s
2026-02-17 15:30:39,537 122996 DEBUG    [tempest.lib.common.rest_client] Request - Headers: {'Content-Type': 'application/json', 'Accept': 'application/json', 'X-Auth-Token': '<omitted>'}
        Body: None
    Response - Headers: {'date': 'Tue, 17 Feb 2026 15:30:39 GMT', 'server': 'Apache/2.4.58 (Ubuntu)', 'content-type': 'application/json', 'x-compute-request-id': 'req-99039266-8c8c-4433-9504-e1a1b7731dbd', 'content-length': '827', 'openstack-api-version': 'volume 3.0', 'vary': 'OpenStack-API-Version', 'x-openstack-request-id': 'req-99039266-8c8c-4433-9504-e1a1b7731dbd', 'connection': 'close', 'status': '200', 'content-location': 'http://10.132.44.205/volume/v3/volumes/2da54020-c202-4279-89c5-8a41b03d2ded'}
        Body: b'{"volume": {"id": "2da54020-c202-4279-89c5-8a41b03d2ded", "status": "creating", "size": 2, "availability_zone": "nova", "created_at": "2026-02-17T15:30:39.000000", "updated_at": null, "name": "tempest-VolumesCloneNegativeTest-Volume-1939646172", "description": null, "volume_type": "nvmetcp1", "snapshot_id": null, "source_volid": null, "metadata": {}, "links": [{"rel": "self", "href": "http://10.132.44.205/volume/v3/volumes/2da54020-c202-4279-89c5-8a41b03d2ded"}, {"rel": "bookmark", "href": "http://10.132.44.205/volume/volumes/2da54020-c202-4279-89c5-8a41b03d2ded"}], "user_id": "c7a802236e9f4eb79ef3306c8e42c081", "bootable": "false", "encrypted": false, "replication_status": null, "consistencygroup_id": null, "multiattach": false, "attachments": [], "os-vol-tenant-attr:tenant_id": "b3c5aa01413c4cd98246fefc25f490ce"}}'
2026-02-17 15:30:40,622 122996 INFO     [tempest.lib.common.rest_client] Request (VolumesCloneNegativeTest:test_create_from_volume_decreasing_size): 200 GET http://10.132.44.205/volume/v3/volumes/2da54020-c202-4279-89c5-8a41b03d2ded 0.071s
2026-02-17 15:30:40,623 122996 DEBUG    [tempest.lib.common.rest_client] Request - Headers: {'Content-Type': 'application/json', 'Accept': 'application/json', 'X-Auth-Token': '<omitted>'}
        Body: None
    Response - Headers: {'date': 'Tue, 17 Feb 2026 15:30:40 GMT', 'server': 'Apache/2.4.58 (Ubuntu)',
     'content-type': 'application/json', 'x-compute-request-id': 'req-f38ebaa4-335d-4359-8cbf-f56f5f9f4966', 'content-length': '848', 'openstack-api-version': 'volume 3.0', 'vary': 'OpenStack-API-Version', 'x-openstack-request-id': 'req-f38ebaa4-335d-4359-8cbf-f56f5f9f4966', 'connection': 'close', 'status': '200', 'content-location': 'http://10.132.44.205/volume/v3/volumes/2da54020-c202-4279-89c5-8a41b03d2ded'}
        Body: b'{"volume": {"id": "2da54020-c202-4279-89c5-8a41b03d2ded", "status": "error", "size": 2, "availability_zone": "nova", "created_at": "2026-02-17T15:30:39.000000", "updated_at": "2026-02-17T15:30:40.000000", "name": "tempest-VolumesCloneNegativeTest-Volume-1939646172", "description": null, "volume_type": "nvmetcp1", "snapshot_id": null, "source_volid": null, "metadata": {}, "links": [{"rel": "self", "href": "http://10.132.44.205/volume/v3/volumes/2da54020-c202-4279-89c5-8a41b03d2ded"}, {"rel": "bookmark", "href": "http://10.132.44.205/volume/volumes/2da54020-c202-4279-89c5-8a41b03d2ded"}], "user_id": "c7a802236e9f4eb79ef3306c8e42c081", "bootable": "false", "encrypted": false, "replication_status": null, "consistencygroup_id": null, "multiattach": false, "attachments": [], "os-vol-tenant-attr:tenant_id": "b3c5aa01413c4cd98246fefc25f490ce"}}'
2026-02-17 15:30:40,701 122996 INFO     [tempest.lib.common.rest_client] Request (VolumesCloneNegativeTest:_run_cleanups): 200 GET http://10.132.44.205/volume/v3/volumes/2da54020-c202-4279-89c5-8a41b03d2ded 0.058s
2026-02-17 15:30:40,701 122996 DEBUG    [tempest.lib.common.rest_client] Request - Headers: {'Content-Type': 'application/json', 'Accept': 'application/json', 'X-Auth-Token': '<omitted>'}
        Body: None
    Response - Headers: {'date': 'Tue, 17 Feb 2026 15:30:40 GMT', 'server': 'Apache/2.4.58 (Ubuntu)', 'content-type': 'application/json', 'x-compute-request-id': 'req-935d652c-7f41-44a8-9d11-f2f50d6942ac', 'content-length': '848', 'openstack-api-version': 'volume 3.0', 'vary': 'OpenStack-API-Version', 'x-openstack-request-id': 'req-935d652c-7f41-44a8-9d11-f2f50d6942ac', 'connection': 'close', 'status': '200', 'content-location': 'http://10.132.44.205/volume/v3/volumes/2da54020-c202-4279-89c5-8a41b03d2ded'}
        Body: b'{"volume": {"id": "2da54020-c202-4279-89c5-8a41b03d2ded", "status": "error", "size": 2, "availability_zone": "nova", "created_at": "2026-02-17T15:30:39.000000", "updated_at": "2026-02-17T15:30:40.000000", "name": "tempest-VolumesCloneNegativeTest-Volume-1939646172", "description": null, "volume_type": "nvmetcp1", "snapshot_id": null, "source_volid": null, "metadata": {}, "links": [{"rel": "self", "href": "http://10.132.44.205/volume/v3/volumes/2da54020-c202-4279-89c5-8a41b03d2ded"}, {"rel": "bookmark", "href": "http://10.132.44.205/volume/volumes/2da54020-c202-4279-89c5-8a41b03d2ded"}], "user_id": "c7a802236e9f4eb79ef3306c8e42c081", "bootable": "false", "encrypted": false, "replication_status": null, "consistencygroup_id": null, "multiattach": false, "attachments": [], "os-vol-tenant-attr:tenant_id": "b3c5aa01413c4cd98246fefc25f490ce"}}'
2026-02-17 15:30:40,877 122996 INFO     [tempest.lib.common.rest_client] Request (VolumesCloneNegativeTest:_run_cleanups): 202 DELETE http://10.132.44.205/volume/v3/volumes/2da54020-c202-4279-89c5-8a41b03d2ded 0.158s
2026-02-17 15:30:40,878 122996 DEBUG    [tempest.lib.common.rest_client] Request - Headers: {'Content-Type': 'application/json', 'Accept': 'application/json', 'X-Auth-Token': '<omitted>'}
        Body: None
    Response - Headers: {'date': 'Tue, 17 Feb 2026 15:30:40 GMT', 'server': 'Apache/2.4.58 (Ubuntu)', 'content-length': '0', 'content-type': 'text/html; charset=UTF-8', 'openstack-api-version': 'volume 3.0', 'vary': 'OpenStack-API-Version', 'x-openstack-request-id': 'req-a9b55f68-faef-4362-878b-2c763d564202', 'connection': 'close', 'status': '202', 'content-location': 'http://10.132.44.205/volume/v3/volumes/2da54020-c202-4279-89c5-8a41b03d2ded'}
        Body: b''
2026-02-17 15:30:40,911 122996 INFO     [tempest.lib.common.rest_client] Request (VolumesCloneNegativeTest:_run_cleanups): 404 G
    ET http://10.132.44.205/volume/v3/volumes/2da54020-c202-4279-89c5-8a41b03d2ded 0.032s
2026-02-17 15:30:40,911 122996 DEBUG    [tempest.lib.common.rest_client] Request - Headers: {'Content-Type': 'application/json', 'Accept': 'application/json', 'X-Auth-Token': '<omitted>'}
        Body: None
    Response - Headers: {'date': 'Tue, 17 Feb 2026 15:30:40 GMT', 'server': 'Apache/2.4.58 (Ubuntu)', 'openstack-api-version': 'volume 3.0', 'vary': 'OpenStack-API-Version', 'content-length': '109', 'content-type': 'application/json', 'x-compute-request-id': 'req-7fc1c1c7-4114-43ac-83b2-5a0820794f54', 'x-openstack-request-id': 'req-7fc1c1c7-4114-43ac-83b2-5a0820794f54', 'connection': 'close', 'status': '404', 'content-location': 'http://10.132.44.205/volume/v3/volumes/2da54020-c202-4279-89c5-8a41b03d2ded'}
        Body: b'{"itemNotFound": {"code": 404, "message": "Volume 2da54020-c202-4279-89c5-8a41b03d2ded could not be found."}}'


tempest.api.volume.test_volumes_get.VolumesGetTest.test_volume_create_get_update_delete[id-27fb0e9f-fb64-41dd-8bdb-1ffa762f0d51,smoke]
--------------------------------------------------------------------------------------------------------------------------------------

Captured traceback:
~~~~~~~~~~~~~~~~~~~
    Traceback (most recent call last):

      File "/opt/stack/tempest/tempest/api/volume/test_volumes_get.py", line 117, in test_volume_create_get_update_delete
    self._volume_create_get_update_delete(size=CONF.volume.volume_size)

      File "/opt/stack/tempest/tempest/api/volume/test_volumes_get.py", line 40, in _volume_create_get_update_delete
    volume = self.create_volume(wait_until='available', **kwargs)
             ^^^^^^^^^^^^^^^^^^^^^^^^^^^^^^^^^^^^^^^^^^^^^^^^^^^^

      File "/opt/stack/tempest/tempest/api/volume/base.py", line 144, in create_volume
    waiters.wait_for_volume_resource_status(self.volumes_client,

      File "/opt/stack/tempest/tempest/common/waiters.py", line 379, in wait_for_volume_resource_status
    raise exceptions.VolumeResourceBuildErrorException(

    tempest.exceptions.VolumeResourceBuildErrorException: volume d68e34ed-704d-492f-aedf-b18965d8a5ca failed to build and is in ERROR status


Captured pythonlogging:
~~~~~~~~~~~~~~~~~~~~~~~
    2026-02-17 15:30:43,939 122996 INFO     [tempest.lib.common.rest_client] Request (VolumesGetTest:test_volume_create_get_update_delete): 202 POST http://10.132.44.205/volume/v3/volumes 0.515s
2026-02-17 15:30:43,940 122996 DEBUG    [tempest.lib.common.rest_client] Request - Headers: {'Content-Type': 'application/json', 'Accept': 'application/json', 'X-Auth-Token': '<omitted>'}
        Body: {"volume": {"size": 1, "name": "tempest-VolumesGetTest-Volume-1846629212", "metadata": {"Type": "Test"}}}
    Response - Headers: {'date': 'Tue, 17 Feb 2026 15:30:43 GMT', 'server': 'Apache/2.4.58 (Ubuntu)', 'content-type': 'application/json', 'x-compute-request-id': 'req-0c1ec14e-8c71-4e5d-99f4-963967fa9a14', 'content-length': '763', 'openstack-api-version': 'volume 3.0', 'vary': 'OpenStack-API-Version', 'x-openstack-request-id': 'req-0c1ec14e-8c71-4e5d-99f4-963967fa9a14', 'connection': 'close', 'status': '202', 'content-location': 'http://10.132.44.205/volume/v3/volumes'}
        Body: b'{"volume": {"id": "d68e34ed-704d-492f-aedf-b18965d8a5ca", "status": "creating", "size": 1, "availability_zone": "nova", "created_at": "2026-02-17T15:30:43.822795", "updated_at": null, "name": "tempest-VolumesGetTest-Volume-1846629212", "description": null, "volume_type": "nvmetcp1", "snapshot_id": null, "source_volid": null, "metadata": {"Type": "Test"}, "links": [{"rel": "self", "href": "http://10.132.44.205/volume/v3/volumes/d68e34ed-704d-492f-aedf-b18965d8a5ca"}, {"rel": "bookmark", "href": "http://10.132.44.205/volume/volumes/d68e34ed-704d-492f-aedf-b18965d8a5ca"}], "user_id": "7d222de327204463ad7b4764092eb705", "bootable": "false", "encrypted": false, "replication_status": null, "consistencygroup_id": null, "multiattach": false, "attachments": []}}'
2026-02-17 15:30:44,040 122996 INFO     [tempest.lib.common.rest_client] Request (VolumesGetTest:test_volume_create_get_update_delete): 200 GET http://10.132.44.205/volume/v3/volumes/d68e34ed-704d-492f-aedf-b18965d8a5ca 0.085s
2026-02-17 15:30:44,041 122996 DEBUG    [tempest.lib.common.rest_client] Request - Headers: {'Content-Type': 'application/json', 'Accept': 'application/json', 'X-Auth-Token': '<omitted>'}
        Body: None
    Response - Headers: {'date': 'Tue, 17 Feb 2026 15:30:43 GMT', 'server': 'Apache/2.4.58 (Ubuntu)', 'content-type': 'application/json', 'x-compute-request-id': 'req-03cc7aab-6f06-4051-8567-36a0e254e8c7', 'content-length': '831', 'openstack-api-version': 'volume 3.0', 'vary': 'OpenStack-API-Version', 'x-openstack-request-id': 'req-03cc7aab-6f06-4051-8567-36a0e254e8c7', 'connection': 'close', 'status': '200', 'content-location': 'http://10.132.44.205/volume/v3/volumes/d68e34ed-704d-492f-aedf-b18965d8a5ca'}
        Body: b'{"volume": {"id": "d68e34ed-704d-492f-aedf-b18965d8a5ca", "status": "creating", "size": 1, "availability_zone": "nova", "created_at": "2026-02-17T15:30:44.000000", "updated_at": null, "name": "tempest-VolumesGetTest-Volume-1846629212", "description": null, "volume_type": "nvmetcp1", "snapshot_id": null, "source_volid": null, "metadata": {"Type": "Test"}, "links": [{"rel": "self", "href": "http://10.132.44.205/volume/v3/volumes/d68e34ed-704d-492f-aedf-b18965d8a5ca"}, {"rel": "bookmark", "href": "http://10.132.44.205/volume/volumes/d68e34ed-704d-492f-aedf-b18965d8a5ca"}], "user_id": "7d222de327204463ad7b4764092eb705", "bootable": "false", "encrypted": false, "replication_status": null, "consistencygroup_id": null, "multiattach": false, "attachments": [], "os-vol-tenant-attr:tenant_id": "f9340611cb9a49c5a986505c849b44f2"}}'
2026-02-17 15:30:45,124 122996 INFO     [tempest.lib.common.rest_client] Request (VolumesGetTest:test_volume_create_get_update_delete): 200 GET http://10.132.44.205/volume/v3/volumes/d68e34ed-704d-492f-aedf-b18965d8a5ca 0.065s
2026-02-17 15:30:45,125 122996 DEBUG    [tempest.lib.common.rest_client] Request - Headers: {'Content-Type': 'application/json', 'Accept': 'application/json', 'X-Auth-Token': '<omitted>'}
        Body: None
    Response - Headers: {'date': 'Tue, 17 Feb 2026 15:30:45 GMT', 'server': 'Apache/2.4.58 (Ubuntu)', 'content-t
    ype': 'application/json', 'x-compute-request-id': 'req-88d262ef-2488-4862-88d3-3fcf3b8a81f4', 'content-length': '852', 'openstack-api-version': 'volume 3.0', 'vary': 'OpenStack-API-Version', 'x-openstack-request-id': 'req-88d262ef-2488-4862-88d3-3fcf3b8a81f4', 'connection': 'close', 'status': '200', 'content-location': 'http://10.132.44.205/volume/v3/volumes/d68e34ed-704d-492f-aedf-b18965d8a5ca'}
        Body: b'{"volume": {"id": "d68e34ed-704d-492f-aedf-b18965d8a5ca", "status": "error", "size": 1, "availability_zone": "nova", "created_at": "2026-02-17T15:30:44.000000", "updated_at": "2026-02-17T15:30:44.000000", "name": "tempest-VolumesGetTest-Volume-1846629212", "description": null, "volume_type": "nvmetcp1", "snapshot_id": null, "source_volid": null, "metadata": {"Type": "Test"}, "links": [{"rel": "self", "href": "http://10.132.44.205/volume/v3/volumes/d68e34ed-704d-492f-aedf-b18965d8a5ca"}, {"rel": "bookmark", "href": "http://10.132.44.205/volume/volumes/d68e34ed-704d-492f-aedf-b18965d8a5ca"}], "user_id": "7d222de327204463ad7b4764092eb705", "bootable": "false", "encrypted": false, "replication_status": null, "consistencygroup_id": null, "multiattach": false, "attachments": [], "os-vol-tenant-attr:tenant_id": "f9340611cb9a49c5a986505c849b44f2"}}'
2026-02-17 15:30:45,214 122996 INFO     [tempest.lib.common.rest_client] Request (VolumesGetTest:_run_cleanups): 200 GET http://10.132.44.205/volume/v3/volumes/d68e34ed-704d-492f-aedf-b18965d8a5ca 0.070s
2026-02-17 15:30:45,215 122996 DEBUG    [tempest.lib.common.rest_client] Request - Headers: {'Content-Type': 'application/json', 'Accept': 'application/json', 'X-Auth-Token': '<omitted>'}
        Body: None
    Response - Headers: {'date': 'Tue, 17 Feb 2026 15:30:45 GMT', 'server': 'Apache/2.4.58 (Ubuntu)', 'content-type': 'application/json', 'x-compute-request-id': 'req-00122479-6362-4b28-8ac3-1825b66c3e76', 'content-length': '852', 'openstack-api-version': 'volume 3.0', 'vary': 'OpenStack-API-Version', 'x-openstack-request-id': 'req-00122479-6362-4b28-8ac3-1825b66c3e76', 'connection': 'close', 'status': '200', 'content-location': 'http://10.132.44.205/volume/v3/volumes/d68e34ed-704d-492f-aedf-b18965d8a5ca'}
        Body: b'{"volume": {"id": "d68e34ed-704d-492f-aedf-b18965d8a5ca", "status": "error", "size": 1, "availability_zone": "nova", "created_at": "2026-02-17T15:30:44.000000", "updated_at": "2026-02-17T15:30:44.000000", "name": "tempest-VolumesGetTest-Volume-1846629212", "description": null, "volume_type": "nvmetcp1", "snapshot_id": null, "source_volid": null, "metadata": {"Type": "Test"}, "links": [{"rel": "self", "href": "http://10.132.44.205/volume/v3/volumes/d68e34ed-704d-492f-aedf-b18965d8a5ca"}, {"rel": "bookmark", "href": "http://10.132.44.205/volume/volumes/d68e34ed-704d-492f-aedf-b18965d8a5ca"}], "user_id": "7d222de327204463ad7b4764092eb705", "bootable": "false", "encrypted": false, "replication_status": null, "consistencygroup_id": null, "multiattach": false, "attachments": [], "os-vol-tenant-attr:tenant_id": "f9340611cb9a49c5a986505c849b44f2"}}'
2026-02-17 15:30:45,392 122996 INFO     [tempest.lib.common.rest_client] Request (VolumesGetTest:_run_cleanups): 202 DELETE http://10.132.44.205/volume/v3/volumes/d68e34ed-704d-492f-aedf-b18965d8a5ca 0.160s
2026-02-17 15:30:45,392 122996 DEBUG    [tempest.lib.common.rest_client] Request - Headers: {'Content-Type': 'application/json', 'Accept': 'application/json', 'X-Auth-Token': '<omitted>'}
        Body: None
    Response - Headers: {'date': 'Tue, 17 Feb 2026 15:30:45 GMT', 'server': 'Apache/2.4.58 (Ubuntu)', 'content-length': '0', 'content-type': 'text/html; charset=UTF-8', 'openstack-api-version': 'volume 3.0', 'vary': 'OpenStack-API-Version', 'x-openstack-request-id': 'req-c26a4e12-4bc0-44c3-b639-95a09d50b81e', 'connection': 'close', 'status': '202', 'content-location': 'http://10.132.44.205/volume/v3/volumes/d68e34ed-704d-492f-aedf-b18965d8a5ca'}
        Body: b''
2026-02-17 15:30:45,430 122996 INFO     [tempest.lib.common.rest_client] Request (VolumesGetTest:_run_cleanups): 404 GET http://10.132.44.205/volume/v3
    /volumes/d68e34ed-704d-492f-aedf-b18965d8a5ca 0.037s
2026-02-17 15:30:45,431 122996 DEBUG    [tempest.lib.common.rest_client] Request - Headers: {'Content-Type': 'application/json', 'Accept': 'application/json', 'X-Auth-Token': '<omitted>'}
        Body: None
    Response - Headers: {'date': 'Tue, 17 Feb 2026 15:30:45 GMT', 'server': 'Apache/2.4.58 (Ubuntu)', 'openstack-api-version': 'volume 3.0', 'vary': 'OpenStack-API-Version', 'content-length': '109', 'content-type': 'application/json', 'x-compute-request-id': 'req-492e9331-36fc-4242-86e3-bbb1dc63fa3e', 'x-openstack-request-id': 'req-492e9331-36fc-4242-86e3-bbb1dc63fa3e', 'connection': 'close', 'status': '404', 'content-location': 'http://10.132.44.205/volume/v3/volumes/d68e34ed-704d-492f-aedf-b18965d8a5ca'}
        Body: b'{"itemNotFound": {"code": 404, "message": "Volume d68e34ed-704d-492f-aedf-b18965d8a5ca could not be found."}}'


tempest.api.volume.test_volumes_get.VolumesGetTest.test_volume_create_get_update_delete_as_clone[id-3f591b4a-7dc6-444c-bd51-77469506b3a1]
-----------------------------------------------------------------------------------------------------------------------------------------

Captured traceback:
~~~~~~~~~~~~~~~~~~~
    Traceback (most recent call last):

      File "/opt/stack/tempest/tempest/api/volume/test_volumes_get.py", line 135, in test_volume_create_get_update_delete_as_clone
    origin = self.create_volume()
             ^^^^^^^^^^^^^^^^^^^^

      File "/opt/stack/tempest/tempest/api/volume/base.py", line 144, in create_volume
    waiters.wait_for_volume_resource_status(self.volumes_client,

      File "/opt/stack/tempest/tempest/common/waiters.py", line 379, in wait_for_volume_resource_status
    raise exceptions.VolumeResourceBuildErrorException(

    tempest.exceptions.VolumeResourceBuildErrorException: volume 2411a4e3-9ba4-4c5f-ae8c-96290f41aba6 failed to build and is in ERROR status


Captured pythonlogging:
~~~~~~~~~~~~~~~~~~~~~~~
    2026-02-17 15:30:45,735 122996 INFO     [tempest.lib.common.rest_client] Request (VolumesGetTest:test_volume_create_get_update_delete_as_clone): 202 POST http://10.132.44.205/volume/v3/volumes 0.299s
2026-02-17 15:30:45,736 122996 DEBUG    [tempest.lib.common.rest_client] Request - Headers: {'Content-Type': 'application/json', 'Accept': 'application/json', 'X-Auth-Token': '<omitted>'}
        Body: {"volume": {"size": 1, "name": "tempest-VolumesGetTest-Volume-568307817"}}
    Response - Headers: {'date': 'Tue, 17 Feb 2026 15:30:45 GMT', 'server': 'Apache/2.4.58 (Ubuntu)', 'content-type': 'application/json', 'x-compute-request-id': 'req-d2462104-9c3e-4173-a8a7-723fa81b3933', 'content-length': '748', 'openstack-api-version': 'volume 3.0', 'vary': 'OpenStack-API-Version', 'x-openstack-request-id': 'req-d2462104-9c3e-4173-a8a7-723fa81b3933', 'connection': 'close', 'status': '202', 'content-location': 'http://10.132.44.205/volume/v3/volumes'}
        Body: b'{"volume": {"id": "2411a4e3-9ba4-4c5f-ae8c-96290f41aba6", "status": "creating", "size": 1, "availability_zone": "nova", "created_at": "2026-02-17T15:30:45.647963", "updated_at": null, "name": "tempest-VolumesGetTest-Volume-568307817", "description": null, "volume_type": "nvmetcp1", "snapshot_id": null, "source_volid": null, "metadata": {}, "links": [{"rel": "self", "href": "http://10.132.44.205/volume/v3/volumes/2411a4e3-9ba4-4c5f-ae8c-96290f41aba6"}, {"rel": "bookmark", "href": "http://10.132.44.205/volume/volumes/2411a4e3-9ba4-4c5f-ae8c-96290f41aba6"}], "user_id": "7d222de327204463ad7b4764092eb705", "bootable": "false", "encrypted": false, "replication_status": null, "consistencygroup_id": null, "multiattach": false, "attachments": []}}'
2026-02-17 15:30:45,827 122996 INFO     [tempest.lib.common.rest_client] Request (VolumesGetTest:test_volume_create_get_update_delete_as_clone): 200 GET http://10.132.44.205/volume/v3/volumes/2411a4e3-9ba4-4c5f-ae8c-96290f41aba6 0.067s
2026-02-17 15:30:45,827 122996 DEBUG    [tempest.lib.common.rest_client] Request - Headers: {'Content-Type': 'application/json', 'Accept': 'application/json', 'X-Auth-Token': '<omitted>'}
        Body: None
    Response - Headers: {'date': 'Tue, 17 Feb 2026 15:30:45 GMT', 'server': 'Apache/2.4.58 (Ubuntu)', 'content-type': 'application/json', 'x-compute-request-id': 'req-3fd1b0a1-3940-446a-a190-697bf779d7e5', 'content-length': '816', 'openstack-api-version': 'volume 3.0', 'vary': 'OpenStack-API-Version', 'x-openstack-request-id': 'req-3fd1b0a1-3940-446a-a190-697bf779d7e5', 'connection': 'close', 'status': '200', 'content-location': 'http://10.132.44.205/volume/v3/volumes/2411a4e3-9ba4-4c5f-ae8c-96290f41aba6'}
        Body: b'{"volume": {"id": "2411a4e3-9ba4-4c5f-ae8c-96290f41aba6", "status": "creating", "size": 1, "availability_zone": "nova", "created_at": "2026-02-17T15:30:46.000000", "updated_at": null, "name": "tempest-VolumesGetTest-Volume-568307817", "description": null, "volume_type": "nvmetcp1", "snapshot_id": null, "source_volid": null, "metadata": {}, "links": [{"rel": "self", "href": "http://10.132.44.205/volume/v3/volumes/2411a4e3-9ba4-4c5f-ae8c-96290f41aba6"}, {"rel": "bookmark", "href": "http://10.132.44.205/volume/volumes/2411a4e3-9ba4-4c5f-ae8c-96290f41aba6"}], "user_id": "7d222de327204463ad7b4764092eb705", "bootable": "false", "encrypted": false, "replication_status": null, "consistencygroup_id": null, "multiattach": false, "attachments": [], "os-vol-tenant-attr:tenant_id": "f9340611cb9a49c5a986505c849b44f2"}}'
2026-02-17 15:30:46,908 122996 INFO     [tempest.lib.common.rest_client] Request (VolumesGetTest:test_volume_create_get_update_delete_as_clone): 200 GET http://10.132.44.205/volume/v3/volumes/2411a4e3-9ba4-4c5f-ae8c-96290f41aba6 0.060s
2026-02-17 15:30:46,909 122996 DEBUG    [tempest.lib.common.rest_client] Request - Headers: {'Content-Type': 'application/json', 'Accept': 'application/json', 'X-Auth-Token': '<omitted>'}
        Body: None
    Response - Headers: {'date': 'Tue, 17 Feb 2026 15:30:46 GMT', 'server': 'Apache/2.4.58 (Ubuntu)', 'content-type': 'application/json', 'x-compu
    te-request-id': 'req-dce03612-c7c0-4407-b9c0-3ace45676db0', 'content-length': '837', 'openstack-api-version': 'volume 3.0', 'vary': 'OpenStack-API-Version', 'x-openstack-request-id': 'req-dce03612-c7c0-4407-b9c0-3ace45676db0', 'connection': 'close', 'status': '200', 'content-location': 'http://10.132.44.205/volume/v3/volumes/2411a4e3-9ba4-4c5f-ae8c-96290f41aba6'}
        Body: b'{"volume": {"id": "2411a4e3-9ba4-4c5f-ae8c-96290f41aba6", "status": "error", "size": 1, "availability_zone": "nova", "created_at": "2026-02-17T15:30:46.000000", "updated_at": "2026-02-17T15:30:46.000000", "name": "tempest-VolumesGetTest-Volume-568307817", "description": null, "volume_type": "nvmetcp1", "snapshot_id": null, "source_volid": null, "metadata": {}, "links": [{"rel": "self", "href": "http://10.132.44.205/volume/v3/volumes/2411a4e3-9ba4-4c5f-ae8c-96290f41aba6"}, {"rel": "bookmark", "href": "http://10.132.44.205/volume/volumes/2411a4e3-9ba4-4c5f-ae8c-96290f41aba6"}], "user_id": "7d222de327204463ad7b4764092eb705", "bootable": "false", "encrypted": false, "replication_status": null, "consistencygroup_id": null, "multiattach": false, "attachments": [], "os-vol-tenant-attr:tenant_id": "f9340611cb9a49c5a986505c849b44f2"}}'
2026-02-17 15:30:47,027 122996 INFO     [tempest.lib.common.rest_client] Request (VolumesGetTest:_run_cleanups): 200 GET http://10.132.44.205/volume/v3/volumes/2411a4e3-9ba4-4c5f-ae8c-96290f41aba6 0.097s
2026-02-17 15:30:47,028 122996 DEBUG    [tempest.lib.common.rest_client] Request - Headers: {'Content-Type': 'application/json', 'Accept': 'application/json', 'X-Auth-Token': '<omitted>'}
        Body: None
    Response - Headers: {'date': 'Tue, 17 Feb 2026 15:30:46 GMT', 'server': 'Apache/2.4.58 (Ubuntu)', 'content-type': 'application/json', 'x-compute-request-id': 'req-234a8149-ab35-4e05-986f-665e43e4dfb8', 'content-length': '837', 'openstack-api-version': 'volume 3.0', 'vary': 'OpenStack-API-Version', 'x-openstack-request-id': 'req-234a8149-ab35-4e05-986f-665e43e4dfb8', 'connection': 'close', 'status': '200', 'content-location': 'http://10.132.44.205/volume/v3/volumes/2411a4e3-9ba4-4c5f-ae8c-96290f41aba6'}
        Body: b'{"volume": {"id": "2411a4e3-9ba4-4c5f-ae8c-96290f41aba6", "status": "error", "size": 1, "availability_zone": "nova", "created_at": "2026-02-17T15:30:46.000000", "updated_at": "2026-02-17T15:30:46.000000", "name": "tempest-VolumesGetTest-Volume-568307817", "description": null, "volume_type": "nvmetcp1", "snapshot_id": null, "source_volid": null, "metadata": {}, "links": [{"rel": "self", "href": "http://10.132.44.205/volume/v3/volumes/2411a4e3-9ba4-4c5f-ae8c-96290f41aba6"}, {"rel": "bookmark", "href": "http://10.132.44.205/volume/volumes/2411a4e3-9ba4-4c5f-ae8c-96290f41aba6"}], "user_id": "7d222de327204463ad7b4764092eb705", "bootable": "false", "encrypted": false, "replication_status": null, "consistencygroup_id": null, "multiattach": false, "attachments": [], "os-vol-tenant-attr:tenant_id": "f9340611cb9a49c5a986505c849b44f2"}}'
2026-02-17 15:30:47,217 122996 INFO     [tempest.lib.common.rest_client] Request (VolumesGetTest:_run_cleanups): 202 DELETE http://10.132.44.205/volume/v3/volumes/2411a4e3-9ba4-4c5f-ae8c-96290f41aba6 0.173s
2026-02-17 15:30:47,218 122996 DEBUG    [tempest.lib.common.rest_client] Request - Headers: {'Content-Type': 'application/json', 'Accept': 'application/json', 'X-Auth-Token': '<omitted>'}
        Body: None
    Response - Headers: {'date': 'Tue, 17 Feb 2026 15:30:47 GMT', 'server': 'Apache/2.4.58 (Ubuntu)', 'content-length': '0', 'content-type': 'text/html; charset=UTF-8', 'openstack-api-version': 'volume 3.0', 'vary': 'OpenStack-API-Version', 'x-openstack-request-id': 'req-2ab73e54-7a32-42fe-b74c-fdb071eb318d', 'connection': 'close', 'status': '202', 'content-location': 'http://10.132.44.205/volume/v3/volumes/2411a4e3-9ba4-4c5f-ae8c-96290f41aba6'}
        Body: b''
2026-02-17 15:30:47,273 122996 INFO     [tempest.lib.common.rest_client] Request (VolumesGetTest:_run_cleanups): 404 GET http://10.132.44.205/volume/v3/volumes/2411a4e3-9ba4-4c5f-ae8c-96290f41aba6 0.054s
2026-02-17 
    15:30:47,274 122996 DEBUG    [tempest.lib.common.rest_client] Request - Headers: {'Content-Type': 'application/json', 'Accept': 'application/json', 'X-Auth-Token': '<omitted>'}
        Body: None
    Response - Headers: {'date': 'Tue, 17 Feb 2026 15:30:47 GMT', 'server': 'Apache/2.4.58 (Ubuntu)', 'openstack-api-version': 'volume 3.0', 'vary': 'OpenStack-API-Version', 'content-length': '109', 'content-type': 'application/json', 'x-compute-request-id': 'req-d1b29a8e-cee0-43af-a4ce-9050fb8f8700', 'x-openstack-request-id': 'req-d1b29a8e-cee0-43af-a4ce-9050fb8f8700', 'connection': 'close', 'status': '404', 'content-location': 'http://10.132.44.205/volume/v3/volumes/2411a4e3-9ba4-4c5f-ae8c-96290f41aba6'}
        Body: b'{"itemNotFound": {"code": 404, "message": "Volume 2411a4e3-9ba4-4c5f-ae8c-96290f41aba6 could not be found."}}'


setUpClass (tempest.api.volume.test_volumes_list.VolumesListTestJSON)
---------------------------------------------------------------------

Captured traceback:
~~~~~~~~~~~~~~~~~~~
    Traceback (most recent call last):

      File "/opt/stack/tempest/tempest/test.py", line 185, in setUpClass
    raise value.with_traceback(trace)

      File "/opt/stack/tempest/tempest/test.py", line 178, in setUpClass
    cls.resource_setup()

      File "/opt/stack/tempest/tempest/api/volume/test_volumes_list.py", line 89, in resource_setup
    volume = cls.create_volume(metadata=cls.metadata)
             ^^^^^^^^^^^^^^^^^^^^^^^^^^^^^^^^^^^^^^^^

      File "/opt/stack/tempest/tempest/api/volume/base.py", line 144, in create_volume
    waiters.wait_for_volume_resource_status(self.volumes_client,

      File "/opt/stack/tempest/tempest/common/waiters.py", line 379, in wait_for_volume_resource_status
    raise exceptions.VolumeResourceBuildErrorException(

    tempest.exceptions.VolumeResourceBuildErrorException: volume 91786410-8eca-488e-99e7-55ec272c188f failed to build and is in ERROR status


setUpClass (tempest.api.volume.test_volumes_negative.VolumesNegativeTest)
-------------------------------------------------------------------------

Captured traceback:
~~~~~~~~~~~~~~~~~~~
    Traceback (most recent call last):

      File "/opt/stack/tempest/tempest/test.py", line 185, in setUpClass
    raise value.with_traceback(trace)

      File "/opt/stack/tempest/tempest/test.py", line 178, in setUpClass
    cls.resource_setup()

      File "/opt/stack/tempest/tempest/api/volume/test_volumes_negative.py", line 38, in resource_setup
    cls.volume = cls.create_volume()
                 ^^^^^^^^^^^^^^^^^^^

      File "/opt/stack/tempest/tempest/api/volume/base.py", line 144, in create_volume
    waiters.wait_for_volume_resource_status(self.volumes_client,

      File "/opt/stack/tempest/tempest/common/waiters.py", line 379, in wait_for_volume_resource_status
    raise exceptions.VolumeResourceBuildErrorException(

    tempest.exceptions.VolumeResourceBuildErrorException: volume c803e0cb-7acb-4f1e-bbba-796e7c8889a0 failed to build and is in ERROR status


setUpClass (tempest.api.volume.test_volumes_snapshots_list.VolumesSnapshotListTestJSON)
---------------------------------------------------------------------------------------

Captured traceback:
~~~~~~~~~~~~~~~~~~~
    Traceback (most recent call last):

      File "/opt/stack/tempest/tempest/test.py", line 185, in setUpClass
    raise value.with_traceback(trace)

      File "/opt/stack/tempest/tempest/test.py", line 178, in setUpClass
    cls.resource_setup()

      File "/opt/stack/tempest/tempest/api/volume/test_volumes_snapshots_list.py", line 32, in resource_setup
    volume_origin = cls.create_volume()
                    ^^^^^^^^^^^^^^^^^^^

      File "/opt/stack/tempest/tempest/api/volume/base.py", line 144, in create_volume
    waiters.wait_for_volume_resource_status(self.volumes_client,

      File "/opt/stack/tempest/tempest/common/waiters.py", line 379, in wait_for_volume_resource_status
    raise exceptions.VolumeResourceBuildErrorException(

    tempest.exceptions.VolumeResourceBuildErrorException: volume 0ea0315b-b9e1-4a8c-a4fa-18edf65f62da failed to build and is in ERROR status


tempest.api.volume.test_volumes_snapshots_negative.VolumesSnapshotNegativeTestJSON.test_volume_from_snapshot_decreasing_size[id-677863d1-34f9-456d-b6ac-9924f667a7f4,negative]
------------------------------------------------------------------------------------------------------------------------------------------------------------------------------

Captured traceback:
~~~~~~~~~~~~~~~~~~~
    Traceback (most recent call last):

      File "/opt/stack/tempest/tempest/api/volume/test_volumes_snapshots_negative.py", line 65, in test_volume_from_snapshot_decreasing_size
    src_vol = self.create_volume(size=src_size)
              ^^^^^^^^^^^^^^^^^^^^^^^^^^^^^^^^^

      File "/opt/stack/tempest/tempest/api/volume/base.py", line 144, in create_volume
    waiters.wait_for_volume_resource_status(self.volumes_client,

      File "/opt/stack/tempest/tempest/common/waiters.py", line 379, in wait_for_volume_resource_status
    raise exceptions.VolumeResourceBuildErrorException(

    tempest.exceptions.VolumeResourceBuildErrorException: volume 29c57d4f-e7a1-4010-829d-fd169b78ef70 failed to build and is in ERROR status


Captured pythonlogging:
~~~~~~~~~~~~~~~~~~~~~~~
    2026-02-17 15:31:05,491 122996 INFO     [tempest.lib.common.rest_client] Request (VolumesSnapshotNegativeTestJSON:test_volume_from_snapshot_decreasing_size): 202 POST http://10.132.44.205/volume/v3/volumes 0.379s
2026-02-17 15:31:05,491 122996 DEBUG    [tempest.lib.common.rest_client] Request - Headers: {'Content-Type': 'application/json', 'Accept': 'application/json', 'X-Auth-Token': '<omitted>'}
        Body: {"volume": {"size": 2, "name": "tempest-VolumesSnapshotNegativeTestJSON-Volume-387433178"}}
    Response - Headers: {'date': 'Tue, 17 Feb 2026 15:31:05 GMT', 'server': 'Apache/2.4.58 (Ubuntu)', 'content-type': 'application/json', 'x-compute-request-id': 'req-a49c5ace-4776-449e-b703-1050dc322ed7', 'content-length': '765', 'openstack-api-version': 'volume 3.0', 'vary': 'OpenStack-API-Version', 'x-openstack-request-id': 'req-a49c5ace-4776-449e-b703-1050dc322ed7', 'connection': 'close', 'status': '202', 'content-location': 'http://10.132.44.205/volume/v3/volumes'}
        Body: b'{"volume": {"id": "29c57d4f-e7a1-4010-829d-fd169b78ef70", "status": "creating", "size": 2, "availability_zone": "nova", "created_at": "2026-02-17T15:31:05.387789", "updated_at": null, "name": "tempest-VolumesSnapshotNegativeTestJSON-Volume-387433178", "description": null, "volume_type": "nvmetcp1", "snapshot_id": null, "source_volid": null, "metadata": {}, "links": [{"rel": "self", "href": "http://10.132.44.205/volume/v3/volumes/29c57d4f-e7a1-4010-829d-fd169b78ef70"}, {"rel": "bookmark", "href": "http://10.132.44.205/volume/volumes/29c57d4f-e7a1-4010-829d-fd169b78ef70"}], "user_id": "08eb7193847b41afafeec47d1d099f5b", "bootable": "false", "encrypted": false, "replication_status": null, "consistencygroup_id": null, "multiattach": false, "attachments": []}}'
2026-02-17 15:31:05,554 122996 INFO     [tempest.lib.common.rest_client] Request (VolumesSnapshotNegativeTestJSON:test_volume_from_snapshot_decreasing_size): 200 GET http://10.132.44.205/volume/v3/volumes/29c57d4f-e7a1-4010-829d-fd169b78ef70 0.054s
2026-02-17 15:31:05,554 122996 DEBUG    [tempest.lib.common.rest_client] Request - Headers: {'Content-Type': 'application/json', 'Accept': 'application/json', 'X-Auth-Token': '<omitted>'}
        Body: None
    Response - Headers: {'date': 'Tue, 17 Feb 2026 15:31:05 GMT', 'server': 'Apache/2.4.58 (Ubuntu)', 'content-type': 'application/json', 'x-compute-request-id': 'req-9c1f0b55-8aaa-4283-914a-8ad8379ddd43', 'content-length': '833', 'openstack-api-version': 'volume 3.0', 'vary': 'OpenStack-API-Version', 'x-openstack-request-id': 'req-9c1f0b55-8aaa-4283-914a-8ad8379ddd43', 'connection': 'close', 'status': '200', 'content-location': 'http://10.132.44.205/volume/v3/volumes/29c57d4f-e7a1-4010-829d-fd169b78ef70'}
        Body: b'{"volume": {"id": "29c57d4f-e7a1-4010-829d-fd169b78ef70", "status": "creating", "size": 2, "availability_zone": "nova", "created_at": "2026-02-17T15:31:05.000000", "updated_at": null, "name": "tempest-VolumesSnapshotNegativeTestJSON-Volume-387433178", "description": null, "volume_type": "nvmetcp1", "snapshot_id": null, "source_volid": null, "metadata": {}, "links": [{"rel": "self", "href": "http://10.132.44.205/volume/v3/volumes/29c57d4f-e7a1-4010-829d-fd169b78ef70"}, {"rel": "bookmark", "href": "http://10.132.44.205/volume/volumes/29c57d4f-e7a1-4010-829d-fd169b78ef70"}], "user_id": "08eb7193847b41afafeec47d1d099f5b", "bootable": "false", "encrypted": false, "replication_status": null, "consistencygroup_id": null, "multiattach": false, "attachments": [], "os-vol-tenant-attr:tenant_id": "9a1c6390c94943419db371c24e396c85"}}'
2026-02-17 15:31:06,625 122996 INFO     [tempest.lib.common.rest_client] Request (VolumesSnapshotNegativeTestJSON:test_volume_from_snapshot_decreasing_size): 200 GET http://10.132.44.205/volume/v3/volumes/29c57d4f-e7a1-4010-829d-fd169b78ef70 0.058s
2026-02-17 15:31:06,626 122996 DEBUG    [tempest.lib.common.rest_client] Request - Headers: {'Content-Type': 'application/json', 'Accept': 'application/json', 'X-Auth-Token': '<omitted>'}
        Body: None
    Response - Headers: {'date': 'Tue, 17 Feb 2026 15:31
    :06 GMT', 'server': 'Apache/2.4.58 (Ubuntu)', 'content-type': 'application/json', 'x-compute-request-id': 'req-40061b53-93a2-4239-9d51-bcb39b93a21e', 'content-length': '854', 'openstack-api-version': 'volume 3.0', 'vary': 'OpenStack-API-Version', 'x-openstack-request-id': 'req-40061b53-93a2-4239-9d51-bcb39b93a21e', 'connection': 'close', 'status': '200', 'content-location': 'http://10.132.44.205/volume/v3/volumes/29c57d4f-e7a1-4010-829d-fd169b78ef70'}
        Body: b'{"volume": {"id": "29c57d4f-e7a1-4010-829d-fd169b78ef70", "status": "error", "size": 2, "availability_zone": "nova", "created_at": "2026-02-17T15:31:05.000000", "updated_at": "2026-02-17T15:31:06.000000", "name": "tempest-VolumesSnapshotNegativeTestJSON-Volume-387433178", "description": null, "volume_type": "nvmetcp1", "snapshot_id": null, "source_volid": null, "metadata": {}, "links": [{"rel": "self", "href": "http://10.132.44.205/volume/v3/volumes/29c57d4f-e7a1-4010-829d-fd169b78ef70"}, {"rel": "bookmark", "href": "http://10.132.44.205/volume/volumes/29c57d4f-e7a1-4010-829d-fd169b78ef70"}], "user_id": "08eb7193847b41afafeec47d1d099f5b", "bootable": "false", "encrypted": false, "replication_status": null, "consistencygroup_id": null, "multiattach": false, "attachments": [], "os-vol-tenant-attr:tenant_id": "9a1c6390c94943419db371c24e396c85"}}'
2026-02-17 15:31:06,700 122996 INFO     [tempest.lib.common.rest_client] Request (VolumesSnapshotNegativeTestJSON:_run_cleanups): 200 GET http://10.132.44.205/volume/v3/volumes/29c57d4f-e7a1-4010-829d-fd169b78ef70 0.055s
2026-02-17 15:31:06,700 122996 DEBUG    [tempest.lib.common.rest_client] Request - Headers: {'Content-Type': 'application/json', 'Accept': 'application/json', 'X-Auth-Token': '<omitted>'}
        Body: None
    Response - Headers: {'date': 'Tue, 17 Feb 2026 15:31:06 GMT', 'server': 'Apache/2.4.58 (Ubuntu)', 'content-type': 'application/json', 'x-compute-request-id': 'req-371fe69d-fee5-4b41-9f39-c453a38a379f', 'content-length': '854', 'openstack-api-version': 'volume 3.0', 'vary': 'OpenStack-API-Version', 'x-openstack-request-id': 'req-371fe69d-fee5-4b41-9f39-c453a38a379f', 'connection': 'close', 'status': '200', 'content-location': 'http://10.132.44.205/volume/v3/volumes/29c57d4f-e7a1-4010-829d-fd169b78ef70'}
        Body: b'{"volume": {"id": "29c57d4f-e7a1-4010-829d-fd169b78ef70", "status": "error", "size": 2, "availability_zone": "nova", "created_at": "2026-02-17T15:31:05.000000", "updated_at": "2026-02-17T15:31:06.000000", "name": "tempest-VolumesSnapshotNegativeTestJSON-Volume-387433178", "description": null, "volume_type": "nvmetcp1", "snapshot_id": null, "source_volid": null, "metadata": {}, "links": [{"rel": "self", "href": "http://10.132.44.205/volume/v3/volumes/29c57d4f-e7a1-4010-829d-fd169b78ef70"}, {"rel": "bookmark", "href": "http://10.132.44.205/volume/volumes/29c57d4f-e7a1-4010-829d-fd169b78ef70"}], "user_id": "08eb7193847b41afafeec47d1d099f5b", "bootable": "false", "encrypted": false, "replication_status": null, "consistencygroup_id": null, "multiattach": false, "attachments": [], "os-vol-tenant-attr:tenant_id": "9a1c6390c94943419db371c24e396c85"}}'
2026-02-17 15:31:06,857 122996 INFO     [tempest.lib.common.rest_client] Request (VolumesSnapshotNegativeTestJSON:_run_cleanups): 202 DELETE http://10.132.44.205/volume/v3/volumes/29c57d4f-e7a1-4010-829d-fd169b78ef70 0.139s
2026-02-17 15:31:06,857 122996 DEBUG    [tempest.lib.common.rest_client] Request - Headers: {'Content-Type': 'application/json', 'Accept': 'application/json', 'X-Auth-Token': '<omitted>'}
        Body: None
    Response - Headers: {'date': 'Tue, 17 Feb 2026 15:31:06 GMT', 'server': 'Apache/2.4.58 (Ubuntu)', 'content-length': '0', 'content-type': 'text/html; charset=UTF-8', 'openstack-api-version': 'volume 3.0', 'vary': 'OpenStack-API-Version', 'x-openstack-request-id': 'req-6a94d054-6b49-4b59-b99f-78ed15bb2652', 'connection': 'close', 'status': '202', 'content-location': 'http://10.132.44.205/volume/v3/volumes/29c57d4f-e7a1-4010-829d-fd169b78ef70'}
        Body: b''
2026-02-17 15:31:06,886 122996 INFO     [tempest.lib.comm
    on.rest_client] Request (VolumesSnapshotNegativeTestJSON:_run_cleanups): 404 GET http://10.132.44.205/volume/v3/volumes/29c57d4f-e7a1-4010-829d-fd169b78ef70 0.028s
2026-02-17 15:31:06,887 122996 DEBUG    [tempest.lib.common.rest_client] Request - Headers: {'Content-Type': 'application/json', 'Accept': 'application/json', 'X-Auth-Token': '<omitted>'}
        Body: None
    Response - Headers: {'date': 'Tue, 17 Feb 2026 15:31:06 GMT', 'server': 'Apache/2.4.58 (Ubuntu)', 'openstack-api-version': 'volume 3.0', 'vary': 'OpenStack-API-Version', 'content-length': '109', 'content-type': 'application/json', 'x-compute-request-id': 'req-95f04f12-84c9-44c5-b981-a3b4aef8d907', 'x-openstack-request-id': 'req-95f04f12-84c9-44c5-b981-a3b4aef8d907', 'connection': 'close', 'status': '404', 'content-location': 'http://10.132.44.205/volume/v3/volumes/29c57d4f-e7a1-4010-829d-fd169b78ef70'}
        Body: b'{"itemNotFound": {"code": 404, "message": "Volume 29c57d4f-e7a1-4010-829d-fd169b78ef70 could not be found."}}'



======
Totals
======
Ran: 126 tests in 301.8865 sec.
 - Passed: 75
 - Skipped: 7
 - Expected Fail: 0
 - Unexpected Success: 0
 - Failed: 44
Sum of execute time for each test: 73.7763 sec.

==============
Worker Balance
==============
 - Worker 0 (126 tests) => 0:05:01.886542
