"pcp-dstat 6.2.0 CSV Output"
"Author:","PCP team <pcp@groups.io> and Dag Wieers <dag@wieers.com>",,,,"URL:","https://pcp.io/ and http://dag.wieers.com/home-made/dstat/"
"Host:","np0000056443",,,,"User:","ubuntu"
"Cmdline:","dstat -tcmndrylpg --tcp --output /tmp/devstack_logs/dstat-csv.log",,,,"Date:","22 Feb 2026 09:11:12 UTC"
"system","total usage",,,,,"memory usage",,,,"net/total",,"dsk/total",,"io/total",,"system",,"load avg",,,"procs",,,"paging",,"tcp sockets",,,,
"time","total usage:usr","total usage:sys","total usage:idl","total usage:wai","total usage:stl","used","free","buf","cach","net/total:recv","net/total:send","dsk/total:read","dsk/total:writ","read","writ","int","csw","1m","5m","15m","run","blk","new","in","out","lis","act","syn","tim","clo"
22-02 09:11:12,,1080688,1412956,166268,5156352,,,,,,,1.730,1.100,0.640,3,0,,,,10,4,0,17,2
22-02 09:11:13,26.258,20.756,51.515,0.250,0,1065892,1410488,166324,5172940,211371.933,7165.133,0,1148.342,0,31.009,5061,2833,1.730,1.100,0.640,2,0,213.063,0,0,10,4,0,17,2
22-02 09:11:14,29.240,22.492,45.485,0.750,0,1080520,1378424,167172,5186428,7407.516,1457.511,0,1835.385,0,60.980,5239,3069,1.730,1.100,0.640,2,0,219.926,0,0,10,4,0,17,2
22-02 09:11:15,31.962,22.223,44.696,0.499,0,1072008,1371224,167560,5200000,4974.028,1456.252,0,1354.374,0,33.959,4932,2752,1.730,1.100,0.640,2,0,192.769,0,0,10,4,0,17,2
22-02 09:11:16,34.878,21.579,42.155,0,0,1101896,1333608,167720,5207136,7913.116,1463.384,0,1806.648,0,88.325,5519,4096,1.730,1.100,0.640,9,0,191.705,0,0,10,4,0,11,2
22-02 09:11:17,35.257,18.254,44.259,1.250,0,1081640,1331520,168448,5226292,5635.092,1458.283,0,2308.447,0,101.020,4515,2928,1.910,1.150,0.650,2,0,128.025,0,0,10,4,0,11,2
22-02 09:11:18,43.426,19.966,34.941,0.749,0,1070404,1331256,169080,5235808,5743.264,1675.160,0,2056.514,0,77.868,6023,7069,1.910,1.150,0.650,3,0,193.672,0,0,10,4,1,11,2
22-02 09:11:19,30.729,7.495,59.958,0.999,0,1180108,1192568,170088,5385704,8551.059,1498.959,0,12051.627,0,475.670,3731,3359,1.910,1.150,0.650,1,0,13.990,0,0,11,4,1,11,2
22-02 09:11:20,32.503,11.001,55.006,0.500,0,1195708,1190732,170372,5371304,12951.303,4255.428,16.002,936.094,1.000,33.003,3692,2362,1.910,1.150,0.650,2,0,91.009,0,0,11,4,1,11,0
22-02 09:11:21,40.072,11.020,48.086,0,0,1175752,1210640,170392,5371332,9022.165,1588.847,0,48.086,0,8.014,3784,2070,1.910,1.150,0.650,2,0,100.179,0,0,11,4,1,11,0
22-02 09:11:22,34.433,12.725,51.150,0.499,0,1203280,1182096,170416,5372324,13526.679,3696.806,83.837,1177.708,6.986,31.938,4348,2889,1.920,1.160,0.660,3,0,129.748,0,0,11,5,1,13,0
22-02 09:11:23,43.515,5.752,48.516,1.501,0,1201028,1177956,170548,5377804,6760.254,1856.619,260.087,1208.403,8.003,14.005,2932,1606,1.920,1.160,0.660,3,0,3.001,0,0,11,4,1,13,0
22-02 09:11:24,39.495,4.999,53.244,1.250,0,1230580,1140268,171044,5383932,15983.088,4692.439,247.970,14170.305,7.999,63.992,2942,1650,1.920,1.160,0.660,2,0,16.998,0,0,11,4,1,13,0
22-02 09:11:25,35.152,9.474,43.878,7.978,0,1234480,1130904,171636,5388496,8357.726,1615.501,15.956,21033.427,0.997,1445.973,16921,30002,1.920,1.160,0.660,2,1,22.936,0,0,11,6,1,13,0
22-02 09:11:26,35.776,10.258,38.028,13.010,0,1266240,1094896,172156,5392052,8699.363,1641.200,0,22776.659,0,2119.550,19458,34914,1.920,1.160,0.660,2,1,51.037,0,0,11,6,1,13,0
22-02 09:11:27,32.812,12.774,39.324,11.522,0.250,1264484,1094140,172484,5394096,7548.177,1514.845,0,29387.195,0,1993.745,11088,18137,2.010,1.190,0.670,3,1,39.073,0,0,11,6,1,13,0
22-02 09:11:28,39.763,11.504,44.515,2.751,0.250,1139960,1231084,172600,5382988,8247.793,1458.494,0,15189.144,0,879.298,6281,7599,2.010,1.190,0.670,2,0,88.030,0,0,11,4,1,13,0
22-02 09:11:29,38.478,9.245,50.971,0.250,0,1219012,1152032,172608,5382988,7241.923,1565.119,0,14156.030,0,95.946,3531,2175,2.010,1.190,0.670,1,0,65.963,0,0,11,4,1,13,0
22-02 09:11:30,23.475,2.997,70.924,1.498,0,1206424,1164592,172624,5382996,5471.140,1530.361,0,5586.017,0,301.677,2546,2589,2.010,1.190,0.670,2,1,9.989,0,0,11,4,1,13,0
22-02 09:11:31,22.513,2.752,72.791,0.500,0,1226848,1144160,172632,5382996,5238.955,1458.823,0,1264.713,0,82.046,2055,1770,2.010,1.190,0.670,1,0,0,0,0,11,4,1,13,0
22-02 09:11:32,24.000,2.000,73.500,0,0,1247076,1123912,172632,5383016,7625.996,864.000,0,48.000,0,6.000,1826,1222,1.930,1.190,0.680,1,0,0,0,0,11,4,1,11,0
22-02 09:11:33,9.748,17.997,70.737,0,0,1212528,1158444,172632,5383032,5257.069,1241.780,0,0,0,0,4345,2780,1.930,1.190,0.680,1,0,203.964,0,0,11,4,1,11,0
22-02 09:11:34,9.253,22.008,66.775,0,0,1199020,1171916,172632,5383060,8968.380,1458.550,0,20407.692,0,128.048,4715,2960,1.930,1.190,0.680,1,0,188.071,0,0,11,4,1,11,0
22-02 09:11:35,9.496,20.491,68.720,0,0,1156616,1214312,172632,5383068,6872.968,1457.357,0,27.988,0,6.997,4532,2603,1.930,1.190,0.680,2,0,166.926,0,0,11,4,1,11,0
22-02 09:11:36,11.008,19.014,68.302,0,0,1139812,1230972,172632,5383556,8398.341,1567.183,0,16.012,0,4.003,4538,2843,1.930,1.190,0.680,3,0,166.125,0,0,11,4,1,11,0
22-02 09:11:37,23.758,15.255,58.770,0.250,0,1123076,1247640,172636,5383648,8522.885,1458.494,0,2136.723,0,142.048,4754,5839,1.850,1.190,0.680,1,0,123.042,0,0,11,4,1,11,0
22-02 09:11:38,36.930,17.217,42.918,2.745,0,1146192,1216784,172636,5391400,5802.960,1582.988,7689.372,3.992,77.852,0.998,4320,2900,1.850,1.190,0.680,2,0,130.751,0,0,11,5,1,11,0
22-02 09:11:39,45.341,4.509,49.099,0.251,0,1232984,1129872,172644,5391512,5922.911,1569.155,20.040,4000.044,4.008,22.044,2713,1312,1.850,1.190,0.680,2,0,0,0,0,11,5,1,11,0
22-02 09:11:40,45.238,4.249,48.737,1.250,0,1255152,1106776,172644,5392440,9147.616,1457.620,491.872,2439.364,3.999,14.996,2729,1282,1.850,1.190,0.680,2,0,0,0,0,11,5,1,11,0
22-02 09:11:41,40.758,12.502,45.259,0,0,1299832,1059704,172660,5394756,8213.606,1458.285,0,4.001,0,1.000,4785,4665,1.850,1.190,0.680,1,0,66.013,0,0,11,4,1,11,0
22-02 09:11:42,4.498,7.497,86.711,0,0,1304188,1055344,172660,5394752,8680.119,1511.324,0,0,0,0,2078,1734,1.700,1.170,0.670,2,0,63.971,0,0,10,4,1,11,0
22-02 09:11:43,22.503,3.750,73.010,0,0,1348028,1011496,172660,5394764,42398.636,1458.194,0,0,0,0,1996,1405,1.700,1.170,0.670,1,0,12.002,0,0,11,4,1,11,0
22-02 09:11:44,22.748,4.000,72.243,0,0,1376500,983020,172660,5394764,10035.074,1457.866,0,15606.561,0,58.995,2048,1466,1.700,1.170,0.670,1,0,0,0,0,11,4,1,11,0
22-02 09:11:45,24.294,1.252,73.384,0,0,1393436,965884,172660,5394964,8239.008,1514.759,0,372.679,0,3.005,1752,1071,1.700,1.170,0.670,1,0,0,0,0,11,6,1,11,0
22-02 09:11:46,22.969,3.246,70.406,2.247,0,1354796,1004376,172768,5395004,7571.872,1509.980,0,4513.962,0,347.535,4271,5846,1.700,1.170,0.670,2,0,1.997,0,0,11,4,1,13,0
22-02 09:11:47,19.247,6.749,72.240,0.500,0,1355320,1003684,172780,5395144,8509.822,1499.792,143.980,2187.697,12.998,66.991,2541,1869,1.650,1.160,0.680,1,0,41.994,0,0,11,4,1,13,0
22-02 09:11:48,17.175,2.489,78.656,0.996,0,1358492,999904,172916,5395532,7491.242,2137.652,342.502,2477.168,10.952,9.956,1552,1092,1.650,1.160,0.680,1,0,0,0,0,11,5,1,13,0
22-02 09:11:49,0.753,0.502,98.172,0.251,0,1358492,999904,172916,5395532,6408.534,3181.670,0,28.121,0,4.017,664,926,1.650,1.160,0.680,0,0,0,0,0,11,5,1,13,0
22-02 09:11:50,19.746,5.499,69.738,3.499,0,1367512,990860,172964,5395572,10639.104,3285.415,59.989,83749.076,13.998,678.879,3406,3155,1.650,1.160,0.680,0,1,1.000,0,0,11,17,1,13,0
22-02 09:11:51,13.736,1.498,74.175,10.240,0,1371056,987080,172972,5395776,7625.316,2106.877,211.787,0,52.947,0,1457,1177,1.650,1.160,0.680,1,0,0.999,0,0,11,27,1,13,0
22-02 09:11:52,17.714,6.237,74.598,0,0,1349848,1008272,172972,5395792,12562.350,5206.370,0,0,0,0,2650,2002,1.590,1.160,0.680,1,0,43.910,0,0,11,28,1,14,0
22-02 09:11:53,21.567,4.012,73.478,0.251,0,1398680,959440,172972,5395792,8847.492,1556.838,0,706.194,0,134.418,1860,1302,1.590,1.160,0.680,1,0,0,0,0,11,28,1,14,0
22-02 09:11:54,16.247,2.500,80.987,0,0,1399056,959048,172972,5395808,10717.249,7530.769,0,291.952,0,3.999,1838,1587,1.590,1.160,0.680,3,0,0,0,0,11,29,1,14,0
22-02 09:11:55,21.510,15.508,61.530,0,0,1383916,974172,172972,5395824,9863.783,2391.159,0,2801.358,0,21.010,3891,2507,1.590,1.160,0.680,2,0,156.076,0,0,11,28,1,15,0
22-02 09:11:56,39.852,6.227,51.558,0.747,0,1430752,927300,172988,5395836,10839.735,3800.881,0,3877.596,0,199.260,3277,2787,1.590,1.160,0.680,2,0,0,0,0,11,29,1,15,0
22-02 09:11:57,38.610,4.513,56.160,0,0,1461716,896304,173000,5395856,18203.784,9794.863,0,304.867,0,14.040,3867,3320,1.630,1.170,0.690,2,0,1.003,0,0,11,30,1,14,0
22-02 09:11:58,39.006,5.001,54.758,0.250,0,1466364,891264,173004,5396244,14107.065,8622.262,0,496.073,0,38.006,5110,5369,1.630,1.170,0.690,1,0,0,0,0,11,29,1,14,0
22-02 09:11:59,37.498,20.749,41.498,0,0,1398540,959072,173004,5396260,9027.508,2477.865,0,351.981,0,17.999,4857,3394,1.630,1.170,0.690,4,0,204.989,0,0,11,28,1,15,0
22-02 09:12:00,67.462,30.596,2.006,0,0,1520900,836592,173004,5396300,12066.992,5391.976,0,465.465,0,27.085,5526,4283,1.630,1.170,0.690,6,0,380.197,0,0,11,29,1,15,0
22-02 09:12:01,87.236,12.498,0,0,0,1695232,662236,173004,5396316,13922.771,8177.691,0,219.965,0,11.998,6932,11426,1.630,1.170,0.690,6,0,35.994,0,0,11,30,1,11,0
22-02 09:12:02,78.998,8.750,11.000,0,0,1739064,618324,173008,5396360,30634.119,25928.254,0,347.990,0,25.999,6590,7168,1.820,1.220,0.700,2,0,49.999,0,0,11,32,1,13,0
22-02 09:12:03,52.868,13.466,31.920,0.249,0,1566288,790868,173028,5396572,21306.777,12005.012,0,686.286,0,59.850,6652,8586,1.820,1.220,0.700,2,0,206.484,0,0,11,28,1,17,0
22-02 09:12:04,20.005,7.752,72.017,0,0,1540156,817000,173028,5396572,8339.009,1458.351,0,264.064,0,14.003,2450,1782,1.820,1.220,0.700,1,0,53.013,0,0,11,28,1,17,0
22-02 09:12:05,17.994,2.499,77.723,0.250,0,1530152,826976,173052,5396576,14846.834,6123.869,0,1499.478,0,79.972,2302,2166,1.820,1.220,0.700,1,0,1.000,0,0,11,29,1,17,0
22-02 09:12:06,16.537,7.266,75.669,0.251,0,1484220,872888,173056,5396592,10454.286,3991.892,0,124.277,0,16.036,3490,3205,1.820,1.220,0.700,1,0,68.152,0,0,11,28,1,18,0
22-02 09:12:07,20.958,4.990,73.354,0,0,1480740,876368,173056,5396592,8721.665,1455.108,0,0,0,0,1872,1276,1.750,1.220,0.710,1,0,0.998,0,0,11,28,1,18,0
22-02 09:12:08,17.993,1.250,79.721,0,0,1481160,875940,173056,5396600,11711.751,5937.846,0,243.912,0,11.996,1980,1618,1.750,1.220,0.710,0,0,0,0,0,11,29,1,18,0
22-02 09:12:09,15.505,7.753,75.026,0,0,1440720,916360,173068,5396608,7977.789,4021.406,0,288.101,0,26.009,3671,3599,1.750,1.220,0.710,1,0,65.023,0,0,11,28,1,16,0
22-02 09:12:10,7.982,23.199,67.103,0.249,0,1415468,941612,173068,5396608,5675.541,1454.806,0,183.597,0,8.980,5055,2974,1.750,1.220,0.710,1,0,267.413,0,0,11,28,1,16,0
22-02 09:12:11,10.273,27.562,60.887,0.251,0,1395124,961968,173068,5396628,7960.862,649.457,0,565.268,0,34.076,5214,3277,1.750,1.220,0.710,2,0,307.690,0,0,11,28,1,16,0
22-02 09:12:12,54.386,36.341,9.524,0,0,1432576,924484,173068,5396660,8817.009,1461.649,0,236.591,0,21.053,5453,3991,2.010,1.280,0.730,5,0,398.996,0,0,11,28,1,16,0
22-02 09:12:13,86.262,11.752,1.250,0,0,1665156,691900,173068,5396664,49602.132,8037.156,0,24.003,0,4.001,5233,2608,2.010,1.280,0.730,3,0,0,0,0,11,31,1,16,0
22-02 09:12:14,68.465,7.496,23.488,0,0,1691104,665760,173068,5396856,37087.022,28059.642,0,95.951,0,11.994,7297,9182,2.010,1.280,0.730,5,0,0,0,0,11,32,1,16,0
22-02 09:12:15,74.532,16.007,10.004,0,0,1594216,762400,173100,5397072,27059.616,17379.461,0,648.278,0,70.030,8655,11567,2.010,1.280,0.730,6,0,241.103,0,0,11,28,1,17,0
22-02 09:12:16,82.920,16.984,0,0,0,1677716,678760,173108,5397204,12042.443,4884.312,0,831.202,0,14.986,5381,3603,2.010,1.280,0.730,6,0,68.934,0,0,11,29,1,17,0
22-02 09:12:17,82.242,7.749,8.999,0.250,0,1759636,596788,173108,5397252,33019.850,28917.241,0,179.983,0,11.999,7268,8414,2.330,1.360,0.760,8,0,1.000,0,0,11,33,1,18,0
22-02 09:12:18,69.497,11.500,18.249,0,0,1599676,756644,173116,5397348,35761.545,32045.696,0,375.985,0,23.999,9555,14150,2.330,1.360,0.760,2,0,168.993,0,0,11,30,0,21,0
22-02 09:12:19,49.811,9.512,40.300,0.250,0,1542980,813340,173120,5397364,12901.871,4355.358,0,352.434,0,24.030,4021,3173,2.330,1.360,0.760,1,0,130.160,0,0,11,29,0,22,0
22-02 09:12:20,36.409,3.741,58.354,0,0,1547960,808324,173128,5397356,15997.848,10168.479,0,243.389,0,19.950,3613,3577,2.330,1.360,0.760,2,0,1.995,0,0,11,29,0,23,0
22-02 09:12:21,37.477,27.483,33.729,0,0,1526124,830112,173132,5397464,15143.634,7749.207,0,2810.262,0,267.834,6171,5800,2.330,1.360,0.760,4,0,327.797,0,0,11,29,0,23,0
22-02 09:12:22,71.210,14.543,13.540,0,0,1522176,834016,173136,5397504,10623.255,2653.808,0,196.578,0,9.027,4319,2199,2.390,1.390,0.770,3,0,50.148,0,0,11,28,0,24,0
22-02 09:12:23,52.394,5.738,41.416,0,0,1561796,794252,173136,5397648,22182.976,14447.676,0,155.684,0,7.984,4148,3194,2.390,1.390,0.770,4,0,0,0,0,11,31,0,24,0
22-02 09:12:24,48.609,5.235,43.873,0.249,0,1534524,821324,173148,5397836,24806.925,16497.069,0,2819.807,0,101.705,7099,8448,2.390,1.390,0.770,6,0,0.997,0,0,11,29,0,25,0
22-02 09:12:25,67.085,26.884,6.281,0,0.251,1485776,870024,173172,5397860,5788.929,1998.990,0,474.371,0,39.196,5544,4089,2.390,1.390,0.770,4,0,258.291,0,0,11,28,0,23,0
22-02 09:12:26,66.993,6.999,25.248,0.250,0,1598068,757712,173172,5397880,21730.853,14004.616,0,211.979,0,9.999,4842,3081,2.390,1.390,0.770,4,0,0,0,0,11,32,0,23,0
22-02 09:12:27,64.792,6.728,27.412,0,0,1566200,789392,173172,5398068,29929.696,23324.948,0,322.961,0,24.920,7573,9333,2.350,1.400,0.780,3,0,0.997,0,0,11,31,0,24,0
22-02 09:12:28,62.452,22.824,14.547,0,0,1490460,865092,173172,5398108,12600.758,7482.202,0,441.428,0,31.101,6226,6050,2.350,1.400,0.780,3,0,325.051,0,0,11,28,0,26,0
22-02 09:12:29,55.099,6.732,37.647,0,0.249,1546340,809200,173176,5398116,20202.717,10898.178,0,151.585,0,9.973,3857,2408,2.350,1.400,0.780,2,0,0,0,0,11,31,0,26,0
22-02 09:12:30,52.665,5.491,39.936,0.250,0,1550804,804664,173200,5398164,20659.821,14593.563,0,319.487,0,28.954,6281,6774,2.350,1.400,0.780,2,0,0,0,0,11,30,0,27,0
22-02 09:12:31,56.237,28.620,14.561,0,0,1455160,900256,173212,5398204,16380.899,7456.362,0,389.639,0,29.122,6169,5879,2.350,1.400,0.780,3,0,300.263,0,0,11,28,0,28,0
22-02 09:12:32,58.349,5.985,35.409,0,0,1551832,803444,173212,5398344,17564.625,8144.959,0,215.443,0,8.977,3492,1567,2.410,1.420,0.790,2,0,0,0,0,11,31,0,28,0
22-02 09:12:33,54.221,6.996,36.980,0.250,0,1542364,812732,173220,5398516,21483.408,16451.123,0,1339.277,0,89.951,6759,7515,2.410,1.420,0.790,3,0,14.992,0,0,11,30,0,29,0
22-02 09:12:34,58.550,23.520,16.764,0.250,0,1499068,855860,173220,5398684,15090.853,7930.755,0,220.188,0,19.016,5689,5294,2.410,1.420,0.790,4,0,272.232,0,0,11,28,0,31,0
22-02 09:12:35,55.025,5.002,39.768,0,0,1572536,782252,173220,5398824,13877.220,10093.524,0,4.002,0,1.000,3770,2290,2.410,1.420,0.790,4,0,0,0,0,11,31,0,31,0
22-02 09:12:36,49.076,5.481,42.848,0.249,0,1571072,783664,173240,5398856,19874.715,14656.170,0,215.239,0,20.926,6130,6112,2.410,1.420,0.790,3,0,0,0,0,11,30,0,32,0
22-02 09:12:37,56.154,16.796,26.823,0,0,1438900,915796,173244,5398892,13387.653,5643.451,0,244.670,0,24.066,5454,4971,2.450,1.450,0.800,4,0,113.310,0,0,11,28,0,33,0
22-02 09:12:38,57.025,6.253,36.016,0,0,1543648,811040,173248,5398896,12845.659,8007.527,0,112.049,0,8.004,3674,1730,2.450,1.450,0.800,2,0,0,0,0,11,31,0,33,0
22-02 09:12:39,50.662,4.991,42.925,0.250,0,1541392,813256,173264,5398920,21315.919,12670.958,0,235.590,0,23.958,5304,5326,2.450,1.450,0.800,2,0,0,0,0,11,30,0,34,0
22-02 09:12:40,52.643,26.322,19.804,0,0,1453472,900968,173272,5399120,16878.874,9381.497,0,413.123,0,32.087,6610,7126,2.450,1.450,0.800,6,0,407.106,0,0,11,28,0,35,0
22-02 09:12:41,76.221,23.741,0,0,0,1589456,764940,173276,5399160,4994.078,1457.439,0,431.834,0,20.992,5482,4467,2.450,1.450,0.800,9,0,356.863,0,0,11,28,0,35,0
22-02 09:12:42,82.333,16.517,1.752,0,0,1740828,613532,173276,5399196,22596.735,15794.892,0,460.463,0,24.024,6025,5082,2.820,1.540,0.830,7,0,411.414,0,0,11,32,0,35,0
22-02 09:12:43,68.605,18.461,11.476,0,0,1732172,622060,173284,5399316,76894.960,36848.869,0,471.001,0,31.932,7772,9444,2.820,1.540,0.830,4,0,425.099,0,0,11,32,0,35,0
22-02 09:12:44,82.234,16.547,1.254,0,0,1661664,692360,173296,5399512,25225.833,16249.272,0,557.588,0,49.140,6820,6774,2.820,1.540,0.830,4,0,224.640,0,0,11,29,0,36,0
22-02 09:12:45,80.386,10.735,8.987,0,0,1699444,654548,173304,5399536,21624.207,15601.783,0,159.772,0,9.986,5307,3897,2.820,1.540,0.830,2,0,29.957,0,0,11,32,0,36,0
22-02 09:12:46,72.151,7.490,18.225,0,0.250,1674928,678852,173304,5399748,41973.309,32585.213,0,191.736,0,8.988,8756,12398,2.820,1.540,0.830,4,0,22.968,0,0,11,31,0,38,0
22-02 09:12:47,32.251,22.251,43.752,0.250,0,1472012,881736,173304,5399796,19271.841,12493.545,0,1108.048,0,15.001,7498,8249,2.830,1.570,0.850,1,0,482.021,0,0,11,28,0,41,0
22-02 09:12:48,8.500,23.000,67.501,0,0,1447368,906368,173304,5399808,5597.099,1458.026,0,8.000,0,2.000,4862,2932,2.830,1.570,0.850,2,0,253.004,0,0,11,28,0,41,0
22-02 09:12:49,29.809,40.079,29.057,0,0,1417968,935736,173308,5399836,5267.361,1460.873,0,529.041,0,64.126,5650,3885,2.830,1.570,0.850,5,0,462.911,0,0,11,28,0,41,0
22-02 09:12:50,66.558,27.774,5.755,0,0,1514140,839536,173312,5399860,11176.813,3818.352,0,56.049,0,7.006,5005,3883,2.830,1.570,0.850,4,0,383.337,0,0,11,29,0,39,0
22-02 09:12:51,67.014,7.225,25.161,0.747,0,1595036,758460,173336,5400016,24214.606,17306.966,0,2610.793,0,169.403,5702,5270,2.830,1.570,0.850,3,0,0.996,0,0,11,33,0,40,0
22-02 09:12:52,66.936,13.538,18.552,0,0,1611116,742312,173352,5400080,22418.339,15111.019,0,637.773,0,55.153,6488,8286,2.930,1.610,0.860,5,0,131.365,0,0,11,33,0,42,0
22-02 09:12:53,73.185,18.234,8.492,0,0,1545616,807792,173352,5400100,12508.880,6595.137,0,303.730,0,22.980,5312,4054,2.930,1.610,0.860,5,0,137.877,0,0,11,33,0,43,0
22-02 09:12:54,67.174,7.741,23.973,0,0,1601720,751648,173356,5400136,25419.125,17962.596,0,143.837,0,8.990,5910,5823,2.930,1.610,0.860,4,0,0,0,0,11,36,0,42,0
22-02 09:12:55,58.321,6.508,34.292,0,0,1605772,747392,173356,5400340,30510.344,24270.707,0,2979.647,0,114.140,9392,12182,2.930,1.610,0.860,3,0,0,0,0,11,36,0,42,0
22-02 09:12:56,54.825,8.473,34.390,0,0,1591792,761148,173368,5400544,25986.064,20004.156,0,251.198,0,20.933,8710,11390,2.930,1.610,0.860,4,0,29.905,0,0,11,35,0,42,0
22-02 09:12:57,73.547,13.304,13.053,0,0,1469824,883060,173372,5400596,22548.028,13088.841,0,441.784,0,48.195,7215,8042,3.010,1.650,0.880,5,0,81.328,0,0,11,32,0,42,0
22-02 09:12:58,77.115,10.981,11.230,0,0,1581344,771520,173376,5400612,17060.089,10120.256,0,119.790,0,5.989,4841,3253,3.010,1.650,0.880,3,0,9.982,0,0,11,34,0,41,0
22-02 09:12:59,59.655,7.238,31.949,0,0,1609204,743476,173376,5400792,28722.237,22618.961,0,119.809,0,8.986,5888,7243,3.010,1.650,0.880,4,0,0,0,0,11,36,0,41,0
22-02 09:13:00,52.110,9.771,35.575,0,0,1581264,771192,173376,5401012,37410.694,25391.411,0,120.253,0,6.013,9711,12985,3.010,1.650,0.880,3,0,72.152,0,0,11,35,0,42,0
22-02 09:13:01,71.048,13.321,14.802,0,0,1562848,789536,173376,5401080,30727.208,23974.702,0,118.413,0,7.894,7664,18928,3.010,1.650,0.880,6,0,99.664,0,0,11,33,0,45,0
22-02 09:13:02,76.162,17.517,7.108,0,0,1557384,794964,173380,5401108,14433.209,5659.345,0,231.533,0,19.294,4867,3143,3.010,1.670,0.890,6,0,130.999,0,0,11,33,0,43,0
22-02 09:13:03,65.003,6.226,26.649,0.249,0,1601260,750916,173380,5401276,25844.710,20883.577,0,107.591,0,7.970,5764,5926,3.010,1.670,0.890,4,0,0,0,0,11,36,0,43,0
22-02 09:13:04,57.913,6.268,34.346,0,0,1602448,749656,173380,5401348,25877.650,20635.934,0,112.315,0,7.020,8257,10794,3.010,1.670,0.890,4,0,0,0,0,11,35,0,44,0
22-02 09:13:05,72.484,17.746,9.748,0,0,1555848,796076,173388,5401516,19234.800,10760.650,0,239.948,0,22.995,6417,6620,3.010,1.670,0.890,5,0,97.979,0,0,11,33,0,45,0
22-02 09:13:06,71.078,10.225,17.956,0,0,1585700,766192,173396,5401536,12308.137,8418.574,0,211.487,0,19.952,4573,2901,3.010,1.670,0.890,3,0,29.927,0,0,11,34,1,39,0
22-02 09:13:07,52.054,9.009,38.039,0,0,1588744,763120,173396,5401564,20059.794,15409.974,0,296.307,0,25.026,5223,5484,3.010,1.690,0.900,6,0,61.063,0,0,11,35,0,40,0
22-02 09:13:08,69.917,8.771,21.050,0,0,1640288,711524,173400,5401612,23857.105,16069.464,0,200.480,0,20.048,6495,7904,3.010,1.690,0.900,6,0,0,0,0,11,34,0,41,0
22-02 09:13:09,66.304,12.962,19.443,0,0,1569992,781644,173404,5401784,25757.015,18126.526,0,151.553,0,7.976,6677,7542,3.010,1.690,0.900,6,0,118.650,0,0,11,34,0,42,0
22-02 09:13:10,72.122,14.024,13.273,0,0,1537272,814308,173408,5401836,22121.552,13869.544,0,120.204,0,8.014,5622,5966,3.010,1.690,0.900,5,0,99.168,0,0,11,33,0,43,0
22-02 09:13:11,73.478,9.497,16.745,0.250,0,1595696,755716,173412,5401988,21341.578,13579.914,0,119.964,0,7.998,5213,4697,3.010,1.690,0.900,2,0,25.992,0,0,11,35,0,43,0
22-02 09:13:12,64.774,10.254,24.509,0,0,1601280,750076,173416,5402040,21114.961,15962.018,0,348.131,0,10.004,6089,6437,2.930,1.700,0.910,5,0,77.029,0,0,11,34,0,45,0
22-02 09:13:13,78.063,12.510,9.257,0.250,0,1556576,794736,173420,5402080,53297.961,10444.419,0,272.219,0,27.022,5668,5023,2.930,1.700,0.910,3,0,34.027,0,0,11,33,0,47,0
22-02 09:13:14,69.000,12.250,18.500,0,0,1614468,736808,173420,5402112,27191.931,18455.953,0,152.000,0,9.000,5381,5434,2.930,1.700,0.910,2,0,72.000,0,0,11,35,0,47,0
22-02 09:13:15,58.109,16.460,24.690,0,0,1557528,793712,173424,5402140,19478.661,10389.750,0,482.827,0,47.884,5336,5173,2.930,1.700,0.910,3,0,185.549,0,0,11,33,0,50,0
22-02 09:13:16,58.721,6.469,33.093,0,0,1607444,743732,173432,5402192,16244.770,8398.074,0,199.054,0,14.929,5090,4161,2.930,1.700,0.910,1,0,0,0,0,11,33,1,51,0
22-02 09:13:17,47.194,14.058,38.408,0,0,1535064,816024,173432,5402276,23235.295,12909.948,0,265.087,0,14.058,5342,4880,2.850,1.700,0.920,2,0,97.399,0,0,11,34,0,51,0
22-02 09:13:18,53.254,8.001,36.753,0,0,1506980,843996,173432,5402388,20880.694,13021.056,0,1064.086,0,2.000,5793,5414,2.850,1.700,0.920,3,0,42.003,0,0,11,33,0,53,0
22-02 09:13:19,57.502,13.751,28.251,0.250,0,1503736,846936,173432,5402692,9405.393,5438.227,0,228.010,0,17.001,4599,3768,2.850,1.700,0.920,4,0,44.002,0,0,11,33,0,47,0
22-02 09:13:20,49.794,11.260,37.533,0,0,1479304,871324,173440,5402724,17056.135,12913.459,0,220.195,0,11.010,4984,4038,2.850,1.700,0.920,2,0,86.076,0,0,11,34,0,48,0
22-02 09:13:21,32.985,4.248,61.471,0,0,1479272,871324,173444,5402752,16817.191,10525.112,0,111.948,0,7.996,4557,4843,2.850,1.700,0.920,1,0,0,0,0,11,34,0,48,0
22-02 09:13:22,33.535,9.260,55.557,0.250,0,1376504,974016,173456,5402812,14962.429,7106.328,0,624.644,0,75.077,5089,4941,2.790,1.710,0.920,2,0,83.086,0,0,11,32,0,50,0
22-02 09:13:23,37.804,13.770,47.818,0,0,1457688,892832,173456,5402812,8538.138,1405.999,0,228.325,0,21.030,3406,2120,2.790,1.710,0.920,2,0,52.074,0,0,11,32,0,48,0
22-02 09:13:24,35.616,3.487,59.028,0.498,0,1509816,840688,173460,5402824,19482.608,10713.641,0,147.445,0,9.962,3175,2312,2.790,1.710,0.920,2,0,0,0,0,11,34,0,48,0
22-02 09:13:25,37.133,5.018,57.205,0,0,1415952,934356,173460,5403016,16437.793,8643.917,0,3901.956,0,173.621,5183,5515,2.790,1.710,0.920,3,0,2.007,0,0,11,33,0,49,0
22-02 09:13:26,33.527,18.265,47.038,0,0,1430672,919624,173460,5403028,11019.799,2522.014,0,188.150,0,11.009,4182,2443,2.790,1.710,0.920,2,0,136.109,0,0,11,32,0,50,0
22-02 09:13:27,39.886,5.484,53.845,0,0,1480808,869484,173460,5403032,7941.211,3804.083,0,163.531,0,8.974,2789,1671,2.720,1.710,0.930,3,0,0.997,0,0,11,33,0,49,0
22-02 09:13:28,36.004,5.501,57.256,0,0,1426404,923868,173464,5403048,14783.547,10984.149,0,216.023,0,20.002,3706,3033,2.720,1.710,0.930,2,0,21.002,0,0,11,33,0,50,0
22-02 09:13:29,36.183,9.982,53.401,0.250,0,1442756,907488,173468,5403072,14256.681,6537.930,0,267.506,0,23.956,4072,4087,2.720,1.710,0.930,2,0,43.919,0,0,11,32,0,51,0
22-02 09:13:30,38.925,6.529,53.742,0,0,1513344,836896,173468,5403076,11717.809,6546.503,0,112.507,0,8.036,3058,2040,2.720,1.710,0.930,2,0,0,0,0,11,33,0,51,0
22-02 09:13:31,37.643,3.490,57.338,0,0,1514796,835420,173468,5403096,20104.121,10785.486,0,111.684,0,7.977,4264,4087,2.720,1.710,0.930,2,0,0,0,0,11,34,0,47,0
22-02 09:13:32,36.988,9.247,53.733,0,0,1492340,857712,173476,5403252,12778.013,7930.525,0,123.961,0,8.997,4559,3991,2.750,1.740,0.940,1,0,42.987,0,0,11,33,0,48,0
22-02 09:13:33,39.525,7.755,51.282,0,0,1491024,859016,173480,5403260,10499.590,2740.720,0,268.168,0,25.016,3163,2334,2.750,1.740,0.940,2,0,5.003,0,0,11,32,0,49,0
22-02 09:13:34,36.497,4.000,58.245,0,0.250,1532048,817980,173484,5403264,15309.809,8880.309,0,147.988,0,9.999,2811,1819,2.750,1.740,0.940,0,0,0,0,0,11,34,0,49,0
22-02 09:13:35,19.994,2.249,77.476,0.250,0,1521776,828236,173484,5403280,10919.554,6918.816,0,111.965,0,7.997,2838,2920,2.750,1.740,0.940,0,0,0,0,0,11,34,0,45,0
22-02 09:13:36,17.247,1.750,78.484,0,0,1513308,836688,173484,5403296,14191.121,6837.613,0,123.975,0,8.998,3426,3793,2.750,1.740,0.940,0,0,0,0,0,11,34,0,45,0
22-02 09:13:37,30.484,14.242,53.472,0.250,0,1397340,952620,173500,5403316,12756.250,5446.118,0,335.822,0,32.983,5360,4789,2.680,1.740,0.940,2,0,130.931,0,0,11,32,0,47,0
22-02 09:13:38,25.768,16.512,56.040,0.250,0,1434088,915804,173500,5403380,7229.169,1459.043,0,160.114,0,9.006,3809,2315,2.680,1.740,0.940,1,0,152.109,0,0,11,32,0,47,0
22-02 09:13:39,17.719,2.246,79.361,0.250,0,1435776,914104,173504,5403388,14661.303,7185.406,0,387.321,0,24.956,2372,2367,2.680,1.740,0.940,1,0,0,0,0,11,33,0,45,0
22-02 09:13:40,17.268,2.503,79.331,0,0,1432272,917596,173520,5403400,12094.310,6726.847,0,268.273,0,27.028,3299,3716,2.680,1.740,0.940,2,0,1.001,0,0,11,32,0,46,0
22-02 09:13:41,9.755,20.011,67.786,0,0,1373868,975988,173520,5403408,10643.683,1524.814,0,196.105,0,15.008,4715,2743,2.680,1.740,0.940,1,0,243.130,0,0,11,32,0,46,0
22-02 09:13:42,18.727,7.990,72.662,0.250,0,1403336,946516,173520,5403412,6852.721,1510.175,0,139.831,0,8.989,2280,1533,2.550,1.730,0.950,1,0,40.951,0,0,11,32,0,46,0
22-02 09:13:43,18.529,2.754,77.873,0.250,0,1428344,921484,173528,5403428,45805.252,6511.271,0,564.891,0,49.077,2297,2208,2.550,1.730,0.950,1,0,0,0,0,11,33,0,44,0
22-02 09:13:44,18.955,2.993,76.568,0,0,1420576,929236,173528,5403444,14053.642,6317.006,0,0,0,0,3217,3304,2.550,1.730,0.950,2,0,0,0,0,11,33,0,44,0
22-02 09:13:45,18.290,8.018,72.659,0,0,1404236,945444,173528,5403576,7802.101,2349.149,0,4.009,0,1.002,2665,1956,2.550,1.730,0.950,1,0,46.101,0,0,11,32,0,45,0
22-02 09:13:46,21.007,3.001,75.277,0,0,1406728,942952,173528,5403576,7024.474,3431.208,0,1792.631,0,167.059,1791,1099,2.550,1.730,0.950,0,0,0,0,0,11,33,0,45,0
22-02 09:13:47,18.495,1.750,78.228,0,0,1402064,947604,173528,5403588,16093.446,7862.775,0,3.999,0,1.000,2858,3017,2.430,1.710,0.950,1,0,1.000,0,0,11,33,0,39,0
22-02 09:13:48,18.999,2.750,76.247,0,0,1397972,951676,173528,5403608,12682.565,6782.767,0,515.982,0,4.000,3458,3780,2.430,1.710,0.950,1,0,0,0,0,11,33,0,39,0
22-02 09:13:49,14.251,15.001,69.255,0,0,1354364,995204,173536,5403680,9287.657,1923.136,0,124.009,0,11.001,4186,2881,2.430,1.710,0.950,1,0,163.012,0,0,11,32,0,39,0
22-02 09:13:50,9.242,21.981,67.440,0,0,1341592,1007896,173536,5403756,6932.857,1510.661,0,0,0,0,4824,2929,2.430,1.710,0.950,1,0,236.790,0,0,11,32,0,39,0
22-02 09:13:51,24.526,23.525,50.805,0,0,1346652,1002744,173576,5403804,5356.786,1459.576,0,660.714,0,35.038,4866,3216,2.430,1.710,0.950,2,0,226.244,0,0,11,32,0,41,0
22-02 09:13:52,44.503,5.750,48.253,0.250,0,1457688,891224,173628,5404168,9561.608,1242.079,36.002,0,1.000,0,2819,1388,2.390,1.720,0.950,2,0,0,0,0,11,32,0,41,0
22-02 09:13:53,40.076,7.468,41.818,8.214,0,1514116,830056,174256,5407772,6433.034,900.087,434.113,14178.364,16.926,1189.828,8362,12284,2.390,1.720,0.950,4,1,40.823,0,0,11,36,0,41,0
22-02 09:13:54,34.588,8.271,41.856,12.782,0,1491024,849316,175036,5410696,8925.673,1461.713,0,20139.157,0,1919.877,10894,18458,2.390,1.720,0.950,1,1,70.178,0,0,11,36,0,41,0
22-02 09:13:55,37.266,8.754,36.515,13.005,0,1550944,787440,175508,5412128,6856.864,1458.609,0,34042.221,0,2548.064,12109,21013,2.390,1.720,0.950,3,0,38.016,0,0,11,36,0,37,0
22-02 09:13:56,37.794,8.260,38.294,12.014,0,1543092,794064,175752,5413040,8496.863,1567.820,0,25177.224,0,2137.481,11511,19456,2.390,1.720,0.950,3,0,25.029,0,0,11,36,0,37,0
22-02 09:13:57,43.104,8.019,43.104,4.761,0,1512512,825288,175804,5412344,7188.280,1515.643,0,13476.396,0,972.337,6580,9031,2.360,1.720,0.960,6,0,6.014,0,0,11,32,0,37,0
22-02 09:13:58,46.635,4.988,45.637,1.746,0,1537704,800064,175824,5412356,5601.170,1454.409,0,7250.099,0,384.052,3581,2977,2.360,1.720,0.960,2,0,1.995,0,0,11,32,0,37,0
22-02 09:13:59,38.558,9.264,40.561,8.513,0,1512796,824600,175984,5412568,5212.833,1460.194,0,12638.991,0,1582.378,11305,18249,2.360,1.720,0.960,6,0,2.003,0,0,11,34,0,37,0
22-02 09:14:00,37.900,9.724,39.396,8.228,0,1565604,771236,176240,5412836,10007.655,1454.172,0,11529.649,0,1439.211,10905,17338,2.360,1.720,0.960,3,1,7.979,0,0,11,34,0,37,0
22-02 09:14:01,42.953,13.735,41.454,0.999,0,1479300,857432,176308,5415768,6766.549,1348.515,0,1410.447,0,167.815,5169,8509,2.360,1.720,0.960,4,0,134.852,0,0,11,32,0,37,0
22-02 09:14:02,24.560,4.762,70.171,0.251,0,1516848,819872,176320,5412868,9252.553,1136.771,0,1355.304,0,167.408,2515,4739,2.250,1.710,0.960,1,0,2.005,0,0,11,32,0,38,0
22-02 09:14:03,22.498,3.250,71.993,0.750,0,1497452,839232,176340,5412884,7058.316,1565.848,0,3991.613,0,208.980,2186,2026,2.250,1.710,0.960,5,0,1.000,0,0,11,32,0,38,0
22-02 09:14:04,23.256,3.751,72.768,0.500,0,1489008,847668,176348,5412884,8410.094,1404.350,0,2052.511,0,118.029,2078,1751,2.250,1.710,0.960,3,0,2.000,0,0,11,32,0,33,0
22-02 09:14:05,23.002,2.500,73.505,0,0,1471316,865280,176356,5412956,6502.427,1026.067,0,8.001,0,2.000,1780,1154,2.250,1.710,0.960,1,0,1.000,0,0,11,32,0,33,0
22-02 09:14:06,22.247,3.500,73.490,0,0,1464812,871780,176356,5412960,5131.290,1079.851,0,0,0,0,1816,1207,2.250,1.710,0.960,3,0,2.000,0,0,11,32,0,33,0
22-02 09:14:07,24.001,2.500,73.504,0,0,1450152,886348,176356,5413048,6727.403,1458.087,0,0,0,0,1840,1162,2.150,1.700,0.960,3,0,2.000,0,0,11,32,0,33,0
22-02 09:14:08,22.001,3.250,73.502,0,0,1468400,868064,176368,5413072,8295.201,1458.035,0,4.000,0,1.000,1785,1248,2.150,1.700,0.960,2,0,0,0,0,11,32,0,30,0
22-02 09:14:09,22.250,4.250,73.251,0.250,0,1444680,891780,176372,5413072,6445.126,1296.025,0,604.012,0,33.001,2023,1669,2.150,1.700,0.960,2,0,1.000,0,0,11,32,0,30,0
22-02 09:14:10,22.750,2.750,73.250,0,0,1484572,851868,176372,5413092,7671.997,1188.000,0,0,0,0,1801,1187,2.150,1.700,0.960,4,0,2.000,0,0,11,32,0,30,0
22-02 09:14:11,23.000,2.750,73.248,0,0,1433760,902664,176376,5413104,5440.889,1565.968,0,131.997,0,7.000,1770,1207,2.150,1.700,0.960,3,0,1.000,0,0,11,32,0,30,0
22-02 09:14:12,23.000,3.000,74.000,0,0,1455388,881012,176376,5413124,8361.967,1511.994,0,167.999,0,33.000,1851,1245,2.060,1.690,0.960,3,0,1.000,0,0,11,32,0,25,0
22-02 09:14:13,21.502,4.250,73.255,0,0,1476872,859528,176376,5413124,46344.394,1458.107,0,0,0,0,1902,1211,2.060,1.690,0.960,2,0,2.000,0,0,11,32,0,25,0
22-02 09:14:14,18.505,7.502,73.269,0,0,1441728,894548,176384,5413236,5240.348,1458.375,0,0,0,0,2785,1819,2.060,1.690,0.960,1,0,82.021,0,0,11,32,0,25,0
22-02 09:14:15,7.994,22.233,68.198,0,0,1420632,915588,176384,5413276,9981.414,1456.893,0,439.666,0,4.996,4960,3080,2.060,1.690,0.960,3,0,256.805,0,0,11,32,0,25,0
22-02 09:14:16,9.004,21.509,67.528,0,0,1419292,916912,176384,5413288,8727.666,1458.613,0,440.185,0,5.002,4964,3082,2.060,1.690,0.960,2,0,251.105,0,0,11,32,0,19,0
22-02 09:14:17,10.000,19.001,69.753,0.250,0,1403780,932252,176388,5413448,4981.194,1242.048,0,316.012,0,8.000,4622,2944,1.970,1.680,0.960,1,0,197.008,0,0,11,32,0,19,0
22-02 09:14:18,7.990,22.223,68.167,0,0,1405512,930504,176388,5413464,8327.809,1294.416,0,635.223,0,93.885,4882,3009,1.970,1.680,0.960,1,0,229.719,0,0,11,32,0,19,0
22-02 09:14:19,8.251,20.503,69.011,0,0,1393628,942368,176388,5413484,6672.105,1458.241,0,464.077,0,27.004,4968,3330,1.970,1.680,0.960,1,0,224.037,0,0,11,32,0,19,0
22-02 09:14:20,14.511,13.510,70.802,0.250,0,1382060,953944,176388,5413476,7530.510,1026.751,0,92.067,0,6.004,3619,2422,1.970,1.680,0.960,1,0,129.094,0,0,11,32,0,15,0
22-02 09:14:21,22.253,4.001,73.510,0.250,0,1434812,901192,176388,5413476,6397.852,1026.137,0,24.003,0,4.001,1826,1312,1.970,1.680,0.960,1,0,0,0,0,11,32,0,15,0
22-02 09:14:22,23.001,3.250,73.003,0,0,1448776,887164,176388,5413532,4888.171,1458.051,0,16.001,0,1.000,1934,1227,1.890,1.660,0.960,1,0,3.000,0,0,11,32,0,15,0
22-02 09:14:23,21.754,4.001,73.263,0,0,1449364,886596,176388,5413512,9211.579,1458.250,0,4.001,0,1.000,1894,1264,1.890,1.660,0.960,1,0,2.000,0,0,11,32,0,15,0
22-02 09:14:24,23.249,3.250,73.496,0,0,1443300,892652,176388,5413520,8911.507,1553.914,0,3427.810,0,172.990,1929,1201,1.890,1.660,0.960,1,0,1.000,0,0,11,32,0,13,0
22-02 09:14:25,22.001,3.750,73.503,0,0,1435032,900920,176388,5413520,5386.207,1512.058,0,0,0,0,1873,1302,1.890,1.660,0.960,1,0,2.000,0,0,11,32,0,13,0
22-02 09:14:26,23.246,2.250,73.737,0,0,1430008,905948,176388,5413512,8401.521,1457.743,0,175.969,0,4.999,1816,1165,1.890,1.660,0.960,1,0,1.000,0,0,11,32,0,13,0
22-02 09:14:27,22.250,3.750,71.749,0.250,0,1429688,906248,176400,5413520,7568.845,1457.970,0,2527.948,0,111.998,2175,1948,1.820,1.650,0.960,2,0,3.000,0,0,11,32,0,13,0
22-02 09:14:28,22.784,3.505,74.111,0,0.250,1422764,913156,176400,5413536,8427.632,1514.270,0,100.150,0,9.014,1809,1233,1.820,1.650,0.960,1,0,1.002,0,0,11,32,0,10,0
22-02 09:14:29,22.968,2.746,73.398,0.250,0,1440120,895792,176408,5413536,7638.415,1455.982,0,515.286,0,53.925,2019,1612,1.820,1.650,0.960,4,0,1.997,0,0,11,32,0,10,0
22-02 09:14:30,23.006,2.751,74.018,0,0,1431312,904612,176408,5413524,4670.130,1458.353,0,12.003,0,1.000,1766,1210,1.820,1.650,0.960,2,0,1.000,0,0,11,32,0,10,0
22-02 09:14:31,22.387,3.234,72.883,0,0,1493808,842116,176408,5413524,8232.516,1128.314,0,43.779,0,3.980,1887,1254,1.820,1.650,0.960,2,0,1.990,0,0,11,32,0,10,0
22-02 09:14:32,24.000,2.750,73.251,0,0,1468328,867660,176408,5413460,6580.123,1350.025,0,24.000,0,1.000,1838,1273,1.760,1.640,0.960,3,0,1.000,0,0,11,32,0,8,0
22-02 09:14:33,22.863,3.517,73.864,0,0,1515200,820788,176408,5413460,8144.139,1465.221,0,0,0,0,1852,1270,1.760,1.640,0.960,2,0,2.010,0,0,11,32,0,8,0
22-02 09:14:34,23.003,2.500,73.761,0,0,1476964,858948,176408,5413536,6629.971,1458.214,0,88.013,0,1.000,1814,1228,1.760,1.640,0.960,2,0,1.000,0,0,11,32,0,8,0
22-02 09:14:35,22.725,3.246,73.420,0,0,1465292,870628,176408,5413528,8085.177,1186.705,0,15.983,0,1.998,1843,1317,1.760,1.640,0.960,4,0,0.999,0,0,11,32,0,8,0
22-02 09:14:36,22.251,4.000,73.502,0,0,1479076,856844,176408,5413528,6765.191,1296.037,0,76.002,0,2.000,1881,1315,1.760,1.640,0.960,2,0,2.000,0,0,11,32,0,7,0
22-02 09:14:37,23.001,2.750,73.502,0,0,1460680,875240,176408,5413528,6562.158,1512.036,0,20.000,0,1.000,1829,1252,1.700,1.630,0.960,2,0,2.000,0,0,11,32,0,7,0
22-02 09:14:38,22.745,3.249,73.733,0,0,1491668,844244,176408,5413536,5603.715,1511.653,0,19.995,0,1.000,1791,1225,1.700,1.630,0.960,3,0,1.000,0,0,11,32,0,7,0
22-02 09:14:39,22.412,3.735,72.464,0.498,0,1474260,861632,176420,5413544,8830.179,1506.061,0,549.832,0,37.851,2184,1874,1.700,1.630,0.960,2,0,1.992,0,0,11,32,0,7,0
22-02 09:14:40,20.859,6.534,72.378,0,0,1475448,860376,176420,5413580,6899.035,1507.876,0,209.092,0,38.200,2671,1779,1.700,1.630,0.960,2,0,84.441,0,0,11,32,0,7,0
22-02 09:14:41,8.707,22.888,66.424,0,0,1450452,885360,176420,5413592,8109.223,1450.883,0,143.297,0,7.961,4823,2944,1.700,1.630,0.960,2,0,239.824,0,0,11,32,0,4,0
22-02 09:14:42,12.994,15.743,69.719,0,0,1448952,886848,176420,5413600,11543.888,1457.355,0,39.982,0,1.999,3668,2326,1.720,1.640,0.970,2,0,134.940,0,0,11,32,0,4,0
22-02 09:14:43,23.124,3.519,73.646,0,0,1454984,880792,176420,5413624,46095.606,1520.166,0,0,0,0,1817,1138,1.720,1.640,0.970,2,0,0,0,0,11,32,0,4,0
22-02 09:14:44,23.214,2.746,73.385,0,0,1428332,907192,176424,5413864,9995.364,1401.807,0,7.988,0,0.998,1877,1191,1.720,1.640,0.970,3,0,8.986,0,0,11,32,0,4,0
22-02 09:14:45,22.749,3.000,73.497,0,0.250,1448332,887188,176428,5413864,5233.776,1079.954,0,163.993,0,2.000,1694,1160,1.720,1.640,0.970,4,0,0,0,0,11,32,0,4,0
22-02 09:14:46,14.021,19.029,65.098,0.250,0,1416568,918828,176428,5413988,5294.990,1568.367,40.060,24.036,2.003,1.002,4188,2714,1.720,1.640,0.970,2,0,216.326,0,0,11,32,0,4,0
22-02 09:14:47,9.000,21.251,69.003,0,0,1409872,925504,176428,5414008,8406.330,1458.057,0,76.003,0,4.000,4605,2831,1.740,1.640,0.970,1,0,212.008,0,0,11,32,0,4,0
22-02 09:14:48,8.250,20.999,67.998,0,0,1409308,926056,176428,5414020,5339.812,1457.949,0,71.997,0,3.000,4822,3055,1.740,1.640,0.970,2,0,237.992,0,0,11,32,0,4,0
22-02 09:14:49,9.000,22.250,67.501,0.250,0,1411136,924184,176440,5414044,8742.154,1458.026,0,584.010,0,35.001,4983,3403,1.740,1.640,0.970,1,0,245.004,0,0,11,32,0,3,0
22-02 09:14:50,9.249,21.248,67.494,0,0,1399108,936200,176440,5414056,8337.214,1457.863,0,175.983,0,6.999,4895,3076,1.740,1.640,0.970,1,0,236.978,0,0,11,32,0,3,0
22-02 09:14:51,9.250,21.749,67.247,0,0,1385320,949964,176440,5414072,7995.669,1025.958,0,331.986,0,32.999,4804,3002,1.740,1.640,0.970,3,0,237.990,0,0,11,32,0,3,0
22-02 09:14:52,8.751,21.002,68.506,0,0,1378664,956600,176440,5414088,6505.554,1458.124,0,552.047,0,6.001,4840,3008,1.680,1.630,0.970,2,0,239.020,0,0,11,32,0,3,0
22-02 09:14:53,9.015,21.786,67.612,0,0.250,1385500,949740,176440,5414096,6039.998,1662.752,0,649.074,0,8.013,4769,2990,1.680,1.630,0.970,1,0,241.400,0,0,11,32,0,1,0
22-02 09:14:54,9.457,21.154,67.443,0,0,1383964,951260,176440,5414112,9823.222,1505.139,0,549.495,0,5.973,4825,2964,1.680,1.630,0.970,1,0,228.956,0,0,11,32,0,1,0
22-02 09:14:55,8.523,22.811,67.430,0,0,1380560,954652,176440,5414124,9775.121,1461.906,0,565.511,0,7.019,4801,2878,1.680,1.630,0.970,1,0,229.614,0,0,11,32,0,1,0
22-02 09:14:56,9.502,20.754,67.762,0,0,1377112,958092,176440,5414132,5120.930,1458.265,0,756.137,0,32.006,4612,2865,1.680,1.630,0.970,1,0,226.041,0,0,11,32,0,1,0
22-02 09:14:57,8.745,20.738,69.461,0,0,1371712,963472,176440,5414152,11342.666,1457.186,0,47.973,0,1.999,4704,2894,1.630,1.620,0.970,1,0,207.884,0,0,11,32,0,1,0
22-02 09:14:58,8.005,20.762,69.039,0,0,1369540,965632,176440,5414164,9166.194,1026.582,0,96.054,0,4.002,4732,2868,1.630,1.620,0.970,1,0,220.125,0,0,11,32,0,1,0
22-02 09:14:59,9.517,19.784,68.870,0,0,1368420,966720,176452,5414184,8706.114,1027.784,0,865.503,0,86.150,4906,3252,1.630,1.620,0.970,1,0,220.383,0,0,11,32,0,1,0
22-02 09:15:00,8.734,20.961,68.124,0,0,1361400,973716,176452,5414196,7183.713,1455.308,0,235.564,0,4.991,4825,2971,1.630,1.620,0.970,2,0,211.609,0,0,11,32,0,1,0
22-02 09:15:01,8.743,23.730,66.194,0.250,0,1360404,974680,176460,5414208,5248.530,1456.759,0,563.520,0,83.929,4882,3058,1.630,1.620,0.970,2,0,249.787,0,0,11,32,0,1,0
22-02 09:15:02,18.013,26.019,54.038,0.250,0,1349788,985268,176464,5414228,8676.174,1459.038,0,180.128,0,14.010,5709,11494,1.660,1.630,0.980,1,0,302.215,0,0,11,32,0,2,0
22-02 09:15:03,9.750,18.750,69.749,0,0,1354472,980564,176464,5414248,7746.864,1457.974,0,12.000,0,3.000,4423,2781,1.660,1.630,0.980,2,0,197.997,0,0,11,32,0,2,0
22-02 09:15:04,12.236,24.472,61.928,0,0,1319180,1015816,176480,5414268,5533.586,1510.249,0,11.986,0,2.997,4985,3324,1.660,1.630,0.980,2,0,276.679,0,0,11,34,0,2,0
22-02 09:15:05,27.291,27.791,43.815,0,0,1349808,985164,176484,5414284,9955.849,1460.178,0,1093.631,0,32.048,5653,3606,1.660,1.630,0.980,3,0,263.393,0,0,11,32,0,3,0
22-02 09:15:06,50.512,27.006,21.255,0.250,0,1455148,879572,176536,5414420,8212.952,1566.372,0,692.165,0,51.012,5635,4328,1.660,1.630,0.980,3,0,384.091,0,0,11,32,0,7,0
22-02 09:15:07,65.215,9.245,24.237,0.500,0,1643504,687260,176908,5417192,8604.324,1457.208,15.991,2722.521,0.999,196.893,4230,2674,1.770,1.650,0.990,4,0,4.997,0,0,11,34,0,8,0
22-02 09:15:08,38.260,9.252,34.759,14.254,0,1651668,670404,177428,5424908,9886.597,1458.383,428.112,25814.780,9.002,2133.560,11565,19801,1.770,1.650,0.990,6,1,76.020,0,0,11,38,0,8,0
22-02 09:15:09,29.239,10.496,39.985,14.994,0,1649228,668136,177784,5429140,5368.031,1619.406,0,48766.109,0,3356.768,14500,26599,1.770,1.650,0.990,4,1,41.985,0,0,11,38,0,8,0
22-02 09:15:10,34.000,16.000,31.250,14.250,0,1584072,728268,178080,5433652,8448.067,1512.012,0,43024.339,0,3054.024,14173,24605,1.770,1.650,0.990,7,1,96.001,0,0,11,36,0,8,0
22-02 09:15:11,43.980,7.497,28.987,16.493,0,1636292,668572,178204,5440748,6957.858,1565.293,0,27463.599,0,2506.868,11594,21679,1.770,1.650,0.990,5,0,56.974,0,0,11,36,0,8,0
22-02 09:15:12,38.029,10.008,31.775,15.512,0,1640680,659512,178336,5445132,14323.099,7323.675,0,60602.963,0,4241.287,15095,27853,2.030,1.710,1.010,3,1,15.012,0,0,11,37,0,8,0
22-02 09:15:13,42.192,8.239,33.704,12.483,0,1632596,662916,178640,5449340,45841.376,5170.936,0,22261.588,0,1990.281,12638,20684,2.030,1.710,1.010,2,1,41.943,0,0,11,36,0,9,0
22-02 09:15:14,46.349,16.786,21.045,12.276,0,1575380,717448,178844,5451748,10382.068,1352.876,0,39804.607,0,2618.566,12249,20280,2.030,1.710,1.010,6,1,72.153,0,0,11,34,0,9,0
22-02 09:15:15,34.728,21.986,31.730,8.744,0,1577104,712508,179008,5454664,7664.092,3596.697,255.836,26650.932,1.999,1859.809,11510,17280,2.030,1.710,1.010,4,0,215.862,0,0,11,35,0,9,0
22-02 09:15:16,47.027,22.012,21.012,8.255,0,1589832,695996,179124,5458568,10000.640,5958.360,116.065,27031.245,4.002,1928.087,12965,22050,2.030,1.710,1.010,5,0,163.092,0,0,11,35,0,9,0
22-02 09:15:17,38.004,17.502,30.253,10.751,0,1590848,691540,179260,5461340,11869.130,8048.766,620.059,31512.000,10.001,2379.227,13639,23405,2.500,1.810,1.050,5,0,115.011,0,0,11,37,0,9,0
22-02 09:15:18,39.713,15.486,31.221,9.991,0.250,1590496,690816,179300,5462340,14753.248,6772.687,1023.046,30903.194,16.984,2084.057,12346,20017,2.500,1.810,1.050,5,0,115.892,0,0,11,37,0,9,0
22-02 09:15:19,33.121,11.455,40.343,10.957,0,1524924,755660,179356,5462984,7455.932,2035.066,0,20739.147,0,1796.994,10133,16520,2.500,1.810,1.050,2,0,56.779,0,0,11,36,0,9,0
22-02 09:15:20,34.641,8.786,39.912,12.802,0,1573612,704948,179440,5464844,12965.628,3443.979,0,34222.912,0,2607.584,11156,19564,2.500,1.810,1.050,1,0,27.110,0,0,11,37,0,9,0
22-02 09:15:21,33.248,7.999,42.997,11.749,0,1573016,704696,179608,5465488,10643.233,6307.546,0,24354.246,0,1967.858,10761,17890,2.500,1.810,1.050,2,0,17.999,0,0,11,37,0,9,0
22-02 09:15:22,30.252,9.001,45.003,11.501,0,1573864,705068,179724,5464144,13936.909,6795.443,0,27353.784,0,2149.140,12111,20750,2.460,1.820,1.060,0,1,3.000,0,0,11,37,0,9,0
22-02 09:15:23,31.749,6.750,46.249,11.750,0,1571844,706336,179804,5464820,13547.625,6332.825,0,25351.298,0,1922.947,10339,17436,2.460,1.820,1.060,2,0,9.000,0,0,11,37,0,9,0
22-02 09:15:24,33.998,8.749,41.997,11.999,0,1501676,775696,179892,5465540,9504.414,5519.660,0,19050.825,0,1798.889,10883,17979,2.460,1.820,1.060,1,1,45.997,0,0,11,36,0,10,0
22-02 09:15:25,31.555,13.524,36.564,13.273,0,1536292,740192,179976,5466320,5491.544,1298.256,0,29379.057,0,2351.086,11065,19088,2.460,1.820,1.060,5,0,64.111,0,0,11,36,0,10,0
22-02 09:15:26,33.201,7.739,43.935,11.733,0,1572232,704688,179988,5465868,13673.773,6545.318,0,21783.776,0,2030.996,10660,18254,2.460,1.820,1.060,3,0,8.987,0,0,11,37,0,10,0
22-02 09:15:27,31.720,7.992,43.959,12.488,0,1572132,703932,180008,5466692,9865.690,3530.668,0,30671.056,0,2268.859,10834,18254,2.590,1.850,1.070,1,1,15.985,0,0,11,37,0,10,0
22-02 09:15:28,37.800,7.009,41.304,9.763,0,1571592,703680,180036,5467436,13903.282,6559.626,0,16617.852,0,1518.997,10752,17037,2.590,1.850,1.070,2,0,18.024,0,0,11,37,0,10,0
22-02 09:15:29,36.708,6.992,43.451,9.989,0,1570584,703508,180096,5468532,12928.285,6759.307,0,24699.887,0,2062.652,12181,20378,2.590,1.850,1.070,3,0,23.973,0,0,11,37,0,10,0
22-02 09:15:30,33.655,11.717,39.389,10.720,0,1534368,738628,180152,5469548,10871.450,3675.671,0,18775.239,0,1770.026,11082,17896,2.590,1.850,1.070,4,0,53.849,0,0,11,36,0,10,0
22-02 09:15:31,37.555,9.764,37.805,11.767,0,1583820,688072,180200,5470568,6184.065,1460.140,0,28890.349,0,2146.146,11202,18402,2.590,1.850,1.070,3,0,18.026,0,0,11,36,0,10,0
22-02 09:15:32,31.551,7.763,43.821,12.270,0,1586700,683536,180244,5472132,10773.355,5841.410,0,24319.175,0,2024.261,11377,18846,2.540,1.860,1.080,1,0,21.034,0,0,11,37,0,10,0
22-02 09:15:33,27.462,8.987,45.437,13.481,0.250,1582156,686840,180276,5473292,12742.213,5880.791,0,37140.156,0,2678.261,12440,21477,2.540,1.860,1.080,2,0,26.962,0,0,11,37,0,10,0
22-02 09:15:34,32.528,7.006,43.287,12.010,0,1579640,687000,180308,5475556,13004.246,6781.865,0,22367.344,0,1813.568,11550,19375,2.540,1.860,1.080,0,1,21.018,0,0,11,37,0,10,0
22-02 09:15:35,26.278,8.759,47.050,14.015,0,1575860,689396,180332,5476868,11242.003,7665.184,0,35017.387,0,2560.734,12505,22255,2.540,1.860,1.080,2,1,18.019,0,0,11,36,0,10,1
22-02 09:15:36,33.419,13.717,39.155,10.724,0,1515304,748256,180348,5478508,8453.456,1520.305,0,20242.804,0,1871.452,10923,18236,2.540,1.860,1.080,5,1,108.736,0,0,11,36,0,11,0
22-02 09:15:37,41.105,9.274,34.588,11.780,0,1563320,698864,180368,5479828,10197.946,2078.288,0,31175.317,0,2460.259,11338,20001,2.820,1.920,1.100,4,1,34.087,0,0,11,37,0,11,0
22-02 09:15:38,30.964,8.740,43.699,12.985,0,1563076,698108,180400,5480760,14663.030,6578.387,0,31359.706,0,2388.236,12185,20673,2.820,1.920,1.100,2,1,29.965,0,0,11,37,0,11,0
22-02 09:15:39,33.027,10.509,40.284,12.010,0,1537868,722236,180436,5481788,10796.981,4581.811,0,21401.802,0,1837.528,11196,18254,2.820,1.920,1.100,4,0,49.041,0,0,11,36,0,12,0
22-02 09:15:40,37.730,11.994,35.232,13.243,0.250,1579888,680648,180460,5481308,5545.128,1499.223,0,33486.655,0,2237.841,10765,18202,2.820,1.920,1.100,1,1,8.995,0,0,11,36,0,12,0
22-02 09:15:41,32.195,8.735,42.926,11.979,0,1593232,671100,180464,5477500,14036.918,6489.866,0,26019.360,0,2268.109,12041,20860,2.820,1.920,1.100,3,1,0,0,0,11,37,0,12,0
22-02 09:15:42,29.538,11.264,41.803,13.017,0,1544456,720752,180480,5476620,9981.726,3143.007,0,29585.718,0,2278.905,11677,19891,3.150,2.010,1.140,3,0,51.065,0,0,11,36,0,13,0
22-02 09:15:43,35.513,12.005,36.014,13.005,0,1576796,687832,180492,5477184,40318.315,1458.554,0,25865.825,0,2057.782,10210,17398,3.150,2.010,1.140,3,0,42.016,0,0,11,36,0,13,0
22-02 09:15:44,35.444,9.984,50.171,2.995,0,1471448,793352,180496,5477004,16356.313,6593.645,0,11637.724,0,796.749,5866,7212,3.150,2.010,1.140,2,0,74.882,0,0,11,33,0,14,0
22-02 09:15:45,23.545,13.526,60.866,0.250,0,1471740,792880,180496,5477184,11919.776,6209.866,0,1290.466,0,70.134,4741,4437,3.150,2.010,1.140,1,0,143.274,0,0,11,33,0,14,0
22-02 09:15:46,18.248,7.749,72.742,0.500,0,1444524,820084,180496,5477196,9477.917,2229.745,0,1051.880,0,59.993,2537,1878,3.150,2.010,1.140,1,0,42.995,0,0,11,32,0,15,0
22-02 09:15:47,21.751,2.250,74.754,0.250,0,1449680,814920,180496,5477204,8639.517,3430.205,0,648.039,0,42.003,1901,1471,2.980,1.990,1.140,0,0,1.000,0,0,11,33,0,15,0
22-02 09:15:48,19.254,2.751,75.766,0.750,0,1446724,817864,180496,5477216,10576.220,6459.356,0,3316.696,0,191.040,3148,3605,2.980,1.990,1.140,1,0,0,0,0,11,33,0,15,0
22-02 09:15:49,16.248,5.000,77.243,0,0,1399344,865232,180496,5477228,12602.824,5388.497,0,1263.882,0,157.985,3175,3038,2.980,1.990,1.140,2,0,36.997,0,0,11,32,0,16,0
22-02 09:15:50,8.496,22.990,66.470,0.250,0,1395016,869460,180496,5477328,6881.892,1619.269,0,351.841,0,21.990,5038,3326,2.980,1.990,1.140,1,0,244.889,0,0,11,32,0,16,0
22-02 09:15:51,8.755,21.762,67.288,0.500,0,1395744,868676,180496,5477384,8319.710,1458.826,0,472.267,0,29.016,4873,3091,2.980,1.990,1.140,1,0,232.131,0,0,11,32,0,16,0
22-02 09:15:52,31.302,28.046,39.315,0,0,1388200,876000,180516,5477584,8175.549,1460.420,0,905.501,0,52.086,5602,3852,2.820,1.970,1.130,3,0,279.463,0,0,11,32,0,22,0
22-02 09:15:53,65.046,10.007,24.517,0,0,1531124,732416,180536,5478224,6421.506,1553.090,0,364.256,0,19.013,3965,1751,2.820,1.970,1.130,3,0,7.005,0,0,11,32,0,22,0
22-02 09:15:54,68.090,7.233,23.944,0,0,1682824,577500,180652,5480976,8343.338,1454.572,0,351.172,0,7.981,3909,1695,2.820,1.970,1.130,5,0,0,0,0,11,32,0,22,0
22-02 09:15:55,56.708,7.245,29.978,4.497,0,1784004,470680,180776,5486068,6842.907,1456.916,0,11387.524,0,840.375,7775,9973,2.820,1.970,1.130,4,1,53.960,0,0,11,38,0,22,0
22-02 09:15:56,30.521,10.007,38.277,16.261,0,1781488,467656,180816,5491420,5470.815,1459.017,0,49942.829,0,3421.386,15227,27704,2.820,1.970,1.130,2,0,87.061,0,0,11,38,0,22,0
22-02 09:15:57,32.330,8.953,39.045,14.673,0,1779888,464380,180852,5496112,8242.720,1450.385,0,28944.025,0,2234.269,12736,21052,3,2.030,1.160,6,0,96.493,0,0,11,38,0,22,0
22-02 09:15:58,26.270,11.759,39.530,15.762,0.250,1779316,461116,180888,5499744,7958.136,1459.125,0,47276.449,0,3124.409,13448,23862,3,2.030,1.160,0,1,72.056,0,0,11,38,0,22,0
22-02 09:15:59,32.116,10.036,38.640,14.553,0,1778320,458344,180924,5503364,7771.071,1083.915,0,31718.577,0,2434.795,13051,22151,3,2.030,1.160,1,1,99.359,0,0,11,38,0,22,0
22-02 09:16:00,22.156,10.704,44.062,16.928,0,1778088,455572,180928,5506280,7956.082,1451.811,0,46418.111,0,3446.308,13953,24724,3,2.030,1.160,6,1,53.771,0,0,11,38,0,22,0
22-02 09:16:01,31.658,9.472,38.886,14.956,0,1777844,452548,180940,5509396,8830.207,1561.439,0,25633.125,0,2169.662,12077,19926,3,2.030,1.160,5,0,59.825,0,0,11,38,0,22,0
22-02 09:16:02,47.963,16.574,22.601,11.049,0,1702716,523632,180980,5513232,7221.121,1464.514,0,42424.714,0,3039.520,14658,32602,3.320,2.110,1.190,1,1,198.885,0,0,11,36,0,22,0
22-02 09:16:03,43.413,10.540,28.608,13.049,0,1736952,483740,181024,5518668,5413.381,1463.510,0,49229.346,0,3397.793,14047,25434,3.320,2.110,1.190,9,1,79.299,0,0,11,36,0,22,0
22-02 09:16:04,46.658,9.232,29.691,11.976,0,1784448,431184,181060,5523512,5753.663,1616.814,0,32176.600,0,2719.641,13449,22872,3.320,2.110,1.190,2,1,68.864,0,0,11,36,0,22,0
22-02 09:16:05,47.885,7.521,29.082,11.783,0,1794832,415056,181080,5529024,8472.966,1462.136,0,54068.933,0,3444.743,13288,24168,3.320,2.110,1.190,5,0,2.006,0,0,11,38,0,22,0
22-02 09:16:06,23.635,13.684,42.295,15.674,0,1683304,520172,181092,5535172,6576.130,1128.531,0,49285.148,0,3101.967,13792,24426,3.320,2.110,1.190,0,1,74.638,0,0,11,36,0,22,0
22-02 09:16:07,18.518,8.508,49.799,16.766,0,1681256,518684,181100,5538560,8732.554,1351.324,0,37548.779,0,2666.612,12096,21834,3.850,2.240,1.230,5,0,19.019,0,0,11,36,0,16,0
22-02 09:16:08,15.704,8.974,51.351,18.197,0,1677224,521748,181108,5539472,8131.341,1453.770,0,45116.727,0,3097.986,13141,24045,3.850,2.240,1.230,2,0,35.896,0,0,11,36,0,16,0
22-02 09:16:09,27.643,8.293,45.485,15.078,0,1676808,520340,181120,5541244,8683.943,1465.585,0,36368.220,0,2730.129,12453,22247,3.850,2.240,1.230,1,0,36.187,0,0,11,36,0,16,0
22-02 09:16:10,35.801,7.511,40.307,12.017,0,1635892,559780,181120,5542676,6988.945,1460.078,0,37921.961,0,2779.956,12571,21073,3.850,2.240,1.230,2,0,42.060,0,0,11,34,0,16,0
22-02 09:16:11,15.713,17.209,66.342,0.249,0,1408312,787348,181120,5542688,5556.791,1454.542,0,1472.500,0,72.827,4241,2732,3.850,2.240,1.230,2,0,200.523,0,0,11,32,0,15,0
22-02 09:16:12,19.531,6.761,71.614,0.501,0,1432684,762968,181120,5542696,5235.361,1460.332,0,961.536,0,61.098,2669,1989,3.700,2.240,1.240,1,0,48.077,0,0,11,32,0,15,0
22-02 09:16:13,22.746,2.999,73.237,0.250,0,1492372,703280,181120,5542696,44101.878,1457.732,0,2379.562,0,139.974,2147,1694,3.700,2.240,1.240,1,0,1.000,0,0,11,32,0,15,0
22-02 09:16:14,22.751,2.750,73.003,0.250,0,1535008,660636,181120,5542704,9448.433,1458.067,0,76.003,0,7.000,2101,1655,3.700,2.240,1.240,1,0,2.000,0,0,11,38,0,15,0
22-02 09:16:15,22.502,4.000,73.256,0,0,1426344,769300,181120,5542704,9156.810,1458.129,0,224.020,0,36.003,2303,1546,3.700,2.240,1.240,1,0,27.002,0,0,11,32,0,14,0
22-02 09:16:16,22.500,3.000,73.251,0,0,1483500,712144,181120,5542704,7952.141,1512.027,0,332.006,0,10.000,1804,1142,3.700,2.240,1.240,1,0,1.000,0,0,11,32,0,14,0
22-02 09:16:17,24.256,2.251,73.269,0,0,1442324,753320,181120,5542704,9314.469,1566.415,0,136.036,0,13.003,2121,1676,3.490,2.210,1.240,1,0,4.001,0,0,11,32,0,14,0
22-02 09:16:18,14.257,34.766,49.773,0.250,0,1425948,769664,181124,5542732,7940.739,1458.687,0,312.147,0,19.009,5707,3717,3.490,2.210,1.240,4,0,398.188,0,0,11,32,0,14,0
22-02 09:16:19,15.240,41.472,41.472,0,0,1418920,776648,181124,5542768,5443.280,1457.004,0,243.833,0,17.988,5978,4049,3.490,2.210,1.240,2,0,438.700,0,0,11,32,0,14,0
22-02 09:16:20,14.751,36.503,47.503,0,0,1407416,788136,181124,5542784,8368.612,1458.107,0,120.009,0,10.001,5698,3694,3.490,2.210,1.240,1,0,416.030,0,0,11,32,0,14,0
22-02 09:16:21,8.241,21.477,68.177,0,0,1409632,785912,181124,5542792,7194.301,1456.441,0,259.722,0,55.940,4698,2794,3.490,2.210,1.240,2,0,248.734,0,0,11,32,0,14,0
22-02 09:16:22,8.758,22.772,67.314,0,0,1403204,792252,181124,5542880,4968.747,1297.239,0,16.015,0,4.004,4706,2858,3.290,2.190,1.240,1,0,241.230,0,0,11,32,0,14,0
22-02 09:16:23,7.500,20.751,69.503,0,0,1406364,789072,181124,5542900,8920.351,1188.047,0,20.001,0,3.000,4656,2911,3.290,2.190,1.240,1,0,215.008,0,0,11,32,0,14,0
22-02 09:16:24,9.239,19.726,69.417,0,0,1397496,797920,181124,5542920,9901.102,1456.250,0,43.947,0,2.996,4644,2897,3.290,2.190,1.240,2,0,199.760,0,0,11,32,0,14,0
22-02 09:16:25,9.261,20.775,68.083,0,0,1395580,799820,181124,5542936,11402.916,1459.782,0,184.225,0,7.009,4635,2736,3.290,2.190,1.240,2,0,183.224,0,0,11,32,0,14,0
22-02 09:16:26,10.737,19.976,68.667,0,0,1392576,802808,181124,5542952,9091.028,1456.242,0,15.981,0,3.995,4629,2788,3.290,2.190,1.240,1,0,179.783,0,0,11,32,0,14,0
22-02 09:16:27,23.282,17.774,57.830,0,0,1394228,801124,181124,5543396,4294.920,811.118,0,4362.012,0,42.058,5347,6574,3.180,2.190,1.240,1,0,142.196,0,0,11,32,0,13,0
22-02 09:16:28,37.476,16.739,44.971,0,0.250,1435116,760204,181128,5543436,8216.712,1337.139,0,523.663,0,26.983,4316,2901,3.180,2.190,1.240,3,0,130.916,0,0,11,32,0,13,0
22-02 09:16:29,45.519,5.252,48.271,0.250,0,1527056,668032,181136,5543660,6915.956,1566.670,0,124.053,0,6.003,2828,1338,3.180,2.190,1.240,2,0,0,0,0,11,33,0,13,0
22-02 09:16:30,45.996,5.999,47.996,0.250,0,1611436,583360,181148,5543932,7739.302,1457.869,103.991,235.979,1.000,11.999,3553,2803,3.180,2.190,1.240,4,0,16.998,0,0,11,49,0,13,0
22-02 09:16:31,46.752,4.750,47.502,0.250,0,1661404,531504,181208,5545404,8329.364,1404.061,0,2008.088,0,233.010,3199,1872,3.180,2.190,1.240,5,0,2.000,0,0,11,49,0,13,0
22-02 09:16:32,20.499,18.749,59.496,0,0,1662292,528224,181212,5547740,5611.619,1079.927,0,803.945,0,79.995,8546,10380,3.010,2.170,1.240,1,0,258.982,0,0,11,48,0,14,0
22-02 09:16:33,19.220,17.972,60.156,0,0,1669536,520948,181212,5548088,8513.675,1455.722,0,1581.525,0,13.978,5425,5801,3.010,2.170,1.240,4,0,184.711,0,0,11,48,0,14,0
22-02 09:16:34,13.020,9.014,78.120,0,0,1671760,518708,181212,5547752,7097.918,1460.246,0,0,0,0,2484,2390,3.010,2.170,1.240,0,0,53.082,0,0,11,48,0,14,0
22-02 09:16:35,0.250,0.750,97.967,0,0,1671760,518708,181212,5547752,5921.008,1511.492,0,7.997,0,1.999,746,978,3.010,2.170,1.240,0,0,2.999,0,0,11,48,0,14,0
22-02 09:16:36,0.750,0.500,98.254,0,0,1671760,518708,181212,5547752,8685.391,1458.066,0,0,0,0,761,966,3.010,2.170,1.240,0,0,3.000,0,0,11,48,0,14,0
22-02 09:16:37,0.250,0.750,98.028,0,0,1671752,518708,181212,5547760,8910.580,1566.453,0,176.051,0,10.003,909,1243,2.770,2.130,1.230,0,0,2.001,0,0,11,48,0,14,0
22-02 09:16:38,2.750,3.749,91.985,0.250,0,1644424,546032,181212,5547756,9188.456,1457.755,0,287.952,0,17.997,1660,1641,2.770,2.130,1.230,2,0,33.994,0,0,11,48,0,14,0
22-02 09:16:39,18.420,15.682,64.967,0,0,1642276,548192,181212,5547756,10487.305,1451.675,0,67.705,0,3.983,4471,4221,2.770,2.130,1.230,3,0,169.262,0,0,11,48,0,12,0
22-02 09:16:40,22.082,17.314,58.717,0.251,0,1678140,512284,181212,5547764,8559.598,1505.558,0,244.904,0,25.093,4920,5812,2.770,2.130,1.230,0,0,155.574,0,0,11,63,0,13,0
22-02 09:16:41,13.261,20.267,64.305,0,0,1696128,494244,181212,5547796,7105.023,1459.237,0,64.054,0,4.003,4663,3343,2.770,2.130,1.230,1,0,212.180,0,0,12,64,0,12,0
22-02 09:16:42,12.498,19.747,66.490,0,0,1697540,492672,181212,5548120,5355.200,1695.747,0,3.999,0,1.000,4665,3065,2.710,2.130,1.240,1,0,177.973,0,0,12,64,0,12,0
22-02 09:16:43,24.998,14.999,58.995,0,0,1680164,510032,181212,5548400,40428.720,1457.882,0,15.999,0,3.000,4739,5820,2.710,2.130,1.240,1,0,122.990,0,0,12,64,0,11,0
22-02 09:16:44,14.753,16.504,67.015,0.250,0,1669520,520668,181212,5547956,8623.989,1512.349,0,276.064,0,15.003,3979,3452,2.710,2.130,1.240,0,0,187.043,0,0,12,64,0,11,0
22-02 09:16:45,6.987,13.225,78.102,0,0,1679280,510760,181212,5548104,10978.246,1563.045,0,0,0,0,3277,2218,2.710,2.130,1.240,5,0,119.774,0,0,14,66,0,11,0
22-02 09:16:46,21.290,18.534,58.860,0,0,1675724,514272,181212,5548576,8049.981,1460.718,0,16.030,0,4.007,5368,6613,2.710,2.130,1.240,1,0,149.278,0,0,14,66,0,11,0
22-02 09:16:47,14.244,14.993,68.970,0.250,0,1680612,509376,181212,5548140,6043.344,743.673,0,5217.707,0,361.841,4178,3458,2.490,2.100,1.230,1,0,141.938,0,0,14,66,0,12,0
22-02 09:16:48,8.753,19.757,69.525,0,0,1686416,503560,181212,5548152,8851.211,1350.490,0,420.152,0,25.009,4762,3063,2.490,2.100,1.230,2,0,221.080,0,0,14,66,0,10,0
22-02 09:16:49,10.000,19.999,68.747,0,0,1686140,503808,181212,5548180,9299.608,1457.939,0,87.996,0,8.000,4733,2925,2.490,2.100,1.230,1,0,195.992,0,0,14,66,0,10,0
22-02 09:16:50,9.498,20.495,68.484,0,0,1676140,513800,181212,5548188,4806.869,1457.657,0,43.990,0,7.998,4534,2833,2.490,2.100,1.230,1,0,179.958,0,0,14,66,0,10,0
22-02 09:16:51,23.000,16.500,58.500,0,0,1681576,508344,181212,5548640,5516.000,1512.000,0,4.000,0,1.000,5000,5804,2.490,2.100,1.230,1,0,129.000,0,0,14,66,0,10,0
22-02 09:16:52,27.491,19.743,50.483,1.499,0,1709360,480508,181220,5548240,10648.365,1547.472,0,7169.553,0,323.889,5306,4448,2.690,2.140,1.250,2,0,148.949,0,0,14,66,0,9,0
22-02 09:16:53,30.755,24.254,44.258,0,0,1784908,404828,181244,5548324,7600.314,1552.268,0,236.041,0,14.002,5301,3255,2.690,2.140,1.250,2,0,237.041,0,0,14,66,0,9,0
22-02 09:16:54,29.261,25.760,42.766,0,0,1893056,295132,181300,5549712,8600.289,1458.558,20.008,1420.543,2.001,6.002,6091,5405,2.690,2.140,1.250,3,0,268.103,0,0,14,70,0,11,0
22-02 09:16:55,30.491,25.743,42.738,0,0,1966876,221296,181300,5549720,6645.065,1457.576,0,0,0,0,5272,2985,2.690,2.140,1.250,3,0,253.926,0,0,14,70,0,11,0
22-02 09:16:56,30.219,22.976,45.953,0,0,2007420,180720,181300,5549752,7823.938,701.277,0,3.996,0,0.999,5262,3243,2.690,2.140,1.250,3,0,213.780,0,0,14,70,0,5,0
22-02 09:16:57,28.517,21.263,48.779,0,0,2034188,153728,181304,5549956,7527.544,1350.816,0,20.012,0,5.003,5009,3027,2.720,2.160,1.260,2,0,195.118,0,0,14,70,0,5,0
22-02 09:16:58,9.991,20.232,67.940,0,0,2028620,159264,181304,5549972,6966.815,1564.611,0,1258.882,0,10.990,4622,2876,2.720,2.160,1.260,1,0,181.839,0,0,14,70,0,5,0
22-02 09:16:59,17.027,17.027,64.602,0,0,2028776,159080,181304,5550080,9476.944,1514.388,0,16.025,0,4.006,4562,4267,2.720,2.160,1.260,0,0,130.205,0,0,14,70,0,5,0
22-02 09:17:00,26.765,18.010,54.031,0,0,1978288,258588,174788,5508628,10779.097,1458.825,0,20.011,0,5.003,4510,4464,2.720,2.160,1.260,4,0,111.063,0,0,14,70,0,5,0
22-02 09:17:01,52.332,27.043,20.532,0.501,0,2058952,177768,174800,5508812,6013.467,1460.299,8.013,12.019,2.003,3.005,5759,3939,2.720,2.160,1.260,4,0,370.583,0,0,14,70,0,5,0
22-02 09:17:02,63.124,22.705,13.473,0.499,0,2167812,154344,166576,5437180,11443.131,1544.913,99.801,670.660,11.976,92.815,6332,15794,2.740,2.170,1.270,5,0,282.436,0,0,15,71,0,5,0
22-02 09:17:03,64.631,18.036,14.279,2.756,0,2185324,140040,165852,5430748,7075.294,1460.952,2304.656,208.421,91.184,2.004,5890,8229,2.740,2.170,1.270,4,1,179.362,0,0,14,70,0,6,0
22-02 09:17:04,63.898,25.210,4.243,5.741,0,2289804,180724,167144,5286608,10013.019,1455.677,4604.651,674.923,241.614,36.941,5947,5300,2.740,2.170,1.270,4,0,437.302,0,0,14,74,0,5,0
22-02 09:17:05,76.220,16.993,4.248,2.499,0,2426036,133516,167164,5199240,5927.690,1619.369,27.989,8436.712,2.999,851.668,10329,15879,2.740,2.170,1.270,6,0,189.926,0,0,14,74,0,5,0
22-02 09:17:06,61.208,23.734,5.746,7.245,0,2466608,163316,167164,5130640,5744.017,1456.990,759.473,30275.009,31.978,1850.717,13701,22679,2.740,2.170,1.270,4,1,409.716,0,0,14,76,0,5,0
22-02 09:17:07,73.505,22.327,3.763,1.003,0,2601588,179412,167084,4983576,8900.860,1463.073,100.348,13185.717,7.024,916.177,10891,18090,3.880,2.420,1.350,8,0,313.086,0,0,14,78,0,9,0
22-02 09:17:08,60.688,21.728,13.236,3.496,0,2675536,167920,167068,4921912,6489.334,1456.504,1570.387,787.191,74.923,45.953,9387,13141,3.880,2.420,1.350,4,0,413.575,0,0,14,91,0,14,0
22-02 09:17:09,55.172,24.216,19.972,0,0,2785256,204024,167068,4779628,30117.567,1455.949,35.949,527.257,2.996,31.955,7210,7496,3.880,2.420,1.350,5,0,479.325,0,0,14,93,0,14,0
22-02 09:17:10,45.913,20.461,32.439,0,0,2853864,203988,167068,4712488,7397.004,1616.941,27.947,467.116,1.996,22.957,7760,10530,3.880,2.420,1.350,2,0,222.579,0,0,14,95,0,14,0
22-02 09:17:11,66.589,13.518,18.775,2.003,0,3012596,177292,167076,4583384,8762.670,1459.944,1666.219,532.709,83.111,29.039,4816,5135,3.880,2.420,1.350,2,0,123.164,0,0,14,94,0,15,0
22-02 09:17:12,36.753,10.751,50.254,0.500,0,3078708,176448,167092,4519368,7223.540,1512.113,0,3156.236,0,157.012,4396,4011,3.970,2.460,1.370,1,0,81.006,0,0,14,97,0,15,0
22-02 09:17:13,8.995,19.490,69.713,0.250,0,3095828,159328,167092,4519388,39300.393,1655.132,0,703.631,0,42.977,4797,3225,3.970,2.460,1.370,1,0,205.892,0,0,14,97,0,15,0
22-02 09:17:14,9.003,19.007,70.774,0,0,3101520,153612,167092,4519412,7170.476,1458.504,4.001,132.046,1.000,13.004,4652,3195,3.970,2.460,1.370,1,0,200.069,0,0,14,97,0,15,0
22-02 09:17:15,9.000,18.750,70.252,0.250,0,3104104,151008,167096,4519428,8228.207,1134.029,4.000,32.001,1.000,4.000,4660,2946,3.970,2.460,1.370,1,0,204.005,0,0,14,97,0,15,0
22-02 09:17:16,8.995,18.740,70.463,0,0,3107392,147680,167096,4519452,8149.716,1349.291,0,367.807,0,0.999,4597,2909,3.970,2.460,1.370,1,0,197.896,0,0,14,97,0,15,0
22-02 09:17:17,13.007,13.257,70.787,1.501,0,3129504,125060,167096,4519960,8397.440,1458.771,504.267,64.034,19.010,4.002,3313,2309,3.730,2.440,1.370,1,0,104.055,0,0,14,99,0,15,0
22-02 09:17:18,23.001,3.500,72.253,0.500,0,3164856,156328,167096,4454752,6769.254,1700.064,72.003,8060.302,6.000,525.020,2144,1297,3.730,2.440,1.370,0,0,1.000,0,0,14,101,1,15,0
22-02 09:17:19,19.498,3.750,75.494,0.500,0,3163096,157928,167244,4454760,15052.804,7605.396,143.989,175.986,6.000,15.999,2522,2301,3.730,2.440,1.370,1,0,6.000,0,0,14,111,0,15,0
22-02 09:17:20,19.248,6.749,72.242,0.500,0,3093148,227840,167244,4454796,24515.201,17737.974,0,3271.626,0,30.996,3164,2612,3.730,2.440,1.370,2,0,58.993,0,0,14,109,0,16,0
22-02 09:17:21,20.747,4.749,73.241,0,0,3140780,180164,167244,4454840,5486.293,1457.812,39.995,71.991,2.000,6.999,1975,1456,3.730,2.440,1.370,1,0,4.999,0,0,14,111,0,16,0
22-02 09:17:22,19.000,3.000,75.999,0.750,0,3161108,159780,167244,4454896,10772.862,7080.909,12.000,299.996,3.000,39.000,2585,2545,3.430,2.400,1.360,1,0,3.000,0,0,14,116,0,16,0
22-02 09:17:23,21.235,2.998,74.697,0.500,0,3161100,159780,167248,4454900,10586.462,1956.607,0,1211.138,0,59.957,2460,2360,3.430,2.400,1.360,1,0,0.999,0,0,14,118,0,16,0
22-02 09:17:24,28.023,6.756,61.301,1.001,0,3161432,158304,167256,4455988,9388.779,1513.254,256.212,1317.091,16.013,160.133,5891,8984,3.430,2.400,1.360,1,0,3.002,0,0,14,121,0,16,0
22-02 09:17:25,26.494,5.249,64.486,1.250,0,3168780,150768,167256,4456160,8804.073,1457.681,39.991,1951.573,2.999,199.956,4983,6831,3.430,2.400,1.360,3,1,1.000,0,0,14,123,0,17,0
22-02 09:17:26,18.750,12.500,67.499,0.500,0,3103264,216276,167256,4456168,9462.891,2720.969,0,839.990,0,59.999,3946,3075,3.430,2.400,1.360,1,0,110.999,0,0,14,122,0,18,0
22-02 09:17:27,23.504,3.001,73.013,0.250,0,3159208,160332,167256,4456168,8850.536,1458.253,0,536.093,0,33.006,2009,1402,3.480,2.420,1.380,1,0,1.000,0,0,14,122,0,18,0
22-02 09:17:28,17.247,2.250,78.235,0.500,0,3162208,157320,167256,4456180,12686.538,7542.536,0,2159.581,0,124.976,2397,2433,3.480,2.420,1.380,1,0,0,0,0,14,123,0,18,0
22-02 09:17:29,21.686,4.736,72.286,0.249,0.249,3163180,155808,167260,4456716,7539.692,3445.805,3.988,203.398,0.997,19.941,3530,5099,3.480,2.420,1.380,1,0,0,0,0,14,123,0,18,0
22-02 09:17:30,22.613,4.271,70.855,0.754,0,3168424,150516,167260,4456764,8612.190,1465.349,32.161,928.657,2.010,99.499,4171,5422,3.480,2.420,1.380,1,0,0,0,0,14,123,0,18,0
22-02 09:17:31,37.957,13.485,46.448,0.250,0,3241280,142804,167264,4393112,9514.324,2649.027,19.978,1034.839,0.999,87.901,4806,4251,3.480,2.420,1.380,2,0,98.889,0,0,14,122,0,19,0
22-02 09:17:32,43.572,7.262,48.830,0,0,3269168,179948,167264,4329660,4228.960,1189.958,168.277,432.712,1.002,26.043,2779,1472,3.520,2.450,1.390,1,0,0,0,0,14,122,0,19,0
22-02 09:17:33,16.959,2.494,78.062,1.746,0,3275196,173912,167264,4329684,30151.265,23533.230,3.990,5510.706,0.998,430.960,2290,2214,3.520,2.450,1.390,1,0,0,0,0,14,122,0,19,0
22-02 09:17:34,18.501,8.250,72.252,0.250,0,3253496,195620,167264,4329704,7993.223,1404.039,4.000,64.002,1.000,3.000,2577,1757,3.520,2.450,1.390,1,0,55.002,0,0,14,122,0,19,0
22-02 09:17:35,18.253,1.500,79.012,0,0,3276912,172196,167264,4329712,14484.264,7251.134,4.001,124.019,1.000,15.002,1860,1453,3.520,2.450,1.390,1,0,0,0,0,14,123,0,19,0
22-02 09:17:36,18.494,6.748,73.478,0,0,3263536,185556,167264,4329728,24830.475,18278.461,0,395.880,0,29.991,2873,2350,3.520,2.450,1.390,1,0,50.985,0,0,14,122,0,20,0
22-02 09:17:37,19.684,2.492,76.243,0.249,0,3279152,169932,167264,4329736,12409.162,6829.973,0,2670.995,0,28.903,2161,1853,3.320,2.430,1.390,1,0,1.993,0,0,14,123,0,20,0
22-02 09:17:38,20.820,3.261,73.246,1.254,0.251,3278980,170064,167264,4329776,10445.133,3331.205,0,4659.673,0,484.630,3570,4191,3.320,2.430,1.390,1,0,1.003,0,0,14,122,0,21,0
22-02 09:17:39,16.014,11.510,71.061,0,0,3261568,187468,167264,4329784,6244.335,1026.877,0,236.202,0,15.013,2998,2081,3.320,2.430,1.390,1,0,82.070,0,0,14,122,0,21,0
22-02 09:17:40,19.483,2.498,77.184,0.250,0,3303520,145512,167264,4329788,5376.407,2887.533,0,943.194,0,17.985,1617,1169,3.320,2.430,1.390,1,0,0,0,0,14,123,0,21,0
22-02 09:17:41,18.507,5.002,75.527,0,0.250,3274148,174860,167264,4329812,29170.520,21721.834,0,320.115,0,19.007,2660,1910,3.320,2.430,1.390,1,0,49.018,0,0,14,122,0,22,0
22-02 09:17:42,20.001,6.250,72.755,0,0,3302528,209588,167264,4268628,6663.437,1458.096,0,0,0,0,1944,1308,3.130,2.400,1.390,1,0,6.000,0,0,14,122,0,22,0
22-02 09:17:43,19.240,1.999,78.211,0,0,3299304,212800,167264,4268640,48481.609,7222.366,7.996,155.922,1.999,16.991,1953,1496,3.130,2.400,1.390,1,0,0,0,0,14,123,0,22,0
22-02 09:17:44,21.765,4.003,71.549,1.751,0.250,3299212,212800,167268,4268728,10624.205,2400.628,8.005,1617.097,2.001,216.147,4372,6034,3.130,2.400,1.390,1,0,1.001,0,0,14,124,0,22,0
22-02 09:17:45,29.986,4.748,61.471,1.249,0,3302216,209536,167268,4268988,10133.252,2696.736,39.981,1771.170,2.999,192.910,6226,8935,3.130,2.400,1.390,1,0,1.000,0,0,14,125,0,24,0
22-02 09:17:46,18.494,8.497,71.978,0.500,0,3243388,268364,167268,4268992,10327.785,1457.546,0,623.806,0,37.988,2683,1984,3.130,2.400,1.390,1,0,52.984,0,0,14,125,0,24,0
22-02 09:17:47,18.253,2.250,78.764,0.250,0,3283436,228308,167268,4269000,12902.345,7183.306,0,548.100,0,35.006,1933,1561,3.120,2.410,1.400,2,0,1.000,0,0,14,126,0,24,0
22-02 09:17:48,18.752,1.750,77.258,0.750,0,3285420,226320,167268,4269004,12228.194,5353.523,0,2668.261,0,152.015,2196,2057,3.120,2.410,1.400,1,0,0,0,0,14,126,0,24,0
22-02 09:17:49,24.744,6.249,66.734,0.750,0,3288592,223076,167272,4269072,7694.177,593.859,35.991,983.767,2.999,113.973,4623,5923,3.120,2.410,1.400,2,0,0,0,0,14,126,0,23,0
22-02 09:17:50,29.528,8.258,60.057,0.500,0,3291304,220308,167272,4269128,8423.966,1513.431,0,908.859,0,100.095,5637,7492,3.120,2.410,1.400,4,0,0,0,0,14,126,0,23,0
22-02 09:17:51,32.571,9.521,55.371,0.752,0,3278928,232660,167272,4269152,9580.921,2395.230,0,877.917,0,93.204,4874,5652,3.120,2.410,1.400,1,0,69.151,0,0,14,125,0,24,0
22-02 09:17:52,22.938,2.992,72.554,0.997,0,3322744,188840,167272,4269156,5513.111,2914.130,0,3981.248,0,231.375,2372,2502,3.110,2.420,1.410,0,0,0.997,0,0,14,126,0,24,0
22-02 09:17:53,16.481,1.998,79.660,0.499,0,3321172,190388,167272,4269180,12962.321,8434.448,0,735.167,0,63.928,2406,2621,3.110,2.420,1.410,2,0,0.999,0,0,14,126,0,24,0
22-02 09:17:54,23.012,5.253,69.787,0.750,0,3235896,275636,167272,4269208,9219.886,2442.294,0,2373.258,0,292.155,3840,3688,3.110,2.420,1.410,1,0,41.022,0,0,14,125,0,25,0
22-02 09:17:55,15.287,12.781,70.172,0.251,0,3266356,245144,167272,4269240,6889.885,1461.582,24.059,485.189,2.005,22.054,3208,2241,3.110,2.420,1.410,1,0,108.265,0,0,14,125,0,25,0
22-02 09:17:56,21.409,2.738,74.435,0,0,3297816,213684,167272,4269240,8960.097,2909.692,0,418.231,0,27.882,1809,1196,3.110,2.420,1.410,0,0,0,0,0,14,126,0,25,0
22-02 09:17:57,25.250,3.250,70.251,0.750,0,3300556,210912,167272,4269272,18788.371,11206.221,0,2332.046,0,153.003,3579,3939,3.100,2.430,1.410,0,0,1.000,0,0,14,126,0,23,0
22-02 09:17:58,19.287,4.008,73.642,0.250,0,3301180,210156,167272,4269404,9468.218,1824.511,0,761.465,0,60.116,3550,4318,3.100,2.430,1.410,1,0,0,0,0,14,126,0,23,0
22-02 09:17:59,27.241,5.748,64.729,1.250,0,3301892,209400,167276,4269444,7422.586,1457.526,0,927.698,0,96.968,5305,7131,3.100,2.430,1.410,1,0,0,0,0,14,126,0,23,0
22-02 09:18:00,21.781,6.259,70.349,0,0,3304148,207132,167276,4269456,4728.669,1460.059,0,492.695,0,34.048,3654,4069,3.100,2.430,1.410,11,0,1.001,0,0,14,126,0,23,0
22-02 09:18:01,47.418,14.475,35.189,0.250,0,3260624,250428,167352,4269592,8833.791,3214.466,107.814,1142.034,8.985,129.777,11407,17387,3.100,2.430,1.410,2,0,76.868,0,0,14,129,0,24,0
22-02 09:18:02,40.797,18.521,37.543,0.501,0,3267040,243892,167352,4269664,10183.724,1788.058,16.018,1189.369,1.001,108.124,7418,8892,3.410,2.510,1.440,1,0,219.252,0,0,14,129,0,24,0
22-02 09:18:03,32.711,8.490,58.431,0.499,0,3303788,207120,167352,4269688,7233.403,1632.060,23.972,459.454,1.998,30.963,3205,9905,3.410,2.510,1.440,1,0,35.957,0,0,14,129,0,25,0
22-02 09:18:04,22.497,3.000,73.490,0,0,3327448,183444,167352,4269704,15337.998,8255.922,0,631.918,0,51.993,2407,1902,3.410,2.510,1.440,2,0,1.000,0,0,14,130,0,25,2
22-02 09:18:05,12.761,15.013,70.810,0.250,0,3296664,214212,167352,4269720,7580.385,2228.877,0,396.334,0,21.018,4059,2645,3.410,2.510,1.440,1,0,162.137,0,0,14,129,0,25,2
22-02 09:18:06,9.501,19.253,69.510,0,0,3300612,210248,167352,4269736,9380.406,1458.219,0,304.046,0,20.003,4694,2994,3.410,2.510,1.440,1,0,206.031,0,0,14,129,0,25,2
22-02 09:18:07,10.741,20.982,66.444,0.500,0,3301912,208800,167352,4269884,8359.010,1456.782,0,1023.144,0,66.944,4951,3334,3.380,2.520,1.450,1,0,174.854,0,0,14,129,0,25,2
22-02 09:18:08,17.023,18.775,62.084,0,0,3291196,219504,167352,4270352,5328.225,1530.075,0,328.445,0,26.035,5015,4946,3.380,2.520,1.450,1,0,161.219,0,0,14,129,0,25,2
22-02 09:18:09,22.992,16.244,59.978,0.250,0,3304092,206596,167352,4269912,8488.921,1457.471,0,2067.250,0,243.912,4521,4771,3.380,2.520,1.450,4,0,106.961,0,0,14,129,0,16,2
22-02 09:18:10,31.218,21.229,45.954,0,0,3367624,143044,167352,4269932,7038.891,593.401,0,0,0,0,5186,3007,3.380,2.520,1.450,2,0,203.794,0,0,14,129,0,16,2
22-02 09:18:11,32.282,23.023,43.043,0.250,0,3355400,217040,167368,4209344,5513.452,1459.443,48.048,948.938,7.007,39.039,5458,3927,3.380,2.520,1.450,2,0,202.200,0,0,14,132,0,16,2
22-02 09:18:12,16.498,20.747,60.742,0.250,0,3357524,214884,167368,4209392,8246.879,1547.790,23.997,519.929,1.000,35.995,5336,4041,3.190,2.490,1.450,2,0,193.974,0,0,14,135,0,16,2
22-02 09:18:13,31.500,22.750,44.250,0,0,3415908,153888,167376,4212476,40938.222,1458.008,8.000,492.003,2.000,42.000,7536,13123,3.190,2.490,1.450,1,0,201.001,0,0,14,141,0,16,2
22-02 09:18:14,23.488,12.993,62.468,0.500,0,3419856,149932,167376,4212068,9977.932,1457.260,0,783.602,0,48.975,4488,4699,3.190,2.490,1.450,1,0,78.960,0,0,16,143,0,15,2
22-02 09:18:15,50.292,25.771,23.019,0,0,3506136,125756,167376,4151940,7684.408,1459.217,100.083,444.371,7.006,14.012,5492,3607,3.190,2.490,1.450,3,0,267.223,0,0,16,143,0,15,2
22-02 09:18:16,52.508,25.254,21.003,0,0,3605264,148800,167376,4032728,4879.749,1620.249,48.007,52.008,6.001,6.001,5542,3776,3.190,2.490,1.450,4,0,293.045,0,0,16,143,0,15,2
22-02 09:18:17,45.246,18.748,33.997,0.500,0,3667908,143004,167376,3977824,8803.158,1527.854,7.999,4403.579,2.000,209.980,7710,13505,3.580,2.580,1.490,3,0,338.968,0,0,16,161,0,15,0
22-02 09:18:18,26.718,15.731,56.933,0,0,3677104,133796,167376,3977380,9474.769,1456.274,0,235.721,0,23.972,4601,4910,3.580,2.580,1.490,3,0,118.859,0,0,16,161,0,15,0
22-02 09:18:19,37.951,21.472,39.698,0,0,3733052,133112,167160,3923364,6552.488,1456.109,0,219.715,0,10.986,6063,3247,3.580,2.580,1.490,3,0,217.717,0,0,16,161,0,15,0
22-02 09:18:20,24.011,23.261,51.024,0,0,3764824,145640,166948,3879680,11236.343,1458.694,8.004,264.126,2.001,14.007,5361,3458,3.580,2.580,1.490,3,0,234.111,0,0,17,161,0,15,0
22-02 09:18:21,8.512,20.029,70.350,0,0,3770312,140136,166948,3879696,6787.683,1460.083,0,88.126,0,4.006,4662,3020,3.580,2.580,1.490,1,0,214.306,0,0,17,161,0,15,0
22-02 09:18:22,11.252,21.005,65.514,0.250,0,3776164,134204,166956,3879768,8521.877,1548.341,4.001,368.081,1.000,31.007,4982,3647,3.370,2.560,1.480,1,0,189.042,0,0,17,167,0,14,0
22-02 09:18:23,11.501,21.501,64.754,0.250,0,3771328,139024,166956,3880244,8080.449,1458.081,0,456.025,0,37.002,5259,4907,3.370,2.560,1.480,4,0,209.012,0,0,17,167,0,14,0
22-02 09:18:24,23.505,13.753,62.014,0,0,3773488,136864,166956,3880244,5137.132,1620.357,0,348.077,0,11.002,4280,5119,3.370,2.560,1.480,1,0,99.022,0,0,17,167,0,14,0
22-02 09:18:25,28.745,21.746,47.491,0.500,0,3800708,149424,166956,3840128,10789.942,1457.722,0,9486.191,0,820.843,5601,3464,3.370,2.560,1.480,2,0,184.965,0,0,17,167,0,14,0
22-02 09:18:26,30.457,23.966,44.437,0,0.250,3865232,136440,166956,3788956,9850.037,1455.936,0,183.740,0,11.983,5238,3223,3.370,2.560,1.480,2,0,205.708,0,0,17,167,0,12,0
22-02 09:18:27,34.765,24.761,38.267,0.500,0,3929392,166328,166968,3696308,9361.151,1458.647,144.064,2525.120,5.002,58.026,7365,8671,3.180,2.530,1.480,1,0,260.115,0,0,17,195,0,12,0
22-02 09:18:28,22.273,18.769,57.559,0.501,0,3944388,151332,166968,3696792,6237.444,1123.160,16.017,400.414,4.004,36.037,5888,8323,3.180,2.530,1.480,3,0,156.161,0,0,17,199,0,12,0
22-02 09:18:29,26.960,16.226,55.918,0,0,3973316,122360,166968,3696376,9466.081,1401.939,31.953,179.736,1.997,12.981,4430,3186,3.180,2.530,1.480,6,0,143.789,0,0,17,199,0,12,0
22-02 09:18:30,30.515,25.263,43.021,0,0,4020236,127464,166736,3645692,7836.915,1458.729,0,348.174,0,15.007,5635,3782,3.180,2.530,1.480,3,0,282.141,0,0,17,199,0,12,0
22-02 09:18:31,30.996,24.997,40.995,0.500,0,4081624,162068,166736,3552152,7182.108,1457.819,31.996,347.957,4.999,24.997,6699,8050,3.180,2.530,1.480,2,0,299.963,0,0,17,205,0,13,2
22-02 09:18:32,11.757,21.763,64.788,0.500,0,4084384,159276,166736,3552184,5388.164,1458.857,12.007,420.247,3.002,32.019,5131,3864,2.920,2.490,1.470,1,0,235.138,0,0,17,205,0,13,2
22-02 09:18:33,8.725,20.191,68.551,0.249,0,4096780,146856,166736,3552208,10042.886,1705.057,0,390.867,0,29.913,4984,3764,2.920,2.490,1.470,2,0,197.428,0,0,17,205,0,13,2
22-02 09:18:34,10.757,20.514,66.795,0,0,4097484,146000,166736,3552360,8930.984,1458.977,0,220.147,0,13.009,4740,3174,2.920,2.490,1.470,2,0,176.118,0,0,17,205,0,11,2
22-02 09:18:35,10.731,20.214,67.131,0,0,4097080,146396,166736,3552368,8537.903,1417.493,0,1106.044,0,101.820,4717,3151,2.920,2.490,1.470,2,0,169.700,0,0,17,205,0,11,2
22-02 09:18:36,21.940,16.704,58.840,0,0,4094284,149184,166736,3552840,7232.283,592.385,0,275.250,0,25.929,5046,5669,2.920,2.490,1.470,6,0,119.674,0,0,17,205,0,11,2
22-02 09:18:37,28.243,19.417,51.695,0.252,0,4111320,132136,166736,3552392,8821.868,1198.305,0,435.747,0,35.304,5153,4839,2.770,2.460,1.470,4,0,149.284,0,0,17,213,0,11,2
22-02 09:18:38,43.676,9.484,45.423,0.250,0,4186504,118608,166736,3492092,7108.950,1347.715,7.986,243.587,1.997,20.964,3813,2635,2.770,2.460,1.470,2,0,41.929,0,0,17,213,0,10,2
22-02 09:18:39,46.242,7.499,46.492,0,0,4288876,136780,166736,3374372,5809.053,1457.762,39.993,111.982,3.000,7.999,3111,1693,2.770,2.460,1.470,3,0,3.000,0,0,17,213,0,10,2
22-02 09:18:40,35.581,5.225,57.229,0.498,0,4361372,139212,166740,3301348,10520.093,1546.663,31.849,135.358,2.986,4.976,3232,2490,2.770,2.460,1.470,4,0,3.981,0,0,17,218,0,10,2
22-02 09:18:41,33.993,24.928,39.532,0.252,0,4270256,228716,166752,3302948,7390.802,1033.383,88.633,294.101,5.036,17.122,6353,7087,2.770,2.460,1.470,2,0,260.864,0,0,17,219,0,10,2
22-02 09:18:42,34.378,26.905,36.122,1.495,0,4331620,166892,166756,3303404,5688.874,1452.860,350.759,362.717,7.972,32.884,6102,4644,2.870,2.490,1.480,7,0,308.907,0,0,17,225,0,8,2
22-02 09:18:43,35.115,30.099,30.601,2.257,0,4350796,144752,166772,3306280,51743.034,9493.196,1179.877,947.112,23.076,28.092,6936,6646,2.870,2.490,1.480,2,0,322.058,0,0,17,228,0,8,2
22-02 09:18:44,42.225,21.858,34.029,0.248,0,4336972,157648,166772,3307176,8561.316,2315.937,15.897,321.906,0.994,15.897,5751,6296,2.870,2.490,1.480,6,0,186.785,0,0,17,227,0,9,2
22-02 09:18:45,51.263,17.590,31.411,0,0,4378168,135780,166776,3288640,9638.464,1519.800,0,225.155,0,14.072,4842,4007,2.870,2.490,1.480,5,0,126.650,0,0,17,227,0,9,2
22-02 09:18:46,65.155,16.038,15.787,2.757,0,4457948,151296,166780,3194892,16026.012,11432.116,533.265,8440.019,13.031,859.038,6053,4676,2.870,2.490,1.480,2,0,103.245,0,0,17,231,0,7,2
22-02 09:18:47,67.512,14.503,13.502,3.251,0,4530096,137084,166812,3138444,7099.264,2554.455,1860.331,7709.372,45.008,43.008,5193,4317,2.960,2.520,1.500,5,1,33.006,0,0,17,236,0,8,2
22-02 09:18:48,65.392,12.979,14.227,6.739,0,4551216,155568,166876,3100008,9617.172,3776.784,5219.410,1681.233,280.538,121.800,5794,5661,2.960,2.520,1.500,2,0,18.969,0,0,17,241,0,8,2
22-02 09:18:49,39.735,22.491,35.736,0.250,0,4572840,158156,166880,3076316,15881.808,9968.114,91.964,903.648,5.998,43.983,7074,7694,2.960,2.520,1.500,1,0,253.901,0,0,17,236,0,12,2
22-02 09:18:50,40.526,29.019,30.269,0,0,4556384,172840,166880,3078072,7616.887,1657.063,0,336.216,0,18.012,6282,5505,2.960,2.520,1.500,2,0,280.180,0,0,17,235,0,13,2
22-02 09:18:51,37.913,18.457,41.155,0,0,4594700,133656,166880,3079064,14734.027,7167.474,0,391.098,0,18.956,5631,5877,2.960,2.520,1.500,4,0,176.593,0,0,17,236,0,13,2
22-02 09:18:52,45.330,19.535,34.812,0.501,0,4615340,139796,166880,3052288,11797.914,6660.808,8.014,1017.804,2.004,74.131,5748,6795,2.800,2.490,1.490,4,0,143.254,0,0,17,235,0,15,2
22-02 09:18:53,58.865,28.055,12.775,0.250,0.250,4625388,127960,166880,3054076,8749.144,1406.757,32.063,408.801,1.002,26.051,6493,6585,2.800,2.490,1.490,3,0,428.840,0,0,17,235,0,15,2
22-02 09:18:54,55.923,22.968,18.724,1.498,0,4683824,166216,166896,2961332,13838.830,6890.455,1286.218,271.624,66.907,16.976,6748,8689,2.800,2.490,1.490,3,0,344.523,0,0,17,238,0,13,2
22-02 09:18:55,58.750,24.250,16.000,0.250,0,4711808,135104,166904,2963992,13476.915,6648.958,211.999,835.995,17.000,53.000,7853,10700,2.800,2.490,1.490,4,0,357.998,0,0,17,239,0,16,2
22-02 09:18:56,58.352,23.939,14.214,1.746,0,4770120,140220,166908,2901704,9895.896,3421.321,1009.439,6659.107,21.944,709.201,13174,20702,2.800,2.490,1.490,2,0,373.054,0,0,17,244,0,16,2
22-02 09:18:57,48.381,20.806,29.329,1.755,0,4800092,149388,166912,2863424,14742.779,7859.206,537.450,1275.441,33.089,82.222,8103,11363,2.980,2.530,1.510,3,0,198.536,0,0,17,250,0,17,2
22-02 09:18:58,57.296,14.449,26.655,0,0,4837508,151904,166912,2824608,12603.124,4769.019,75.730,777.233,5.979,54.805,5209,4141,2.980,2.530,1.510,5,0,65.766,0,0,17,249,0,18,2
22-02 09:18:59,65.767,10.041,22.843,1.004,0,4954612,140148,166932,2721556,17031.078,9193.288,538.183,2686.898,19.077,154.627,5567,4946,2.980,2.530,1.510,3,0,4.016,0,0,17,257,0,19,2
22-02 09:19:00,58.879,11.875,23.997,2.969,0,4946604,180524,166936,2689860,18618.525,11227.520,1607.041,680.816,88.071,46.509,6790,8295,2.980,2.530,1.510,3,0,13.854,0,0,17,258,0,23,2
22-02 09:19:01,62.912,12.633,24.003,1.011,0,4998720,127932,166964,2690312,9914.324,3857.592,743.827,460.849,22.234,45.479,4927,3914,2.980,2.530,1.510,3,0,16.170,0,0,17,263,0,24,2
22-02 09:19:02,47.898,24.947,21.953,3.742,0,4999288,150756,167228,2666864,10667.180,7479.000,4254.897,1535.715,80.827,92.801,7525,8382,3.140,2.570,1.530,3,0,322.310,0,0,17,268,0,25,2
22-02 09:19:03,49.817,26.285,22.530,0.501,0,4929744,219400,167228,2667768,12285.530,6409.624,1401.886,2471.325,43.058,258.348,7435,20548,3.140,2.570,1.530,3,0,336.453,0,0,17,267,0,27,2
22-02 09:19:04,55.558,22.571,20.338,0.248,0,5009296,139792,167228,2667960,9689.991,1446.504,761.945,515.900,5.953,30.756,5966,7373,3.140,2.570,1.530,3,0,251.997,0,0,17,269,0,27,2
22-02 09:19:05,59.265,19.671,18.914,1.765,0,5022252,126652,167236,2668452,18341.251,11731.864,633.500,2211.199,15.131,201.752,7398,7350,3.140,2.570,1.530,3,0,251.181,0,0,18,275,0,27,2
22-02 09:19:06,80.042,13.134,3.965,2.478,0.248,5055092,152096,167224,2611028,9281.945,2478.093,1911.105,1070.536,83.264,42.623,5539,3694,3.140,2.570,1.530,3,1,16.851,0,0,18,276,0,28,2
22-02 09:19:07,75.973,10.853,5.805,6.562,0,5200532,125396,167032,2493988,12849.352,7253.064,2604.803,977.306,122.163,53.510,5442,3873,3.370,2.630,1.560,6,0,11.106,0,0,18,281,0,26,2
22-02 09:19:08,62.842,15.461,19.950,1.247,0,5179552,212768,167060,2429488,14025.835,7122.144,1025.429,14116.607,27.930,126.682,7917,8608,3.370,2.630,1.560,2,0,227.430,0,0,18,282,0,28,2
22-02 09:19:09,43.757,9.752,45.758,0.250,0,5258412,133840,167068,2429548,12912.164,2579.432,312.052,456.076,7.001,33.006,4072,3672,3.370,2.630,1.560,2,0,5.001,0,0,18,285,0,28,2
22-02 09:19:10,37.587,7.517,53.624,0.251,0,5268896,122872,167068,2430032,577787.792,16363.747,513.184,388.897,4.009,30.069,3660,2749,3.370,2.630,1.560,1,0,9.021,0,0,18,290,0,28,2
22-02 09:19:11,36.867,18.434,41.102,0.996,0,5180608,226900,167072,2415116,15949346.990,91985.837,2781.984,12817.854,30.889,1127.939,9922,5458,3.370,2.630,1.560,3,0,174.372,0,0,18,288,0,29,2
22-02 09:19:12,36.500,12.250,50.750,0.250,0,5244316,163156,167072,2415152,10115.925,3708.972,16.000,307.998,1.000,20.000,4070,2914,3.260,2.620,1.560,2,0,89.999,0,0,18,289,0,29,2
22-02 09:19:13,34.953,4.244,58.922,0.999,0,5286328,121100,167072,2415196,55005.758,15706.087,15.979,3862.856,0.999,65.912,3634,3308,3.260,2.620,1.560,3,0,0,0,0,18,290,0,29,2
22-02 09:19:14,26.764,6.003,65.285,0,0,5221836,185496,167072,2415360,14446.819,5086.753,4.002,416.225,1.001,31.017,4337,4232,3.260,2.620,1.560,1,0,37.020,0,0,18,294,0,31,2
22-02 09:19:15,16.497,3.000,78.487,0.250,0,5219512,187296,167072,2415884,13561.751,164508.718,495.918,699.884,25.996,41.993,3641,4431,3.260,2.620,1.560,0,0,1.000,0,0,18,292,0,32,2
22-02 09:19:16,3.252,1.000,93.545,0.250,0,5219700,187104,167072,2415888,80625.204,2299049.922,0,468.228,0,37.018,2714,2133,3.260,2.620,1.560,0,0,1.000,0,0,18,294,0,32,2
22-02 09:19:17,2.500,0.750,93.254,0,0,5219904,186880,167072,2415908,134416.328,3964126.611,0,336.016,0,22.001,3141,1937,3,2.580,1.550,0,0,0,0,0,18,294,0,32,2
22-02 09:19:18,2.500,1.000,92.997,0.500,0,5219852,186880,167072,2415960,152398.863,4630190.313,47.999,311.992,2.000,23.999,3061,1845,3,2.580,1.550,0,0,2.000,0,0,18,296,0,32,2
22-02 09:19:19,2.250,1.000,93.259,0,0,5220076,186656,167072,2415960,171669.984,5083258.897,0,236.023,0,18.002,3007,1706,3,2.580,1.550,0,0,0,0,0,18,296,0,32,2
22-02 09:19:20,1.500,0.750,95.995,0.250,0,5220076,186656,167072,2415960,25328.609,528038.996,0,979.946,0,51.997,1477,1816,3,2.580,1.550,0,0,0,0,0,18,296,0,32,2
22-02 09:19:21,2.500,0.750,95.484,0.500,0,5220296,186432,167072,2415964,5820.018,1457.754,3.999,179.970,1.000,24.996,1319,1908,3,2.580,1.550,0,0,2.000,0,0,18,300,0,32,2
22-02 09:19:22,14.002,2.500,81.512,0,0,5228968,177700,167072,2416024,7602377.388,30864.569,0,208.031,0,26.004,4083,3525,2.840,2.550,1.550,1,0,1.000,0,0,18,305,0,32,2
22-02 09:19:23,24.987,3.248,68.215,0.750,0,5229064,177460,167080,2416144,7187.353,1457.261,63.968,1047.469,3.998,91.953,4689,5634,2.840,2.550,1.550,3,0,1.999,0,0,18,306,0,32,2
22-02 09:19:24,18.256,11.004,67.272,0.750,0,5137616,252828,167080,2432192,9025784.762,116368.095,48.016,368.121,3.001,36.012,8323,4817,2.840,2.550,1.550,1,0,81.027,0,0,18,302,0,35,2
22-02 09:19:25,8.993,21.232,67.194,0.250,0,5142812,247544,167080,2432280,7508.771,1025.150,43.964,187.844,2.998,10.991,5358,3905,2.840,2.550,1.550,1,0,264.780,0,0,18,302,0,35,2
22-02 09:19:26,20.017,11.259,67.306,0.500,0,5183864,206476,167080,2432296,5420.505,1459.213,0,544.452,0,42.035,3710,3409,2.840,2.550,1.550,1,0,119.099,0,0,18,302,0,35,2
22-02 09:19:27,21.005,7.252,71.017,0,0,5199372,190952,167084,2432308,8581.019,1458.343,4.001,120.028,1.000,10.002,3226,2451,2.690,2.520,1.540,1,0,66.016,0,0,18,302,0,35,2
22-02 09:19:28,8.748,19.745,68.982,0,0,5210208,180096,167084,2432328,7525.049,1499.611,0,183.952,0,12.997,4945,3613,2.690,2.520,1.540,2,0,211.945,0,0,18,302,0,35,2
22-02 09:19:29,8.749,19.997,69.740,0.250,0,5202220,188064,167084,2432348,5157.246,1457.787,0,16085.647,0,42.994,4883,3576,2.690,2.520,1.540,2,0,187.973,0,0,18,302,0,35,2
22-02 09:19:30,8.997,16.993,72.472,0,0.250,5198912,191312,167084,2432408,8442.721,1457.434,31.988,103.960,1.999,6.997,4464,3388,2.690,2.520,1.540,0,0,204.920,0,0,18,304,0,35,2
22-02 09:19:31,5.495,1.748,91.165,0,0,5199760,190456,167084,2432416,8818.781,1402.693,0,4883.449,0,92.913,1535,1732,2.690,2.520,1.540,1,0,8.992,0,0,18,304,0,34,1
22-02 09:19:32,23.006,5.251,71.269,0,0,5247168,143048,167084,2432416,9364.432,1080.281,0,92.024,0,7.002,2302,1925,2.560,2.500,1.540,1,0,0,0,0,18,304,0,34,1
22-02 09:19:33,17.996,2.999,76.981,0.750,0,5235816,178824,167084,2408660,18646.472,10407.473,67.983,2875.302,4.999,152.963,3056,3349,2.560,2.500,1.540,1,0,2.999,0,0,18,308,0,34,2
22-02 09:19:34,14.997,13.997,69.238,0.250,0,5162692,251912,167088,2408692,5119.076,1577.715,11.998,151.973,2.999,15.997,4132,2968,2.560,2.500,1.540,1,0,120.978,0,0,18,310,0,35,1
22-02 09:19:35,12.766,17.272,68.836,0,0,5156324,258228,167088,2408744,8770.937,1459.820,8.010,44.055,2.002,4.005,4391,3021,2.560,2.500,1.540,1,0,99.124,0,0,18,310,0,35,1
22-02 09:19:36,12.236,16.731,67.924,0,0,5155040,259188,167088,2409052,6335.867,1456.360,0,11958.537,0,23.973,4458,3402,2.560,2.500,1.540,1,0,99.888,0,0,18,310,0,35,1
22-02 09:19:37,12.269,17.527,68.607,0.501,0,5159080,255096,167088,2409088,8961.928,1460.269,0,3120.850,0,436.679,4905,3518,2.430,2.470,1.540,1,0,108.168,0,0,18,310,0,35,1
22-02 09:19:38,13.000,15.750,68.501,0,0,5163476,250616,167088,2409140,6740.125,1458.027,0,240.004,0,21.000,4387,3319,2.430,2.470,1.540,2,0,88.002,0,0,18,310,0,35,1
22-02 09:19:39,16.495,12.496,69.480,0.250,0,5185748,228320,167088,2409164,8487.617,1025.712,3.999,119.966,1.000,7.998,3640,2614,2.430,2.470,1.540,1,0,85.976,0,0,18,310,0,35,1
22-02 09:19:40,27.458,4.992,66.899,0,0,5233928,180036,167088,2409268,8300.443,1455.798,31.952,3.994,1.997,0.998,3078,3462,2.430,2.470,1.540,3,0,0.998,0,0,18,310,0,35,1
22-02 09:19:41,28.267,5.253,64.538,1.251,0,5286456,127140,167088,2409636,5513.246,1458.859,308.181,176.104,7.004,12.007,3235,3543,2.430,2.470,1.540,1,0,4.002,0,0,18,312,0,35,1
22-02 09:19:42,28.863,3.235,65.440,0.249,0.249,5184604,228776,167088,2409852,5240.182,1451.127,175.170,441.907,10.948,40.807,3506,3465,2.320,2.450,1.530,2,0,5.972,0,0,18,310,0,35,1
22-02 09:19:43,25.608,3.264,70.548,0,0,5242420,170816,167088,2409996,42663.970,1138.804,136.576,341.440,10.042,35.148,2641,2459,2.320,2.450,1.530,2,0,0,0,0,18,310,0,35,1
22-02 09:19:44,17.433,4.234,76.707,0.249,0,5279140,134072,167088,2410020,14157.956,3811.451,15.939,470.205,0.996,12.951,2517,2301,2.320,2.450,1.530,1,0,2.989,0,0,18,313,0,35,1
22-02 09:19:45,23.557,3.509,71.424,0.251,0,5192684,220520,167088,2410024,13149.004,6258.232,0,477.161,0,26.063,2678,2114,2.320,2.450,1.530,1,0,16.039,0,0,18,310,0,36,1
22-02 09:19:46,23.032,4.256,70.848,0,0,5226448,186752,167088,2410028,7132.860,1135.570,0,244.338,0,27.037,2670,2624,2.320,2.450,1.530,1,0,0,0,0,18,310,0,36,1
22-02 09:19:47,20.762,8.255,70.791,0.250,0,5194452,218592,167088,2410168,8728.031,1080.623,4.002,232.134,1.001,17.010,3320,2568,2.210,2.420,1.530,1,0,74.043,0,0,18,310,0,36,1
22-02 09:19:48,10.999,17.999,68.496,0.250,0,5200920,212076,167096,2410192,8237.578,1295.934,391.980,359.982,5.000,12.999,4788,3487,2.210,2.420,1.530,2,0,176.991,0,0,18,310,0,34,1
22-02 09:19:49,10.261,20.771,67.069,0.250,0,5194212,218624,167096,2410352,5403.550,1459.499,56.058,0,4.004,0,4985,3499,2.210,2.420,1.530,2,0,224.230,0,0,18,310,0,34,1
22-02 09:19:50,16.748,10.999,70.742,0,0,5196096,216728,167096,2410364,5532.403,1511.837,0,4.000,0,1.000,3597,2628,2.210,2.420,1.530,1,0,108.988,0,0,18,310,0,34,1
22-02 09:19:51,22.261,2.251,71.534,2.501,0,5219436,193336,167112,2410400,8832.244,1296.623,44.021,0,5.002,0,2298,1798,2.210,2.420,1.530,1,0,16.008,0,0,18,310,0,34,1
22-02 09:19:52,20.155,2.737,75.396,0.498,0,5253948,158792,167136,2410408,13269.672,3187.030,0,318.504,0,21.897,2546,2415,2.110,2.400,1.530,2,0,17.916,0,0,18,311,0,29,1
22-02 09:19:53,24.106,3.013,71.564,0.251,0,5224716,182464,167580,2415408,8663.962,1367.994,100.440,1506.601,7.031,58.255,2597,2518,2.110,2.400,1.530,2,0,2.009,0,0,18,310,0,29,1
22-02 09:19:54,20.744,2.999,74.729,0,0,5237204,169108,167616,2416224,10948.981,2889.203,0,455.874,0,10.997,2455,2109,2.110,2.400,1.530,0,0,19.994,0,0,18,311,0,29,1
22-02 09:19:55,22.763,3.252,73.042,0.500,0,5243044,157520,168160,2421292,12580.236,3302.900,0,1116.642,0,28.016,3951,5196,2.110,2.400,1.530,1,0,6.003,0,0,18,310,0,29,1
22-02 09:19:56,23.521,5.004,69.562,0.500,0,5219948,180112,168180,2421776,7003.242,2536.261,24.021,608.542,1.001,22.020,4814,8371,2.110,2.400,1.530,0,0,8.007,0,0,18,311,0,24,1
22-02 09:19:57,22.474,4.245,71.916,0,0,5235644,164156,168216,2422000,11273.816,3438.978,19.977,2473.108,3.995,346.595,6248,9618,2.020,2.380,1.530,2,0,4.994,0,0,18,311,0,24,1
22-02 09:19:58,21.511,6.503,69.536,0,0,5242976,156600,168260,2422164,10606.442,1458.748,0,228.117,0,6.003,7244,11935,2.020,2.380,1.530,2,0,16.008,0,0,18,311,0,24,1
22-02 09:19:59,22.987,3.748,71.959,0.500,0,5193412,216072,168352,2412172,10738.888,1631.072,11.993,651.629,1.999,21.987,2499,2045,2.020,2.380,1.530,1,0,13.992,0,0,18,310,0,24,1
22-02 09:20:00,10.230,19.461,67.616,0,0,5195068,214396,168352,2412192,7415.304,1455.116,0,0,0,0,5198,3707,2.020,2.380,1.530,2,0,228.547,0,0,18,310,0,18,1
22-02 09:20:01,21.712,9.234,66.633,0.749,0,5235420,173952,168372,2412264,8807.515,1509.346,91.839,838.526,13.975,75.867,2986,2244,2.020,2.380,1.530,3,0,31.944,0,0,18,310,0,18,1
22-02 09:20:02,20.328,1.506,77.295,0.251,0.251,5257112,152068,168372,2412456,14231.343,7410.296,0,530.024,0,13.050,2318,1978,1.940,2.350,1.520,1,0,0,0,0,18,311,0,18,1
22-02 09:20:03,23.777,8.510,66.075,0.250,0,5247700,161236,168372,2415040,14261.243,6101.950,224.255,452.515,13.015,36.041,3608,5308,1.940,2.350,1.520,3,0,86.098,0,0,18,310,0,21,1
22-02 09:20:04,23.684,9.723,65.068,0,0,5245080,163848,168372,2412708,11456.978,1453.936,0,3.989,0,0.997,3318,6735,1.940,2.350,1.520,3,0,61.827,0,0,18,310,0,16,1
22-02 09:20:05,20.290,2.254,76.900,0,0,5275452,133476,168372,2412708,6802.259,3790.388,0,72.141,0,7.014,2010,1707,1.940,2.350,1.520,0,0,0,0,0,18,311,0,16,1
22-02 09:20:06,24.255,1.500,71.765,0.250,0,5240396,168308,168372,2412932,15190.190,7845.648,80.017,232.049,5.001,24.005,2802,2464,1.940,2.350,1.520,4,0,2.000,0,0,18,310,0,17,1
22-02 09:20:07,18.237,10.992,69.451,0.250,0,5263956,144760,168372,2412936,7383.812,1456.976,0,1087.236,0,105.926,3427,2784,1.870,2.330,1.520,2,0,68.952,0,0,18,310,0,17,1
22-02 09:20:08,20.254,3.501,75.017,0,0,5278976,161588,168356,2381904,14330.170,7185.590,8.002,188.042,2.000,21.005,2578,2346,1.870,2.330,1.520,1,0,2.000,0,0,18,311,0,15,1
22-02 09:20:09,20.253,5.751,72.760,0,0,5233012,207504,168356,2381952,14990.024,8905.202,32.004,116.016,2.000,8.001,3147,2452,1.870,2.330,1.520,2,0,56.008,0,0,18,310,0,16,1
22-02 09:20:10,23.252,4.000,72.007,0,0,5274620,165896,168356,2381952,8062.829,1512.156,0,8.001,0,2.000,2195,1721,1.870,2.330,1.520,1,0,0,0,0,18,310,0,16,1
22-02 09:20:11,17.000,2.250,79.501,0.250,0,5270956,169464,168356,2382048,18424.310,11643.196,80.001,228.004,5.000,12.000,2437,2157,1.870,2.330,1.520,1,0,0,0,0,18,310,0,18,2
22-02 09:20:12,21.502,6.501,71.256,0,0,5219484,220916,168356,2382068,5344.423,1524.121,16.001,64.005,2.000,4.000,2639,2242,1.800,2.310,1.520,1,0,32.003,0,0,18,310,0,17,1
22-02 09:20:13,18.751,3.000,77.256,0,0,5248384,191952,168356,2382132,43330.161,7088.517,52.004,188.014,3.000,20.001,2277,2178,1.800,2.310,1.520,1,0,0,0,0,18,311,0,17,1
22-02 09:20:14,16.243,1.749,79.716,0.500,0,5248264,192028,168356,2382176,17831.377,6378.273,31.986,315.865,1.999,30.987,2656,2693,1.800,2.310,1.520,1,0,0,0,0,18,310,0,19,1
22-02 09:20:15,20.245,8.248,70.734,0,0,5230156,210116,168356,2382196,8734.984,1523.648,0,115.973,0,7.998,2901,2332,1.800,2.310,1.520,3,0,46.989,0,0,18,310,0,19,1
22-02 09:20:16,19.759,2.251,76.284,0.500,0,5256744,183524,168356,2382200,14515.520,7307.282,0,260.117,0,28.013,2426,2213,1.800,2.310,1.520,1,0,0,0,0,18,311,0,16,1
22-02 09:20:17,20.061,6.520,72.720,0,0,5223684,216576,168356,2382208,13448.696,6001.160,0,593.797,0,36.109,2976,2563,1.730,2.290,1.510,1,0,32.097,0,0,18,310,0,19,1
22-02 09:20:18,22.924,4.734,70.516,0.249,0,5232960,207292,168356,2382216,8642.327,1507.000,0,183.392,0,21.927,2391,2195,1.730,2.290,1.510,1,0,0.997,0,0,18,310,0,19,1
22-02 09:20:19,17.504,2.001,79.020,0,0,5246768,193480,168356,2382220,14108.527,9277.319,0,272.068,0,22.006,2277,2134,1.730,2.290,1.510,0,0,0,0,0,18,311,0,19,1
22-02 09:20:20,13.746,8.498,75.980,0.250,0,5208020,232164,168356,2382284,9075.585,4626.769,31.991,363.903,1.999,37.990,3709,3486,1.730,2.290,1.510,1,0,87.977,0,0,18,310,0,20,1
22-02 09:20:21,22.095,5.273,72.562,0,0,5257552,182664,168356,2382284,7551.463,1464.295,0,144.622,0,8.035,2271,1940,1.730,2.290,1.510,1,0,0,0,0,18,310,0,20,1
22-02 09:20:22,20.669,2.241,74.208,0,0,5257012,183164,168356,2382324,13719.935,7155.802,0,753.033,0,48.808,2510,2269,1.750,2.280,1.520,1,0,0.996,0,0,18,311,0,20,1
22-02 09:20:23,19.999,7.250,71.496,1.000,0,5213548,226608,168356,2382344,27049.382,18402.899,0,4203.749,0,438.974,3512,3090,1.750,2.280,1.520,1,0,47.997,0,0,18,310,0,22,1
22-02 09:20:24,19.752,2.750,76.256,0,0,5243608,196540,168356,2382352,11048.909,3957.326,0,148.012,0,8.001,2160,1861,1.750,2.280,1.520,0,0,0,0,0,18,311,0,22,1
22-02 09:20:25,21.498,3.250,74.242,0,0,5228368,211644,168356,2382488,14382.424,8069.116,0,0,0,0,2663,2301,1.750,2.280,1.520,1,0,13.998,0,0,18,310,0,21,1
22-02 09:20:26,23.255,5.001,71.016,0,0,5263748,176260,168356,2382492,9771.133,1458.318,0,144.031,0,17.004,2461,2263,1.750,2.280,1.520,1,0,0,0,0,18,310,0,21,1
22-02 09:20:27,17.748,2.000,79.493,0.250,0,5277044,162960,168356,2382496,13729.833,7487.363,0,175.985,0,11.999,2201,2083,1.610,2.240,1.510,0,0,0,0,0,18,311,0,21,1
22-02 09:20:28,26.490,5.248,63.727,1.000,0,5272956,165260,168356,2384284,6919.481,1572.428,1703.380,1255.543,57.979,156.943,5880,8155,1.610,2.240,1.510,1,0,1.999,0,0,18,313,0,21,1
22-02 09:20:29,31.243,6.749,60.237,0.500,0,5235996,202196,168356,2384308,11113.568,2767.394,0,403.912,0,39.991,3468,3097,1.610,2.240,1.510,4,0,6.998,0,0,18,312,0,22,1
22-02 09:20:30,39.784,7.460,51.471,0.249,0,5283524,154548,168356,2384428,8779.337,3559.674,620.631,354.078,4.973,35.806,3616,2508,1.610,2.240,1.510,2,0,5.968,0,0,18,313,0,22,1
22-02 09:20:31,38.196,6.785,53.022,1.005,0,5292144,177312,168352,2354008,14118.540,8633.358,530.727,3128.072,5.026,208.069,4595,4509,1.610,2.240,1.510,2,0,4.021,0,0,18,313,0,22,1
22-02 09:20:32,25.592,6.272,66.739,0.502,0.251,5222192,247208,168356,2354060,9774.025,2693.653,20.072,2565.192,2.007,100.360,4990,6096,1.560,2.220,1.510,1,0,20.072,0,0,18,312,0,23,1
22-02 09:20:33,8.474,24.176,65.299,0,0,5217052,252332,168356,2354076,4552.995,1076.688,3.988,486.504,0.997,29.908,5316,3846,1.560,2.220,1.510,2,0,264.187,0,0,18,312,0,23,1
22-02 09:20:34,9.502,22.505,65.513,0.500,0,5211112,258260,168356,2354088,7920.597,1458.294,0,344.069,0,26.005,5279,3783,1.560,2.220,1.510,1,0,260.052,0,0,18,312,0,23,1
22-02 09:20:35,9.501,22.502,65.256,0.250,0,5204036,265324,168356,2354100,7391.647,1512.132,0,1720.151,0,103.009,5429,4088,1.560,2.220,1.510,2,0,259.023,0,0,18,312,0,23,1
22-02 09:20:36,10.497,22.494,64.482,0.500,0,5195748,273592,168356,2354120,4887.632,1499.580,3.999,315.912,1.000,30.991,5587,4390,1.560,2.220,1.510,1,0,256.928,0,0,18,312,0,23,1
22-02 09:20:37,9.783,22.826,65.218,0.251,0,5179692,289632,168356,2354136,9121.455,1517.065,0,911.042,0,86.288,5536,4285,1.520,2.200,1.500,1,0,264.884,0,0,18,312,0,22,1
22-02 09:20:38,9.969,22.431,65.548,0,0,5178220,291092,168356,2354148,6943.585,1507.351,0,231.287,0,21.932,5551,4272,1.520,2.200,1.500,1,0,262.191,0,0,18,312,0,22,1
22-02 09:20:39,8.997,22.991,65.975,0,0,5178112,291188,168356,2354160,5976.714,1511.422,0,187.928,0,15.994,5325,3815,1.520,2.200,1.500,1,0,256.902,0,0,18,312,0,22,1
22-02 09:20:40,9.755,22.261,65.782,0,0,5175432,293848,168356,2354180,8274.019,1458.708,0,92.045,0,9.004,5339,3830,1.520,2.200,1.500,1,0,257.125,0,0,18,312,0,22,1
22-02 09:20:41,9.246,22.240,65.722,0.250,0,5181532,287704,168356,2354224,6934.993,1457.368,31.986,439.809,1.000,29.987,5461,4131,1.520,2.200,1.500,1,0,253.890,0,0,18,312,0,22,1
22-02 09:20:42,10.003,22.007,65.522,0,0,5176232,292988,168356,2354240,8151.775,1458.497,0,520.177,0,38.013,5408,4053,1.480,2.180,1.500,1,0,249.085,0,0,18,312,0,22,1
22-02 09:20:43,13.994,23.739,60.222,0.250,0,5178384,290592,168356,2354484,43846.968,1457.334,0,95.956,0,8.996,6444,5924,1.480,2.180,1.500,2,0,247.887,0,0,18,312,0,22,1
22-02 09:20:44,12.756,24.512,61.030,0,0,5178804,290132,168356,2354524,4578.213,1176.569,0,20.010,0,5.002,5745,4624,1.480,2.180,1.500,2,0,250.121,0,0,18,312,0,22,1
22-02 09:20:45,14.250,22.250,61.000,0.250,0,5177820,291084,168356,2354556,10248.027,1350.004,0,216.001,0,16.000,5772,4468,1.480,2.180,1.500,2,0,253.001,0,0,18,312,0,23,1
22-02 09:20:46,11.000,21.001,65.752,0.250,0,5172912,295972,168356,2354576,8439.237,1458.041,0,204.006,0,18.001,5421,4022,1.480,2.180,1.500,1,0,244.007,0,0,18,312,0,23,1
22-02 09:20:47,15.993,10.246,69.720,1.749,0,5188908,279124,168368,2355416,7987.586,1241.469,823.648,263.887,79.966,20.991,3951,3135,1.440,2.160,1.500,3,0,106.954,0,0,18,312,0,23,1
22-02 09:20:48,17.039,8.269,71.665,2.255,0,5199788,334376,168376,2300616,8122.725,1298.994,613.414,2132.917,79.183,22.051,2652,2644,1.440,2.160,1.500,1,0,26.060,0,0,18,312,0,23,1
22-02 09:20:49,17.711,5.238,71.341,3.991,0,5204356,315980,168392,2314412,8607.844,1508.643,6433.683,754.321,460.974,14.967,2884,2802,1.440,2.160,1.500,2,0,2.993,0,0,18,312,0,23,1
22-02 09:20:50,24.515,2.502,71.795,0,0,5217836,299356,168488,2317456,6740.228,1566.983,12.008,444.279,2.001,6.004,2429,2035,1.440,2.160,1.500,1,0,16.010,0,0,18,312,0,23,1
22-02 09:20:51,14.242,1.749,79.954,3.248,0,5231908,284488,168496,2318240,17031.137,7590.604,511.704,1035.400,20.988,28.983,1988,2126,1.440,2.160,1.500,1,0,0,0,0,18,313,0,23,1
22-02 09:20:52,14.979,1.248,80.637,1.248,0,5232364,283732,168508,2318524,13654.850,6267.210,207.709,930.695,22.968,48.931,2129,2353,1.320,2.120,1.490,1,0,0.999,0,0,18,313,0,23,1
22-02 09:20:53,16.772,2.003,78.354,2.503,0,5231712,283480,168532,2319400,20537.318,10249.634,484.645,1061.412,45.060,42.056,2299,2391,1.320,2.120,1.490,0,0,1.001,0,0,18,313,0,23,1
22-02 09:20:54,13.748,1.250,80.490,3.750,0,5228700,286216,168564,2319644,17474.914,5487.345,131.984,2615.688,13.998,352.958,2094,1915,1.320,2.120,1.490,1,0,2.000,0,0,18,313,0,23,1
22-02 09:20:55,20.247,1.750,75.738,1.000,0,5252168,261800,168568,2320584,15229.615,7067.893,819.872,691.892,37.994,26.996,2194,1875,1.320,2.120,1.490,1,0,0,0,0,18,313,0,23,1
22-02 09:20:56,18.006,1.501,75.776,3.001,0,5251472,261800,168588,2321256,18439.318,7953.725,536.184,3949.353,35.012,176.060,2550,2816,1.320,2.120,1.490,1,0,0,0,0,18,313,0,23,1
22-02 09:20:57,18.764,1.751,76.558,2.252,0.250,5257820,254600,168644,2322052,17021.981,7124.433,656.501,852.650,35.027,32.024,2264,2063,1.300,2.110,1.490,1,0,0,0,0,18,313,0,23,1
22-02 09:20:58,18.736,1.499,77.444,1.749,0,5260172,251576,168716,2322644,16931.728,8615.755,391.716,803.418,38.972,29.978,2139,1945,1.300,2.110,1.490,0,0,0.999,0,0,18,313,0,23,1
22-02 09:20:59,14.534,2.255,73.924,7.768,0,5261820,218060,168752,2354472,10527.814,3996.419,15472.468,525.238,172.406,43.102,2115,1968,1.300,2.110,1.490,1,0,0,0,0,18,313,0,23,1
22-02 09:21:00,24.699,2.245,71.851,0.499,0,5271376,201428,169296,2360992,4758.106,1454.974,0,1385.120,0,47.900,2443,2162,1.300,2.110,1.490,1,0,0.998,0,0,18,313,0,23,1
22-02 09:21:01,24.739,3.748,69.970,0.750,0,5273248,181280,170120,2378356,8922.119,1241.460,0,1679.269,0,52.977,2742,2509,1.300,2.110,1.490,2,0,5.997,0,0,18,313,0,23,1
22-02 09:21:02,25.244,2.999,70.733,0.250,0,5272404,204436,170360,2356824,6501.455,1295.692,0,1003.761,0,37.991,2684,2420,1.270,2.090,1.480,1,0,0,0,0,18,313,0,23,1
22-02 09:21:03,23.743,2.499,71.479,1.500,0,5294752,159712,171080,2378220,8860.426,1511.561,7.998,2355.316,1.999,111.967,2788,2678,1.270,2.090,1.480,1,0,0,0,0,18,313,0,23,1
22-02 09:21:04,32.777,6.755,58.047,1.001,0,5287664,140340,172112,2403332,11344.213,1459.185,0,2253.830,0,93.076,3841,11364,1.270,2.090,1.480,1,0,36.029,0,0,18,313,0,24,1
22-02 09:21:05,24.162,1.993,71.488,0.747,0,5291232,124728,172884,2414324,8502.880,1506.486,0,2052.488,0,71.737,2489,2215,1.270,2.090,1.480,2,0,0,0,0,18,312,0,24,2
22-02 09:21:06,25.411,4.025,70.194,0.252,0,5235884,197668,172888,2396736,6871.430,1696.724,4.025,374.366,1.006,19.121,2575,2146,1.270,2.090,1.480,1,0,2.013,0,0,18,312,0,20,1
22-02 09:21:07,22.947,4.240,71.336,0,0,5260160,173380,172888,2396748,5864.518,1946.525,0,470.917,0,22.947,2850,2554,1.250,2.070,1.480,1,0,33.922,0,0,18,313,0,20,1
22-02 09:21:08,21.245,2.249,74.731,0.250,0,5230736,198044,172980,2401512,13200.713,2986.256,0,8737.824,0,217.946,2561,2232,1.250,2.070,1.480,2,0,2.999,0,0,18,312,0,20,1
22-02 09:21:09,21.744,3.999,72.730,0.250,0,5244072,183680,172996,2402508,11186.984,2741.261,47.987,1283.654,2.999,170.954,3132,2996,1.250,2.070,1.480,0,0,17.995,0,0,18,313,0,20,1
22-02 09:21:10,22.588,2.510,74.289,0.502,0,5224392,197844,173368,2407540,8022.195,3305.855,0,1140.435,0,30.117,2384,2203,1.250,2.070,1.480,1,0,5.020,0,0,18,312,0,18,1
22-02 09:21:11,24.667,5.731,66.525,0.249,0,5232880,188804,173392,2408052,8281.991,1076.360,23.919,1658.391,0.997,13.953,5273,9720,1.250,2.070,1.480,2,0,8.970,0,0,18,312,0,18,1
22-02 09:21:12,23.494,6.248,68.232,0,0,5240564,180992,173420,2408152,6952.149,1403.626,0,615.836,0,26.993,11745,21626,1.230,2.050,1.480,1,0,12.997,0,0,18,312,0,18,1
22-02 09:21:13,22.002,4.500,71.507,0.250,0,5187748,245096,173452,2396928,44034.530,1458.150,0,496.051,0,18.002,2680,2148,1.230,2.050,1.480,1,0,12.001,0,0,18,312,0,18,1
22-02 09:21:14,22.752,6.000,70.256,0,0,5202556,230288,173452,2396928,7053.587,1458.121,0,124.010,0,1.000,3192,2852,1.230,2.050,1.480,1,0,50.004,0,0,18,312,0,15,1
22-02 09:21:15,26.237,4.248,66.218,0,0,5223880,208948,173452,2396944,5483.320,1457.288,0,0,0,0,9603,17995,1.230,2.050,1.480,1,0,2.999,0,0,18,312,0,15,1
22-02 09:21:16,18.509,4.002,76.537,0,0,5237824,194996,173452,2396952,12995.278,3415.650,0,784.379,0,16.008,2632,2355,1.230,2.050,1.480,1,0,33.016,0,0,18,313,0,15,1
22-02 09:21:17,24.995,2.250,71.485,0.250,0,5230548,196508,173500,2402668,6837.607,1469.701,0,1107.774,0,22.995,2457,2148,1.210,2.030,1.470,2,0,2.999,0,0,18,312,0,15,1
22-02 09:21:18,19.250,3.000,76.502,0.250,0,5243832,181400,173504,2404488,15193.368,4391.106,0,364.009,0,16.000,2294,1992,1.210,2.030,1.470,1,0,19.000,0,0,18,313,0,10,1
22-02 09:21:19,24.500,6.250,66.750,0.250,0,5248596,172908,173556,2408036,7531.017,1740.004,0,972.002,0,21.000,10453,19222,1.210,2.030,1.470,1,0,13.000,0,0,18,312,0,10,1
22-02 09:21:20,22.249,6.750,68.248,0,0,5246568,174676,173572,2408280,8047.793,1457.962,0,299.992,0,4.000,12405,22460,1.210,2.030,1.470,2,0,13.000,0,0,18,312,0,10,1
22-02 09:21:21,21.240,6.247,71.966,0,0,5210892,221808,173580,2396960,8495.011,1511.290,0,635.701,0,17.992,2457,2011,1.210,2.030,1.470,1,0,7.996,0,0,18,312,0,10,1
22-02 09:21:22,24.267,3.753,70.050,0,0,5225700,206972,173580,2396996,5206.749,1459.051,0,532.383,0,15.011,2679,2321,1.190,2.020,1.470,1,0,22.016,0,0,18,312,0,9,1
22-02 09:21:23,21.991,7.247,69.473,0.500,0,5216276,216372,173584,2397016,5083.005,1457.428,0,10763.775,0,73.971,3344,2865,1.190,2.020,1.470,1,0,63.975,0,0,18,312,0,9,1
22-02 09:21:24,22.988,4.997,71.462,0,0,5239820,186112,173656,2403644,10014.619,1457.217,0,639.656,0,129.930,2903,2501,1.190,2.020,1.470,1,0,33.982,0,0,18,312,0,9,1
22-02 09:21:25,24.266,3.002,72.048,0,0,5257980,164056,173712,2407404,8946.899,1458.962,0,0,0,0,2432,2050,1.190,2.020,1.470,2,0,16.011,0,0,18,312,0,9,1
22-02 09:21:26,12.751,1.250,84.256,0.250,0,5259056,162680,173728,2407672,20241.522,6854.516,4.000,1860.140,1.000,53.004,1983,2215,1.190,2.020,1.470,1,0,0,0,0,18,313,0,5,1
22-02 09:21:27,18.996,1.500,77.485,0.250,0,5269272,152328,173768,2407768,20749.067,8764.339,0,1119.788,0,40.992,2247,2092,1.100,1.980,1.460,1,0,0,0,0,18,313,0,5,1
22-02 09:21:28,12.749,1.250,84.245,0.750,0,5268968,152160,173804,2408204,46926.294,9928.427,0,999.942,0,37.998,1844,1937,1.100,1.980,1.460,1,0,1.000,0,0,18,313,0,5,1
22-02 09:21:29,22.984,3.248,72.200,0.749,0,5277952,142972,173808,2408404,130585.717,10927.445,0,1023.293,0,44.969,2453,2100,1.100,1.980,1.460,2,0,1.999,0,0,18,314,0,5,1
22-02 09:21:30,39.533,7.256,51.043,1.001,0,5289796,142640,173840,2397620,11608.799,5963.033,1249.054,556.470,34.029,18.015,3325,2126,1.100,1.980,1.460,2,0,6.005,0,0,18,314,0,4,1
22-02 09:21:31,35.499,5.250,57.998,0.500,0,5286404,177900,173880,2367052,14950.463,8928.680,511.982,839.970,4.000,26.999,2966,2203,1.100,1.980,1.460,0,0,4.000,0,0,18,314,0,4,1
22-02 09:21:32,19.503,1.500,77.760,0.250,0,5282744,181348,173920,2367224,17827.334,8499.113,0,864.113,0,33.004,2263,2136,1.090,1.970,1.460,0,0,0,0,0,18,314,0,4,1
22-02 09:21:33,22.755,1.250,74.767,0.500,0,5294208,169516,173968,2367528,288304.092,9597.167,0,764.173,0,24.005,2351,1906,1.090,1.970,1.460,2,0,0,0,0,18,314,0,4,1
22-02 09:21:34,12.745,5.748,77.968,1.749,0,5294788,168312,174260,2367848,105690.277,18150.663,31.987,61815.013,4.998,423.829,3095,3146,1.090,1.970,1.460,0,0,0,0,0,18,314,0,3,1
22-02 09:21:35,18.006,0.750,78.528,1.000,0,5294220,168468,174400,2368096,40123.060,10552.698,104.036,2068.725,6.002,211.074,2119,2018,1.090,1.970,1.460,1,0,0,0,0,18,314,0,3,1
22-02 09:21:36,17.237,2.248,78.192,0.250,0,5285136,161244,174484,2384304,4087172.615,38389.537,0,2330.272,0,39.970,3474,2671,1.090,1.970,1.460,1,0,1.999,0,0,18,314,0,3,1
22-02 09:21:37,12.993,4.747,78.708,2.499,0,5287068,123984,174684,2419316,13721596.015,69662.442,163.912,17710.451,3.998,117.936,5766,3393,1.160,1.970,1.460,1,0,3.998,0,0,18,314,0,3,1
22-02 09:21:38,24.243,2.999,70.729,0.500,0.250,5286532,147548,175844,2394844,7209.873,1565.538,0,2299.322,0,71.979,2708,2648,1.160,1.970,1.460,1,0,2.999,0,0,18,314,0,3,1
22-02 09:21:39,24.025,4.755,70.073,0.501,0,5305244,122912,178400,2396088,7645.996,973.018,0,41691.600,0,414.433,2769,2470,1.160,1.970,1.460,2,0,0,0,0,18,314,0,3,1
22-02 09:21:40,24.257,2.501,71.520,0.500,0,5296724,139080,178788,2388048,7037.982,1134.320,0,2072.584,0,39.011,2483,2334,1.160,1.970,1.460,3,0,0,0,0,18,314,0,3,1
22-02 09:21:41,22.988,3.248,70.962,0.750,0,5309240,134736,179520,2379276,5151.272,1457.228,0,1998.941,0,93.950,2564,2483,1.160,1.970,1.460,2,0,0.999,0,0,18,314,0,3,1
22-02 09:21:42,23.265,3.752,71.046,1.001,0,5294392,134688,180304,2392092,8869.699,1458.937,4.003,2245.443,1.001,76.049,2607,2489,1.150,1.950,1.460,3,0,0,0,0,18,314,0,3,1
22-02 09:21:43,24.244,2.499,71.481,0.750,0,5297176,134832,181868,2386588,36842.449,1457.622,0,1367.645,0,55.985,2537,2289,1.150,1.950,1.460,1,0,0,0,0,18,314,0,3,1
22-02 09:21:44,24.497,2.000,71.992,0.750,0,5300080,117820,182388,2399104,15651.298,1499.837,0,2335.746,0,40.996,2457,2267,1.150,1.950,1.460,1,0,0,0,0,18,314,0,3,1
22-02 09:21:45,23.758,3.001,70.523,1.000,0,5301280,119328,183432,2394824,7480.455,1458.479,0,2316.760,0,85.028,2735,2677,1.150,1.950,1.460,2,0,0,0,0,18,314,0,3,1
22-02 09:21:46,24.493,4.749,69.480,0.500,0,5233724,220036,183540,2361160,12887.336,4047.849,0,867.753,0,32.991,4078,4943,1.150,1.950,1.460,3,0,1.000,0,0,18,312,0,3,1
22-02 09:21:47,26.525,4.755,66.564,0,0,5292112,161604,183540,2361200,9507.100,1459.397,0,336.322,0,7.007,3289,3064,1.220,1.950,1.460,1,0,19.018,0,0,18,312,0,1,1
22-02 09:21:48,23.726,3.497,71.678,0.250,0,5290048,160596,183540,2364272,12189.835,3626.381,0,279.721,0,20.979,2916,2678,1.220,1.950,1.460,1,0,16.983,0,0,18,313,0,3,1
22-02 09:21:49,24.001,3.250,71.253,0,0,5249088,198548,183628,2366924,6195.279,1632.074,0,936.042,0,6.000,2475,2101,1.220,1.950,1.460,1,0,3.000,0,0,18,312,0,3,1
22-02 09:21:50,18.976,2.746,77.151,0.250,0,5243936,197616,183840,2371840,15409.248,4559.156,0,1202.459,0,17.977,2284,1998,1.220,1.950,1.460,1,0,17.977,0,0,18,312,0,3,1
22-02 09:21:51,24.004,6.751,67.263,0,0,5249876,191112,183872,2372292,8604.612,1620.304,0,1136.213,0,146.027,7581,15342,1.220,1.950,1.460,1,0,12.002,0,0,18,312,0,3,1
22-02 09:21:52,25.254,5.001,67.762,0.250,0,5243584,197188,183896,2372452,8893.583,1458.260,0,2288.407,0,20.004,7832,13715,1.200,1.940,1.460,1,0,6.001,0,0,18,312,0,3,1
22-02 09:21:53,21.311,7.186,68.889,0,0,5250432,190132,183936,2372616,6745.184,1445.184,0,459.921,0,25.771,5390,8159,1.200,1.940,1.460,2,0,15.859,0,0,18,312,0,3,1
22-02 09:21:54,22.539,5.009,71.624,0.250,0,5216292,236600,183944,2361300,5392.334,1554.691,0,312.541,0,11.019,2319,1968,1.200,1.940,1.460,2,0,3.005,0,0,18,312,0,3,1
22-02 09:21:55,22.668,4.785,71.278,0.756,0,5241828,207792,184212,2364280,8462.744,1468.891,628.661,7523.783,14.105,40.299,2473,2083,1.200,1.940,1.460,1,0,5.037,0,0,18,312,0,3,1
22-02 09:21:56,24.775,4.755,66.316,1.752,0,5240768,207856,184212,2365244,9981.900,1459.447,608.604,5781.734,34.034,266.264,5827,8144,1.200,1.940,1.460,4,0,0,0,0,18,317,0,6,1
22-02 09:21:57,27.775,6.005,62.055,2.002,0,5235492,212460,184212,2365916,10656.498,1459.301,544.485,3595.204,34.030,317.283,6584,9026,1.510,1.990,1.480,2,0,1.001,0,0,18,317,0,7,1
22-02 09:21:58,15.731,13.983,66.917,0.749,0,5162176,285572,184212,2366120,6979.387,1456.203,159.803,547.325,2.996,41.948,4897,4414,1.510,1.990,1.480,2,0,152.811,0,0,18,316,0,7,1
22-02 09:21:59,9.999,20.499,67.997,0,0,5165672,282044,184212,2366152,8690.561,1457.926,4.000,23.999,1.000,3.000,4903,3583,1.510,1.990,1.480,1,0,206.990,0,0,18,316,0,7,1
22-02 09:22:00,17.740,11.244,68.711,0.750,0,5170512,276240,184212,2367116,8067.441,1295.268,955.460,3382.089,13.992,16.990,3770,2807,1.510,1.990,1.480,1,0,78.955,0,0,18,316,0,9,1
22-02 09:22:01,14.258,7.004,67.289,10.006,0,5145756,274436,184236,2393648,4544.600,1026.587,26595.218,3093.770,923.528,149.085,3817,4380,1.510,1.990,1.480,0,1,16.009,0,0,18,316,0,9,1
22-02 09:22:02,9.999,5.000,71.495,10.749,0,5148684,261336,184308,2403772,5022.627,1794.867,10147.246,2959.780,1714.873,327.976,4049,5659,1.470,1.970,1.480,0,1,6.000,0,0,18,317,0,9,1
22-02 09:22:03,5.252,1.751,89.025,3.001,0,5156136,253020,184652,2404292,10501.005,1920.550,868.248,128.037,217.062,4.001,1633,2060,1.470,1.970,1.480,0,0,0,0,0,18,317,0,9,1
22-02 09:22:04,12.497,5.499,79.981,0,0,5151396,257696,184652,2404356,50272.209,5055.814,63.985,3.999,1.000,1.000,2748,9309,1.470,1.970,1.480,0,0,35.992,0,0,18,317,0,10,1
22-02 09:22:05,5.002,3.251,89.530,1.501,0,5137832,270704,184656,2404924,46078.485,3811.281,440.148,468.157,17.006,2.001,1814,1905,1.470,1.970,1.480,2,0,18.006,0,0,18,316,0,10,2
22-02 09:22:06,47.488,9.748,41.240,0,0,4913448,495076,184656,2404936,10876.343,2272.445,0,363.911,0,20.995,3940,2328,1.470,1.970,1.480,1,0,11.997,0,0,18,300,0,15,1
22-02 09:22:07,60.532,11.006,28.515,0.250,0,4891736,516760,184656,2404944,8734.612,1512.799,8.004,444.235,2.001,49.026,4385,3070,1.910,2.050,1.510,4,0,9.005,0,0,18,290,0,15,1
22-02 09:22:08,87.838,12.297,0,0,0,5019424,389044,184656,2404972,6777.076,1463.632,0,353.360,0,41.158,5331,3232,1.910,2.050,1.510,4,0,3.012,0,0,18,290,0,15,1
22-02 09:22:09,85.029,14.213,0.249,0.249,0,5108076,298832,184656,2406532,5770.002,1561.940,191.502,458.807,8.977,21.943,8436,10289,1.910,2.050,1.510,6,0,3.990,0,0,18,294,0,16,1
22-02 09:22:10,56.429,11.985,30.711,0.250,0,5085348,321124,184656,2406968,5079.615,1456.170,187.764,41328.051,1.997,325.591,5163,4862,1.910,2.050,1.510,2,0,2.996,0,0,18,288,0,20,1
22-02 09:22:11,43.994,7.749,46.994,0,0,5140292,266180,184656,2406972,8662.812,1241.830,0,0,0,0,3421,2203,1.910,2.050,1.510,4,0,3.000,0,0,18,288,0,21,1
22-02 09:22:12,47.137,9.778,41.621,0.501,0,5233000,172504,184656,2408108,7297.244,1245.626,304.888,9936.928,5.015,1066.104,6964,7822,1.920,2.050,1.510,4,0,6.018,0,0,18,292,0,23,1
22-02 09:22:13,31.891,5.980,60.044,0.498,0,5196180,209068,184656,2408360,37094.030,1506.842,621.871,87.700,9.966,3.986,3848,3691,1.920,2.050,1.510,3,0,6.976,0,0,18,290,0,24,1
22-02 09:22:14,13.008,3.502,82.048,0.250,0,5056872,348368,184656,2408364,16793.902,1458.860,256.151,88.052,2.001,10.006,2758,3117,1.920,2.050,1.510,0,0,3.002,0,0,18,279,0,25,1
22-02 09:22:15,1.500,0.250,96.987,0,0.250,5050012,355228,184656,2408364,10385.599,1349.818,0,1019.862,0,1.000,1053,1424,1.920,2.050,1.510,0,0,0,0,0,18,279,0,25,1
22-02 09:22:16,1.750,6.500,89.994,0.250,0,5043800,361428,184660,2408372,5977.569,1025.926,0,131586.521,0,1089.921,3447,4110,1.920,2.050,1.510,1,0,0,0,0,18,279,0,25,1
22-02 09:22:17,1.500,0.750,96.500,0,0,5037216,368008,184660,2408376,4975.986,1133.997,0,391.999,0,21.000,1180,1660,1.760,2.020,1.500,0,0,0,0,0,18,279,0,25,1
22-02 09:22:18,2.000,1.000,95.513,0.250,0,5030456,374756,184660,2408388,8341.145,1458.200,0,220.030,0,30.004,1606,2368,1.760,2.020,1.500,0,0,1.000,0,0,18,279,0,25,1
22-02 09:22:19,1.750,5.000,91.998,0.750,0,5029288,375924,184660,2408388,6788.823,1457.962,0,0,0,0,1266,1551,1.760,2.020,1.500,0,0,0,0,0,18,279,0,25,1
22-02 09:22:20,1.000,0.750,96.775,0,0,5024324,380888,184660,2408388,4838.254,1458.378,0,0,0,0,1064,1519,1.760,2.020,1.500,1,0,0,0,0,18,279,0,25,1
22-02 09:22:21,1.500,0.500,97.231,0.250,0,5019804,385408,184660,2408388,8497.367,1565.699,0,563.892,0,31.994,1119,1601,1.760,2.020,1.500,0,0,0,0,0,18,279,0,25,1
22-02 09:22:22,1.750,1.250,96.006,0,0,5016040,389140,184660,2408420,6568.404,1458.090,0,144.009,0,17.001,1349,1931,1.620,1.990,1.490,0,0,0,0,0,18,279,0,25,1
22-02 09:22:23,2.250,1.250,95.992,0.250,0,5013080,392096,184660,2408424,9074.226,1457.876,0,327.972,0,28.998,1403,2025,1.620,1.990,1.490,0,0,0,0,0,18,279,0,25,1
22-02 09:22:24,1.750,0,96.483,0,0,5010948,394228,184660,2408424,7034.756,593.895,0,35.994,0,1.000,1092,1575,1.620,1.990,1.490,0,0,0,0,0,18,279,0,25,1
22-02 09:22:25,1.000,0.500,97.509,0,0,5009084,396092,184660,2408424,5628.500,1458.130,0,0,0,0,990,1417,1.620,1.990,1.490,0,0,0,0,0,18,279,0,25,1
22-02 09:22:26,2.000,1.500,95.993,0,0,5003732,401444,184660,2408424,9987.319,1457.901,0,2731.814,0,30.998,1353,1838,1.620,1.990,1.490,2,0,0,0,0,18,279,0,25,1
22-02 09:22:27,1.500,0.750,96.998,0,0,5002400,402776,184660,2408424,9455.834,1511.973,0,403.993,0,11.000,1160,1582,1.650,1.990,1.490,1,0,0,0,0,18,279,0,25,1
22-02 09:22:28,1.749,1.000,94.221,1.500,0,5001256,403872,184660,2408472,7050.798,1457.545,15.995,1723.462,1.000,126.960,1588,2493,1.650,1.990,1.490,0,0,1.000,0,0,18,279,0,25,1
22-02 09:22:29,1.250,0.500,97.036,0,0,5000208,404920,184660,2408472,10537.865,1458.535,0,280.103,0,13.005,1121,1534,1.650,1.990,1.490,0,0,0,0,0,18,279,0,25,1
22-02 09:22:30,1.752,0.751,96.366,0.250,0,5000208,404920,184660,2408472,8007.653,1459.760,0,1906.298,0,84.101,1273,1849,1.650,1.990,1.490,0,0,0,0,0,18,279,0,25,1
22-02 09:22:31,7.992,11.988,76.922,0.999,0.250,5008820,396104,184660,2408676,8547.322,1282.698,191.805,43.955,9.990,3.996,3711,2866,1.650,1.990,1.490,1,0,172.825,0,0,18,279,0,25,1
22-02 09:22:32,10.246,21.241,66.473,0,0,5011064,393836,184664,2408696,10398.736,809.668,3.998,199.918,1.000,20.991,5712,4466,1.600,1.970,1.490,1,0,297.878,0,0,18,279,0,25,1
22-02 09:22:33,8.242,20.231,69.434,0,0,5013800,391076,184664,2408720,5166.078,1456.612,0,327.688,0,22.978,5390,4105,1.600,1.970,1.490,1,0,279.733,0,0,18,279,0,25,1
22-02 09:22:34,9.005,19.512,69.541,0,0,5014536,390320,184664,2408740,9281.519,1458.867,0,56.033,0,6.004,5415,4055,1.600,1.970,1.490,1,0,287.171,0,0,18,279,0,25,1
22-02 09:22:35,8.505,19.762,69.292,0,0,5016008,388836,184664,2408752,7263.452,1458.894,0,0,0,0,5485,4025,1.600,1.970,1.490,1,0,304.186,0,0,18,279,0,25,1
22-02 09:22:36,9.500,22.250,66.501,0.500,0.250,5022188,382632,184664,2408776,10090.212,1662.035,0,160.003,0,18.000,5707,4425,1.600,1.970,1.490,2,0,290.006,0,0,18,279,0,25,1
22-02 09:22:37,10.001,22.003,65.510,0.500,0,5020828,383936,184672,2408824,7367.071,1458.212,28.004,384.056,4.001,16.002,5644,4425,1.550,1.950,1.490,1,0,306.044,0,0,18,279,0,25,1
22-02 09:22:38,9.499,19.497,68.490,0.250,0,5007308,397416,184672,2408864,8317.815,1457.792,23.997,255.964,2.000,27.996,5653,4689,1.550,1.950,1.490,1,0,254.964,0,0,18,279,0,25,1
22-02 09:22:39,21.131,2.735,71.597,3.232,0,5025476,378896,184836,2409052,7470.963,1449.842,365.941,115.351,40.771,6.961,2195,1784,1.550,1.950,1.490,1,0,9.944,0,0,18,279,0,25,1
22-02 09:22:40,11.058,4.021,78.413,5.529,0,5045916,356752,184864,2410728,6404.732,2308.157,1700.959,4.021,29.154,1.005,2474,2435,1.550,1.950,1.490,0,0,18.095,0,0,18,280,0,25,1
22-02 09:22:41,1.750,1.000,96.253,0.250,0,5045788,356752,184864,2410856,141134.028,5184.148,0,560.016,0,36.001,1251,1653,1.550,1.950,1.490,0,0,0,0,0,18,280,0,25,1
22-02 09:22:42,2.501,1.751,94.289,0.250,0,5043032,359008,184864,2411404,595637.206,16278.729,0,3237.338,0,77.032,2139,2051,1.430,1.920,1.480,0,0,0,0,0,18,280,0,25,1
22-02 09:22:43,2.499,1.999,93.202,0,0,5040752,360152,184864,2412540,1230201.855,32395.196,0,1603.168,0,316.836,2873,2222,1.430,1.920,1.480,0,0,0,0,0,18,280,0,25,1
22-02 09:22:44,2.001,0.750,96.049,0,0,5038912,361688,184864,2412844,331818.706,12629.383,0,2081.052,0,4.002,1571,1741,1.430,1.920,1.480,0,0,0,0,0,18,280,0,25,1
22-02 09:22:45,1.741,1.244,95.509,0,0,5038136,362148,184864,2413160,377573.235,9013.621,0,0,0,0,1519,1669,1.430,1.920,1.480,0,0,0,0,0,18,280,0,25,1
22-02 09:22:46,3.015,1.508,93.721,0.251,0,5037628,361896,184864,2413920,810533.019,18790.494,0,237.193,0,17.086,2214,2449,1.430,1.920,1.480,0,0,0,0,0,18,280,0,25,1
22-02 09:22:47,6.495,3.248,88.434,0.250,0,5037296,361896,184864,2414252,235664.381,7122.722,0,1758.697,0,22.983,3272,4324,1.310,1.890,1.470,2,0,0,0,0,18,280,0,25,1
22-02 09:22:48,5.752,2.251,90.539,0,0,5037492,361412,184864,2414540,239414.013,6606.815,0,340.145,0,10.004,2411,2804,1.310,1.890,1.470,0,0,2.001,0,0,18,280,0,23,1
22-02 09:22:49,6.751,1.000,90.259,0.250,0,5037048,361412,184864,2414984,448262.239,10104.975,0,644.062,0,20.002,2419,2600,1.310,1.890,1.470,0,0,0,0,0,18,280,0,25,1
22-02 09:22:50,7.251,2.250,86.257,3.000,0,5037084,361080,184872,2415276,236436.314,6204.507,56.005,224.018,5.000,3.000,1663,1718,1.310,1.890,1.470,0,1,2.000,0,0,18,279,0,26,1
22-02 09:22:51,12.003,6.252,71.519,8.752,0,5062324,334272,185460,2416216,7022.861,1296.344,1488.394,484.128,146.039,24.006,2511,2271,1.310,1.890,1.470,1,0,31.008,0,0,18,279,0,26,1
22-02 09:22:52,10.747,14.246,67.733,4.749,0,5073500,303108,185612,2435636,8726.802,1527.615,143.964,24317.874,5.998,787.802,6060,7418,1.290,1.870,1.470,4,0,70.982,0,0,18,279,0,26,1
22-02 09:22:53,9.251,14.501,68.755,5.000,0,5073184,297672,185708,2440428,7113.555,1458.114,4.000,10848.847,1.000,1200.094,6784,8968,1.290,1.870,1.470,1,0,81.006,0,0,18,279,0,26,1
22-02 09:22:54,22.472,7.491,67.165,1.748,0,5065920,302952,185936,2442004,8614.121,1711.838,143.818,3487.595,3.995,288.635,3790,3769,1.290,1.870,1.470,2,0,23.970,0,0,18,279,0,26,1
22-02 09:22:55,25.185,7.231,66.080,0.499,0,5056284,311992,185952,2442508,8533.038,1454.257,0,825.874,0,45.882,3023,2318,1.290,1.870,1.470,1,0,18.951,0,0,18,279,0,26,1
22-02 09:22:56,25.096,7.027,65.751,0.753,0,5053228,314492,185976,2442960,4812.379,1463.590,0,1144.371,0,78.299,3263,2733,1.290,1.870,1.470,4,0,22.084,0,0,18,279,0,25,1
22-02 09:22:57,24.494,6.248,67.484,0.500,0,5058880,308396,186004,2443340,8930.822,1457.644,0,943.770,0,55.986,3046,2532,1.260,1.860,1.470,1,0,14.996,0,0,18,279,0,25,1
22-02 09:22:58,26.223,6.493,65.432,0.749,0,5070824,295808,186028,2443872,8118.586,1456.490,0,823.147,0,50.947,3170,2534,1.260,1.860,1.470,1,0,18.980,0,0,18,279,0,25,1
22-02 09:22:59,25.272,6.005,67.560,0.250,0,5068108,296276,186116,2445688,4574.037,594.525,0,332.293,0,21.019,2868,2534,1.260,1.860,1.470,1,0,10.009,0,0,18,279,0,25,1
22-02 09:23:00,25.718,5.743,67.166,0.250,0,5060392,301792,186216,2447536,9480.101,1456.172,0,838.947,0,29.962,2992,2564,1.260,1.860,1.470,1,0,11.985,0,0,18,279,0,21,1
22-02 09:23:01,20.746,4.749,70.238,2.999,0,5059348,300868,186232,2448860,9658.357,1457.752,99.983,319.946,23.996,9.998,2298,1742,1.260,1.860,1.470,1,0,7.999,0,0,18,279,0,21,1
22-02 09:23:02,18.497,4.999,69.239,5.999,0,5054336,306244,186368,2448128,8699.656,1457.775,355.945,4143.360,29.995,90.986,3299,3943,1.240,1.840,1.460,1,0,15.998,0,0,18,279,0,21,1
22-02 09:23:03,15.277,10.018,71.125,2.504,0,5109080,194484,186416,2504716,7718.528,1190.086,324.569,1498.627,26.046,22.039,2989,2455,1.240,1.840,1.460,1,0,38.067,0,0,18,279,0,21,1
22-02 09:23:04,21.655,8.961,67.206,0.249,0,5127444,174008,186424,2505804,5610.474,914.005,107.530,3.983,6.970,0.996,2671,3615,1.240,1.840,1.460,5,0,40.822,0,0,18,279,0,20,1
22-02 09:23:05,23.863,11.303,62.546,1.758,0,5104832,195524,186444,2505032,9446.696,1302.161,229.084,2584.227,14.067,5.024,3541,9463,1.240,1.840,1.460,1,0,33.157,0,0,18,279,0,21,1
22-02 09:23:06,25.233,1.249,71.953,0.750,0,5119440,180892,186468,2505032,6474.748,1187.220,23.984,159.895,5.996,16.989,2304,1877,1.240,1.840,1.460,1,0,1.999,0,0,18,279,0,21,1
22-02 09:23:07,10.744,3.748,82.955,0.999,0,5052916,309700,186480,2444228,6041.693,1457.203,83.954,399.781,6.996,23.987,2359,2501,1.140,1.810,1.450,1,0,15.991,0,0,18,279,0,21,1
22-02 09:23:08,1.750,1.000,96.265,0,0,5047708,314904,186480,2444232,8457.349,1566.250,0,84.013,0,12.002,1415,1973,1.140,1.810,1.450,0,0,1.000,0,0,18,279,0,14,1
22-02 09:23:09,2.247,0.749,95.126,0.250,0,5041796,320816,186480,2444232,8125.415,1510.033,0,183.761,0,19.974,1625,2092,1.140,1.810,1.450,0,0,0,0,0,18,279,0,14,1
22-02 09:23:10,1.252,1.002,96.916,0.250,0,5036600,326012,186480,2444232,8653.814,1460.500,0,60.103,0,7.012,1236,1725,1.140,1.810,1.450,0,0,0,0,0,18,279,0,14,1
22-02 09:23:11,1.251,0.250,96.801,0.250,0,5032324,330288,186480,2444232,8930.745,1458.775,0,292.155,0,19.010,1110,1535,1.140,1.810,1.450,0,0,0,0,0,18,279,0,14,1
22-02 09:23:12,1.750,0.500,97.002,0,0,5029496,333116,186480,2444232,5047.104,1512.031,0,36.001,0,5.000,1121,1544,1.050,1.780,1.450,0,0,0,0,0,18,279,0,14,1
22-02 09:23:13,1.750,0.750,96.501,0,0,5026828,335784,186480,2444232,41414.418,1512.015,0,2232.023,0,201.002,1254,1479,1.050,1.780,1.450,0,0,0,0,0,18,279,0,6,1
22-02 09:23:14,1.250,0.500,97.509,0,0,5024488,338120,186480,2444236,11150.060,1080.103,0,0,0,0,1044,1457,1.050,1.780,1.450,0,0,0,0,0,18,279,0,6,1
22-02 09:23:15,1.250,1.000,97.256,0,0,5022444,340164,186480,2444236,10411.641,1458.090,0,856.053,0,169.010,1160,1496,1.050,1.780,1.450,0,0,0,0,0,18,279,0,6,1
22-02 09:23:16,1.499,0.250,95.956,0,0,5018544,344088,186480,2444236,8149.254,1457.330,0,111.949,0,13.994,1321,1888,1.050,1.780,1.450,0,0,0,0,0,18,279,0,6,1
22-02 09:23:17,1.750,1.000,97.027,0.250,0,5016980,345652,186480,2444236,12080.341,1458.403,0,268.074,0,18.005,1211,1657,0.970,1.750,1.440,0,0,0,0,0,18,279,0,4,1
22-02 09:23:18,1.500,0.250,96.254,0,0,5015612,347020,186480,2444236,10386.417,1458.058,0,128.005,0,11.000,1161,1561,0.970,1.750,1.440,0,0,1.000,0,0,18,279,0,4,1
22-02 09:23:19,1.750,0.750,96.986,0,0,5007772,354860,186480,2444236,5478.194,1457.786,0,0,0,0,1102,1536,0.970,1.750,1.440,0,0,0,0,0,18,279,0,4,1
22-02 09:23:20,1.751,0.500,97.030,0,0,5007772,354860,186480,2444236,7082.195,1458.452,0,56.017,0,3.001,1063,1500,0.970,1.750,1.440,0,0,0,0,0,18,279,0,4,1
22-02 09:23:21,1.243,0.497,96.445,0,0,5007772,354860,186480,2444236,11230.336,1449.653,0,0,0,0,1035,1393,0.970,1.750,1.440,0,0,0,0,0,18,279,0,4,1
22-02 09:23:22,2.515,1.257,95.054,0.251,0,5007724,354860,186480,2444284,8021.763,1466.549,0,370.158,0,37.217,1573,2216,0.890,1.720,1.430,0,0,0,0,0,18,279,0,4,1
22-02 09:23:23,2.000,0.500,96.233,0.500,0,5007720,354860,186484,2444284,8691.434,1457.737,3.999,207.963,1.000,20.996,1285,1887,0.890,1.720,1.430,0,0,0,0,0,18,279,0,4,1
22-02 09:23:24,1.500,0.750,97.255,0,0,5007720,354860,186484,2444284,7020.381,1512.082,0,0,0,0,1093,1514,0.890,1.720,1.430,0,0,0,0,0,18,279,0,4,1
22-02 09:23:25,1.249,0.500,97.190,0,0,5007720,354860,186484,2444284,10536.494,1457.100,0,255.842,0,15.990,1053,1490,0.890,1.720,1.430,0,0,0,0,0,18,279,0,4,1
22-02 09:23:26,1.501,0.751,96.325,0,0,5007720,354860,186484,2444284,7138.568,1567.222,0,100.078,0,16.012,1266,1796,0.890,1.720,1.430,0,0,0,0,0,18,279,0,4,1
22-02 09:23:27,1.500,1.000,96.739,0,0,5007712,354860,186484,2444292,7883.108,1457.835,0,331.962,0,19.998,1225,1905,0.820,1.690,1.420,0,0,0,0,0,18,279,0,4,1
22-02 09:23:28,1.491,0.497,95.933,0.497,0,5007712,354860,186484,2444292,4877.159,1449.429,0,1872.924,0,23.859,1116,1565,0.820,1.690,1.420,0,0,0.994,0,0,18,279,0,4,1
22-02 09:23:29,1.509,0.754,97.574,0,0,5007712,354860,186484,2444292,8602.584,1466.624,0,0,0,0,1078,1473,0.820,1.690,1.420,0,0,0,0,0,18,279,0,4,1
22-02 09:23:30,2.249,0.750,96.465,0,0,5007708,354860,186484,2444296,8001.114,1457.474,0,0,0,0,1177,1521,0.820,1.690,1.420,0,0,0,0,0,18,279,0,4,1
22-02 09:23:31,0.999,0.749,97.115,0,0,5007708,354860,186484,2444296,9995.084,1455.973,0,0,0,0,1092,1469,0.820,1.690,1.420,0,0,0,0,0,18,279,0,4,1
22-02 09:23:32,2.498,0.999,95.187,0,0,5007708,354860,186484,2444296,8173.551,1457.029,0,315.789,0,31.979,1419,2072,0.750,1.670,1.420,0,0,0,0,0,18,279,0,4,1
22-02 09:23:33,1.504,2.255,94.229,0.752,0,5007940,354608,186488,2444308,8739.202,1461.546,4.010,61769.860,1.002,178.433,1578,2164,0.750,1.670,1.420,0,0,0,0,0,18,279,0,4,1
22-02 09:23:34,1.499,0.500,96.709,0,0,5007940,354608,186488,2444308,8332.452,1511.356,0,35.985,0,4.998,1085,1508,0.750,1.670,1.420,0,0,0,0,0,18,279,0,4,1
22-02 09:23:35,1.251,0.500,97.042,0.250,0,5007940,354608,186488,2444308,5736.483,1500.649,0,804.348,0,176.076,1058,1394,0.750,1.670,1.420,0,0,0,0,0,18,279,0,4,1
22-02 09:23:36,2.500,0.750,95.494,0,0,5007932,354608,186488,2444316,8166.455,1457.903,0,183.988,0,23.998,1304,1870,0.750,1.670,1.420,0,0,0,0,0,18,279,0,4,1
22-02 09:23:37,11.500,3.000,83.249,1.750,0,5023160,338984,186492,2444708,6759.932,1121.989,391.996,375.996,29.000,23.000,1967,2184,0.770,1.660,1.410,1,0,5.000,0,0,18,279,0,4,1
22-02 09:23:38,11.999,4.500,70.996,10.749,0,5021336,336212,186904,2447008,7211.610,1403.924,2695.854,407.978,523.972,13.999,2624,3071,0.770,1.660,1.410,1,0,1.000,0,0,18,279,0,4,1
22-02 09:23:39,15.963,3.741,78.816,0,0,5021256,335960,186904,2447344,17732.666,9690.412,35.916,0,4.988,0,2982,3558,0.770,1.660,1.410,2,0,0,0,0,18,282,0,4,1
22-02 09:23:40,24.817,3.259,69.938,0,0,5014848,342332,186904,2447380,8361.468,2332.267,32.086,778.091,2.005,22.059,2849,2446,0.770,1.660,1.410,1,0,5.013,0,0,18,283,0,5,1
22-02 09:23:41,16.492,2.249,80.209,0.250,0,5023380,333764,186904,2447416,22718.354,11213.252,15.992,47.975,0.999,2.998,2636,2362,0.770,1.660,1.410,2,0,0,0,0,18,286,0,5,1
22-02 09:23:42,23.726,3.746,70.927,0.250,0,5025624,331500,186904,2447436,12356.307,2257.681,15.984,319.672,0.999,35.963,2763,2614,0.870,1.660,1.420,3,0,4.995,0,0,18,287,0,6,1
22-02 09:23:43,14.517,2.253,81.347,0,0,5032832,323968,186904,2447760,50911.595,12020.306,0,184.219,0,16.019,2702,2611,0.870,1.660,1.420,1,0,0,0,0,18,287,0,7,1
22-02 09:23:44,17.505,4.251,77.274,0,0,5029516,327276,186904,2447768,19694.044,8753.687,0,172.053,0,12.004,2371,2214,0.870,1.660,1.420,4,0,5.002,0,0,18,288,0,7,1
22-02 09:23:45,20.995,5.499,71.984,0.250,0,5031536,325040,186904,2447984,9949.834,4634.991,0,255.944,0,23.995,3623,4247,0.870,1.660,1.420,2,0,4.999,0,0,18,288,0,8,1
22-02 09:23:46,14.744,3.998,78.967,0.750,0,5033488,323024,186904,2448048,15928.363,11182.340,0,271.887,0,31.987,3710,4398,0.870,1.660,1.420,2,0,5.998,0,0,18,287,0,9,1
22-02 09:23:47,19.996,3.749,73.734,0,0,5053216,303144,186904,2448200,16847.245,9533.875,0,187.958,0,21.995,3028,2799,0.800,1.630,1.410,1,0,0,0,0,18,289,0,9,1
22-02 09:23:48,43.706,5.463,49.666,0.248,0,5043460,312884,186904,2448220,9632.153,3913.652,0,1533.675,0,121.184,3987,2987,0.800,1.630,1.410,4,0,20.860,0,0,18,281,0,10,1
22-02 09:23:49,69.429,9.307,22.388,0,0,4808360,548132,186904,2448220,8905.003,1467.061,0,249.541,0,11.068,4430,2702,0.800,1.630,1.410,5,0,7.044,0,0,18,273,0,10,1
22-02 09:23:50,89.087,10.038,0,0,0,4914376,441992,186904,2448408,6763.567,1463.532,0,1031.901,0,61.231,5249,3090,0.800,1.630,1.410,5,0,9.034,0,0,18,273,0,10,1
22-02 09:23:51,90.415,8.992,0.500,0,0,4994640,360908,186904,2449224,5605.721,1456.628,0,375.646,0,19.981,7285,7994,0.800,1.630,1.410,4,0,5.994,0,0,18,273,0,15,1
22-02 09:23:52,51.420,7.988,39.938,0,0,5031992,321744,186904,2451036,8704.381,1455.722,0,311.513,0,32.948,8282,12306,0.980,1.660,1.420,1,0,0,0,0,18,279,0,20,1
22-02 09:23:53,1.750,0.500,96.230,0.250,0,5031992,321744,186904,2451036,8357.230,1457.691,0,231.951,0,20.996,1293,1890,0.980,1.660,1.420,1,0,0,0,0,18,279,0,19,1
22-02 09:23:54,1.250,0.750,96.485,0,0,5031988,321744,186904,2451040,8836.623,1605.750,0,107.983,0,7.999,1181,1587,0.980,1.660,1.420,0,0,2.000,0,0,18,279,0,19,1
22-02 09:23:55,2.001,0.500,96.533,0.250,0,5031988,321744,186904,2451040,8795.018,1512.519,0,524.180,0,20.007,1113,1549,0.980,1.660,1.420,0,0,0,0,0,18,279,0,19,1
22-02 09:23:56,2.000,1.000,95.247,0.500,0,5027908,325816,186904,2451048,8723.686,1457.947,0,9095.672,0,1085.961,1974,2113,0.980,1.660,1.420,0,0,0,0,0,18,279,0,19,1
22-02 09:23:57,2.250,0.500,96.253,0.250,0,5023808,329916,186904,2451048,6869.245,1512.054,0,484.017,0,37.001,1239,1693,0.900,1.630,1.410,0,0,0,0,0,18,279,0,19,1
22-02 09:23:58,1.500,0.750,96.483,0,0,5017188,336536,186904,2451048,5010.108,1457.741,0,55.990,0,7.999,1093,1504,0.900,1.630,1.410,0,0,1.000,0,0,18,279,0,19,1
22-02 09:23:59,1.250,0.250,97.262,0,0.250,5014920,338800,186904,2451052,4765.565,1350.160,0,0,0,0,995,1409,0.900,1.630,1.410,0,0,0,0,0,18,279,0,19,1
22-02 09:24:00,2.000,0.500,96.747,0.250,0.250,5012616,341104,186904,2451052,8024.747,1133.964,0,31.999,0,3.000,1150,1552,0.900,1.630,1.410,0,0,0,0,0,18,279,0,19,1
22-02 09:24:01,2.249,1.749,94.716,0,0,5011288,342432,186904,2451052,7987.112,1025.629,0,0,0,0,1292,1527,0.900,1.630,1.410,0,0,5.998,0,0,18,279,0,19,1
22-02 09:24:02,1.250,1.000,96.748,0,0,5009924,343792,186904,2451056,8164.802,1457.965,0,63.998,0,6.000,1156,1542,0.910,1.620,1.410,0,0,0,0,0,18,279,0,19,1
22-02 09:24:03,1.250,1.000,97.024,0,0,5009092,344624,186904,2451056,5333.312,1512.372,0,48.012,0,6.001,1054,1477,0.910,1.620,1.410,0,0,0,0,0,18,279,0,19,1
22-02 09:24:04,1.250,0.750,97.000,0,0,5008844,344872,186904,2451056,9093.025,1458.004,0,4.000,0,1.000,1052,1456,0.910,1.620,1.410,0,0,0,0,0,18,279,0,19,1
22-02 09:24:05,10.502,5.251,82.270,0,0,5008816,344900,186904,2451056,10347.455,1512.359,0,0,0,0,3019,8068,0.910,1.620,1.410,0,0,36.009,0,0,18,279,0,20,1
22-02 09:24:06,1.998,0.500,95.674,0,0,5007428,346288,186904,2451056,6646.711,1187.055,0,103.917,0,16.986,1275,1814,0.910,1.620,1.410,0,0,0,0,0,18,279,0,19,1
22-02 09:24:07,2.001,0.750,96.294,0.250,0,5005096,348616,186904,2451060,4987.303,1296.599,0,252.116,0,23.011,1348,2011,0.830,1.590,1.400,1,0,0,0,0,18,279,0,19,1
22-02 09:24:08,2.000,1.000,95.765,0,0,5003876,349836,186904,2451060,9993.548,1458.226,0,88.014,0,13.002,1446,2038,0.830,1.590,1.400,0,0,1.000,0,0,18,279,0,19,1
22-02 09:24:09,1.750,0.750,97.004,0,0,5004128,349584,186904,2451060,6453.277,1512.065,0,200.009,0,41.002,1063,1463,0.830,1.590,1.400,0,0,0,0,0,18,279,0,19,1
22-02 09:24:10,31.995,11.248,51.742,3.250,0,4931012,422304,186916,2451440,8567.687,1695.740,379.942,363.944,29.995,20.997,4037,2966,0.830,1.590,1.400,3,0,70.989,0,0,18,275,0,21,1
22-02 09:24:11,26.496,4.499,67.989,0.250,0,4646076,707264,186916,2451512,4698.268,1777.723,71.989,91.986,4.999,3.999,2451,1964,0.830,1.590,1.400,1,0,6.999,0,0,18,275,0,21,1
22-02 09:24:12,22.258,4.001,72.275,0.250,0,4722800,630404,186916,2451648,8666.055,1638.578,136.048,0,16.006,0,2213,1725,0.850,1.580,1.400,2,0,2.001,0,0,18,275,0,21,1
22-02 09:24:13,25.241,4.748,68.974,0.250,0,4756296,595876,186916,2452700,35050.826,1619.391,191.928,0,14.994,0,4010,4999,0.850,1.580,1.400,2,0,14.994,0,0,18,279,0,23,1
22-02 09:24:14,22.210,4.991,70.872,0,0,4810396,541768,186916,2452708,16133.798,1455.366,3.993,0,0.998,0,2264,1683,0.850,1.580,1.400,2,0,5.989,0,0,18,279,0,23,1
22-02 09:24:15,24.477,2.747,72.431,0,0,4833972,518008,186916,2452892,8402.018,1456.616,0,15.985,0,3.996,2117,1655,0.850,1.580,1.400,2,0,0,0,0,18,279,0,23,1
22-02 09:24:16,5.517,1.003,91.775,0.251,0,4840016,511960,186916,2452896,6910.687,1602.798,0,208.625,0,16.048,1430,1912,0.850,1.580,1.400,0,0,1.003,0,0,18,279,0,23,1
22-02 09:24:17,1.250,0.750,96.228,0.250,0,4840012,511960,186916,2452900,5967.623,1457.664,0,4714.912,0,608.859,1394,1638,0.780,1.550,1.390,0,0,0,0,0,18,279,0,23,1
22-02 09:24:18,2.500,1.000,95.733,0.250,0,4840012,511960,186916,2452900,8634.450,1457.738,0,143.974,0,21.996,1351,1914,0.780,1.550,1.390,0,0,1.000,0,0,18,279,0,23,1
22-02 09:24:19,1.751,0.750,96.798,0,0,4840012,511960,186916,2452900,8241.051,1458.717,0,1612.793,0,16.008,1078,1544,0.780,1.550,1.390,0,0,0,0,0,18,279,0,23,1
22-02 09:24:20,1.750,0.750,96.745,0,0,4840008,511960,186916,2452904,10107.451,1547.916,0,39.998,0,5.000,1167,1536,0.780,1.550,1.390,0,0,0,0,0,18,279,0,23,1
22-02 09:24:21,1.250,0.750,97.259,0,0,4840008,511960,186916,2452904,6990.623,1620.144,0,0,0,0,1011,1440,0.780,1.550,1.390,1,0,0,0,0,18,279,0,23,1
22-02 09:24:22,2.499,1.000,94.705,0.250,0,4839964,511960,186916,2452948,5032.611,1457.308,0,115.945,0,13.993,1348,1931,0.720,1.530,1.380,0,0,0,0,0,18,279,0,23,1
22-02 09:24:23,1.751,1.501,96.042,0.500,0,4839964,511960,186916,2452948,8127.591,1458.645,0,324.143,0,29.013,1348,1951,0.720,1.530,1.380,0,0,0,0,0,18,279,0,23,1
22-02 09:24:24,1.250,0.500,96.976,0,0,4839960,511960,186916,2452952,6735.299,1597.596,0,79.980,0,3.999,1091,1530,0.720,1.530,1.380,0,0,0,0,0,18,279,0,23,1
22-02 09:24:25,1.500,0.750,96.767,0,0,4839960,511960,186916,2452952,7539.346,1458.260,0,96.017,0,6.001,1060,1502,0.720,1.530,1.380,0,0,0,0,0,18,279,0,23,1
22-02 09:24:26,2.750,0.750,95.494,0.250,0,4839948,511960,186916,2452964,7995.456,1025.930,0,183.987,0,24.998,1368,1920,0.720,1.530,1.380,0,0,0,0,0,18,279,0,23,1
22-02 09:24:27,1.750,1.000,95.762,0.250,0,4839948,511960,186916,2452964,7655.959,1458.183,0,1912.240,0,88.011,1288,1884,0.660,1.500,1.370,0,0,0,0,0,18,279,0,23,1
22-02 09:24:28,1.500,0.750,96.470,0,0,4839948,511960,186916,2452964,9910.921,1565.514,0,111.965,0,16.995,1154,1566,0.660,1.500,1.370,0,0,1.000,0,0,18,279,0,23,1
22-02 09:24:29,1.500,0.500,97.266,0,0,4839948,511960,186916,2452964,8017.325,1512.250,0,0,0,0,1001,1414,0.660,1.500,1.370,0,0,0,0,0,18,279,0,23,1
22-02 09:24:30,1.250,1.000,96.753,0,0,4839948,511960,186916,2452964,7889.239,1548.047,0,12.000,0,1.000,1067,1465,0.660,1.500,1.370,0,0,0,0,0,18,279,0,23,1
22-02 09:24:31,1.000,0.500,96.974,0,0,4839948,511960,186916,2452964,8329.737,1457.604,0,0,0,0,1036,1455,0.660,1.500,1.370,0,0,0,0,0,18,279,0,23,1
22-02 09:24:32,2.249,0.750,95.726,0.250,0,4839944,511960,186916,2452968,5642.585,1025.743,0,151.962,0,17.995,1376,1905,0.610,1.480,1.370,0,0,0,0,0,18,279,0,23,1
22-02 09:24:33,2.001,0.500,96.778,0,0,4839940,511960,186916,2452972,8281.436,1458.429,0,224.066,0,17.005,1154,1582,0.610,1.480,1.370,0,0,0,0,0,18,279,0,23,1
22-02 09:24:34,1.000,0.750,97.531,0.250,0,4839940,511960,186916,2452972,6511.078,1458.466,0,36.011,0,5.002,1020,1460,0.610,1.480,1.370,0,0,0,0,0,18,279,0,23,1
22-02 09:24:35,1.250,0.500,97.228,0,0,4839940,511960,186916,2452972,9725.809,1541.653,0,7.998,0,1.000,1072,1472,0.610,1.480,1.370,0,0,0,0,0,18,279,0,23,1
22-02 09:24:36,1.750,1.250,95.997,0.250,0,4839940,511960,186916,2452972,7021.789,1607.952,0,143.996,0,20.999,1303,1927,0.610,1.480,1.370,0,0,0,0,0,18,279,0,23,1
22-02 09:24:37,2.501,0.500,95.775,0,0,4839936,511960,186916,2452976,5707.513,1512.401,0,276.073,0,26.007,1352,1963,0.640,1.470,1.360,0,0,0,0,0,18,279,0,23,1
22-02 09:24:38,1.750,0.750,95.728,0.500,0,4839936,511960,186916,2452976,6644.456,1457.661,0,771.821,0,159.963,1349,1838,0.640,1.470,1.360,0,0,1.000,0,0,18,279,0,23,1
22-02 09:24:39,1.500,0.500,97.238,0,0,4839932,511960,186916,2452980,8757.891,1457.815,0,0,0,0,1077,1440,0.640,1.470,1.360,0,0,0,0,0,18,279,0,23,1
22-02 09:24:40,1.000,1.000,96.275,0.250,0,4839932,511960,186916,2452980,6426.658,1278.330,0,292.075,0,23.006,1184,1611,0.640,1.470,1.360,0,0,0,0,0,18,279,0,23,1
22-02 09:24:41,6.496,14.242,77.208,0,0,4844376,507504,186916,2452992,7550.903,1111.397,0,231.874,0,41.977,4151,3219,0.640,1.470,1.360,1,0,194.894,0,0,18,279,0,23,1
22-02 09:24:42,15.505,12.504,70.271,0,0,4877096,474780,186916,2453000,5190.574,1512.459,0,104.032,0,9.003,3742,2807,0.670,1.460,1.360,3,0,116.035,0,0,18,279,0,23,1
22-02 09:24:43,19.755,2.751,76.269,0,0,4921744,430128,186916,2453004,31773.719,3783.919,0,0,0,0,2079,1721,0.670,1.460,1.360,0,0,0,0,0,18,280,0,21,1
22-02 09:24:44,19.979,2.997,76.419,0.250,0,4916804,434972,186916,2453100,32226.749,8890.551,63.932,447.524,2.997,51.945,3218,3573,0.670,1.460,1.360,1,0,0,0,0,18,280,0,23,1
22-02 09:24:45,24.535,5.508,67.097,0.501,0,4916508,434984,186916,2453384,5636.136,1568.264,256.370,372.538,16.023,52.075,4951,6107,0.670,1.460,1.360,1,0,1.001,0,0,18,280,0,23,1
22-02 09:24:46,47.877,8.727,41.892,0.499,0,4936928,414184,186920,2453760,6079.322,2655.152,159.588,462.806,7.979,57.851,4979,5285,0.670,1.460,1.360,3,0,24.936,0,0,18,279,0,24,1
22-02 09:24:47,35.585,8.520,54.380,0,0,4998776,352220,186928,2453868,32787.183,25803.530,0,64.153,0,2.005,4734,5019,0.850,1.490,1.370,1,0,6.014,0,0,18,281,0,28,1
22-02 09:24:48,32.492,13.247,53.237,0.500,0,4964720,385956,186928,2454188,22144.712,14971.425,271.935,2095.500,16.996,345.917,5475,4992,0.850,1.490,1.370,3,0,132.968,0,0,18,279,0,34,1
22-02 09:24:49,10.499,19.747,67.740,0.250,0,4972384,378260,186928,2454220,8301.826,1241.824,0,423.940,0,31.995,5485,4247,0.850,1.490,1.370,2,0,253.964,0,0,18,279,0,34,1
22-02 09:24:50,12.003,10.253,75.271,0,0,4972192,378424,186928,2454248,20186.534,2894.794,0,32.009,0,6.002,3382,2580,0.850,1.490,1.370,2,0,86.024,0,0,18,279,0,36,1
22-02 09:24:51,22.759,4.502,70.277,1.250,0,5010512,340016,186932,2454332,8977.427,1458.557,76.029,3373.288,4.002,166.063,2619,2625,0.850,1.490,1.370,2,0,2.001,0,0,18,279,0,31,1
22-02 09:24:52,23.746,3.999,71.487,0.250,0,5046392,304128,186936,2454336,6487.840,1457.739,0,275.951,0,21.996,2506,2353,0.870,1.480,1.370,1,0,0,0,0,18,279,0,31,1
22-02 09:24:53,24.746,2.000,71.240,0.500,0,5079548,265964,187152,2458556,5588.189,1457.788,387.944,923.866,47.993,28.996,2518,2381,0.870,1.480,1.370,1,0,0,0,0,18,279,0,31,1
22-02 09:24:54,22.948,4.240,72.085,0,0,5080008,265412,187152,2458648,8503.550,1548.458,0,7.982,0,1.995,2199,1684,0.870,1.480,1.370,2,0,2.993,0,0,18,279,0,31,1
22-02 09:24:55,25.808,4.510,67.400,1.002,0,5078772,266440,187152,2458856,7290.249,1407.136,0,1775.958,0,116.259,5341,6752,0.870,1.480,1.370,3,0,0,0,0,18,280,0,23,1
22-02 09:24:56,25.243,4.749,67.732,0.750,0,5079624,265432,187152,2459016,4589.784,1133.700,0,715.810,0,85.977,5277,6673,0.870,1.480,1.370,1,0,1.000,0,0,18,284,0,24,1
22-02 09:24:57,23.759,2.751,69.528,1.501,0,5088332,255856,187152,2459876,9220.670,1512.602,944.376,1028.409,61.024,91.036,3802,4373,0.880,1.470,1.370,1,0,0,0,0,18,285,0,24,1
22-02 09:24:58,26.736,3.248,67.466,1.749,0,5090624,253084,187152,2460352,8025.943,1511.236,143.927,4225.864,8.995,306.845,4538,5709,0.880,1.470,1.370,0,0,1.999,0,0,18,288,0,26,1
22-02 09:24:59,4.499,1.000,93.229,0,0,5091096,252608,187152,2460356,9188.888,1457.665,0,7.998,0,1.000,1388,1681,0.880,1.470,1.370,1,0,0,0,0,18,290,0,26,1
22-02 09:25:00,23.752,4.750,67.754,1.500,0,5091176,252104,187152,2460780,7494.480,1458.093,80.005,2508.161,5.000,238.015,5572,7705,0.880,1.470,1.370,1,0,0,0,0,18,291,0,28,1
22-02 09:25:01,30.932,17.711,46.647,2.744,0,5096792,246128,187168,2461028,7925.523,1454.792,95.789,4789.439,7.982,523.845,8358,10106,0.880,1.470,1.370,3,1,222.509,0,0,18,291,0,28,1
22-02 09:25:02,27.072,11.531,57.904,1.504,0.251,5098156,244488,187172,2461244,9770.003,1461.891,4.011,3653.724,1.003,460.225,7220,8781,0.890,1.460,1.360,1,0,120.320,0,0,18,291,0,29,1
22-02 09:25:03,22.743,4.499,68.727,1.500,0,5098060,244488,187172,2461340,6675.806,1241.592,15.995,2595.147,1.000,235.922,4984,6583,0.890,1.460,1.360,0,0,0,0,0,18,290,0,30,1
22-02 09:25:04,6.250,1.000,91.246,0.750,0,5098036,244488,187172,2461364,5270.783,809.967,0,1295.947,0,74.997,1726,2306,0.890,1.460,1.360,1,0,0,0,0,18,292,0,30,1
22-02 09:25:05,33.603,9.278,53.664,1.254,0.251,5123660,218796,187172,2461432,8975.463,1462.475,0,2190.703,0,214.657,6615,15643,0.890,1.460,1.360,1,0,36.110,0,0,18,291,0,31,1
22-02 09:25:06,26.663,6.479,61.299,3.738,0,5122012,220216,187172,2461660,6872.516,1453.246,15.948,7686.852,0.997,595.053,6708,9789,0.890,1.460,1.360,1,0,0,0,0,18,291,0,31,1
22-02 09:25:07,24.177,3.988,67.046,1.246,0,5118636,223500,187172,2461752,8833.166,1453.584,0,2101.616,0,152.537,5371,6837,0.900,1.450,1.360,1,0,0,0,0,18,291,0,31,1
22-02 09:25:08,23.584,5.520,68.244,0.753,0,5116064,226020,187172,2461804,7928.328,1517.422,0,1003.586,0,119.427,5163,6487,0.900,1.450,1.360,1,0,1.004,0,0,18,291,0,31,1
22-02 09:25:09,10.251,2.250,84.505,1.500,0,5113652,228392,187172,2461844,5256.328,1458.091,0,2004.125,0,173.011,2944,4047,0.900,1.450,1.360,0,0,0,0,0,18,290,0,32,1
22-02 09:25:10,18.996,2.999,74.735,0.750,0,5112048,229936,187172,2461904,9837.058,1565.691,0,999.803,0,140.972,4406,5984,0.900,1.450,1.360,1,0,0,0,0,18,291,0,32,1
22-02 09:25:11,25.985,4.497,65.462,1.749,0,5110132,231780,187172,2461976,7155.850,1457.155,0,2002.838,0,216.874,5509,7241,0.900,1.450,1.360,3,0,0,0,0,18,291,0,30,1
22-02 09:25:12,24.766,4.003,67.794,0.750,0,5108900,232852,187172,2462136,8355.433,1512.984,0,1881.223,0,151.098,5542,7027,0.980,1.460,1.370,1,0,0,0,0,18,291,0,31,1
22-02 09:25:13,23.503,4.751,68.509,0.750,0,5107628,233936,187172,2462324,27399.422,1458.182,0,1448.181,0,93.012,5142,6318,0.980,1.460,1.370,1,0,2.000,0,0,18,292,0,31,1
22-02 09:25:14,24.475,6.244,64.435,2.248,0,5103468,237876,187172,2462544,24793.008,1456.532,0,9810.111,0,960.032,6214,7523,0.980,1.460,1.370,2,0,0,0,0,18,292,0,31,1
22-02 09:25:15,25.738,4.748,64.720,1.999,0,5101732,239528,187172,2462628,7203.688,1597.266,0,2730.744,0,284.869,6213,8403,0.980,1.460,1.370,2,0,0,0,0,18,291,0,29,1
22-02 09:25:16,24.528,5.506,68.078,0.751,0,5101180,239856,187172,2462852,5009.757,1459.678,0,2326.674,0,235.270,5232,6447,0.980,1.460,1.370,3,0,0,0,0,18,291,0,30,1
22-02 09:25:17,23.753,5.001,68.758,0.750,0,5101788,239196,187176,2462916,4845.578,1458.174,0,1248.149,0,97.012,5380,6951,0.990,1.460,1.360,1,0,1.000,0,0,18,292,0,30,1
22-02 09:25:18,4.250,0.750,93.249,0.250,0,5102284,238692,187176,2462924,8818.914,1565.985,0,315.997,0,20.000,1822,2293,0.990,1.460,1.360,1,0,3.000,0,0,18,294,0,30,1
22-02 09:25:19,22.414,4.981,68.735,1.494,0,5102228,238692,187176,2462980,6956.194,1452.403,0,1430.488,0,164.367,5493,7100,0.990,1.460,1.360,5,0,0,0,0,18,294,0,30,1
22-02 09:25:20,25.353,6.276,63.759,2.008,0,5092884,247808,187176,2463208,8748.598,1463.957,0,4582.647,0,643.619,6683,9082,0.990,1.460,1.360,0,1,0,0,0,18,294,0,30,1
22-02 09:25:21,24.734,4.497,66.957,1.249,0,5085728,254892,187176,2463280,8943.240,1499.034,0,1762.865,0,184.881,5265,6860,0.990,1.460,1.360,1,0,0,0,0,18,294,0,31,1
22-02 09:25:22,25.259,5.252,66.523,1.000,0,5086092,254416,187176,2463392,8650.930,1458.494,0,1452.492,0,139.047,5509,7148,0.990,1.450,1.360,1,0,0,0,0,18,294,0,31,1
22-02 09:25:23,24.507,8.002,61.018,3.001,0,5087432,252760,187176,2463712,7791.283,1458.427,112.033,7198.109,6.002,462.135,6196,8144,0.990,1.450,1.360,4,0,39.011,0,0,18,294,0,31,1
22-02 09:25:24,6.997,4.498,86.216,1.000,0,5089112,250808,187176,2463964,5446.828,1511.397,239.904,1355.459,13.994,105.958,2610,3607,0.990,1.450,1.360,1,0,47.981,0,0,18,293,0,31,1
22-02 09:25:25,19.976,3.496,73.163,1.498,0,5091412,248316,187176,2464156,5404.540,1456.259,99.881,1198.567,5.993,151.819,4185,5398,0.990,1.450,1.360,2,0,0,0,0,18,294,0,32,1
22-02 09:25:26,3.756,1.252,93.157,0.501,0,5091628,248092,187176,2464164,9077.319,1568.647,0,400.676,0,46.078,1716,2349,0.990,1.450,1.360,0,0,0,0,0,18,293,0,32,1
22-02 09:25:27,20.241,3.748,72.968,1.000,0,5091984,247516,187176,2464380,8540.313,1457.371,0,5753.516,0,176.924,4609,5726,0.990,1.440,1.360,0,0,0,0,0,18,293,0,35,1
22-02 09:25:28,6.244,0.749,91.409,0.500,0,5091968,247516,187176,2464396,9632.428,1456.553,0,351.651,0,22.977,1713,2158,0.990,1.440,1.360,6,0,0.999,0,0,18,294,0,35,1
22-02 09:25:29,24.269,5.504,66.053,1.751,0,5092332,247012,187176,2464532,4942.961,1459.169,0,1925.543,0,229.184,6298,8822,0.990,1.440,1.360,3,0,0,0,0,18,294,0,35,1
22-02 09:25:30,24.745,5.749,63.738,2.749,0,5092488,246760,187176,2464628,9139.300,1025.809,0,3839.286,0,392.927,6479,9216,0.990,1.440,1.360,0,1,0,0,0,18,294,0,36,1
22-02 09:25:31,25.515,5.503,64.537,2.501,0,5092764,246256,187176,2464856,6667.834,1512.870,0,6199.564,0,451.259,6543,9280,0.990,1.440,1.360,1,0,0,0,0,18,294,0,36,1
22-02 09:25:32,25.067,4.512,67.681,0.501,0,5093724,245248,187176,2464920,4744.686,1461.909,0,922.466,0,96.257,5547,7041,0.990,1.430,1.360,1,0,0,0,0,18,294,0,36,1
22-02 09:25:33,20.696,4.239,71.563,1.496,0,5094288,244492,187176,2465112,9744.578,1454.206,0,1803.296,0,172.550,5087,6742,0.990,1.430,1.360,0,0,0,0,0,18,293,0,36,1
22-02 09:25:34,5.500,0.500,92.000,0.250,0,5094528,244240,187176,2465124,6543.033,1350.007,0,576.003,0,35.000,1583,1986,0.990,1.430,1.360,2,0,0,0,0,18,294,0,36,1
22-02 09:25:35,23.476,5.245,67.432,1.498,0,5094520,244164,187176,2465208,4461.525,1024.972,0,5854.128,0,743.254,5904,7369,0.990,1.430,1.360,2,0,0,0,0,18,295,0,37,1
22-02 09:25:36,26.971,5.494,61.684,2.747,0,5094432,244164,187176,2465296,7809.703,1132.797,0,3991.759,0,411.563,7005,10161,0.990,1.430,1.360,5,0,0,0,0,18,294,0,38,1
22-02 09:25:37,23.789,5.760,65.358,2.254,0,5094196,244164,187176,2465532,8573.173,1502.484,0,2836.690,0,285.472,6186,8460,0.990,1.430,1.350,1,0,0,0,0,18,294,0,38,1
22-02 09:25:38,25.509,4.502,67.274,1.000,0,5095372,242904,187176,2465616,8889.140,1512.534,0,1292.457,0,130.046,5792,7291,0.990,1.430,1.350,1,0,1.000,0,0,18,294,0,38,1
22-02 09:25:39,23.737,5.747,65.463,2.249,0.250,5096280,241896,187176,2465716,8494.175,1457.172,31.982,6000.591,0.999,367.791,5884,7872,0.990,1.430,1.350,1,0,0,0,0,18,294,0,38,1
22-02 09:25:40,23.757,5.252,68.271,0.750,0,5096304,241644,187180,2465940,5719.722,1458.439,0,1068.322,0,138.042,5553,7195,0.990,1.430,1.350,3,0,0,0,0,18,294,0,38,1
22-02 09:25:41,25.747,5.749,63.742,2.750,0,5096228,241644,187180,2466016,9095.812,1511.802,0,3475.546,0,367.952,6506,9005,0.990,1.430,1.350,1,0,0,0,0,18,294,0,39,1
22-02 09:25:42,25.238,4.748,65.219,1.249,0,5096000,241644,187180,2466244,7286.508,1511.276,0,2146.971,0,237.886,6232,8381,1.070,1.440,1.360,3,0,0,0,0,18,294,0,39,1
22-02 09:25:43,24.489,4.498,68.218,1.000,0,5096928,240636,187184,2466320,26895.506,1133.473,0,1371.363,0,114.947,5377,6841,1.070,1.440,1.360,1,0,0,0,0,18,293,0,40,2
22-02 09:25:44,23.029,4.255,69.088,1.001,0,5097616,239880,187184,2466388,22655.953,1297.658,0,2290.928,0,102.131,5144,6134,1.070,1.440,1.360,1,0,0,0,0,18,294,0,40,1
22-02 09:25:45,23.503,4.751,67.509,1.250,0,5097648,239628,187184,2466608,8631.204,1458.203,0,1752.244,0,186.026,5705,7489,1.070,1.440,1.360,1,0,0,0,0,18,294,0,40,1
22-02 09:25:46,27.995,5.999,60.239,3.249,0,5098060,239124,187184,2466700,9128.341,1511.725,0,7262.680,0,558.898,7022,9988,1.070,1.440,1.360,2,0,1.000,0,0,18,294,0,42,1
22-02 09:25:47,27.164,6.978,61.056,1.994,0.249,5098184,238872,187184,2466828,6773.476,1184.237,0,3122.079,0,321.977,6828,9477,1.070,1.430,1.360,2,0,0,0,0,18,293,0,42,1
22-02 09:25:48,29.330,7.019,61.166,0.752,0,5101408,235348,187184,2467128,5736.589,1341.646,0,1119.041,0,95.259,6225,8373,1.070,1.430,1.360,2,0,2.005,0,0,18,294,0,30,1
22-02 09:25:49,28.258,3.751,63.769,0.750,0,5102332,234340,187184,2467212,9361.737,1458.426,0,1140.333,0,110.032,5759,7201,1.070,1.430,1.360,5,0,0,0,0,18,295,0,32,1
22-02 09:25:50,9.751,2.250,85.259,1.250,0,5097996,238600,187184,2467288,8381.892,1458.155,48.005,6308.671,2.000,776.083,3338,4001,1.070,1.430,1.360,0,0,0,0,0,18,293,0,32,1
22-02 09:25:51,18.757,3.251,75.277,1.250,0,5098520,237872,187184,2467492,11391.085,1512.542,0,1764.633,0,191.069,4143,5284,1.070,1.430,1.360,1,0,0,0,0,18,293,0,32,1
22-02 09:25:52,2.750,0.750,94.496,0.500,0,5098504,237872,187184,2467508,6680.743,1511.942,0,707.973,0,58.998,1735,2587,0.980,1.400,1.350,1,0,0,0,0,18,294,0,30,1
22-02 09:25:53,23.742,3.999,67.478,1.250,0,5098892,237396,187184,2467596,8136.377,1511.513,0,1775.428,0,198.936,5284,6874,0.980,1.400,1.350,2,0,0,0,0,18,294,0,30,1
22-02 09:25:54,24.988,5.997,63.221,3.498,0,5098836,237396,187184,2467652,7360.566,1605.251,0,7164.657,0,514.760,6057,8410,0.980,1.400,1.350,1,0,0,0,0,18,294,0,30,1
22-02 09:25:55,25.264,4.503,65.787,2.001,0,5098872,237144,187184,2467868,5361.018,1458.821,0,2045.151,0,244.137,5859,7936,0.980,1.400,1.350,1,0,0,0,0,18,294,0,32,1
22-02 09:25:56,25.005,3.751,68.264,1.000,0,5099052,236892,187184,2467940,4840.981,1458.295,0,964.195,0,95.019,5079,6388,0.980,1.400,1.350,1,0,0,0,0,18,294,0,31,1
22-02 09:25:57,23.443,4.738,68.083,0.249,0,5099996,235884,187184,2468004,8413.418,1454.442,0,1472.398,0,89.780,5229,6427,1.060,1.410,1.350,2,0,0,0,0,18,294,0,31,1
22-02 09:25:58,18.525,4.005,74.101,1.252,0,5101072,234628,187184,2468184,8848.066,1514.065,0,1498.043,0,152.208,4594,5871,1.060,1.410,1.350,0,0,1.001,0,0,18,293,0,31,1
22-02 09:25:59,7.505,1.501,89.054,0.750,0,5101052,234628,187184,2468204,8510.175,1080.657,0,756.460,0,70.043,2070,2593,1.060,1.410,1.350,1,0,0,0,0,18,294,0,31,1
22-02 09:26:00,24.006,4.751,68.017,1.000,0,5101200,234376,187184,2468308,8266.062,1404.350,16.004,1468.366,1.000,152.038,5642,7239,1.060,1.410,1.350,3,0,0,0,0,18,294,0,27,1
22-02 09:26:01,26.496,6.999,60.491,2.750,0,5103232,232108,187184,2468540,8682.710,1457.783,0,3251.517,0,383.943,6906,9519,1.060,1.410,1.350,1,0,5.999,0,0,18,294,0,27,1
22-02 09:26:02,25.006,6.002,64.266,3.001,0,5103408,231856,187184,2468616,6609.666,1188.299,0,7809.968,0,543.137,6473,9116,1.060,1.410,1.350,1,0,0,0,0,18,294,0,27,1
22-02 09:26:03,23.994,4.499,68.732,0.500,0,5103600,231604,187184,2468676,4537.807,1079.716,0,891.765,0,92.976,5153,6492,1.060,1.410,1.350,1,0,0,0,0,18,294,0,27,1
22-02 09:26:04,24.217,4.993,68.408,0.999,0,5103760,230848,187184,2469272,4885.400,1240.324,0,918.759,0,85.884,5441,6840,1.060,1.410,1.350,1,0,0,0,0,18,294,0,28,1
22-02 09:26:05,6.002,1.500,90.278,0.500,0,5103736,230848,187188,2469292,8786.770,1458.460,0,856.270,0,80.025,2146,2941,1.060,1.410,1.350,1,0,2.001,0,0,18,293,0,26,1
22-02 09:26:06,29.940,7.735,58.383,1.248,0,5111568,222792,187188,2469500,6635.709,1562.870,0,1477.041,0,181.636,5927,13086,1.060,1.410,1.350,1,0,33.932,0,0,18,294,0,28,1
22-02 09:26:07,24.085,5.269,66.233,1.505,0,5111496,222792,187188,2469572,8394.535,1517.339,0,1906.709,0,223.787,5589,7539,1.050,1.400,1.350,1,0,0,0,0,18,294,0,28,1
22-02 09:26:08,26.207,5.741,63.146,2.496,0,5111388,222792,187188,2469680,8220.483,1455.607,15.974,3318.543,0.998,342.437,6356,8855,1.050,1.400,1.350,1,0,0.998,0,0,18,294,0,28,1
22-02 09:26:09,24.275,4.254,67.569,1.251,0,5111176,222792,187188,2469892,10984.232,1459.492,0,1637.675,0,156.160,5394,6752,1.050,1.400,1.350,1,0,0,0,0,18,294,0,25,1
22-02 09:26:10,24.714,4.743,69.398,0.499,0,5111108,222792,187188,2469960,6314.735,1455.864,0,1194.248,0,96.858,5273,6660,1.050,1.400,1.350,1,0,0,0,0,18,294,0,25,1
22-02 09:26:11,23.788,6.260,64.102,2.754,0,5105576,228228,187188,2470056,5391.554,1460.317,0,11682.535,0,1179.872,6463,8279,1.050,1.400,1.350,3,1,0,0,0,18,294,0,26,1
22-02 09:26:12,3.000,1.000,94.250,0.500,0.250,5105444,228228,187188,2470188,8193.023,1458.004,0,1376.004,0,92.000,1763,2645,0.970,1.380,1.340,0,0,0,0,0,18,293,0,26,1
22-02 09:26:13,23.236,4.747,68.709,1.249,0,5105356,228228,187188,2470276,23391.092,1457.134,0,1567.068,0,186.889,5415,6979,0.970,1.380,1.340,2,0,1.999,0,0,18,294,0,26,1
22-02 09:26:14,25.023,4.504,66.562,1.752,0,5105300,228228,187188,2470332,25517.745,1459.358,0,2774.582,0,189.176,5312,6791,0.970,1.380,1.340,2,1,0,0,0,18,294,0,26,1
22-02 09:26:15,26.175,5.484,64.316,2.244,0,5105724,227724,187188,2470412,8845.688,1453.840,0,2409.106,0,287.178,5991,8070,0.970,1.380,1.340,5,0,0,0,0,18,294,0,26,1
22-02 09:26:16,25.569,4.763,66.429,1.253,0,5105760,227472,187188,2470628,6662.963,1461.941,0,1724.650,0,168.454,5752,7453,0.970,1.380,1.340,1,0,0,0,0,18,294,0,26,1
22-02 09:26:17,23.752,4.000,68.756,0.750,0,5106196,226968,187188,2470696,8008.722,1404.127,0,1344.121,0,109.010,5048,6164,0.970,1.370,1.340,1,0,0,0,0,18,294,0,26,1
22-02 09:26:18,25.500,5.000,64.749,2.500,0,5107012,225960,187192,2470884,6650.932,1187.988,95.999,6535.933,5.000,459.995,5664,7698,0.970,1.370,1.340,2,0,1.000,0,0,18,294,0,26,1
22-02 09:26:19,25.248,3.500,67.244,1.500,0,5106996,225708,187192,2471152,5347.555,1457.879,0,1387.884,0,159.987,5461,6926,0.970,1.370,1.340,1,0,0,0,0,18,293,0,26,1
22-02 09:26:20,24.499,4.500,67.498,1.000,0.250,5107020,225456,187192,2471380,8276.720,1511.949,0,1123.962,0,130.996,5579,6844,0.970,1.370,1.340,5,0,0,0,0,18,294,0,27,1
22-02 09:26:21,24.484,5.247,65.458,1.499,0,5106948,225456,187192,2471452,7089.397,1499.027,0,2090.643,0,229.851,5556,7300,0.970,1.370,1.340,1,0,0,0,0,18,294,0,28,1
22-02 09:26:22,26.205,6.489,62.143,2.995,0,5106824,225456,187192,2471576,4604.101,1239.873,0,2575.581,0,294.495,6279,8660,0.970,1.360,1.340,1,0,0,0,0,18,294,0,28,1
22-02 09:26:23,24.794,3.757,68.122,0.751,0,5107632,224448,187192,2471776,8544.295,1352.421,0,1474.640,0,128.230,5414,6962,0.970,1.360,1.340,2,0,0,0,0,18,294,0,30,1
22-02 09:26:24,23.574,4.514,68.214,1.003,0,5108564,223440,187192,2471852,6578.610,1462.582,0,1544.840,0,120.377,5377,6850,0.970,1.360,1.340,1,0,0,0,0,18,294,0,31,1
22-02 09:26:25,18.949,4.488,72.805,1.496,0,5108756,223188,187192,2471912,9550.436,1593.734,0,1922.853,0,208.442,4441,6028,0.970,1.360,1.340,0,0,0,0,0,18,293,0,31,1
22-02 09:26:26,9.731,1.747,86.829,0.749,0,5108732,223188,187192,2471936,9736.794,1455.130,0,1137.756,0,91.819,2118,2756,0.970,1.360,1.340,2,0,0,0,0,18,294,0,31,1
22-02 09:26:27,23.550,5.512,65.138,2.255,0,5108860,222936,187192,2472060,5459.533,1461.087,0,5700.041,0,425.900,6117,8688,0.980,1.360,1.340,2,0,0,0,0,18,294,0,32,1
22-02 09:26:28,26.494,5.249,61.985,3.499,0,5109048,222436,187192,2472372,9701.687,1511.640,0,4470.934,0,413.901,6830,9632,0.980,1.360,1.340,1,0,1.000,0,0,18,294,0,32,1
22-02 09:26:29,25.511,4.502,67.028,1.251,0,5109592,221680,187192,2472584,10055.256,1566.663,0,2036.862,0,187.079,5284,6862,0.980,1.360,1.340,2,0,0,0,0,18,294,0,28,1
22-02 09:26:30,23.490,4.998,68.221,1.000,0,5110276,220924,187192,2472656,8598.347,1619.312,0,1323.438,0,114.951,5359,6805,0.980,1.360,1.340,1,0,0,0,0,18,294,0,29,1
22-02 09:26:31,23.802,4.760,68.901,0.501,0,5110216,220924,187192,2472716,8525.746,1461.213,0,789.736,0,76.167,5014,6218,0.980,1.360,1.340,3,0,0,0,0,18,294,0,30,1
22-02 09:26:32,9.446,3.232,83.277,1.740,0,5111464,219496,187192,2472896,8448.043,1449.770,0,7477.552,0,947.621,3975,4926,0.900,1.330,1.330,0,0,0,0,0,18,293,0,31,1
22-02 09:26:33,18.024,3.505,75.850,1.001,0,5111628,219244,187192,2472984,9183.059,1513.988,0,1501.972,0,137.180,3888,4779,0.900,1.330,1.330,2,0,0,0,0,18,294,0,30,1
22-02 09:26:34,9.761,2.002,85.096,1.752,0,5111840,218992,187192,2473024,7055.977,1567.772,0,1697.920,0,191.216,2963,4370,0.900,1.330,1.330,0,0,0,0,0,18,293,0,31,1
22-02 09:26:35,18.775,3.004,75.351,0.751,0,5111744,218992,187192,2473120,6021.110,1459.966,0,1506.028,0,141.190,3800,4630,0.900,1.330,1.330,1,0,0,0,0,18,294,0,32,1
22-02 09:26:36,25.504,6.001,62.011,3.251,0,5111552,218992,187192,2473312,8663.514,1554.272,0,8069.410,0,569.099,6832,9711,0.900,1.330,1.330,3,0,0,0,0,18,294,0,32,1
22-02 09:26:37,25.469,5.493,64.171,2.747,0.250,5112204,218236,187192,2473416,8551.455,1294.404,0,2381.064,0,297.633,6626,9267,0.910,1.330,1.330,1,0,0,0,0,18,294,0,30,1
22-02 09:26:38,25.847,4.266,66.248,1.506,0,5112632,217732,187192,2473492,7620.579,1029.862,0,1838.896,0,191.719,5706,7541,0.910,1.330,1.330,1,0,1.004,0,0,18,294,0,30,1
22-02 09:26:39,24.181,4.487,68.306,0.748,0,5112948,217228,187192,2473680,8141.867,969.246,0,1304.294,0,117.666,5127,6388,0.910,1.330,1.330,1,0,0,0,0,18,294,0,30,1
22-02 09:26:40,24.069,4.262,68.948,0.501,0,5113636,216472,187192,2473748,9695.891,1083.116,0,826.377,0,69.199,5073,5974,0.910,1.330,1.330,1,0,0,0,0,18,294,0,30,1
22-02 09:26:41,24.434,5.236,66.320,1.745,0,5113564,216472,187192,2473820,6179.233,1184.785,0,2070.382,0,248.326,6280,8733,0.910,1.330,1.330,1,0,0,0,0,18,294,0,30,1
22-02 09:26:42,27.323,6.267,61.164,3.760,0,5113820,215996,187192,2474040,5122.749,1461.924,0,10740.827,0,1012.718,7182,9885,0.910,1.320,1.330,2,0,0,0,0,18,294,0,30,1
22-02 09:26:43,25.007,4.001,67.268,1.250,0.250,5114112,215492,187192,2474252,18297.784,1458.381,0,1892.495,0,168.044,5782,7405,0.910,1.320,1.330,1,0,0,0,0,18,294,0,31,1
22-02 09:26:44,24.178,3.988,68.547,0.499,0,5114556,214988,187192,2474312,31051.954,1453.691,0,1104.725,0,89.734,5230,6359,0.910,1.320,1.330,1,0,0,0,0,18,294,0,32,1
22-02 09:26:45,14.002,2.500,81.761,0.500,0,5115468,213980,187192,2474408,7363.016,594.082,60.008,1848.255,3.000,45.006,3304,4014,0.910,1.320,1.330,2,0,0,0,0,18,294,0,32,1
22-02 09:26:46,14.424,2.984,79.330,0.995,0,5115420,213980,187192,2474456,9856.770,1450.315,0,950.961,0,104.447,3815,4881,0.910,1.320,1.330,1,0,0,0,0,18,294,0,29,1
22-02 09:26:47,24.874,5.025,66.581,1.256,0,5115368,213980,187192,2474508,7427.946,1465.288,0,1543.678,0,167.835,5394,6847,0.920,1.320,1.320,2,0,0,0,0,18,294,0,29,1
22-02 09:26:48,26.532,5.006,63.326,2.002,0,5115388,213728,187192,2474740,8679.394,1663.993,0,2370.839,0,267.320,6469,9029,0.920,1.320,1.320,1,0,2.002,0,0,18,294,0,30,1
22-02 09:26:49,28.202,5.241,63.392,1.248,0,5116512,212468,187192,2474876,9195.294,1455.514,0,1661.163,0,167.714,6085,8052,0.920,1.320,1.320,2,0,0,0,0,18,294,0,30,1
22-02 09:26:50,28.266,7.504,61.784,0.500,0,5120056,208688,187192,2475132,6551.649,1458.813,0,1028.573,0,93.052,6651,8788,0.920,1.320,1.320,2,0,1.001,0,0,18,294,0,25,1
22-02 09:26:51,28.001,5.750,61.001,2.750,0,5120204,208436,187192,2475236,5300.111,1458.030,0,6088.127,0,434.009,6237,8099,0.920,1.320,1.320,3,0,0,0,0,18,294,0,27,1
22-02 09:26:52,24.281,5.257,66.335,1.752,0,5120120,208436,187192,2475320,9814.579,1027.317,0,2154.762,0,244.313,6328,8710,0.930,1.310,1.320,2,0,0,0,0,18,295,0,28,1
22-02 09:26:53,24.963,5.492,65.402,1.747,0,5120420,207932,187192,2475524,8167.802,1024.470,0,2072.904,0,249.627,6117,8381,0.930,1.310,1.320,1,0,0,0,0,18,294,0,28,1
22-02 09:26:54,24.755,4.501,66.265,1.750,0,5120592,207680,187192,2475604,8707.932,1552.344,0,2268.503,0,255.057,6008,8074,0.930,1.310,1.320,1,0,0,0,0,18,294,0,28,1
22-02 09:26:55,23.714,5.492,68.396,1.248,0,5121152,206924,187192,2475800,6524.077,1078.360,0,1357.935,0,114.825,5259,6444,0.930,1.310,1.320,1,0,0,0,0,18,294,0,28,1
22-02 09:26:56,24.248,4.250,67.994,0.750,0,5121828,206168,187192,2475880,8299.307,1457.878,0,1235.897,0,118.990,5440,6918,0.930,1.310,1.320,2,0,0,0,0,18,294,0,28,1
22-02 09:26:57,24.287,4.257,69.106,0.751,0,5122260,205664,187192,2475952,8662.265,1460.236,0,1041.595,0,94.144,5112,6286,0.850,1.290,1.310,1,0,0,0,0,18,294,0,28,1
22-02 09:26:58,25.004,5.751,63.260,3.000,0,5122260,205412,187192,2476204,6848.029,1080.162,32.005,6308.948,1.000,508.076,6005,8095,0.850,1.290,1.310,0,0,1.000,0,0,18,293,0,30,1
22-02 09:26:59,2.500,1.000,95.747,0,0,5122256,205412,187192,2476208,11112.638,1025.967,0,947.969,0,30.999,1403,2051,0.850,1.290,1.310,1,0,0,0,0,18,294,0,30,1
22-02 09:27:00,20.744,3.749,71.730,1.999,0,5122616,204908,187192,2476352,8291.656,1403.603,0,1775.498,0,217.938,4526,6041,0.850,1.290,1.310,0,0,0,0,0,18,293,0,31,1
22-02 09:27:01,8.253,3.001,87.533,0.250,0,5123112,204404,187192,2476364,6122.322,1566.594,0,672.255,0,53.020,2095,2448,0.850,1.290,1.310,1,0,6.002,0,0,18,294,0,32,1
22-02 09:27:02,23.809,4.511,66.414,2.506,0,5122204,205088,187192,2476588,10487.963,1461.618,0,7875.496,0,1055.613,6665,8584,0.860,1.290,1.310,4,0,0,0,0,18,293,1,32,1
22-02 09:27:03,23.940,5.237,66.084,1.995,0,5122136,205088,187192,2476656,6923.594,1508.208,0,1987.005,0,224.436,5907,7991,0.860,1.290,1.310,1,0,0,0,0,18,294,0,32,1
22-02 09:27:04,26.253,6.001,61.507,3.250,0,5122304,204836,187192,2476748,8795.974,1458.161,0,8496.940,0,615.068,6787,9821,0.860,1.290,1.310,1,0,0,0,0,18,294,0,32,1
22-02 09:27:05,26.941,4.989,63.861,2.245,0,5122096,204836,187192,2476956,6778.272,1454.839,0,2630.285,0,279.393,6234,8490,0.860,1.290,1.310,4,0,0,0,0,18,294,0,32,1
22-02 09:27:06,33.568,9.519,53.358,1.253,0,5126224,200592,187192,2477056,5019.112,1460.944,0,1643.311,0,179.361,6829,16822,0.860,1.290,1.310,2,0,36.073,0,0,18,294,0,33,1
22-02 09:27:07,24.496,4.499,67.739,0.750,0,5126152,200592,187192,2477128,10275.372,1511.760,0,1135.820,0,100.984,5231,6373,0.880,1.280,1.310,1,0,0,0,0,18,294,0,33,1
22-02 09:27:08,24.977,4.746,68.187,0.999,0,5126228,200340,187192,2477304,8156.453,1510.602,0,1294.802,0,129.880,5127,6394,0.880,1.280,1.310,1,0,0.999,0,0,18,294,0,35,1
22-02 09:27:09,8.025,1.756,87.023,1.003,0,5126416,200100,187192,2477340,5588.535,1462.589,0,1677.263,0,162.510,2821,4014,0.880,1.280,1.310,0,0,0,0,0,18,293,0,36,1
22-02 09:27:10,20.755,3.001,73.269,1.500,0.250,5126360,200100,187192,2477396,8293.099,1458.369,0,1708.432,0,195.049,4791,6276,0.880,1.280,1.310,1,0,0,0,0,18,294,0,36,1
22-02 09:27:11,23.180,5.234,67.048,1.246,0,5126552,199848,187192,2477456,7016.909,1453.631,0,2053.827,0,209.371,5670,7558,0.880,1.280,1.310,1,0,0,0,0,18,294,0,36,1
22-02 09:27:12,28.518,6.754,57.786,4.253,0,5126328,199848,187192,2477680,8635.453,1458.921,0,7752.895,0,636.402,7512,10592,0.810,1.260,1.300,2,0,0,0,0,18,294,0,36,1
22-02 09:27:13,24.551,4.760,67.640,1.253,0,5126212,199848,187192,2477796,18475.250,1515.137,32.066,2449.070,1.002,169.351,5379,6766,0.810,1.260,1.300,1,0,2.004,0,0,18,294,0,36,1
22-02 09:27:14,23.418,3.986,68.511,0.747,0,5126900,199092,187192,2477864,30110.002,1452.933,0,908.831,0,73.743,5232,6364,0.810,1.260,1.300,1,0,0,0,0,18,294,0,35,1
22-02 09:27:15,25.024,5.255,66.563,1.001,0,5126944,198840,187192,2478072,8840.318,1513.424,0,1625.529,0,189.178,5396,6819,0.810,1.260,1.300,2,0,0,0,0,18,294,0,37,1
22-02 09:27:16,3.748,1.249,92.702,0.999,0,5126932,198840,187192,2478084,8004.869,1511.220,0,2030.952,0,83.957,1892,2826,0.810,1.260,1.300,0,0,0,0,0,18,293,0,38,1
22-02 09:27:17,24.270,4.504,68.056,1.501,0,5127088,198588,187192,2478180,8320.884,1459.207,0,1629.348,0,187.155,5434,6870,0.820,1.250,1.300,2,0,0,0,0,18,294,0,38,1
22-02 09:27:18,25.262,4.752,66.281,1.251,0,5127156,198336,187192,2478364,8142.799,1512.706,0,1936.904,0,194.091,5355,7033,0.820,1.250,1.300,2,0,1.000,0,0,18,294,0,37,1
22-02 09:27:19,27.212,5.992,61.912,2.996,0,5127060,198336,187192,2478460,8486.993,1509.864,0,3183.496,0,390.448,6651,9200,0.820,1.250,1.300,1,0,0,0,0,18,294,0,38,1
22-02 09:27:20,24.273,5.255,67.813,0.751,0,5127740,197580,187192,2478536,6335.884,1513.405,0,1705.584,0,131.122,5375,6746,0.820,1.250,1.300,2,0,0,0,0,18,294,0,39,1
22-02 09:27:21,23.256,4.501,68.267,1.250,0,5127848,197328,187192,2478680,5235.305,1500.374,0,1560.389,0,131.033,5496,7130,0.820,1.250,1.300,2,0,0,0,0,18,294,0,41,1
22-02 09:27:22,25.249,6.250,62.748,3.000,0.250,5128168,196824,187192,2478864,4501.887,1457.963,16.000,8127.795,1.000,585.985,6383,9005,1.080,1.300,1.320,0,0,0,0,0,18,293,0,41,1
22-02 09:27:23,4.249,1.250,92.725,0.500,0,5125604,199376,187192,2478876,10616.181,1457.613,0,5818.455,0,740.803,1919,2100,1.080,1.300,1.320,1,0,0,0,0,18,294,0,41,1
22-02 09:27:24,24.749,4.250,67.497,1.500,0,5125468,199376,187192,2479012,8292.660,1457.940,31.999,1415.942,1.000,170.993,5469,7097,1.080,1.300,1.320,1,0,0,0,0,18,294,0,43,1
22-02 09:27:25,26.253,5.251,65.758,1.500,0,5125664,199124,187192,2479072,8617.073,1458.182,0,1908.238,0,210.026,5600,7366,1.080,1.300,1.320,5,0,0,0,0,18,294,0,44,1
22-02 09:27:26,25.285,5.508,64.088,2.503,0,5125720,198900,187192,2479240,7958.904,1460.000,0,2819.863,0,328.450,6773,9474,1.080,1.300,1.320,1,0,0,0,0,18,294,0,40,1
22-02 09:27:27,23.971,5.244,68.168,0.999,0,5126660,197640,187192,2479560,8805.395,1510.181,0,1418.292,0,106.871,5221,6425,1.070,1.300,1.310,2,0,0,0,0,18,294,0,40,1
22-02 09:27:28,23.238,4.498,68.713,0.250,0,5128096,196132,187192,2479632,6630.477,1457.226,0,1419.246,0,108.942,5249,6574,1.070,1.300,1.310,3,0,0.999,0,0,18,295,0,40,1
22-02 09:27:29,22.248,4.500,70.244,1.500,0,5127972,196132,187192,2479756,6848.384,1511.864,0,1975.822,0,218.980,4683,6049,1.070,1.300,1.310,0,0,0,0,0,18,293,0,43,1
22-02 09:27:30,6.755,1.751,87.564,2.252,0,5128212,195880,187192,2479768,5017.640,1513.098,0,5756.176,0,315.229,2207,3301,1.070,1.300,1.310,1,0,0,0,0,18,294,0,43,1
22-02 09:27:31,24.250,5.000,67.749,1.250,0,5128012,195880,187192,2479968,8638.831,1457.971,0,1859.964,0,190.996,5704,7433,1.070,1.300,1.310,1,0,0,0,0,18,294,0,42,1
22-02 09:27:32,26.002,6.000,62.754,2.750,0,5127892,195880,187192,2480088,6668.460,1458.100,0,3564.246,0,396.027,7061,10265,1.140,1.310,1.320,3,0,0,0,0,18,294,0,43,1
22-02 09:27:33,25.242,3.999,67.229,1.250,0,5128080,195628,187192,2480152,8072.460,1349.575,0,1723.458,0,165.948,5304,6700,1.140,1.310,1.320,1,0,0,0,0,18,294,0,43,1
22-02 09:27:34,24.500,4.250,68.249,1.000,0,5128632,194872,187192,2480356,8880.849,1133.981,0,1275.978,0,109.998,5370,6940,1.140,1.310,1.320,1,0,0,0,0,18,294,0,43,1
22-02 09:27:35,24.249,4.000,68.498,0.500,0,5129056,194368,187192,2480436,8921.710,1553.949,0,951.969,0,76.997,5084,6011,1.140,1.310,1.320,1,0,0,0,0,18,294,0,41,1
22-02 09:27:36,24.008,6.002,65.771,1.751,0,5129248,194116,187192,2480496,6616.090,1512.478,0,1992.629,0,249.079,6155,8550,1.140,1.310,1.320,3,0,0,0,0,18,294,0,41,1
22-02 09:27:37,25.800,5.010,64.376,2.505,0,5129024,194116,187192,2480720,7158.976,1460.852,0,2581.039,0,293.573,6424,8951,1.290,1.340,1.330,2,0,0,0,0,18,294,0,42,1
22-02 09:27:38,25.196,4.740,65.609,1.497,0,5128948,194116,187192,2480796,8741.262,1454.881,0,2099.500,0,210.549,5777,7724,1.290,1.340,1.330,1,0,0.998,0,0,18,294,0,43,1
22-02 09:27:39,24.250,5.250,65.000,2.750,0,5127756,195096,187192,2481008,7355.028,1458.006,0,12496.048,0,1103.004,6525,8435,1.290,1.340,1.330,1,0,0,0,0,18,294,0,43,1
22-02 09:27:40,23.000,4.750,69.251,0.750,0,5128456,194340,187192,2481064,5123.062,1512.018,0,876.011,0,85.001,4776,5769,1.290,1.340,1.330,1,0,0,0,0,18,294,0,43,1
22-02 09:27:41,10.999,3.000,82.989,1.500,0,5128404,194340,187192,2481116,9054.831,1457.812,0,1463.811,0,181.976,3214,4502,1.290,1.340,1.330,0,0,0,0,0,18,293,0,44,1
22-02 09:27:42,17.002,2.750,76.010,1.250,0.250,5128344,194340,187192,2481176,6715.865,1458.188,0,1552.200,0,186.024,4038,5331,1.350,1.350,1.330,1,0,0,0,0,18,294,0,45,1
22-02 09:27:43,23.994,6.499,65.485,2.499,0,5128652,193836,187192,2481372,19125.614,1457.666,0,2003.541,0,228.947,6273,8457,1.350,1.350,1.330,3,0,0,0,0,18,294,0,46,1
22-02 09:27:44,26.034,6.508,62.331,2.754,0,5129108,186024,187196,2488724,32842.680,1568.038,0,3468.507,0,363.472,6266,8679,1.350,1.350,1.330,2,0,2.003,0,0,18,294,0,46,1
22-02 09:27:45,26.722,6.493,62.685,1.498,0.250,5129236,185692,187196,2488928,6264.475,1402.539,0,4171.655,0,538.439,5918,7279,1.350,1.350,1.330,1,0,0,0,0,18,294,0,46,1
22-02 09:27:46,24.003,5.001,67.759,0.750,0,5129396,185440,187196,2489004,9254.161,1080.136,0,1676.210,0,156.020,5544,7144,1.350,1.350,1.330,1,0,0,0,0,18,294,0,47,1
22-02 09:27:47,23.999,4.500,66.997,1.750,0,5130080,184684,187196,2489076,8664.591,1457.931,0,5327.748,0,267.987,5511,7221,1.320,1.340,1.330,2,0,0,0,0,18,294,0,46,1
22-02 09:27:48,23.518,5.254,67.800,1.251,0,5131124,183428,187196,2489288,4915.659,1068.796,16.012,1773.320,1.001,170.127,5153,6584,1.320,1.340,1.330,1,0,1.001,0,0,18,294,0,46,1
22-02 09:27:49,6.745,1.749,89.434,0.999,0,5131100,183428,187196,2489312,8539.703,1456.926,0,1742.715,0,142.895,2360,3460,1.320,1.340,1.330,0,0,0,0,0,18,293,0,48,1
22-02 09:27:50,24.747,4.499,66.992,1.750,0,5131308,182924,187196,2489608,6480.259,1457.833,0,1995.772,0,233.973,5727,7352,1.320,1.340,1.330,2,0,0,0,0,18,294,0,49,1
22-02 09:27:51,28.011,7.253,61.523,1.250,0,5134696,179396,187196,2489748,8855.363,1458.554,0,1900.722,0,169.064,6797,9348,1.320,1.340,1.330,1,0,1.000,0,0,18,294,0,45,1
22-02 09:27:52,30.172,5.985,58.100,2.494,0,5134700,179144,187196,2489996,6513.138,1454.235,0,3064.067,0,311.194,6948,9269,1.540,1.390,1.340,2,1,0.997,0,0,18,294,0,47,1
22-02 09:27:53,25.051,5.511,63.629,2.505,0,5134868,178892,187196,2490080,4981.103,1515.073,0,2982.048,0,334.679,6391,8797,1.540,1.390,1.340,3,1,0,0,0,18,294,0,47,1
22-02 09:27:54,24.750,5.250,64.250,2.750,0,5134920,178640,187196,2490280,8921.009,1174.001,0,6312.006,0,457.000,6142,8445,1.540,1.390,1.340,1,0,0,0,0,18,294,0,48,1
22-02 09:27:55,23.507,5.001,68.770,1.000,0,5135592,177884,187200,2490360,7483.202,1458.429,0,828.244,0,88.026,5121,6354,1.540,1.390,1.340,2,0,0,0,0,18,294,0,47,1
22-02 09:27:56,24.001,4.500,68.002,0.750,0,5136272,177128,187200,2490436,7890.204,1512.039,0,984.025,0,101.003,5275,6811,1.540,1.390,1.340,3,0,0,0,0,18,294,0,47,1
22-02 09:27:57,25.005,4.001,68.014,1.250,0,5136164,176876,187200,2490796,7194.495,1458.303,0,1548.322,0,152.032,5272,6483,1.490,1.380,1.340,1,0,0,0,0,18,294,0,48,1
22-02 09:27:58,23.245,5.999,66.985,1.750,0,5136584,176400,187200,2490852,8544.138,1457.682,0,1939.577,0,219.952,5753,7879,1.490,1.380,1.340,1,0,1.000,0,0,18,294,0,48,1
22-02 09:27:59,23.972,5.743,65.674,2.497,0,5136504,176400,187200,2490932,7514.269,1634.101,0,10759.499,0,323.624,6077,8366,1.490,1.380,1.340,3,0,0,0,0,18,294,0,44,1
22-02 09:28:00,24.257,5.002,67.021,1.000,0,5137040,175644,187200,2491152,4629.423,1026.315,0,2252.692,0,184.057,5993,8007,1.490,1.380,1.340,2,0,0,0,0,18,294,0,44,1
22-02 09:28:01,25.227,5.995,65.941,1.249,0,5138976,173628,187200,2491232,4596.876,755.322,0,1774.408,0,139.875,5807,7612,1.490,1.380,1.340,1,0,5.995,0,0,18,294,0,45,1
22-02 09:28:02,24.783,5.007,64.836,3.004,0,5139020,173376,187200,2491440,8316.089,1081.442,0,7309.747,0,465.621,5922,7749,1.450,1.370,1.340,1,0,0,0,0,18,294,0,45,1
22-02 09:28:03,22.513,6.004,67.039,1.251,0,5139196,173124,187200,2491516,6093.581,1188.699,0,1516.892,0,179.105,5546,7531,1.450,1.370,1.340,3,0,0,0,0,18,294,0,43,1
22-02 09:28:04,26.773,4.754,64.055,2.502,0,5138984,173124,187204,2491724,8915.604,1459.244,0,2454.093,0,317.271,6521,9253,1.450,1.370,1.340,1,0,0,0,0,18,294,0,43,1
22-02 09:28:05,25.221,4.745,66.922,1.249,0,5138916,173124,187204,2491792,8091.629,1456.313,0,1414.362,0,153.822,5310,6711,1.450,1.370,1.340,1,0,0,0,0,18,294,0,44,1
22-02 09:28:06,31.753,7.751,57.506,0.750,0,5168580,143384,187204,2494908,11646.173,1512.152,0,1368.138,0,128.013,6044,10322,1.450,1.370,1.340,2,0,36.004,0,0,18,294,0,44,1
22-02 09:28:07,28.510,4.502,64.273,0.750,0,5154984,156740,187204,2492108,8717.168,1458.530,0,1132.412,0,94.034,5763,9060,1.500,1.380,1.340,2,0,0,0,0,18,294,0,42,1
22-02 09:28:08,23.246,5.749,67.487,1.500,0,5154332,157340,187204,2492160,6231.837,1457.728,0,1871.651,0,194.964,5737,7745,1.500,1.380,1.340,2,0,1.000,0,0,18,294,0,42,1
22-02 09:28:09,26.993,5.498,61.483,3.499,0,5145304,166156,187204,2492400,5538.478,1457.599,0,8469.672,0,659.819,7373,11143,1.500,1.380,1.340,2,0,1.999,0,0,18,294,0,42,1
22-02 09:28:10,25.589,4.516,66.982,1.003,0,5141576,169792,187204,2492492,8842.642,1463.070,0,1493.174,0,152.529,6184,8056,1.500,1.380,1.340,1,0,0,0,0,18,294,0,42,1
22-02 09:28:11,23.897,4.730,67.956,0.498,0,5139912,171256,187204,2492692,8566.916,1451.716,0,1162.966,0,106.539,5418,6951,1.500,1.380,1.340,1,0,0,0,0,18,293,0,43,1
22-02 09:28:12,25.516,4.753,67.043,0.750,0,5138344,172720,187204,2492796,8562.534,1458.943,0,1224.792,0,115.074,5289,6238,1.460,1.380,1.340,2,0,0,0,0,18,294,0,40,1
22-02 09:28:13,23.729,5.245,66.192,1.748,0.250,5137004,174000,187204,2492856,18677.597,1240.910,0,2206.063,0,206.818,6053,8059,1.460,1.380,1.340,1,0,1.998,0,0,18,294,0,40,1
22-02 09:28:14,25.181,4.986,64.822,2.493,0,5135668,175120,187204,2493072,32263.526,1238.603,0,2604.857,0,303.169,6110,8430,1.460,1.380,1.340,1,0,0,0,0,18,294,0,40,1
22-02 09:28:15,24.838,5.018,66.987,1.004,0,5132928,177788,187204,2493144,7453.382,1463.179,0,2111.474,0,199.707,5336,6821,1.460,1.380,1.340,1,0,1.004,0,0,18,294,0,40,1
22-02 09:28:16,24.000,5.250,67.501,1.250,0,5133224,177284,187204,2493352,5306.072,1458.020,0,1796.024,0,154.002,5494,7051,1.460,1.380,1.340,1,0,0,0,0,18,294,0,36,1
22-02 09:28:17,23.001,5.000,69.504,0.750,0,5133168,177284,187204,2493408,8270.471,1458.083,0,1136.065,0,105.006,4790,5823,1.420,1.370,1.340,0,1,0,0,0,18,294,0,36,1
22-02 09:28:18,8.003,3.001,82.536,3.001,0,5133404,176984,187204,2493472,8864.824,1458.629,0,7179.097,0,504.217,3644,5905,1.420,1.370,1.340,0,0,1.000,0,0,18,293,0,38,1
22-02 09:28:19,19.799,3.509,74.182,1.504,0,5133576,176760,187204,2493524,5521.553,1461.588,0,1712.203,0,173.426,4688,6206,1.420,1.370,1.340,1,0,0,0,0,18,294,0,38,1
22-02 09:28:20,26.676,4.737,63.074,1.994,0,5133304,176812,187204,2493744,10366.115,1561.649,0,7263.760,0,450.744,6179,8309,1.420,1.370,1.340,1,0,0,0,0,18,294,0,37,1
22-02 09:28:21,25.750,5.750,63.751,2.250,0,5133208,176812,187204,2493840,9963.090,1554.014,0,2996.027,0,344.003,6467,9042,1.420,1.370,1.340,1,0,0,0,0,18,294,0,37,1
22-02 09:28:22,25.514,4.002,66.786,0.750,0,5133448,176056,187204,2494356,10390.586,1566.842,0,1476.794,0,114.061,5270,6462,1.390,1.360,1.340,1,0,0,0,0,18,294,0,37,1
22-02 09:28:23,25.877,5.723,64.941,1.493,0,5133384,176056,187204,2494420,7924.290,1504.839,0,2221.429,0,188.105,5601,7488,1.390,1.360,1.340,1,1,0,0,0,18,294,0,37,1
22-02 09:28:24,25.057,4.761,67.152,1.503,0,5133304,176056,187204,2494500,5535.526,1503.402,0,1984.491,0,198.449,5431,7042,1.390,1.360,1.340,2,0,0,0,0,18,294,0,33,1
22-02 09:28:25,24.045,4.759,65.623,2.254,0,5133448,175804,187204,2494608,9416.621,1460.733,32.060,7241.551,1.002,446.836,6066,8140,1.390,1.360,1.340,5,0,0,0,0,18,294,0,33,1
22-02 09:28:26,26.002,5.750,64.004,1.750,0,5133364,175804,187204,2494692,8081.546,1620.109,0,2128.144,0,253.017,6010,8059,1.390,1.360,1.340,1,0,0,0,0,18,294,0,33,1
22-02 09:28:27,24.743,3.999,68.731,1.000,0,5133096,175804,187204,2494960,8388.621,1457.587,0,1191.662,0,106.970,5367,6699,1.440,1.370,1.340,1,0,0,0,0,18,294,0,33,1
22-02 09:28:28,18.005,5.501,73.019,1.500,0.250,5133148,175552,187204,2495160,7007.848,1458.385,0,2736.722,0,253.067,4521,6263,1.440,1.370,1.340,0,0,1.000,0,0,18,293,0,31,1
22-02 09:28:29,8.252,1.500,88.276,0.500,0,5133132,175552,187204,2495176,7982.337,1458.427,0,936.274,0,79.023,1979,2569,1.440,1.370,1.340,1,0,0,0,0,18,294,0,32,1
22-02 09:28:30,24.273,5.005,67.064,2.002,0,5133308,175300,187204,2495252,9409.913,1459.382,0,2186.071,0,248.235,5792,7935,1.440,1.370,1.340,1,0,0,0,0,18,294,0,32,1
22-02 09:28:31,24.980,4.996,65.948,0.999,0,5133096,175300,187204,2495464,7078.450,1510.815,0,2486.051,0,192.849,5540,7122,1.440,1.370,1.340,1,0,0,0,0,18,294,0,32,1
22-02 09:28:32,24.567,5.014,67.935,1.253,0,5133008,175300,187208,2495548,5148.018,1461.981,0,1744.751,0,151.412,5731,7667,1.400,1.370,1.340,1,0,0,0,0,18,294,0,28,1
22-02 09:28:33,26.914,5.981,60.806,3.240,0,5133016,175076,187208,2495764,8652.424,1453.368,0,7165.164,0,566.196,6772,9614,1.400,1.370,1.340,2,0,0,0,0,18,294,0,28,1
22-02 09:28:34,24.011,4.252,69.281,1.000,0,5133696,174320,187208,2495840,7676.474,1458.660,0,1852.839,0,124.056,4998,6184,1.400,1.370,1.340,3,0,0,0,0,18,294,0,28,1
22-02 09:28:35,23.486,3.998,68.708,0.500,0,5134108,173844,187208,2495904,9537.122,1565.035,0,4904.977,0,352.783,5362,6613,1.400,1.370,1.340,1,0,0,0,0,18,295,0,29,1
22-02 09:28:36,16.508,4.252,76.538,1.501,0,5134176,173592,187208,2496084,8763.364,1458.726,0,1752.873,0,197.098,4205,5811,1.400,1.370,1.340,0,0,0,0,0,18,293,0,29,1
22-02 09:28:37,11.450,1.742,82.888,0.747,0,5134144,173592,187208,2496116,8489.943,1451.664,0,1083.272,0,96.578,2839,3568,1.370,1.360,1.340,2,0,0,0,0,18,294,0,29,1
22-02 09:28:38,24.536,5.758,65.095,2.253,0,5134064,173592,187208,2496196,9102.342,1460.140,0,2207.235,0,275.404,6390,8859,1.370,1.360,1.340,1,0,1.001,0,0,18,294,0,29,1
22-02 09:28:39,25.560,5.764,64.652,2.255,0,5133840,173592,187208,2496420,5498.957,1461.444,0,2726.424,0,303.716,6234,8574,1.370,1.360,1.340,1,0,0,0,0,18,294,0,29,1
22-02 09:28:40,24.497,3.999,66.991,1.250,0,5133992,173340,187208,2496520,5528.232,1511.790,0,2007.721,0,194.973,5545,7346,1.370,1.360,1.340,1,1,0,0,0,18,294,0,26,1
22-02 09:28:41,25.014,5.003,64.536,2.752,0,5133784,173340,187208,2496728,9785.392,1026.566,0,6979.846,0,476.262,5640,7651,1.370,1.360,1.340,2,0,0,0,0,18,294,0,27,1
22-02 09:28:42,3.995,1.248,93.377,0.749,0,5133764,173340,187208,2496748,7093.655,1024.650,0,922.784,0,79.895,1852,2730,1.260,1.340,1.330,0,0,0,0,0,18,293,0,27,1
22-02 09:28:43,23.527,4.005,68.330,1.502,0,5134168,172836,187208,2496848,13302.497,594.693,0,2374.767,0,235.274,4843,6217,1.260,1.340,1.330,0,0,1.001,0,0,18,293,0,29,1
22-02 09:28:44,6.502,0.750,90.781,0.500,0,5134152,172836,187208,2496864,40460.991,1598.553,0,592.205,0,37.013,2002,2308,1.260,1.340,1.330,1,0,0,0,0,18,294,0,25,1
22-02 09:28:45,25.164,5.730,65.526,1.993,0,5134064,172836,187208,2496952,8750.148,1453.043,0,2045.023,0,235.198,6097,8183,1.260,1.340,1.330,2,0,0,0,0,18,294,0,25,1
22-02 09:28:46,26.273,4.504,64.557,1.752,0,5134108,172584,187208,2497160,7102.237,1459.281,0,2282.004,0,225.198,5561,7296,1.260,1.340,1.330,1,0,0,0,0,18,294,0,25,1
22-02 09:28:47,23.054,5.513,68.161,1.002,0,5134808,171828,187208,2497216,5258.388,1461.443,0,1675.948,0,166.392,4745,6083,1.240,1.330,1.330,0,1,0,0,0,18,294,0,26,1
22-02 09:28:48,7.001,1.500,89.509,1.000,0,5135020,171576,187208,2497256,9018.905,1392.140,0,1492.150,0,118.012,2319,3253,1.240,1.330,1.330,0,0,1.000,0,0,18,293,0,25,1
22-02 09:28:49,21.919,3.985,71.485,1.245,0,5134844,171576,187208,2497432,8345.098,1076.015,0,1757.492,0,163.395,4614,5857,1.240,1.330,1.330,1,0,0,0,0,18,294,0,26,1
22-02 09:28:50,29.097,6.271,59.447,2.257,0.251,5134700,171576,187208,2497576,5945.747,975.239,0,2905.650,0,314.043,6986,9972,1.240,1.330,1.330,4,0,0,0,0,18,294,0,26,1
22-02 09:28:51,28.755,8.002,58.011,2.000,0,5137288,168808,187208,2497756,8257.566,1188.225,0,6177.172,0,409.078,7126,10210,1.240,1.330,1.330,1,0,1.000,0,0,18,294,0,29,1
22-02 09:28:52,28.500,5.250,63.249,0.750,0.250,5137332,168556,187208,2497964,7242.880,1457.976,0,1271.979,0,118.998,5875,7201,1.300,1.340,1.330,1,0,0,0,0,18,294,0,25,1
22-02 09:28:53,24.702,6.737,64.623,1.747,0,5137520,168304,187208,2498028,8907.542,1509.042,0,1808.456,0,199.609,5570,7087,1.300,1.340,1.330,3,0,0,0,0,18,292,0,26,1
22-02 09:28:54,5.510,1.002,92.425,0.751,0,5137500,168304,187208,2498048,6862.020,1554.950,0,905.719,0,66.125,1777,2586,1.300,1.340,1.330,0,0,0,0,0,18,293,0,26,1
22-02 09:28:55,20.205,3.742,72.339,1.247,0,5137280,168304,187208,2498268,6494.534,1239.240,0,1656.311,0,190.575,4328,5705,1.300,1.340,1.330,0,0,0,0,0,18,293,0,29,1
22-02 09:28:56,6.768,1.504,90.497,0.501,0,5137520,168052,187208,2498280,9636.265,1082.952,0,4893.338,0,302.825,1955,2269,1.300,1.340,1.330,1,0,0,0,0,18,294,0,29,1
22-02 09:28:57,23.987,4.248,67.963,1.499,0,5137692,167800,187208,2498360,6874.256,1241.324,0,1866.983,0,214.883,5677,7648,1.270,1.340,1.330,1,0,0,0,0,18,294,0,28,1
22-02 09:28:58,26.258,5.752,64.521,1.500,0,5137744,167548,187208,2498560,5427.745,1512.486,0,2140.688,0,218.070,5818,7725,1.270,1.340,1.330,1,0,2.001,0,0,18,294,0,28,1
22-02 09:28:59,24.500,5.750,65.249,2.250,0,5137672,167548,187208,2498632,9019.919,1295.988,0,2343.979,0,258.998,5749,7789,1.270,1.340,1.330,5,0,0,0,0,18,294,0,28,1
22-02 09:29:00,24.754,6.501,62.761,3.751,0,5137576,167548,187208,2498724,6327.112,1188.209,0,7565.330,0,569.100,6884,9906,1.270,1.340,1.330,2,0,0,0,0,18,294,0,28,1
22-02 09:29:01,23.249,4.500,68.746,0.250,0,5138268,166540,187208,2499040,9671.452,1457.917,0,819.954,0,69.996,4891,5887,1.270,1.340,1.330,5,0,2.000,0,0,18,294,0,27,1
22-02 09:29:02,24.752,6.001,66.507,1.000,0,5139960,164780,187208,2499108,7448.748,1458.146,0,1408.141,0,98.010,5424,6634,1.250,1.330,1.330,1,0,4.000,0,0,18,294,0,27,1
22-02 09:29:03,24.399,4.481,68.217,0.498,0,5140148,164528,187208,2499172,5021.141,1451.968,0,900.260,0,78.673,5117,6402,1.250,1.330,1.330,2,0,0,0,0,18,294,0,27,1
22-02 09:29:04,12.046,2.760,83.064,1.506,0,5140052,164528,187208,2499268,9045.190,1517.737,0,1630.162,0,181.687,3293,4748,1.250,1.330,1.330,0,0,0,0,0,18,293,0,28,1
22-02 09:29:05,15.754,3.001,78.771,0.750,0,5139984,164528,187208,2499336,6366.716,1312.354,0,1200.324,0,121.033,3173,3911,1.250,1.330,1.330,3,0,0,0,0,18,294,0,27,1
22-02 09:29:06,7.499,1.000,87.989,1.250,0,5139952,164528,187208,2499368,8324.924,1295.833,0,1207.844,0,134.983,2586,3671,1.250,1.330,1.330,0,0,0,0,0,18,293,0,29,1
22-02 09:29:07,32.007,8.252,56.511,1.250,0,5161740,142616,187208,2499460,10528.142,1512.308,0,1680.342,0,185.038,6124,15853,1.230,1.330,1.330,1,1,36.007,0,0,18,294,0,30,1
22-02 09:29:08,23.702,5.489,67.114,1.497,0,5159256,145048,187208,2499512,9609.592,1455.061,0,2011.937,0,204.587,5574,7173,1.230,1.330,1.330,1,0,0.998,0,0,18,294,0,31,1
22-02 09:29:09,28.802,6.011,59.107,3.506,0,5156468,147680,187208,2499668,7124.945,1352.457,0,7165.018,0,593.078,7035,10052,1.230,1.330,1.330,1,0,0,0,0,18,294,0,28,1
22-02 09:29:10,24.911,5.231,64.271,1.993,0,5154256,149660,187208,2499900,4956.318,1129.969,0,2766.132,0,308.898,6844,9579,1.230,1.330,1.330,1,0,0,0,0,18,294,0,28,1
22-02 09:29:11,24.844,4.768,68.510,0.753,0,5152900,150816,187208,2500100,6951.347,1463.547,0,4561.288,0,390.480,5945,6926,1.230,1.330,1.330,1,0,0,0,0,18,294,0,29,1
22-02 09:29:12,24.744,4.249,67.482,0.750,0,5152124,151532,187208,2500160,8196.860,1511.605,0,1179.692,0,105.972,4956,5838,1.210,1.320,1.320,2,0,0,0,0,18,294,0,29,1
22-02 09:29:13,25.248,4.750,67.994,0.500,0,5150920,152544,187208,2500352,25700.772,1457.874,0,1115.903,0,98.991,5318,6531,1.210,1.320,1.320,1,0,2.000,0,0,18,295,0,28,1
22-02 09:29:14,16.252,4.250,76.008,2.250,0,5149668,153728,187208,2500420,26540.842,1512.162,0,3028.324,0,214.023,4089,5583,1.210,1.320,1.320,0,0,0,0,0,18,293,0,29,1
22-02 09:29:15,11.253,1.250,84.522,0.250,0,5148624,154740,187208,2500452,8844.275,1458.375,0,1004.258,0,91.023,2526,2974,1.210,1.320,1.320,1,0,0,0,0,18,294,0,29,1
22-02 09:29:16,14.244,3.249,79.467,1.999,0,5148560,154740,187208,2500516,8323.513,1457.390,0,1591.333,0,182.923,3656,5004,1.210,1.320,1.320,1,0,0,0,0,18,293,0,30,1
22-02 09:29:17,14.941,2.490,79.685,0.747,0,5148500,154740,187208,2500576,8143.783,1452.255,0,1191.287,0,137.456,3497,4445,1.200,1.310,1.320,1,0,0,0,0,18,294,0,30,1
22-02 09:29:18,25.096,6.274,63.743,3.262,0,5148276,154740,187208,2500800,5304.224,1517.787,0,6809.965,0,494.887,6609,9501,1.200,1.310,1.320,2,0,1.004,0,0,18,294,0,30,1
22-02 09:29:19,25.011,5.753,63.779,2.501,0,5148184,154740,187208,2500892,10380.756,1458.668,0,2741.256,0,315.144,6415,9033,1.200,1.310,1.320,2,0,0,0,0,18,294,0,30,1
22-02 09:29:20,26.748,5.000,64.245,2.000,0,5148100,154740,187208,2500976,7791.411,1457.890,0,2159.837,0,250.981,6303,8449,1.200,1.310,1.320,1,0,0,0,0,18,294,0,31,1
22-02 09:29:21,24.738,4.498,66.967,1.000,0,5147892,154740,187212,2501180,7066.528,1553.237,0,1759.136,0,162.920,5413,6892,1.200,1.310,1.320,0,0,0,0,0,18,294,0,29,1
22-02 09:29:22,25.950,5.739,64.626,1.747,0,5148276,154236,187212,2501300,10103.663,1509.112,0,2068.042,0,241.538,5531,6881,1.180,1.310,1.320,3,0,0,0,0,18,294,0,31,1
22-02 09:29:23,4.762,1.253,90.986,1.003,0.251,5148260,154236,187212,2501316,8126.073,1461.791,0,1427.702,0,117.304,1989,2988,1.180,1.310,1.320,0,0,0,0,0,18,293,0,31,1
22-02 09:29:24,22.422,4.734,70.257,1.246,0,5148192,154236,187212,2501384,9117.414,1494.821,0,1686.159,0,150.479,4679,5706,1.180,1.310,1.320,2,0,0,0,0,18,295,0,31,1
22-02 09:29:25,27.051,5.510,62.618,1.753,0,5148232,153984,187212,2501596,6857.956,1460.760,0,2761.217,0,312.591,6110,8187,1.180,1.310,1.320,1,0,0,0,0,18,294,0,30,1
22-02 09:29:26,26.715,5.742,62.667,2.746,0,5149144,153004,187212,2501664,4015.694,1024.646,0,10985.485,0,760.994,6158,7491,1.180,1.310,1.320,1,0,0,0,0,18,294,0,30,1
22-02 09:29:27,19.531,4.006,73.116,1.502,0,5149080,153004,187212,2501728,8717.820,1406.229,0,1979.137,0,205.325,4476,5938,1.250,1.320,1.320,0,0,0,0,0,18,293,0,31,1
22-02 09:29:28,8.736,1.747,87.108,0.749,0,5149052,153004,187212,2501756,6667.129,1455.626,0,994.379,0,88.855,2168,2758,1.250,1.320,1.320,3,0,0.998,0,0,18,294,0,31,1
22-02 09:29:29,23.813,5.264,66.676,1.755,0,5148820,153004,187212,2501988,5366.134,1515.993,0,2807.395,0,239.631,5818,8006,1.250,1.320,1.320,5,0,0,0,0,18,294,0,29,1
22-02 09:29:30,25.753,4.000,66.507,1.500,0,5148980,152752,187212,2502080,10142.137,1458.163,0,2036.228,0,195.022,5615,7234,1.250,1.320,1.320,1,0,0,0,0,18,294,0,29,1
22-02 09:29:31,24.249,4.750,65.747,1.750,0,5149020,152500,187212,2502292,4656.800,1457.937,0,2111.909,0,234.990,5595,7348,1.250,1.320,1.320,0,0,0,0,0,18,293,0,31,1
22-02 09:29:32,4.009,1.253,93.719,0.752,0,5149016,152500,187212,2502296,13003.391,1515.542,0,1567.664,0,84.197,1925,2679,1.150,1.300,1.320,1,0,0,0,0,18,294,0,31,1
22-02 09:29:33,19.202,4.489,69.078,3.990,0,5149176,152248,187212,2502396,6248.472,1454.386,0,8283.415,0,596.518,5124,7548,1.150,1.300,1.320,0,0,0,0,0,18,293,0,35,1
22-02 09:29:34,9.476,1.247,86.283,0.499,0,5149152,152248,187212,2502420,6301.166,1508.210,0,690.265,0,70.822,2259,2645,1.150,1.300,1.320,1,0,0,0,0,18,294,0,35,1
22-02 09:29:35,24.476,5.744,65.686,1.499,0,5149316,151996,187212,2502508,8698.515,1510.527,0,1710.332,0,199.805,5799,7642,1.150,1.300,1.320,1,0,0,0,0,18,294,0,35,1
22-02 09:29:36,26.096,5.019,65.994,1.506,0,5149108,151996,187212,2502716,8426.122,1517.605,0,1577.828,0,167.619,5309,6624,1.150,1.300,1.320,1,0,0,0,0,18,294,0,35,1
22-02 09:29:37,24.709,4.992,67.639,1.248,0,5149036,151992,187212,2502792,8268.397,1455.605,0,1389.714,0,134.778,5879,7501,1.130,1.290,1.310,3,0,0,0,0,18,295,0,35,1
22-02 09:29:38,25.265,5.003,63.787,1.751,0,5149328,151488,187212,2503004,7062.151,1458.857,0,2433.430,0,268.158,6134,8585,1.130,1.290,1.310,2,0,1.001,0,0,18,294,0,32,1
22-02 09:29:39,24.251,5.000,67.504,1.250,0.250,5150008,150732,187212,2503080,8639.455,1458.077,0,1748.092,0,159.008,5557,7080,1.130,1.290,1.310,1,0,0,0,0,18,295,0,33,1
22-02 09:29:40,17.501,4.000,74.256,1.750,0,5149916,150732,187212,2503172,6950.581,1458.122,0,2748.230,0,240.020,4265,5813,1.130,1.290,1.310,0,0,0,0,0,18,293,0,34,1
22-02 09:29:41,9.259,1.752,87.080,1.001,0,5149888,150732,187212,2503200,5570.136,1459.346,0,1441.329,0,117.108,2331,3078,1.130,1.290,1.310,3,0,0,0,0,18,294,0,34,1
22-02 09:29:42,24.247,5.749,63.992,2.750,0,5149944,150480,187212,2503396,5661.251,1457.807,0,7503.007,0,533.929,6308,8875,1.120,1.290,1.310,2,0,0,0,0,18,294,0,33,1
22-02 09:29:43,25.245,4.499,66.236,2.000,0,5150096,150228,187212,2503496,13068.179,1457.685,0,1939.581,0,172.963,5651,7265,1.120,1.290,1.310,2,0,0,0,0,18,294,0,33,1
22-02 09:29:44,22.999,4.250,68.746,1.000,0,5150148,149976,187212,2503696,40750.441,1565.902,0,1911.880,0,205.987,5147,6584,1.120,1.290,1.310,0,0,0,0,0,18,293,0,35,1
22-02 09:29:45,4.750,1.000,93.003,0.500,0,5150140,149976,187212,2503704,8879.330,1458.054,0,764.028,0,48.002,1493,1996,1.120,1.290,1.310,2,0,0,0,0,18,294,0,35,1
22-02 09:29:46,24.479,4.996,65.695,1.998,0,5150536,149472,187212,2503812,8927.466,1456.771,0,2198.145,0,261.779,6004,8168,1.120,1.290,1.310,0,1,0,0,0,18,294,0,33,1
22-02 09:29:47,26.529,4.755,65.322,1.251,0,5150712,149220,187212,2503888,8882.844,1081.198,0,6266.945,0,476.528,5617,7163,1.110,1.280,1.310,2,0,0,0,0,18,294,0,33,1
22-02 09:29:48,23.006,5.752,67.769,1.500,0,5151024,148716,187212,2504080,7330.029,1500.415,0,1812.502,0,170.047,5254,6641,1.110,1.280,1.310,3,0,1.000,0,0,18,294,0,33,1
22-02 09:29:49,6.750,1.500,89.744,1.000,0,5150996,148716,187212,2504108,8141.433,1457.898,0,1711.881,0,151.989,2277,3358,1.110,1.280,1.310,0,0,0,0,0,18,293,0,34,1
22-02 09:29:50,19.753,4.001,72.262,1.250,0,5151192,148464,187212,2504164,5777.921,1566.250,0,1688.269,0,156.025,4478,5600,1.110,1.280,1.310,2,0,0,0,0,18,295,0,32,1
22-02 09:29:51,26.484,5.996,60.713,3.998,0,5151216,148212,187212,2504392,8769.591,1457.101,0,9106.384,0,637.607,6828,9893,1.110,1.280,1.310,2,0,0,0,0,18,294,0,32,1
22-02 09:29:52,29.004,6.501,62.508,0.500,0,5151816,146700,187212,2505304,6312.840,1026.136,0,1072.143,0,98.013,6159,8018,1.020,1.260,1.300,2,0,0,0,0,18,295,0,33,1
22-02 09:29:53,25.496,7.499,63.489,1.250,0,5163988,134352,187212,2505480,9969.253,1457.744,15.997,1979.653,1.000,235.959,5789,7533,1.020,1.260,1.300,0,0,1.000,0,0,18,293,0,37,1
22-02 09:29:54,20.159,3.484,73.668,0.498,0,5164176,134128,187212,2505516,6278.739,1222.497,0,832.254,0,60.727,3835,4249,1.020,1.260,1.300,3,1,0,0,0,18,294,0,34,1
22-02 09:29:55,26.125,6.280,64.559,1.758,0,5162896,135116,187212,2505808,9018.110,1410.744,0,1937.261,0,219.047,5879,7928,1.020,1.260,1.300,2,0,0,0,0,18,294,0,34,1
22-02 09:29:56,25.486,2.748,67.713,1.249,0,5049444,248428,187212,2505948,6295.543,1457.200,0,1962.922,0,185.898,4317,5249,1.020,1.260,1.300,1,0,0,0,0,18,293,0,34,1
22-02 09:29:57,9.254,1.501,88.042,0.500,0,4983316,313876,187216,2506640,16030.650,270066.877,4.002,788.376,1.000,43.021,1740,1833,0.940,1.240,1.300,0,0,0,0,0,18,293,0,34,1
22-02 09:29:58,1.500,0.750,96.267,0.250,0,4983540,313652,187216,2506640,10290.768,1458.251,0,1036.178,0,42.007,1253,1772,0.940,1.240,1.300,0,0,1.000,0,0,18,293,0,31,1
22-02 09:29:59,1.750,1.000,95.993,0.750,0,4980604,316588,187216,2506640,9151.339,1349.902,0,2299.834,0,126.991,1266,1958,0.940,1.240,1.300,0,0,0,0,0,18,293,0,31,1
22-02 09:30:00,2.000,0.750,96.752,0,0,4980636,316556,187216,2506640,6481.158,1134.028,0,552.013,0,2.000,1022,1404,0.940,1.240,1.300,0,0,0,0,0,18,293,0,31,1
22-02 09:30:01,1.500,1.250,94.529,1.000,0,4980536,316556,187236,2506720,8696.674,1458.448,92.028,0,14.004,0,1234,1571,0.940,1.240,1.300,0,0,4.001,0,0,18,293,0,31,1
22-02 09:30:02,3.248,1.999,92.691,0.750,0,4963128,333980,187236,2506720,7134.438,1511.034,0,3409.819,0,400.744,1967,2043,0.870,1.220,1.290,0,0,7.995,0,0,18,293,0,31,1
22-02 09:30:03,1.751,0.750,96.555,0,0,4963352,333756,187236,2506720,10769.122,1458.829,0,364.207,0,6.003,1096,1456,0.870,1.220,1.290,0,0,0,0,0,18,293,0,31,1
22-02 09:30:04,1.500,1.000,97.233,0.250,0,4963344,333756,187236,2506728,10235.225,1457.747,0,91.984,0,7.999,1114,1519,0.870,1.220,1.290,0,0,0,0,0,18,293,0,31,1
22-02 09:30:05,1.499,0.500,96.190,0,0,4963596,333504,187236,2506728,5135.799,1457.092,0,139.913,0,20.987,1131,1626,0.870,1.220,1.290,0,0,0,0,0,18,293,0,31,1
22-02 09:30:06,3.251,1.000,94.280,0.750,0,4963844,333252,187236,2506732,9072.860,1458.460,0,344.108,0,51.016,1625,2185,0.870,1.220,1.290,0,0,0,0,0,18,293,0,28,1
22-02 09:30:07,14.000,6.000,77.999,0,0,4971204,325884,187236,2506740,6485.920,1511.981,0,503.994,0,40.000,2890,8939,0.960,1.230,1.290,0,0,36.000,0,0,18,293,0,29,1
22-02 09:30:08,2.001,0.751,96.066,0.500,0,4971200,325884,187236,2506744,8764.985,1458.996,0,324.221,0,29.020,1446,1993,0.960,1.230,1.290,0,0,1.001,0,0,18,293,0,29,1
22-02 09:30:09,1.249,0.500,96.948,0,0,4971200,325884,187236,2506744,8843.228,1457.214,0,31.983,0,3.998,1010,1406,0.960,1.230,1.290,0,0,0,0,0,18,293,0,29,1
22-02 09:30:10,1.251,0.750,97.304,0,0,4971200,325884,187236,2506744,8768.879,1458.812,0,32.018,0,4.002,1032,1397,0.960,1.230,1.290,0,0,0,0,0,18,293,0,27,1
22-02 09:30:11,1.499,0.500,97.209,0,0,4971200,325884,187236,2506744,6914.081,1457.385,0,11.995,0,1.000,1046,1386,0.960,1.230,1.290,0,0,0,0,0,18,293,0,27,1
22-02 09:30:12,1.500,1.000,95.999,0,0,4971196,325884,187236,2506748,5839.961,1565.989,0,279.998,0,23.000,1348,1944,0.880,1.210,1.290,0,0,0,0,0,18,293,0,27,1
22-02 09:30:13,1.749,0.250,96.462,0.250,0,4971444,325632,187236,2506752,5212.969,1565.390,0,31.988,0,3.998,1084,1470,0.880,1.210,1.290,0,0,1.999,0,0,18,293,0,27,1
22-02 09:30:14,1.751,0.500,97.073,0,0,4971444,325632,187236,2506752,45812.288,1621.213,0,0,0,0,1105,1365,0.880,1.210,1.290,0,0,0,0,0,18,293,0,25,1
22-02 09:30:15,1.499,0.750,97.216,0,0,4971444,325632,187236,2506752,8696.983,1565.457,0,0,0,0,991,1374,0.880,1.210,1.290,0,0,0,0,0,18,293,0,25,1
22-02 09:30:16,2.250,1.000,95.500,0.250,0,4971436,325632,187236,2506760,8431.030,1620.006,0,204.001,0,30.000,1314,1922,0.880,1.210,1.290,0,0,0,0,0,18,293,0,25,1
22-02 09:30:17,1.999,0.750,94.697,0.750,0,4971436,325632,187236,2506760,6885.172,1565.130,0,4037.755,0,268.851,1580,2350,0.810,1.190,1.280,0,0,0,0,0,18,293,0,25,1
22-02 09:30:18,2.500,1.250,95.234,0,0,4971436,325632,187236,2506760,10697.255,1619.736,0,131.978,0,17.997,1425,1924,0.810,1.190,1.280,0,0,1.000,0,0,18,293,0,25,1
22-02 09:30:19,1.251,0.500,96.796,0.250,0,4971432,325632,187236,2506764,7192.449,1134.544,0,192.092,0,15.007,1052,1518,0.810,1.190,1.280,0,0,0,0,0,18,293,0,24,1
22-02 09:30:20,2.000,0.500,96.494,0,0.250,4971432,325632,187236,2506764,6738.568,1349.914,0,0,0,0,1166,1512,0.810,1.190,1.280,0,0,0,0,0,18,293,0,24,1
22-02 09:30:21,1.750,0.500,97.012,0,0,4971432,325632,187236,2506764,6077.742,1458.178,0,0,0,0,1047,1409,0.810,1.190,1.280,0,0,0,0,0,18,293,0,24,1
22-02 09:30:22,2.250,1.500,94.763,0.750,0,4971392,325632,187236,2506804,9517.322,1512.210,0,360.050,0,36.005,1697,2383,0.740,1.170,1.270,0,0,0,0,0,18,293,0,24,1
22-02 09:30:23,2.000,0.500,96.021,0,0,4971388,325632,187236,2506808,8338.793,1512.325,0,492.106,0,31.007,1331,1919,0.740,1.170,1.270,0,0,0,0,0,18,293,0,21,1
22-02 09:30:24,1.992,0.747,95.872,0,0,4971388,325632,187236,2506808,9368.098,1547.903,0,247.027,0,49.804,1135,1489,0.740,1.170,1.270,1,0,0,0,0,18,293,0,21,1
22-02 09:30:25,1.502,0.501,97.366,0,0,4971388,325632,187236,2506808,8305.911,1459.742,0,36.043,0,4.005,1012,1381,0.740,1.170,1.270,0,0,0,0,0,18,293,0,21,1
22-02 09:30:26,2.001,1.250,95.275,0,0,4971388,325632,187236,2506808,8772.263,1458.376,0,180.046,0,26.007,1371,1857,0.740,1.170,1.270,0,0,0,0,0,18,293,0,21,1
22-02 09:30:27,1.503,0.501,97.202,0.251,0,4971384,325632,187236,2506812,7483.577,853.777,0,408.851,0,25.052,1052,1517,0.680,1.150,1.260,0,0,0,0,0,18,293,0,21,1
22-02 09:30:28,13.981,3.246,81.639,0.250,0,4997240,299768,187244,2506812,282420.683,6527.164,3.995,563.238,0.999,84.885,2304,2047,0.680,1.150,1.260,1,0,7.989,0,0,18,293,0,21,1
22-02 09:30:29,15.024,4.257,79.627,0.751,0,4982436,314440,187268,2506920,150636.643,9018.407,108.173,440.704,5.008,4.006,2529,1976,0.680,1.150,1.260,0,0,23.037,0,0,18,293,0,21,1
22-02 09:30:30,13.996,3.249,81.726,0,0,4990288,306476,187276,2507024,297241.427,8387.585,0,3.999,0,1.000,2503,2030,0.680,1.150,1.260,1,0,16.995,0,0,18,293,0,21,1
22-02 09:30:31,19.510,7.254,71.287,0.250,0,4991040,301596,187280,2511132,5114.663,486.253,16.008,4.002,1.001,1.001,2625,1897,0.680,1.150,1.260,1,0,20.010,0,0,18,293,0,20,1
22-02 09:30:32,22.250,6.250,70.500,0.250,0,4987256,297076,187284,2519416,9040.005,486.000,0,568.000,0,41.000,2722,2324,0.710,1.150,1.260,1,0,12.000,0,0,18,293,0,20,1
