"pcp-dstat 6.2.0 CSV Output"
"Author:","PCP team <pcp@groups.io> and Dag Wieers <dag@wieers.com>",,,,"URL:","https://pcp.io/ and http://dag.wieers.com/home-made/dstat/"
"Host:","np0000094067",,,,"User:","ubuntu"
"Cmdline:","dstat -tcmndrylpg --tcp --output /tmp/devstack_logs/dstat-csv.log",,,,"Date:","24 Apr 2026 02:12:56 UTC"
"system","total usage",,,,,"memory usage",,,,"net/total",,"dsk/total",,"io/total",,"system",,"load avg",,,"procs",,,"paging",,"tcp sockets",,,,
"time","total usage:usr","total usage:sys","total usage:idl","total usage:wai","total usage:stl","used","free","buf","cach","net/total:recv","net/total:send","dsk/total:read","dsk/total:writ","read","writ","int","csw","1m","5m","15m","run","blk","new","in","out","lis","act","syn","tim","clo"
24-04 02:12:56,,1054444,1613572,161768,4993964,,,,,,,1.510,1.210,0.750,2,0,,,,10,5,0,17,1
24-04 02:12:57,27.391,21.415,49.054,0.249,0.249,1062504,1605208,161840,4994132,19560.931,7243.092,0,924.311,0,24.901,5072,2918,1.510,1.210,0.750,3,0,225.102,0,0,10,5,0,17,1
24-04 02:12:58,23.992,19.993,51.732,0.500,0.750,1056808,1610408,161992,4994380,41699.228,12067.725,0,1343.524,0,41.985,4876,2886,1.510,1.210,0.750,1,0,211.925,0,0,10,5,0,17,1
24-04 02:12:59,28.320,20.050,50.124,0.501,0,1069096,1597560,162120,4994692,20649.027,10286.419,0,1463.617,0,45.111,5250,3469,1.550,1.220,0.760,2,0,273.676,0,0,10,4,0,17,2
24-04 02:13:00,33.999,18.999,44.749,0.750,0,1045940,1603864,162236,5011268,180889.440,8807.729,0,1323.959,0,32.999,4893,3745,1.550,1.220,0.760,2,0,153.995,0,0,10,4,0,17,2
24-04 02:13:01,34.245,20.497,43.494,0.500,0,1038744,1595700,163180,5022908,9966.687,1619.787,0,3607.525,0,221.971,5077,3012,1.550,1.220,0.760,2,0,163.978,0,0,10,4,0,17,2
24-04 02:13:02,45.519,15.256,38.016,0.500,0,1059072,1557408,163604,5038900,11313.634,1620.664,0,1372.562,0,32.013,5091,5152,1.550,1.220,0.760,2,0,132.054,0,0,10,4,0,11,2
24-04 02:13:03,28.756,7.252,62.263,1.000,0,1192164,1399352,164404,5184992,45510.414,1620.335,0,2880.596,0,115.024,3555,3592,1.550,1.220,0.760,1,0,14.003,0,0,11,4,0,11,2
24-04 02:13:04,31.010,10.753,55.768,1.000,0,1194224,1367560,165504,5210820,6122.963,1620.520,16.005,2716.871,1.000,87.028,3671,2568,1.590,1.230,0.760,2,0,77.025,0,0,11,6,0,11,2
24-04 02:13:05,39.490,11.497,47.738,0.500,0,1196352,1354076,166160,5219876,10541.343,1499.622,0,1619.592,0,62.984,4031,2500,1.590,1.230,0.760,2,0,93.976,0,0,11,6,0,11,2
24-04 02:13:06,33.252,13.001,51.753,0.500,0,1165360,1400700,166300,5204152,14565.849,4413.257,84.005,816.048,7.000,35.002,4296,2799,1.590,1.230,0.760,2,0,113.007,0,0,11,4,0,13,0
24-04 02:13:07,41.046,9.511,42.297,6.758,0,1242192,1323000,166312,5208136,7948.827,2115.349,776.863,11380.638,44.049,409.455,3767,9248,1.590,1.230,0.760,3,0,69.077,0,0,11,5,0,13,0
24-04 02:13:08,40.443,5.243,49.929,3.745,0,1227128,1330220,166476,5211888,15948.367,3514.013,1038.526,1158.356,71.898,8.987,3030,6090,1.590,1.230,0.760,2,0,0.999,0,0,11,4,0,14,0
24-04 02:13:09,39.978,4.747,53.721,0.500,0,1263316,1292220,166516,5213184,16220.197,4624.490,127.931,1587.139,5.997,16.991,2780,1421,1.540,1.230,0.770,2,0,17.990,0,0,11,5,0,14,0
24-04 02:13:10,34.416,10.474,41.897,9.976,0,1282408,1260952,167704,5222840,11104.821,1412.543,0,25034.728,0,1807.576,19842,35426,1.540,1.230,0.770,2,1,28.929,0,0,11,6,0,13,0
24-04 02:13:11,33.850,9.027,40.871,12.286,0,1280080,1258936,168216,5226388,7702.807,1354.009,0,30133.222,0,2141.340,13663,24512,1.540,1.230,0.770,2,0,45.134,0,0,11,6,0,13,0
24-04 02:13:12,35.257,13.003,36.757,12.252,0,1278852,1257424,168544,5228680,9032.784,1620.320,0,47817.445,0,2479.490,18552,34207,1.540,1.230,0.770,2,0,42.008,0,0,11,6,0,13,0
24-04 02:13:13,40.235,10.996,47.482,0.250,0,1152200,1397136,168588,5217360,10691.998,1619.394,0,2962.891,0,128.952,4031,2636,1.540,1.230,0.770,2,0,79.970,0,0,11,4,0,13,0
24-04 02:13:14,44.589,6.012,48.847,0.250,0,1228016,1321312,168588,5217368,7994.943,1623.237,0,649.295,0,27.054,2897,1594,1.580,1.240,0.770,2,0,22.044,0,0,11,4,0,12,0
24-04 02:13:15,28.697,6.488,62.634,1.497,0,1219480,1329812,168628,5217376,11961.784,1616.997,0,6479.965,0,365.321,3501,3152,1.580,1.240,0.770,1,0,59.889,0,0,11,4,0,12,0
24-04 02:13:16,22.490,3.249,73.467,0,0,1246196,1303092,168628,5217380,6054.284,1565.298,0,135.939,0,10.995,1811,1273,1.580,1.240,0.770,1,0,0,0,0,11,4,0,12,0
24-04 02:13:17,23.004,4.001,72.261,0,0,1258600,1290688,168628,5217380,10312.590,1512.233,0,20343.137,0,72.011,2047,1389,1.580,1.240,0.770,1,0,0,0,0,11,4,0,12,0
24-04 02:13:18,15.501,11.750,71.503,0,0,1177412,1371856,168628,5217400,10292.427,1620.067,0,0,0,0,3455,2135,1.580,1.240,0.770,1,0,129.005,0,0,11,4,0,11,0
24-04 02:13:19,8.747,18.994,68.979,0,0.750,1168800,1380440,168628,5217428,42579.016,1619.506,0,15.995,0,3.999,4584,2939,1.450,1.220,0.770,2,0,200.939,0,0,11,4,0,11,0
24-04 02:13:20,9.244,20.986,67.455,0,0.999,1160484,1388616,168628,5217568,7864.799,1618.929,0,19.987,0,4.997,4688,2938,1.450,1.220,0.770,2,0,199.868,0,0,11,4,0,11,0
24-04 02:13:21,10.014,19.778,68.346,0.250,0,1145104,1403980,168628,5217584,10709.065,1622.282,0,777.093,0,6.008,4772,2894,1.450,1.220,0.770,1,0,187.263,0,0,11,4,0,11,0
24-04 02:13:22,23.746,16.247,58.239,0,0,1078652,1470276,168628,5218148,10402.072,1619.700,0,23183.703,0,360.933,5259,6676,1.450,1.220,0.770,1,0,128.976,0,0,11,4,0,11,0
24-04 02:13:23,38.018,15.758,41.270,3.252,0,1120232,1421084,168636,5225768,9818.694,1552.742,7707.685,1008.482,78.037,27.013,4440,3058,1.450,1.220,0.770,2,0,131.063,0,0,11,5,0,11,0
24-04 02:13:24,42.729,5.997,48.725,1.999,0,1193356,1347752,168648,5225964,10285.828,1619.186,19.990,0,3.998,0,2822,1466,1.500,1.240,0.780,2,0,0.999,0,0,11,5,0,11,0
24-04 02:13:25,45.490,4.999,48.489,0,0,1226836,1313256,168652,5226976,9921.776,1619.637,491.890,183.959,3.999,2.000,2822,1377,1.500,1.240,0.780,2,0,0,0,0,11,5,0,11,0
24-04 02:13:26,40.009,11.003,48.261,0,0,1266908,1270664,168656,5229276,8329.933,1458.338,0,0,0,0,3938,3730,1.500,1.240,0.780,1,0,54.013,0,0,11,4,0,12,0
24-04 02:13:27,12.496,10.997,75.977,0,0,1285656,1251768,168656,5229428,6016.201,1619.516,0,2807.160,0,77.977,2917,2188,1.500,1.240,0.780,1,0,85.974,0,0,11,4,0,12,0
24-04 02:13:28,22.007,3.251,73.774,0.250,0,1341600,1195824,168656,5229428,5865.935,1458.481,0,880.290,0,2.001,1785,1251,1.500,1.240,0.780,2,0,0,0,0,11,4,0,12,0
24-04 02:13:29,23.745,2.250,73.484,0,0,1367052,1170372,168656,5229428,10833.620,1619.644,0,0,0,0,1773,1093,1.460,1.230,0.780,1,0,0,0,0,11,4,0,12,0
24-04 02:13:30,23.243,2.499,70.979,1.749,0,1387668,1149456,168720,5229664,8369.565,1619.529,0,1959.430,0,228.933,3946,5115,1.460,1.230,0.780,2,0,1.000,0,0,11,10,0,12,0
24-04 02:13:31,19.300,6.517,72.940,0,0,1315576,1221532,168728,5229672,9950.872,1624.223,0,380.991,0,17.044,2414,1654,1.460,1.230,0.780,1,0,42.109,0,0,11,4,0,14,0
24-04 02:13:32,21.483,2.748,74.192,1.249,0,1359912,1176424,168996,5230084,12361.411,3589.216,495.616,14464.779,15.988,75.941,1930,1287,1.460,1.230,0.780,1,0,0,0,0,11,5,0,14,0
24-04 02:13:33,20.501,3.250,74.504,0.500,0,1362612,1173680,169028,5230096,48338.658,3705.204,0,18365.010,0,187.010,2839,2853,1.460,1.230,0.780,1,0,1.000,0,0,11,17,0,14,0
24-04 02:13:34,16.934,1.743,73.463,5.977,0,1368404,1167408,169072,5230328,11036.838,2262.153,266.956,1454.313,65.743,22.910,1938,1674,1.420,1.230,0.780,1,0,2.988,0,0,11,29,0,14,0
24-04 02:13:35,18.287,6.513,74.650,0,0,1317656,1218140,169072,5230344,10454.947,5401.823,0,80.161,0,6.012,2566,1921,1.420,1.230,0.780,1,0,43.086,0,0,11,28,0,15,0
24-04 02:13:36,23.509,3.001,73.027,0,0,1346120,1189664,169072,5230356,6411.352,1620.594,0,72.026,0,7.003,1816,1247,1.420,1.230,0.780,1,0,0,0,0,11,28,0,15,0
24-04 02:13:37,18.966,2.246,77.360,0.749,0.250,1363396,1172316,169132,5230368,17977.438,7540.342,0,4400.030,0,201.635,2298,2317,1.420,1.230,0.780,1,0,0,0,0,11,29,0,15,0
24-04 02:13:38,24.785,17.525,55.578,1.001,0,1344068,1191616,169132,5230388,9634.498,2555.580,0,63601.105,0,679.953,4737,3057,1.420,1.230,0.780,2,0,156.219,0,0,11,28,0,16,0
24-04 02:13:39,41.265,4.502,53.769,0.250,0,1448896,1086796,169132,5230388,13812.952,3492.252,0,972.349,0,4.001,2718,1385,1.390,1.220,0.780,3,0,0,0,0,11,29,0,16,0
24-04 02:13:40,36.108,3.984,58.271,0,0,1457544,1078228,169136,5230400,15046.812,9239.655,0,99.608,0,10.957,3964,3543,1.390,1.220,0.780,3,0,0,0,0,11,30,0,16,0
24-04 02:13:41,39.690,7.285,51.496,0.251,0,1423048,1112444,169144,5230672,19179.755,9812.944,0,317.519,0,30.144,5693,6439,1.390,1.220,0.780,2,0,35.168,0,0,11,28,0,17,0
24-04 02:13:42,50.591,34.562,13.775,0,0.250,1456276,1079204,169152,5230676,10400.655,1568.814,0,240.431,0,21.038,5457,3878,1.390,1.220,0.780,7,0,455.818,0,0,11,28,0,17,0
24-04 02:13:43,83.996,15.749,0.250,0,0,1680792,854640,169152,5230716,9418.593,5455.764,0,1279.945,0,18.999,4951,2817,1.390,1.220,0.780,4,0,87.996,0,0,11,30,0,12,0
24-04 02:13:44,79.210,8.995,11.494,0,0,1794200,741040,169152,5230896,40631.401,28807.396,0,551.720,0,27.986,7653,8280,1.440,1.240,0.790,8,0,0.999,0,0,11,34,0,12,0
24-04 02:13:45,69.274,14.255,15.755,0,0,1542908,992056,169164,5231128,23414.121,16153.603,0,632.219,0,65.023,7536,10134,1.440,1.240,0.790,1,0,310.108,0,0,11,28,0,18,0
24-04 02:13:46,21.199,3.990,74.321,0,0,1528876,1006088,169164,5231128,8383.773,3250.158,0,227.451,0,9.976,1907,1365,1.440,1.240,0.790,2,0,0,0,0,11,29,0,18,0
24-04 02:13:47,17.478,2.247,79.152,0,0,1512932,1022020,169168,5231136,16338.763,6154.377,0,139.827,0,9.988,2666,2644,1.440,1.240,0.790,1,0,0,0,0,11,29,0,18,0
24-04 02:13:48,17.264,8.757,71.807,0.500,0,1466500,1068436,169172,5231148,7537.028,2503.002,0,564.451,0,27.022,3080,2434,1.440,1.240,0.790,1,0,68.054,0,0,11,28,0,19,0
24-04 02:13:49,21.759,3.001,74.280,0,0,1489988,1044948,169172,5231148,49092.585,3163.262,0,176.070,0,10.004,1927,1182,1.400,1.230,0.790,0,0,0,0,0,11,29,0,19,0
24-04 02:13:50,17.248,2.000,79.241,0,0,1478216,1056708,169176,5231156,14878.256,6275.264,0,499.941,0,29.996,2719,2754,1.400,1.230,0.790,1,0,0,0,0,11,29,0,19,0
24-04 02:13:51,12.490,16.487,68.445,0.250,0.500,1434680,1100228,169176,5231176,7051.305,2368.087,0,287.768,0,27.977,4438,3251,1.400,1.230,0.790,1,0,181.853,0,0,11,28,0,17,0
24-04 02:13:52,7.999,23.746,64.490,0.250,0.500,1415844,1119048,169180,5231184,11819.238,1619.759,0,195.971,0,8.999,5082,2989,1.400,1.230,0.790,1,0,271.959,0,0,11,28,0,17,0
24-04 02:13:53,23.319,33.599,41.623,0,0.501,1398728,1136152,169184,5231192,11074.636,1624.788,0,874.577,0,49.145,5653,3859,1.400,1.230,0.790,7,0,377.111,0,0,11,28,0,17,0
24-04 02:13:54,78.309,21.516,0.250,0,0,1554092,980752,169184,5231228,11346.482,1966.470,0,160.120,0,13.010,5107,3133,1.690,1.300,0.810,4,0,215.161,0,0,11,29,0,17,0
24-04 02:13:55,79.023,8.725,11.716,0,0,1706216,828596,169184,5231260,30632.082,21029.642,0,3.989,0,0.997,5745,4766,1.690,1.300,0.810,4,0,0,0,0,11,33,0,17,0
24-04 02:13:56,74.457,9.276,15.543,0.251,0,1723616,810840,169192,5231608,40243.024,30136.892,0,320.893,0,41.114,9220,14044,1.690,1.300,0.810,5,0,30.084,0,0,11,29,0,18,0
24-04 02:13:57,80.002,19.751,0.500,0,0,1634904,899528,169196,5231628,9206.281,2097.064,0,304.009,0,25.001,5691,4487,1.690,1.300,0.810,6,0,280.009,0,0,11,28,0,18,0
24-04 02:13:58,89.197,9.494,0.999,0,0,1770356,764060,169204,5231636,22038.803,18435.960,0,2398.564,0,102.938,6107,4649,1.690,1.300,0.810,3,0,0,0,0,11,33,0,18,0
24-04 02:13:59,78.897,9.488,10.486,0,0,1697712,836304,169208,5232028,47972.357,38444.798,0,187.755,0,10.986,8136,13304,2.030,1.370,0.840,4,0,50.933,0,0,11,31,0,21,0
24-04 02:14:00,42.487,15.995,39.988,0,0,1493504,1040444,169216,5232088,22969.918,10719.695,0,491.848,0,42.987,6264,7082,2.030,1.370,0.840,2,0,246.924,0,0,11,28,0,23,0
24-04 02:14:01,40.983,6.247,52.978,0,0,1520368,1013576,169216,5232092,15211.573,3835.379,0,211.910,0,7.997,2817,1420,2.030,1.370,0.840,1,0,0,0,0,11,29,0,23,0
24-04 02:14:02,33.715,3.996,60.187,0.250,0,1520340,1013568,169220,5232124,26980.763,15467.812,0,1010.942,0,59.937,4881,5608,2.030,1.370,0.840,2,0,0,0,0,11,30,0,23,0
24-04 02:14:03,28.495,21.247,47.992,0.250,0,1453648,1080212,169232,5232160,49016.221,3813.395,0,323.949,0,33.995,5659,4579,2.030,1.370,0.840,3,0,265.958,0,0,11,28,0,25,0
24-04 02:14:04,57.342,18.279,24.039,0,0,1509080,1024768,169232,5232172,11759.866,1622.603,0,556.893,0,10.016,4359,2243,2.110,1.400,0.850,3,0,113.182,0,0,11,28,0,25,0
24-04 02:14:05,54.474,6.497,38.232,0,0,1582520,951176,169232,5232288,21481.921,14033.416,0,643.698,0,37.982,4475,3264,2.110,1.400,0.850,4,0,1.999,0,0,11,31,0,25,0
24-04 02:14:06,55.159,4.992,37.688,0.499,0,1576484,957140,169240,5232352,20823.518,15580.200,0,243.597,0,30.949,6814,7942,2.110,1.400,0.850,3,0,0,0,0,11,29,0,26,0
24-04 02:14:07,69.261,23.338,6.775,0,0,1479928,1053672,169244,5232372,8542.146,3600.549,0,357.345,0,30.113,5753,4696,2.110,1.400,0.850,4,0,258.975,0,0,11,28,0,24,0
24-04 02:14:08,75.121,8.485,15.723,0,0,1632844,900720,169252,5232400,22782.983,12908.893,0,187.679,0,7.986,5660,10486,2.110,1.400,0.850,1,0,35.938,0,0,11,32,0,25,0
24-04 02:14:09,65.495,8.999,25.748,0,0,1589040,944316,169256,5232604,35889.381,27486.994,0,315.977,0,31.998,8264,10788,2.420,1.480,0.880,3,0,59.996,0,0,11,30,0,27,0
24-04 02:14:10,61.533,20.011,18.260,0,0,1545228,988092,169264,5232632,13723.346,4800.570,0,388.208,0,29.016,5222,4471,2.420,1.480,0.880,3,0,264.141,0,0,11,28,0,28,0
24-04 02:14:11,54.731,6.248,37.237,0,0,1606120,927184,169264,5232648,21780.474,13997.164,0,219.924,0,9.997,4073,2685,2.420,1.480,0.880,3,0,0,0,0,11,31,0,27,0
24-04 02:14:12,53.796,13.261,32.028,0.500,0,1575748,957368,169272,5232828,26494.784,15740.536,0,1112.957,0,79.068,7019,8500,2.420,1.480,0.880,3,0,140.120,0,0,11,30,0,28,0
24-04 02:14:13,66.646,17.473,15.226,0,0,1507396,1025680,169276,5232864,12268.899,4032.722,0,151.764,0,15.975,5012,3606,2.420,1.480,0.880,3,0,158.753,0,0,11,28,0,29,0
24-04 02:14:14,51.847,5.484,41.627,0,0,1591960,941096,169276,5232884,17967.077,13224.048,0,1048.910,0,37.888,3945,2714,2.390,1.490,0.890,4,0,0.997,0,0,11,31,0,29,0
24-04 02:14:15,53.679,8.528,37.124,0,0.251,1541660,991264,169284,5233068,23440.994,13699.582,0,309.028,0,22.073,6167,6568,2.390,1.490,0.890,2,0,54.180,0,0,11,29,0,31,0
24-04 02:14:16,66.131,21.543,11.523,0,0,1472744,1060080,169292,5233160,12690.070,5942.740,0,168.333,0,12.024,5434,4390,2.390,1.490,0.890,4,0,233.461,0,0,11,28,0,32,0
24-04 02:14:17,53.890,5.489,39.669,0,0,1585316,947476,169304,5233180,16984.410,11679.215,0,235.520,0,16.965,3992,2808,2.390,1.490,0.890,3,0,0,0,0,11,31,0,32,0
24-04 02:14:18,52.567,6.008,40.552,0,0,1590300,942180,169304,5233492,26266.528,15427.693,0,272.348,0,22.028,5764,7172,2.390,1.490,0.890,2,1,0,0,0,11,30,0,32,0
24-04 02:14:19,56.763,17.504,24.506,0,0.250,1520416,1012052,169308,5233500,46355.939,3194.754,0,280.066,0,21.005,4934,3057,2.440,1.510,0.900,3,0,112.026,0,0,11,28,0,34,0
24-04 02:14:20,58.399,6.239,35.189,0,0,1576744,955712,169308,5233512,18429.242,8064.103,0,846.541,0,9.983,3881,1913,2.440,1.510,0.900,1,0,0,0,0,11,31,0,34,0
24-04 02:14:21,36.377,5.232,57.306,0.249,0,1575052,957360,169324,5233540,21551.216,12722.034,0,745.482,0,51.825,5227,5693,2.440,1.510,0.900,2,1,0,0,0,11,30,0,35,0
24-04 02:14:22,49.528,24.387,24.890,0,0,1517784,1014584,169336,5233572,18720.945,8543.895,0,261.466,0,29.163,6365,6222,2.440,1.510,0.900,5,0,388.176,0,0,11,29,0,36,0
24-04 02:14:23,79.000,21.000,0,0.250,0,1612064,920240,169348,5233624,11516.933,2803.984,0,319.998,0,25.000,5820,5225,2.440,1.510,0.900,8,0,407.998,0,0,11,28,0,36,0
24-04 02:14:24,80.616,16.972,1.498,0,0,1750736,781528,169348,5233664,25890.847,16333.776,0,3002.995,0,117.804,6043,5412,2.640,1.570,0.920,6,0,429.284,0,0,11,32,0,36,0
24-04 02:14:25,78.653,17.033,4.509,0,0,1806596,725368,169376,5233936,48167.568,38497.784,0,617.199,0,56.109,8092,9186,2.640,1.570,0.920,5,0,347.675,0,0,11,30,1,36,0
24-04 02:14:26,83.722,15.495,0.750,0,0,1723112,808632,169388,5234144,21400.904,13683.463,0,275.909,0,26.991,7659,7709,2.640,1.570,0.920,6,0,119.960,0,0,11,28,0,37,0
24-04 02:14:27,84.380,13.231,1.248,0,0,1700396,831260,169428,5234176,17402.287,8449.001,0,2444.528,0,148.789,5828,4537,2.640,1.570,0.920,5,0,163.767,0,0,11,30,0,37,0
24-04 02:14:28,77.621,8.764,13.020,0,0,1696020,835532,169432,5234276,39162.203,33691.653,0,92.144,0,5.008,7868,10858,2.640,1.570,0.920,2,0,50.078,0,0,11,32,0,37,0
24-04 02:14:29,52.251,21.000,26.000,0,0,1471016,1060344,169432,5234468,31003.417,19225.259,0,68.001,0,5.000,8346,10728,2.830,1.630,0.940,2,0,499.007,0,0,11,28,0,41,0
24-04 02:14:30,14.191,27.883,55.518,0,0,1461672,1069656,169432,5234500,5242.052,1613.246,0,63.733,0,6.971,5569,3884,2.830,1.630,0.940,2,0,378.416,0,0,11,28,0,41,0
24-04 02:14:31,52.203,38.399,9.035,0,0,1488016,1043292,169432,5234520,11537.833,1517.898,0,36.140,0,9.035,5448,4071,2.830,1.630,0.940,6,0,544.114,0,0,11,28,0,41,0
24-04 02:14:32,76.546,12.758,10.256,0.250,0,1623840,907444,169436,5234540,18140.977,8336.044,0,560.339,0,33.020,4933,3258,2.830,1.630,0.940,3,0,131.079,0,0,11,30,0,39,0
24-04 02:14:33,64.138,9.983,25.206,0,0,1651452,879752,169452,5234604,65930.997,21321.808,0,303.471,0,33.941,6171,7238,2.830,1.630,0.940,3,0,67.882,0,0,11,33,0,40,0
24-04 02:14:34,72.094,16.021,11.014,0.250,0,1540636,990408,169456,5234760,17427.676,7896.274,0,508.662,0,51.066,6207,6101,2.930,1.670,0.960,4,0,161.210,0,0,11,30,0,43,0
24-04 02:14:35,76.243,11.749,12.249,0,0,1690660,840348,169468,5234784,21866.132,12557.927,0,259.978,0,14.999,5144,3841,2.930,1.670,0.960,3,0,41.996,0,0,11,34,0,43,0
24-04 02:14:36,61.510,6.475,30.631,0,0,1691744,839184,169468,5234864,32461.560,24989.664,0,151.410,0,9.961,6290,8811,2.930,1.670,0.960,1,0,0,0,0,11,36,0,42,0
24-04 02:14:37,53.222,5.997,38.730,0.250,0,1595520,935156,169476,5235092,33308.435,26509.021,0,251.867,0,22.988,8436,12741,2.930,1.670,0.960,6,0,17.991,0,0,11,35,0,42,0
24-04 02:14:38,70.482,12.541,15.802,0,0,1477216,1053256,169488,5235284,22346.629,15727.821,0,381.256,0,43.142,7482,8990,2.930,1.670,0.960,5,0,100.331,0,0,11,32,0,42,0
24-04 02:14:39,82.392,13.273,4.508,0,0,1598392,932072,169492,5235288,14480.014,5928.241,0,184.318,0,11.019,4795,2258,3.010,1.710,0.970,4,0,2.003,0,0,11,33,0,42,0
24-04 02:14:40,64.980,6.248,27.242,0,0,1620960,909432,169496,5235356,37077.548,27825.406,0,167.948,0,10.997,7083,8973,3.010,1.710,0.970,5,0,0,0,0,11,36,0,41,0
24-04 02:14:41,51.070,5.481,42.101,0,0,1621496,908676,169508,5235560,33160.853,23452.151,0,143.493,0,7.972,8193,11180,3.010,1.710,0.970,4,0,0,0,0,11,35,0,42,0
24-04 02:14:42,61.334,11.766,25.284,0,0,1619924,910036,169512,5235764,28739.191,19442.513,0,160.218,0,10.014,7967,9666,3.010,1.710,0.970,3,0,71.097,0,0,11,35,0,42,0
24-04 02:14:43,70.936,17.484,10.740,0,0,1523840,1006100,169512,5235784,22007.169,12090.106,0,123.888,0,6.994,5777,5338,3.010,1.710,0.970,4,0,188.830,0,0,11,33,0,45,0
24-04 02:14:44,76.754,9.751,12.501,0,0,1637972,891916,169512,5235832,20287.141,14379.809,0,124.007,0,8.000,5494,5265,3.010,1.730,0.990,2,0,0,0,0,11,35,0,44,0
24-04 02:14:45,69.159,7.768,23.053,0.251,0,1640800,888876,169524,5236028,33077.219,27327.971,0,248.573,0,24.055,8464,11580,3.010,1.730,0.990,3,0,21.049,0,0,11,34,0,45,0
24-04 02:14:46,77.332,12.764,9.260,0,0,1525060,1004556,169528,5236080,18077.278,11911.703,0,232.248,0,19.020,6170,6911,3.010,1.730,0.990,5,0,100.107,0,0,11,32,0,46,0
24-04 02:14:47,69.539,8.724,20.937,0,0,1621552,908036,169528,5236104,27687.179,14799.197,0,111.662,0,7.976,4654,3002,3.010,1.730,0.990,6,0,7.976,0,0,11,35,0,46,0
24-04 02:14:48,63.949,12.990,22.732,0,0,1604024,925380,169552,5236264,24705.333,15284.833,0,371.704,0,38.969,6808,7756,3.010,1.730,0.990,4,0,119.905,0,0,11,34,0,41,0
24-04 02:14:49,71.434,9.491,18.483,0,0,1644976,884356,169552,5236332,65397.160,19902.484,0,167.844,0,8.992,6528,9080,3.010,1.750,1,4,0,16.984,0,0,11,34,0,42,0
24-04 02:14:50,69.014,11.042,19.324,0,0,1672168,856976,169552,5236524,28668.624,21234.196,0,289.105,0,37.142,6781,8244,3.010,1.750,1,4,0,100.384,0,0,11,34,0,43,0
24-04 02:14:51,71.056,13.761,14.511,0,0,1624388,904708,169552,5236568,24503.316,14225.214,0,1357.070,0,11.009,5817,6197,3.010,1.750,1,4,0,110.087,0,0,11,33,0,45,0
24-04 02:14:52,76.505,10.501,13.001,0,0,1637180,891912,169556,5236568,19878.416,11470.817,0,132.009,0,8.001,4841,3336,3.010,1.750,1,4,0,40.003,0,0,11,34,1,45,0
24-04 02:14:53,60.334,5.734,32.660,0,0,1600852,928044,169556,5236764,27595.889,23026.492,0,111.692,0,7.978,6407,7904,3.010,1.750,1,5,0,2.992,0,0,11,35,0,46,0
24-04 02:14:54,60.910,17.295,21.306,0,0,1518248,1010432,169584,5236944,18607.770,7834.534,0,4391.510,0,198.520,6306,6411,3.090,1.790,1.010,5,0,193.507,0,0,11,32,0,49,0
24-04 02:14:55,56.834,10.220,32.156,0.249,0,1568040,960624,169584,5236960,16880.748,6828.078,0,374.906,0,13.959,3863,2229,3.090,1.790,1.010,3,0,36.892,0,0,11,33,0,49,0
24-04 02:14:56,56.224,9.995,32.735,0,0.250,1574036,954600,169596,5236976,19334.077,12246.348,0,223.897,0,16.992,4806,3839,3.090,1.790,1.010,3,0,59.972,0,0,11,34,0,49,0
24-04 02:14:57,59.662,5.515,34.092,0,0,1513660,1014892,169600,5237052,22925.074,13878.579,0,200.543,0,14.038,6349,6551,3.090,1.790,1.010,2,0,0,0,0,11,33,0,51,0
24-04 02:14:58,53.181,16.978,28.962,0,0,1514740,1013784,169604,5237076,18435.109,8735.679,0,159.793,0,8.988,5340,4575,3.090,1.790,1.010,4,0,138.820,0,0,11,33,0,51,0
24-04 02:14:59,59.122,9.520,30.563,0,0,1509656,1018852,169604,5237092,17543.217,8602.760,0,116.240,0,8.017,4659,3082,3.080,1.810,1.020,2,0,43.089,0,0,11,33,1,52,0
24-04 02:15:00,54.822,5.981,38.126,0,0,1554080,974288,169604,5237228,24099.570,14748.004,0,179.416,0,13.955,5162,5561,3.080,1.810,1.020,1,0,0,0,0,11,35,0,52,0
24-04 02:15:01,50.503,14.501,34.252,0.250,0,1522544,1005652,169612,5237388,17132.041,11645.708,0,268.016,0,26.002,5864,5826,3.080,1.810,1.020,2,0,156.009,0,0,11,33,0,49,0
24-04 02:15:02,38.265,8.503,52.021,0.500,0,1500288,1027632,169612,5237716,17497.938,7509.978,316.125,276.109,3.001,20.008,4628,4161,3.080,1.810,1.020,1,0,50.020,0,0,11,33,0,50,0
24-04 02:15:03,39.521,7.754,51.277,0.250,0,1501580,1026200,169612,5237856,50538.436,7480.913,0,160.084,0,8.004,4619,3828,3.080,1.810,1.020,2,0,21.011,0,0,11,33,0,50,0
24-04 02:15:04,38.508,8.002,53.011,0,0,1492508,1035256,169620,5237864,16593.592,7648.656,0,228.049,0,17.004,3933,2931,3,1.810,1.030,1,0,34.007,0,0,11,33,0,51,0
24-04 02:15:05,38.964,4.746,54.700,0.250,0,1425740,1101956,169624,5237924,17069.255,7152.403,0,367.661,0,18.982,4184,3979,3,1.810,1.030,1,0,6.994,0,0,11,33,0,50,0
24-04 02:15:06,34.253,13.001,51.755,0,0,1461504,1066172,169632,5237932,16786.664,6056.600,0,260.026,0,24.002,4095,3310,3,1.810,1.030,3,0,98.010,0,0,11,32,0,51,0
24-04 02:15:07,36.715,9.990,52.450,0,0,1494512,1033148,169632,5237948,10214.174,4105.051,0,119.885,0,7.992,3309,1911,3,1.810,1.030,3,0,59.942,0,0,11,33,0,51,0
24-04 02:15:08,43.288,7.006,48.543,0,0,1521148,1006496,169632,5237964,15644.910,11205.963,0,112.100,0,8.007,4347,19355,3,1.810,1.030,1,0,36.032,0,0,11,34,0,52,0
24-04 02:15:09,42.870,4.985,51.843,0.249,0,1545380,982236,169640,5237984,14011.578,8873.135,0,215.348,0,19.940,4049,4159,2.920,1.810,1.040,2,0,4.985,0,0,11,33,0,51,0
24-04 02:15:10,36.304,8.262,54.080,0,0,1506520,1020952,169640,5238128,21187.450,9182.631,0,116.172,0,9.013,4409,3473,2.920,1.810,1.040,2,0,43.064,0,0,11,33,0,52,0
24-04 02:15:11,42.099,5.012,51.872,0,0,1563428,964028,169640,5238144,14420.939,6369.992,0,116.274,0,8.019,3911,3155,2.920,1.810,1.040,2,0,0,0,0,11,34,0,52,0
24-04 02:15:12,35.905,5.236,57.099,0.249,0,1552024,975388,169648,5238176,21646.611,11343.925,0,255.323,0,26.929,4270,4662,2.920,1.810,1.040,3,0,4.987,0,0,11,33,0,53,0
24-04 02:15:13,37.274,10.507,51.033,0,0.250,1488776,1038620,169656,5238184,13428.790,4254.785,0,232.152,0,23.015,4139,3364,2.920,1.810,1.040,1,0,87.057,0,0,11,32,1,49,0
24-04 02:15:14,24.781,18.273,54.818,0,0,1476772,1050532,169656,5238268,16200.111,7060.765,0,192.239,0,9.011,4992,3686,2.760,1.800,1.030,1,0,190.236,0,0,11,33,0,49,0
24-04 02:15:15,19.460,2.245,76.840,0.499,0.249,1466144,1061128,169668,5238288,16621.422,6644.178,0,2714.353,0,173.639,3239,3393,2.760,1.800,1.030,1,0,0.998,0,0,11,32,0,50,0
24-04 02:15:16,21.052,5.263,73.180,0,0,1467876,1059392,169672,5238288,5921.557,1569.859,0,160.394,0,10.025,1839,1290,2.760,1.800,1.030,1,0,5.012,0,0,11,32,0,50,0
24-04 02:15:17,18.752,2.250,78.010,0,0.250,1472796,1054468,169672,5238292,10546.358,6663.858,0,120.015,0,7.001,1997,1611,2.760,1.800,1.030,1,0,0,0,0,11,33,0,47,0
24-04 02:15:18,18.237,1.999,77.196,0.250,0,1463192,1064048,169672,5238316,17142.086,7184.007,0,623.567,0,46.967,3607,4302,2.760,1.800,1.030,1,0,0,0,0,11,32,0,48,0
24-04 02:15:19,10.252,19.254,68.263,0.250,0.250,1417220,1110008,169676,5238324,43691.078,1620.300,0,168.031,0,14.003,4364,2663,2.620,1.790,1.030,1,0,214.040,0,0,11,32,0,48,0
24-04 02:15:20,18.003,8.751,71.762,0,0,1427860,1099368,169676,5238324,10166.691,1620.270,0,196.033,0,41.007,2588,1700,2.620,1.790,1.030,1,0,70.012,0,0,11,32,0,48,0
24-04 02:15:21,19.018,1.752,78.325,0,0,1456072,1071016,169676,5238468,14147.601,3980.827,0,260.250,0,15.014,2018,1740,2.620,1.790,1.030,1,0,0,0,0,11,33,0,46,0
24-04 02:15:22,20.479,2.248,75.422,0.250,0,1449808,1077256,169684,5238484,17350.090,8394.335,0,955.014,0,29.969,3326,3658,2.620,1.790,1.030,0,0,0.999,0,0,11,33,0,46,0
24-04 02:15:23,19.501,7.000,73.255,0,0,1398212,1128840,169684,5238496,10098.673,3055.204,0,4.000,0,1.000,2747,2147,2.620,1.790,1.030,1,0,46.003,0,0,11,32,0,47,0
24-04 02:15:24,19.744,2.249,76.726,0,0,1451376,1075672,169684,5238496,8273.385,3684.835,0,79.975,0,3.999,1707,1129,2.410,1.760,1.030,0,0,0,0,0,11,33,0,47,0
24-04 02:15:25,21.006,3.001,75.773,0,0,1443756,1083280,169684,5238536,17025.107,7855.356,0,768.230,0,130.039,3226,3113,2.410,1.760,1.030,0,0,2.001,0,0,11,33,0,45,0
24-04 02:15:26,19.478,2.247,75.913,0,0,1437516,1089500,169684,5238556,14189.651,7002.931,0,0,0,0,3567,3935,2.410,1.760,1.030,1,0,0,0,0,11,33,0,45,0
24-04 02:15:27,15.737,12.990,68.945,0,0.749,1346032,1180872,169684,5238644,7035.391,2083.339,0,127.898,0,13.989,4049,2944,2.410,1.760,1.030,3,0,143.885,0,0,11,32,0,45,0
24-04 02:15:28,8.994,21.984,65.703,0,0.250,1336748,1190060,169684,5238736,10852.169,1618.832,0,0,0,0,4755,2894,2.410,1.760,1.030,1,0,242.825,0,0,11,32,0,45,0
24-04 02:15:29,20.801,24.811,52.379,0.501,0.501,1341416,1185348,169716,5238744,9558.546,1461.600,0,445.096,0,32.079,5006,3410,2.380,1.760,1.030,2,0,239.590,0,0,11,32,0,42,0
24-04 02:15:30,43.281,6.755,48.285,0.250,0,1448848,1077816,169744,5238816,10457.524,1621.166,36.026,332.239,1.001,12.009,2833,1463,2.380,1.760,1.030,2,0,0,0,0,11,32,0,42,0
24-04 02:15:31,41.716,6.745,47.212,4.247,0,1529548,993156,170248,5241924,8219.363,1618.693,435.648,6095.078,16.986,516.583,5156,6637,2.380,1.760,1.030,2,0,28.977,0,0,11,36,0,42,0
24-04 02:15:32,37.267,6.753,40.018,12.255,0,1515960,1002288,171032,5245264,6475.885,1620.722,0,21521.587,0,2127.948,10284,18827,2.380,1.760,1.030,2,1,67.030,0,0,11,36,0,42,0
24-04 02:15:33,38.272,9.005,36.521,11.507,0,1573812,942392,171572,5246708,46292.036,1458.852,0,36009.031,0,2724.591,11155,20639,2.380,1.760,1.030,2,0,44.026,0,0,11,36,0,40,0
24-04 02:15:34,38.030,8.507,39.281,11.009,0,1592688,921920,171944,5247896,7901.190,1621.270,0,18218.272,0,1822.428,10752,17547,2.430,1.780,1.040,2,0,27.021,0,0,11,36,0,40,0
24-04 02:15:35,40.197,9.488,38.200,9.238,0,1504628,1010284,172060,5247460,5718.526,1617.886,0,20333.426,0,1718.754,8704,14237,2.430,1.780,1.040,2,0,12.983,0,0,11,32,0,40,0
24-04 02:15:36,45.017,6.753,45.267,1.751,0,1555488,959408,172068,5247468,9864.766,1620.619,0,7666.927,0,399.152,3613,3379,2.430,1.780,1.040,2,0,2.001,0,0,11,32,0,40,0
24-04 02:15:37,41.424,6.987,44.918,5.240,0.250,1528376,986300,172120,5247628,8449.510,1617.036,0,6607.887,0,893.362,7766,11377,2.430,1.780,1.040,4,0,1.996,0,0,11,34,0,37,0
24-04 02:15:38,37.712,8.991,41.708,7.992,0,1570700,943616,172252,5247852,13193.794,1618.380,0,9102.889,0,1271.727,10446,15796,2.430,1.780,1.040,6,0,1.998,0,0,11,34,0,37,0
24-04 02:15:39,39.079,8.768,44.590,5.010,0,1445180,1068812,172444,5247984,11195.647,1460.955,0,6557.265,0,845.711,8072,10751,2.390,1.790,1.050,3,0,29.059,0,0,11,32,0,37,0
24-04 02:15:40,24.221,9.739,64.923,0.250,0,1498788,1015176,172452,5247988,5977.943,1618.090,0,850.995,0,41.950,3041,2174,2.390,1.790,1.050,1,0,71.915,0,0,11,32,0,37,0
24-04 02:15:41,23.301,2.756,73.410,0,0,1482464,1031480,172460,5248000,12574.473,1623.547,0,773.690,0,43.094,1920,1317,2.390,1.790,1.050,1,0,1.002,0,0,11,32,0,36,0
24-04 02:15:42,21.985,4.247,70.202,1.999,0,1518360,995496,172548,5248000,7921.560,1618.888,0,7398.919,0,397.727,2703,3132,2.390,1.790,1.050,1,0,0,0,0,11,32,0,36,0
24-04 02:15:43,22.751,3.250,73.502,0.500,0,1546580,967260,172568,5247992,9718.316,1620.053,0,412.013,0,32.001,1871,1312,2.390,1.790,1.050,2,0,2.000,0,0,11,32,0,36,0
24-04 02:15:44,22.295,3.006,73.899,0,0,1506108,1007636,172568,5248076,9205.546,1503.028,0,0,0,0,1848,1270,2.280,1.770,1.050,1,0,1.002,0,0,11,32,0,36,0
24-04 02:15:45,22.754,3.251,74.012,0,0,1542448,971296,172568,5248076,10186.713,1620.272,0,0,0,0,1857,1274,2.280,1.770,1.050,1,0,3.001,0,0,11,32,0,36,0
24-04 02:15:46,23.452,1.996,73.349,0,0,1487048,1026600,172576,5248164,11684.025,1616.683,0,207.574,0,46.904,1866,1215,2.280,1.770,1.050,2,0,0.998,0,0,11,32,0,32,0
24-04 02:15:47,22.242,3.749,73.224,0,0,1471268,1042316,172576,5248196,6299.779,1619.429,0,0,0,0,1824,1313,2.280,1.770,1.050,2,0,1.000,0,0,11,32,0,32,0
24-04 02:15:48,22.506,4.001,73.270,0,0,1496476,1017092,172580,5248208,5634.548,1458.401,0,492.135,0,41.011,1992,1617,2.280,1.770,1.050,3,0,2.001,0,0,11,32,0,32,0
24-04 02:15:49,22.539,2.755,73.878,0,0,1466860,1046684,172584,5248228,47869.628,1622.801,0,64.111,0,9.016,1899,1211,2.180,1.760,1.050,1,0,1.002,0,0,11,32,0,32,0
24-04 02:15:50,23.210,2.745,73.123,0,0,1459916,1053612,172592,5248236,10580.669,1617.198,0,0,0,0,1908,1376,2.180,1.760,1.050,1,0,0,0,0,11,32,0,28,0
24-04 02:15:51,22.491,3.249,73.469,0,0,1429384,1084120,172592,5248260,9996.795,1619.319,0,1659.302,0,156.934,1913,1331,2.180,1.760,1.050,1,0,1.000,0,0,11,32,0,28,0
24-04 02:15:52,23.502,4.250,71.756,0,0,1473932,1039556,172592,5248260,8054.643,1620.129,0,120.010,0,27.002,1972,1266,2.180,1.760,1.050,1,0,8.001,0,0,11,32,0,28,0
24-04 02:15:53,9.745,19.240,68.713,0,0,1435384,1077924,172600,5248412,11849.665,1619.134,0,243.870,0,2.998,4794,3122,2.180,1.760,1.050,1,0,241.871,0,0,11,32,0,28,0
24-04 02:15:54,8.253,22.009,68.277,0.250,0,1421192,1092100,172600,5248424,10359.126,1620.645,0,568.226,0,11.004,4836,3090,2.080,1.750,1.050,1,0,252.100,0,0,11,32,0,22,0
24-04 02:15:55,8.753,20.007,69.025,0,0.250,1408916,1104292,172604,5248452,8356.007,1458.525,0,368.132,0,8.003,4587,2931,2.080,1.750,1.050,1,0,205.074,0,0,11,32,0,22,0
24-04 02:15:56,9.245,19.990,67.966,0,0.500,1405432,1107764,172604,5248464,7188.452,1619.201,0,307.848,0,5.997,4666,2991,2.080,1.750,1.050,1,0,228.887,0,0,11,32,0,22,0
24-04 02:15:57,8.498,20.745,67.482,0,0.500,1392800,1120372,172604,5248480,11415.034,1619.579,0,399.896,0,82.978,4729,3027,2.080,1.750,1.050,2,0,229.940,0,0,11,32,0,22,0
24-04 02:15:58,10.258,18.765,68.303,0.250,0.500,1387168,1125992,172616,5248496,7798.044,1459.131,0,536.416,0,34.026,4812,3386,2.080,1.750,1.050,1,0,212.164,0,0,11,32,0,17,0
24-04 02:15:59,22.255,3.751,73.266,0,0,1428824,1084348,172616,5248484,10543.357,1620.362,0,0,0,0,1871,1304,2,1.730,1.050,1,0,0,0,0,11,32,0,17,0
24-04 02:16:00,22.036,3.506,73.620,0,0,1491488,1021684,172616,5248484,10367.877,1460.377,0,0,0,0,1859,1187,2,1.730,1.050,1,0,2.003,0,0,11,32,0,17,0
24-04 02:16:01,23.236,2.499,73.707,0,0,1498616,1014540,172616,5248500,12702.610,1619.058,0,1786.960,0,13.992,1888,1305,2,1.730,1.050,1,0,0.999,0,0,11,32,0,17,0
24-04 02:16:02,22.526,3.754,73.835,0,0,1550968,962208,172616,5248480,9841.267,1621.857,0,20.023,0,1.001,1823,1206,2,1.730,1.050,1,0,2.002,0,0,11,32,0,14,0
24-04 02:16:03,22.236,2.998,73.454,0,0,1503776,1009380,172616,5248500,41565.000,1457.089,0,367.770,0,50.968,1881,1258,2,1.730,1.050,1,0,0.999,0,0,11,32,0,14,0
24-04 02:16:04,22.251,3.500,73.754,0,0,1543836,969328,172616,5248492,11827.586,1620.080,0,12.001,0,1.000,1933,1279,1.920,1.720,1.050,1,0,2.000,0,0,11,32,0,14,0
24-04 02:16:05,22.464,3.494,73.383,0,0,1530196,982952,172616,5248504,8585.342,1659.360,0,0,0,0,1882,1312,1.920,1.720,1.050,1,0,1.997,0,0,11,32,0,14,0
24-04 02:16:06,22.250,3.500,73.499,0,0,1571828,941340,172616,5248484,5332.961,1619.988,0,0,0,0,1901,1338,1.920,1.720,1.050,1,0,2.000,0,0,11,32,0,11,0
24-04 02:16:07,22.248,3.250,73.495,0,0.250,1518808,994340,172616,5248504,10681.218,1619.881,0,319.977,0,3.000,1858,1259,1.920,1.720,1.050,2,0,1.000,0,0,11,32,0,11,0
24-04 02:16:08,32.248,7.250,59.497,0.500,0,1560788,952352,172624,5248504,7803.624,1619.922,0,503.976,0,40.998,3364,13332,1.920,1.720,1.050,2,0,37.998,0,0,11,32,0,12,0
24-04 02:16:09,22.751,2.500,73.753,0,0,1480136,1032992,172624,5248516,10731.381,1458.052,0,132.005,0,27.001,1796,1144,1.840,1.710,1.050,3,0,1.000,0,0,11,32,0,12,0
24-04 02:16:10,22.251,4.000,73.504,0,0,1494700,1018456,172624,5248488,8297.401,1620.078,0,0,0,0,1817,1308,1.840,1.710,1.050,2,0,0,0,0,11,32,0,8,0
24-04 02:16:11,22.250,3.250,73.751,0,0,1535304,977848,172624,5248492,6156.099,1662.027,0,28.000,0,1.000,1784,1217,1.840,1.710,1.050,3,0,2.000,0,0,11,32,0,8,0
24-04 02:16:12,22.751,3.000,73.253,0,0,1498292,1014920,172624,5248432,10553.479,1620.074,0,116.005,0,2.000,1858,1278,1.840,1.710,1.050,3,0,1.000,0,0,11,32,0,8,0
24-04 02:16:13,22.247,3.749,73.239,0,0,1523744,989468,172624,5248432,8570.671,1619.749,0,171.973,0,4.999,1822,1198,1.840,1.710,1.050,3,0,2.000,0,0,11,32,0,8,0
24-04 02:16:14,22.756,3.001,73.768,0,0,1478832,1034292,172624,5248520,6197.508,1458.355,0,112.027,0,25.006,1804,1233,1.770,1.700,1.050,3,0,1.000,0,0,11,32,0,6,0
24-04 02:16:15,22.251,3.750,73.004,0,0,1478784,1034336,172624,5248524,10010.537,1620.087,0,12.001,0,1.000,1908,1371,1.770,1.700,1.050,2,0,2.000,0,0,11,32,0,6,0
24-04 02:16:16,21.999,3.750,73.497,0,0,1508644,1004496,172624,5248504,7787.686,1619.935,0,0,0,0,1831,1262,1.770,1.700,1.050,2,0,2.000,0,0,11,32,0,6,0
24-04 02:16:17,23.001,2.750,73.754,0,0,1468556,1044564,172624,5248524,12413.607,1620.079,0,80.004,0,2.000,1833,1219,1.770,1.700,1.050,2,0,1.000,0,0,11,32,0,6,0
24-04 02:16:18,22.743,3.249,72.978,0,0,1458420,1054700,172624,5248524,10710.703,1619.501,0,439.865,0,33.990,2020,1621,1.770,1.700,1.050,4,0,1.000,0,0,11,32,0,5,0
24-04 02:16:19,21.756,3.751,73.269,0,0,1514088,999040,172624,5248516,42267.176,1620.428,0,4.001,0,1.000,1875,1326,1.710,1.690,1.050,2,0,0,0,0,11,32,0,5,0
24-04 02:16:20,23.497,3.500,73.742,0,0,1510880,1002248,172624,5248516,10468.868,1619.825,0,11.999,0,1.000,1848,1181,1.710,1.690,1.050,3,0,4.999,0,0,11,32,0,5,0
24-04 02:16:21,7.983,22.701,67.356,0,0,1473840,1039236,172624,5248568,7897.113,1454.889,0,167.642,0,6.985,5017,3302,1.710,1.690,1.050,1,0,288.383,0,0,11,32,0,5,0
24-04 02:16:22,12.274,16.282,69.889,0,0,1466044,1047024,172624,5248576,10136.088,1623.217,0,80.159,0,4.008,3947,2559,1.710,1.690,1.050,1,0,168.334,0,0,11,32,0,4,0
24-04 02:16:23,23.004,3.501,73.263,0.250,0,1515252,997816,172624,5248576,5857.002,1620.277,0,84.014,0,2.000,1717,1176,1.710,1.690,1.050,1,0,0,0,0,11,32,0,4,0
24-04 02:16:24,22.993,2.249,73.229,0,0,1503008,1009664,172628,5248964,10930.848,1713.506,0,11.997,0,1.000,1914,1086,1.660,1.670,1.050,2,0,8.997,0,0,11,32,0,4,0
24-04 02:16:25,22.504,4.251,72.513,0,0,1499432,1013200,172628,5249004,8468.464,1620.280,0,160.028,0,33.006,1916,1333,1.660,1.670,1.050,1,0,1.000,0,0,11,32,0,4,0
24-04 02:16:26,17.498,14.248,66.991,0.250,0,1472860,1039644,172628,5249132,7141.080,1619.791,39.995,0,2.000,0,3385,2140,1.660,1.670,1.050,1,0,163.979,0,0,11,32,0,4,0
24-04 02:16:27,8.251,21.252,67.756,0,0.500,1463952,1048532,172628,5249148,6984.664,1620.154,0,324.031,0,39.004,4741,3027,1.660,1.670,1.050,1,0,233.022,0,0,11,32,0,3,0
24-04 02:16:28,9.750,20.499,67.247,0.250,0.750,1445628,1066832,172632,5249168,11067.439,1457.926,0,707.964,0,36.998,5011,3488,1.660,1.670,1.050,1,0,230.988,0,0,11,32,0,3,0
24-04 02:16:29,8.495,21.488,66.963,0,0.250,1432560,1079880,172632,5249184,9835.539,1619.101,0,115.936,0,1.999,4810,3066,1.520,1.650,1.040,1,0,242.865,0,0,11,32,0,3,0
24-04 02:16:30,9.005,20.761,67.286,0,0.750,1425452,1086968,172632,5249196,9986.397,1620.876,0,92.050,0,2.001,4796,3086,1.520,1.650,1.040,1,0,242.131,0,0,11,32,0,3,0
24-04 02:16:31,8.501,21.503,67.008,0,0.250,1416440,1095956,172632,5249216,8589.049,1620.198,0,96.012,0,3.000,4760,3065,1.520,1.650,1.040,1,0,240.029,0,0,11,32,0,1,0
24-04 02:16:32,9.251,20.501,67.755,0,0.500,1395976,1116404,172632,5249232,10565.715,1620.110,0,440.030,0,5.000,4762,2999,1.520,1.650,1.040,2,0,235.016,0,0,11,32,0,1,0
24-04 02:16:33,8.999,21.496,66.739,0,0.500,1388752,1123620,172632,5249240,44388.729,1619.735,0,715.883,0,8.999,4813,2952,1.520,1.650,1.040,2,0,235.961,0,0,11,32,0,1,0
24-04 02:16:34,8.998,21.246,66.237,0,0.250,1375152,1137208,172632,5249252,7040.651,1619.690,0,599.885,0,8.998,4937,3107,1.480,1.640,1.040,1,0,230.956,0,0,11,32,0,1,0
24-04 02:16:35,9.500,21.000,66.499,0.250,1.000,1378676,1133664,172636,5249264,6006.869,1619.965,0,1811.961,0,63.999,4962,3335,1.480,1.640,1.040,1,0,233.995,0,0,11,32,0,1,0
24-04 02:16:36,8.993,21.734,66.951,0,0,1364112,1148208,172636,5249280,10924.999,1456.933,0,695.491,0,37.972,4863,3069,1.480,1.640,1.040,1,0,245.820,0,0,11,32,0,1,0
24-04 02:16:37,9.009,20.020,68.817,0,0.751,1366304,1145996,172636,5249300,10109.848,1621.580,0,220.215,0,5.005,4570,2952,1.480,1.640,1.040,1,0,217.212,0,0,11,32,0,1,0
24-04 02:16:38,7.992,19.730,68.682,0,0.500,1361596,1150688,172636,5249316,10223.823,1618.389,0,111.889,0,3.996,4694,2972,1.480,1.640,1.040,3,0,223.777,0,0,11,32,0,1,0
24-04 02:16:39,8.759,20.271,68.322,0,0.250,1358088,1154180,172636,5249332,8565.972,1621.699,0,112.117,0,4.004,4642,2981,1.440,1.620,1.040,1,0,229.240,0,0,11,32,0,1,0
24-04 02:16:40,8.501,20.252,68.006,0,0.750,1358232,1154016,172636,5249352,10572.886,1620.136,0,324.027,0,6.001,4616,2992,1.440,1.620,1.040,1,0,225.019,0,0,11,32,0,1,0
24-04 02:16:41,8.733,21.459,66.624,0,0.499,1347616,1164608,172636,5249368,7739.353,1616.940,0,23.955,0,5.989,4667,2957,1.440,1.620,1.040,2,0,231.562,0,0,11,32,0,1,0
24-04 02:16:42,8.515,22.040,67.121,0,0.501,1348104,1164108,172636,5249380,6079.993,1622.934,0,376.681,0,9.016,4785,3031,1.440,1.620,1.040,1,0,248.449,0,0,11,32,0,1,0
24-04 02:16:43,8.751,19.502,68.006,0,0.750,1352048,1160148,172636,5249396,13308.227,1620.149,0,20.002,0,5.000,4732,2971,1.440,1.620,1.040,2,0,219.020,0,0,11,32,0,1,0
24-04 02:16:44,11.500,21.499,64.998,0,0.250,1336892,1175272,172652,5249408,8239.714,1499.948,0,12.000,0,3.000,4761,3264,1.490,1.630,1.040,4,0,262.991,0,0,11,32,0,1,0
24-04 02:16:45,27.005,27.005,43.258,0.250,0.250,1369892,1142228,172668,5249432,6008.158,1620.312,0,768.148,0,36.007,5625,3946,1.490,1.630,1.040,2,0,266.051,0,0,11,32,0,3,0
24-04 02:16:46,45.070,30.547,23.036,0.250,0,1459280,1052812,172704,5249424,10425.146,1622.513,0,1161.799,0,169.262,5873,4428,1.490,1.630,1.040,3,0,411.638,0,0,11,32,0,7,0
24-04 02:16:47,67.269,8.252,24.257,0.250,0,1625724,883872,172908,5251384,8318.362,1620.460,16.005,1500.426,1.000,38.011,3886,1905,1.490,1.630,1.040,4,1,3.001,0,0,11,34,0,7,0
24-04 02:16:48,40.637,8.476,35.152,13.462,0,1674720,825436,173556,5259248,12181.033,1453.946,426.810,22620.922,8.975,1717.212,10841,17846,1.490,1.630,1.040,2,1,64.819,0,0,11,38,0,8,0
24-04 02:16:49,30.210,9.737,40.696,14.481,0,1671028,823672,174108,5263976,46581.172,1617.853,0,36659.341,0,2689.430,12898,22348,1.770,1.690,1.070,6,2,50.932,0,0,11,38,0,8,0
24-04 02:16:50,30.057,14.277,36.069,14.277,0,1653056,837544,174348,5267672,6339.074,1623.091,0,50227.668,0,3303.292,13463,24600,1.770,1.690,1.070,3,0,77.147,0,0,11,36,0,8,0
24-04 02:16:51,38.415,13.221,28.188,14.718,0,1693860,792720,174492,5271412,13355.587,1185.389,0,36834.878,0,2569.341,11949,20634,1.770,1.690,1.070,1,1,54.879,0,0,11,36,0,8,0
24-04 02:16:52,40.379,11.537,29.594,14.546,0.251,1713236,767844,174660,5276540,16292.984,6533.847,0,45653.662,0,3514.212,13311,23507,1.770,1.690,1.070,6,0,33.106,0,0,11,37,0,8,0
24-04 02:16:53,42.453,8.990,32.464,12.486,0,1706472,769600,174752,5281264,16634.588,4981.486,0,34365.963,0,2560.166,12498,21825,1.770,1.690,1.070,1,1,11.987,0,0,11,37,0,8,0
24-04 02:16:54,38.710,14.735,31.218,10.739,0,1652036,820888,175108,5283948,9569.135,2463.460,0,30388.671,0,2321.607,12153,20102,2.270,1.790,1.100,5,0,93.903,0,0,11,36,0,9,0
24-04 02:16:55,50.768,9.753,23.758,12.754,0,1681040,788004,175412,5287380,14190.975,1620.568,0,31587.073,0,2335.819,11582,19260,2.270,1.790,1.100,4,0,10.004,0,0,11,36,0,9,0
24-04 02:16:56,33.190,21.212,30.944,10.731,0,1581304,884524,175636,5290232,15079.835,8524.644,271.511,33695.301,2.995,2317.825,12907,21457,2.270,1.790,1.100,4,1,231.583,0,0,11,35,0,9,0
24-04 02:16:57,42.091,18.289,26.307,11.024,0,1579896,882668,175772,5293564,16302.078,8311.885,100.216,27082.275,3.006,1976.252,13089,22127,2.270,1.790,1.100,4,0,110.237,0,0,11,35,0,9,0
24-04 02:16:58,40.979,18.627,24.587,13.163,0,1579648,880776,175872,5295164,14668.042,7068.278,615.929,26736.270,9.934,1985.873,12231,22117,2.270,1.790,1.100,4,2,112.258,0,0,11,37,0,9,0
24-04 02:16:59,44.814,22.155,21.400,9.567,0,1548612,909860,175972,5296972,10932.498,2166.157,1031.216,29631.340,17.120,1965.755,11117,17399,2.490,1.850,1.120,6,0,172.205,0,0,11,36,0,9,0
24-04 02:17:00,35.262,7.503,42.514,13.004,0,1589244,866244,176052,5299736,11954.065,3593.222,0,31206.612,0,2644.899,11274,21867,2.490,1.850,1.120,4,1,61.021,0,0,11,37,0,9,0
24-04 02:17:01,32.729,7.745,42.223,12.742,0,1588800,864736,176132,5301556,15609.113,6443.918,3.997,34825.941,0.999,2694.293,12118,22494,2.490,1.850,1.120,3,0,26.983,0,0,11,37,0,9,0
24-04 02:17:02,31.503,8.501,45.254,11.001,0,1587492,865932,176316,5301464,17586.575,8186.733,0,18753.679,0,1743.156,11461,19361,2.490,1.850,1.120,4,1,12.001,0,0,11,37,0,9,0
24-04 02:17:03,34.755,8.001,42.756,10.252,0,1587056,867308,176400,5300428,54165.089,7043.052,0,24427.648,0,1961.293,11103,19074,2.490,1.850,1.120,3,1,3.000,0,0,11,37,0,9,0
24-04 02:17:04,33.433,12.974,38.921,10.728,0,1512812,940392,176488,5301500,10987.823,2478.997,0,19943.747,0,1716.535,9785,15800,2.690,1.900,1.140,3,0,88.821,0,0,11,36,0,10,0
24-04 02:17:05,37.046,7.509,39.299,11.014,0,1561392,890712,176604,5302456,7751.671,1610.009,0,26284.794,0,2185.727,10832,18635,2.690,1.900,1.140,3,0,22.027,0,0,11,36,0,10,0
24-04 02:17:06,29.792,8.512,46.817,10.765,0,1565252,887024,176648,5302232,13550.254,8371.896,0,26113.105,0,2307.278,11868,20998,2.690,1.900,1.140,2,1,15.021,0,0,11,37,0,10,0
24-04 02:17:07,33.720,6.744,42.462,11.739,0,1564788,886176,176712,5303456,19518.425,8414.423,0,30940.140,0,2510.739,12645,21591,2.690,1.900,1.140,4,0,11.989,0,0,11,37,0,10,0
24-04 02:17:08,38.011,8.252,41.512,9.003,0,1573336,876852,176736,5304200,18997.521,7117.068,0,17977.225,0,1627.473,10748,17537,2.690,1.900,1.140,13,0,35.010,0,0,11,37,0,10,0
24-04 02:17:09,46.476,11.994,29.734,9.495,0,1607848,841344,176752,5305144,10244.637,2083.909,0,26266.249,0,2091.905,10445,28519,2.950,1.970,1.170,4,0,66.965,0,0,11,36,0,11,0
24-04 02:17:10,36.479,6.246,41.726,11.493,0,1642772,805296,176764,5306232,14588.481,3812.774,0,16046.630,0,1640.042,9879,16104,2.950,1.970,1.170,5,0,23.986,0,0,11,37,0,11,0
24-04 02:17:11,35.264,9.004,41.266,11.755,0,1636972,810032,176828,5307200,17249.850,7357.922,0,30728.202,0,2280.906,11785,19812,2.950,1.970,1.170,1,1,27.011,0,0,11,37,0,11,0
24-04 02:17:12,32.488,8.747,43.483,10.996,0,1628972,816708,176896,5308420,18884.768,6599.473,0,24670.553,0,1994.236,11592,19567,2.950,1.970,1.170,2,0,8.997,0,0,11,37,0,10,0
24-04 02:17:13,33.001,7.750,43.502,11.500,0,1620496,823208,176948,5310300,15454.666,8458.365,0,24469.055,0,1982.085,11428,19456,2.950,1.970,1.170,3,2,30.001,0,0,11,36,0,11,0
24-04 02:17:14,31.640,13.453,38.865,12.208,0,1537800,904628,177016,5311472,10664.047,1614.406,0,24937.587,0,2058.866,10810,18011,2.960,1.980,1.180,3,1,72.748,0,0,11,36,0,11,0
24-04 02:17:15,34.395,9.791,38.663,14.059,0.251,1576632,864692,177080,5312484,12365.998,2318.750,0,32018.636,0,2602.945,11736,20709,2.960,1.980,1.180,3,2,28.118,0,0,11,37,0,11,0
24-04 02:17:16,33.293,6.759,44.307,12.266,0.250,1576380,863300,177096,5314068,11628.019,5939.672,0,25861.403,0,2120.739,10891,19235,2.960,1.980,1.180,3,0,51.066,0,0,11,37,0,11,0
24-04 02:17:17,33.967,9.990,41.210,11.739,0,1541720,896468,177108,5315496,17157.524,5380.833,0,34019.331,0,2776.334,12560,23484,2.960,1.980,1.180,3,0,74.928,0,0,11,36,0,12,0
24-04 02:17:18,33.749,9.250,38.999,14.499,0,1560496,876228,177124,5316900,12106.557,3591.868,0,34998.719,0,2455.910,11661,20163,2.960,1.980,1.180,1,1,29.999,0,0,11,37,0,12,0
24-04 02:17:19,33.008,7.252,45.261,11.003,0,1563804,872080,177136,5317700,50536.076,5544.325,0,22993.495,0,1973.472,10097,17287,3.040,2.020,1.200,2,1,12.003,0,0,11,37,0,12,0
24-04 02:17:20,32.985,12.744,39.232,11.245,0.250,1543596,893036,177168,5316904,13458.990,2447.907,0,22505.950,0,1936.135,10654,18090,3.040,2.020,1.200,3,0,71.968,0,0,11,36,0,13,0
24-04 02:17:21,38.042,8.509,38.292,12.764,0,1592692,848180,177200,5312628,5804.437,1621.799,0,29500.718,0,2537.815,10635,20673,3.040,2.020,1.200,3,0,0,0,0,11,36,0,13,0
24-04 02:17:22,32.467,7.992,44.455,11.738,0,1594396,845904,177220,5313176,19679.107,7866.049,0,35364.252,0,2590.382,12104,21882,3.040,2.020,1.200,1,1,20.979,0,0,11,37,0,13,0
24-04 02:17:23,37.022,8.755,40.774,9.756,0,1568708,871464,177236,5313288,15003.759,5997.501,0,24134.089,0,1845.077,10120,16567,3.040,2.020,1.200,5,0,48.028,0,0,11,34,0,15,0
24-04 02:17:24,34.054,19.030,45.573,0.250,0,1447672,992448,177240,5313336,9112.532,1716.738,0,1306.083,0,77.123,4787,2929,2.960,2.020,1.200,2,0,168.268,0,0,11,32,0,15,0
24-04 02:17:25,21.758,7.503,67.523,1.000,0,1471268,968804,177240,5313384,19715.846,6834.373,0,4117.430,0,258.090,3552,3225,2.960,2.020,1.200,1,0,58.020,0,0,11,33,0,15,0
24-04 02:17:26,19.197,2.493,75.043,1.496,0,1470664,969392,177240,5313400,15413.456,6377.397,0,4762.854,0,236.348,3842,4463,2.960,2.020,1.200,1,0,0,0,0,11,33,0,15,0
24-04 02:17:27,14.258,14.258,69.288,0.250,0.250,1439356,1000648,177240,5313452,14329.761,2375.286,0,1744.945,0,179.097,4263,2901,2.960,2.020,1.200,2,0,154.083,0,0,11,32,0,16,0
24-04 02:17:28,8.241,23.475,65.930,0.250,0.250,1422140,1017744,177240,5313572,10275.081,1618.280,0,907.036,0,59.936,4791,2953,2.960,2.020,1.200,1,0,241.743,0,0,11,32,0,16,0
24-04 02:17:29,12.736,25.222,58.935,0.749,0.499,1404060,1035808,177240,5313588,5798.611,1618.217,0,2976.720,0,149.835,5161,3644,2.960,2.030,1.210,3,0,261.712,0,0,11,34,0,17,0
24-04 02:17:30,53.478,18.579,27.367,0.251,0,1470704,968968,177256,5313768,12665.067,1626.945,0,1128.819,0,83.356,5161,3752,2.960,2.030,1.210,4,0,140.600,0,0,11,32,0,22,0
24-04 02:17:31,66.689,8.461,24.137,0,0,1603572,834700,177312,5315104,8120.099,1612.474,0,497.677,0,14.930,3773,1754,2.960,2.030,1.210,4,0,1.991,0,0,11,32,0,22,0
24-04 02:17:32,68.566,7.507,24.023,0,0,1766108,668184,177460,5318640,17371.819,1621.570,0,2017.954,0,44.043,3793,1593,2.960,2.030,1.210,3,0,5.005,0,0,11,32,0,22,0
24-04 02:17:33,44.062,7.761,34.048,9.513,0,1785564,641472,177528,5325292,46619.810,1622.290,0,24254.238,0,1789.526,11130,17520,2.960,2.030,1.210,3,0,94.133,0,0,11,38,0,22,0
24-04 02:17:34,29.172,9.973,41.888,14.461,0,1786924,635928,177568,5329316,10746.184,1615.668,0,40575.196,0,2970.036,13314,23610,3.040,2.070,1.230,3,1,92.751,0,0,11,38,0,22,0
24-04 02:17:35,27.316,10.275,43.105,14.034,0,1786244,631644,177588,5334024,12264.829,1461.555,0,45839.486,0,3079.490,13642,24599,3.040,2.070,1.230,0,1,76.185,0,0,11,38,0,22,0
24-04 02:17:36,30.967,9.240,40.207,12.986,0,1786512,627108,177620,5338152,6243.264,1618.254,0,31757.738,0,2486.318,12311,21560,3.040,2.070,1.230,0,1,101.890,0,0,11,38,0,22,0
24-04 02:17:37,22.525,9.761,46.552,15.267,0,1788548,621816,177656,5341256,7968.867,1621.805,0,42911.747,0,3086.434,13465,24361,3.040,2.070,1.230,2,1,69.077,0,0,11,38,0,22,0
24-04 02:17:38,21.754,9.752,45.759,16.253,0.250,1788588,618540,177672,5344356,13500.775,1620.333,0,44961.242,0,3376.694,13343,24157,3.040,2.070,1.230,2,0,45.009,0,0,11,38,0,22,0
24-04 02:17:39,37.777,9.257,36.026,12.509,0,1660868,742776,177696,5347720,7364.351,1459.060,0,23312.941,0,2087.517,11573,19529,3.040,2.080,1.240,6,0,95.069,0,0,11,36,0,22,0
24-04 02:17:40,41.430,14.226,27.703,13.727,0,1691544,709012,177728,5350680,12047.689,1617.274,0,42288.708,0,2989.959,13208,23698,3.040,2.080,1.240,2,1,120.796,0,0,11,36,0,22,0
24-04 02:17:41,43.728,10.495,27.486,14.743,0,1749012,644752,177764,5357196,9637.149,1457.266,0,33315.230,0,2714.633,13027,22447,3.040,2.080,1.240,8,0,78.960,0,0,11,36,0,22,0
24-04 02:17:42,47.525,9.755,25.013,13.007,0,1794600,596116,177788,5360104,13341.956,1620.845,0,37787.700,0,2779.449,12889,22459,3.040,2.080,1.240,5,0,50.026,0,0,11,38,0,22,0
24-04 02:17:43,28.926,14.214,40.646,12.967,0,1745464,638464,177812,5366584,10031.284,1615.858,0,47845.347,0,3188.825,12846,23807,3.040,2.080,1.240,1,1,74.808,0,0,11,36,0,22,0
24-04 02:17:44,18.554,9.277,49.895,15.796,0,1738628,639452,177832,5372208,6358.465,1462.246,0,50502.657,0,3249.436,12699,23988,2.880,2.060,1.230,2,2,0,0,0,11,36,0,22,0
24-04 02:17:45,18.748,8.499,51.995,14.749,0.250,1731956,643208,177840,5374988,8179.188,1619.839,0,27537.266,0,2329.769,11975,21331,2.880,2.060,1.230,0,1,30.997,0,0,11,36,0,22,0
24-04 02:17:46,18.470,9.734,50.918,15.225,0,1725268,648508,177848,5376308,10514.968,1455.642,0,44168.457,0,3136.919,13051,24006,2.880,2.060,1.230,2,0,35.942,0,0,11,36,0,22,0
24-04 02:17:47,27.427,8.727,43.385,15.708,0,1720832,649992,177848,5379140,10265.784,1615.717,0,34177.392,0,2621.051,12142,21405,2.880,2.060,1.230,2,1,44.881,0,0,11,36,0,22,0
24-04 02:17:48,39.173,7.533,40.178,10.295,0,1562984,806868,177860,5380064,12440.981,1627.191,0,34432.169,0,2438.778,10413,18370,2.880,2.060,1.230,3,1,38.169,0,0,11,34,0,15,0
24-04 02:17:49,18.013,21.766,57.292,0.751,0,1420216,949604,177860,5380092,45784.844,1621.198,0,4995.693,0,266.197,5039,3887,2.890,2.080,1.240,1,0,244.180,0,0,11,32,0,15,0
24-04 02:17:50,22.250,3.500,72.751,0.500,0,1468000,901820,177860,5380092,15005.283,1458.027,0,2564.048,0,137.003,2069,1674,2.890,2.080,1.240,1,0,1.000,0,0,11,32,0,15,0
24-04 02:17:51,23.255,3.001,73.515,0,0,1533276,836544,177860,5380092,13948.813,1620.327,0,0,0,0,1817,1159,2.890,2.080,1.240,1,0,2.000,0,0,11,32,0,15,0
24-04 02:17:52,22.540,4.758,71.377,0.250,0,1479416,890392,177860,5380104,10371.388,1622.877,0,156.277,0,12.021,2685,2032,2.890,2.080,1.240,3,0,31.055,0,0,11,32,0,15,0
24-04 02:17:53,22.927,3.240,73.268,0,0.249,1521804,847996,177860,5380104,8789.151,1614.883,0,39.874,0,3.987,1906,1292,2.890,2.080,1.240,2,0,2.991,0,0,11,32,0,15,0
24-04 02:17:54,22.529,3.004,73.844,0,0,1575724,794076,177860,5380104,11310.356,1622.059,0,152.193,0,34.043,1842,1252,2.740,2.060,1.240,1,0,2.003,0,0,11,32,0,15,0
24-04 02:17:55,18.485,11.241,68.194,0.500,0,1518484,851304,177864,5380112,12075.021,1618.662,0,383.683,0,28.976,3325,2320,2.740,2.060,1.240,2,0,123.898,0,0,11,32,0,15,0
24-04 02:17:56,15.010,39.526,42.778,0,0,1499832,869932,177864,5380136,10169.666,1458.956,0,192.126,0,14.009,5975,4143,2.740,2.060,1.240,2,0,435.285,0,0,11,32,0,15,0
24-04 02:17:57,14.739,40.219,42.217,0,0,1486716,883008,177864,5380176,9802.396,1618.744,0,227.823,0,14.988,5999,4236,2.740,2.060,1.240,2,0,467.637,0,0,11,32,0,14,0
24-04 02:17:58,10.758,29.021,58.541,0,0.500,1473364,896348,177864,5380188,13143.305,1621.148,0,28.020,0,7.005,5174,3226,2.740,2.060,1.240,1,0,333.236,0,0,11,32,0,14,0
24-04 02:17:59,8.251,21.002,68.257,0,0.750,1468724,900984,177864,5380192,7482.805,1458.157,0,388.042,0,11.001,4679,2780,2.680,2.060,1.250,1,0,239.026,0,0,11,32,0,14,0
24-04 02:18:00,8.992,20.981,67.687,0,0,1457080,912560,177864,5380260,8015.592,1618.504,0,259.760,0,55.948,4992,3221,2.680,2.060,1.250,2,0,267.753,0,0,11,32,0,14,0
24-04 02:18:01,8.484,18.714,69.368,0,0.749,1436896,932728,177864,5380276,11827.428,1616.914,0,3.992,0,0.998,4583,2932,2.680,2.060,1.250,2,0,211.596,0,0,11,32,0,14,0
24-04 02:18:02,9.528,19.809,68.452,0,0.251,1422668,946932,177864,5380296,12387.607,1624.802,0,176.522,0,7.021,4568,2726,2.680,2.060,1.250,1,0,175.519,0,0,11,32,0,14,0
24-04 02:18:03,9.999,19.498,67.243,0,0.250,1425448,944136,177864,5380308,44366.100,1619.821,0,15.998,0,4.000,4617,2870,2.680,2.060,1.250,1,0,186.979,0,0,11,32,0,14,0
24-04 02:18:04,17.499,17.499,63.247,0,0.250,1421396,948172,177864,5380760,11538.534,1619.935,0,4287.827,0,90.996,5127,4928,2.540,2.040,1.250,1,0,149.994,0,0,11,32,0,14,0
24-04 02:18:05,25.984,15.241,57.215,0.250,0.250,1417204,952172,177868,5380912,10135.777,1457.105,0,615.622,0,34.979,4455,4849,2.540,2.040,1.250,3,0,93.942,0,0,11,32,0,13,0
24-04 02:18:06,48.785,14.260,36.026,0,0,1512944,856412,177876,5380932,10423.387,1621.149,0,32.023,0,2.001,4071,2309,2.540,2.040,1.250,2,0,100.071,0,0,11,33,0,13,0
24-04 02:18:07,44.252,6.000,48.752,0,0,1606464,762768,177876,5381056,11687.490,1662.070,0,4.000,0,1.000,2822,1507,2.540,2.040,1.250,3,0,0,0,0,11,35,0,13,0
24-04 02:18:08,45.996,5.999,47.745,0,0,1654220,713676,177932,5382140,5463.476,1619.845,103.990,587.944,1.000,27.997,3689,2968,2.540,2.040,1.250,3,0,18.998,0,0,11,49,0,13,0
24-04 02:18:09,40.494,15.998,42.494,0,0,1680412,684244,177948,5385156,11345.286,1619.755,0,367.944,0,8.999,6914,24608,2.420,2.030,1.240,4,0,192.971,0,0,11,48,0,13,0
24-04 02:18:10,12.004,20.007,65.021,0.250,0.500,1684580,680048,177952,5385608,10388.420,1662.547,0,4205.384,0,287.095,5781,5207,2.420,2.030,1.240,2,0,209.069,0,0,11,48,0,13,0
24-04 02:18:11,23.741,13.745,61.726,0,0,1685248,679312,177952,5385612,11510.502,1187.536,0,807.684,0,2.999,3998,4228,2.420,2.030,1.240,1,0,102.960,0,0,11,48,0,13,0
24-04 02:18:12,4.751,4.501,89.761,0,0,1684424,680128,177952,5385184,8639.099,1404.179,0,0,0,0,1722,1603,2.420,2.030,1.240,0,0,28.004,0,0,11,48,0,13,0
24-04 02:18:13,0.250,0.500,97.992,0,0,1682252,682300,177952,5385184,12478.955,1457.878,0,7.999,0,2.000,764,1003,2.420,2.030,1.240,0,0,3.000,0,0,11,48,0,13,0
24-04 02:18:14,0.750,1.000,97.747,0,0,1679448,685104,177952,5385184,7226.780,1133.965,0,4.000,0,1.000,839,1015,2.220,1.990,1.240,0,0,3.000,0,0,11,48,0,13,0
24-04 02:18:15,0.500,0.500,97.507,0,0,1678396,686156,177952,5385184,8737.599,1566.107,0,388.027,0,27.002,1009,1440,2.220,1.990,1.240,0,0,2.000,0,0,11,48,0,13,0
24-04 02:18:16,8.001,11.002,79.265,0.250,0.250,1665776,698788,177952,5385352,8342.533,1512.278,0,1584.291,0,9.002,3343,2712,2.220,1.990,1.240,2,0,131.024,0,0,11,48,0,13,0
24-04 02:18:17,24.188,17.705,56.356,0,0.249,1685284,679288,177952,5385284,11047.848,1615.882,0,0,0,0,5148,6978,2.220,1.990,1.240,4,0,150.616,0,0,11,48,0,11,0
24-04 02:18:18,14.029,18.288,65.637,0,0,1690920,673640,177952,5385208,10303.478,1461.046,0,244.510,0,28.058,4933,4512,2.220,1.990,1.240,5,0,208.434,0,0,11,64,0,11,0
24-04 02:18:19,14.503,22.255,61.265,0,0.250,1689500,674980,177952,5385248,47315.324,1858.445,0,8.002,0,2.000,5098,3636,2.130,1.970,1.240,2,0,213.051,0,0,12,64,0,11,0
24-04 02:18:20,20.977,15.732,61.431,0,0,1673368,690976,177952,5385724,12498.060,1564.255,0,0,0,0,5149,5888,2.130,1.970,1.240,7,0,130.854,0,0,12,64,0,11,0
24-04 02:18:21,16.758,15.507,66.530,0,0,1669424,694976,177952,5385320,12463.641,1620.734,0,40.018,0,8.004,4024,3312,2.130,1.970,1.240,1,0,143.065,0,0,12,64,0,10,0
24-04 02:18:22,8.501,13.501,76.505,0.250,0.250,1660876,703476,177952,5385384,8665.557,1512.097,0,236.015,0,10.001,3074,2538,2.130,1.970,1.240,1,0,161.010,0,0,12,64,0,10,0
24-04 02:18:23,18.759,16.508,63.031,0,0,1658456,705812,177952,5385868,8502.159,1620.793,0,4.002,0,1.000,4922,4971,2.130,1.970,1.240,1,0,133.065,0,0,14,66,0,10,0
24-04 02:18:24,19.501,13.751,65.254,0,0,1655636,708632,177952,5385428,10019.657,1756.115,0,12.001,0,3.000,4302,4258,1.960,1.940,1.230,0,0,94.006,0,0,14,64,0,11,0
24-04 02:18:25,11.250,20.251,65.753,0,0.500,1660584,703536,177952,5385572,35831.381,1620.062,0,524.020,0,39.002,5358,3799,1.960,1.940,1.230,1,0,233.009,0,0,14,66,0,9,0
24-04 02:18:26,9.500,19.000,69.499,0,0,1662036,702028,177952,5385628,11725.851,1619.979,0,4.000,0,1.000,4502,2942,1.960,1.940,1.230,2,0,205.997,0,0,14,66,0,9,0
24-04 02:18:27,9.496,20.242,67.724,0,0.750,1655496,708552,177952,5385644,10238.039,1619.374,0,43.983,0,7.997,4651,2822,1.960,1.940,1.230,1,0,177.931,0,0,14,66,0,9,0
24-04 02:18:28,16.491,17.491,62.967,0,0.250,1662424,701600,177952,5386096,9153.227,1619.156,0,11.994,0,2.998,5251,5398,1.960,1.940,1.230,1,0,154.919,0,0,14,66,0,9,0
24-04 02:18:29,23.501,14.751,60.752,0,0,1665824,698196,177952,5385656,10255.405,1656.065,0,0,0,0,4999,5609,1.960,1.940,1.230,3,0,94.004,0,0,14,66,0,8,0
24-04 02:18:30,29.032,25.778,43.547,0.250,0,1740704,623292,177960,5385668,9723.553,1513.643,0,965.047,0,60.065,5334,3209,1.960,1.940,1.230,2,0,232.252,0,0,14,66,0,8,0
24-04 02:18:31,31.534,22.347,44.942,0,0,1801060,562524,178020,5385988,8186.894,1608.973,0,2939.853,0,286.040,5330,3019,1.960,1.940,1.230,4,0,215.523,0,0,14,66,0,8,0
24-04 02:18:32,31.657,24.873,42.209,0,0,1861036,501288,178040,5387144,10426.661,1465.260,8.040,184.916,1.005,2.010,5685,4821,1.960,1.940,1.230,3,0,269.334,0,0,14,70,0,10,0
24-04 02:18:33,28.556,26.301,43.836,0,0,1919712,442580,178040,5387168,46582.186,1623.177,0,0,0,0,5411,3186,1.960,1.940,1.230,3,0,253.496,0,0,14,70,0,10,0
24-04 02:18:34,31.180,21.701,45.149,0,0,1954608,407664,178040,5387188,6338.814,1616.383,0,7.982,0,1.996,4978,2910,1.960,1.940,1.240,4,0,195.562,0,0,14,70,0,4,0
24-04 02:18:35,17.235,21.481,60.696,0.250,0,1954180,407852,178044,5387392,13225.253,1456.706,0,1238.900,0,9.991,4876,3140,1.960,1.940,1.240,1,0,192.829,0,0,14,70,0,4,0
24-04 02:18:36,10.016,20.031,67.355,0,0.751,1933900,428096,178044,5387408,11629.164,1622.534,0,20.031,0,5.008,4652,2928,1.960,1.940,1.240,2,0,175.274,0,0,14,70,0,4,0
24-04 02:18:37,23.024,16.016,58.810,0,0,1941436,420392,178044,5387984,11767.042,1459.494,0,28.029,0,7.007,5303,7205,1.960,1.940,1.240,1,0,127.130,0,0,14,70,0,4,0
24-04 02:18:38,38.462,17.483,42.707,0,0,1982840,378988,178044,5387940,10138.886,1618.386,0,0,0,0,4548,2926,1.960,1.940,1.240,3,0,128.871,0,0,14,70,0,4,0
24-04 02:18:39,51.720,26.109,20.887,0,0,2098968,262800,178056,5388052,6894.714,1611.286,0,7.957,0,1.989,5437,3500,2.210,1.990,1.260,5,0,251.639,0,0,14,70,0,4,0
24-04 02:18:40,59.160,22.657,18.377,0,0,2168316,192524,178104,5389228,12022.238,1558.793,0,543.765,0,18.125,6446,6822,2.210,1.990,1.260,3,0,277.924,0,0,14,70,0,4,0
24-04 02:18:41,63.689,20.730,11.988,3.497,0,2226816,147644,176004,5377076,10611.795,1618.444,179.827,1410.643,44.957,84.918,6441,7423,2.210,1.990,1.260,4,0,266.743,0,0,14,74,0,4,0
24-04 02:18:42,57.894,24.561,10.526,5.263,0,2387384,160028,171332,5213748,8098.195,1624.050,20.050,23526.669,5.012,1331.320,10949,18319,2.210,1.990,1.260,15,0,439.095,0,0,14,74,0,4,0
24-04 02:18:43,61.554,19.017,11.260,7.256,0,2404536,194740,171096,5162868,12070.650,1621.431,1036.915,17767.677,68.060,1586.400,13064,22661,2.210,1.990,1.260,4,0,185.163,0,0,14,74,0,4,0
24-04 02:18:44,73.464,22.489,2.999,0.250,0,2555532,191232,170676,5018748,7666.256,1619.209,975.524,1443.295,45.978,69.966,7289,10922,2.510,2.060,1.280,4,0,502.754,0,0,14,80,0,7,0
24-04 02:18:45,59.878,20.458,17.714,0.748,0,2610240,203292,170660,4953668,13360.871,1616.717,15.968,7883.992,2.994,398.191,9662,15495,2.510,2.060,1.280,4,0,197.599,0,0,14,91,0,13,0
24-04 02:18:46,53.719,25.485,19.988,0.500,0,2755748,131036,170660,4882224,10335.996,1619.060,235.863,8031.335,21.987,521.697,6379,5231,2.510,2.060,1.280,5,0,251.854,0,0,14,93,0,14,0
24-04 02:18:47,36.750,24.750,36.500,0.250,0,2831988,125284,170672,4813396,6351.930,1457.984,8.000,2867.968,2.000,137.998,6844,9627,2.510,2.060,1.280,3,0,282.997,0,0,14,93,0,14,0
24-04 02:18:48,34.664,23.192,40.898,0.249,0,2855288,171908,170672,4744984,13172.219,1615.978,3.990,91.772,0.998,8.978,6146,5460,2.510,2.060,1.280,2,0,193.518,0,0,14,93,0,15,0
24-04 02:18:49,19.013,22.015,56.290,0,0.500,2873836,152648,170676,4746076,43934.838,1621.138,0,32.022,0,8.006,5558,5259,2.390,2.040,1.280,2,0,189.133,0,0,14,97,0,17,0
24-04 02:18:50,25.299,15.029,58.865,0,0,2884704,141780,170676,4746184,13040.408,1713.338,0,0,0,0,4838,5821,2.390,2.040,1.280,1,0,129.252,0,0,14,97,0,17,0
24-04 02:18:51,40.508,16.753,41.508,0.250,0,2953476,139560,170680,4680768,10048.984,1620.320,36.007,12.002,3.001,2.000,4420,2901,2.390,2.040,1.280,3,0,127.025,0,0,14,98,0,17,0
24-04 02:18:52,45.186,6.990,45.935,0,0,3050064,177012,170696,4549544,10536.129,1455.945,311.560,3351.270,20.970,35.949,3440,2467,2.390,2.040,1.280,1,0,2.996,0,0,14,102,0,17,0
24-04 02:18:53,9.010,20.523,68.826,0.501,0,3062944,164232,170696,4549536,12562.941,1621.800,0,1157.284,0,78.087,5109,3891,2.390,2.040,1.280,2,0,234.260,0,0,14,101,0,17,0
24-04 02:18:54,8.750,19.249,69.748,0,0.250,3066032,161120,170696,4549560,7206.774,1457.954,4.000,1763.945,1.000,15.999,4636,3181,2.280,2.030,1.280,1,0,197.994,0,0,14,103,0,17,0
24-04 02:18:55,9.751,18.252,68.759,0,0.750,3075324,151804,170696,4549584,8490.134,1620.216,0,216.029,0,23.003,4638,3303,2.280,2.030,1.280,1,0,199.027,0,0,14,107,0,17,0
24-04 02:18:56,9.499,18.997,69.490,0.500,0,3066900,160208,170696,4549604,12875.179,1619.771,0,483.932,0,6.999,4591,3015,2.280,2.030,1.280,2,0,202.971,0,0,14,109,0,17,0
24-04 02:18:57,11.002,16.504,69.515,0,0.250,3084016,143076,170700,4549616,13771.963,1620.349,4.001,80.017,1.000,9.002,4084,2784,2.280,2.030,1.280,1,0,166.036,0,0,14,111,0,17,0
24-04 02:18:58,22.753,5.251,71.761,0.250,0,3131264,163272,170700,4483824,9840.471,1620.242,4.001,44.007,1.000,4.001,1909,1290,2.280,2.030,1.280,1,0,1.000,0,0,14,113,0,17,0
24-04 02:18:59,30.695,6.488,60.640,0.250,0.250,3217448,142560,170592,4419980,18300.944,7833.850,11.978,443.199,2.995,43.921,3731,3704,2.340,2.040,1.290,2,0,3.993,0,0,14,119,0,17,0
24-04 02:19:00,20.280,6.760,71.857,0.501,0,3170680,189184,170592,4420124,28574.680,17875.700,0,360.539,0,30.045,3361,2884,2.340,2.040,1.290,1,0,64.096,0,0,14,117,0,18,0
24-04 02:19:01,20.235,3.497,75.443,0,0,3236016,123844,170592,4420144,9700.616,3589.268,3.997,2558.053,0.999,274.791,1992,1331,2.340,2.040,1.290,0,0,0,0,0,14,118,0,18,0
24-04 02:19:02,16.984,2.498,78.427,0.500,0,3232288,127556,170592,4420160,13766.250,6197.260,0,307.715,0,25.976,2503,2575,2.340,2.040,1.290,2,0,0.999,0,0,14,122,0,18,0
24-04 02:19:03,24.784,5.257,67.091,1.001,0,3236616,122884,170608,4420456,44070.090,1459.991,0,1638.234,0,199.272,4796,6367,2.340,2.040,1.290,2,0,3.004,0,0,14,126,0,18,0
24-04 02:19:04,23.503,5.501,67.758,1.500,0,3239408,183840,170616,4358104,12427.481,1620.193,672.080,1284.153,31.004,140.017,4623,6250,2.230,2.020,1.290,1,0,1.000,0,0,14,129,0,18,0
24-04 02:19:05,20.256,9.003,67.269,0.750,0.250,3164804,258276,170616,4358272,9142.600,2667.759,0,1484.422,0,139.040,5045,5747,2.230,2.020,1.290,2,0,81.023,0,0,14,126,0,20,0
24-04 02:19:06,20.000,6.750,72.501,0,0,3224280,198792,170616,4358280,10285.197,1620.031,0,480.009,0,30.001,2363,1737,2.230,2.020,1.290,1,0,31.001,0,0,14,126,0,20,0
24-04 02:19:07,19.494,2.499,76.228,0.750,0,3241656,181332,170616,4358364,14058.905,7383.849,31.991,9761.157,1.999,715.791,2609,2074,2.230,2.020,1.290,1,0,0,0,0,14,127,0,20,0
24-04 02:19:08,18.729,2.747,76.662,0.499,0,3241640,181332,170616,4358380,13613.425,4124.282,3.995,279.680,0.999,34.960,2259,2135,2.230,2.020,1.290,1,0,0,0,0,14,127,0,20,0
24-04 02:19:09,44.129,9.779,44.630,0.251,0,3284176,138576,170616,4361792,10079.417,1408.110,72.211,830.424,5.015,93.272,6025,17774,2.530,2.090,1.310,7,0,43.126,0,0,15,129,0,20,0
24-04 02:19:10,36.841,13.193,47.297,0.996,0,3258688,163912,170628,4358724,7306.564,1995.415,19.914,3325.691,1.991,215.075,5464,8618,2.530,2.090,1.310,2,0,93.597,0,0,14,128,0,21,0
24-04 02:19:11,42.634,9.028,47.399,0,0,3332236,154872,170628,4296140,11865.327,1558.904,0,401.262,0,18.057,3129,1569,2.530,2.090,1.310,3,0,5.016,0,0,14,128,0,21,0
24-04 02:19:12,36.480,5.997,57.219,0.250,0,3365984,184496,170628,4234380,31945.740,24159.946,179.903,1199.352,0.999,58.968,3027,1826,2.530,2.090,1.310,1,0,0,0,0,14,128,0,22,0
24-04 02:19:13,20.005,6.752,72.269,0.250,0,3345884,204568,170628,4234408,6021.574,1566.409,8.002,696.182,2.001,11.003,2525,1798,2.530,2.090,1.310,1,0,55.014,0,0,14,128,0,22,0
24-04 02:19:14,19.247,2.500,76.989,0,0,3365884,184556,170628,4234420,16496.567,8074.809,3.999,271.960,1.000,24.996,2237,1925,2.490,2.090,1.320,3,0,0,0,0,14,129,0,22,0
24-04 02:19:15,19.994,6.998,71.228,0.250,0,3347004,203416,170628,4234440,24453.489,17777.540,3.999,399.877,1.000,40.987,2939,2489,2.490,2.090,1.320,1,0,51.984,0,0,14,128,0,23,0
24-04 02:19:16,19.004,2.500,78.015,0.250,0,3364276,186144,170628,4234440,16712.287,7286.433,0,180.035,0,11.002,1893,1310,2.490,2.090,1.320,1,0,0,0,0,14,129,0,23,0
24-04 02:19:17,21.247,3.250,73.491,0.500,0.250,3367464,182904,170628,4234492,10805.654,3481.566,0,903.887,0,106.987,3254,3858,2.490,2.090,1.320,1,0,1.000,0,0,14,130,0,24,0
24-04 02:19:18,17.000,10.250,71.249,0,0.250,3338956,211404,170628,4234500,8270.886,1619.978,0,299.996,0,15.000,2968,2118,2.490,2.090,1.320,1,0,81.999,0,0,14,130,0,24,0
24-04 02:19:19,18.500,2.000,78.249,0,0,3369396,180952,170632,4234508,53958.197,7345.891,0,347.995,0,18.000,1936,1340,2.370,2.070,1.320,2,0,0,0,0,14,131,0,24,0
24-04 02:19:20,19.262,7.004,72.296,0.250,0,3359088,191248,170632,4234520,28734.455,18404.820,0,948.609,0,69.044,2976,2200,2.370,2.070,1.320,1,0,56.036,0,0,14,132,0,25,0
24-04 02:19:21,22.240,3.748,73.467,0.250,0,3410592,139732,170632,4234532,5948.329,1511.321,0,99.955,0,10.995,1805,1309,2.370,2.070,1.320,1,0,0,0,0,14,132,0,25,0
24-04 02:19:22,15.989,1.999,80.446,0.250,0,3413336,136968,170632,4234552,18935.317,8227.489,0,175.882,0,18.987,2178,1933,2.370,2.070,1.320,1,0,0,0,0,14,133,0,25,0
24-04 02:19:23,26.783,4.756,64.580,1.752,0,3411704,138352,170632,4234800,8047.924,1513.867,16.020,2110.603,1.001,275.340,5648,8340,2.370,2.070,1.320,1,0,1.001,0,0,14,134,0,25,0
24-04 02:19:24,27.982,4.247,64.709,1.249,0,3409840,140156,170632,4234900,12885.869,2952.137,55.965,1614.981,3.997,140.911,5203,6967,2.260,2.050,1.310,1,0,0,0,0,14,133,0,27,0
24-04 02:19:25,19.246,8.498,70.987,0.250,0.250,3371356,178596,170632,4234944,9698.218,1565.712,0,539.901,0,33.994,2694,1962,2.260,2.050,1.310,2,0,53.990,0,0,14,133,0,27,0
24-04 02:19:26,19.497,1.750,77.987,0.250,0,3403000,146952,170632,4234944,12116.945,7234.773,0,479.919,0,26.995,1762,1296,2.260,2.050,1.310,4,0,0,0,0,14,134,0,27,0
24-04 02:19:27,18.227,2.996,76.152,0.499,0,3400724,149164,170632,4235008,14786.939,5885.414,47.938,4885.702,2.996,423.454,2900,3099,2.260,2.050,1.310,5,0,0,0,0,14,134,0,26,0
24-04 02:19:28,24.045,7.514,65.121,1.002,0,3408336,141516,170636,4235040,12691.678,1406.624,0,1074.004,0,124.232,5780,8190,2.260,2.050,1.310,1,0,1.002,0,0,14,134,0,26,2
24-04 02:19:29,26.238,6.997,64.470,0.500,0,3407032,142740,170636,4235088,10605.111,1241.428,0,899.585,0,91.958,7048,10533,2.320,2.070,1.320,1,0,1.000,0,0,14,136,0,26,2
24-04 02:19:30,27.809,10.021,57.872,1.754,0,3371056,178668,170636,4235136,10197.552,2491.265,0,5050.674,0,301.637,5942,7287,2.320,2.070,1.320,2,0,77.163,0,0,14,135,0,27,2
24-04 02:19:31,22.709,4.492,71.620,0,0,3413360,136360,170636,4235140,10692.650,1617.074,0,582.945,0,62.886,1896,1307,2.320,2.070,1.320,1,0,1.996,0,0,14,137,0,27,0
24-04 02:19:32,19.996,2.499,76.484,0,0,3419152,130564,170636,4235144,16393.496,8030.284,0,199.957,0,9.998,2035,1545,2.320,2.070,1.320,1,0,2.000,0,0,14,138,0,27,0
24-04 02:19:33,21.251,2.000,73.754,1.000,0,3414424,135244,170636,4235192,45731.360,4685.242,0,1144.059,0,124.006,3497,4222,2.320,2.070,1.320,1,0,0,0,0,14,137,0,28,0
24-04 02:19:34,15.002,14.502,69.508,0,0,3370560,179092,170636,4235208,6242.741,1620.192,0,408.048,0,23.003,3742,2711,2.210,2.050,1.320,1,0,147.017,0,0,14,137,0,28,0
24-04 02:19:35,28.752,4.000,67.005,0.250,0,3419444,130060,170636,4235356,13082.071,3592.294,0,652.053,0,61.005,3005,2913,2.210,2.050,1.320,0,0,1.000,0,0,14,138,0,26,0
24-04 02:19:36,14.751,2.000,82.007,0.250,0.250,3416592,132908,170636,4235360,19666.597,10995.893,0,364.030,0,22.002,2074,1893,2.210,2.050,1.320,1,0,0,0,0,14,138,0,26,0
24-04 02:19:37,22.749,4.750,68.496,1.000,0,3415400,134032,170636,4235396,10769.383,1685.903,0,1035.941,0,116.993,5415,7598,2.210,2.050,1.320,1,0,0,0,0,14,138,0,26,0
24-04 02:19:38,22.489,5.248,70.467,0.250,0,3415264,134164,170636,4235400,7661.420,1457.319,0,647.697,0,54.974,3917,4526,2.210,2.050,1.320,1,0,1.000,0,0,14,140,0,26,0
24-04 02:19:39,36.090,9.022,52.631,0.752,0,3418852,130420,170636,4235524,9823.372,1624.029,40.099,950.358,4.010,85.211,6628,9436,2.280,2.070,1.330,4,0,3.007,0,0,14,140,0,26,0
24-04 02:19:40,45.115,12.214,38.884,0.748,0,3348580,200640,170640,4235572,10128.789,3198.460,15.952,1547.385,0.997,150.551,9957,14197,2.280,2.070,1.330,5,0,83.750,0,0,14,141,0,27,0
24-04 02:19:41,22.488,19.240,55.471,0,0.250,3359324,189824,170640,4235628,7518.008,1785.052,0,743.605,0,43.977,5154,4807,2.280,2.070,1.330,1,0,203.892,0,0,14,143,0,27,0
24-04 02:19:42,23.031,3.505,73.100,0.250,0.250,3413756,135392,170640,4235628,9161.479,1798.450,0,452.617,0,30.041,1934,1325,2.280,2.070,1.330,1,0,0,0,0,14,143,0,27,0
24-04 02:19:43,18.977,2.747,77.158,0.499,0,3423952,125172,170640,4235636,19017.262,8355.010,0,4131.061,0,416.502,2445,2060,2.280,2.070,1.330,1,0,0,0,0,14,144,0,27,0
24-04 02:19:44,13.514,14.015,70.073,0,0,3349828,199264,170644,4235664,9301.656,2229.314,4.004,384.399,1.001,29.030,4108,3140,2.170,2.050,1.330,1,0,149.155,0,0,14,143,0,28,0
24-04 02:19:45,9.234,20.214,68.877,0.250,0,3359192,189756,170644,4235808,10314.643,1617.122,0,287.488,0,25.954,5014,3589,2.170,2.050,1.330,1,0,205.634,0,0,14,143,0,28,0
24-04 02:19:46,9.768,20.537,67.123,0.250,0.751,3366020,182904,170644,4235832,9812.916,1622.963,0,88.161,0,8.015,4642,2913,2.170,2.050,1.330,1,0,189.346,0,0,14,143,0,28,0
24-04 02:19:47,17.000,18.000,63.750,0,0,3364760,184152,170644,4236296,13129.970,1689.996,0,12.000,0,3.000,4939,4836,2.170,2.050,1.330,1,0,158.000,0,0,14,143,0,18,0
24-04 02:19:48,24.206,14.973,60.141,0,0,3355076,193836,170644,4235844,10545.810,1617.057,0,0,0,0,4310,4238,2.170,2.050,1.330,2,0,108.802,0,0,14,143,0,18,0
24-04 02:19:49,30.999,21.749,45.499,0,0,3419312,192008,170644,4174816,42037.930,1457.963,0,107.997,0,4.000,5294,3103,2.320,2.080,1.340,2,0,205.995,0,0,14,143,0,18,0
24-04 02:19:50,27.304,22.545,47.845,0.501,0,3470360,140852,170656,4175056,11703.118,1623.206,52.103,837.655,5.010,55.109,5889,4938,2.320,2.080,1.340,2,0,220.435,0,0,14,149,0,18,0
24-04 02:19:51,14.771,21.781,60.837,0,0,3472196,138096,170656,4175976,8057.545,1712.454,4.006,100.143,1.001,9.013,5809,5912,2.320,2.080,1.340,7,0,194.278,0,0,14,149,0,15,0
24-04 02:19:52,31.304,23.290,43.825,0.501,0,3520888,149152,170804,4118068,6569.294,1622.790,220.379,552.951,16.028,39.067,7437,11913,2.320,2.080,1.340,11,0,264.455,0,0,14,155,0,15,0
24-04 02:19:53,50.296,20.915,27.140,0.747,0,3603500,123488,170784,4062140,10896.747,1675.197,235.045,342.609,14.939,17.927,5197,3583,2.320,2.080,1.340,4,0,235.045,0,0,16,155,1,15,0
24-04 02:19:54,49.565,28.788,20.277,0.250,0,3686876,179820,170420,3923892,9421.382,1766.321,20.026,1882.474,4.005,34.045,5846,3940,2.450,2.110,1.360,4,0,290.382,0,0,16,155,1,15,0
24-04 02:19:55,48.259,22.754,26.755,0.500,0,3754752,161488,170420,3875636,12248.344,1694.324,56.011,728.139,6.001,54.010,9201,13569,2.450,2.110,1.360,4,0,334.064,0,0,16,171,1,15,0
24-04 02:19:56,24.457,16.720,57.647,0,0,3767544,148672,170420,3875304,11191.096,1529.280,3.993,135.759,0.998,6.988,4842,5266,2.450,2.110,1.360,3,0,175.688,0,0,16,171,1,15,0
24-04 02:19:57,39.894,23.083,35.629,0.753,0,3839504,125012,170320,3827728,8529.769,1700.133,8.029,4014.481,2.007,195.706,6369,4550,2.450,2.110,1.360,2,0,236.854,0,0,16,173,1,15,0
24-04 02:19:58,30.170,24.934,43.635,0.249,0,3882468,136752,170332,3774312,10252.901,1527.962,3.989,9127.875,0.997,804.873,6056,3473,2.450,2.110,1.360,2,0,271.283,0,0,17,173,1,15,0
24-04 02:19:59,8.749,19.248,69.243,0.250,0.250,3899080,120104,170332,3774348,10091.938,1619.830,7.999,307.968,2.000,23.997,4809,3397,2.340,2.100,1.360,3,0,214.977,0,0,17,173,1,15,0
24-04 02:20:00,11.509,22.017,63.799,0.751,0,3882260,191372,170336,3721196,6145.720,1695.302,72.055,576.443,10.008,45.035,5002,3746,2.340,2.100,1.360,1,0,179.138,0,0,17,179,1,15,0
24-04 02:20:01,16.237,17.986,63.950,0,0.749,3887692,185932,170336,3721668,11838.750,1618.735,3.997,91.928,0.999,7.994,5032,5064,2.340,2.100,1.360,1,0,199.844,0,0,17,179,1,15,0
24-04 02:20:02,22.962,14.975,60.400,0.250,0,3887220,186384,170336,3721216,9142.792,1707.160,0,495.176,0,28.952,5183,5814,2.340,2.100,1.360,2,0,95.841,0,0,17,179,1,15,0
24-04 02:20:03,29.799,22.788,45.826,0,0,3946632,126952,170336,3721240,47130.671,1622.674,0,68.112,0,4.007,5243,3124,2.340,2.100,1.360,3,0,204.337,0,0,17,179,1,15,0
24-04 02:20:04,32.099,23.071,44.638,0,0,3991876,164324,170340,3640528,7833.132,1536.734,0,8.025,0,2.006,5418,3738,2.630,2.160,1.380,3,0,214.661,0,0,17,185,1,14,0
24-04 02:20:05,13.434,20.898,62.445,0,0,4005136,151032,170340,3640560,6099.162,1612.113,3.981,402.033,0.995,31.844,5268,4122,2.630,2.160,1.380,1,0,207.983,0,0,17,201,1,14,0
24-04 02:20:06,37.562,23.289,37.813,0.501,0,4055076,171344,170348,3572436,11730.428,1622.688,8.013,420.697,2.003,32.053,8028,14291,2.630,2.160,1.380,2,0,175.290,0,0,17,207,1,14,0
24-04 02:20:07,29.229,21.484,47.715,0.250,0,4103228,123156,170348,3572016,11063.962,1660.793,11.991,1215.117,2.998,125.909,5165,3637,2.630,2.160,1.380,2,0,195.858,0,0,17,211,1,14,0
24-04 02:20:08,30.725,24.230,42.965,0,0,4162284,116016,170348,3521356,10258.528,1618.663,0,371.693,0,14.988,5419,3463,2.630,2.160,1.380,2,0,242.799,0,0,17,212,1,12,0
24-04 02:20:09,24.021,26.774,48.293,0.250,0,4200892,142388,170352,3457416,7934.077,1080.964,32.029,572.511,5.004,36.032,7900,11467,2.660,2.170,1.390,1,0,334.298,0,0,17,217,1,12,0
24-04 02:20:10,17.256,24.508,54.768,0.500,0,4218736,146844,170352,3435328,10086.371,1582.529,180.060,328.110,12.004,25.008,5718,15181,2.660,2.170,1.390,2,0,296.099,0,0,17,217,1,13,0
24-04 02:20:11,10.745,19.241,67.969,0,0.250,4226468,139056,170352,3435368,10683.194,1661.253,7.996,335.849,1.999,29.987,4970,3700,2.660,2.170,1.390,1,0,200.910,0,0,17,217,1,13,0
24-04 02:20:12,9.257,21.267,66.303,0.500,0.751,4224296,141176,170356,3435416,5946.747,1136.907,32.026,356.284,1.001,25.020,4784,3411,2.660,2.170,1.390,1,0,190.152,0,0,17,217,1,11,0
24-04 02:20:13,13.997,21.246,62.738,0,0,4226296,139156,170356,3435780,5389.963,1133.782,0,251.952,0,19.996,5618,5389,2.660,2.170,1.390,6,0,209.960,0,0,17,217,1,11,0
24-04 02:20:14,25.251,11.750,61.752,0.250,0,4228340,137104,170356,3435908,10617.293,1620.045,0,572.016,0,49.001,4527,5051,2.530,2.150,1.390,1,0,76.002,0,0,17,219,1,11,0
24-04 02:20:15,30.518,19.762,47.528,0.500,0,4257588,140620,170356,3403356,8836.241,1620.961,244.145,472.280,3.002,32.019,4858,3396,2.530,2.150,1.390,2,0,120.071,0,0,17,223,1,11,0
24-04 02:20:16,44.985,5.998,47.234,1.499,0,4358152,128748,170356,3316348,9991.606,1457.505,675.770,0,9.997,0,2904,1419,2.530,2.150,1.390,2,0,1.000,0,0,17,223,1,9,0
24-04 02:20:17,39.248,8.250,50.997,0.250,0,4466284,134700,170360,3204684,9454.460,1619.907,99.994,323.981,8.000,20.999,3157,1878,2.530,2.150,1.390,2,0,8.000,0,0,17,228,1,9,0
24-04 02:20:18,29.470,11.738,57.192,0.499,0,4382080,248228,170364,3175872,10468.371,1618.357,35.963,115.882,3.996,8.991,3655,2477,2.530,2.150,1.390,3,0,117.880,0,0,17,229,1,10,0
24-04 02:20:19,25.059,28.818,40.595,4.511,0,4409564,219916,170368,3176800,46823.052,1623.817,942.215,11222.377,10.024,995.339,6249,3835,2.570,2.170,1.400,2,0,281.662,0,0,17,231,1,10,0
24-04 02:20:20,40.515,32.012,24.509,1.501,0,4468284,158620,170368,3179380,6472.456,1620.615,1104.419,3425.300,18.007,18.007,5954,4737,2.570,2.170,1.400,5,0,298.113,0,0,17,231,1,8,0
24-04 02:20:21,33.781,25.584,37.507,0.248,0,4471204,175424,170372,3159952,15125.009,9562.050,15.897,341.786,0.994,25.833,6215,5481,2.570,2.170,1.400,5,0,283.165,0,0,17,239,1,8,0
24-04 02:20:22,49.331,19.282,31.051,0,0,4429280,216056,170376,3161772,11942.610,2388.923,4.007,480.789,1.002,27.044,6276,8984,2.570,2.170,1.400,3,0,176.289,0,0,17,237,1,9,0
24-04 02:20:23,63.413,18.621,16.860,0.252,0,4528888,157400,170384,3121660,11035.801,2086.576,32.210,253.650,4.026,14.092,5253,4123,2.570,2.170,1.400,3,0,147.963,0,0,17,239,1,9,0
24-04 02:20:24,56.561,11.960,26.661,4.236,0,4626144,138484,170384,3045064,20746.747,11191.642,554.150,649.831,16.943,47.840,4835,4105,2.680,2.200,1.410,2,2,19.933,0,0,17,239,1,8,0
24-04 02:20:25,62.333,12.767,12.517,10.764,0,4638080,202660,170404,2971748,11201.942,2416.223,2651.537,7746.333,113.151,50.067,4960,4162,2.680,2.200,1.410,3,1,30.040,0,0,17,244,1,9,0
24-04 02:20:26,65.490,12.748,16.498,5.249,0,4718572,156120,170476,2938568,14984.801,3848.435,4575.328,1407.793,369.946,100.985,6124,6570,2.680,2.200,1.410,4,0,38.994,0,0,17,244,1,13,0
24-04 02:20:27,32.953,25.214,39.443,0,0,4737352,135544,170476,2940448,17072.508,10197.371,91.868,1038.510,6.990,64.907,6538,6642,2.680,2.200,1.410,4,0,281.596,0,0,17,243,1,16,0
24-04 02:20:28,39.986,27.740,31.239,0,0,4708912,162420,170476,2941980,7604.380,1457.498,0,259.910,0,14.995,5878,4845,2.680,2.200,1.410,4,0,230.920,0,0,17,243,1,15,0
24-04 02:20:29,42.902,20.453,35.669,0.249,0.249,4717632,152112,170476,2944032,12915.629,4075.731,0,423.038,0,23.946,5680,6254,2.710,2.210,1.420,2,0,176.598,0,0,17,244,1,15,0
24-04 02:20:30,43.341,18.789,37.078,0.251,0,4730308,138412,170480,2944588,18332.423,9438.783,0,557.168,0,36.076,5728,6850,2.710,2.210,1.420,3,1,131.275,0,0,17,244,1,15,0
24-04 02:20:31,60.734,25.993,12.747,0,0,4735436,168200,170484,2910860,8453.840,2250.425,3.999,431.890,1.000,27.993,6175,5763,2.710,2.210,1.420,5,0,357.909,0,0,17,243,1,16,0
24-04 02:20:32,60.221,25.594,12.797,1.255,0,4797816,151420,170504,2866260,13013.827,1625.976,1031.792,361.328,44.162,19.070,6618,7071,2.710,2.210,1.420,3,0,351.291,0,0,17,245,1,15,0
24-04 02:20:33,49.661,21.462,27.201,0.499,0,4824448,119500,170504,2871312,52200.387,11540.304,866.446,1102.024,23.957,70.873,11933,27823,2.710,2.210,1.420,3,0,160.712,0,0,17,248,1,17,0
24-04 02:20:34,52.061,24.779,22.026,0,0,4841784,130612,170504,2843544,13503.705,2568.988,28.033,428.498,4.005,37.043,6296,5300,2.810,2.240,1.430,3,0,294.342,0,0,17,247,1,18,0
24-04 02:20:35,49.016,23.886,24.881,1.244,0,4892972,143256,170508,2781016,16488.149,7311.037,621.030,855.907,34.833,56.729,9195,11916,2.810,2.240,1.430,15,0,334.401,0,0,17,256,1,19,0
24-04 02:20:36,42.926,19.078,35.395,1.255,0,4850608,185608,170508,2780684,11475.036,6839.033,84.346,847.474,6.025,45.185,7005,8581,2.810,2.240,1.430,4,0,157.646,0,0,17,259,1,19,0
24-04 02:20:37,60.421,18.476,20.973,0.250,0,4971540,128040,170508,2718052,11339.239,1617.894,7.990,407.470,0.999,28.962,5018,3189,2.810,2.240,1.430,3,0,117.847,0,0,17,259,1,19,0
24-04 02:20:38,59.379,8.233,29.690,1.247,0,5090816,143320,170048,2587424,19746.787,14731.002,327.333,2455.001,3.992,170.652,4300,2401,2.810,2.240,1.430,3,0,3.992,0,0,17,263,1,19,0
24-04 02:20:39,69.112,11.519,16.026,3.005,0,5129088,134808,170060,2558464,10978.720,5982.656,1093.765,2784.494,84.136,198.320,6570,8889,2.830,2.260,1.440,4,0,14.023,0,0,17,268,1,25,0
24-04 02:20:40,61.725,10.789,25.091,1.756,0,5116560,177180,170060,2529304,21933.861,11839.106,1585.774,18435.122,54.197,1452.288,7892,8495,2.830,2.260,1.440,4,0,57.208,0,0,17,276,1,25,0
24-04 02:20:41,39.843,27.143,28.139,3.486,0,5089884,199784,170324,2533024,15734.964,4668.594,4398.658,1572.799,74.705,86.658,7330,7267,2.830,2.260,1.440,3,0,366.555,0,0,17,275,1,26,0
24-04 02:20:42,46.791,25.772,26.523,0,0,5154728,134568,170344,2533348,13265.537,7220.279,852.742,852.742,14.012,27.024,5948,4625,2.830,2.260,1.440,2,0,290.252,0,0,17,276,1,26,0
24-04 02:20:43,50.779,20.660,27.132,0,0,5117212,172036,170344,2533396,16750.085,6981.608,529.694,669.087,5.974,56.753,6005,5986,2.830,2.260,1.440,6,0,179.220,0,0,17,277,1,27,0
24-04 02:20:44,66.046,19.588,12.305,0.502,0,5133944,155236,170348,2533880,5965.717,1464.559,630.825,654.933,15.067,50.225,6240,5998,3,2.300,1.460,6,0,203.913,0,0,18,277,1,27,0
24-04 02:20:45,76.040,14.211,7.479,2.992,0,5220320,167604,170348,2437780,16572.179,7325.745,1747.169,12278.052,108.699,56.843,5431,3791,3,2.300,1.460,6,0,56.843,0,0,18,283,1,26,0
24-04 02:20:46,74.689,10.741,9.742,4.746,0,5244448,197848,170364,2384768,13782.826,6942.372,2585.904,867.297,122.900,58.952,5564,4409,3,2.300,1.460,4,0,14.988,0,0,18,282,1,27,0
24-04 02:20:47,61.452,15.300,19.313,2.257,0,5343336,129088,170384,2355560,10241.651,1950.409,1015.336,939.086,25.082,63.208,5992,6565,3,2.300,1.460,1,0,223.735,0,0,18,288,1,28,0
24-04 02:20:48,33.932,6.736,57.634,0.249,0,5385068,119520,170396,2324740,20165.377,10986.867,522.947,291.413,6.986,15.968,3329,2256,3,2.300,1.460,3,0,5.988,0,0,18,290,1,28,0
24-04 02:20:49,43.133,12.037,44.136,0.251,0.251,5303792,187892,170400,2337608,13336361.983,79261.869,304.942,637.971,5.015,54.167,7427,4452,3.080,2.330,1.470,3,0,11.034,0,0,18,293,1,29,0
24-04 02:20:50,49.230,22.129,23.620,3.481,0,5337572,174344,170400,2318292,3291380.157,19433.334,2784.715,6197.980,29.836,778.726,7105,4531,3.080,2.330,1.470,2,0,258.581,0,0,18,293,1,29,0
24-04 02:20:51,55.824,9.807,34.199,0.251,0,5421388,121536,170400,2288612,18146.386,10702.153,261.519,1476.575,3.018,97.567,4480,3399,3.080,2.330,1.470,3,0,6.035,0,0,18,292,1,30,0
24-04 02:20:52,20.709,5.240,72.605,0,0.250,5331272,211620,170400,2288644,6218.557,2142.713,259.481,275.449,2.994,24.950,2392,2178,3.080,2.330,1.470,0,0,37.924,0,0,18,293,1,30,0
24-04 02:20:53,10.248,2.999,85.734,0,0,5332552,210336,170400,2288648,16198.981,6803.732,0,147.972,0,7.999,1767,1554,3.080,2.330,1.470,2,0,5.999,0,0,18,293,1,30,0
24-04 02:20:54,21.993,3.499,72.726,0.250,0,5333368,209492,170400,2288680,13106.751,5054.361,0,1003.675,0,51.983,3670,4177,2.910,2.310,1.470,1,0,1.000,0,0,18,300,1,31,0
24-04 02:20:55,15.253,2.750,79.014,0.500,0,5339056,203320,170400,2289148,222591.779,8918834.885,544.097,516.092,28.005,49.009,4165,4192,2.910,2.310,1.470,0,0,2.000,0,0,18,298,1,32,0
24-04 02:20:56,9.762,2.253,85.103,0,0,5341876,200372,170400,2289276,6566089.284,7537473.190,0,188.227,0,12.015,3938,2602,2.910,2.310,1.470,1,0,0,0,0,18,303,1,32,0
24-04 02:20:57,24.968,3.745,68.911,0.499,0.250,5342764,199168,170408,2289584,12981.205,1691.811,127.835,563.271,5.992,48.937,4702,5457,2.910,2.310,1.470,1,0,2.996,0,0,18,308,1,32,0
24-04 02:20:58,19.985,7.245,69.948,0.500,0.250,5278608,247272,170408,2305604,10156682.859,66171.065,47.965,391.710,2.998,29.978,5866,3103,2.910,2.310,1.470,1,0,46.965,0,0,18,304,1,35,0
24-04 02:20:59,10.008,21.518,66.304,0.250,0,5278068,247716,170408,2305700,7004.753,1621.332,12.010,368.302,1.001,28.023,5311,3925,2.920,2.320,1.480,1,0,263.216,0,0,18,304,1,35,0
24-04 02:21:00,16.749,11.749,69.244,0.250,0,5315940,209824,170408,2305720,6592.454,1531.873,0,375.969,0,29.998,3631,3267,2.920,2.320,1.480,1,0,154.987,0,0,18,304,1,35,0
24-04 02:21:01,24.728,2.748,72.186,0,0,5360444,165316,170408,2305724,12868.516,1618.556,0,363.675,0,38.965,2167,1700,2.920,2.320,1.480,3,0,9.991,0,0,18,304,1,35,0
24-04 02:21:02,10.009,19.517,68.559,0.250,0,5356272,169460,170408,2305752,8300.171,1621.401,0,968.837,0,69.060,4964,3778,2.920,2.320,1.480,1,0,204.176,0,0,18,308,1,35,0
24-04 02:21:03,9.251,19.002,69.509,0,0.500,5347820,177868,170408,2305780,45537.844,1458.187,4.001,16110.067,1.000,38.005,4973,3429,2.920,2.320,1.480,1,0,198.025,0,0,18,308,1,35,0
24-04 02:21:04,9.490,20.727,65.927,0.499,0,5338368,187292,170408,2305808,8212.968,1692.139,0,5557.888,0,155.829,5148,3818,2.770,2.300,1.480,1,0,214.764,0,0,18,308,1,35,0
24-04 02:21:05,2.252,4.754,91.830,0,0,5330776,194880,170408,2305812,9918.628,1459.269,0,4.003,0,1.001,1861,1887,2.770,2.300,1.480,1,0,46.040,0,0,18,308,1,35,0
24-04 02:21:06,17.509,4.252,77.788,0,0,5360536,165120,170408,2305812,8049.940,1620.793,0,56.027,0,4.002,1804,1604,2.770,2.300,1.480,1,0,9.004,0,0,18,308,1,35,0
24-04 02:21:07,20.498,2.000,76.493,0.500,0,5388976,136624,170408,2305868,11829.845,7387.279,31.997,435.957,1.000,33.997,2101,2053,2.770,2.300,1.480,1,0,0,0,0,18,309,1,35,0
24-04 02:21:08,19.990,6.747,71.466,0,0,5297920,227568,170408,2305980,13443.580,4895.662,159.924,247.882,9.995,26.987,3409,2950,2.770,2.300,1.480,2,0,59.971,0,0,18,314,1,36,0
24-04 02:21:09,11.235,16.728,69.157,0.499,0.499,5305440,219916,170412,2306092,8670.375,1617.831,11.984,11912.029,2.996,23.968,4366,2998,2.620,2.280,1.470,1,0,116.843,0,0,18,314,1,36,0
24-04 02:21:10,21.741,19.492,56.476,0,0.250,5313844,211212,170412,2306376,7035.061,1619.323,0,99.958,0,9.996,4995,13106,2.620,2.280,1.470,1,0,141.941,0,0,18,314,1,37,0
24-04 02:21:11,11.511,17.266,69.064,0.250,0,5293104,231924,170412,2306404,10759.934,1621.497,0,3643.364,0,431.398,4646,2889,2.620,2.280,1.470,2,0,117.108,0,0,18,314,1,37,0
24-04 02:21:12,11.509,16.764,69.056,0.751,0,5293472,231372,170412,2306588,10510.491,1621.310,0,2494.015,0,120.097,4393,3304,2.620,2.280,1.470,1,0,100.081,0,0,18,314,1,37,0
24-04 02:21:13,15.755,12.754,69.771,0.250,0.250,5310928,213864,170412,2306624,11376.499,1694.521,4.001,44.014,1.000,5.002,3772,2525,2.620,2.280,1.470,1,0,102.031,0,0,18,314,1,36,0
24-04 02:21:14,23.972,2.747,71.416,0.250,0,5359200,165580,170412,2306636,9951.290,1618.096,0,615.276,0,57.932,2600,2489,2.490,2.250,1.470,1,0,1.998,0,0,18,316,1,36,0
24-04 02:21:15,23.527,3.504,71.333,0.250,0,5400156,155968,170412,2276172,5475.373,1459.699,104.121,252.294,1.001,24.028,2276,2053,2.490,2.250,1.470,1,0,1.001,0,0,18,316,1,36,0
24-04 02:21:16,23.263,3.252,71.789,1.001,0,5357168,198560,170412,2276568,11980.514,1620.881,284.155,288.157,11.006,32.017,2605,2358,2.490,2.250,1.470,1,0,9.005,0,0,18,316,1,36,0
24-04 02:21:17,24.240,2.999,70.971,0.750,0,5357084,198560,170412,2276652,8345.560,1619.332,71.970,283.883,5.998,22.991,2385,2143,2.490,2.250,1.470,1,0,1.000,0,0,18,316,1,36,0
24-04 02:21:18,27.240,6.997,64.477,0,0,5407888,147616,170412,2276792,9694.513,1457.476,0,275.901,0,26.990,3538,3865,2.490,2.250,1.470,1,0,5.998,0,0,18,318,1,36,0
24-04 02:21:19,6.993,1.499,90.162,0.250,0.250,5404160,151296,170412,2276840,53231.192,8994.246,31.969,127.876,1.998,8.991,2031,2093,2.290,2.220,1.460,1,0,0.999,0,0,18,318,2,37,0
24-04 02:21:20,6.495,0.999,90.426,0,0,5404236,151212,170412,2276848,16789.324,12010.217,0,211.827,0,19.984,1861,2339,2.290,2.220,1.460,1,0,0.999,0,0,18,319,1,37,0
24-04 02:21:21,24.288,4.006,71.611,0.250,0,5337164,218268,170412,2276864,12195.863,2842.396,0,120.186,0,8.012,2399,1734,2.290,2.220,1.460,1,0,16.025,0,0,18,316,1,37,0
24-04 02:21:22,24.503,3.000,72.009,0,0,5360568,194860,170412,2276868,9708.163,1500.180,0,260.031,0,10.001,2062,1505,2.290,2.220,1.460,3,0,0,0,0,18,316,1,37,0
24-04 02:21:23,17.254,9.502,72.267,0,0,5350196,205224,170412,2276876,7145.651,1620.374,388.090,144.033,4.001,9.002,3025,2171,2.290,2.220,1.460,0,0,85.020,0,0,18,316,1,37,0
24-04 02:21:24,10.233,19.717,67.638,0.250,0.250,5346312,208944,170416,2277036,11042.773,1711.176,3.993,690.860,0.998,38.936,5028,3940,2.190,2.200,1.460,2,0,210.652,0,0,18,316,1,37,0
24-04 02:21:25,11.799,19.080,66.780,0.502,0.251,5333172,221884,170420,2277216,11444.951,1464.134,24.101,245.027,4.017,20.084,4850,3677,2.190,2.200,1.460,1,0,202.850,0,0,18,316,1,37,0
24-04 02:21:26,17.206,10.224,70.570,0,0,5336432,218616,170432,2277212,10693.781,1615.887,0,75.807,0,3.990,3225,2319,2.190,2.200,1.460,1,0,101.741,0,0,18,316,1,35,0
24-04 02:21:27,19.749,2.500,76.244,0.250,0,5366840,188128,170452,2277272,15236.870,3729.723,31.998,491.964,1.000,30.998,2257,2042,2.190,2.200,1.460,0,0,16.999,0,0,18,317,1,35,0
24-04 02:21:28,23.503,3.000,73.260,0.250,0,5366492,182352,170948,2282788,13714.875,1698.232,0,628.086,0,9.001,2023,1471,2.190,2.200,1.460,1,0,1.000,0,0,18,316,1,35,0
24-04 02:21:29,23.498,3.500,72.244,0,0,5360060,188544,170952,2283004,11633.987,2186.810,0,759.934,0,36.997,2485,2115,2.090,2.180,1.460,1,0,17.998,0,0,18,317,1,35,0
24-04 02:21:30,20.749,2.500,75.245,0.500,0,5370300,172672,171440,2288036,14246.043,4241.715,0,1323.911,0,43.997,2121,1972,2.090,2.180,1.460,1,0,1.000,0,0,18,316,1,28,0
24-04 02:21:31,22.504,5.751,68.762,0,0,5358284,183816,171476,2288856,6149.084,1620.286,468.083,372.066,15.003,12.002,12272,22369,2.090,2.180,1.460,1,0,13.002,0,0,18,316,1,28,0
24-04 02:21:32,19.744,1.750,77.228,0.250,0.250,5351428,190108,171512,2289384,17825.943,4559.706,171.951,467.867,9.997,13.996,2042,1659,2.090,2.180,1.460,1,0,2.999,0,0,18,317,1,28,0
24-04 02:21:33,22.511,6.503,67.783,0,0,5350792,190532,171560,2289548,46290.415,1458.706,0,84.041,0,1.000,11210,20253,2.090,2.180,1.460,1,0,19.009,0,0,18,317,1,28,0
24-04 02:21:34,23.241,4.498,71.223,0.250,0,5307360,243956,171644,2279532,10373.089,1793.324,0,3006.866,0,161.939,2587,2182,2.090,2.170,1.460,1,0,10.996,0,0,18,316,1,24,0
24-04 02:21:35,8.995,20.738,67.962,0,0,5306104,245184,171644,2279560,7710.650,1619.087,0,0,0,0,5078,3789,2.090,2.170,1.460,1,0,247.860,0,0,18,316,1,24,0
24-04 02:21:36,20.771,5.255,72.825,0,0,5340140,211144,171644,2279564,9925.163,1243.273,0,424.435,0,4.004,2136,1681,2.090,2.170,1.460,1,0,8.008,0,0,18,316,1,24,0
24-04 02:21:37,17.993,1.999,78.720,0.500,0,5366124,184976,171644,2279748,10124.120,3489.662,0,2682.972,0,401.846,1962,1882,2.090,2.170,1.460,0,0,0,0,0,18,317,1,24,0
24-04 02:21:38,21.418,2.490,74.464,0,0,5342772,208160,171644,2279916,15153.812,9467.646,163.373,0,10.958,0,2258,1833,2.090,2.170,1.460,2,0,4.981,0,0,18,316,1,25,0
24-04 02:21:39,17.577,11.300,69.806,0,0,5366096,184816,171644,2279936,5148.580,1627.136,0,120.529,0,6.026,3495,2697,2.080,2.170,1.460,1,0,107.471,0,0,18,316,1,25,0
24-04 02:21:40,23.494,2.999,72.480,0,0,5407704,143208,171644,2279936,10632.059,1565.567,0,83.977,0,9.997,2125,1550,2.080,2.170,1.460,1,0,0,0,0,18,316,1,25,0
24-04 02:21:41,17.239,1.999,78.951,0,0,5402948,147808,171644,2280076,16751.541,10150.662,0,0,0,0,2024,1698,2.080,2.170,1.460,1,0,0,0,0,18,316,1,26,0
24-04 02:21:42,20.010,7.754,71.784,0,0,5366908,183844,171644,2280080,10280.916,1690.809,0,4.002,0,1.000,2865,2100,2.080,2.170,1.460,1,0,70.033,0,0,18,316,1,18,0
24-04 02:21:43,19.250,2.500,77.250,0,0,5390124,160608,171644,2280084,15047.078,7495.039,0,4.000,0,1.000,1996,1561,2.080,2.170,1.460,0,0,0,0,0,18,317,1,18,0
24-04 02:21:44,19.250,7.750,71.250,0.250,0,5387068,163612,171644,2280136,17826.892,8712.947,32.000,315.998,2.000,32.000,3415,3029,2.070,2.170,1.470,1,0,56.000,0,0,18,316,1,19,0
24-04 02:21:45,22.752,3.250,72.755,0.250,0,5432876,117804,171644,2280136,11985.895,2309.173,0,184.014,0,20.001,2318,1911,2.070,2.170,1.470,0,0,1.000,0,0,18,317,1,19,0
24-04 02:21:46,18.763,2.502,77.803,0,0,5405856,144728,171644,2280232,16434.144,11189.587,80.054,0,5.003,0,2479,2033,2.070,2.170,1.470,2,0,19.013,0,0,18,316,1,21,0
24-04 02:21:47,21.236,6.246,71.454,0,0,5403540,176180,171644,2252076,11005.958,1618.964,63.959,207.867,3.997,19.987,2506,2174,2.070,2.170,1.470,1,0,12.992,0,0,18,316,1,21,0
24-04 02:21:48,19.502,2.000,77.509,0.500,0,5420296,159340,171644,2252160,15654.918,7245.888,0,140.017,0,8.001,2070,1652,2.070,2.170,1.470,1,0,0,0,0,18,317,1,21,0
24-04 02:21:49,15.042,6.518,76.714,0,0,5363944,215648,171644,2252204,49796.020,6458.030,32.090,344.963,2.006,36.101,3123,2995,2.150,2.180,1.470,2,0,47.132,0,0,18,316,1,22,0
24-04 02:21:50,21.694,4.488,72.561,0.249,0.499,5378380,201212,171644,2252204,12205.229,1561.934,0,143.626,0,8.977,1932,1551,2.150,2.180,1.470,1,0,0,0,0,18,316,1,19,0
24-04 02:21:51,18.489,2.249,77.706,0,0,5391852,187736,171644,2252208,16035.874,6748.160,0,467.734,0,22.987,1965,1619,2.150,2.180,1.470,1,0,0,0,0,18,317,1,19,0
24-04 02:21:52,19.675,4.981,73.472,0,0,5329652,249924,171644,2252220,15558.067,6121.811,0,135.487,0,12.951,2709,2261,2.150,2.180,1.470,1,0,31.879,0,0,18,316,1,22,0
24-04 02:21:53,23.346,5.021,71.042,0,0,5349304,230268,171644,2252224,8894.514,1646.760,0,4.016,0,1.004,2217,1567,2.150,2.180,1.470,3,0,6.025,0,0,18,316,1,22,0
24-04 02:21:54,17.497,2.750,79.487,0.500,0,5363872,215692,171648,2252236,13279.745,9401.404,0,367.938,0,32.994,2417,2376,2.140,2.180,1.480,1,0,0,0,0,18,317,1,20,0
24-04 02:21:55,15.227,8.487,73.641,0.250,0,5327672,251864,171648,2252264,14705.173,4868.773,0,531.212,0,41.938,3728,3458,2.140,2.180,1.480,1,0,88.868,0,0,18,316,1,21,0
24-04 02:21:56,22.531,4.757,71.849,0,0,5373692,205844,171648,2252264,10012.733,1588.178,0,112.154,0,6.008,2140,1620,2.140,2.180,1.480,2,0,0,0,0,18,316,1,21,0
24-04 02:21:57,18.749,2.000,77.997,0.500,0,5390832,188636,171648,2252332,13320.529,8083.714,47.998,327.988,3.000,33.999,2330,2370,2.140,2.180,1.480,4,0,0,0,0,18,318,1,22,0
24-04 02:21:58,20.001,6.250,72.254,0,0,5360576,218876,171648,2252348,26162.364,17803.928,0,124.006,0,7.000,2706,2112,2.140,2.180,1.480,1,0,47.002,0,0,18,316,1,19,0
24-04 02:21:59,20.745,2.249,76.232,0,0,5403344,176100,171648,2252356,10921.433,4010.058,0,251.941,0,23.994,2124,1890,2.200,2.190,1.490,1,0,0,0,0,18,317,1,19,0
24-04 02:22:00,21.750,3.250,73.001,0.250,0,5376004,203236,171648,2252560,17913.227,8240.105,64.001,220.003,4.000,22.000,2793,2478,2.200,2.190,1.490,1,0,14.000,0,0,18,316,1,21,0
24-04 02:22:01,22.505,3.251,74.016,0,0,5394416,184824,171648,2252560,11535.434,3084.651,0,120.025,0,9.002,1982,1551,2.200,2.190,1.490,0,0,0,0,0,18,317,1,21,0
24-04 02:22:02,18.491,1.999,77.464,0.750,0,5391720,187492,171652,2252584,11474.606,6609.893,15.992,2450.848,1.000,131.938,2410,2551,2.200,2.190,1.490,1,0,0,0,0,18,317,1,21,0
24-04 02:22:03,25.768,5.504,64.545,2.252,0,5361780,215900,171656,2254112,48528.804,2928.040,1424.993,3214.239,75.052,277.193,6296,9079,2.200,2.190,1.490,1,0,6.004,0,0,18,318,1,22,0
24-04 02:22:04,23.001,3.750,72.502,0,0.250,5420636,157044,171656,2254112,10378.288,3158.088,0,224.006,0,25.001,2306,2066,2.200,2.190,1.490,0,0,0,0,0,18,319,1,22,0
24-04 02:22:05,16.231,2.247,79.155,0.499,0,5413568,164096,171656,2254128,20216.748,9828.210,0,2864.564,0,114.862,2659,2607,2.190,2.190,1.490,1,1,0.999,0,0,18,319,1,22,0
24-04 02:22:06,22.775,5.506,68.826,0.751,0.250,5407260,170268,171656,2254264,10438.580,2717.014,96.107,1009.119,5.006,111.123,4856,6250,2.190,2.190,1.490,1,0,0,0,0,18,319,1,22,0
24-04 02:22:07,12.998,17.498,67.240,0,0,5360868,216648,171656,2254280,10780.464,1631.768,0,311.956,0,28.996,4698,3458,2.190,2.190,1.490,1,0,218.969,0,0,18,318,1,23,0
24-04 02:22:08,10.001,21.253,65.760,0,0.250,5317868,259632,171660,2254292,7687.142,1620.241,0,2840.422,0,391.058,5429,3597,2.190,2.190,1.490,2,0,273.041,0,0,18,318,1,23,0
24-04 02:22:09,9.749,23.499,64.996,0.750,0.250,5316916,260568,171660,2254308,8133.502,1565.904,0,2095.872,0,119.993,5306,4035,2.190,2.190,1.490,1,0,267.984,0,0,18,318,1,23,0
24-04 02:22:10,15.990,24.485,56.715,0,0,5339212,238248,171664,2257196,6215.130,1511.059,3.998,439.726,0.999,22.986,5705,9507,2.250,2.200,1.500,4,0,314.804,0,0,18,318,1,23,0
24-04 02:22:11,10.754,23.259,63.776,0.250,0,5297260,280180,171664,2254348,10876.387,1620.654,0,428.173,0,33.013,5693,8599,2.250,2.200,1.500,1,0,278.112,0,0,18,318,1,22,0
24-04 02:22:12,9.253,22.007,66.272,0,0,5306700,270724,171664,2254364,8318.795,1662.559,0,28.009,0,7.002,5088,3456,2.250,2.200,1.500,2,0,260.087,0,0,18,318,1,22,0
24-04 02:22:13,7.989,23.966,65.906,0,0,5302768,274628,171664,2254392,11348.741,1529.808,15.977,782.878,0.999,75.891,5360,3926,2.250,2.200,1.500,1,0,262.624,0,0,18,318,1,22,0
24-04 02:22:14,9.760,22.524,64.569,0.501,0,5307280,270096,171664,2254412,8431.946,1621.721,0,448.476,0,39.041,5443,4260,2.250,2.200,1.500,2,0,262.278,0,0,18,318,1,22,0
24-04 02:22:15,9.253,22.508,65.774,0,0.750,5307852,269500,171664,2254436,9877.557,1458.525,0,396.143,0,32.012,5336,4000,2.230,2.200,1.500,1,0,259.093,0,0,18,318,1,22,0
24-04 02:22:16,8.999,21.996,66.739,0,0.250,5303400,273940,171664,2254448,10096.383,1619.741,0,15.997,0,3.999,5026,3374,2.230,2.200,1.500,1,0,256.959,0,0,18,318,1,22,0
24-04 02:22:17,9.271,22.051,66.903,0.501,0,5303584,273740,171664,2254464,7540.291,1623.723,0,605.388,0,88.202,5213,3564,2.230,2.200,1.500,1,2,257.591,0,0,18,318,1,22,0
24-04 02:22:18,8.980,21.702,66.354,0,0,5305200,272112,171664,2254476,5853.112,1454.797,0,367.191,0,68.848,4993,3551,2.230,2.200,1.500,1,0,256.435,0,0,18,318,1,22,0
24-04 02:22:19,8.993,22.482,66.446,0,0,5303608,273692,171664,2254488,46706.972,1618.682,0,19.984,0,4.996,5138,3437,2.230,2.200,1.500,1,0,253.793,0,0,18,318,1,22,0
24-04 02:22:20,9.758,20.767,66.555,0.250,0.250,5305132,272020,171664,2254636,8066.644,1621.335,0,108.089,0,7.006,5012,3669,2.130,2.180,1.500,1,0,239.197,0,0,18,318,1,22,0
24-04 02:22:21,21.267,10.508,65.301,1.001,0,5325656,252516,171668,2253612,10554.322,1621.278,208.164,152.120,13.010,10.008,4395,4669,2.130,2.180,1.500,2,0,109.086,0,0,18,318,1,22,0
24-04 02:22:22,32.755,13.752,51.758,0.250,0,5346652,312060,171808,2183404,8452.381,1620.265,300.049,2460.402,7.001,16.003,3449,2715,2.130,2.180,1.500,2,0,11.002,0,0,18,318,1,24,0
24-04 02:22:23,44.962,6.994,47.709,0,0,5352624,301848,171952,2187500,10492.075,1456.761,271.769,951.191,4.996,18.984,3418,2383,2.130,2.180,1.500,2,0,18.984,0,0,18,318,1,22,0
24-04 02:22:24,28.495,5.249,62.989,2.000,0,5367856,285708,171984,2188372,19490.612,7819.641,1051.817,1179.795,29.995,49.991,3050,2401,2.130,2.180,1.500,2,0,3.999,0,0,18,319,1,22,0
24-04 02:22:25,12.250,1.250,84.252,1.000,0,5366704,286536,172000,2188676,12050.305,6170.156,184.005,788.020,21.001,32.001,1736,1766,2.280,2.210,1.510,0,0,1.000,0,0,18,319,1,22,0
24-04 02:22:26,13.000,1.500,80.750,3.500,0,5363188,289240,172008,2189476,27762.029,11390.012,480.001,1580.002,51.000,55.000,1815,1675,2.280,2.210,1.510,1,0,0,0,0,18,319,1,22,0
24-04 02:22:27,19.993,1.999,76.971,0.750,0.250,5385076,266444,172040,2190348,19671.677,7207.317,747.722,731.728,29.989,25.990,1900,1510,2.280,2.210,1.510,1,0,0,0,0,18,319,1,22,0
24-04 02:22:28,17.010,1.251,78.545,1.501,0,5383492,267204,172088,2191116,19133.890,9526.422,588.335,1020.581,50.028,32.018,1799,1592,2.280,2.210,1.510,1,0,0,0,0,18,319,1,22,0
24-04 02:22:29,19.498,1.500,76.990,1.000,0,5397280,252328,172112,2192172,19788.481,8067.973,915.883,1131.856,36.995,46.994,2043,1824,2.280,2.210,1.510,1,0,0,0,0,18,319,1,22,0
24-04 02:22:30,17.241,1.749,78.957,1.249,0,5396068,252576,172180,2193068,19237.602,10270.449,579.687,1179.363,51.972,44.976,2050,1976,2.260,2.200,1.510,2,0,0,0,0,18,319,1,22,0
24-04 02:22:31,16.495,2.999,72.726,6.498,0,5396096,221956,172196,2223640,11822.089,2422.199,14743.122,103.966,154.949,3.999,1873,1515,2.260,2.200,1.510,1,0,0,0,0,18,319,1,22,0
24-04 02:22:32,23.020,3.003,72.064,1.001,0,5407636,198452,172984,2234808,9962.789,1621.430,0,2241.978,0,84.074,2492,2197,2.260,2.200,1.510,1,0,3.003,0,0,18,319,1,22,0
24-04 02:22:33,24.006,2.751,71.767,0.250,0,5414400,175268,173424,2250464,41260.769,1620.384,0,1168.277,0,35.008,2387,2063,2.260,2.200,1.510,1,0,0,0,0,18,319,1,22,0
24-04 02:22:34,23.743,2.999,71.230,0.750,0.250,5432704,136616,173988,2270068,11068.816,1619.534,0,2199.367,0,95.972,2669,2686,2.260,2.200,1.510,1,0,0,0,0,18,319,1,22,0
24-04 02:22:35,23.506,2.251,72.268,1.000,0,5420708,131612,174600,2286060,10115.451,1458.353,0,2448.593,0,98.024,2621,2587,2.160,2.180,1.510,0,1,1.000,0,0,18,319,1,22,0
24-04 02:22:36,23.250,3.000,71.499,1.250,0,5415368,140288,175376,2282700,6206.947,1619.986,0,9111.922,0,337.997,2472,2231,2.160,2.180,1.510,1,0,0,0,0,18,319,1,22,0
24-04 02:22:37,23.452,3.243,71.854,0.499,0,5378336,192640,175516,2267080,12281.975,1790.352,3.992,395.195,0.998,15.967,2332,1742,2.160,2.180,1.510,2,0,18.961,0,0,18,318,1,22,0
24-04 02:22:38,19.282,3.255,76.876,0,0,5413100,157872,175516,2267084,13373.917,3639.965,0,576.945,0,10.016,1975,1525,2.160,2.180,1.510,2,0,16.026,0,0,18,319,1,22,0
24-04 02:22:39,23.504,3.751,71.513,0.250,0,5406748,158632,175528,2272664,11385.001,1794.315,0,2224.391,0,238.042,2446,1804,2.160,2.180,1.510,1,0,3.001,0,0,18,318,1,19,0
24-04 02:22:40,18.995,2.249,77.978,0,0,5411088,147816,175664,2278876,14265.994,4559.720,0,1119.686,0,17.995,2090,1751,2.070,2.160,1.510,0,1,16.995,0,0,18,319,1,19,0
24-04 02:22:41,22.257,5.752,69.021,0,0,5396884,162480,175708,2278352,6767.103,1632.507,0,360.112,0,8.002,11609,21107,2.070,2.160,1.510,2,0,13.004,0,0,18,318,1,19,0
24-04 02:22:42,23.228,5.994,68.935,0,0.250,5397264,162064,175748,2278348,10184.428,1618.479,0,0,0,0,12764,23194,2.070,2.160,1.510,1,0,12.988,0,0,18,318,1,19,0
24-04 02:22:43,20.774,5.256,72.835,0.250,0,5350084,220324,175764,2267252,8580.045,1459.709,0,1830.143,0,18.021,2227,1715,2.070,2.160,1.510,2,0,8.009,0,0,18,318,1,18,0
24-04 02:22:44,23.254,4.001,70.764,0.250,0,5329752,240768,175768,2267188,10150.947,1458.280,0,1304.250,0,55.011,3502,3549,2.070,2.160,1.510,1,0,49.009,0,0,18,318,1,18,0
24-04 02:22:45,25.740,5.748,65.224,0.500,0,5344212,226292,175768,2267204,6898.285,323.873,0,2387.061,0,131.948,10463,19438,1.980,2.140,1.500,2,0,8.996,0,0,18,318,1,18,0
24-04 02:22:46,20.501,4.250,73.252,0.500,0,5384240,186248,175768,2267220,14258.485,2796.095,0,424.014,0,25.001,2522,2149,1.980,2.140,1.500,0,0,34.001,0,0,18,319,1,18,0
24-04 02:22:47,21.502,2.750,74.756,0,0,5373960,190940,175768,2272808,13707.050,2632.202,0,1148.088,0,21.002,2229,1847,1.980,2.140,1.500,1,0,2.000,0,0,18,318,1,14,0
24-04 02:22:48,19.497,3.249,76.237,0.500,0,5382444,181276,175768,2273988,13775.594,4602.196,0,1347.765,0,57.990,2127,1832,1.980,2.140,1.500,3,0,16.997,0,0,18,319,1,14,0
24-04 02:22:49,22.502,5.750,69.005,0.250,0,5369612,189664,175768,2278332,42452.297,1794.139,0,1028.080,0,46.004,12952,23205,1.980,2.140,1.500,1,0,14.001,0,0,18,318,1,14,0
24-04 02:22:50,23.251,6.250,68.753,0,0,5364476,194472,175768,2278660,11729.444,1458.055,16.001,796.030,1.000,25.001,12448,22232,1.980,2.140,1.510,1,0,17.001,0,0,18,318,1,14,0
24-04 02:22:51,20.753,5.251,72.759,0.250,0,5355644,214824,175784,2267236,10972.371,1620.202,0,332.041,0,11.001,2175,1650,1.980,2.140,1.510,2,0,6.001,0,0,18,318,1,14,0
24-04 02:22:52,22.976,5.244,70.924,0.250,0,5352588,217872,175784,2267244,10527.790,1618.277,0,903.038,0,27.970,2946,2468,1.980,2.140,1.510,1,0,52.944,0,0,18,318,1,13,0
24-04 02:22:53,22.518,6.255,69.806,0,0.250,5359808,210628,175796,2267256,8123.518,1695.360,0,4.003,0,1.001,3117,2377,1.980,2.140,1.510,1,0,66.053,0,0,18,318,1,13,0
24-04 02:22:54,23.505,4.001,70.515,0.500,0,5351324,209900,176392,2275872,11337.465,1694.368,0,2008.437,0,177.038,2757,2395,1.980,2.140,1.510,1,0,3.001,0,0,18,318,1,13,0
24-04 02:22:55,21.744,2.999,74.479,0,0,5358224,200608,176524,2278068,14988.827,3031.156,0,343.904,0,6.998,2424,1953,1.980,2.140,1.510,0,0,16.995,0,0,18,319,1,13,0
24-04 02:22:56,17.497,2.000,78.735,0.500,0,5371444,187252,176524,2278200,19517.382,11044.953,3.999,12485.686,1.000,114.979,1937,1695,1.980,2.140,1.510,0,0,0,0,0,18,319,1,9,0
24-04 02:22:57,11.503,1.250,85.523,0.500,0,5370108,188232,176524,2278536,20483.391,10651.804,0,1228.323,0,39.010,1582,1544,1.980,2.140,1.510,0,0,0,0,0,18,319,1,9,0
24-04 02:22:58,6.993,0.749,90.657,0.499,0,5369600,188580,176524,2278692,144212.925,8727.039,0,575.409,0,25.973,1545,1556,1.980,2.140,1.510,0,1,0,0,0,18,320,1,9,0
24-04 02:22:59,11.749,1.500,85.490,0.750,0,5374320,183752,176524,2278796,30270.353,6942.164,0,1207.854,0,55.993,1791,1937,1.980,2.140,1.510,1,0,0,0,0,18,320,1,9,0
24-04 02:23:00,21.264,1.751,75.300,0.250,0,5390296,167612,176524,2278956,19085.744,8045.372,0,940.628,0,45.030,2222,1971,1.990,2.140,1.510,1,0,0,0,0,18,320,1,7,0
24-04 02:23:01,19.252,1.500,78.507,0.500,0,5390860,166856,176524,2279144,22496.959,10984.956,0,1200.104,0,38.003,1888,1496,1.990,2.140,1.510,1,0,0,0,0,18,320,1,7,0
24-04 02:23:02,13.002,1.250,83.762,0.250,0,5408188,148976,176524,2279696,293935.955,11583.614,0,876.122,0,29.004,2032,1706,1.990,2.140,1.510,1,0,0,0,0,18,320,1,7,0
24-04 02:23:03,11.250,1.750,84.750,1.500,0,5411088,145952,176524,2279792,129449.552,17464.074,28.000,2136.009,4.000,100.000,2142,2060,1.990,2.140,1.510,0,0,0,0,0,18,320,1,7,0
24-04 02:23:04,13.253,1.500,82.268,1.000,0,5411492,145196,176524,2280136,60912.331,13147.877,104.023,2072.454,6.001,102.022,2276,2442,1.990,2.140,1.510,0,0,0,0,0,18,320,1,4,0
24-04 02:23:05,12.002,2.000,84.762,0.250,0.250,5418372,129068,176524,2289340,379403.837,16755.333,0,696.097,0,21.003,2133,1879,1.910,2.120,1.510,0,0,2.000,0,0,18,320,1,4,0
24-04 02:23:06,4.248,3.998,86.467,0.500,0.250,5416172,121964,176524,2298592,4735181.696,64278.819,0,46766.407,0,209.921,4751,3698,1.910,2.120,1.510,1,0,1.000,0,0,18,320,1,4,0
24-04 02:23:07,7.252,5.251,83.269,0.750,0,5393692,147140,176524,2296464,9913490.744,80583.645,0,50075.586,0,463.107,5001,3360,1.910,2.120,1.510,1,0,2.000,0,0,18,320,1,4,0
24-04 02:23:08,14.001,3.250,80.008,1.000,0,5391072,135500,176524,2310724,3121522.087,26537.747,164.017,13297.376,4.000,72.007,2771,2132,1.910,2.120,1.510,1,0,1.000,0,0,18,320,1,3,0
24-04 02:23:09,22.573,3.010,72.235,1.254,0,5398244,132924,179360,2303252,8234.739,1625.277,0,5220.953,0,261.850,2688,2365,1.910,2.120,1.510,1,0,1.003,0,0,18,320,1,3,0
24-04 02:23:10,24.259,3.251,71.527,0,0,5415432,122984,179952,2294876,11664.435,1512.575,0,468.178,0,18.007,2405,2115,1.830,2.100,1.510,1,0,0,0,0,18,320,1,3,0
24-04 02:23:11,32.336,7.462,58.454,0.249,0.249,5414580,158464,180344,2261152,9500.838,1653.617,0,1245.685,0,29.849,3407,11800,1.830,2.100,1.510,1,0,35.818,0,0,18,320,1,4,0
24-04 02:23:12,23.030,2.503,72.595,1.252,0,5424428,124624,181140,2283172,6515.515,1610.104,0,2319.031,0,85.111,2291,2146,1.830,2.100,1.510,1,0,0,0,0,18,320,1,3,0
24-04 02:23:13,22.001,4.000,71.753,1.000,0,5410064,120464,182172,2299032,11750.419,1586.057,0,2828.101,0,97.003,2372,2105,1.830,2.100,1.510,1,0,0,0,0,18,320,1,3,0
24-04 02:23:14,24.749,3.500,70.748,0.500,0,5422500,138528,183460,2268464,9977.668,1619.946,0,919.969,0,50.998,2625,2478,1.830,2.100,1.510,1,0,0,0,0,18,320,1,3,0
24-04 02:23:15,23.994,2.000,71.732,0.750,0,5418816,116876,184184,2291884,6769.345,1079.736,0,2699.340,0,63.984,2529,2418,1.930,2.110,1.520,1,0,1.000,0,0,18,320,1,3,0
24-04 02:23:16,22.760,3.001,72.532,1.251,0,5415076,135608,185112,2275528,10304.506,2589.132,4.002,2469.080,1.000,85.037,2444,2197,1.930,2.110,1.520,0,0,0,0,0,18,321,1,3,0
24-04 02:23:17,20.000,4.750,74.499,0.250,0,5353308,232548,185112,2240544,17984.869,3150.977,0,955.993,0,35.000,2227,1638,1.930,2.110,1.520,1,0,2.000,0,0,18,318,1,3,0
24-04 02:23:18,20.995,3.999,74.732,0,0,5368680,217164,185112,2240552,14077.601,2351.432,0,111.973,0,3.999,2271,1692,1.930,2.110,1.520,0,0,32.992,0,0,18,319,1,3,0
24-04 02:23:19,20.761,2.501,75.292,0,0,5348264,231972,185112,2246144,47446.200,2579.424,0,1308.723,0,11.006,2086,1551,1.930,2.110,1.520,1,0,2.001,0,0,18,318,1,3,0
24-04 02:23:20,18.482,2.248,77.925,0.250,0,5348536,231528,185112,2246288,12463.990,4568.598,0,1070.968,0,122.882,2220,1894,1.930,2.110,1.520,1,0,16.984,0,0,18,319,1,3,0
24-04 02:23:21,23.019,5.755,69.558,0,0,5342220,231656,185220,2251524,12064.011,1741.445,0,796.661,0,12.010,12137,21873,1.930,2.110,1.520,1,0,11.009,0,0,18,318,1,3,0
24-04 02:23:22,35.260,8.252,56.015,0,0,5381848,191612,185244,2251824,9163.487,1566.425,256.069,148.040,2.001,2.001,2840,1688,1.930,2.110,1.520,2,0,9.002,0,0,18,318,1,3,0
24-04 02:23:23,42.926,13.726,40.430,0,0,5402032,171224,185244,2252028,12050.173,1617.205,766.675,2136.308,5.990,4.991,11917,20518,1.930,2.110,1.520,5,0,20.964,0,0,18,318,1,3,0
24-04 02:23:24,23.031,5.758,70.344,0.250,0,5366504,218584,185256,2240860,8028.756,1716.299,0,893.197,0,43.058,2802,2560,1.930,2.110,1.520,2,0,10.013,0,0,18,320,1,1,0
24-04 02:23:25,25.254,4.001,68.012,0.500,0,5370464,214244,185260,2241300,10342.751,1620.274,280.047,980.166,6.001,25.004,3087,2857,1.860,2.090,1.520,1,0,8.001,0,0,18,320,1,3,0
24-04 02:23:26,22.988,3.748,71.212,0.999,0,5375308,206488,185264,2244208,10233.586,1619.143,459.757,1843.025,12.993,27.985,3191,3431,1.860,2.090,1.520,2,0,0,0,0,18,321,1,3,0
24-04 02:23:27,22.506,6.752,64.768,2.501,0,5371272,209884,185264,2244852,5912.626,1566.431,528.145,15544.275,31.009,426.117,6531,9478,1.860,2.090,1.520,2,0,0,0,0,18,323,1,7,0
24-04 02:23:28,23.002,8.751,64.255,2.500,0,5321348,259196,185264,2245464,5701.446,1620.127,528.041,4332.339,26.002,325.025,5492,6840,1.860,2.090,1.520,1,0,56.004,0,0,18,322,1,7,0
24-04 02:23:29,10.001,20.501,66.753,0,0,5324276,256224,185264,2245516,9992.513,1640.084,0,456.023,0,25.001,5146,3725,1.860,2.090,1.520,1,0,235.012,0,0,18,322,1,7,0
24-04 02:23:30,12.245,15.494,69.472,0.750,0.250,5316636,262984,185264,2246396,7873.851,1565.374,863.655,2550.980,7.997,383.846,4509,3351,1.790,2.080,1.510,1,0,138.944,0,0,18,322,1,8,0
24-04 02:23:31,13.246,6.498,70.730,8.248,0.250,5300016,271832,185264,2254164,9858.185,1619.537,7757.785,423.879,978.720,12.996,3209,3674,1.790,2.080,1.510,1,0,18.995,0,0,18,322,1,9,0
24-04 02:23:32,6.748,3.999,75.977,10.247,0,5298340,267996,185668,2259296,9492.124,2472.251,5530.324,2043.381,1103.666,60.982,2916,3920,1.790,2.080,1.510,0,0,7.998,0,0,18,323,1,9,0
24-04 02:23:33,2.252,0.751,95.572,0.250,0,5298336,267996,185668,2259300,50605.347,3189.417,0,292.221,0,27.020,1426,1943,1.790,2.080,1.510,0,0,0,0,0,18,323,1,9,0
24-04 02:23:34,3.750,1.000,92.748,0.500,0,5298352,267804,185668,2259476,50717.917,7390.842,167.996,143.997,2.000,20.000,1562,2054,1.790,2.080,1.510,0,0,0,0,0,18,323,1,9,0
24-04 02:23:35,5.000,1.500,91.748,0.500,0,5289856,275616,185668,2260156,168340.664,3713.904,371.990,55.999,13.000,6.000,1501,1715,1.650,2.040,1.500,2,0,4.000,0,0,18,322,1,9,1
24-04 02:23:36,4.499,2.250,92.232,0.500,0,5269920,294868,185668,2260832,10757.863,146230.953,187.963,1011.799,7.998,15.997,1417,1538,1.650,2.040,1.500,0,0,8.998,0,0,18,322,1,9,0
24-04 02:23:37,1.500,0.750,96.759,0.250,0,5268528,296260,185668,2260832,10848.001,1458.135,0,92.008,0,14.001,1076,1348,1.650,2.040,1.500,0,0,0,0,0,18,322,1,9,0
24-04 02:23:38,1.750,1.250,95.244,0.750,0,5258444,306636,185672,2260872,8951.418,1619.895,31.998,12883.162,1.000,284.981,1429,1886,1.650,2.040,1.500,0,0,0,0,0,18,322,1,9,0
24-04 02:23:39,1.498,0.749,97.145,0,0,5251356,313724,185672,2260872,9237.035,1564.312,0,0,0,0,1073,1422,1.650,2.040,1.500,2,0,0,0,0,18,322,1,9,0
24-04 02:23:40,1.501,1.000,96.040,0,0,5251228,313852,185672,2260872,8803.693,1512.634,0,92.039,0,13.005,1175,1636,1.510,2.010,1.500,0,0,0,0,0,18,322,1,9,0
24-04 02:23:41,1.251,0.500,97.335,0,0,5251692,313388,185672,2260872,10632.256,1663.448,0,0,0,0,928,1245,1.510,2.010,1.500,0,0,0,0,0,18,322,1,9,0
24-04 02:23:42,0.999,0.749,97.660,0,0,5251692,313388,185672,2260872,10947.904,1618.507,0,0,0,0,983,1259,1.510,2.010,1.500,0,0,0,0,0,18,322,1,9,0
24-04 02:23:43,1.251,5.004,91.831,0.250,0,5251424,313640,185672,2260872,8241.238,1621.424,0,89850.917,0,664.584,2518,2806,1.510,2.010,1.500,0,0,0,0,0,18,322,1,9,0
24-04 02:23:44,1.750,1.000,95.016,0.500,0,5251416,313640,185672,2260880,12341.060,1566.261,0,2040.341,0,62.010,1652,2375,1.510,2.010,1.500,0,0,0,0,0,18,322,1,9,0
24-04 02:23:45,1.500,1.000,95.978,0.250,0,5251416,313640,185672,2260880,9844.746,1581.638,0,127.971,0,12.997,1293,1842,1.390,1.970,1.490,0,0,1.000,0,0,18,322,1,9,0
24-04 02:23:46,1.000,0.500,97.279,0,0,5251416,313640,185672,2260880,8497.564,1620.489,0,732.221,0,157.047,961,1259,1.390,1.970,1.490,0,0,0,0,0,18,322,1,9,0
24-04 02:23:47,1.750,1.000,96.995,0,0,5251416,313640,185672,2260880,12346.328,1619.912,0,179.990,0,10.999,1057,1394,1.390,1.970,1.490,0,0,0,0,0,18,322,1,9,0
24-04 02:23:48,1.250,2.750,93.485,0.250,0,5251624,313388,185672,2260900,11727.145,1619.744,0,52435.705,0,395.937,1900,2387,1.390,1.970,1.490,1,0,0,0,0,18,322,1,9,0
24-04 02:23:49,1.250,1.500,96.754,0,0,5251604,313388,185672,2260908,44587.816,1458.059,0,17644.719,0,81.003,1172,1466,1.390,1.970,1.490,1,0,0,0,0,18,322,1,9,0
24-04 02:23:50,2.000,0.750,96.479,0,0,5251600,313388,185672,2260912,9562.878,1619.641,0,1347.701,0,20.995,1051,1410,1.280,1.940,1.480,0,0,0,0,0,18,322,1,9,0
24-04 02:23:51,1.250,1.000,96.746,0,0.250,5265984,299004,185672,2260912,7256.702,1565.936,0,0,0,0,894,1249,1.280,1.940,1.480,1,0,0,0,0,18,322,1,9,0
24-04 02:23:52,0.750,1.500,95.971,0,0,5253152,311836,185672,2260912,11049.678,1511.546,0,35.989,0,3.999,1007,1314,1.280,1.940,1.480,0,0,0,0,0,18,322,1,9,0
24-04 02:23:53,2.001,2.001,95.299,0,0,5253904,311084,185672,2260912,10093.218,1694.876,0,0,0,0,1146,1374,1.280,1.940,1.480,0,0,6.003,0,0,18,322,1,9,0
24-04 02:23:54,2.250,1.250,95.005,0.250,0.250,5253900,311084,185672,2260916,8348.441,1532.081,0,304.016,0,29.002,1512,2139,1.280,1.940,1.480,0,0,0,0,0,18,322,1,9,0
24-04 02:23:55,1.750,0.750,96.251,0.250,0,5253896,311084,185672,2260920,10573.162,1694.026,0,96.001,0,9.000,1216,1648,1.180,1.910,1.470,0,0,1.000,0,0,18,322,1,9,0
24-04 02:23:56,1.000,0.250,97.498,0.250,0,5253896,311084,185672,2260920,11243.787,1693.968,0,91.998,0,5.000,927,1271,1.180,1.910,1.470,0,0,0,0,0,18,322,1,9,0
24-04 02:23:57,2.000,0.750,95.996,0,0,5252104,312872,185672,2260924,12125.500,1693.930,0,995.959,0,172.993,1342,1813,1.180,1.910,1.470,0,0,0,0,0,18,322,1,9,0
24-04 02:23:58,1.500,1.000,97.004,0.250,0,5252004,312956,185672,2260940,10641.432,1694.069,16.001,92.004,1.000,12.000,1174,1742,1.180,1.910,1.470,0,0,0,0,0,18,322,1,9,0
24-04 02:23:59,1.250,1.000,95.980,0.250,0,5251996,312956,185672,2260940,5588.822,1499.684,0,3031.361,0,32.993,1180,1803,1.180,1.910,1.470,0,0,0,0,0,18,322,1,9,0
24-04 02:24:00,1.500,0.500,96.276,0,0,5251996,312956,185672,2260940,10692.924,1736.475,0,224.061,0,24.007,1071,1631,1.160,1.890,1.470,0,0,0,0,0,18,322,1,9,0
24-04 02:24:01,1.500,0.500,97.514,0,0,5251992,312956,185672,2260944,8410.243,1620.240,0,4.001,0,1.000,891,1285,1.160,1.890,1.470,0,0,0,0,0,18,322,1,9,0
24-04 02:24:02,1.249,0.750,97.451,0,0,5251992,312956,185672,2260944,12572.699,1619.188,0,315.842,0,17.991,1010,1369,1.160,1.890,1.470,0,0,0,0,0,18,322,1,9,0
24-04 02:24:03,1.250,0.250,96.977,0.250,0,5251992,312956,185672,2260944,44606.288,1457.650,0,35.991,0,4.999,1051,1362,1.160,1.890,1.470,0,0,0,0,0,18,322,1,9,0
24-04 02:24:04,1.000,1.000,96.246,0.250,0,5251992,312956,185672,2260944,12620.540,1693.938,0,311.989,0,26.999,1246,1732,1.160,1.890,1.470,0,0,0,0,0,18,322,1,9,0
24-04 02:24:05,2.001,0.750,96.795,0,0,5251864,312956,185672,2261072,10330.770,1620.748,0,8.004,0,1.000,1109,1491,1.070,1.860,1.460,0,0,1.000,0,0,18,322,1,9,0
24-04 02:24:06,1.500,1.250,96.219,0,0,5252116,312704,185672,2261072,138055.446,3408.900,0,51.983,0,3.999,1224,1532,1.070,1.860,1.460,1,0,2.999,0,0,18,322,1,9,0
24-04 02:24:07,16.260,4.002,78.799,0,0,5261856,302956,185672,2261080,289095.048,10246.311,0,152.094,0,13.008,2758,2220,1.070,1.860,1.460,1,0,22.014,0,0,18,322,1,9,0
24-04 02:24:08,15.246,3.499,77.980,1.000,0,5256776,307908,185676,2261204,157663.842,9245.586,155.959,1443.623,6.998,200.948,2964,2601,1.070,1.860,1.460,0,0,18.995,0,0,18,322,1,9,0
24-04 02:24:09,22.178,7.974,68.278,0.249,0,5270652,291404,185676,2263864,152572.603,3913.294,15.948,4034.899,0.997,81.735,3328,2523,1.070,1.860,1.460,6,0,22.926,0,0,18,322,1,9,0
