"pcp-dstat 6.2.0 CSV Output"
"Author:","PCP team <pcp@groups.io> and Dag Wieers <dag@wieers.com>",,,,"URL:","https://pcp.io/ and http://dag.wieers.com/home-made/dstat/"
"Host:","np0000056381",,,,"User:","ubuntu"
"Cmdline:","dstat -tcmndrylpg --tcp --output /tmp/devstack_logs/dstat-csv.log",,,,"Date:","19 Feb 2026 17:30:38 UTC"
"system","total usage",,,,,"memory usage",,,,"net/total",,"dsk/total",,"io/total",,"system",,"load avg",,,"procs",,,"paging",,"tcp sockets",,,,
"time","total usage:usr","total usage:sys","total usage:idl","total usage:wai","total usage:stl","used","free","buf","cach","net/total:recv","net/total:send","dsk/total:read","dsk/total:writ","read","writ","int","csw","1m","5m","15m","run","blk","new","in","out","lis","act","syn","tim","clo"
19-02 17:30:38,,1016472,1492296,165192,5143776,,,,,,,1.010,0.950,0.650,3,0,,,,10,4,1,11,2
19-02 17:30:39,24.702,20.461,52.149,0.499,0,1035744,1455836,165204,5160444,234097.773,9984.754,0,1377.345,0,32.937,5251,3436,1.010,0.950,0.650,2,0,232.552,0,0,10,4,1,11,2
19-02 17:30:40,29.249,23.500,45.749,0.500,0,1054244,1421332,165968,5172728,6263.881,1025.981,0,1859.965,0,61.999,5155,3014,1.010,0.950,0.650,2,0,219.996,0,0,10,4,1,11,2
19-02 17:30:41,31.502,22.502,44.253,0.500,0,1057492,1400056,166436,5188324,6438.492,1080.082,0,1444.110,0,38.003,4871,2722,1.090,0.970,0.650,2,0,187.014,0,0,10,4,1,11,2
19-02 17:30:42,36.555,20.281,41.312,0.250,0,1087324,1350100,166768,5206976,8625.032,1027.553,0,1261.907,0,35.053,5155,4376,1.090,0.970,0.650,3,0,170.257,0,0,10,4,1,11,2
19-02 17:30:43,34.458,18.977,44.446,1.248,0,1076036,1348152,167568,5217136,38178.764,1044.735,0,2624.821,0,110.866,4682,3060,1.090,0.970,0.650,4,0,153.814,0,0,10,4,1,11,2
19-02 17:30:44,43.974,16.740,37.478,0.750,0,1075764,1331244,168268,5232112,10746.614,1045.379,0,3186.107,0,150.910,5432,4701,1.090,0.970,0.650,2,0,141.916,0,0,10,4,1,11,2
19-02 17:30:45,31.752,8.001,58.504,0.750,0,1198352,1185792,169196,5375916,41389.889,992.069,0,2056.144,0,66.005,3725,3205,1.090,0.970,0.650,2,0,16.001,0,0,11,4,1,11,2
19-02 17:30:46,34.710,10.488,53.438,0.250,0,1190628,1211060,169220,5358720,13149.778,3387.079,15.981,531.385,0.999,19.977,3893,2377,1.160,0.980,0.660,2,0,93.891,0,0,11,4,1,11,0
19-02 17:30:47,38.020,13.507,47.775,0,0,1217940,1183708,169240,5358740,6700.492,1154.602,0,52.027,0,6.003,3842,2146,1.160,0.980,0.660,2,0,105.055,0,0,11,4,1,11,0
19-02 17:30:48,33.543,13.517,51.816,0.501,0,1223920,1172304,169352,5363544,10013.705,3396.309,84.107,1573.997,7.009,26.033,4075,2678,1.160,0.980,0.660,2,0,124.158,0,0,11,4,1,13,0
19-02 17:30:49,43.728,5.747,48.226,0.750,0,1246436,1148228,169392,5364880,5211.387,971.513,259.870,1431.282,7.996,18.990,2870,1667,1.160,0.980,0.660,2,0,1.999,0,0,11,4,1,13,0
19-02 17:30:50,39.988,4.499,54.234,1.000,0,1270256,1115804,169912,5371312,15241.413,4151.751,247.925,2091.371,7.998,18.994,2881,1601,1.160,0.980,0.660,3,0,17.995,0,0,11,4,1,13,0
19-02 17:30:51,36.014,10.254,42.266,8.253,0,1280252,1100432,170536,5375732,6483.454,972.368,16.006,20451.740,1.000,1315.498,18087,32779,1.390,1.030,0.680,2,1,22.008,0,0,11,6,1,11,0
19-02 17:30:52,35.236,10.996,36.985,11.995,0.250,1291132,1086284,171032,5378348,9136.406,1025.597,0,54058.738,0,2204.133,16760,29577,1.390,1.030,0.680,1,1,40.984,0,0,11,6,1,11,0
19-02 17:30:53,31.302,12.521,39.065,12.771,0,1286816,1087092,171488,5381248,9800.428,1027.723,0,28640.007,0,2145.597,12158,20476,1.390,1.030,0.680,2,1,30.050,0,0,11,6,1,11,0
19-02 17:30:54,39.474,10.743,38.724,8.245,0,1128900,1257060,171728,5370432,9753.494,1045.303,0,19019.313,0,1564.956,8444,12149,1.390,1.030,0.680,3,0,71.952,0,0,11,4,1,11,0
19-02 17:30:55,43.437,7.489,48.180,0,0,1199264,1186696,171728,5370436,6591.413,970.588,0,1302.106,0,141.794,3303,1850,1.390,1.030,0.680,2,0,50.926,0,0,11,4,1,11,0
19-02 17:30:56,29.755,6.751,61.510,1.500,0,1215516,1170392,171744,5370472,4966.781,972.153,0,6196.974,0,358.056,3243,3111,1.360,1.030,0.680,1,0,50.008,0,0,11,4,1,11,0
19-02 17:30:57,23.259,4.002,71.527,0.500,0,1192648,1193252,171744,5370480,4744.794,1014.384,0,27362.348,0,367.139,2261,1483,1.360,1.030,0.680,1,0,10.004,0,0,11,4,1,11,0
19-02 17:30:58,22.475,3.246,73.419,0,0,1205164,1180732,171744,5370484,9658.305,1012.878,0,7.991,0,0.999,1796,1212,1.360,1.030,0.680,1,0,0,0,0,11,4,1,11,0
19-02 17:30:59,20.265,6.255,72.555,0,0,1180676,1205204,171744,5370500,8719.604,756.573,0,316.240,0,51.039,2600,1636,1.360,1.030,0.680,1,0,70.053,0,0,11,4,1,11,0
19-02 17:31:00,8.755,19.261,70.291,0,0,1175892,1209964,171744,5370528,7004.130,810.478,0,4.002,0,1.001,4676,2931,1.360,1.030,0.680,1,0,211.124,0,0,11,4,1,11,0
19-02 17:31:01,10.226,20.202,68.337,0,0,1160180,1225664,171744,5370540,7630.760,969.682,0,51.876,0,4.988,4625,2843,1.330,1.030,0.680,1,0,191.542,0,0,11,4,1,11,0
19-02 17:31:02,10.023,20.046,68.155,0,0,1159356,1226340,171744,5370688,8355.017,1028.341,0,525.195,0,10.023,4674,2931,1.330,1.030,0.680,1,0,195.445,0,0,11,4,1,11,0
19-02 17:31:03,20.280,16.524,61.591,0,0,1121656,1264016,171744,5371036,6415.469,1047.546,0,3813.629,0,11.016,5653,6716,1.330,1.030,0.680,2,0,132.195,0,0,11,4,1,11,0
19-02 17:31:04,19.229,11.487,61.432,6.243,0,1112196,1266172,171752,5378600,4953.485,970.919,7695.433,2912.757,77.913,55.938,3232,3252,1.330,1.030,0.680,3,0,77.913,0,0,11,4,1,11,0
19-02 17:31:05,48.436,13.413,38.004,0,0,1223540,1154536,171752,5378892,7662.364,1019.396,0,0,0,0,3941,2103,1.330,1.030,0.680,2,0,99.356,0,0,11,5,1,11,0
19-02 17:31:06,48.040,3.018,48.291,0.252,0,1273192,1103836,171760,5379932,7478.137,977.902,515.109,229.385,9.055,5.030,2717,1085,1.380,1.050,0.690,2,0,0,0,0,11,5,1,11,0
19-02 17:31:07,43.756,9.001,46.006,0,0,1296452,1078792,171760,5381692,4989.659,1026.135,0,1028.136,0,77.010,3748,3610,1.380,1.050,0.690,2,0,0,0,0,11,5,1,11,0
19-02 17:31:08,14.996,16.245,67.481,0,0,1304944,1069596,171760,5382376,9697.210,971.720,0,411.882,0,7.998,4209,3205,1.380,1.050,0.690,3,0,155.955,0,0,11,4,1,12,0
19-02 17:31:09,31.257,6.501,61.513,0,0,1340004,1034536,171760,5382376,6046.286,972.207,0,0,0,0,2893,10129,1.380,1.050,0.690,1,0,22.005,0,0,11,4,1,13,0
19-02 17:31:10,23.250,2.250,73.499,0,0,1369820,1004716,171760,5382380,7762.935,1025.991,0,3115.974,0,64.999,1804,1136,1.380,1.050,0.690,1,0,0,0,0,11,4,1,13,0
19-02 17:31:11,23.496,2.500,70.988,1.500,0.250,1390532,983704,171820,5382620,7485.711,1025.823,0,2047.647,0,222.962,3658,4915,1.350,1.050,0.690,1,0,1.000,0,0,11,10,1,12,0
19-02 17:31:12,18.500,8.250,70.998,1.250,0,1317672,1056532,171852,5382620,4126.911,971.979,0,3807.918,0,200.996,2797,2546,1.350,1.050,0.690,2,0,41.999,0,0,11,4,1,14,0
19-02 17:31:13,13.004,5.001,70.021,10.753,0,1344232,1029432,172000,5382968,42883.809,972.290,488.146,52503.682,24.007,239.071,2000,1580,1.350,1.050,0.690,1,0,0,0,0,11,4,1,14,0
19-02 17:31:14,19.743,1.500,76.974,1.000,0,1360060,1013328,172048,5383160,9192.951,3535.827,3.999,3106.969,1.000,127.958,1934,1749,1.350,1.050,0.690,1,0,0,0,0,11,11,1,14,0
19-02 17:31:15,18.734,2.498,73.436,4.996,0,1365092,1007840,172096,5383392,42544.070,3316.121,267.768,1075.067,65.943,32.971,2505,2491,1.350,1.050,0.690,3,0,1.998,0,0,11,25,1,13,0
19-02 17:31:16,19.016,5.004,74.563,0,0,1363336,1009572,172096,5383412,11644.815,4747.001,0,0,0,0,2685,1954,1.330,1.050,0.690,1,0,45.038,0,0,11,28,1,14,0
19-02 17:31:17,20.997,4.999,73.490,0,0,1363332,1009572,172100,5383412,9569.703,1173.841,0,527.928,0,3.999,1797,1267,1.330,1.050,0.690,1,0,0,0,0,11,28,1,14,0
19-02 17:31:18,18.284,4.258,76.644,0,0,1363288,1009592,172100,5383416,14145.649,5068.549,0,39057.581,0,167.315,2135,1550,1.330,1.050,0.690,1,0,0,0,0,11,29,1,14,0
19-02 17:31:19,17.934,13.450,67.999,0,0,1297956,1074900,172100,5383432,9555.736,3942.451,0,11.956,0,2.989,3582,2473,1.330,1.050,0.690,2,0,136.496,0,0,11,28,1,14,0
19-02 17:31:20,40.924,10.294,48.456,0,0,1385896,986952,172100,5383440,4473.042,976.156,0,4.017,0,1.004,3026,1724,1.330,1.050,0.690,2,0,25.107,0,0,11,28,1,14,0
19-02 17:31:21,35.753,3.500,59.005,0,0,1438220,934604,172104,5383460,15861.333,8806.740,0,824.069,0,16.001,3344,2671,1.380,1.060,0.700,2,0,0,0,0,11,30,1,14,0
19-02 17:31:22,35.664,4.240,57.611,0.249,0,1438496,934128,172112,5383652,17860.888,10434.813,0,159.615,0,12.969,5481,6345,1.380,1.060,0.700,2,0,0,0,0,11,30,1,14,0
19-02 17:31:23,39.515,27.010,33.013,0,0,1366360,1006236,172128,5383664,9106.460,2457.934,0,1836.698,0,42.016,5496,4601,1.380,1.060,0.700,5,0,328.125,0,0,11,28,1,15,0
19-02 17:31:24,75.683,24.559,0,0,0,1543792,828740,172128,5383696,6314.241,974.352,0,240.581,0,15.036,5244,3728,1.380,1.060,0.700,6,0,250.605,0,0,11,28,1,14,0
19-02 17:31:25,87.465,9.246,2.999,0,0,1740764,631732,172136,5383724,24740.106,15942.625,0,527.789,0,32.987,5453,4086,1.380,1.060,0.700,5,0,1.000,0,0,11,32,2,14,0
19-02 17:31:26,75.263,8.723,15.701,0,0,1750764,621472,172152,5383952,33484.772,27585.312,0,275.135,0,27.912,7698,10404,1.590,1.110,0.720,5,0,32.897,0,0,11,32,1,16,0
19-02 17:31:27,45.138,15.798,37.866,0.251,0,1562404,809744,172184,5383992,9926.440,4769.626,0,658.018,0,57.175,5548,5692,1.590,1.110,0.720,2,0,239.735,0,0,11,28,1,20,0
19-02 17:31:28,20.452,4.988,73.577,0,0,1557684,814456,172188,5384000,6900.761,2937.088,0,287.324,0,9.977,2137,1414,1.590,1.110,0.720,0,0,37.911,0,0,11,29,1,18,0
19-02 17:31:29,18.251,2.250,78.006,0.250,0,1541788,830344,172188,5384008,13603.044,5126.394,0,180.014,0,10.001,2703,2744,1.590,1.110,0.720,1,0,0,0,0,11,29,1,18,0
19-02 17:31:30,17.249,9.499,72.244,0.250,0,1470728,901264,172188,5384148,7817.335,1852.842,0,243.979,0,20.998,3147,2528,1.590,1.110,0.720,2,0,67.994,0,0,11,28,1,19,0
19-02 17:31:31,21.503,2.000,75.762,0,0,1483772,888212,172196,5384148,9381.438,2944.451,0,144.022,0,9.001,1815,1266,1.540,1.110,0.720,0,0,0,0,0,11,29,1,19,0
19-02 17:31:32,16.748,2.250,79.741,0,0,1475500,896476,172196,5384156,11092.709,5173.398,0,503.941,0,26.997,2382,2387,1.540,1.110,0.720,1,0,0,0,0,11,29,1,16,0
19-02 17:31:33,14.747,13.997,69.485,0.500,0,1430128,941820,172208,5384172,8977.021,1895.582,0,5118.872,0,411.909,4607,3471,1.540,1.110,0.720,2,0,162.964,0,0,11,28,1,17,0
19-02 17:31:34,7.998,22.995,67.236,0,0,1412608,959368,172220,5384176,8011.354,1025.789,0,243.950,0,9.998,5096,3039,1.540,1.110,0.720,1,0,273.944,0,0,11,28,1,17,0
19-02 17:31:35,19.777,34.296,44.310,0,0,1391984,979968,172228,5384192,4844.540,973.314,0,1245.682,0,121.164,5703,3899,1.540,1.110,0.720,5,0,358.484,0,0,11,28,1,17,0
19-02 17:31:36,73.658,25.805,0.251,0,0,1495764,876172,172232,5384204,4600.847,974.085,0,152.326,0,14.030,4986,3297,1.820,1.170,0.740,5,0,244.523,0,0,11,28,1,17,0
19-02 17:31:37,82.899,9.239,7.741,0,0,1665268,706636,172232,5384236,26009.310,18930.935,0,0,0,0,5501,4123,1.820,1.170,0.740,3,0,0,0,0,11,33,1,17,0
19-02 17:31:38,65.604,8.232,25.194,0.249,0,1645372,726236,172236,5384528,36154.299,28968.339,0,347.225,0,40.909,8525,12986,1.820,1.170,0.740,6,0,29.933,0,0,11,30,1,17,0
19-02 17:31:39,76.504,22.073,1.003,0,0,1540680,830892,172240,5384560,14318.520,5282.531,0,838.784,0,44.147,6260,5834,1.820,1.170,0.740,6,0,282.939,0,0,11,28,1,18,0
19-02 17:31:40,89.253,11.000,0.250,0,0,1703900,667520,172240,5384676,14920.473,8887.282,0,2968.094,0,92.003,5161,2738,1.820,1.170,0.740,4,0,0,0,0,11,31,1,18,0
19-02 17:31:41,73.522,8.474,16.698,0,0,1739580,631748,172240,5384768,48210.415,40016.838,0,745.686,0,42.867,8336,12759,1.990,1.220,0.760,3,0,0,0,0,11,34,1,18,0
19-02 17:31:42,61.543,16.762,20.764,0,0,1492900,878364,172260,5384812,24506.053,17587.239,0,512.357,0,42.029,8027,10713,1.990,1.220,0.760,2,0,298.208,0,0,11,28,1,23,0
19-02 17:31:43,39.734,4.998,54.978,0,0,1546020,825204,172264,5384848,40952.563,4987.998,0,367.852,0,9.996,2667,1333,1.990,1.220,0.760,1,0,0,0,0,11,30,1,23,0
19-02 17:31:44,36.531,4.003,57.549,0.250,0,1536380,834736,172272,5384948,21305.155,11780.038,0,288.246,0,28.024,5039,5488,1.990,1.220,0.760,1,0,0,0,0,11,30,1,23,0
19-02 17:31:45,32.503,29.003,37.504,0,0,1442364,928724,172280,5384968,46008.556,4827.478,0,264.026,0,18.002,5926,4885,1.990,1.220,0.760,3,0,375.037,0,0,11,28,1,25,0
19-02 17:31:46,62.112,13.274,24.043,0,0,1514820,856248,172280,5384988,4280.687,1101.979,0,224.403,0,12.022,3828,1612,2.070,1.250,0.770,3,0,4.007,0,0,11,28,1,25,0
19-02 17:31:47,50.036,4.730,43.813,0.249,0,1531248,839668,172288,5385132,23885.989,13997.222,0,828.462,0,49.787,4540,3866,2.070,1.250,0.770,3,0,0,0,0,11,31,1,25,0
19-02 17:31:48,51.020,5.752,40.516,0,0,1531028,839668,172312,5385328,24442.743,16372.526,0,388.155,0,52.021,7461,8644,2.070,1.250,0.770,3,0,0,0,0,11,28,2,24,0
19-02 17:31:49,65.722,25.837,8.780,0.251,0,1458180,912508,172320,5385328,9357.549,1041.511,0,505.705,0,22.074,5277,3443,2.070,1.250,0.770,4,0,258.873,0,0,11,28,1,24,0
19-02 17:31:50,72.049,7.453,19.130,0,0,1581152,789500,172324,5385360,18460.353,13192.355,0,194.780,0,8.944,4606,2653,2.070,1.250,0.770,3,0,0,0,0,11,32,1,24,0
19-02 17:31:51,59.810,6.283,32.418,0,0,1586252,784208,172328,5385548,26781.686,21410.874,0,892.622,0,53.276,7437,9249,2.070,1.260,0.780,3,0,0,0,0,11,32,1,24,0
19-02 17:31:52,57.663,23.714,17.474,0.250,0,1514068,856352,172336,5385580,20630.911,8957.502,0,443.332,0,38.941,6827,7106,2.070,1.260,0.780,3,0,323.513,0,0,11,28,1,27,0
19-02 17:31:53,62.299,8.507,29.273,0,0,1561528,808880,172336,5385592,9830.785,3319.629,0,180.143,0,9.007,3677,1496,2.070,1.260,0.780,2,0,0,0,0,11,29,1,27,0
19-02 17:31:54,52.054,5.506,41.793,0,0,1576532,793840,172340,5385624,22625.375,16344.887,0,472.488,0,33.034,4577,4719,2.070,1.260,0.780,2,0,0,0,0,11,31,1,27,0
19-02 17:31:55,49.394,11.226,37.419,0.249,0,1507836,862448,172364,5385688,20256.404,12532.029,0,451.029,0,38.916,7195,7930,2.070,1.260,0.780,5,0,95.794,0,0,11,28,1,29,0
19-02 17:31:56,55.407,22.564,22.063,0,0,1450648,919596,172364,5385728,6580.679,1028.921,0,2398.809,0,124.353,4438,2666,2.140,1.290,0.790,3,0,204.581,0,0,11,28,1,29,0
19-02 17:31:57,57.363,6.734,35.166,0,0,1510092,860008,172364,5385868,17080.135,10287.387,0,143.656,0,9.976,4176,2426,2.140,1.290,0.790,2,0,0,0,0,11,31,1,29,0
19-02 17:31:58,54.844,7.513,36.313,0,0,1460272,909656,172380,5386024,17782.624,12473.481,0,737.270,0,60.104,5824,6111,2.140,1.290,0.790,5,0,18.031,0,0,11,30,1,30,0
19-02 17:31:59,61.759,25.504,12.252,0.250,0,1422180,947488,172440,5386192,13726.074,8173.235,0,2796.422,0,174.026,6105,6484,2.140,1.290,0.790,3,0,269.041,0,0,11,28,1,32,0
19-02 17:32:00,54.618,5.214,38.729,0,0,1539864,829652,172444,5386340,16724.141,9214.614,0,95.334,0,6.951,3669,2190,2.140,1.290,0.790,6,0,0,0,0,11,31,1,32,0
19-02 17:32:01,54.547,5.279,39.214,0,0,1544480,825000,172444,5386376,22454.411,15006.810,0,132.724,0,7.038,6152,6850,2.210,1.320,0.810,3,0,0,0,0,11,31,1,32,0
19-02 17:32:02,54.495,18.498,25.998,0,0,1450356,919088,172452,5386404,12829.864,4002.645,0,383.966,0,38.997,5276,4285,2.210,1.320,0.810,4,0,111.990,0,0,11,28,1,34,0
19-02 17:32:03,58.746,5.750,35.248,0,0,1513848,855584,172452,5386416,14547.979,7517.472,0,111.992,0,7.000,3517,1635,2.210,1.320,0.810,3,0,0,0,0,11,31,1,34,0
19-02 17:32:04,51.170,5.991,41.685,0,0,1514572,854828,172456,5386444,21969.582,14245.683,0,523.180,0,27.956,5566,5826,2.210,1.320,0.810,3,0,0,0,0,11,31,1,34,0
19-02 17:32:05,54.900,24.567,19.052,0.501,0,1444616,924616,172456,5386612,14697.203,6424.574,0,405.108,0,42.115,6623,6493,2.210,1.320,0.810,5,0,354.971,0,0,11,28,1,36,0
19-02 17:32:06,77.113,23.284,0.250,0,0.250,1578144,791020,172460,5386644,4738.917,1027.500,0,208.304,0,15.022,5418,4509,2.680,1.430,0.840,7,0,405.592,0,0,11,28,1,36,0
19-02 17:32:07,81.014,17.253,1.250,0,0,1710360,658772,172464,5386672,22046.904,18941.354,0,536.095,0,31.005,6624,6303,2.680,1.430,0.840,6,0,424.075,0,0,11,32,1,36,0
19-02 17:32:08,76.293,16.705,6.233,0,0,1731608,637240,172468,5386952,43878.101,35528.726,0,470.724,0,44.878,7827,10266,2.680,1.430,0.840,7,0,459.754,0,0,11,30,1,37,0
19-02 17:32:09,77.697,21.304,1.253,0,0,1628040,740748,172476,5386916,21107.563,11776.885,0,677.720,0,71.181,6535,11230,2.680,1.430,0.840,6,0,247.628,0,0,11,28,1,37,0
19-02 17:32:10,80.756,10.251,8.751,0.250,0,1659388,709372,172476,5387044,22960.761,14750.132,0,956.073,0,12.001,4870,3177,2.680,1.430,0.840,5,0,0,0,0,11,32,1,37,0
19-02 17:32:11,72.747,7.250,18.749,0,0,1672208,696328,172476,5387280,44571.124,37817.408,0,2707.886,0,136.994,10233,15188,2.540,1.430,0.850,5,0,5.000,0,0,11,30,1,40,0
19-02 17:32:12,29.418,25.429,44.127,0,0,1486300,882204,172476,5387312,14741.910,6955.613,0,19.944,0,4.986,7023,7222,2.540,1.430,0.850,2,0,645.202,0,0,11,28,1,42,0
19-02 17:32:13,15.925,30.854,51.257,0,0,1464580,903900,172476,5387336,43913.070,1021.165,0,119.434,0,9.953,5422,3282,2.540,1.430,0.850,5,0,310.530,0,0,11,28,1,39,0
19-02 17:32:14,52.704,40.155,7.780,0,0,1447192,921280,172476,5387344,5686.981,975.771,0,32.124,0,8.031,5386,4289,2.540,1.430,0.850,5,0,551.130,0,0,11,28,1,39,0
19-02 17:32:15,74.907,13.278,11.274,0,0,1562388,806040,172492,5387372,47734.746,9291.415,0,164.343,0,13.027,4925,3041,2.540,1.430,0.850,4,0,91.191,0,0,11,33,1,39,0
19-02 17:32:16,63.309,6.756,29.027,0.250,0,1590064,778168,172492,5387568,28584.648,19655.324,0,184.172,0,23.021,6346,7721,2.740,1.480,0.870,3,0,15.014,0,0,11,35,1,40,0
19-02 17:32:17,70.537,21.261,7.754,0,0,1488056,880120,172512,5387600,15459.143,7168.776,0,572.301,0,56.030,6392,6510,2.740,1.480,0.870,4,0,254.134,0,0,11,32,1,42,0
19-02 17:32:18,74.179,8.242,16.734,0,0.250,1580956,787188,172512,5387632,19713.205,12632.955,0,179.829,0,7.992,4793,2964,2.740,1.480,0.870,3,0,0,0,0,11,35,1,42,0
19-02 17:32:19,55.500,7.250,36.000,0,0,1601112,766816,172520,5387820,30372.240,22368.177,0,196.002,0,13.000,7344,8761,2.740,1.480,0.870,2,0,6.000,0,0,11,36,1,42,0
19-02 17:32:20,47.405,6.487,45.159,0,0.249,1601008,766816,172532,5387908,32642.481,24586.650,0,195.607,0,10.978,9618,12947,2.740,1.480,0.870,2,0,0,0,0,11,36,1,42,0
19-02 17:32:21,61.338,12.518,24.786,0,0,1550344,817268,172548,5388092,28862.401,20033.737,0,412.592,0,42.060,8242,11029,2.920,1.540,0.890,3,0,80.115,0,0,11,33,1,41,0
19-02 17:32:22,82.979,12.747,4.499,0,0,1553536,814044,172556,5388112,7505.113,3474.126,0,235.941,0,20.995,5053,2993,2.920,1.540,0.890,3,0,39.990,0,0,11,33,1,41,0
19-02 17:32:23,63.033,6.478,29.399,0,0,1620692,746856,172560,5388144,26699.234,19646.474,0,143.507,0,8.969,4799,4528,2.920,1.540,0.890,3,0,0,0,0,11,36,1,41,0
19-02 17:32:24,50.365,5.763,42.096,0,0,1620480,746856,172560,5388356,30207.108,23921.729,0,144.330,0,10.023,8662,12481,2.920,1.540,0.890,2,0,0,0,0,11,36,1,41,0
19-02 17:32:25,47.480,6.747,42.982,0.250,0,1620936,746188,172560,5388564,26740.804,20930.237,0,123.948,0,7.997,8843,11294,2.920,1.540,0.890,2,0,1.000,0,0,11,36,1,40,0
19-02 17:32:26,64.685,19.556,14.542,0,0,1455864,911204,172568,5388608,22243.548,14930.655,0,120.344,0,7.020,7312,7936,3.010,1.580,0.910,4,0,260.745,0,0,11,32,1,44,0
19-02 17:32:27,85.042,11.005,4.502,0,0,1591872,775160,172576,5388632,12150.046,5607.791,0,2737.362,0,134.067,5106,2295,3.010,1.580,0.910,1,0,0,0,0,11,35,1,44,0
19-02 17:32:28,62.408,5.991,30.705,0,0,1601720,765120,172576,5388820,32640.084,24279.358,0,147.783,0,9.985,6998,8650,3.010,1.580,0.910,5,0,0,0,0,11,35,1,45,0
19-02 17:32:29,64.837,13.965,19.202,0,0,1578340,788288,172576,5389028,29339.015,21284.327,0,119.698,0,7.980,8073,10682,3.010,1.580,0.910,4,0,67.829,0,0,11,34,1,40,0
19-02 17:32:30,79.033,12.294,8.280,0.251,0,1550016,816588,172584,5389044,12870.121,9234.091,0,353.266,0,33.119,5235,4863,3.010,1.580,0.910,4,0,60.216,0,0,11,33,1,40,0
19-02 17:32:31,63.904,10.155,24.521,0,0,1640244,726320,172600,5389072,21209.028,13844.769,0,261.559,0,23.778,4781,3675,2.930,1.590,0.910,4,0,59.445,0,0,11,35,1,41,0
19-02 17:32:32,77.142,11.597,11.849,0,0,1679648,686852,172620,5389112,21978.972,16310.785,0,266.216,0,22.185,6245,8205,2.930,1.590,0.910,2,0,60.504,0,0,11,34,2,42,0
19-02 17:32:33,66.972,5.998,25.489,0.250,0,1719684,646596,172620,5389328,33227.152,27818.406,0,143.940,0,7.997,7587,9776,2.930,1.590,0.910,3,0,0,0,0,11,35,1,41,0
19-02 17:32:34,71.892,17.785,10.771,0,0,1606476,759784,172620,5389348,22639.757,13694.072,0,160.317,0,10.020,6891,7691,2.930,1.590,0.910,4,0,184.364,0,0,11,32,1,44,0
19-02 17:32:35,75.732,13.452,9.965,0,0,1605304,760776,172620,5389524,13285.074,8102.381,0,119.578,0,7.972,4781,2806,2.930,1.590,0.910,3,0,43.845,0,0,11,34,1,44,0
19-02 17:32:36,71.407,9.270,18.791,0,0,1649552,716484,172620,5389564,29889.585,21602.401,0,116.255,0,8.018,5541,6686,2.930,1.620,0.930,5,0,34.075,0,0,11,34,1,46,0
19-02 17:32:37,74.813,11.510,13.511,0,0,1586844,779008,172632,5389732,20957.599,11484.644,0,412.346,0,39.033,5949,7128,2.930,1.620,0.930,4,0,106.089,0,0,11,32,2,48,0
19-02 17:32:38,54.649,10.231,34.686,0,0,1545408,820396,172636,5389776,15052.183,11891.025,0,291.461,0,23.956,4469,3686,2.930,1.620,0.930,2,0,65.878,0,0,11,33,1,49,0
19-02 17:32:39,51.092,16.780,31.306,0,0,1505932,859856,172636,5389792,15130.154,7295.092,0,260.467,0,22.040,4908,3841,2.930,1.620,0.930,2,0,120.216,0,0,11,33,1,50,0
19-02 17:32:40,58.696,6.744,33.719,0,0,1530328,835396,172640,5389848,15997.293,10241.584,0,435.600,0,16.984,5169,4763,2.930,1.620,0.930,3,0,16.984,0,0,11,34,1,51,0
19-02 17:32:41,52.549,11.261,34.532,0,0,1532776,832788,172640,5390008,21904.494,13818.929,0,1381.292,0,14.013,5984,6280,2.940,1.640,0.940,3,0,79.074,0,0,11,34,1,50,0
19-02 17:32:42,52.732,13.745,32.489,0,0,1466308,899228,172640,5390032,15919.431,9894.538,0,2707.053,0,125.956,5536,4669,2.940,1.640,0.940,4,0,85.970,0,0,11,33,1,52,0
19-02 17:32:43,51.887,8.232,39.913,0,0,1545384,820100,172644,5390076,45625.866,6910.984,0,223.514,0,13.970,3908,3117,2.940,1.640,0.940,1,0,1.996,0,0,11,34,0,52,0
19-02 17:32:44,44.507,10.502,44.007,0,0,1493928,871524,172644,5390104,21315.417,9550.531,0,152.024,0,12.002,5116,4207,2.940,1.640,0.940,1,0,86.014,0,0,11,34,0,53,0
19-02 17:32:45,38.742,4.749,55.238,0.250,0,1495756,869536,172656,5390252,49987.544,9551.002,0,567.881,0,53.989,5187,5204,2.940,1.640,0.940,3,0,1.000,0,0,11,33,0,47,0
19-02 17:32:46,34.254,10.751,53.007,0.250,0,1453476,911788,172660,5390272,10475.335,5779.737,0,212.027,0,21.003,4829,4326,2.860,1.640,0.940,3,0,67.009,0,0,11,32,0,48,0
19-02 17:32:47,34.968,11.240,52.452,0,0,1453032,912204,172676,5390284,10290.547,3002.242,0,203.813,0,15.985,3776,2542,2.860,1.640,0.940,2,0,67.938,0,0,11,33,0,48,0
19-02 17:32:48,40.282,4.754,54.794,0,0,1499136,866088,172676,5390296,15709.674,8476.839,0,144.116,0,10.008,3869,3121,2.860,1.640,0.940,1,0,0,0,0,11,34,0,48,0
19-02 17:32:49,36.503,7.751,54.504,0.250,0,1459408,905612,172692,5390480,14889.199,7772.626,0,208.017,0,15.001,4145,3864,2.860,1.640,0.940,1,0,34.003,0,0,11,33,0,49,0
19-02 17:32:50,34.303,13.271,51.831,0,0,1475752,889248,172696,5390496,10284.990,4193.520,0,164.255,0,12.019,4081,2832,2.860,1.640,0.940,3,0,104.162,0,0,11,33,0,49,0
19-02 17:32:51,34.197,4.992,60.157,0.250,0,1532652,832344,172696,5390500,12140.136,5607.287,0,147.770,0,6.989,2570,1650,2.710,1.630,0.940,1,0,0,0,0,11,34,0,49,0
19-02 17:32:52,35.498,10.499,52.497,0,0,1493008,871964,172704,5390516,13453.175,7034.569,0,207.987,0,19.999,4562,3792,2.710,1.630,0.940,1,0,59.996,0,0,11,33,0,50,0
19-02 17:32:53,40.495,4.749,53.243,0.250,0,1504012,860944,172708,5390528,10459.630,5686.255,0,211.972,0,18.998,4227,3822,2.710,1.630,0.940,1,0,4.999,0,0,11,33,0,51,0
19-02 17:32:54,38.250,7.000,54.250,0,0,1496868,868068,172712,5390544,13970.100,8274.059,0,116.001,0,8.000,3293,2904,2.710,1.630,0.940,3,0,0,0,0,11,33,0,48,0
19-02 17:32:55,37.819,7.263,54.350,0,0,1472068,892848,172712,5390564,19677.047,10024.364,0,112.206,0,8.015,4525,3979,2.710,1.630,0.940,2,0,44.081,0,0,11,33,0,49,0
19-02 17:32:56,39.687,5.991,52.667,0.250,0,1470216,894500,172712,5390764,11232.224,6044.434,0,231.633,0,21.965,4287,3846,2.580,1.620,0.940,2,0,0,0,0,11,32,0,50,0
19-02 17:32:57,39.255,6.751,53.257,0,0,1459012,905692,172712,5390772,13633.691,5857.727,0,152.019,0,10.001,3088,1923,2.580,1.620,0.940,2,0,5.001,0,0,11,33,0,50,0
19-02 17:32:58,35.479,4.248,58.966,0.250,0,1477184,887496,172712,5390796,18947.933,12075.947,0,107.937,0,5.996,4541,4576,2.580,1.620,0.940,2,0,0,0,0,11,34,0,48,0
19-02 17:32:59,29.010,16.506,52.018,0.500,0,1435240,929392,172736,5390820,15282.156,7628.574,0,2128.718,0,138.047,6151,6075,2.580,1.620,0.940,5,0,157.053,0,0,11,32,0,49,1
19-02 17:33:00,24.747,15.498,58.243,0,0,1397496,967064,172744,5390880,7112.179,671.922,0,159.982,0,9.999,3525,2295,2.580,1.620,0.940,1,0,124.986,0,0,11,32,0,50,0
19-02 17:33:01,19.000,1.750,78.001,0.250,0,1423080,941472,172748,5390884,6720.062,5451.050,0,192.002,0,10.000,1895,1617,2.370,1.600,0.940,0,0,0,0,0,11,33,0,50,0
19-02 17:33:02,20.247,2.750,75.488,0,0,1418032,946536,172752,5390892,16959.370,4352.325,0,119.981,0,8.999,2761,2623,2.370,1.600,0.940,1,0,1.000,0,0,11,33,0,45,0
19-02 17:33:03,15.749,8.000,74.996,0,0,1348736,1015816,172756,5390904,9363.441,3399.797,0,223.987,0,22.999,3512,3088,2.370,1.600,0.940,2,0,78.995,0,0,11,32,0,46,0
19-02 17:33:04,11.017,19.030,68.859,0,0,1341428,1023108,172756,5390916,4745.522,973.543,0,172.273,0,11.017,4148,2512,2.370,1.600,0.940,1,0,205.325,0,0,11,32,0,46,0
19-02 17:33:05,20.967,4.243,73.385,0.250,0,1371976,992552,172764,5390916,7706.947,970.482,0,143.775,0,12.980,1818,1336,2.370,1.600,0.940,1,0,0.998,0,0,11,32,0,46,0
19-02 17:33:06,17.259,2.501,78.540,0,0,1389824,974672,172780,5390932,12077.155,6649.389,0,180.092,0,18.009,2238,2251,2.260,1.590,0.940,1,0,0,0,0,11,33,0,44,0
19-02 17:33:07,18.990,5.497,74.711,0,0,1347796,1016548,172780,5391080,15120.159,6031.872,0,111.942,0,7.996,3678,3595,2.260,1.590,0.940,1,0,42.978,0,0,11,32,0,45,0
19-02 17:33:08,21.181,4.735,72.764,0.249,0,1399156,965188,172780,5391080,6119.169,968.860,0,167.457,0,8.971,1895,1448,2.260,1.590,0.940,1,0,2.990,0,0,11,32,0,45,0
19-02 17:33:09,27.653,6.788,65.111,0,0,1427996,936344,172780,5391084,9462.454,6048.529,0,0,0,0,3109,10051,2.260,1.590,0.940,1,0,36.201,0,0,11,33,0,46,0
19-02 17:33:10,19.207,2.744,76.577,0,0,1427980,936344,172780,5391100,12755.239,5415.788,0,287.352,0,15.964,3254,3439,2.260,1.590,0.940,1,0,0,0,0,11,33,0,44,0
19-02 17:33:11,20.753,2.000,75.259,0,0,1427956,936344,172788,5391116,12321.529,5330.662,0,112.014,0,12.001,3509,3829,2.160,1.580,0.940,1,0,0,0,0,11,32,0,44,0
19-02 17:33:12,10.753,20.006,67.271,0.250,0,1356384,1007796,172788,5391232,7921.466,984.306,0,664.207,0,14.004,4549,2711,2.160,1.580,0.940,2,0,223.069,0,0,11,32,0,44,0
19-02 17:33:13,8.750,23.251,66.502,0,0,1349532,1014608,172796,5391272,40758.281,1026.032,0,2608.082,0,190.006,5010,2989,2.160,1.580,0.940,2,0,252.008,0,0,11,32,0,44,0
19-02 17:33:14,33.509,18.255,46.762,0.250,0,1379952,984128,172808,5391320,8916.289,1026.263,36.009,488.125,1.000,29.007,4321,2833,2.160,1.580,0.940,2,0,151.039,0,0,11,32,0,41,0
19-02 17:33:15,45.365,5.765,48.623,0,0,1474940,888368,172816,5392080,41890.740,595.503,0,553.397,0,7.018,3020,1641,2.160,1.580,0.940,2,0,1.003,0,0,11,32,0,41,0
19-02 17:33:16,31.613,8.463,42.815,13.940,0,1507020,851604,173484,5395752,4136.108,537.674,434.122,21574.670,16.927,1807.182,10066,16464,2.230,1.600,0.950,2,1,61.733,0,0,11,36,0,41,0
19-02 17:33:17,37.279,8.006,39.281,11.259,0,1429064,926224,173880,5398412,4561.577,904.709,0,24050.860,0,1936.519,10597,17864,2.230,1.600,0.950,3,1,55.043,0,0,11,36,0,41,0
19-02 17:33:18,39.218,8.743,38.219,11.990,0,1504048,849628,174136,5399732,8341.176,1025.161,0,26358.437,0,2168.226,11314,19044,2.230,1.600,0.950,3,0,34.971,0,0,11,36,0,37,0
19-02 17:33:19,39.709,9.241,36.712,11.488,0,1517776,834760,174376,5400540,7310.513,971.006,0,21230.256,0,1929.024,10164,17048,2.230,1.600,0.950,2,1,27.971,0,0,11,36,0,37,0
19-02 17:33:20,43.367,8.272,42.615,4.011,0,1515044,838036,174476,5399900,7586.448,1028.773,0,15060.592,0,1023.759,5842,8160,2.230,1.600,0.950,3,0,5.014,0,0,11,32,0,37,0
19-02 17:33:21,46.483,5.248,47.982,0.500,0,1550712,802332,174484,5399928,7664.163,971.640,0,763.717,0,54.980,3121,1798,2.210,1.610,0.960,2,0,2.999,0,0,11,34,0,37,0
19-02 17:33:22,37.505,9.751,39.755,9.251,0,1526504,826020,174748,5400176,8163.084,972.129,0,15009.993,0,1723.229,11557,18572,2.210,1.610,0.960,2,0,1.000,0,0,11,34,0,37,0
19-02 17:33:23,39.001,7.250,44.751,6.750,0,1563976,787920,175096,5400448,6398.113,1026.018,0,8200.145,0,1356.024,8983,15287,2.210,1.610,0.960,2,0,2.000,0,0,11,34,0,37,0
19-02 17:33:24,26.542,10.767,61.346,0.250,0,1446976,904896,175112,5400452,4727.402,1027.609,0,1241.945,0,60.094,3223,2270,2.210,1.610,0.960,1,0,99.155,0,0,11,32,0,37,0
19-02 17:33:25,22.392,3.483,73.149,0.249,0,1491760,860108,175116,5400452,6410.225,967.356,0,776.273,0,47.771,2084,1688,2.210,1.610,0.960,2,0,2.986,0,0,11,32,0,37,0
19-02 17:33:26,23.075,3.511,70.479,2.007,0,1458564,893168,175236,5400464,8388.211,975.163,0,7793.281,0,427.386,2746,3096,2.110,1.600,0.960,3,0,1.003,0,0,11,32,0,33,0
19-02 17:33:27,21.992,3.749,73.224,0.250,0,1516744,834984,175240,5400464,6591.630,1025.631,0,491.823,0,28.990,1867,1322,2.110,1.600,0.960,2,0,1.999,0,0,11,32,0,33,0
19-02 17:33:28,22.761,2.751,73.535,0,0,1509920,841716,175248,5400536,8481.080,1026.494,0,0,0,0,1813,1196,2.110,1.600,0.960,2,0,1.000,0,0,11,32,0,33,0
19-02 17:33:29,22.724,3.246,73.415,0,0,1567272,784356,175248,5400544,6196.857,970.881,0,351.595,0,70.918,1799,1250,2.110,1.600,0.960,2,0,0,0,0,11,32,0,33,0
19-02 17:33:30,22.022,3.003,73.825,0,0,1526424,825112,175248,5400632,8864.965,972.984,0,0,0,0,1910,1232,2.110,1.600,0.960,1,0,3.003,0,0,11,32,0,33,0
19-02 17:33:31,22.004,3.501,73.513,0,0,1516524,835012,175252,5400628,7911.447,972.178,0,0,0,0,1836,1385,2.020,1.590,0.960,2,0,0,0,0,11,32,0,31,0
19-02 17:33:32,21.751,4.750,73.254,0.250,0,1489060,862436,175252,5400664,5235.287,1026.056,0,356.019,0,35.002,1973,1684,2.020,1.590,0.960,4,0,1.000,0,0,11,32,0,31,0
19-02 17:33:33,22.250,3.750,73.249,0,0,1522268,829220,175260,5400664,7883.932,1025.991,0,391.997,0,33.000,1911,1372,2.020,1.590,0.960,2,0,2.000,0,0,11,32,0,31,0
19-02 17:33:34,22.000,3.250,73.502,0.250,0,1469236,882232,175260,5400684,6323.139,972.021,0,72.002,0,10.000,1798,1277,2.020,1.590,0.960,2,0,1.000,0,0,11,32,0,31,0
19-02 17:33:35,22.998,3.500,73.494,0,0,1486444,864960,175260,5400712,4314.649,971.921,0,0,0,0,1845,1302,2.020,1.590,0.960,2,0,2.000,0,0,11,32,0,25,0
19-02 17:33:36,21.745,3.499,73.734,0,0,1494136,857268,175260,5400712,8747.132,1025.781,0,0,0,0,1760,1183,1.940,1.580,0.960,2,0,0,0,0,11,32,0,25,0
19-02 17:33:37,22.011,3.752,73.788,0,0,1480588,870716,175260,5400816,7893.106,972.506,0,0,0,0,1932,1176,1.940,1.580,0.960,2,0,18.009,0,0,11,32,0,25,0
19-02 17:33:38,8.748,20.746,69.238,0,0,1473080,878140,175260,5400860,9630.301,1025.819,0,267.953,0,3.999,4773,3034,1.940,1.580,0.960,1,0,242.957,0,0,11,32,0,25,0
19-02 17:33:39,8.749,20.248,67.743,0.250,0,1465976,885228,175260,5400876,6859.335,971.906,0,579.944,0,13.999,4804,3013,1.940,1.580,0.960,2,0,248.976,0,0,11,32,0,19,0
19-02 17:33:40,9.001,20.002,69.757,0,0,1455296,895716,175264,5401032,4735.475,972.098,0,428.043,0,38.004,4607,2919,1.940,1.580,0.960,1,0,200.020,0,0,11,32,0,19,0
19-02 17:33:41,7.996,22.240,68.220,0,0,1436112,914872,175264,5401056,7955.497,1025.548,0,275.879,0,3.998,4766,2982,2.020,1.600,0.970,2,0,236.896,0,0,11,32,0,19,0
19-02 17:33:42,8.504,21.510,68.031,0.250,0.250,1420000,930960,175276,5401068,8355.747,972.436,0,156.070,0,10.004,4793,3187,2.020,1.600,0.970,1,0,221.099,0,0,11,32,0,19,0
19-02 17:33:43,8.762,19.777,69.344,0,0,1400904,950032,175280,5401084,41059.626,1027.392,0,352.478,0,23.031,4600,2925,2.020,1.600,0.970,1,0,203.275,0,0,11,32,0,16,0
19-02 17:33:44,21.720,3.994,73.898,0,0.250,1446224,904712,175280,5401084,8283.540,1012.599,0,3.994,0,0.999,1793,1247,2.020,1.600,0.970,1,0,0,0,0,11,32,0,16,0
19-02 17:33:45,22.756,3.001,73.270,0,0,1483104,867848,175280,5401068,43206.670,1026.277,0,456.123,0,83.022,1928,1176,2.020,1.600,0.970,1,0,3.001,0,0,11,32,0,16,0
19-02 17:33:46,22.746,3.249,73.987,0,0,1476800,874132,175280,5401088,8993.380,1025.815,0,2711.512,0,137.975,1890,1253,1.940,1.590,0.970,2,0,1.000,0,0,11,32,0,16,0
19-02 17:33:47,22.748,3.250,73.243,0,0,1542040,808912,175280,5401068,5372.511,971.912,0,19.998,0,1.000,1766,1115,1.940,1.590,0.970,1,0,2.000,0,0,11,32,0,13,0
19-02 17:33:48,21.996,3.499,73.736,0,0,1498388,852544,175280,5401088,4919.061,971.814,0,0,0,0,1802,1236,1.940,1.590,0.970,1,0,1.000,0,0,11,32,0,13,0
19-02 17:33:49,22.254,3.501,73.514,0,0,1530276,820668,175284,5401076,7543.471,1026.200,0,140.027,0,4.001,1876,1272,1.940,1.590,0.970,1,0,2.000,0,0,11,32,0,13,0
19-02 17:33:50,23.002,2.750,73.506,0,0,1487796,863136,175284,5401088,6161.514,972.081,0,16.001,0,2.000,1799,1245,1.940,1.590,0.970,1,0,1.000,0,0,11,32,0,13,0
19-02 17:33:51,22.499,3.500,73.745,0,0,1509776,841176,175284,5401068,8284.483,1025.936,0,439.973,0,28.998,1826,1157,1.870,1.580,0.970,2,0,2.000,0,0,11,32,0,11,0
19-02 17:33:52,22.999,2.750,72.997,0,0,1452600,898328,175288,5401096,8018.718,971.966,0,111.996,0,10.000,1927,1429,1.870,1.580,0.970,2,0,1.000,0,0,11,32,0,11,0
19-02 17:33:53,22.752,3.500,73.006,0.250,0,1502192,848748,175288,5401084,7934.674,1026.087,0,452.038,0,53.005,1916,1294,1.870,1.580,0.970,1,0,4.000,0,0,11,32,0,11,0
19-02 17:33:54,22.000,3.250,73.748,0,0,1455940,894988,175288,5401096,8715.814,971.979,0,35.999,0,3.000,1839,1254,1.870,1.580,0.970,1,0,1.000,0,0,11,32,0,11,0
19-02 17:33:55,22.251,4.000,73.252,0,0,1506516,844432,175288,5401076,4829.126,1026.027,0,12.000,0,1.000,1843,1256,1.870,1.580,0.970,1,0,3.000,0,0,11,32,0,8,0
19-02 17:33:56,22.752,3.250,73.255,0,0.250,1474176,876716,175288,5401132,4803.354,972.072,0,32.002,0,3.000,1768,1198,1.800,1.570,0.970,1,0,1.000,0,0,11,32,0,8,0
19-02 17:33:57,21.996,3.249,73.987,0,0,1513576,837404,175288,5401044,7915.612,1013.822,0,103.982,0,2.000,1764,1118,1.800,1.570,0.970,1,0,2.000,0,0,11,32,0,8,0
19-02 17:33:58,23.779,2.753,73.590,0,0,1493076,857816,175288,5401132,5800.084,973.189,0,88.108,0,1.001,1731,1116,1.800,1.570,0.970,2,0,1.001,0,0,11,32,0,8,0
19-02 17:33:59,21.976,3.746,73.669,0,0,1480436,870468,175288,5401120,7803.424,863.052,0,71.921,0,1.998,1809,1352,1.800,1.570,0.970,1,0,0,0,0,11,32,0,6,0
19-02 17:34:00,22.011,3.502,73.288,0,0,1503100,847792,175288,5401132,7249.752,648.335,0,12.006,0,1.001,1769,1194,1.800,1.570,0.970,1,0,1.001,0,0,11,32,0,6,0
19-02 17:34:01,22.484,3.248,73.949,0,0,1535316,815596,175288,5401112,8207.287,1079.249,0,35.975,0,0.999,1724,1106,1.730,1.560,0.970,1,0,1.999,0,0,11,32,0,6,0
19-02 17:34:02,23.296,3.006,72.894,0,0.250,1501164,849720,175296,5401132,6385.611,973.923,0,376.744,0,47.093,1964,1599,1.730,1.560,0.970,1,0,1.002,0,0,11,32,0,6,0
19-02 17:34:03,22.739,3.248,72.714,0.750,0,1512184,838668,175324,5401136,4800.594,971.513,0,3298.347,0,152.923,2029,1803,1.730,1.560,0.970,1,0,0.999,0,0,11,32,0,4,0
19-02 17:34:04,21.721,3.246,73.653,0,0,1531772,819092,175324,5401124,8040.396,970.720,0,0,0,0,1795,1328,1.730,1.560,0.970,1,0,0,0,0,11,32,0,4,0
19-02 17:34:05,23.500,3.000,73.499,0,0,1551296,799568,175324,5401124,7863.850,1079.979,0,12.000,0,1.000,1822,1222,1.730,1.560,0.970,2,0,3.000,0,0,11,32,0,4,0
19-02 17:34:06,9.242,20.731,68.188,0,0,1502132,848688,175324,5401168,4782.649,971.117,0,119.891,0,5.995,4614,2901,1.670,1.550,0.970,2,0,235.785,0,0,11,32,0,4,0
19-02 17:34:07,9.261,21.274,68.328,0,0,1481396,869412,175324,5401180,8312.525,973.115,0,212.243,0,31.036,4601,2860,1.670,1.550,0.970,1,0,224.257,0,0,11,32,0,3,0
19-02 17:34:08,21.670,3.736,72.979,0,0,1475396,875412,175324,5401180,6846.617,538.005,0,3.985,0,0.996,1759,1284,1.670,1.550,0.970,2,0,0,0,0,11,32,0,3,0
19-02 17:34:09,25.307,2.506,72.412,0,0,1491520,859092,175324,5401376,9405.043,541.211,0,76.170,0,2.004,1890,1102,1.670,1.550,0.970,2,0,14.031,0,0,11,32,0,3,0
19-02 17:34:10,28.283,7.759,62.823,0,0,1480064,870480,175324,5401436,7155.332,1015.182,0,0,0,0,2870,9940,1.670,1.550,0.970,1,0,31.036,0,0,11,32,0,4,0
19-02 17:34:11,20.690,7.478,70.794,0,0,1479536,870984,175324,5401460,4052.206,969.179,0,0,0,0,2358,1464,1.620,1.540,0.970,5,0,71.791,0,0,11,32,0,3,0
19-02 17:34:12,9.520,23.298,64.885,0.251,0,1463600,886792,175324,5401580,7557.712,974.025,40.083,284.592,2.004,15.031,4974,3347,1.620,1.540,0.970,1,0,240.500,0,0,11,32,0,3,0
19-02 17:34:13,8.001,21.502,68.506,0,0,1441844,908532,175324,5401596,38912.411,108.009,0,596.052,0,53.005,4766,3078,1.620,1.540,0.970,1,0,224.020,0,0,11,32,0,3,0
19-02 17:34:14,8.491,22.227,67.431,0,0,1420184,930176,175324,5401612,6146.669,971.000,0,27.971,0,1.998,4782,2975,1.620,1.540,0.970,2,0,233.759,0,0,11,32,0,3,0
19-02 17:34:15,8.512,22.783,66.596,0,0,1416248,934096,175324,5401624,43194.134,973.400,0,216.311,0,4.006,4910,3070,1.620,1.540,0.970,1,0,241.347,0,0,11,32,0,3,0
19-02 17:34:16,8.751,22.504,67.511,0,0,1407972,942360,175324,5401636,8386.423,540.092,0,4.001,0,1.000,4861,3040,1.570,1.530,0.970,2,0,244.041,0,0,11,32,0,1,0
19-02 17:34:17,8.501,21.754,68.512,0,0,1394036,956272,175324,5401656,8412.458,1066.185,0,368.064,0,4.001,4872,2976,1.570,1.530,0.970,1,0,231.040,0,0,11,32,0,1,0
19-02 17:34:18,8.252,22.755,67.014,0,0,1382804,967496,175324,5401664,5779.226,972.206,0,748.159,0,9.002,4797,3034,1.570,1.530,0.970,1,0,248.053,0,0,11,32,0,1,0
19-02 17:34:19,10.747,21.744,65.483,0,0,1366240,984044,175324,5401676,4529.801,971.743,0,675.821,0,31.992,4814,2903,1.570,1.530,0.970,1,0,242.936,0,0,11,32,0,1,0
19-02 17:34:20,8.502,22.256,67.767,0,0,1360220,990024,175324,5401696,7762.939,972.243,0,652.163,0,9.002,4942,2966,1.570,1.530,0.970,1,0,240.060,0,0,11,32,0,1,0
19-02 17:34:21,8.995,22.237,67.211,0,0,1367760,982472,175324,5401704,7667.553,971.437,0,551.680,0,5.997,4778,2896,1.440,1.510,0.970,1,0,227.868,0,0,11,32,0,1,0
19-02 17:34:22,8.997,20.493,68.726,0.250,0,1364644,985556,175328,5401732,9228.835,1079.630,0,659.774,0,51.982,4856,3215,1.440,1.510,0.970,3,0,221.924,0,0,11,32,0,1,0
19-02 17:34:23,8.248,20.496,68.737,0,0,1364864,985328,175332,5401744,7554.561,971.815,0,611.883,0,35.993,4771,3143,1.440,1.510,0.970,1,0,218.958,0,0,11,32,0,1,0
19-02 17:34:24,9.001,20.752,68.256,0,0,1362580,987596,175332,5401760,7453.633,972.083,0,96.008,0,4.000,4648,2910,1.440,1.510,0.970,1,0,220.019,0,0,11,32,0,1,0
19-02 17:34:25,8.250,21.750,68.250,0,0,1374856,975304,175332,5401776,6370.022,1080.004,0,164.001,0,4.000,4759,2949,1.440,1.510,0.970,2,0,221.001,0,0,11,32,0,1,0
19-02 17:34:26,9.258,21.269,68.060,0,0,1360568,989568,175332,5401796,4330.839,972.862,0,112.099,0,6.005,4663,2891,1.410,1.500,0.970,1,0,217.193,0,0,11,32,0,1,0
19-02 17:34:27,8.248,22.995,66.736,0,0,1368636,981492,175332,5401804,5585.819,1079.772,0,355.925,0,7.998,4861,2988,1.410,1.500,0.970,1,0,242.949,0,0,11,32,0,1,0
19-02 17:34:28,9.002,21.255,67.515,0.250,0,1369424,980692,175332,5401816,8877.915,1080.233,0,116.025,0,8.002,4788,2948,1.410,1.500,0.970,1,0,225.049,0,0,11,32,0,1,0
19-02 17:34:29,10.250,19.501,68.752,0,0,1326464,1023608,175352,5401832,5524.147,1026.027,0,104.003,0,4.000,4547,3057,1.410,1.500,0.970,1,0,223.006,0,0,11,32,0,1,0
19-02 17:34:30,17.991,28.236,51.725,0,0,1345384,1004656,175364,5401852,8004.108,1025.501,0,307.850,0,19.990,5432,3593,1.410,1.500,0.970,3,0,304.852,0,0,11,32,0,3,0
19-02 17:34:31,31.274,30.023,37.528,0.250,0.250,1401888,948120,175372,5401872,8075.078,972.732,0,472.356,0,23.017,5440,3421,1.460,1.510,0.970,3,0,277.209,0,0,11,34,0,3,0
19-02 17:34:32,61.092,19.530,19.530,0.250,0,1532432,817136,175468,5402212,9403.211,1027.553,0,620.938,0,42.064,4911,3428,1.460,1.510,0.970,4,0,229.347,0,0,11,32,0,7,0
19-02 17:34:33,62.452,7.744,23.482,4.497,0,1627356,715960,175776,5407284,9873.481,971.260,443.662,8437.575,9.992,585.554,6464,7320,1.460,1.510,0.970,2,1,20.984,0,0,11,34,0,8,0
19-02 17:34:34,30.438,8.982,39.419,16.466,0,1638648,697336,176312,5413640,4673.405,1023.898,0,36796.453,0,2660.538,12955,22679,1.460,1.510,0.970,2,1,59.877,0,0,11,38,0,8,0
19-02 17:34:35,26.856,10.693,40.782,16.661,0,1638424,693304,176552,5417516,5844.743,1020.542,0,44422.435,0,3000.951,13651,24195,1.460,1.510,0.970,5,1,45.755,0,0,11,38,0,8,0
19-02 17:34:36,31.894,14.315,34.657,14.817,0,1605044,722536,176684,5421412,7611.425,1030.661,0,39767.860,0,2726.331,13193,22444,2.140,1.650,1.020,1,1,93.423,0,0,11,36,0,8,0
19-02 17:34:37,41.397,11.792,27.598,15.555,0,1609736,712720,176844,5426180,6780.032,975.458,0,47082.889,0,3237.476,14017,25331,2.140,1.650,1.020,4,1,45.160,0,0,11,36,0,8,0
19-02 17:34:38,40.355,9.715,32.384,13.950,0,1633688,683012,176996,5431576,15171.450,6059.214,0,40685.713,0,3210.457,13681,23518,2.140,1.650,1.020,2,1,17.936,0,0,11,37,0,8,0
19-02 17:34:39,41.005,10.001,32.254,12.501,0,1635296,677468,177344,5435060,10997.294,5467.644,0,45213.321,0,3155.371,13771,24885,2.140,1.650,1.020,2,3,15.002,0,0,11,36,0,9,0
19-02 17:34:40,45.829,13.523,27.047,11.770,0,1644412,663740,177608,5439220,9969.161,1027.769,0,18744.266,0,1863.207,10623,17061,2.140,1.650,1.020,2,3,94.162,0,0,11,36,0,9,0
19-02 17:34:41,41.990,19.245,25.244,11.247,0,1614384,690468,177840,5442128,8933.803,2943.276,0,36790.954,0,2492.387,12531,20511,2.450,1.720,1.050,3,2,172.957,0,0,11,35,0,9,0
19-02 17:34:42,37.519,20.511,31.016,8.755,0,1607360,694028,177920,5445784,12144.268,7465.853,372.192,23103.924,6.003,1686.871,12706,20479,2.450,1.720,1.050,3,1,153.079,0,0,11,35,0,9,0
19-02 17:34:43,41.774,18.011,27.016,9.756,0,1598820,699968,177988,5447768,51122.870,10159.936,256.150,38658.587,2.001,2707.582,15079,29178,2.450,1.720,1.050,3,0,120.070,0,0,11,37,0,9,0
19-02 17:34:44,42.255,23.003,24.753,8.001,0,1520184,776336,178040,5449904,12965.448,3296.368,1544.172,25563.855,33.004,1925.215,12110,20435,2.450,1.720,1.050,3,1,210.023,0,0,11,36,0,9,0
19-02 17:34:45,35.579,10.201,36.574,14.431,0,1546868,748736,178092,5450752,41893.967,1021.100,0,31508.802,0,2344.748,10847,19434,2.450,1.720,1.050,2,0,24.881,0,0,11,36,0,9,0
19-02 17:34:46,31.623,8.282,43.670,12.298,0,1559856,734132,178208,5452204,12722.605,6670.006,0,23379.154,0,1916.472,10495,17522,2.490,1.740,1.060,3,0,24.094,0,0,11,37,0,9,0
19-02 17:34:47,34.454,7.240,40.946,12.733,0,1558784,734072,178332,5453148,12759.058,6278.663,0,31358.360,0,2238.028,11820,20097,2.490,1.740,1.060,6,0,17.976,0,0,11,37,0,9,0
19-02 17:34:48,32.217,8.741,43.206,11.488,0,1558200,736100,178484,5451540,13897.737,6218.618,0,20878.572,0,1862.089,11884,19895,2.490,1.740,1.060,10,0,2.997,0,0,11,37,0,9,0
19-02 17:34:49,36.809,8.514,39.313,11.769,0,1471216,822432,178572,5452100,12792.460,5214.340,0,25845.337,0,1947.114,10907,17544,2.490,1.740,1.060,5,0,27.043,0,0,11,36,0,10,0
19-02 17:34:50,31.471,13.737,36.466,13.987,0,1504192,788692,178624,5452808,4550.746,971.092,0,27606.191,0,2186.955,10562,17882,2.490,1.740,1.060,4,0,70.934,0,0,11,36,0,10,0
19-02 17:34:51,33.658,7.480,41.886,13.463,0,1543016,748904,178648,5453720,10732.750,3319.952,0,21772.664,0,2224.936,10148,17444,2.450,1.750,1.060,5,0,20.943,0,0,11,37,0,10,0
19-02 17:34:52,33.617,9.032,42.147,11.791,0,1543020,749120,178684,5453460,12676.220,6905.088,0,32192.301,0,2541.867,12829,22303,2.450,1.750,1.060,3,1,12.042,0,0,11,37,0,10,0
19-02 17:34:53,33.451,8.488,42.688,11.483,0,1541148,749964,178708,5454464,10501.675,6214.930,0,27959.198,0,2153.857,11551,19525,2.450,1.750,1.060,5,0,14.978,0,0,11,37,0,10,0
19-02 17:34:54,38.081,6.764,40.837,10.773,0,1540492,749964,178744,5455064,15612.299,6534.938,0,21754.399,0,1727.685,10365,17277,2.450,1.750,1.060,2,1,15.032,0,0,11,37,0,10,0
19-02 17:34:55,37.905,11.222,36.658,11.471,0.249,1490056,799340,178808,5456032,6858.844,1541.145,0,17416.436,0,1661.843,10879,17257,2.450,1.750,1.060,1,2,54.863,0,0,11,36,0,10,0
19-02 17:34:56,35.324,7.516,41.087,12.276,0.251,1536508,751740,178880,5457076,8515.942,1718.621,0,25609.956,0,2070.362,11476,18712,2.420,1.750,1.070,0,1,21.044,0,0,11,37,0,10,0
19-02 17:34:57,15.952,6.979,59.320,13.708,0,1544124,742668,178964,5458412,8979.806,2321.968,0,27265.431,0,2219.279,10700,19014,2.420,1.750,1.070,1,1,26.918,0,0,11,37,0,10,0
19-02 17:34:58,35.449,8.488,39.693,12.233,0,1543220,742164,179004,5459728,7535.260,4169.058,0,23814.057,0,2010.135,10998,18144,2.420,1.750,1.070,4,1,14.979,0,0,11,37,0,10,0
19-02 17:34:59,31.717,8.559,42.289,12.586,0.252,1543332,740932,179008,5460812,14571.722,6179.288,0,30887.379,0,2233.284,11789,19904,2.420,1.750,1.070,1,1,24.165,0,0,11,37,0,10,0
19-02 17:35:00,32.443,8.236,45.171,10.731,0,1541416,740204,179024,5463376,13586.199,6927.863,0,24057.854,0,1994.506,11871,20258,2.420,1.750,1.070,1,2,26.953,0,0,11,37,0,10,0
19-02 17:35:01,31.463,9.988,42.450,11.986,0,1500256,780020,179024,5464672,9162.169,5121.945,0,34591.109,0,2628.892,12511,21783,2.700,1.820,1.100,4,0,41.950,0,0,11,36,0,11,0
19-02 17:35:02,35.941,12.979,38.437,9.984,0,1537140,741464,179040,5466272,8570.019,970.417,0,23042.408,0,2135.516,11683,19649,2.700,1.820,1.100,3,0,93.847,0,0,11,36,0,11,0
19-02 17:35:03,33.334,9.273,41.856,12.030,0,1548560,728836,179072,5467420,10810.251,3337.413,0,37863.449,0,2754.945,12690,22143,2.700,1.820,1.100,6,0,42.106,0,0,11,37,0,11,0
19-02 17:35:04,36.283,8.007,38.535,13.012,0,1557492,718932,179112,5468328,14233.933,6756.138,0,27993.434,0,2299.089,12020,20337,2.700,1.820,1.100,0,1,21.019,0,0,11,37,0,11,0
19-02 17:35:05,35.255,12.414,37.986,10.427,0,1539044,736372,179128,5469300,9673.701,1729.965,0,20346.452,0,1706.131,10259,16400,2.700,1.820,1.100,3,0,43.696,0,0,11,36,0,12,0
19-02 17:35:06,37.668,8.538,38.170,12.054,0,1578276,700224,179144,5466180,4581.396,759.381,0,28414.497,0,2355.486,11325,19829,2.890,1.870,1.120,5,0,6.027,0,0,11,36,0,12,0
19-02 17:35:07,30.541,7.260,46.562,11.766,0,1576904,703996,179148,5463784,13813.506,6659.922,0,28490.167,0,2483.327,11945,20835,2.890,1.870,1.120,7,0,6.008,0,0,11,37,0,12,0
19-02 17:35:08,31.972,13.238,38.466,11.740,0,1541656,738820,179152,5464200,7329.587,1799.426,0,29190.460,0,2165.106,11422,18685,2.890,1.870,1.120,3,0,80.929,0,0,11,36,0,13,0
19-02 17:35:09,43.135,5.517,42.383,6.520,0,1581716,698716,179156,5464240,8749.459,975.060,0,15195.689,0,1159.639,7146,10920,2.890,1.870,1.120,4,0,12.038,0,0,11,34,0,14,0
19-02 17:35:10,29.833,18.148,47.733,2.486,0,1453848,826532,179156,5464288,13760.980,7941.551,0,13675.458,0,752.787,6784,15765,2.890,1.870,1.120,2,0,246.620,0,0,11,33,0,15,0
19-02 17:35:11,18.551,5.766,74.456,0,0,1420704,859528,179156,5464436,11453.651,4508.459,0,701.940,0,33.091,3570,3226,2.660,1.840,1.110,2,0,43.119,0,0,11,32,0,16,0
19-02 17:35:12,21.513,4.252,73.293,0.250,0,1442576,837656,179156,5464436,6014.530,594.349,0,484.284,0,35.021,1762,1483,2.660,1.840,1.110,1,1,0,0,0,11,32,0,16,0
19-02 17:35:13,18.684,1.993,77.977,0,0,1452036,828192,179156,5464440,44099.392,6042.814,0,378.672,0,27.902,2027,1650,2.660,1.840,1.110,1,1,0,0,0,11,33,0,15,0
19-02 17:35:14,16.803,2.257,78.748,0.752,0,1446168,834040,179156,5464460,16246.082,6485.392,0,1853.829,0,106.334,3578,4245,2.660,1.840,1.110,0,0,0,0,0,11,33,0,15,0
19-02 17:35:15,12.745,16.744,68.975,0,0,1403464,876704,179156,5464500,45251.777,1169.581,0,327.882,0,20.992,4359,2834,2.660,1.840,1.110,2,0,180.935,0,0,11,32,0,16,0
19-02 17:35:16,8.507,23.018,67.054,0.250,0,1400688,879372,179156,5464608,7624.102,972.779,0,328.263,0,21.017,5007,3145,2.600,1.850,1.120,1,0,238.191,0,0,11,32,0,16,0
19-02 17:35:17,15.222,26.202,56.147,0.250,0,1392360,887672,179160,5464632,8480.467,1171.854,0,383.298,0,29.945,5241,3451,2.600,1.850,1.120,3,0,287.473,0,0,11,32,0,18,0
19-02 17:35:18,59.690,14.985,23.976,0,0,1440404,839432,179172,5464816,6624.348,971.025,0,631.366,0,41.958,4692,2849,2.600,1.850,1.120,3,0,91.908,0,0,11,32,0,22,0
19-02 17:35:19,68.200,9.493,22.234,0,0,1623364,654740,179236,5466472,9668.885,971.285,0,563.585,0,21.984,4013,1705,2.600,1.850,1.120,4,0,7.994,0,0,11,32,0,22,0
19-02 17:35:20,69.292,6.004,23.514,0.250,0,1766872,507096,179380,5469988,7863.777,1026.624,0,4694.852,0,123.075,4064,1759,2.600,1.850,1.120,4,0,6.004,0,0,11,32,0,22,0
19-02 17:35:21,39.189,7.738,36.194,12.980,0,1775024,491220,179444,5477264,4024.721,970.486,0,30368.624,0,2385.279,13747,23606,2.640,1.870,1.130,0,1,104.836,0,0,11,38,0,22,0
19-02 17:35:22,28.858,9.536,41.405,15.809,0.251,1774728,487188,179496,5481384,6913.943,975.661,0,41411.385,0,3081.563,13588,24131,2.640,1.870,1.130,5,0,90.339,0,0,11,38,0,22,0
19-02 17:35:23,29.007,10.253,40.510,15.504,0,1775376,482148,179528,5485616,8073.992,1026.253,0,40113.897,0,2934.724,13854,24542,2.640,1.870,1.130,6,1,84.021,0,0,11,38,0,22,0
19-02 17:35:24,31.265,8.504,40.519,14.507,0,1774984,477864,179568,5490100,6826.211,972.457,0,26904.654,0,2334.098,12694,21082,2.640,1.870,1.130,6,0,120.056,0,0,11,38,0,22,0
19-02 17:35:25,20.995,8.748,47.739,17.746,0,1775016,474616,179584,5493164,8000.096,971.769,0,43521.644,0,3028.279,13374,24105,2.640,1.870,1.130,3,0,48.988,0,0,11,38,0,22,0
19-02 17:35:26,23.501,10.500,44.251,16.500,0,1776272,469828,179604,5496572,6434.186,972.028,0,38769.119,0,2877.083,13585,24073,2.910,1.930,1.150,4,0,60.002,0,0,11,38,0,22,0
19-02 17:35:27,40.286,13.012,31.028,12.261,0,1637880,604220,179616,5500448,8382.543,972.875,0,38274.440,0,2620.358,13817,23612,2.910,1.930,1.150,3,2,144.130,0,0,11,36,0,22,0
19-02 17:35:28,44.206,9.740,29.470,13.237,0,1684444,553316,179632,5504608,6150.828,809.188,0,37266.603,0,2767.223,13178,23390,2.910,1.930,1.150,2,1,84.915,0,0,11,36,0,22,0
19-02 17:35:29,44.533,9.507,28.271,13.760,0,1742336,490568,179680,5509256,4625.437,702.522,0,42391.500,0,3072.283,13858,24309,2.910,1.930,1.150,4,0,57.042,0,0,11,36,0,22,0
19-02 17:35:30,51.526,9.004,24.762,12.006,0,1728476,500724,179700,5512788,7947.956,972.484,0,45478.637,0,3152.569,13462,23389,2.910,1.930,1.150,3,0,38.019,0,0,11,36,0,22,0
19-02 17:35:31,20.490,10.495,48.976,15.992,0,1719712,502156,179724,5519828,6774.672,1079.470,0,30213.160,0,2254.892,11885,20751,2.910,1.950,1.160,3,1,65.968,0,0,11,36,0,22,0
19-02 17:35:32,16.451,10.469,47.857,18.943,0,1709552,507072,179736,5524840,5266.268,969.105,0,53065.478,0,3311.109,13071,24331,2.910,1.950,1.160,5,0,0,0,0,11,36,0,22,0
19-02 17:35:33,17.795,7.519,51.629,17.293,0,1703720,511152,179740,5526536,7918.846,974.442,0,33475.897,0,2654.653,12336,22092,2.910,1.950,1.160,5,1,36.090,0,0,11,36,0,15,0
19-02 17:35:34,20.746,9.248,47.990,16.746,0,1697848,515652,179748,5527860,6208.663,971.791,0,43330.670,0,3044.344,12847,23362,2.910,1.950,1.160,4,0,32.993,0,0,11,36,0,15,0
19-02 17:35:35,26.985,9.245,44.226,14.992,0,1692300,519732,179748,5529292,8251.511,1079.413,0,35328.781,0,2665.550,12456,21711,2.910,1.950,1.160,0,2,45.975,0,0,11,36,0,15,0
19-02 17:35:36,37.275,5.254,45.781,8.005,0,1686712,524700,179752,5529864,6292.241,972.656,0,23111.579,0,1608.084,7902,12178,2.840,1.950,1.170,2,0,18.012,0,0,11,32,0,15,0
19-02 17:35:37,13.008,20.263,64.792,0.250,0,1402332,809044,179752,5529892,5204.337,972.624,0,1573.009,0,93.060,4555,3271,2.840,1.950,1.170,1,0,249.160,0,0,11,32,0,15,0
19-02 17:35:38,22.248,3.500,72.243,1.250,0,1455252,756124,179752,5529892,8063.187,971.902,0,4199.577,0,247.975,2327,2347,2.840,1.950,1.170,1,0,2.000,0,0,11,32,0,15,0
19-02 17:35:39,23.252,3.500,73.257,0,0,1512148,699224,179752,5529892,9164.921,972.098,0,152.015,0,32.003,2011,1540,2.840,1.950,1.170,1,0,2.000,0,0,11,38,0,15,0
19-02 17:35:40,21.439,4.487,72.793,0.249,0,1437572,773792,179752,5529900,4935.935,969.238,0,167.523,0,11.966,2254,1663,2.840,1.950,1.170,1,0,26.923,0,0,11,32,0,15,0
19-02 17:35:41,22.752,3.250,73.256,0,0,1462316,749048,179752,5529900,9080.803,540.048,0,32.003,0,4.000,1826,1255,2.850,1.970,1.180,2,0,1.000,0,0,11,32,0,15,0
19-02 17:35:42,24.314,1.755,73.444,0.251,0,1495044,716320,179752,5529900,7706.328,541.428,0,300.793,0,26.069,2000,1637,2.850,1.970,1.180,1,0,2.005,0,0,11,34,0,14,0
19-02 17:35:43,13.499,35.248,49.997,0,0,1427340,783992,179756,5529928,40781.928,971.951,0,159.992,0,13.999,5775,3844,2.850,1.970,1.180,4,0,416.979,0,0,11,32,0,14,0
19-02 17:35:44,15.254,42.012,40.761,0,0,1419192,792108,179756,5529956,10649.957,1014.282,0,528.147,0,20.006,6020,4127,2.850,1.970,1.180,2,0,468.130,0,0,11,32,0,14,0
19-02 17:35:45,11.747,35.241,51.987,0,0,1422456,788824,179756,5529976,40040.102,1079.733,0,267.934,0,56.986,5635,3679,2.850,1.970,1.180,2,0,395.902,0,0,11,32,0,14,0
19-02 17:35:46,8.750,21.249,67.998,0,0.250,1428336,782940,179756,5529980,7647.744,971.967,0,19.999,0,5.000,4733,2799,2.700,1.950,1.180,1,0,245.992,0,0,11,32,0,14,0
19-02 17:35:47,8.752,22.505,67.014,0,0,1417744,793468,179756,5530044,4671.945,972.197,0,20.004,0,5.001,4695,2914,2.700,1.950,1.180,1,0,246.050,0,0,11,32,0,14,0
19-02 17:35:48,8.250,18.999,70.747,0,0,1410944,800252,179756,5530060,9207.609,971.959,0,11.999,0,2.000,4736,2993,2.700,1.950,1.180,1,0,207.991,0,0,11,32,0,14,0
19-02 17:35:49,9.751,19.502,69.259,0,0,1405244,805924,179756,5530084,7505.926,972.120,0,1788.221,0,20.002,4514,2877,2.700,1.950,1.180,1,0,188.023,0,0,11,32,0,14,0
19-02 17:35:50,9.996,19.742,67.973,0,0,1404228,806924,179756,5530100,7786.937,971.618,0,19.992,0,4.998,4583,2817,2.700,1.950,1.180,1,0,191.925,0,0,11,32,0,13,0
19-02 17:35:51,9.251,20.253,68.761,0,0,1401088,810048,179756,5530116,7322.126,594.091,0,20.003,0,5.001,4553,2793,2.730,1.970,1.190,1,0,175.027,0,0,11,32,0,13,0
19-02 17:35:52,22.937,17.702,55.099,1.995,0,1406852,804236,179756,5530576,4872.655,969.345,0,7539.351,0,365.998,6042,9176,2.730,1.970,1.190,1,0,117.678,0,0,11,32,0,13,0
19-02 17:35:53,40.555,18.024,40.555,0.250,0,1457372,753708,179756,5530504,4672.337,973.320,0,2146.912,0,110.149,4590,3173,2.730,1.970,1.190,4,0,124.168,0,0,11,32,0,13,0
19-02 17:35:54,43.320,8.263,47.327,0.250,0,1546348,664500,179756,5530836,7600.360,973.583,0,2672.346,0,107.174,2984,1573,2.730,1.970,1.190,3,0,7.011,0,0,11,33,0,13,0
19-02 17:35:55,48.063,3.505,47.562,0,0,1611368,599268,179764,5531040,6106.971,973.270,104.136,440.575,1.001,26.034,3615,2706,2.730,1.970,1.190,3,0,18.024,0,0,11,49,0,13,0
19-02 17:35:56,46.757,9.251,43.256,0,0,1659128,547164,179816,5534924,7891.150,1014.148,0,504.073,0,31.005,5246,7143,2.830,2.010,1.200,1,0,54.008,0,0,11,48,0,14,0
19-02 17:35:57,7.736,20.214,69.627,0.250,0,1668876,537364,179820,5534952,5437.382,539.046,0,147.739,0,9.982,4850,3207,2.830,2.010,1.200,1,0,224.603,0,0,11,48,0,14,0
19-02 17:35:58,21.760,16.758,59.777,0,0,1653732,552476,179820,5535396,8003.613,972.439,0,0,0,0,5828,7044,2.830,2.010,1.200,3,0,143.065,0,0,11,48,0,14,0
19-02 17:35:59,12.492,7.745,78.447,0,0,1662780,543264,179820,5535096,8181.455,971.342,0,0,0,0,2667,2929,2.830,2.010,1.200,0,0,74.949,0,0,11,48,0,14,0
19-02 17:36:00,0.750,0.750,98.234,0,0,1662780,543264,179820,5535096,4684.243,971.843,0,803.870,0,3.999,746,974,2.830,2.010,1.200,0,0,3.000,0,0,11,48,0,14,0
19-02 17:36:01,0.749,0.250,97.929,0,0,1662776,543264,179820,5535100,6455.303,1079.215,0,39.971,0,1.999,799,1020,2.600,1.970,1.200,0,0,2.998,0,0,11,48,0,14,0
19-02 17:36:02,0.500,1.000,97.775,0,0,1662772,543264,179820,5535100,10107.537,972.244,0,496.125,0,37.009,914,1337,2.600,1.970,1.200,0,0,2.001,0,0,11,48,0,13,0
19-02 17:36:03,3.999,4.499,89.988,0.250,0,1636788,569248,179820,5535092,7714.990,971.873,0,43.994,0,3.999,1948,1809,2.600,1.970,1.200,0,0,50.993,0,0,11,48,0,13,0
19-02 17:36:04,19.712,16.468,62.379,0,0,1637212,568820,179820,5535540,7961.525,970.114,0,0,0,0,4542,5363,2.600,1.970,1.200,10,0,165.678,0,0,11,48,0,13,0
19-02 17:36:05,20.050,16.291,62.908,0.501,0,1645740,560264,179820,5535100,4931.349,1082.711,0,256.643,0,28.070,4657,5653,2.600,1.970,1.200,1,0,151.379,0,0,11,64,0,13,0
19-02 17:36:06,14.250,22.000,62.501,0,0,1691512,514428,179820,5535136,9449.129,972.013,0,0,0,0,4928,3520,2.470,1.950,1.190,1,0,220.003,0,0,12,64,0,12,0
19-02 17:36:07,12.241,19.735,65.949,0,0,1701100,504796,179820,5535500,6640.875,1209.067,0,0,0,0,4611,2931,2.470,1.950,1.190,3,0,168.870,0,0,12,64,0,12,0
19-02 17:36:08,24.523,15.764,57.803,0,0,1699956,505932,179820,5535504,5319.889,972.894,0,12.011,0,3.003,4894,6278,2.470,1.950,1.190,1,0,120.110,0,0,12,64,0,12,0
19-02 17:36:09,16.252,19.502,62.757,0,0,1695168,510744,179820,5535156,8113.882,1080.117,0,280.030,0,16.002,4362,3561,2.470,1.950,1.190,1,0,187.020,0,0,12,64,0,12,0
19-02 17:36:10,15.268,15.519,67.831,0,0,1692132,513732,179820,5535204,5690.814,1015.216,0,0,0,0,3712,10558,2.470,1.950,1.190,1,0,139.167,0,0,14,66,0,10,0
19-02 17:36:11,22.196,17.956,58.357,0,0,1688192,517528,179820,5535676,4619.676,969.623,0,15.961,0,3.990,6175,8016,2.360,1.940,1.190,13,0,155.619,0,0,14,66,0,10,0
19-02 17:36:12,20.018,8.007,70.814,0.250,0,1681312,524396,179820,5535340,7702.958,1014.917,0,556.503,0,39.035,2955,2746,2.360,1.940,1.190,1,0,41.037,0,0,14,64,0,11,0
19-02 17:36:13,9.457,21.403,66.946,0,0,1683472,522236,179820,5535360,38370.531,1075.112,0,27.873,0,3.982,4759,3159,2.360,1.940,1.190,1,0,225.973,0,0,14,66,0,11,0
19-02 17:36:14,8.779,19.313,70.228,0,0,1679064,526620,179820,5535384,11702.067,975.172,0,4.013,0,1.003,4483,2805,2.360,1.940,1.190,1,0,193.630,0,0,14,66,0,10,0
19-02 17:36:15,9.008,20.018,67.810,0,0,1675796,529868,179820,5535400,40598.919,0,0,328.290,0,12.011,4632,2840,2.360,1.940,1.190,3,0,180.159,0,0,14,66,0,10,0
19-02 17:36:16,14.785,20.298,63.401,0,0,1661048,544612,179820,5535848,4569.884,974.321,0,3997.521,0,258.616,5453,5413,2.250,1.920,1.190,1,0,172.411,0,0,14,66,0,10,0
19-02 17:36:17,23.689,13.216,61.840,0,0,1674048,531600,179820,5535412,8574.862,1260.745,0,127.670,0,1.995,4181,4375,2.250,1.920,1.190,2,0,87.773,0,0,14,66,0,10,0
19-02 17:36:18,30.509,23.507,44.763,0,0,1733332,472296,179832,5535420,9596.801,972.284,0,76.022,0,7.002,5215,2997,2.250,1.920,1.190,2,0,213.062,0,0,14,66,0,3,0
19-02 17:36:19,31.850,23.639,43.794,0,0,1794024,411088,179892,5535840,4894.024,967.458,0,139.346,0,2.986,5171,3035,2.250,1.920,1.190,6,0,211.009,0,0,14,66,0,3,0
19-02 17:36:20,28.396,27.893,42.217,0,0,1891616,312316,179912,5536916,7935.743,1085.573,20.103,188.970,2.010,3.015,5930,5040,2.250,1.920,1.190,2,0,295.517,0,0,14,70,0,5,0
19-02 17:36:21,29.758,25.757,43.262,0,0,1946024,257884,179912,5536932,6328.714,972.263,0,0,0,0,5286,3072,2.310,1.940,1.200,2,0,251.068,0,0,14,70,0,5,0
19-02 17:36:22,30.227,22.983,44.966,0,0,2007464,196416,179912,5536960,7966.983,1079.185,0,7.994,0,1.998,5155,3064,2.310,1.940,1.200,4,0,207.843,0,0,14,70,0,5,0
19-02 17:36:23,20.248,21.498,57.244,0,0,2024664,178992,179916,5537156,8206.121,1079.884,0,1239.867,0,8.999,4831,3055,2.310,1.940,1.200,1,0,190.980,0,0,14,70,0,5,0
19-02 17:36:24,10.008,20.517,68.058,0,0.250,2019884,183736,179916,5537172,4092.474,972.826,0,36.031,0,6.005,4505,2781,2.310,1.940,1.200,1,0,173.147,0,0,14,70,0,5,0
19-02 17:36:25,22.162,12.949,62.751,0,0,1996484,207120,179916,5537520,10450.573,968.162,0,753.015,0,108.570,4889,5997,2.310,1.940,1.200,4,0,73.708,0,0,14,70,0,5,0
19-02 17:36:26,30.887,18.080,50.726,0,0,2023200,180348,179916,5537640,7175.905,1030.582,0,1498.663,0,121.540,4521,4408,2.360,1.960,1.210,4,0,124.554,0,0,14,70,0,5,0
19-02 17:36:27,53.174,24.465,21.719,0,0,2065268,138256,179928,5537656,8171.310,629.100,0,3.994,0,0.999,5592,3398,2.360,1.960,1.210,3,0,237.660,0,0,14,70,0,5,0
19-02 17:36:28,54.056,25.776,19.270,0.250,0,2144608,131308,174660,5471904,9565.829,973.000,24.025,208.214,2.002,10.010,5858,4537,2.360,1.960,1.210,3,0,283.291,0,0,14,70,0,5,0
19-02 17:36:29,62.928,17.299,18.552,1.003,0,2189664,138728,173160,5422212,8855.012,1028.906,336.952,1295.660,27.076,7.020,5811,6689,2.360,1.960,1.210,2,1,134.380,0,0,14,70,0,5,0
19-02 17:36:30,69.326,22.444,5.985,1.746,0,2303848,195972,172556,5255480,6262.266,861.835,538.647,19.950,63.840,4.987,5647,4943,2.360,1.960,1.210,4,0,434.907,0,0,14,74,0,5,0
19-02 17:36:31,58.607,21.539,13.274,5.761,0,2426060,142360,172288,5189184,3831.022,649.190,12.022,24152.266,3.006,1364.501,11819,20538,2.500,1.990,1.230,5,0,284.521,0,0,14,74,0,5,0
19-02 17:36:32,67.054,22.018,6.755,4.003,0,2490624,147800,171912,5121160,4450.580,972.783,32.026,20752.694,3.002,1627.309,12363,21674,2.500,1.990,1.230,4,0,345.278,0,0,14,76,0,5,0
19-02 17:36:33,75.690,20.665,2.490,0.249,0,2586636,190216,171988,4985880,8172.548,1021.817,47.804,1553.641,3.984,65.731,8735,14673,2.500,1.990,1.230,4,0,328.655,0,0,14,80,0,10,0
19-02 17:36:34,55.312,23.026,21.023,0.501,0,2681004,170268,171996,4912956,6133.836,973.084,92.103,1061.183,6.007,61.068,6890,9648,2.500,1.990,1.230,3,0,257.287,0,0,14,93,0,14,0
19-02 17:36:35,54.155,23.567,20.559,0.501,0,2793948,129708,172004,4842396,8788.121,1028.941,48.138,942.695,8.023,45.129,6935,6829,2.500,1.990,1.230,3,0,357.021,0,0,14,93,0,14,0
19-02 17:36:36,33.545,21.866,43.236,0,0,2822512,171536,172004,4773208,6263.724,966.097,3.976,910.437,0.994,47.708,5386,3716,2.460,1.990,1.230,2,0,243.512,0,0,14,95,0,14,0
19-02 17:36:37,34.411,25.118,39.435,0.754,0,2868448,124116,172004,4775048,8092.974,1030.837,4.019,3351.727,1.005,178.839,7325,8987,2.460,1.990,1.230,1,0,231.084,0,0,14,93,0,15,0
19-02 17:36:38,24.206,10.980,63.884,0,0,2871280,121208,172004,4775072,6069.939,1129.941,0,11.978,0,2.995,3922,4669,2.460,1.990,1.230,1,0,75.862,0,0,14,93,0,15,0
19-02 17:36:39,49.244,16.998,29.996,2.750,0,2967156,161256,172008,4641984,6239.220,1079.865,175.978,3.999,4.999,1.000,4291,2327,2.460,1.990,1.230,2,0,118.985,0,0,14,94,0,15,0
19-02 17:36:40,31.956,13.981,51.928,0.250,0,3024728,170580,172028,4576260,5269.669,970.650,3.994,1226.294,0.999,71.900,4648,3940,2.460,1.990,1.230,1,0,105.853,0,0,14,97,0,15,0
19-02 17:36:41,9.002,19.503,69.762,0.250,0,3033036,162420,172028,4576288,8687.464,810.137,4.001,8261.392,1.000,409.069,4907,3009,2.340,1.980,1.230,2,1,188.032,0,0,14,97,0,15,0
19-02 17:36:42,8.263,19.532,70.614,0.501,0,3030412,165012,172028,4576304,8232.326,703.138,0,1370.218,0,104.169,4519,2858,2.340,1.980,1.230,1,0,177.287,0,0,14,97,0,15,0
19-02 17:36:43,8.498,19.246,69.984,0,0,3034236,161168,172028,4576324,42574.258,1013.768,0,39.991,0,2.999,4544,2913,2.340,1.980,1.230,2,0,191.956,0,0,14,99,0,15,0
19-02 17:36:44,9.206,19.905,68.423,0.249,0,3039284,156096,172028,4576348,9630.033,1009.183,0,593.169,0,23.886,4738,3235,2.340,1.980,1.230,1,0,206.017,0,0,14,105,0,15,0
19-02 17:36:45,13.014,16.017,69.574,0,0,3055592,139780,172028,4576356,43888.714,973.036,0,44.047,0,4.004,3768,2607,2.340,1.980,1.230,1,0,127.135,0,0,14,107,0,15,0
19-02 17:36:46,22.979,3.747,72.435,0,0,3104844,157952,172028,4510308,6462.209,1025.081,0,399.642,0,1.998,1796,1220,2.230,1.960,1.230,2,0,0,0,0,14,107,0,15,0
19-02 17:36:47,17.986,2.498,78.690,0.250,0,3106796,155828,172156,4510448,11849.981,7542.260,127.903,67.948,3.997,2.998,2014,1755,2.230,1.960,1.230,2,0,0.999,0,0,14,113,0,15,0
19-02 17:36:48,19.845,7.285,71.594,0.251,0,3053596,209000,172156,4510480,24891.615,17283.052,4.019,486.337,1.005,41.198,3548,3272,2.230,1.960,1.230,1,0,55.266,0,0,14,111,0,16,0
19-02 17:36:49,21.651,4.977,71.922,0,0.249,3109472,153112,172156,4510492,8092.096,967.587,3.982,318.547,0.995,31.855,2153,1812,2.230,1.960,1.230,1,0,9.955,0,0,14,111,0,16,0
19-02 17:36:50,18.327,3.264,77.325,0.251,0,3126900,135672,172156,4510504,12172.157,6731.290,0,554.330,0,55.232,2469,2577,2.230,1.960,1.230,2,0,2.008,0,0,14,116,0,16,0
19-02 17:36:51,20.995,4.249,74.234,0.500,0,3124380,138120,172164,4510568,11764.399,1795.603,0,443.902,0,27.994,2694,2759,2.130,1.940,1.230,2,0,0,0,0,14,118,0,16,0
19-02 17:36:52,27.570,5.961,63.088,0.745,0,3124028,137124,172168,4511860,8605.733,965.686,667.635,1462.438,13.909,154.987,5342,7821,2.130,1.940,1.230,3,0,2.981,0,0,14,122,0,16,0
19-02 17:36:53,28.470,5.795,62.483,2.016,0,3127792,133056,172168,4512164,11094.682,979.565,161.245,4397.965,3.023,341.638,5605,7961,2.130,1.940,1.230,2,0,1.008,0,0,14,123,0,17,0
19-02 17:36:54,19.726,11.986,67.669,0.250,0,3056272,204428,172168,4512312,11089.749,2178.397,0,591.293,0,48.942,4502,4230,2.130,1.940,1.230,2,0,110.868,0,0,14,122,0,18,0
19-02 17:36:55,22.006,4.001,72.769,0.250,0,3108660,152040,172168,4512312,7361.953,972.258,0,316.084,0,15.004,1877,1382,2.130,1.940,1.230,3,0,1.000,0,0,14,122,0,18,0
19-02 17:36:56,18.164,2.488,77.632,0.249,0,3119192,141456,172168,4512364,13128.705,6785.802,3.981,700.675,0.995,46.778,2083,1798,2.040,1.930,1.220,0,0,0,0,0,14,123,0,18,0
19-02 17:36:57,22.370,5.278,70.630,0.251,0,3122248,137928,172168,4512836,9425.737,2714.612,0,534.879,0,50.271,4434,5660,2.040,1.930,1.220,1,0,0,0,0,14,123,0,18,0
19-02 17:36:58,22.731,4.247,71.442,0.500,0,3127016,133140,172168,4512856,5029.883,971.205,0,715.414,0,60.950,3274,3898,2.040,1.930,1.220,1,0,0,0,0,14,123,0,18,0
19-02 17:36:59,34.537,14.265,49.304,0.501,0,3105172,221180,172172,4448360,11525.509,2168.353,8.009,772.839,2.002,75.081,4783,4531,2.040,1.930,1.220,3,0,94.102,0,0,14,122,0,18,0
19-02 17:37:00,42.742,9.498,46.742,0,0,3183556,209008,172172,4384252,7464.644,971.823,0,351.936,0,16.997,2949,1618,2.040,1.930,1.220,2,0,4.999,0,0,14,122,0,18,0
19-02 17:37:01,39.261,4.751,54.765,0.500,0,3246640,145740,172176,4384432,26057.076,23332.336,176.048,5449.480,1.000,301.082,3121,1795,2.040,1.930,1.230,1,0,0,0,0,14,123,0,18,0
19-02 17:37:02,18.249,8.000,72.247,0.250,0,3248016,144348,172176,4384456,15896.357,1169.953,8.000,2407.903,2.000,276.989,2633,1777,2.040,1.930,1.230,1,0,54.998,0,0,14,122,0,19,0
19-02 17:37:03,23.904,3.735,71.962,0,0,3274884,179388,172176,4323408,5601.566,968.123,3.984,756.968,0.996,27.888,2011,1596,2.040,1.930,1.230,2,0,0.996,0,0,14,122,0,19,0
19-02 17:37:04,19.565,1.254,77.759,0.251,0,3272044,182488,172176,4323308,32724.889,23710.896,12.040,898.991,3.010,45.150,2234,2104,2.040,1.930,1.230,2,0,1.003,0,0,14,122,0,20,0
19-02 17:37:05,18.723,8.488,71.645,0.250,0,3235280,219232,172176,4323328,10232.047,970.582,0,231.661,0,13.980,2482,1810,2.040,1.930,1.230,1,0,51.924,0,0,14,122,0,20,0
19-02 17:37:06,19.291,2.255,78.168,0,0,3264064,190444,172176,4323332,13723.498,6651.297,0,144.310,0,10.022,1706,1233,1.950,1.910,1.230,1,0,0,0,0,14,123,0,20,0
19-02 17:37:07,20.173,3.487,73.222,0.996,0,3266140,188324,172176,4323376,8856.397,2930.879,0,944.417,0,106.596,3231,3935,1.950,1.910,1.230,2,0,0,0,0,14,122,0,21,0
19-02 17:37:08,16.054,11.539,71.740,0,0,3199764,254676,172176,4323384,7820.164,975.263,0,268.900,0,14.047,2866,2051,1.950,1.910,1.230,2,0,82.275,0,0,14,122,0,21,0
19-02 17:37:09,19.245,2.499,77.479,0.500,0,3241328,213108,172176,4323388,11241.944,6696.180,0,707.808,0,41.989,1743,1385,1.950,1.910,1.230,1,0,0,0,0,14,123,0,21,0
19-02 17:37:10,18.765,8.006,71.556,0,0,3232472,221932,172176,4323420,23231.062,17811.849,28.022,120.093,3.002,13.010,2956,2154,1.950,1.910,1.230,2,0,68.053,0,0,14,122,0,22,0
19-02 17:37:11,32.244,7.249,60.239,0,0,3263644,190744,172176,4323436,6835.770,1013.818,0,0,0,0,2911,10302,1.880,1.900,1.230,1,0,22.996,0,0,14,122,0,23,0
19-02 17:37:12,12.780,1.504,84.701,0,0,3266668,187720,172176,4323436,15578.001,7129.935,0,56.133,0,7.017,1589,1244,1.880,1.900,1.230,2,0,0,0,0,14,123,0,22,0
19-02 17:37:13,21.944,3.242,72.315,1.247,0,3263940,190392,172176,4323492,58903.190,2015.839,0,1328.598,0,162.584,4146,4904,1.880,1.900,1.230,2,0,0,0,0,14,123,0,22,0
19-02 17:37:14,25.232,6.246,63.955,1.249,0,3265728,188504,172176,4323592,15827.933,971.321,15.989,2282.404,0.999,237.834,5499,7961,1.880,1.900,1.230,4,0,0.999,0,0,14,124,0,23,0
19-02 17:37:15,21.772,9.259,66.067,2.002,0,3218580,235468,172176,4323776,44295.846,1781.804,16.016,5073.136,1.001,312.316,4012,4330,1.880,1.900,1.230,1,0,54.055,0,0,14,123,0,24,0
19-02 17:37:16,20.245,2.499,76.730,0,0,3266460,187588,172176,4323776,31473.895,2975.234,0,311.920,0,15.996,2022,1237,1.810,1.880,1.220,0,0,0,0,0,14,124,0,23,0
19-02 17:37:17,16.252,2.250,79.758,0.250,0,3267524,186508,172176,4323792,19505.914,9211.904,0,1032.101,0,52.005,2135,1927,1.810,1.880,1.220,1,0,0,0,0,14,124,0,23,0
19-02 17:37:18,23.499,6.000,67.246,1.000,0,3268528,185480,172176,4323816,4739.747,971.948,0,1143.939,0,130.993,5503,7744,1.810,1.880,1.220,1,0,1.000,0,0,14,124,0,23,0
19-02 17:37:19,22.998,5.999,68.744,0.500,0,3272004,181960,172176,4323860,13116.868,971.916,0,903.922,0,91.992,5384,7424,1.810,1.880,1.220,2,0,1.000,0,0,14,124,0,23,0
19-02 17:37:20,32.827,6.766,57.134,0.501,0,3263924,190032,172176,4323884,8564.129,1842.330,0,849.998,0,87.205,7198,10148,1.810,1.880,1.220,2,0,14.033,0,0,14,125,0,24,0
19-02 17:37:21,20.454,9.728,68.597,0.249,0,3274564,179360,172176,4323916,5793.043,969.831,0,594.670,0,37.915,3014,2644,1.740,1.870,1.220,2,0,63.857,0,0,14,125,0,24,0
19-02 17:37:22,18.503,2.500,78.012,0.250,0,3309296,144624,172176,4323920,23287.642,6827.068,0,360.056,0,19.003,1903,1379,1.740,1.870,1.220,2,0,0,0,0,14,126,0,24,0
19-02 17:37:23,21.499,2.750,73.997,1.000,0,3308836,145072,172176,4323932,13603.410,4938.786,0,1131.951,0,124.995,3325,4142,1.740,1.870,1.220,3,0,0,0,0,14,125,0,25,0
19-02 17:37:24,13.998,14.998,69.239,0.250,0,3274416,179452,172176,4323972,7451.814,971.845,0,747.881,0,29.995,3642,2517,1.740,1.870,1.220,2,0,146.977,0,0,14,125,0,23,0
19-02 17:37:25,22.256,2.751,74.269,0,0.250,3313248,140620,172176,4323972,13983.637,1661.432,0,424.110,0,26.007,1956,1278,1.740,1.870,1.220,1,0,1.000,0,0,14,126,0,23,0
19-02 17:37:26,15.768,1.752,81.092,0.250,0,3309540,144320,172176,4323980,9978.378,6599.525,0,1749.995,0,103.118,2077,2085,1.600,1.840,1.220,2,0,0,0,0,14,126,0,23,0
19-02 17:37:27,22.466,2.496,73.390,0.499,0,3304416,149424,172176,4324000,9778.370,6009.010,0,483.277,0,53.919,3588,4444,1.600,1.840,1.220,1,0,0,0,0,14,126,0,23,0
19-02 17:37:28,23.756,5.501,67.018,1.000,0,3300596,153072,172180,4324168,8198.155,972.256,0,1276.336,0,152.040,6233,9273,1.600,1.840,1.220,1,0,0,0,0,14,126,0,23,0
19-02 17:37:29,26.203,7.986,63.138,0.749,0,3294724,158760,172256,4324276,7312.015,754.660,107.809,638.866,8.984,45.918,5048,6252,1.600,1.840,1.220,3,0,2.995,0,0,14,126,0,23,0
19-02 17:37:30,34.506,12.502,48.008,1.250,0,3249580,203868,172256,4324312,9168.533,1980.331,0,4540.759,0,286.048,9943,14474,1.600,1.840,1.220,5,0,75.013,0,0,14,125,0,24,0
19-02 17:37:31,36.241,20.995,40.740,1.500,0,3245768,207568,172256,4324392,7869.081,1299.683,15.996,3023.263,1.000,216.947,7630,8474,1.640,1.840,1.220,3,0,210.949,0,0,14,125,0,24,0
19-02 17:37:32,21.540,4.258,73.386,0.250,0,3292364,160972,172260,4324392,8108.008,1150.129,0,933.728,0,60.111,1924,1425,1.640,1.840,1.220,1,0,0,0,0,14,125,0,24,0
19-02 17:37:33,19.490,2.499,76.459,0,0,3293820,159508,172260,4324400,12672.265,7688.914,0,2610.613,0,268.857,2423,2113,1.640,1.840,1.220,1,0,0.999,0,0,14,126,0,24,0
19-02 17:37:34,12.249,15.749,70.245,0.250,0,3274444,178868,172260,4324416,4824.647,1831.866,0,327.976,0,25.998,4592,3444,1.640,1.840,1.220,2,0,190.986,0,0,14,125,0,25,0
19-02 17:37:35,9.006,19.514,69.048,0,0,3267976,185312,172260,4324440,7839.444,972.676,0,260.181,0,17.012,4788,3088,1.640,1.840,1.220,1,0,196.136,0,0,14,125,0,25,0
19-02 17:37:36,9.747,20.744,68.230,0,0,3263268,190000,172260,4324460,8350.586,971.719,0,203.941,0,13.996,4663,2947,1.580,1.830,1.220,1,0,189.945,0,0,14,125,0,16,0
19-02 17:37:37,17.249,16.499,64.246,0,0,3237796,215336,172260,4324596,6004.667,1149.936,0,175.990,0,14.999,4835,5154,1.580,1.830,1.220,4,0,125.993,0,0,14,125,0,16,0
19-02 17:37:38,25.508,16.005,57.017,0,0,3230076,223044,172260,4324612,8076.397,972.289,0,52.015,0,6.002,4560,4810,1.580,1.830,1.220,3,0,131.039,0,0,14,125,0,16,0
19-02 17:37:39,30.254,23.003,46.256,0,0,3296468,156628,172260,4324636,7677.961,972.122,0,0,0,0,5230,3187,1.580,1.830,1.220,3,0,224.028,0,0,14,125,0,16,0
19-02 17:37:40,31.741,22.244,44.487,0.250,0,3323808,128908,172272,4324972,10197.134,971.727,31.991,991.721,1.999,67.981,6041,5006,1.580,1.830,1.220,1,0,206.942,0,0,14,131,0,15,0
19-02 17:37:41,11.758,21.765,64.795,0,0,3313984,202588,172272,4262736,7333.075,1062.735,0,20.014,0,5.003,5172,3904,1.540,1.810,1.220,3,0,189.131,0,0,14,131,0,15,0
19-02 17:37:42,31.874,20.668,45.072,0.498,0,3371532,142836,172280,4265300,7090.960,1075.746,15.937,549.826,3.984,41.835,9158,13241,1.540,1.810,1.220,2,0,164.350,0,0,14,137,0,15,0
19-02 17:37:43,33.382,18.071,48.692,0,0,3398800,178508,172280,4203908,39760.636,975.844,4.016,710.800,1.004,34.134,4480,4031,1.540,1.810,1.220,3,0,139.550,0,0,16,137,0,15,0
19-02 17:37:44,52.779,26.014,20.261,0.500,0,3501484,137928,172280,4143472,9654.259,1042.568,16.009,308.168,2.001,24.013,5854,4074,1.540,1.810,1.220,3,0,343.187,0,0,16,137,0,15,0
19-02 17:37:45,53.256,25.753,20.252,0,0,3596520,163800,172284,4025584,40435.277,972.103,40.004,272.029,5.001,33.003,6827,6564,1.540,1.810,1.220,8,0,393.042,0,0,16,153,0,15,0
19-02 17:37:46,31.716,16.982,50.195,0,0,3612096,146484,172284,4027328,7712.612,970.944,0,331.639,0,11.987,6018,10944,1.490,1.800,1.220,3,0,192.790,0,0,16,153,0,15,0
19-02 17:37:47,37.063,22.288,39.317,0,0,3664044,145600,172148,3977036,8484.498,108.185,0,444.760,0,23.039,5996,3596,1.490,1.800,1.220,2,0,239.409,0,0,16,153,0,15,0
19-02 17:37:48,26.934,23.194,48.382,0.249,0,3713844,135020,172056,3938120,7933.680,861.901,7.981,331.193,1.995,20.949,5449,3625,1.490,1.800,1.220,3,0,247.398,0,0,17,153,0,15,0
19-02 17:37:49,9.004,19.008,69.278,0,0,3720084,128760,172056,3938140,7478.000,972.390,0,320.128,0,24.010,4820,3443,1.490,1.800,1.220,1,0,212.085,0,0,17,153,0,14,0
19-02 17:37:50,10.247,21.245,66.233,0.250,0,3722352,126344,172056,3938288,4757.809,1013.746,0,231.942,0,19.995,4744,3206,1.490,1.800,1.220,1,0,192.952,0,0,17,159,0,14,0
19-02 17:37:51,13.280,19.795,65.899,0.251,0.251,3727056,121600,172056,3938640,8027.175,974.206,4.009,192.436,1.002,17.039,5512,5004,1.450,1.780,1.220,2,0,185.420,0,0,17,159,0,14,0
19-02 17:37:52,23.438,13.714,61.088,0,0,3716608,177876,172056,3893224,8021.676,1166.898,7.979,518.621,1.995,31.915,4479,5335,1.450,1.780,1.220,1,0,103.724,0,0,17,159,0,14,0
19-02 17:37:53,28.204,19.967,49.919,0,0,3758004,136468,172056,3892772,7867.167,970.417,0,0,0,0,4978,2939,1.450,1.780,1.220,2,0,162.735,0,0,17,159,0,14,0
19-02 17:37:54,30.313,24.050,44.844,0,0,3802524,145984,172056,3839296,8097.887,974.031,0,72.150,0,5.010,5328,3400,1.450,1.780,1.220,3,0,225.470,0,0,17,159,0,14,0
19-02 17:37:55,38.104,23.564,36.099,0.251,0,3865288,179116,171936,3745108,8099.167,1016.783,152.417,874.393,6.016,61.167,7347,8332,1.450,1.780,1.220,1,0,221.607,0,0,17,187,0,14,0
19-02 17:37:56,22.492,19.493,57.229,0.250,0,3886780,157516,171936,3745528,7795.153,971.645,0,163.940,0,12.995,5815,7188,1.500,1.790,1.220,1,0,195.928,0,0,17,187,0,14,0
19-02 17:37:57,25.638,15.183,56.005,0.747,0,3911384,132908,171936,3745192,6280.489,1075.290,35.843,633.226,2.987,34.847,4465,3319,1.500,1.790,1.220,5,0,106.533,0,0,17,191,0,12,0
19-02 17:37:58,31.529,25.023,42.539,0.250,0,3953964,143892,171936,3693044,4665.316,972.900,4.004,332.307,1.001,17.016,5319,3415,1.500,1.790,1.220,3,0,231.214,0,0,17,191,0,12,0
19-02 17:37:59,31.726,25.481,40.469,0,0,4026996,122388,171940,3642812,7703.176,971.266,27.979,731.447,3.997,46.964,7434,7865,1.500,1.790,1.220,2,0,288.782,0,0,17,197,0,12,0
19-02 17:38:00,11.273,22.796,64.632,0,0,4020868,154740,171940,3617104,7316.921,1044.129,8.016,128.262,2.004,13.027,4991,3592,1.500,1.790,1.220,1,0,230.470,0,0,17,197,0,12,0
19-02 17:38:01,9.476,20.449,68.079,0,0,4032240,143552,171940,3617028,7854.316,969.570,3.990,311.220,0.998,19.950,5034,3694,1.460,1.770,1.220,1,0,220.448,0,0,17,197,0,11,0
19-02 17:38:02,10.021,20.042,68.142,0.251,0,4041304,134332,171940,3617188,7794.277,1064.222,4.008,352.737,1.002,29.061,5060,3959,1.460,1.770,1.220,1,0,190.398,0,0,17,197,0,11,0
19-02 17:38:03,10.750,20.500,66.249,0,0,4041240,134316,171940,3617268,7904.851,971.982,4.000,2951.945,1.000,31.999,5009,3622,1.460,1.770,1.220,1,0,186.996,0,0,17,197,0,11,0
19-02 17:38:04,19.285,18.784,60.108,0.501,0,4039404,136156,171940,3617740,6812.201,973.744,0,11857.237,0,848.520,6017,5861,1.460,1.770,1.220,1,0,166.298,0,0,17,197,0,11,0
19-02 17:38:05,24.957,11.979,61.145,0.250,0,4037656,137896,171940,3617288,4889.570,970.327,0,243.580,0,17.969,4994,5962,1.460,1.770,1.220,1,0,84.854,0,0,17,203,0,9,0
19-02 17:38:06,36.103,17.550,45.379,0,0,4100832,149544,171940,3543972,4729.442,974.770,0,328.935,0,18.051,4367,2763,1.500,1.780,1.220,2,0,110.314,0,0,17,203,0,9,0
19-02 17:38:07,46.100,6.230,46.848,0.249,0,4204032,135696,171940,3456796,7971.097,1010.716,3.987,370.795,0.997,63.793,3162,1771,1.500,1.780,1.220,2,1,0.997,0,0,17,203,0,9,0
19-02 17:38:08,37.161,7.981,53.123,0.998,0,4291484,179664,171944,3328336,8109.574,969.677,71.828,291.302,5.986,38.907,3307,2394,1.500,1.780,1.220,2,0,4.988,0,0,17,208,0,9,0
19-02 17:38:09,29.529,17.017,52.552,0.250,0,4202328,268208,171944,3328932,7297.212,972.962,20.020,144.142,2.002,9.009,4939,4614,1.500,1.780,1.220,4,0,175.173,0,0,17,209,0,8,0
19-02 17:38:10,36.265,27.511,32.513,1.501,0,4233904,235484,171948,3330092,7663.148,972.399,408.168,2208.907,8.003,130.053,7031,7253,1.500,1.780,1.220,3,0,305.125,0,0,17,215,0,8,0
19-02 17:38:11,43.660,31.114,23.838,1.004,0,4320304,146288,171956,3332856,14842.530,8802.339,1381.074,1015.732,28.103,25.092,6997,17333,1.780,1.830,1.240,4,0,418.538,0,0,17,216,0,9,0
19-02 17:38:12,43.704,23.475,32.466,0.499,0,4226100,239196,171956,3334620,6078.621,1875.032,47.950,599.371,2.997,33.964,6739,9129,1.780,1.830,1.240,2,0,289.696,0,0,17,217,0,10,0
19-02 17:38:13,65.136,17.470,15.723,0.998,0,4375300,120504,171964,3304468,38198.382,2561.533,547.046,419.269,9.983,15.972,5099,4293,1.780,1.830,1.240,3,0,145.746,0,0,17,219,0,8,0
19-02 17:38:14,65.499,11.500,20.500,1.500,0,4450832,135804,171980,3215536,21633.523,8934.803,1391.969,1351.970,30.999,75.998,5232,4555,1.780,1.830,1.240,3,0,20.000,0,0,17,223,0,8,0
19-02 17:38:15,65.438,14.792,14.291,5.516,0,4442128,211376,172056,3150036,44726.350,2128.107,5158.804,1765.065,316.909,70.201,5978,5666,1.780,1.830,1.240,5,0,29.083,0,0,17,224,0,9,0
19-02 17:38:16,54.891,19.711,24.202,0.749,0,4510336,167288,172060,3126068,6645.777,2938.154,966.078,7449.179,10.978,23.952,6450,6641,2.120,1.900,1.270,3,0,257.488,0,0,17,224,0,13,0
19-02 17:38:17,33.494,26.245,38.993,0,0,4527040,148840,172060,3127816,16207.993,8967.336,119.978,431.920,4.999,29.994,6496,5836,2.120,1.900,1.270,2,0,231.957,0,0,17,224,0,11,0
19-02 17:38:18,40.243,26.745,31.245,0,0,4471732,202648,172064,3129776,7614.692,1635.719,79.986,1563.731,4.999,48.992,7010,8151,2.120,1.900,1.270,2,0,224.961,0,0,17,223,0,12,0
19-02 17:38:19,49.588,15.027,34.812,0,0,4537940,135748,172064,3130008,7867.987,324.577,0,328.584,0,21.037,4832,5532,2.120,1.900,1.270,4,0,100.178,0,0,17,223,0,12,0
19-02 17:38:20,54.518,26.759,18.256,0.250,0,4579140,155968,172068,3071212,14636.769,8819.874,4.001,332.108,1.000,16.005,6374,6079,2.120,1.900,1.270,4,1,403.131,0,0,17,224,0,12,0
19-02 17:38:21,56.417,25.712,15.477,1.248,0,4587536,186848,172088,3033208,6865.894,3414.973,966.577,679.001,36.946,39.941,7089,8088,3.230,2.140,1.350,4,0,339.500,0,0,17,223,0,12,0
19-02 17:38:22,56.810,18.019,24.526,0.501,0,4649748,157676,172088,3000300,9519.095,3420.628,196.208,524.556,18.019,28.030,7785,10305,3.230,2.140,1.350,4,0,172.183,0,0,17,228,0,14,0
19-02 17:38:23,53.770,26.010,18.757,0.250,0,4691660,151508,172088,2965304,17235.376,9567.539,8.003,1432.530,2.001,49.018,6740,7029,3.230,2.140,1.350,5,0,389.144,0,0,17,227,0,15,0
19-02 17:38:24,64.304,26.022,8.257,1.251,0,4701980,134896,172096,2972036,4208.544,1026.865,964.812,13183.102,21.018,1057.891,15520,23520,3.230,2.140,1.350,2,1,258.217,0,0,17,233,0,16,0
19-02 17:38:25,50.193,18.479,25.471,4.994,0,4723064,155092,172096,2931364,13639.589,6744.380,347.607,699.210,22.974,20.976,6834,7422,3.230,2.140,1.350,3,0,183.792,0,0,17,240,0,15,0
19-02 17:38:26,58.446,13.238,27.724,0.250,0,4788632,160056,172096,2863076,12120.714,6157.267,55.948,639.405,6.993,63.940,5118,4104,3.210,2.150,1.360,3,0,71.933,0,0,17,243,0,16,0
19-02 17:38:27,60.639,11.339,24.157,1.479,0,4866084,123356,172108,2823000,14781.116,6657.467,903.175,532.440,39.440,21.692,4823,3304,3.210,2.150,1.360,4,0,12.818,0,0,17,246,0,17,0
19-02 17:38:28,57.015,12.866,26.994,2.775,0,4943204,121772,172108,2748472,13740.181,7637.022,1114.069,1045.449,60.547,68.620,6763,9292,3.210,2.150,1.360,4,0,10.091,0,0,17,249,0,21,0
19-02 17:38:29,61.250,9.790,27.864,0.502,0,4893100,204236,172140,2716908,12914.657,8521.746,574.342,2650.808,19.078,49.201,4984,3972,3.210,2.150,1.360,3,0,11.045,0,0,17,253,0,23,0
19-02 17:38:30,53.216,25.234,17.989,2.748,0,4915916,177484,172400,2720440,7999.922,971.383,4249.303,1294.179,68.956,61.961,6781,6325,3.210,2.150,1.360,5,0,266.831,0,0,17,257,0,23,0
19-02 17:38:31,45.905,26.590,26.590,0.753,0,4925160,167516,172408,2721160,18045.020,11196.863,1204.072,7140.145,33.112,246.835,8138,9343,3.280,2.180,1.370,3,0,384.300,0,0,17,258,0,24,0
19-02 17:38:32,54.767,22.653,21.160,0.249,0,4893516,198948,172408,2721356,9259.549,1827.215,764.742,645.251,5.975,54.767,6575,6817,3.280,2.180,1.370,7,0,230.020,0,0,17,260,0,25,0
19-02 17:38:33,62.684,19.808,15.796,0.752,0,4954692,137660,172416,2721916,11638.096,6284.412,629.845,525.540,15.044,32.094,5961,6380,3.280,2.180,1.370,5,0,193.567,0,0,18,261,0,25,0
19-02 17:38:34,73.402,12.275,10.772,3.257,0,5044092,133920,171920,2638112,13382.720,6244.936,1563.238,921.910,101.210,75.156,5727,5095,3.280,2.180,1.370,2,2,62.129,0,0,18,263,0,24,0
19-02 17:38:35,82.834,13.184,1.492,2.736,0.249,5095772,143812,171936,2577356,6192.862,859.677,2714.352,5532.184,124.375,570.133,5966,3495,3.280,2.180,1.370,4,0,16.915,0,0,18,265,0,24,0
19-02 17:38:36,64.023,14.562,19.583,1.506,0,5135136,138052,171960,2544852,12196.936,9111.799,1060.516,10307.892,30.128,202.864,7801,9852,3.170,2.180,1.380,3,0,223.954,0,0,18,269,0,25,0
19-02 17:38:37,38.584,9.210,49.287,0.747,0,5105640,202192,171968,2511248,12999.905,4817.214,613.353,2282.152,7.966,140.394,4110,3805,3.170,2.180,1.380,2,0,8.961,0,0,18,269,0,26,0
19-02 17:38:38,45.118,8.522,46.121,0.251,0,5164448,143296,171968,2511320,24805.869,5529.460,385.007,324.850,7.018,26.068,3915,3373,3.170,2.180,1.380,3,0,6.016,0,0,18,275,1,26,1
19-02 17:38:39,41.256,17.894,36.782,0.746,0,5155116,134584,171968,2529348,16468612.443,112891.372,2771.585,425.480,29.823,30.817,9741,4608,3.170,2.180,1.380,4,0,139.176,0,0,18,274,0,26,0
19-02 17:38:40,37.894,17.316,43.414,0.502,0,5099860,214908,171968,2504712,12193.184,3770.281,309.171,606.296,6.023,50.190,5059,4343,3.170,2.180,1.380,2,0,129.490,0,0,18,273,0,27,0
19-02 17:38:41,39.779,4.754,54.540,0,0,5194568,120180,171968,2504732,12172.003,5392.989,0,316.234,0,25.019,3074,1928,2.920,2.140,1.370,5,0,0,0,0,18,275,0,27,0
19-02 17:38:42,33.995,4.499,59.491,0.500,0,5194780,153840,171968,2471764,25121.075,16740.385,0,1343.790,0,97.985,4215,4204,2.920,2.140,1.370,3,0,0,0,0,18,278,0,29,0
19-02 17:38:43,29.252,6.250,61.504,0.750,0,5141396,206544,171968,2472444,33624.422,16328.176,568.041,2752.198,33.002,257.019,4999,5533,2.920,2.140,1.370,0,0,38.003,0,0,18,277,0,31,0
19-02 17:38:44,3.750,1.500,91.255,0.500,0,5124904,222884,171968,2472608,469645.517,16601804.716,0,992.058,0,34.002,3534,2371,2.920,2.140,1.370,0,0,0,0,0,18,277,0,31,0
19-02 17:38:45,1.991,0.996,95.319,0,0,5125092,222696,171968,2472608,40705.999,752.598,0,207.064,0,10.951,1394,1907,2.920,2.140,1.370,0,0,0.996,0,0,18,277,0,31,0
19-02 17:38:46,1.758,0.502,96.417,0.251,0,5125088,222696,171968,2472612,8970.771,976.219,0,554.396,0,36.156,1254,1780,2.690,2.110,1.360,0,0,1.004,0,0,18,279,0,31,0
19-02 17:38:47,20.250,3.000,74.001,0,0,5132964,214800,171968,2472632,8176340.013,38474.640,0,116.002,0,13.000,5654,4459,2.690,2.110,1.360,1,0,0,0,0,18,283,0,31,0
19-02 17:38:48,25.001,4.500,67.753,0.500,0,5122524,209128,171980,2488716,8370226.613,61166.964,80.004,724.035,4.000,78.004,7461,6772,2.690,2.110,1.360,1,0,3.000,0,0,18,286,0,31,0
19-02 17:38:49,14.249,15.249,68.497,0.500,0,5064604,266952,171984,2488808,9679.643,4081.849,31.999,355.987,2.000,33.999,4574,3604,2.690,2.110,1.360,2,0,158.994,0,0,18,283,0,35,0
19-02 17:38:50,10.249,20.248,66.743,0.500,0,5067508,264008,171984,2488848,8190.117,971.895,27.997,275.970,2.000,17.998,5512,4160,2.690,2.110,1.360,1,0,306.967,0,0,18,283,0,35,0
19-02 17:38:51,22.505,4.751,71.515,0,0.250,5117140,214360,171984,2488864,8120.696,1080.226,0,660.138,0,39.008,2332,1976,2.550,2.090,1.360,1,0,0,0,0,18,283,0,35,0
19-02 17:38:52,16.722,10.982,69.883,0.250,0,5139192,192316,171984,2488876,5263.162,970.370,0,327.450,0,38.935,3783,3030,2.550,2.090,1.360,1,0,109.816,0,0,18,283,0,35,0
19-02 17:38:53,10.017,19.784,68.869,0,0,5136880,194596,171984,2488908,10282.752,973.681,0,56.097,0,5.009,4887,3381,2.550,2.090,1.360,2,0,193.334,0,0,18,283,0,35,0
19-02 17:38:54,10.247,20.243,66.978,0.500,0,5127960,203492,171984,2488932,8156.369,1067.656,15.995,21577.039,1.000,710.771,5829,3892,2.550,2.090,1.360,3,0,190.938,0,0,18,283,0,35,0
19-02 17:38:55,8.752,16.753,72.014,0.500,0,5129692,201732,171984,2488960,6496.252,1026.198,0,232.045,0,27.005,4412,3533,2.550,2.090,1.360,1,0,178.034,0,0,18,283,0,35,0
19-02 17:38:56,5.501,2.000,91.259,0,0,5125828,205552,171984,2489004,8155.781,972.093,0,56.005,0,6.001,1436,1675,2.430,2.070,1.360,1,0,9.001,0,0,18,283,0,35,0
19-02 17:38:57,21.750,5.000,72.501,0,0,5172768,158612,171984,2489004,8511.122,972.014,0,0,0,0,2161,1821,2.430,2.070,1.360,2,0,0,0,0,18,283,0,35,0
19-02 17:38:58,18.750,2.750,76.752,0.250,0,5178004,153240,171984,2489140,16980.391,9990.230,112.003,592.014,6.000,48.001,2927,3128,2.430,2.070,1.360,2,0,3.000,0,0,18,287,0,36,0
19-02 17:38:59,13.769,14.520,68.843,0.501,0,5145536,185672,171988,2489172,7934.742,1027.391,12.016,148.201,3.004,21.028,4449,3416,2.430,2.070,1.360,3,0,128.174,0,0,18,289,0,36,0
19-02 17:39:00,13.225,16.718,68.369,0.250,0,5140372,190656,171988,2489352,4088.145,970.136,3.992,43.916,0.998,3.992,4435,3157,2.430,2.070,1.360,1,0,102.802,0,0,18,289,0,36,0
19-02 17:39:01,11.745,17.242,68.720,0,0,5132428,198516,171988,2489404,7726.597,971.572,0,43.981,0,2.999,4491,3059,2.310,2.050,1.350,1,0,103.954,0,0,18,289,0,36,0
19-02 17:39:02,13.253,16.504,69.018,0,0,5121304,209532,171988,2489512,6272.622,1026.265,0,4.001,0,1.000,4430,3026,2.310,2.050,1.350,1,0,104.027,0,0,18,289,0,36,0
19-02 17:39:03,12.747,15.996,68.731,0,0,5119352,211292,171988,2489688,11232.923,1025.719,0,323.911,0,20.994,4289,3203,2.310,2.050,1.350,2,0,91.975,0,0,18,289,0,36,0
19-02 17:39:04,19.552,9.776,68.432,0.752,0,5145088,185540,171988,2489704,8170.746,974.594,4.011,826.199,1.003,45.120,3519,3154,2.310,2.050,1.350,1,0,70.187,0,0,18,289,0,36,0
19-02 17:39:05,23.259,4.206,70.272,0,0,5172496,191156,171988,2457540,9502.623,962.040,0,2118.072,0,312.762,2506,1984,2.310,2.050,1.350,3,0,0.990,0,0,18,289,0,36,0
19-02 17:39:06,23.694,4.285,71.335,1.008,0,5208080,155480,171988,2457756,6383.367,1088.933,439.606,516.235,15.124,37.306,2600,2375,2.210,2.030,1.350,2,0,5.041,0,0,18,293,0,36,0
19-02 17:39:07,24.033,2.754,72.100,0.250,0,5122864,240548,171988,2457904,4952.840,973.344,0,248.343,0,21.029,2393,2097,2.210,2.030,1.350,1,0,5.007,0,0,18,289,0,36,0
19-02 17:39:08,24.225,3.247,70.426,0.499,0,5158400,204924,171988,2457992,4357.451,970.986,71.925,311.675,5.994,34.963,2480,2404,2.210,2.030,1.350,1,0,0,0,0,18,289,0,36,0
19-02 17:39:09,21.755,4.001,73.516,0,0,5209856,153448,171988,2458012,10913.448,2614.587,16.004,16083.608,1.000,30.007,2334,2018,2.210,2.030,1.350,2,0,3.001,0,0,18,292,0,36,0
19-02 17:39:10,20.493,3.749,73.976,0,0,5175392,187908,171988,2458016,13242.769,6600.891,0,143.954,0,7.997,2587,2193,2.210,2.030,1.350,3,0,15.995,0,0,18,289,0,37,0
19-02 17:39:11,32.001,8.750,58.502,0,0,5209628,153652,171988,2458020,7727.271,972.034,0,132.005,0,10.000,3473,11590,2.190,2.030,1.360,1,0,36.001,0,0,18,289,0,38,0
19-02 17:39:12,22.009,5.252,71.278,0.250,0,5199512,163632,171988,2458156,5604.225,972.386,0,124.049,0,13.005,2660,2034,2.190,2.030,1.360,1,0,40.016,0,0,18,289,0,38,0
19-02 17:39:13,10.240,18.981,68.931,0.250,0,5147032,216072,172000,2458184,31331.419,971.021,395.601,331.666,5.994,13.986,4757,3553,2.190,2.030,1.360,2,0,180.818,0,0,18,289,0,38,0
19-02 17:39:14,10.255,19.760,66.034,1.501,0,5130948,232020,172000,2458324,20892.788,972.502,36.019,776.401,4.002,92.048,5158,4050,2.190,2.030,1.360,1,0,223.115,0,0,18,289,0,38,0
19-02 17:39:15,14.998,13.248,69.741,0,0,5112004,250960,172000,2458328,40793.729,971.874,0,0,0,0,4217,3199,2.190,2.030,1.360,1,0,138.982,0,0,18,289,0,36,0
19-02 17:39:16,23.574,3.762,71.724,0.752,0,5130092,232820,172020,2458360,4830.099,975.048,36.113,72.226,3.009,4.013,2269,1770,2.170,2.030,1.360,1,0,18.056,0,0,18,289,0,36,0
19-02 17:39:17,19.448,2.743,76.796,0,0,5152880,209136,172044,2459232,13917.069,3127.700,3.989,147.608,0.997,4.987,2110,1699,2.170,2.030,1.360,1,0,15.958,0,0,18,290,0,36,0
19-02 17:39:18,24.249,3.000,71.247,0.500,0,5135376,221336,172516,2463968,6337.727,807.965,31.999,1471.937,1.000,54.998,2647,2630,2.170,2.030,1.360,1,0,3.000,0,0,18,289,0,36,0
19-02 17:39:19,19.233,2.997,76.431,0,0,5147956,208548,172540,2464136,15103.435,3909.489,3.996,495.555,0.999,25.977,2479,2413,2.170,2.030,1.360,3,0,17.984,0,0,18,290,0,30,0
19-02 17:39:20,25.526,6.507,66.067,0.250,0,5139276,211492,173060,2469212,6490.552,1147.158,0,1001.011,0,24.024,12964,23282,2.170,2.030,1.360,1,0,15.015,0,0,18,289,0,30,0
19-02 17:39:21,17.997,3.749,76.739,0,0,5132416,217832,173072,2469700,13900.039,3143.557,23.997,1315.814,3.999,198.972,2247,1943,2.160,2.030,1.360,1,0,6.999,0,0,18,290,0,30,0
19-02 17:39:22,23.984,5.247,67.955,0,0,5136836,213072,173120,2469992,8119.646,1535.987,11.992,103.931,2.998,2.998,11360,20651,2.160,2.030,1.360,2,0,9.993,0,0,18,290,0,30,0
19-02 17:39:23,22.322,5.016,72.485,0,0,5136728,213140,173160,2469992,5748.666,812.639,0,180.586,0,3.010,2360,1861,2.160,2.030,1.360,1,0,10.033,0,0,18,290,0,27,0
19-02 17:39:24,16.458,11.970,68.826,1.496,0,5095536,264184,173236,2460104,9387.214,1143.103,15.960,3415.346,0.997,141.641,4073,3669,2.160,2.030,1.360,4,0,113.712,0,0,18,289,0,27,0
19-02 17:39:25,13.988,16.485,67.940,0,0,5117032,242676,173236,2460116,6300.438,1025.095,0,0,0,0,4047,3247,2.160,2.030,1.360,1,0,150.867,0,0,18,289,0,27,0
19-02 17:39:26,24.273,2.502,72.069,0,0,5159192,200344,173236,2460288,5876.647,972.935,0,56.054,0,5.005,2146,1737,2.070,2.010,1.360,3,0,1.001,0,0,18,289,0,27,0
19-02 17:39:27,16.743,2.499,79.467,0,0,5164744,194648,173236,2460432,16296.149,9339.074,0,0,0,0,2139,1945,2.070,2.010,1.360,1,0,0,0,0,18,293,0,25,0
19-02 17:39:28,18.004,10.502,69.015,0.250,0,5100668,258476,173236,2460680,6409.386,2520.545,224.048,348.075,13.003,26.006,4057,3535,2.070,2.010,1.360,1,0,112.024,0,0,18,289,0,27,0
19-02 17:39:29,24.216,5.243,68.905,0,0,5132112,227024,173236,2460688,8271.555,970.657,15.978,183.746,0.999,15.978,2652,2364,2.070,2.010,1.360,2,0,0,0,0,18,289,0,27,0
19-02 17:39:30,25.284,5.257,68.593,0,0,5149416,209648,173236,2460760,12094.469,6707.133,0,124.169,0,8.011,4402,5528,2.070,2.010,1.360,1,0,1.001,0,0,18,290,0,27,0
19-02 17:39:31,34.997,13.249,50.746,0,0,5124984,233936,173236,2460904,8146.351,3890.690,303.976,99.992,5.000,6.000,4084,3058,2.060,2.010,1.370,2,0,74.994,0,0,18,289,0,21,0
19-02 17:39:32,45.022,8.004,46.772,0.250,0,5215168,143748,173236,2460908,9129.386,972.467,512.246,220.106,4.002,22.011,3650,2519,2.060,2.010,1.370,4,0,4.002,0,0,18,289,0,21,0
19-02 17:39:33,31.741,4.999,61.232,0,0,5227240,131652,173236,2460932,24991.521,14205.749,255.923,199.940,1.999,19.994,3434,2755,2.060,2.010,1.370,2,0,3.999,0,0,18,289,0,22,0
19-02 17:39:34,18.998,9.999,69.242,0.250,0,5202428,156460,173236,2460936,5222.400,971.888,0,355.959,0,33.996,3379,3231,2.060,2.010,1.370,2,0,56.993,0,0,18,289,0,22,0
19-02 17:39:35,20.005,2.751,76.269,0,0,5210664,148212,173236,2460948,16111.021,6765.689,0,216.054,0,3.001,2378,2123,2.060,2.010,1.370,1,0,0,0,0,18,290,0,20,0
19-02 17:39:36,19.751,5.750,72.253,0.250,0,5200748,157904,173236,2461172,10761.459,5605.239,208.009,188.008,12.001,11.000,3006,2709,1.980,2,1.360,2,0,33.001,0,0,18,289,0,23,0
19-02 17:39:37,23.201,3.742,71.847,0,0,5221120,137532,173236,2461172,7654.703,969.935,0,1852.057,0,306.348,2279,1885,1.980,2,1.360,1,0,0,0,0,18,289,0,23,0
19-02 17:39:38,17.032,2.755,79.399,0.501,0,5224100,134456,173236,2461268,14667.466,9189.207,80.150,661.238,4.008,54.101,2620,2839,1.980,2,1.360,1,0,0,0,0,18,290,0,23,0
19-02 17:39:39,16.499,7.499,74.745,0,0,5172448,186092,173236,2461284,7722.457,3760.736,0,231.984,0,19.999,2965,2843,1.980,2,1.360,1,0,46.997,0,0,18,289,0,22,0
19-02 17:39:40,20.001,2.750,75.503,0,0,5218540,139996,173236,2461288,10706.368,3405.117,0,180.006,0,8.000,2189,1938,1.980,2,1.360,0,0,0,0,0,18,290,0,22,0
19-02 17:39:41,20.500,5.000,73.249,0.250,0,5192596,165800,173236,2461428,15705.716,8897.839,0,287.995,0,22.000,2939,2489,1.900,1.980,1.360,1,0,31.999,0,0,18,289,0,25,0
19-02 17:39:42,21.490,5.747,71.716,0,0.250,5214808,143588,173236,2461428,10388.084,971.540,0,51.975,0,6.997,2348,2151,1.900,1.980,1.360,3,0,0,0,0,18,289,0,25,0
19-02 17:39:43,19.502,2.750,76.007,0,0,5230856,127532,173236,2461436,35930.169,6740.595,0,132.012,0,13.001,2275,2063,1.900,1.980,1.360,3,0,0,0,0,18,290,0,22,0
19-02 17:39:44,18.752,2.000,77.258,0.750,0,5222448,135928,173236,2461448,25060.515,6341.636,0,472.047,0,57.006,2780,3099,1.900,1.980,1.360,1,0,0,0,0,18,289,0,23,0
19-02 17:39:45,18.003,11.002,70.012,0,0,5190980,167392,173236,2461460,41345.219,972.170,0,1088.190,0,79.014,3488,2792,1.900,1.980,1.360,3,0,88.015,0,0,18,289,0,23,0
19-02 17:39:46,20.501,2.000,75.752,0.250,0,5226508,131860,173236,2461464,11607.325,6698.188,0,372.010,0,24.001,2200,1998,1.910,1.980,1.370,2,0,1.000,0,0,18,290,0,23,0
19-02 17:39:47,20.985,6.246,71.200,0.250,0,5213776,144572,173236,2461484,23442.374,17893.310,0,95.932,0,11.991,3135,2787,1.910,1.980,1.370,3,0,46.967,0,0,18,289,0,23,0
19-02 17:39:48,23.507,4.751,70.770,0.250,0,5210052,148136,173236,2461644,7929.251,972.276,144.041,300.085,8.002,33.009,2766,2813,1.910,1.980,1.370,1,0,1.000,0,0,18,289,0,23,0
19-02 17:39:49,18.758,2.001,77.282,0,0,5205904,152220,173236,2461708,15147.206,9823.024,48.020,188.077,3.001,20.008,2598,2653,1.910,1.980,1.370,2,0,1.000,0,0,18,290,0,24,0
19-02 17:39:50,21.751,5.250,71.503,0.250,0,5140432,217692,173236,2461708,8468.336,1170.046,0,152.006,0,10.000,2551,2070,1.910,1.980,1.370,1,0,14.001,0,0,18,289,0,25,0
19-02 17:39:51,19.495,2.749,76.979,0,0,5178276,179844,173236,2461712,13307.455,6750.202,0,139.963,0,10.997,2120,1836,1.830,1.960,1.360,1,0,0,0,0,18,290,0,21,0
19-02 17:39:52,24.191,2.993,70.079,0.748,0.249,5176120,180444,173236,2463268,7750.090,890.826,1516.300,2282.431,50.876,356.131,3840,4353,1.830,1.960,1.360,3,0,0.998,0,0,18,292,0,21,0
19-02 17:39:53,25.577,5.767,66.200,1.003,0,5173240,183184,173236,2463408,9086.444,2218.701,96.291,898.714,6.018,105.318,4838,6401,1.830,1.960,1.360,1,0,5.015,0,0,18,291,0,22,0
19-02 17:39:54,24.241,3.999,70.224,0.500,0,5225584,130840,173236,2463408,6769.463,1079.595,0,547.795,0,57.978,2483,2390,1.830,1.960,1.360,3,0,0,0,0,18,291,0,22,0
19-02 17:39:55,15.753,2.250,80.014,0.250,0,5223068,133216,173236,2463548,13023.228,10283.760,0,1896.324,0,21.004,2562,2563,1.830,1.960,1.360,1,0,0,0,0,18,292,0,22,0
19-02 17:39:56,23.508,5.002,68.273,1.000,0,5208368,147748,173236,2463716,10631.560,2572.862,80.027,1068.358,5.002,140.047,5269,6973,1.770,1.950,1.360,1,0,1.000,0,0,18,291,0,23,0
19-02 17:39:57,13.489,18.735,65.446,0,0,5167740,188368,173236,2463724,6078.987,971.199,0,579.522,0,40.966,4715,3656,1.770,1.950,1.360,1,0,195.838,0,0,18,291,0,23,0
19-02 17:39:58,10.960,22.917,64.515,0.498,0,5129696,226396,173236,2463740,8287.813,968.472,0,2323.537,0,129.528,5784,4491,1.770,1.950,1.360,1,1,278.984,0,0,18,291,0,23,0
19-02 17:39:59,10.042,22.847,65.025,0.753,0,5114552,241528,173236,2463752,7428.423,976.129,0,1301.505,0,87.370,5496,4339,1.770,1.950,1.360,2,0,262.109,0,0,18,291,0,23,0
19-02 17:40:00,9.750,22.251,65.253,0,0,5105644,250416,173236,2463772,8963.427,972.046,0,628.030,0,29.001,5396,3967,1.770,1.950,1.360,1,0,255.012,0,0,18,291,0,22,0
19-02 17:40:01,9.766,22.537,66.358,0.250,0,5105120,250924,173236,2463788,5785.437,973.588,0,304.497,0,19.031,5453,4090,1.620,1.910,1.350,2,0,268.438,0,0,18,291,0,22,0
19-02 17:40:02,9.731,21.707,66.368,0,0,5108996,247040,173236,2463796,5317.440,970.073,0,95.810,0,11.976,5139,3659,1.620,1.910,1.350,1,0,239.524,0,0,18,291,0,22,0
19-02 17:40:03,10.238,24.220,61.425,0.999,0,5097068,258884,173240,2463876,7945.304,970.815,67.917,3196.099,8.989,166.796,5517,4582,1.620,1.910,1.350,1,0,231.717,0,0,18,291,0,22,0
19-02 17:40:04,10.261,23.525,64.069,0.501,0,5092128,263816,173240,2463884,9411.188,973.053,0,564.611,0,48.052,5604,4426,1.620,1.910,1.350,1,0,253.274,0,0,18,291,0,22,0
19-02 17:40:05,9.756,22.763,64.787,0,0,5093056,262872,173240,2463904,4394.532,972.560,0,148.085,0,12.007,5256,3843,1.620,1.910,1.350,1,0,252.145,0,0,18,291,0,22,0
19-02 17:40:06,9.748,21.745,65.986,0.250,0,5097496,258388,173240,2463932,8535.163,1079.768,15.997,555.880,1.000,42.991,5382,4069,1.490,1.880,1.350,2,0,251.946,0,0,18,291,0,22,0
19-02 17:40:07,9.748,22.745,65.735,0,0,5105104,250760,173240,2463952,7417.301,1079.753,0,51.988,0,6.998,5277,3961,1.490,1.880,1.350,1,0,252.942,0,0,18,291,0,22,0
19-02 17:40:08,9.252,22.255,66.013,0,0,5091256,264592,173240,2463968,8192.672,972.198,0,1140.233,0,209.043,5408,3724,1.490,1.880,1.350,1,0,246.050,0,0,18,291,0,22,0
19-02 17:40:09,9.750,22.000,65.750,0,0,5091796,264040,173240,2463980,8784.053,1080.006,0,124.001,0,10.000,5196,3682,1.490,1.880,1.350,1,0,237.001,0,0,18,291,0,22,0
19-02 17:40:10,10.736,22.721,64.419,0.250,0,5090188,265628,173240,2464000,6167.233,1120.589,0,463.416,0,20.974,5272,3928,1.490,1.880,1.350,1,0,243.693,0,0,18,291,0,22,0
19-02 17:40:11,8.727,20.446,67.822,0.249,0,5091884,263884,173240,2464048,7815.432,969.449,15.958,23.937,0.997,3.990,4997,3601,1.530,1.880,1.350,4,0,224.409,0,0,18,291,0,22,0
19-02 17:40:12,33.876,16.311,47.678,0.753,0,5093208,366964,173240,2370464,9110.011,975.642,256.959,0,22.082,0,5928,16465,1.530,1.880,1.350,2,0,76.285,0,0,18,291,0,21,0
19-02 17:40:13,21.000,6.250,67.251,4.500,0,5118552,329332,173316,2383812,18908.406,972.021,7060.152,2028.044,541.012,14.000,3494,3324,1.530,1.880,1.350,2,0,2.000,0,0,18,291,0,21,0
19-02 17:40:14,26.723,3.746,67.182,0.250,0,5130768,314484,173316,2386452,30730.961,971.019,0,1510.474,0,47.952,3174,2994,1.530,1.880,1.350,3,0,0.999,0,0,18,291,0,21,0
19-02 17:40:15,19.264,2.252,77.305,0.250,0,5135544,307968,173356,2388148,47180.650,3896.779,32.023,2089.490,4.003,61.044,2324,2013,1.530,1.880,1.350,2,0,16.011,0,0,18,292,0,21,0
19-02 17:40:16,16.257,1.751,77.533,3.251,0,5148040,294612,173432,2388964,18274.846,7776.339,684.294,2553.096,44.019,100.043,2179,2281,1.570,1.890,1.350,2,0,1.000,0,0,18,292,0,21,0
19-02 17:40:17,13.746,1.250,81.726,1.749,0,5148520,293352,173488,2389688,19379.303,9752.133,499.853,1167.657,46.986,30.991,1937,1940,1.570,1.890,1.350,0,0,0,0,0,18,292,0,21,0
19-02 17:40:18,20.000,2.000,75.750,1.250,0,5172148,268656,173488,2390756,15611.927,7056.967,759.996,1011.995,31.000,39.000,2344,2254,1.570,1.890,1.350,1,0,1.000,0,0,18,292,0,21,0
19-02 17:40:19,21.505,1.250,75.017,1.250,0,5175444,264760,173512,2391332,15472.473,6511.461,448.101,796.179,30.007,40.009,2292,2163,1.570,1.890,1.350,0,0,1.000,0,0,18,292,0,21,0
19-02 17:40:20,15.250,3.000,79.001,1.000,0,5175656,264012,173568,2391812,17452.167,6663.064,348.003,840.008,30.000,25.000,2266,2045,1.570,1.890,1.350,1,0,8.000,0,0,18,292,0,21,0
19-02 17:40:21,17.000,1.250,78.501,1.750,0,5195556,243348,173568,2392576,15981.199,7364.092,608.008,984.012,31.000,35.000,2007,1868,1.610,1.890,1.360,0,0,0,0,0,18,292,0,21,0
19-02 17:40:22,17.495,1.250,79.979,0.750,0,5195228,243096,173568,2393156,18064.250,7463.037,379.900,879.769,31.992,30.992,1961,1865,1.610,1.890,1.360,0,1,0,0,0,18,292,0,21,0
19-02 17:40:23,17.748,3.000,71.990,5.999,0.250,5191288,215404,173588,2424768,10044.597,1824.745,15317.860,1135.841,160.978,177.975,2304,1989,1.610,1.890,1.360,1,0,0,0,0,18,292,0,21,0
19-02 17:40:24,22.513,3.752,70.790,1.001,0,5194520,198784,174032,2437708,8590.852,1026.580,0,2525.426,0,84.047,2735,2738,1.610,1.890,1.360,2,0,1.001,0,0,18,292,0,21,0
19-02 17:40:25,24.251,2.750,71.502,0.500,0,5200472,176872,174128,2453312,4355.099,756.017,0,960.022,0,30.001,2609,2493,1.610,1.890,1.360,1,0,0,0,0,18,292,0,21,0
19-02 17:40:26,23.751,2.750,72.254,0.500,0,5214848,142360,174128,2473092,4635.233,756.038,0,1588.080,0,60.003,2493,2380,1.560,1.870,1.360,1,0,1.000,0,0,18,292,0,21,0
19-02 17:40:27,22.997,2.750,71.489,1.000,0,5209332,134308,174556,2486092,8322.753,1025.846,0,2567.615,0,114.983,2712,2706,1.560,1.870,1.360,1,0,0,0,0,18,292,0,21,0
19-02 17:40:28,23.989,2.749,71.467,0.750,0,5211080,135740,175280,2482736,6872.832,1013.533,0,2450.870,0,91.958,2772,2765,1.560,1.870,1.360,1,0,0,0,0,18,292,0,18,0
19-02 17:40:29,24.256,4.751,69.768,0.250,0,5182668,178312,175472,2468292,9609.417,1146.288,4.001,844.212,1.000,32.008,2561,2184,1.560,1.870,1.360,1,0,2.001,0,0,18,291,0,18,0
19-02 17:40:30,20.495,3.249,74.980,0,0,5215240,145688,175500,2468308,12243.773,2309.391,0,0,0,0,2515,2188,1.560,1.870,1.360,0,0,32.991,0,0,18,292,0,18,0
19-02 17:40:31,35.006,6.751,57.010,0.250,0,5222504,132440,175608,2473988,9124.629,1602.286,256.046,1420.254,2.000,10.002,3059,2138,1.590,1.880,1.360,2,0,8.001,0,0,18,291,0,18,0
19-02 17:40:32,37.592,8.216,53.526,0.498,0,5219084,167224,175616,2443616,12754.540,3834.926,509.863,446.130,3.983,8.962,3364,2166,1.590,1.880,1.360,3,0,21.908,0,0,18,292,0,16,0
19-02 17:40:33,29.841,7.774,59.431,0.251,0,5199864,181460,175716,2447908,5152.650,1203.656,256.780,2174.605,2.006,39.119,13217,23225,1.590,1.880,1.360,2,0,16.049,0,0,18,291,0,16,0
19-02 17:40:34,25.509,5.252,67.023,0,0,5195368,185736,175740,2448068,9163.139,1026.352,0,1044.358,0,27.009,12419,22496,1.590,1.880,1.360,2,0,7.002,0,0,18,291,0,16,0
19-02 17:40:35,20.515,6.755,72.052,0,0,5139348,253480,175788,2436968,6626.757,972.698,0,444.319,0,11.008,2605,2213,1.590,1.880,1.360,1,0,14.010,0,0,18,291,0,16,0
19-02 17:40:36,23.261,4.502,71.282,0.500,0,5102772,290220,175792,2436944,4148.886,1042.474,12.005,764.347,3.001,21.010,3216,2976,1.550,1.860,1.360,3,0,50.023,0,0,18,291,0,12,0
19-02 17:40:37,25.252,6.251,65.256,0.250,0,5119308,273672,175792,2436956,11562.006,1080.094,4.000,464.040,1.000,27.002,10786,19459,1.550,1.860,1.360,2,0,8.001,0,0,18,291,0,12,0
19-02 17:40:38,23.520,4.254,70.809,0.250,0,5132508,260456,175792,2436972,7893.592,972.812,32.027,208.174,2.002,15.013,2645,2378,1.550,1.860,1.360,1,0,18.015,0,0,18,291,0,12,0
19-02 17:40:39,19.735,2.498,77.442,0,0,5169684,218676,175792,2441544,13437.017,3249.586,0,1554.845,0,179.866,2175,1817,1.550,1.860,1.360,1,0,16.987,0,0,18,291,0,12,0
19-02 17:40:40,24.798,3.006,70.637,0.250,0,5172756,214432,175792,2442708,6964.465,973.883,0,673.302,0,29.056,2655,2527,1.550,1.860,1.360,1,0,2.004,0,0,18,291,0,12,0
19-02 17:40:41,18.254,2.501,78.519,0.250,0,5179616,201760,175976,2447720,13766.269,4079.969,0,1028.244,0,20.005,2189,1908,1.500,1.850,1.360,1,0,18.004,0,0,18,291,0,11,0
19-02 17:40:42,22.204,6.736,69.106,0,0,5175572,205152,176004,2448232,7850.634,969.978,0,219.542,0,4.990,11439,20765,1.500,1.850,1.360,1,0,12.973,0,0,18,291,0,11,0
19-02 17:40:43,23.996,7.249,66.740,0,0,5179864,200764,176004,2448328,19200.153,1013.850,0,387.942,0,6.999,7047,13462,1.500,1.850,1.360,1,0,11.998,0,0,18,291,0,11,0
19-02 17:40:44,22.001,5.750,71.003,0.250,0,5143784,248916,176008,2437004,29403.423,1080.052,0,1200.058,0,42.002,2720,2556,1.500,1.850,1.360,1,0,8.000,0,0,18,291,0,11,0
19-02 17:40:45,24.240,3.499,71.220,0,0,5158816,233876,176008,2437012,43026.000,971.594,11.995,3.998,1.000,1.000,2618,2155,1.500,1.850,1.360,2,0,20.991,0,0,18,291,0,7,0
19-02 17:40:46,21.997,6.749,70.241,0,0,5129104,263600,176008,2437032,7343.054,971.875,3.999,16009.937,1.000,219.972,3473,2925,1.460,1.830,1.350,3,0,84.989,0,0,18,291,0,7,0
19-02 17:40:47,21.993,4.748,72.226,0,0,5134536,251080,176072,2444020,8791.059,971.675,0,7.997,0,1.999,2350,1991,1.460,1.830,1.350,1,0,12.996,0,0,18,291,0,7,0
19-02 17:40:48,25.261,2.501,70.530,0.250,0,5143832,238292,176148,2447344,6137.628,972.416,0,1768.757,0,30.013,2767,2608,1.460,1.830,1.350,1,0,17.007,0,0,18,291,0,7,0
19-02 17:40:49,18.498,1.500,78.992,0.250,0,5154908,226644,176204,2447716,16458.346,7054.291,0,707.929,0,31.997,2046,2063,1.460,1.830,1.350,1,0,1.000,0,0,18,292,0,5,0
19-02 17:40:50,16.754,1.250,80.268,0.500,0,5144608,236364,176324,2448096,23436.181,12084.672,0,1860.411,0,136.030,2045,1997,1.460,1.830,1.350,1,0,0,0,0,18,292,0,5,0
19-02 17:40:51,4.500,1.000,93.492,0.250,0,5142596,238168,176360,2448236,37649.965,3982.679,0,671.946,0,25.998,1309,1727,1.340,1.800,1.350,0,0,0,0,0,18,292,0,5,0
19-02 17:40:52,1.250,1.000,96.507,0,0,5140580,240184,176360,2448236,9344.718,1080.083,0,28.002,0,4.000,1145,1640,1.340,1.800,1.350,0,0,0,0,0,18,292,0,5,0
19-02 17:40:53,1.749,0.250,96.964,0,0,5138620,242144,176360,2448236,11434.751,971.639,0,0,0,0,1159,1663,1.340,1.800,1.350,0,0,0,0,0,18,292,0,3,0
19-02 17:40:54,2.000,0.750,95.245,0.250,0,5136904,243860,176360,2448236,10645.435,971.948,0,275.985,0,26.999,1372,1994,1.340,1.800,1.350,0,0,0,0,0,18,292,0,3,0
19-02 17:40:55,2.000,0.750,96.520,0,0,5135404,245360,176360,2448236,8196.688,972.200,0,4.001,0,1.000,1338,1893,1.340,1.800,1.350,0,0,0,0,0,18,292,0,3,0
19-02 17:40:56,9.249,2.500,85.742,0.500,0,5136412,243940,176472,2448472,126564.919,10442.086,0,9211.194,0,88.992,1959,2132,1.320,1.790,1.340,0,0,1.000,0,0,18,293,0,3,0
19-02 17:40:57,21.497,4.249,73.239,0.250,0,5163596,216568,176520,2448596,12448.113,5795.121,0,41845.655,0,190.971,2413,2010,1.320,1.790,1.340,1,0,0,0,0,18,293,0,1,0
19-02 17:40:58,20.751,1.500,76.253,1.000,0,5163024,216784,176592,2448816,18582.747,8125.327,96.004,864.035,16.001,30.001,2232,2006,1.320,1.790,1.340,1,0,0,0,0,18,293,0,1,0
19-02 17:40:59,18.243,1.000,78.470,1.000,0,5171848,207128,176672,2449520,20858.059,8915.605,475.819,1183.549,33.987,38.985,2163,2134,1.320,1.790,1.340,1,0,0,0,0,18,293,0,1,0
19-02 17:41:00,15.504,1.750,80.769,0.750,0,5179468,198728,176884,2449960,331110.521,16517.967,0,2324.558,0,171.041,2271,2294,1.320,1.790,1.340,1,0,0,0,0,18,293,0,1,0
19-02 17:41:01,14.009,2.001,82.551,1.251,0,5187268,190412,177020,2450232,86976.897,15524.620,32.020,1917.188,5.003,83.051,2002,2104,1.290,1.770,1.340,0,0,0,0,0,18,293,0,1,0
19-02 17:41:02,18.482,3.497,76.176,0.250,0,5183512,184476,177092,2459688,419050.731,14773.712,99.903,42822.586,4.995,201.805,2468,2160,1.290,1.770,1.340,0,0,1.998,0,0,18,293,0,1,0
19-02 17:41:03,13.261,4.254,78.818,1.501,0,5188604,139876,177224,2498852,17104047.237,101120.838,164.141,19829.028,4.003,169.145,7489,4176,1.290,1.770,1.340,1,0,5.004,0,0,18,293,0,1,0
19-02 17:41:04,21.833,2.259,73.279,1.255,0,5191980,131332,177436,2503692,387045.187,4964.898,0,2397.124,0,112.428,2905,2920,1.290,1.770,1.340,1,0,2.008,0,0,18,293,0,1,0
19-02 17:41:05,22.400,4.231,71.184,0.747,0,5199724,131640,180304,2490880,4801.651,967.697,0,4288.931,0,77.655,2653,2462,1.290,1.770,1.340,1,0,0,0,0,18,293,0,1,0
19-02 17:41:06,24.049,2.756,71.897,0.251,0,5216848,133956,180860,2470820,8565.529,973.993,0,1523.117,0,84.172,2439,2211,1.270,1.760,1.340,1,0,1.002,0,0,18,293,0,1,0
19-02 17:41:07,24.972,1.998,72.169,0.250,0.250,5218680,120224,181136,2481428,6652.506,1024.846,0,691.221,0,17.980,2428,2127,1.270,1.760,1.340,1,0,0,0,0,18,293,0,1,0
19-02 17:41:08,23.752,3.500,71.256,0.750,0,5206864,142024,181872,2470752,9387.816,972.085,0,1668.145,0,79.007,2681,2507,1.270,1.760,1.340,1,0,0,0,0,18,293,0,1,0
19-02 17:41:09,23.491,3.499,71.473,0.500,0,5204312,135452,182568,2478316,6064.745,971.639,0,1931.282,0,59.978,2485,2289,1.270,1.760,1.340,2,0,0,0,0,18,293,0,1,0
19-02 17:41:10,24.708,2.246,71.379,0.749,0,5206392,116672,183300,2492692,8469.681,1012.289,0,1613.273,0,67.885,2589,2407,1.270,1.760,1.340,1,0,0,0,0,18,293,0,1,0
19-02 17:41:11,24.044,3.256,70.878,0,0,5208180,124008,184452,2482052,8192.842,973.764,0,1783.231,0,64.116,2413,2131,1.250,1.750,1.340,1,0,0,0,0,18,293,0,1,0
19-02 17:41:12,33.256,8.002,57.511,0.750,0,5210316,155908,185548,2447852,4521.853,972.183,0,2484.468,0,91.017,4163,12881,1.250,1.750,1.340,1,0,36.007,0,0,18,293,0,2,0
19-02 17:41:13,20.495,1.250,76.231,0.500,0,5247364,148848,185880,2416932,21463.780,3562.134,3.999,1111.730,1.000,43.989,2383,2246,1.250,1.750,1.340,3,0,0,0,0,18,291,0,1,0
19-02 17:41:14,24.324,6.205,68.257,0.496,0,5173920,222312,185880,2416944,34297.140,965.026,0,861.772,0,32.763,3055,2643,1.250,1.750,1.340,3,0,18.864,0,0,18,291,0,1,0
19-02 17:41:15,26.390,6.283,65.347,0,0,5172924,221304,185880,2418948,45729.735,3160.777,4.021,140.747,1.005,7.037,4517,5294,1.250,1.750,1.340,2,0,17.091,0,0,18,292,0,1,0
19-02 17:41:16,26.057,4.510,68.651,0,0,5167896,222160,185932,2422788,8935.717,1148.534,0,974.150,0,6.013,2956,2403,1.310,1.750,1.340,3,0,4.009,0,0,18,291,0,3,0
19-02 17:41:17,20.488,2.249,75.206,0.250,0,5179420,209588,185936,2423832,14695.480,4022.668,0,1219.293,0,119.930,2665,2341,1.310,1.750,1.340,1,0,15.991,0,0,18,292,0,3,0
19-02 17:41:18,25.500,5.750,66.251,0.250,0,5164984,218816,186176,2427860,8858.087,1240.012,0,964.009,0,25.000,9680,17661,1.310,1.750,1.340,1,0,7.000,0,0,18,291,0,3,0
19-02 17:41:19,21.511,6.253,71.285,0.250,0,5165928,217332,186196,2428312,6117.000,972.477,0,2497.225,0,24.012,2739,2598,1.310,1.750,1.340,1,0,9.004,0,0,18,291,0,3,0
19-02 17:41:20,24.131,7.712,65.677,0,0,5171344,211772,186232,2428420,4656.082,967.239,0,3.980,0,0.995,13134,23891,1.310,1.750,1.340,1,0,20.897,0,0,18,291,0,3,0
19-02 17:41:21,20.750,6.000,71.249,0.250,0,5172244,210764,186268,2428488,8275.915,971.990,0,591.994,0,18.000,2352,1873,1.280,1.740,1.340,3,0,7.000,0,0,18,291,0,3,0
19-02 17:41:22,23.101,5.022,71.061,0,0,5138808,256508,186272,2417196,6185.043,976.269,0,23820.150,0,409.792,2672,2190,1.280,1.740,1.340,2,0,6.026,0,0,18,291,0,3,0
19-02 17:41:23,20.983,3.497,71.943,2.998,0,5159896,232036,186572,2420256,8041.615,1025.186,623.505,0,13.989,0,2413,2199,1.280,1.740,1.340,1,0,0,0,0,18,292,0,3,0
19-02 17:41:24,24.022,5.255,67.813,1.001,0,5158516,233296,186572,2420512,7727.146,972.900,32.030,3875.584,2.002,141.131,5328,6588,1.280,1.740,1.340,1,0,0,0,0,18,294,0,6,0
19-02 17:41:25,25.678,5.485,64.819,1.496,0,5156756,234464,186572,2421104,9409.727,700.045,494.619,1288.403,28.919,176.507,5887,7790,1.280,1.740,1.340,2,0,0.997,0,0,18,296,0,7,0
19-02 17:41:26,22.314,7.271,67.192,1.504,0,5133984,256668,186572,2421672,4243.141,812.324,545.561,1740.982,27.077,174.499,4873,5852,1.340,1.740,1.340,1,0,37.106,0,0,18,295,0,7,0
19-02 17:41:27,8.744,21.735,66.456,0,0,5132440,258116,186572,2421768,4722.844,971.351,0,195.869,0,9.993,5190,3806,1.340,1.740,1.340,1,0,239.840,0,0,18,295,0,7,0
19-02 17:41:28,11.711,16.445,68.272,1.246,0,5130272,259408,186572,2422644,5206.602,968.763,865.109,3855.118,8.970,403.651,4785,3869,1.340,1.740,1.340,2,1,151.494,0,0,18,297,0,7,0
19-02 17:41:29,16.055,5.519,69.488,7.275,0,5101272,281988,186588,2429048,8283.395,975.343,6426.028,1705.848,880.017,88.303,3665,4334,1.340,1.740,1.340,0,0,20.069,0,0,18,295,0,9,0
19-02 17:41:30,10.996,4.748,71.477,11.746,0,5089948,260972,186588,2461388,6489.907,1025.669,32365.564,163.947,1895.389,3.999,4190,5742,1.340,1.740,1.340,1,0,0,0,0,18,295,0,9,0
19-02 17:41:31,23.773,9.009,56.053,9.259,0,5117424,228024,186996,2466456,9748.292,1472.404,5697.431,492.469,1090.039,7.007,3943,4065,1.390,1.750,1.350,2,0,11.010,0,0,18,296,0,9,0
19-02 17:41:32,21.778,5.257,71.842,0,0,5140564,204880,186996,2466460,11224.442,2506.225,256.330,4.005,2.003,1.001,2439,1971,1.390,1.750,1.350,2,0,4.005,0,0,18,296,0,9,0
19-02 17:41:33,17.480,4.994,76.161,0.499,0,5141364,203900,186996,2466648,43653.164,2736.813,695.190,1030.800,8.990,22.973,2637,2489,1.390,1.750,1.350,0,0,3.995,0,0,18,296,0,9,0
19-02 17:41:34,7.501,4.001,85.262,1.250,0,5100304,244192,186996,2467288,165026.101,135258.934,288.040,1148.161,13.002,37.005,2551,2927,1.390,1.750,1.350,0,0,13.002,0,0,18,295,0,9,0
19-02 17:41:35,2.499,0.750,94.965,0,0,5097408,247084,186996,2467292,4967.181,971.644,0,107.960,0,11.996,1387,1944,1.390,1.750,1.350,0,1,0,0,0,18,295,0,9,0
19-02 17:41:36,2.000,1.500,93.999,1.000,0,5094012,250468,186996,2467304,4694.961,971.992,0,2443.979,0,149.999,1880,2930,1.280,1.720,1.340,2,0,1.000,0,0,18,295,0,9,0
19-02 17:41:37,1.750,2.750,93.765,0.250,0,5063584,280892,186996,2467308,8008.282,972.156,0,17074.734,0,145.023,1597,2162,1.280,1.720,1.340,1,0,0,0,0,18,295,0,9,0
19-02 17:41:38,1.500,2.250,95.247,0,0,5061136,283340,186996,2467308,6968.747,971.965,0,21119.233,0,105.996,1497,1919,1.280,1.720,1.340,0,0,0,0,0,18,295,0,9,0
19-02 17:41:39,1.000,0.500,96.513,0,0,5058992,285484,186996,2467308,7593.015,972.130,0,0,0,0,1095,1592,1.280,1.720,1.340,0,0,0,0,0,18,295,0,9,0
19-02 17:41:40,1.750,1.000,96.478,0,0,5057440,287036,186996,2467308,8212.131,971.779,0,7.998,0,1.000,1301,1820,1.280,1.720,1.340,0,0,0,0,0,18,295,0,9,0
19-02 17:41:41,2.000,0.750,96.752,0,0,5055884,288592,186996,2467308,8380.175,972.020,0,0,0,0,1172,1618,1.180,1.690,1.330,1,0,0,0,0,18,295,0,9,0
19-02 17:41:42,1.000,0.500,96.996,0,0,5054272,290204,186996,2467308,8544.646,1025.958,0,1063.956,0,3.000,1169,1678,1.180,1.690,1.330,0,0,0,0,0,18,295,0,9,0
19-02 17:41:43,2.500,6.250,88.744,1.250,0,5052452,292016,186996,2467316,23158.367,1013.929,0,126683.068,0,1058.925,3011,3328,1.180,1.690,1.330,0,0,0,0,0,18,295,0,9,0
19-02 17:41:44,2.500,0.750,95.514,0.250,0,5052160,292300,186996,2467320,24814.552,1026.147,0,1864.267,0,25.004,1449,1992,1.180,1.690,1.330,0,0,0,0,0,18,295,0,9,0
19-02 17:41:45,2.001,1.000,95.778,0,0,5052032,292300,186996,2467448,43270.525,972.281,0,152.044,0,5.001,1411,1864,1.180,1.690,1.330,3,0,0,0,0,18,295,0,9,0
19-02 17:41:46,2.000,1.250,95.730,0.250,0,5052264,292048,186996,2467468,4673.030,1025.787,0,543.887,0,40.991,1477,2204,1.080,1.660,1.330,0,0,1.000,0,0,18,295,0,9,0
19-02 17:41:47,2.248,2.748,92.670,0.500,0,5056272,288040,186996,2467468,9812.488,971.158,0,95.917,0,11.990,1543,2053,1.080,1.660,1.330,0,0,0,0,0,18,295,0,9,0
19-02 17:41:48,1.751,1.251,96.044,0.250,0,5056272,288040,186996,2467468,8114.708,918.420,0,164.075,0,16.007,1382,2037,1.080,1.660,1.330,0,0,0,0,0,18,295,0,9,0
19-02 17:41:49,2.001,0.250,96.025,0.250,0,5048444,295864,186996,2467472,8213.151,1026.269,0,176.046,0,19.005,1332,2013,1.080,1.660,1.330,0,0,0,0,0,18,295,0,9,0
19-02 17:41:50,1.750,0.750,96.515,0,0,5048444,295864,186996,2467472,6958.096,1042.164,0,4.001,0,1.000,1208,1680,1.080,1.660,1.330,0,0,0,0,0,18,295,0,9,0
19-02 17:41:51,1.500,0.750,96.246,0,0,5048444,295864,186996,2467472,4261.844,917.966,0,291.989,0,18.999,1159,1709,1,1.630,1.320,0,0,0,0,0,18,295,0,9,0
19-02 17:41:52,1.750,1.000,96.522,0,0,5048444,295864,186996,2467472,10052.340,972.226,0,32.007,0,5.001,1164,1646,1,1.630,1.320,0,0,0,0,0,18,295,0,9,0
19-02 17:41:53,1.749,0.250,96.928,0,0,5048444,295864,186996,2467472,10865.975,971.283,0,419.690,0,89.934,1143,1624,1,1.630,1.320,0,0,0,0,0,18,295,0,9,0
19-02 17:41:54,1.751,1.501,94.793,0.500,0,5048868,295612,187000,2467468,5439.468,972.441,4.002,8535.873,1.000,187.085,1469,2032,1,1.630,1.320,0,0,0,0,0,18,295,0,9,0
19-02 17:41:55,2.001,0.250,95.776,0,0,5048856,295612,187000,2467480,10571.874,648.176,0,0,0,0,1386,1953,1,1.630,1.320,0,0,0,0,0,18,295,0,9,0
19-02 17:41:56,2.250,1.500,95.492,0.500,0,5049108,295360,187000,2467480,8231.305,917.923,31.997,419.965,1.000,34.997,1560,2212,0.920,1.610,1.310,0,0,1.000,0,0,18,295,0,9,0
19-02 17:41:57,1.248,0.250,95.857,0,0.250,5049032,295360,187000,2467556,8654.052,1024.467,0,79.880,0,11.982,1205,1748,0.920,1.610,1.310,0,0,0,0,0,18,295,0,9,0
19-02 17:41:58,2.253,0.751,95.873,0,0,5049032,295360,187000,2467556,7727.920,973.249,0,108.139,0,11.014,1310,1889,0.920,1.610,1.310,0,0,0,0,0,18,295,0,9,0
19-02 17:41:59,1.500,1.000,96.275,0.250,0,5049028,295360,187000,2467560,5792.496,972.251,0,56.014,0,7.002,1238,1812,0.920,1.610,1.310,0,0,0,0,0,18,295,0,9,0
19-02 17:42:00,1.999,0.999,95.687,0,0,5049028,295360,187000,2467560,7900.760,971.356,0,247.836,0,22.985,1437,2047,0.920,1.610,1.310,1,0,0,0,0,18,295,0,9,0
19-02 17:42:01,1.501,0.500,96.815,0,0,5049028,295360,187000,2467560,7387.934,1080.722,0,44.029,0,3.002,1228,1757,0.840,1.580,1.300,0,0,0,0,0,18,295,0,9,0
19-02 17:42:02,1.500,0.500,96.503,0,0,5049028,295360,187000,2467560,8462.244,972.028,0,52.001,0,5.000,1170,1669,0.840,1.580,1.300,1,0,0,0,0,18,295,0,9,0
19-02 17:42:03,1.497,1.248,95.586,0,0,5049024,295360,187000,2467564,10716.618,1078.151,0,275.527,0,23.959,1455,2117,0.840,1.580,1.300,0,0,0,0,0,18,295,0,9,0
19-02 17:42:04,2.504,0.751,94.896,0.501,0,5049244,295136,187000,2467568,8863.658,919.417,0,524.809,0,36.056,1635,2352,0.840,1.580,1.300,0,0,0,0,0,18,295,0,9,0
19-02 17:42:05,9.499,2.500,87.491,0,0,5057556,286824,187000,2467568,142885.360,3677.623,0,0,0,0,1906,2051,0.840,1.580,1.300,0,0,4.000,0,0,18,295,0,9,0
19-02 17:42:06,17.010,4.503,76.797,0.500,0.250,5065148,279180,187004,2467616,289966.973,9191.578,32.019,784.476,1.001,48.029,3155,2937,0.850,1.570,1.300,2,0,22.013,0,0,18,295,0,9,0
19-02 17:42:07,11.247,3.499,82.226,0.750,0,5059280,284940,187008,2467720,152700.094,9245.342,123.964,3.999,5.998,1.000,2599,2279,0.850,1.570,1.300,1,0,18.995,0,0,18,295,0,9,0
19-02 17:42:08,20.058,7.522,71.458,0.251,0,5068244,273612,187008,2470084,154417.868,3937.446,16.047,116.338,1.003,6.017,3105,2325,0.850,1.570,1.300,1,0,23.067,0,0,18,295,0,9,0
